BATCH,H,S,kv_lora_rank,qk_rope_head_dim,TFLOPS
32.000000,8.000000,4096.000000,512.000000,64.000000,2.739651
