BATCH,H,S,kv_lora_rank,qk_rope_head_dim,mtp,TFLOPS
64.000000,16.000000,5120.000000,512.000000,64.000000,0.000000,796.598662
