batch,Triton,Torch
1.000000,6.409000,18.426999
2.000000,6.410000,18.508000
3.000000,6.410000,18.908000
4.000000,6.490000,18.627999
5.000000,6.490000,20.591000
6.000000,6.450000,19.509001
7.000000,6.489000,20.671001
8.000000,6.570000,19.670000
16.000000,6.449000,20.111000
1335.000000,6.811000,29.444000
