batch,Triton,Torch
1.000000,11.818000,80.881998
2.000000,13.300000,259.350985
3.000000,14.542000,339.251518
4.000000,15.944000,364.589006
5.000000,17.546000,423.839003
6.000000,19.029001,445.872009
7.000000,20.551000,479.321986
8.000000,22.234000,509.607971
16.000000,23.475001,723.209977
1335.000000,311.370015,6621.219158
