batch,Triton,Torch
1.000000,0.001465,0.001465
2.000000,0.001465,0.001465
3.000000,0.001465,0.001465
4.000000,0.001465,0.001465
5.000000,0.001465,0.001465
6.000000,0.001465,0.001465
7.000000,0.001465,0.001465
8.000000,0.001465,0.001465
16.000000,0.001953,0.001953
1335.000000,0.112305,0.112305
