batch,Triton,Torch
1.000000,0.493164,4.404297
2.000000,0.985352,11.744141
3.000000,1.477539,17.615723
4.000000,1.969727,23.487305
5.000000,2.461914,29.788574
6.000000,2.954102,35.230469
7.000000,3.446289,41.102051
8.000000,3.938477,47.657227
16.000000,7.876465,8.620605
1335.000000,658.033691,659.358887
