batch,Triton,Torch
1.000000,6.409000,18.067000
2.000000,6.409000,16.465001
3.000000,6.449000,17.406501
4.000000,6.449000,16.465001
5.000000,6.449000,17.586000
6.000000,6.449000,17.507000
7.000000,6.449000,18.268000
8.000000,6.449000,18.227000
16.000000,6.449000,19.548999
1335.000000,6.610000,23.034999
