batch,Triton,Torch
1.000000,0.001465,0.001465
2.000000,0.001953,0.001953
3.000000,0.002441,0.002441
4.000000,0.002930,0.002930
5.000000,0.003418,0.003418
6.000000,0.003906,0.003906
7.000000,0.004395,0.004395
8.000000,0.004883,0.004883
16.000000,0.008789,0.008789
1335.000000,0.682617,0.682617
