batch,Triton,Torch
1.000000,6.410000,16.385000
2.000000,6.410000,19.348999
3.000000,6.449000,17.707000
4.000000,6.410000,19.669000
5.000000,6.410000,17.906999
6.000000,6.410000,18.708000
7.000000,6.529000,18.627999
8.000000,6.530000,20.510999
16.000000,6.570000,18.867999
1335.000000,6.570000,24.557000
