batch,Triton,Torch
1.000000,0.491211,4.404297
2.000000,0.980957,11.744141
3.000000,1.471191,17.615723
4.000000,1.960938,23.487305
5.000000,2.451172,29.788574
6.000000,2.940918,35.230469
7.000000,3.431152,41.102051
8.000000,3.920898,47.657227
16.000000,7.840820,8.620117
1335.000000,655.008789,659.267090
