batch,Triton,Torch
1.000000,10.095000,15.263000
2.000000,10.055000,16.465001
3.000000,10.175000,17.947000
4.000000,10.095000,15.984001
5.000000,10.416000,17.106000
6.000000,10.375000,17.707000
7.000000,10.376000,18.428000
8.000000,10.375000,17.666999
16.000000,10.376000,18.828999
1335.000000,12.900000,22.474000
