batch,Triton,Torch
1.000000,20.551000,77.356003
2.000000,21.833001,250.456989
3.000000,23.475001,337.588996
4.000000,24.837000,365.110010
5.000000,26.480000,420.453995
6.000000,28.001999,451.040000
7.000000,29.444000,484.730005
8.000000,30.886000,520.043969
16.000000,35.253000,724.872470
1335.000000,883.332014,6632.956982
