batch,Triton,Torch
1.000000,10.055000,17.346000
2.000000,10.015000,17.746000
3.000000,10.135000,17.787000
4.000000,10.135000,20.190001
5.000000,10.376000,20.390000
6.000000,10.376000,18.788001
7.000000,10.296000,20.431001
8.000000,10.256000,22.112999
16.000000,10.296000,20.110000
1335.000000,13.020000,25.038000
