batch,Triton,Torch
1.000000,10.856000,20.029999
2.000000,10.896000,20.029999
3.000000,10.817000,19.469000
4.000000,10.817000,19.429000
5.000000,10.937000,22.754000
6.000000,10.937000,19.950001
7.000000,10.856000,19.469000
8.000000,10.936000,20.551000
16.000000,10.976000,22.514001
1335.000000,13.861000,30.687001
