batch,Triton,Torch
1.000000,0.001953,0.001953
2.000000,0.002930,0.002930
3.000000,0.003906,0.003906
4.000000,0.004883,0.004883
5.000000,0.005859,0.005859
6.000000,0.006836,0.006836
7.000000,0.007812,0.007812
8.000000,0.008789,0.008789
16.000000,0.017090,0.017090
1335.000000,1.426270,1.426270
