M,N,topk,Triton
1024.000000,128256.000000,16.000000,1.269322
