BATCH,HQ,HK,N_CTX_Q,N_CTX_K,triton,torch
2.000000,48.000000,48.000000,16384.000000,8192.000000,1145.052084,59.737072
