gfx,cu_num,M,N,K,bias,dtype,outdtype,scaleAB,bpreshuffle,libtype,solidx,splitK,us,kernelName,err_ratio,tflops,bw
gfx950,256,64,256,5120,False,torch.bfloat16,torch.float32,False,False,asm,5,13,7.9191,_ZN5aiter39bf16gemm_fp32bf16_tn_64x64_splitk_cleanE,0.0,21.19,417.92
gfx950,256,80,256,5120,False,torch.bfloat16,torch.float32,False,False,asm,7,13,7.9676,_ZN5aiter39bf16gemm_fp32bf16_tn_80x64_splitk_cleanE,0.0,26.32,436.97
gfx950,256,128,256,5120,False,torch.bfloat16,torch.float32,False,False,asm,5,10,9.0259,_ZN5aiter39bf16gemm_fp32bf16_tn_64x64_splitk_cleanE,0.0,37.18,442.91
gfx950,256,150,256,5120,False,torch.bfloat16,torch.float32,False,False,asm,7,10,9.3334,_ZN5aiter39bf16gemm_fp32bf16_tn_80x64_splitk_cleanE,0.0,42.13,453.67
gfx950,256,192,256,5120,False,torch.bfloat16,torch.float32,False,False,asm,8,10,9.8147,_ZN5aiter39bf16gemm_fp32bf16_tn_96x64_splitk_cleanE,0.0,51.28,477.43
gfx950,256,220,256,5120,False,torch.bfloat16,torch.float32,False,False,asm,7,8,10.8546,_ZN5aiter39bf16gemm_fp32bf16_tn_80x64_splitk_cleanE,0.0,53.13,459.43
gfx950,256,256,256,5120,False,torch.bfloat16,torch.float32,False,False,opus,1202,4,10.8124,opus_gemm_flatmm_splitk_256x32x32x128_2x1_16x16x32_0x0x0_wgpcu2_nooob,0.0,62.07,497.02
gfx950,256,384,256,5120,False,torch.bfloat16,torch.float32,False,False,asm,3,6,12.0049,_ZN5aiter39bf16gemm_fp32bf16_tn_48x64_splitk_cleanE,0.0,83.85,562.29
gfx950,256,448,256,5120,False,torch.bfloat16,torch.float32,False,False,asm,3,5,12.1134,_ZN5aiter39bf16gemm_fp32bf16_tn_48x64_splitk_cleanE,0.0,96.95,614.06
gfx950,256,512,256,5120,False,torch.bfloat16,torch.float32,False,False,asm,3,5,12.4844,_ZN5aiter39bf16gemm_fp32bf16_tn_48x64_splitk_cleanE,0.0,107.51,650.93
gfx950,256,1,128,6144,False,torch.bfloat16,torch.float32,False,False,asm,1,13,5.5249,_ZN5aiter39bf16gemm_fp32bf16_tn_32x64_splitk_cleanE,0.0,0.28,286.96
gfx950,256,1,2048,6144,False,torch.bfloat16,torch.float32,False,False,asm,1,6,12.8405,_ZN5aiter39bf16gemm_fp32bf16_tn_32x64_splitk_cleanE,0.0,1.96,1961.15
gfx950,256,1,3072,6144,False,torch.bfloat16,torch.float32,False,False,asm,1,5,13.6048,_ZN5aiter39bf16gemm_fp32bf16_tn_32x64_splitk_cleanE,0.0,2.77,2776.02
gfx950,256,1,50016,6144,False,torch.bfloat16,torch.float32,False,False,opus,5008,0,122.4478,opus_gemm_512x128x256x64_2x4_16x16x32_0x0x0_4g_safe,0.0,5.02,5020.17
gfx950,256,1,6144,2048,False,torch.bfloat16,torch.float32,False,False,flydsl,87,1,6.9521,flydsl_hgemm_abf16_wbf16_fp32_t16x16x128x5_ks1_w1x1x1_bias0_ktail0_gm4_pft_gfx950,0.0,3.62,3622.24
gfx950,256,1,6144,3072,False,torch.bfloat16,torch.float32,False,False,asm,1,2,13.5868,_ZN5aiter39bf16gemm_fp32bf16_tn_32x64_splitk_cleanE,0.0,2.78,2779.7
gfx950,256,2,128,6144,False,torch.bfloat16,torch.float32,False,False,asm,1,16,5.2543,_ZN5aiter39bf16gemm_fp32bf16_tn_32x64_splitk_cleanE,0.0,0.6,304.12
gfx950,256,2,2048,6144,False,torch.bfloat16,torch.float32,False,False,asm,1,6,12.8459,_ZN5aiter39bf16gemm_fp32bf16_tn_32x64_splitk_cleanE,0.0,3.92,1961.61
gfx950,256,2,3072,6144,False,torch.bfloat16,torch.float32,False,False,asm,1,5,13.6222,_ZN5aiter39bf16gemm_fp32bf16_tn_32x64_splitk_cleanE,0.0,5.54,2773.83
gfx950,256,2,50016,6144,False,torch.bfloat16,torch.float32,False,False,opus,204,5,123.4256,opus_gemm_flatmm_splitk_256x32x128x64_2x1_16x16x32_0x0x0_wgpcu2,0.0,9.96,4981.31
gfx950,256,2,6144,2048,False,torch.bfloat16,torch.float32,False,False,asm,1,2,10.7908,_ZN5aiter39bf16gemm_fp32bf16_tn_32x64_splitk_cleanE,0.0,4.66,2335.19
gfx950,256,2,6144,3072,False,torch.bfloat16,torch.float32,False,False,asm,1,2,13.6185,_ZN5aiter39bf16gemm_fp32bf16_tn_32x64_splitk_cleanE,0.0,5.54,2774.58
gfx950,256,4,128,6144,False,torch.bfloat16,torch.float32,False,False,asm,3,13,5.329,_ZN5aiter39bf16gemm_fp32bf16_tn_48x64_splitk_cleanE,0.0,1.18,304.57
gfx950,256,4,2048,6144,False,torch.bfloat16,torch.float32,False,False,asm,1,5,12.9009,_ZN5aiter39bf16gemm_fp32bf16_tn_32x64_splitk_cleanE,0.0,7.8,1955.78
gfx950,256,4,3072,6144,False,torch.bfloat16,torch.float32,False,False,asm,1,5,13.5136,_ZN5aiter39bf16gemm_fp32bf16_tn_32x64_splitk_cleanE,0.0,11.17,2798.84
gfx950,256,4,50016,6144,False,torch.bfloat16,torch.float32,False,False,opus,2008,0,123.6511,opus_gemm_512x128x256x64_2x4_16x16x32_0x0x0_cA1cB17,0.0,19.88,4974.04
gfx950,256,4,6144,2048,False,torch.bfloat16,torch.float32,False,False,flydsl,91,1,7.2059,flydsl_hgemm_abf16_wbf16_fp32_t16x16x128x6_ks1_w1x1x1_bias0_ktail0_gm4_pft_gfx950,0.0,13.97,3501.49
gfx950,256,4,6144,3072,False,torch.bfloat16,torch.float32,False,False,flydsl,251,1,8.6647,flydsl_hgemm_abf16_wbf16_fp32_t16x32x128x6_ks1_w1x2x1_bias0_ktail0_gm0_pft_gfx950,0.0,17.43,4365.12
gfx950,256,8,128,6144,False,torch.bfloat16,torch.float32,False,False,asm,1,16,5.25,_ZN5aiter39bf16gemm_fp32bf16_tn_32x64_splitk_cleanE,0.0,2.4,318.71
gfx950,256,8,2048,6144,False,torch.bfloat16,torch.float32,False,False,asm,1,6,12.8808,_ZN5aiter39bf16gemm_fp32bf16_tn_32x64_splitk_cleanE,0.0,15.63,1963.92
gfx950,256,8,3072,6144,False,torch.bfloat16,torch.float32,False,False,asm,1,5,13.7111,_ZN5aiter39bf16gemm_fp32bf16_tn_32x64_splitk_cleanE,0.0,22.03,2763.91
gfx950,256,8,50016,6144,False,torch.bfloat16,torch.float32,False,False,opus,2008,0,124.408,opus_gemm_512x128x256x64_2x4_16x16x32_0x0x0_cA1cB17,0.0,39.52,4947.39
gfx950,256,8,6144,2048,False,torch.bfloat16,torch.float32,False,False,asm,1,2,10.8198,_ZN5aiter39bf16gemm_fp32bf16_tn_32x64_splitk_cleanE,0.0,18.61,2338.02
gfx950,256,8,6144,3072,False,torch.bfloat16,torch.float32,False,False,flydsl,241,1,8.6517,flydsl_hgemm_abf16_wbf16_fp32_t16x32x128x5_ks1_w1x2x1_bias0_ktail0_gm0_pft_gfx950,0.0,34.91,4380.2
gfx950,256,16,128,6144,False,torch.bfloat16,torch.float32,False,False,asm,1,13,5.3721,_ZN5aiter39bf16gemm_fp32bf16_tn_32x64_splitk_cleanE,0.0,4.68,330.14
gfx950,256,16,2048,6144,False,torch.bfloat16,torch.float32,False,False,asm,3,6,13.0667,_ZN5aiter39bf16gemm_fp32bf16_tn_48x64_splitk_cleanE,0.0,30.82,1946.01
gfx950,256,16,3072,6144,False,torch.bfloat16,torch.float32,False,False,asm,1,5,13.7282,_ZN5aiter39bf16gemm_fp32bf16_tn_32x64_splitk_cleanE,0.0,44.0,2771.2
gfx950,256,16,50016,6144,False,torch.bfloat16,torch.float32,False,False,opus,204,2,131.0394,opus_gemm_flatmm_splitk_256x32x128x64_2x1_16x16x32_0x0x0_wgpcu2,0.0,75.04,4703.88
gfx950,256,16,6144,2048,False,torch.bfloat16,torch.float32,False,False,asm,1,2,10.987,_ZN5aiter39bf16gemm_fp32bf16_tn_32x64_splitk_cleanE,0.0,36.65,2314.37
gfx950,256,16,6144,3072,False,torch.bfloat16,torch.float32,False,False,flydsl,270,1,9.2768,flydsl_hgemm_abf16_wbf16_fp32_t16x32x128x8_ks1_w1x2x1_bias0_ktail0_gm0_pft_gfx950,0.0,65.11,4100.95
gfx950,256,32,128,6144,False,torch.bfloat16,torch.float32,False,False,asm,1,16,5.6787,_ZN5aiter39bf16gemm_fp32bf16_tn_32x64_splitk_cleanE,0.0,8.86,347.66
gfx950,256,32,2048,6144,False,torch.bfloat16,torch.float32,False,False,asm,1,6,13.2436,_ZN5aiter39bf16gemm_fp32bf16_tn_32x64_splitk_cleanE,0.0,60.81,1939.81
gfx950,256,32,3072,6144,False,torch.bfloat16,torch.float32,False,False,asm,3,5,14.302,_ZN5aiter39bf16gemm_fp32bf16_tn_48x64_splitk_cleanE,0.0,84.46,2680.64
gfx950,256,32,50016,6144,False,torch.bfloat16,torch.float32,False,False,opus,2008,0,128.2024,opus_gemm_512x128x256x64_2x4_16x16x32_0x0x0_cA1cB17,0.0,153.41,4821.99
gfx950,256,32,6144,2048,False,torch.bfloat16,torch.float32,False,False,asm,1,2,11.3329,_ZN5aiter39bf16gemm_fp32bf16_tn_32x64_splitk_cleanE,0.0,71.06,2266.86
gfx950,256,32,6144,3072,False,torch.bfloat16,torch.float32,False,False,asm,1,2,14.2522,_ZN5aiter39bf16gemm_fp32bf16_tn_32x64_splitk_cleanE,0.0,84.76,2690.01
gfx950,256,64,128,6144,False,torch.bfloat16,torch.float32,False,False,asm,5,13,6.4183,_ZN5aiter39bf16gemm_fp32bf16_tn_64x64_splitk_cleanE,0.0,15.68,370.14
gfx950,256,64,2048,6144,False,torch.bfloat16,torch.float32,False,False,asm,5,6,14.1526,_ZN5aiter39bf16gemm_fp32bf16_tn_64x64_splitk_cleanE,0.0,113.8,1852.27
gfx950,256,64,3072,6144,False,torch.bfloat16,torch.float32,False,False,asm,5,5,15.4448,_ZN5aiter39bf16gemm_fp32bf16_tn_64x64_splitk_cleanE,0.0,156.42,2520.48
gfx950,256,64,50016,6144,False,torch.bfloat16,torch.float32,False,False,opus,5008,0,134.9217,opus_gemm_512x128x256x64_2x4_16x16x32_0x0x0_4g_safe,0.0,291.53,4608.49
gfx950,256,64,6144,2048,False,torch.bfloat16,torch.float32,False,False,asm,5,2,12.9832,_ZN5aiter39bf16gemm_fp32bf16_tn_64x64_splitk_cleanE,0.0,124.05,2019.1
gfx950,256,64,6144,3072,False,torch.bfloat16,torch.float32,False,False,asm,5,2,15.7811,_ZN5aiter39bf16gemm_fp32bf16_tn_64x64_splitk_cleanE,0.0,153.09,2466.77
gfx950,256,128,128,6144,False,torch.bfloat16,torch.float32,False,False,asm,5,16,8.0383,_ZN5aiter39bf16gemm_fp32bf16_tn_64x64_splitk_cleanE,0.0,25.05,395.42
gfx950,256,128,2048,6144,False,torch.bfloat16,torch.float32,False,False,asm,5,4,16.6413,_ZN5aiter39bf16gemm_fp32bf16_tn_64x64_splitk_cleanE,0.0,193.57,1638.27
gfx950,256,128,3072,6144,False,torch.bfloat16,torch.float32,False,False,opus,214,4,21.8944,opus_gemm_flatmm_splitk_256x64x96x64_2x1_16x16x32_0x0x0_wgpcu1,0.0,220.69,1831.89
gfx950,256,128,50016,6144,False,torch.bfloat16,torch.float32,False,False,opus,5008,0,154.6488,opus_gemm_512x128x256x64_2x4_16x16x32_0x0x0_4g_safe,0.0,508.69,4067.11
gfx950,256,128,6144,2048,False,torch.bfloat16,torch.float32,False,False,asm,6,1,15.8927,_ZN5aiter37bf16gemm_fp32bf16_tn_64x64_pf3_splitkE,0.0,202.69,1715.44
gfx950,256,128,6144,3072,False,torch.bfloat16,torch.float32,False,False,asm,6,1,21.6024,_ZN5aiter37bf16gemm_fp32bf16_tn_64x64_pf3_splitkE,0.0,223.67,1856.65
gfx950,256,192,128,6144,False,torch.bfloat16,torch.float32,False,False,asm,8,16,8.4339,_ZN5aiter39bf16gemm_fp32bf16_tn_96x64_splitk_cleanE,0.0,35.81,472.06
gfx950,256,192,2048,6144,False,torch.bfloat16,torch.float32,False,False,asm,8,4,19.6129,_ZN5aiter39bf16gemm_fp32bf16_tn_96x64_splitk_cleanE,0.0,246.36,1443.52
gfx950,256,192,3072,6144,False,torch.bfloat16,torch.float32,False,False,opus,1221,5,26.8207,opus_gemm_flatmm_splitk_256x96x64x64_2x1_16x16x32_0x0x0_wgpcu2_nooob,0.0,270.23,1539.4
gfx950,256,192,50016,6144,False,torch.bfloat16,torch.float32,False,False,opus,2009,0,173.9381,opus_gemm_512x256x256x64_2x4_16x16x32_0x0x0_cA1cB17,0.0,678.42,3657.4
gfx950,256,192,6144,2048,False,torch.bfloat16,torch.float32,False,False,asm,9,1,17.5401,_ZN5aiter37bf16gemm_fp32bf16_tn_96x64_pf3_splitkE,0.0,275.47,1614.1
gfx950,256,192,6144,3072,False,torch.bfloat16,torch.float32,False,False,asm,9,1,23.5272,_ZN5aiter37bf16gemm_fp32bf16_tn_96x64_pf3_splitkE,0.0,308.06,1754.89
gfx950,256,256,128,6144,False,torch.bfloat16,torch.float32,False,False,asm,8,12,9.442,_ZN5aiter39bf16gemm_fp32bf16_tn_96x64_splitk_cleanE,0.0,42.64,506.69
gfx950,256,256,2048,6144,False,torch.bfloat16,torch.float32,False,False,opus,1200,4,23.881,opus_gemm_flatmm_splitk_256x64x64x64_2x1_16x16x32_0x0x0_wgpcu2_nooob,0.0,269.77,1229.43
gfx950,256,256,3072,6144,False,torch.bfloat16,torch.float32,False,False,opus,1215,4,30.8967,opus_gemm_flatmm_splitk_256x64x96x64_2x1_16x16x32_0x0x0_wgpcu2_nooob,0.0,312.77,1374.49
gfx950,256,256,50016,6144,False,torch.bfloat16,torch.float32,False,False,opus,2009,0,187.2472,opus_gemm_512x256x256x64_2x4_16x16x32_0x0x0_cA1cB17,0.0,840.26,3435.84
gfx950,256,256,6144,2048,False,torch.bfloat16,torch.float32,False,False,opus,1216,1,24.8166,opus_gemm_flatmm_splitk_256x64x96x128_2x1_16x16x32_0x0x0_wgpcu1_nooob,0.0,259.6,1183.08
gfx950,256,256,6144,3072,False,torch.bfloat16,torch.float32,False,False,opus,1216,1,33.872,opus_gemm_flatmm_splitk_256x64x96x128_2x1_16x16x32_0x0x0_wgpcu1_nooob,0.0,285.3,1253.76
gfx950,256,320,128,6144,False,torch.bfloat16,torch.float32,False,False,asm,7,12,10.0395,_ZN5aiter39bf16gemm_fp32bf16_tn_80x64_splitk_cleanE,0.0,50.13,556.5
gfx950,256,320,2048,6144,False,torch.bfloat16,torch.float32,False,False,asm,7,2,26.3911,_ZN5aiter39bf16gemm_fp32bf16_tn_80x64_splitk_cleanE,0.0,305.14,1152.23
gfx950,256,320,3072,6144,False,torch.bfloat16,torch.float32,False,False,asm,6,1,38.3991,_ZN5aiter37bf16gemm_fp32bf16_tn_64x64_pf3_splitkE,0.0,314.58,1136.67
gfx950,256,320,50016,6144,False,torch.bfloat16,torch.float32,False,False,opus,5009,0,291.4036,opus_gemm_512x256x256x64_2x4_16x16x32_0x0x0_4g_safe,0.0,674.91,2232.43
gfx950,256,320,6144,2048,False,torch.bfloat16,torch.float32,False,False,asm,6,1,28.1672,_ZN5aiter37bf16gemm_fp32bf16_tn_64x64_pf3_splitkE,0.0,285.9,1079.58
gfx950,256,320,6144,3072,False,torch.bfloat16,torch.float32,False,False,asm,6,1,39.364,_ZN5aiter37bf16gemm_fp32bf16_tn_64x64_pf3_splitkE,0.0,306.87,1108.8
gfx950,256,512,128,6144,False,torch.bfloat16,torch.float32,False,False,opus,1202,4,11.9914,opus_gemm_flatmm_splitk_256x32x32x128_2x1_16x16x32_0x0x0_wgpcu2_nooob,0.0,67.16,666.76
gfx950,256,512,2048,6144,False,torch.bfloat16,torch.float32,False,False,asm,6,1,38.084,_ZN5aiter37bf16gemm_fp32bf16_tn_64x64_pf3_splitkE,0.0,338.33,881.06
gfx950,256,512,3072,6144,False,torch.bfloat16,torch.float32,False,False,opus,1215,2,49.9841,opus_gemm_flatmm_splitk_256x64x96x64_2x1_16x16x32_0x0x0_wgpcu2_nooob,0.0,386.67,944.02
gfx950,256,512,50016,6144,False,torch.bfloat16,torch.float32,False,False,opus,5009,0,339.6587,opus_gemm_512x256x256x64_2x4_16x16x32_0x0x0_4g_safe,0.0,926.44,1978.76
gfx950,256,512,6144,2048,False,torch.bfloat16,torch.float32,False,False,asm,9,1,39.0731,_ZN5aiter37bf16gemm_fp32bf16_tn_96x64_pf3_splitkE,0.0,329.76,858.76
gfx950,256,512,6144,3072,False,torch.bfloat16,torch.float32,False,False,opus,4006,0,46.0144,opus_gemm_512x128x128x64_2x4_16x16x32_0x0x0_nooob_cA17cB1,0.0,420.03,1025.46
gfx950,256,1024,128,6144,False,torch.bfloat16,torch.float32,False,False,asm,3,5,13.2957,_ZN5aiter39bf16gemm_fp32bf16_tn_48x64_splitk_cleanE,0.0,121.14,1084.4
gfx950,256,1024,2048,6144,False,torch.bfloat16,torch.float32,False,False,opus,1200,1,64.8432,opus_gemm_flatmm_splitk_256x64x64x64_2x1_16x16x32_0x0x0_wgpcu2_nooob,0.0,397.42,646.84
gfx950,256,1024,3072,6144,False,torch.bfloat16,torch.float32,False,False,opus,6006,0,76.1704,opus_gemm_512x128x128x64_2x4_16x16x32_0x0x0_nooob_4g_safe,0.0,507.48,743.37
gfx950,256,1024,50016,6144,False,torch.bfloat16,torch.float32,False,False,opus,5009,0,642.1795,opus_gemm_512x256x256x64_2x4_16x16x32_0x0x0_4g_safe,0.0,980.02,1136.15
gfx950,256,1024,6144,2048,False,torch.bfloat16,torch.float32,False,False,opus,303,0,46.6113,opus_gemm_persistent_512x128x128x64_2x4_16x16x32_0x0x0,0.0,552.87,899.85
gfx950,256,1024,6144,3072,False,torch.bfloat16,torch.float32,False,False,opus,2007,0,62.0624,opus_gemm_512x256x128x64_2x4_16x16x32_0x0x0_cA1cB17,0.0,622.84,912.36
gfx950,256,2048,128,6144,False,torch.bfloat16,torch.float32,False,False,asm,8,5,16.7988,_ZN5aiter39bf16gemm_fp32bf16_tn_96x64_splitk_cleanE,0.0,191.75,1622.91
gfx950,256,2048,2048,6144,False,torch.bfloat16,torch.float32,False,False,opus,315,0,77.4126,opus_gemm_persistent_512x128x128x64_2x4_16x16x32_0x0x0_cA0cB0,0.0,665.78,758.54
gfx950,256,2048,3072,6144,False,torch.bfloat16,torch.float32,False,False,opus,6007,0,99.6679,opus_gemm_512x256x128x64_2x4_16x16x32_0x0x0_nooob_4g_safe,0.0,775.67,757.49
gfx950,256,2048,50016,6144,False,torch.bfloat16,torch.float32,False,False,opus,2009,0,1036.457,opus_gemm_512x256x256x64_2x4_16x16x32_0x0x0_cA1cB17,0.0,1214.42,814.92
gfx950,256,2048,6144,2048,False,torch.bfloat16,torch.float32,False,False,asm,10,1,58.7492,_ZN5aiter24bf16gemm_bf16_tn_256x256E,0.0,877.28,999.51
gfx950,256,2048,6144,3072,False,torch.bfloat16,torch.float32,False,False,asm,10,1,77.3258,_ZN5aiter24bf16gemm_bf16_tn_256x256E,0.0,999.79,976.36
gfx950,256,4096,128,6144,False,torch.bfloat16,torch.float32,False,False,asm,5,2,25.5426,_ZN5aiter39bf16gemm_fp32bf16_tn_64x64_splitk_cleanE,0.0,252.22,2073.13
gfx950,256,4096,2048,6144,False,torch.bfloat16,torch.float32,False,False,opus,1301,0,99.2269,opus_gemm_persistent_512x128x256x64_2x4_16x16x32_0x0x0_nooob,0.0,1038.82,929.94
gfx950,256,4096,3072,6144,False,torch.bfloat16,torch.float32,False,False,asm,10,1,138.0331,_ZN5aiter24bf16gemm_bf16_tn_256x256E,0.0,1120.16,820.43
gfx950,256,4096,50016,6144,False,torch.bfloat16,torch.float32,False,False,opus,9,0,1980.2913,opus_gemm_512x256x256x64_2x4_16x16x32_0x0x0,0.0,1271.22,542.68
gfx950,256,4096,6144,2048,False,torch.bfloat16,torch.float32,False,False,asm,10,1,109.5022,_ZN5aiter24bf16gemm_bf16_tn_256x256E,0.0,941.34,842.67
gfx950,256,4096,6144,3072,False,torch.bfloat16,torch.float32,False,False,asm,10,1,147.9731,_ZN5aiter24bf16gemm_bf16_tn_256x256E,0.0,1044.91,765.32
gfx950,256,8192,128,6144,False,torch.bfloat16,torch.float32,False,False,asm,6,1,42.5995,_ZN5aiter37bf16gemm_fp32bf16_tn_64x64_pf3_splitkE,0.0,302.47,2449.17
gfx950,256,8192,2048,6144,False,torch.bfloat16,torch.float32,False,False,opus,1300,0,156.1796,opus_gemm_persistent_512x256x256x64_2x4_16x16x32_0x0x0_nooob,0.0,1320.01,1020.51
gfx950,256,8192,3072,6144,False,torch.bfloat16,torch.float32,False,False,asm,10,1,262.1828,_ZN5aiter24bf16gemm_bf16_tn_256x256E,0.0,1179.47,719.89
gfx950,256,8192,50016,6144,False,torch.bfloat16,torch.float32,False,False,opus,2009,0,3931.0983,opus_gemm_512x256x256x64_2x4_16x16x32_0x0x0_cA1cB17,0.0,1280.76,390.41
gfx950,256,8192,6144,2048,False,torch.bfloat16,torch.float32,False,False,asm,10,1,184.6449,_ZN5aiter24bf16gemm_bf16_tn_256x256E,0.0,1116.51,863.19
gfx950,256,8192,6144,3072,False,torch.bfloat16,torch.float32,False,False,asm,10,1,245.0526,_ZN5aiter24bf16gemm_bf16_tn_256x256E,0.0,1261.92,770.22
gfx950,256,16384,128,6144,False,torch.bfloat16,torch.float32,False,False,asm,6,1,81.0635,_ZN5aiter37bf16gemm_fp32bf16_tn_64x64_pf3_splitkE,0.0,317.9,2554.71
gfx950,256,16384,2048,6144,False,torch.bfloat16,torch.float32,False,False,opus,4009,0,311.994,opus_gemm_512x256x256x64_2x4_16x16x32_0x0x0_nooob_cA17cB1,0.0,1321.55,941.05
gfx950,256,16384,3072,6144,False,torch.bfloat16,torch.float32,False,False,asm,10,1,448.6444,_ZN5aiter24bf16gemm_bf16_tn_256x256E,0.0,1378.54,757.26
gfx950,256,16384,50016,6144,False,torch.bfloat16,torch.float32,False,False,opus,9,0,7715.4348,opus_gemm_512x256x256x64_2x4_16x16x32_0x0x0,0.0,1305.12,318.17
gfx950,256,16384,6144,2048,False,torch.bfloat16,torch.float32,False,False,asm,10,1,341.6912,_ZN5aiter24bf16gemm_bf16_tn_256x256E,0.0,1206.69,859.26
gfx950,256,16384,6144,3072,False,torch.bfloat16,torch.float32,False,False,asm,10,1,467.8675,_ZN5aiter24bf16gemm_bf16_tn_256x256E,0.0,1321.9,726.14
gfx1250,96,1,64,4096,False,torch.bfloat16,torch.bfloat16,False,False,triton,0,0,11.8923,auto,0.0,0.04,44.79
gfx1250,96,2,64,4096,False,torch.bfloat16,torch.bfloat16,False,False,triton,0,0,11.9398,auto,0.0,0.09,45.3
gfx1250,96,4,64,4096,False,torch.bfloat16,torch.bfloat16,False,False,triton,0,0,12.0185,auto,0.0,0.17,46.39
gfx1250,96,8,64,4096,False,torch.bfloat16,torch.bfloat16,False,False,triton,0,0,11.8571,auto,0.0,0.35,49.83
gfx1250,96,16,64,4096,False,torch.bfloat16,torch.bfloat16,False,False,triton,0,0,12.2505,auto,0.0,0.68,53.66
gfx1250,96,32,64,4096,False,torch.bfloat16,torch.bfloat16,False,False,triton,0,0,11.7548,auto,0.0,1.43,67.25
gfx1250,96,48,64,4096,False,torch.bfloat16,torch.bfloat16,False,False,triton,0,0,11.5709,auto,0.0,2.17,79.83
gfx1250,96,64,64,4096,False,torch.bfloat16,torch.bfloat16,False,False,triton,0,0,11.8166,auto,0.0,2.84,89.43
gfx1250,96,80,64,4096,False,torch.bfloat16,torch.bfloat16,False,False,triton,0,0,16.438,auto,0.0,2.55,72.39
gfx1250,96,96,64,4096,False,torch.bfloat16,torch.bfloat16,False,False,triton,0,0,16.3529,auto,0.0,3.08,80.9
gfx1250,96,112,64,4096,False,torch.bfloat16,torch.bfloat16,False,False,triton,0,0,16.5258,auto,0.0,3.55,88.11
gfx1250,96,128,64,4096,False,torch.bfloat16,torch.bfloat16,False,False,triton,0,0,16.2703,auto,0.0,4.12,97.68
gfx1250,96,144,64,4096,False,torch.bfloat16,torch.bfloat16,False,False,triton,0,0,16.9302,auto,0.0,4.46,101.73
gfx1250,96,160,64,4096,False,torch.bfloat16,torch.bfloat16,False,False,triton,0,0,16.1171,auto,0.0,5.2,115.13
gfx1250,96,176,64,4096,False,torch.bfloat16,torch.bfloat16,False,False,triton,0,0,16.2257,auto,0.0,5.69,122.56
gfx1250,96,192,64,4096,False,torch.bfloat16,torch.bfloat16,False,False,triton,0,0,16.2581,auto,0.0,6.19,130.5
gfx1250,96,208,64,4096,False,torch.bfloat16,torch.bfloat16,False,False,triton,0,0,16.2198,auto,0.0,6.72,139.02
gfx1250,96,224,64,4096,False,torch.bfloat16,torch.bfloat16,False,False,triton,0,0,16.275,auto,0.0,7.22,146.73
gfx1250,96,240,64,4096,False,torch.bfloat16,torch.bfloat16,False,False,triton,0,0,16.4726,auto,0.0,7.64,153.05
gfx1250,96,256,64,4096,False,torch.bfloat16,torch.bfloat16,False,False,triton,0,0,16.3251,auto,0.0,8.22,162.58
gfx1250,96,1024,64,4096,False,torch.bfloat16,torch.bfloat16,False,False,triton,0,0,20.0973,auto,0.0,26.71,450.01
gfx1250,96,2048,64,4096,False,torch.bfloat16,torch.bfloat16,False,False,triton,0,0,36.6541,auto,0.0,29.29,479.17
gfx1250,96,4096,64,4096,False,torch.bfloat16,torch.bfloat16,False,False,triton,0,0,56.3812,auto,0.0,38.09,613.73
gfx1250,96,8192,64,4096,False,torch.bfloat16,torch.bfloat16,False,False,triton,0,0,100.7057,auto,0.0,42.65,682.0
gfx1250,96,1,256,4096,False,torch.bfloat16,torch.bfloat16,False,False,triton,0,0,13.1179,auto,0.0,0.16,160.53
gfx1250,96,2,256,4096,False,torch.bfloat16,torch.bfloat16,False,False,triton,0,0,12.7617,auto,0.0,0.33,165.7
gfx1250,96,4,256,4096,False,torch.bfloat16,torch.bfloat16,False,False,triton,0,0,12.0158,auto,0.0,0.7,177.43
gfx1250,96,8,256,4096,False,torch.bfloat16,torch.bfloat16,False,False,triton,0,0,13.1136,auto,0.0,1.28,165.23
gfx1250,96,16,256,4096,False,torch.bfloat16,torch.bfloat16,False,False,triton,0,0,11.739,auto,0.0,2.86,190.51
gfx1250,96,32,256,4096,False,torch.bfloat16,torch.bfloat16,False,False,triton,0,0,12.0756,auto,0.0,5.56,196.73
gfx1250,96,48,256,4096,False,torch.bfloat16,torch.bfloat16,False,False,triton,0,0,12.4719,auto,0.0,8.07,201.65
gfx1250,96,64,256,4096,False,torch.bfloat16,torch.bfloat16,False,False,triton,0,0,12.9432,auto,0.0,10.37,205.07
gfx1250,96,80,256,4096,False,torch.bfloat16,torch.bfloat16,False,False,triton,0,0,16.7487,auto,0.0,10.02,166.79
gfx1250,96,96,256,4096,False,torch.bfloat16,torch.bfloat16,False,False,triton,0,0,16.5496,auto,0.0,12.17,177.21
gfx1250,96,112,256,4096,False,torch.bfloat16,torch.bfloat16,False,False,triton,0,0,16.7796,auto,0.0,14.0,183.08
gfx1250,96,128,256,4096,False,torch.bfloat16,torch.bfloat16,False,False,triton,0,0,16.5351,auto,0.0,16.23,194.21
gfx1250,96,144,256,4096,False,torch.bfloat16,torch.bfloat16,False,False,triton,0,0,17.1054,auto,0.0,17.65,195.88
gfx1250,96,160,256,4096,False,torch.bfloat16,torch.bfloat16,False,False,triton,0,0,17.1005,auto,0.0,19.62,204.08
gfx1250,96,176,256,4096,False,torch.bfloat16,torch.bfloat16,False,False,triton,0,0,17.4754,auto,0.0,21.12,207.67
gfx1250,96,192,256,4096,False,torch.bfloat16,torch.bfloat16,False,False,triton,0,0,17.4719,auto,0.0,23.05,215.68
gfx1250,96,208,256,4096,False,torch.bfloat16,torch.bfloat16,False,False,triton,0,0,18.2849,auto,0.0,23.86,213.71
gfx1250,96,224,256,4096,False,torch.bfloat16,torch.bfloat16,False,False,triton,0,0,17.6962,auto,0.0,26.55,228.68
gfx1250,96,240,256,4096,False,torch.bfloat16,torch.bfloat16,False,False,triton,0,0,18.0529,auto,0.0,27.88,231.88
gfx1250,96,256,256,4096,False,torch.bfloat16,torch.bfloat16,False,False,triton,0,0,18.5459,auto,0.0,28.95,233.23
gfx1250,96,1024,256,4096,False,torch.bfloat16,torch.bfloat16,False,False,triton,0,0,52.9544,auto,0.0,40.55,207.92
gfx1250,96,2048,256,4096,False,torch.bfloat16,torch.bfloat16,False,False,triton,0,0,98.6258,auto,0.0,43.55,202.01
gfx1250,96,4096,256,4096,False,torch.bfloat16,torch.bfloat16,False,False,triton,0,0,181.0713,auto,0.0,47.44,208.47
gfx1250,96,8192,256,4096,False,torch.bfloat16,torch.bfloat16,False,False,triton,0,0,348.9739,auto,0.0,49.23,210.33
gfx1250,96,1,512,4096,False,torch.bfloat16,torch.bfloat16,False,False,triton,0,0,13.671,auto,0.0,0.31,307.48
gfx1250,96,2,512,4096,False,torch.bfloat16,torch.bfloat16,False,False,triton,0,0,14.0056,auto,0.0,0.6,300.79
gfx1250,96,4,512,4096,False,torch.bfloat16,torch.bfloat16,False,False,triton,0,0,12.6058,auto,0.0,1.33,335.65
gfx1250,96,8,512,4096,False,torch.bfloat16,torch.bfloat16,False,False,triton,0,0,12.07,auto,0.0,2.78,353.61
gfx1250,96,16,512,4096,False,torch.bfloat16,torch.bfloat16,False,False,triton,0,0,11.9677,auto,0.0,5.61,362.79
gfx1250,96,32,512,4096,False,torch.bfloat16,torch.bfloat16,False,False,triton,0,0,13.0084,auto,0.0,10.32,345.1
gfx1250,96,48,512,4096,False,torch.bfloat16,torch.bfloat16,False,False,triton,0,0,13.7198,auto,0.0,14.67,337.95
gfx1250,96,64,512,4096,False,torch.bfloat16,torch.bfloat16,False,False,triton,0,0,16.5518,auto,0.0,16.22,289.04
gfx1250,96,80,512,4096,False,torch.bfloat16,torch.bfloat16,False,False,triton,0,0,23.4084,auto,0.0,14.33,210.68
gfx1250,96,96,512,4096,False,torch.bfloat16,torch.bfloat16,False,False,triton,0,0,22.3889,auto,0.0,17.98,226.86
gfx1250,96,112,512,4096,False,torch.bfloat16,torch.bfloat16,False,False,triton,0,0,22.8825,auto,0.0,20.53,228.41
gfx1250,96,128,512,4096,False,torch.bfloat16,torch.bfloat16,False,False,triton,0,0,22.5502,auto,0.0,23.81,238.31
gfx1250,96,144,512,4096,False,torch.bfloat16,torch.bfloat16,False,False,triton,0,0,22.8229,auto,0.0,26.46,241.92
gfx1250,96,160,512,4096,False,torch.bfloat16,torch.bfloat16,False,False,triton,0,0,23.7136,auto,0.0,28.3,239.06
gfx1250,96,176,512,4096,False,torch.bfloat16,torch.bfloat16,False,False,triton,0,0,23.6938,auto,0.0,31.16,245.48
gfx1250,96,192,512,4096,False,torch.bfloat16,torch.bfloat16,False,False,triton,0,0,23.1777,auto,0.0,34.74,257.31
gfx1250,96,208,512,4096,False,torch.bfloat16,torch.bfloat16,False,False,triton,0,0,24.0783,auto,0.0,36.23,253.81
gfx1250,96,224,512,4096,False,torch.bfloat16,torch.bfloat16,False,False,triton,0,0,24.0395,auto,0.0,39.08,260.35
gfx1250,96,240,512,4096,False,torch.bfloat16,torch.bfloat16,False,False,triton,0,0,24.2807,auto,0.0,41.46,263.84
gfx1250,96,256,512,4096,False,torch.bfloat16,torch.bfloat16,False,False,triton,0,0,23.7524,auto,0.0,45.21,275.91
gfx1250,96,1024,512,4096,False,torch.bfloat16,torch.bfloat16,False,False,triton,0,0,73.4511,auto,0.0,58.47,185.59
gfx1250,96,2048,512,4096,False,torch.bfloat16,torch.bfloat16,False,False,triton,0,0,138.5309,auto,0.0,62.01,166.52
gfx1250,96,4096,512,4096,False,torch.bfloat16,torch.bfloat16,False,False,triton,0,0,255.5595,auto,0.0,67.22,164.12
gfx1250,96,8192,512,4096,False,torch.bfloat16,torch.bfloat16,False,False,triton,0,0,492.983,auto,0.0,69.7,161.65
gfx1250,96,1,1024,4096,False,torch.bfloat16,torch.bfloat16,False,False,triton,0,0,13.7687,auto,0.0,0.61,610.0
gfx1250,96,2,1024,4096,False,torch.bfloat16,torch.bfloat16,False,False,triton,0,0,13.5272,auto,0.0,1.24,621.64
gfx1250,96,4,1024,4096,False,torch.bfloat16,torch.bfloat16,False,False,triton,0,0,12.844,auto,0.0,2.61,656.3
gfx1250,96,8,1024,4096,False,torch.bfloat16,torch.bfloat16,False,False,triton,0,0,13.3854,auto,0.0,5.01,632.82
gfx1250,96,16,1024,4096,False,torch.bfloat16,torch.bfloat16,False,False,triton,0,0,13.0854,auto,0.0,10.26,653.59
gfx1250,96,32,1024,4096,False,torch.bfloat16,torch.bfloat16,False,False,triton,0,0,16.5871,auto,0.0,16.18,525.49
gfx1250,96,48,1024,4096,False,torch.bfloat16,torch.bfloat16,False,False,triton,0,0,21.8265,auto,0.0,18.45,406.85
gfx1250,96,64,1024,4096,False,torch.bfloat16,torch.bfloat16,False,False,triton,0,0,26.7737,auto,0.0,20.05,337.79
gfx1250,96,80,1024,4096,False,torch.bfloat16,torch.bfloat16,False,False,triton,0,0,31.5477,auto,0.0,21.27,291.87
gfx1250,96,96,1024,4096,False,torch.bfloat16,torch.bfloat16,False,False,triton,0,0,32.2675,auto,0.0,24.96,290.44
gfx1250,96,112,1024,4096,False,torch.bfloat16,torch.bfloat16,False,False,triton,0,0,32.2318,auto,0.0,29.15,295.84
gfx1250,96,128,1024,4096,False,torch.bfloat16,torch.bfloat16,False,False,triton,0,0,32.5048,auto,0.0,33.03,298.4
gfx1250,96,144,1024,4096,False,torch.bfloat16,torch.bfloat16,False,False,triton,0,0,33.6796,auto,0.0,35.87,292.85
gfx1250,96,160,1024,4096,False,torch.bfloat16,torch.bfloat16,False,False,triton,0,0,33.9201,auto,0.0,39.57,295.61
gfx1250,96,176,1024,4096,False,torch.bfloat16,torch.bfloat16,False,False,triton,0,0,33.2587,auto,0.0,44.39,306.41
gfx1250,96,192,1024,4096,False,torch.bfloat16,torch.bfloat16,False,False,triton,0,0,33.4061,auto,0.0,48.21,309.96
gfx1250,96,208,1024,4096,False,torch.bfloat16,torch.bfloat16,False,False,triton,0,0,33.5207,auto,0.0,52.05,313.79
gfx1250,96,224,1024,4096,False,torch.bfloat16,torch.bfloat16,False,False,triton,0,0,33.6243,auto,0.0,55.88,317.7
gfx1250,96,240,1024,4096,False,torch.bfloat16,torch.bfloat16,False,False,triton,0,0,33.4845,auto,0.0,60.13,323.92
gfx1250,96,256,1024,4096,False,torch.bfloat16,torch.bfloat16,False,False,triton,0,0,34.6053,auto,0.0,62.06,318.16
gfx1250,96,1024,1024,4096,False,torch.bfloat16,torch.bfloat16,False,False,triton,0,0,96.6955,auto,0.0,88.83,195.19
gfx1250,96,2048,1024,4096,False,torch.bfloat16,torch.bfloat16,False,False,triton,0,0,185.94,auto,0.0,92.39,157.9
gfx1250,96,4096,1024,4096,False,torch.bfloat16,torch.bfloat16,False,False,triton,0,0,343.6915,auto,0.0,99.97,146.44
gfx1250,96,8192,1024,4096,False,torch.bfloat16,torch.bfloat16,False,False,triton,0,0,674.0741,auto,0.0,101.95,136.89
gfx1250,96,1,2048,4096,False,torch.bfloat16,torch.bfloat16,False,False,triton,0,0,16.6206,auto,0.0,1.01,1010.16
gfx1250,96,2,2048,4096,False,torch.bfloat16,torch.bfloat16,False,False,triton,0,0,17.9057,auto,0.0,1.87,938.35
gfx1250,96,4,2048,4096,False,torch.bfloat16,torch.bfloat16,False,False,triton,0,0,16.3426,auto,0.0,4.11,1029.6
gfx1250,96,8,2048,4096,False,torch.bfloat16,torch.bfloat16,False,False,triton,0,0,16.8129,auto,0.0,7.98,1003.72
gfx1250,96,16,2048,4096,False,torch.bfloat16,torch.bfloat16,False,False,triton,0,0,19.4356,auto,0.0,13.81,873.34
gfx1250,96,32,2048,4096,False,torch.bfloat16,torch.bfloat16,False,False,triton,0,0,27.713,auto,0.0,19.37,619.58
gfx1250,96,48,2048,4096,False,torch.bfloat16,torch.bfloat16,False,False,triton,0,0,41.6228,auto,0.0,19.35,417.25
gfx1250,96,64,2048,4096,False,torch.bfloat16,torch.bfloat16,False,False,triton,0,0,48.2911,auto,0.0,22.23,363.7
gfx1250,96,80,2048,4096,False,torch.bfloat16,torch.bfloat16,False,False,triton,0,0,44.0733,auto,0.0,30.45,402.97
gfx1250,96,96,2048,4096,False,torch.bfloat16,torch.bfloat16,False,False,triton,0,0,44.0379,auto,0.0,36.57,407.76
gfx1250,96,112,2048,4096,False,torch.bfloat16,torch.bfloat16,False,False,triton,0,0,44.1056,auto,0.0,42.6,411.59
gfx1250,96,128,2048,4096,False,torch.bfloat16,torch.bfloat16,False,False,triton,0,0,44.2044,auto,0.0,48.58,415.12
gfx1250,96,144,2048,4096,False,torch.bfloat16,torch.bfloat16,False,False,triton,0,0,44.9521,auto,0.0,53.74,412.59
gfx1250,96,160,2048,4096,False,torch.bfloat16,torch.bfloat16,False,False,triton,0,0,44.5092,auto,0.0,60.31,421.11
gfx1250,96,176,2048,4096,False,torch.bfloat16,torch.bfloat16,False,False,triton,0,0,46.0722,auto,0.0,64.09,411.09
gfx1250,96,192,2048,4096,False,torch.bfloat16,torch.bfloat16,False,False,triton,0,0,44.3265,auto,0.0,72.67,431.72
gfx1250,96,208,2048,4096,False,torch.bfloat16,torch.bfloat16,False,False,triton,0,0,45.5203,auto,0.0,76.66,424.71
gfx1250,96,224,2048,4096,False,torch.bfloat16,torch.bfloat16,False,False,triton,0,0,43.9548,auto,0.0,85.5,444.31
gfx1250,96,240,2048,4096,False,torch.bfloat16,torch.bfloat16,False,False,triton,0,0,44.3294,auto,0.0,90.83,444.99
gfx1250,96,256,2048,4096,False,torch.bfloat16,torch.bfloat16,False,False,triton,0,0,45.318,auto,0.0,94.77,439.63
gfx1250,96,1024,2048,4096,False,torch.bfloat16,torch.bfloat16,False,False,triton,0,0,141.402,auto,0.0,121.5,207.64
gfx1250,96,2048,2048,4096,False,torch.bfloat16,torch.bfloat16,False,False,triton,0,0,277.3816,auto,0.0,123.87,151.21
gfx1250,96,4096,2048,4096,False,torch.bfloat16,torch.bfloat16,False,False,triton,0,0,513.2535,auto,0.0,133.89,130.75
gfx1250,96,8192,2048,4096,False,torch.bfloat16,torch.bfloat16,False,False,triton,0,0,998.2229,auto,0.0,137.68,117.65
gfx942,228,16,64,4096,False,torch.bfloat16,torch.bfloat16,False,False,asm,1,16,4.6038,_ZN5aiter39bf16gemm_fp32bf16_tn_32x64_splitk_cleanE,0.0322,1.82,142.8
gfx942,228,32,64,4096,False,torch.bfloat16,torch.bfloat16,False,False,asm,1,16,4.6368,_ZN5aiter39bf16gemm_fp32bf16_tn_32x64_splitk_cleanE,0.0293,3.62,170.49
gfx942,228,48,64,4096,False,torch.bfloat16,torch.bfloat16,False,False,asm,1,16,5.0046,_ZN5aiter39bf16gemm_fp32bf16_tn_32x64_splitk_cleanE,0.0277,5.03,184.56
gfx942,228,64,64,4096,False,torch.bfloat16,torch.bfloat16,False,False,asm,3,16,5.0413,_ZN5aiter39bf16gemm_fp32bf16_tn_48x64_splitk_cleanE,0.0312,6.66,209.62
gfx942,228,80,64,4096,False,torch.bfloat16,torch.bfloat16,False,False,asm,3,16,5.3217,_ZN5aiter39bf16gemm_fp32bf16_tn_48x64_splitk_cleanE,0.0324,7.88,223.59
gfx942,228,96,64,4096,False,torch.bfloat16,torch.bfloat16,False,False,asm,3,16,5.6912,_ZN5aiter39bf16gemm_fp32bf16_tn_48x64_splitk_cleanE,0.0316,8.84,232.47
gfx942,228,112,64,4096,False,torch.bfloat16,torch.bfloat16,False,False,asm,5,16,5.8308,_ZN5aiter39bf16gemm_fp32bf16_tn_64x64_splitk_cleanE,0.0326,10.07,249.73
gfx942,228,128,64,4096,False,torch.bfloat16,torch.bfloat16,False,False,asm,3,16,5.6685,_ZN5aiter39bf16gemm_fp32bf16_tn_48x64_splitk_cleanE,0.0253,11.84,280.36
gfx942,228,144,64,4096,False,torch.bfloat16,torch.bfloat16,False,False,asm,5,16,5.8585,_ZN5aiter39bf16gemm_fp32bf16_tn_64x64_splitk_cleanE,0.0288,12.89,293.99
gfx942,228,160,64,4096,False,torch.bfloat16,torch.bfloat16,False,False,asm,5,16,6.2261,_ZN5aiter39bf16gemm_fp32bf16_tn_64x64_splitk_cleanE,0.028,13.47,298.02
gfx942,228,176,64,4096,False,torch.bfloat16,torch.bfloat16,False,False,asm,5,16,6.4632,_ZN5aiter39bf16gemm_fp32bf16_tn_64x64_splitk_cleanE,0.0265,14.28,307.68
gfx942,228,192,64,4096,False,torch.bfloat16,torch.bfloat16,False,False,flydsl,124,8,6.4363,flydsl_gemm2_abf16_wbf16_bf16_t32x64x128_split_k8_block_m_warp1_block_n_warp4_block_k_warp1_async_copyFalse_b_to_ldsTrue_b_preshuffleFalse_c_to_ldsFalse_gfx942,0.0218,15.64,329.65
gfx942,228,208,64,4096,False,torch.bfloat16,torch.bfloat16,False,False,asm,3,16,6.6424,_ZN5aiter39bf16gemm_fp32bf16_tn_48x64_splitk_cleanE,0.0297,16.42,339.46
gfx942,228,224,64,4096,False,torch.bfloat16,torch.bfloat16,False,False,flydsl,383,8,6.9184,flydsl_gemm3_abf16_wbf16_bf16_t16x64x128_split_k8_block_m_warp1_block_n_warp2_block_k_warp1_async_copyFalse_b_to_ldsTrue_b_preshuffleFalse_c_to_ldsFalse_gfx942,0.0186,16.98,345.16
gfx942,228,240,64,4096,False,torch.bfloat16,torch.bfloat16,False,False,flydsl,383,8,7.0408,flydsl_gemm3_abf16_wbf16_bf16_t16x64x128_split_k8_block_m_warp1_block_n_warp2_block_k_warp1_async_copyFalse_b_to_ldsTrue_b_preshuffleFalse_c_to_ldsFalse_gfx942,0.0193,17.87,358.07
gfx942,228,256,64,4096,False,torch.bfloat16,torch.bfloat16,False,False,flydsl,382,8,7.1107,flydsl_gemm3_abf16_wbf16_bf16_t16x64x128_split_k8_block_m_warp1_block_n_warp1_block_k_warp2_async_copyFalse_b_to_ldsTrue_b_preshuffleFalse_c_to_ldsFalse_gfx942,0.0246,18.88,373.27
gfx942,228,960,64,4096,False,torch.bfloat16,torch.bfloat16,False,False,flydsl,252,8,10.8207,flydsl_gemm2_abf16_wbf16_bf16_t64x64x128_split_k8_block_m_warp2_block_n_warp4_block_k_warp1_async_copyFalse_b_to_ldsTrue_b_preshuffleFalse_c_to_ldsFalse_gfx942,0.0193,46.51,786.59
gfx942,228,992,64,4096,False,torch.bfloat16,torch.bfloat16,False,False,flydsl,678,8,10.6302,flydsl_gemm4_abf16_wbf16_bf16_t64x64x64_split_k8_block_m_warp1_block_n_warp4_block_k_warp2_async_copyFalse_b_to_ldsTrue_b_preshuffleFalse_c_to_ldsFalse_gfx942,0.0254,48.93,825.73
gfx942,228,1024,64,4096,False,torch.bfloat16,torch.bfloat16,False,False,flydsl,245,8,10.9899,flydsl_gemm2_abf16_wbf16_bf16_t64x64x128_split_k8_block_m_warp1_block_n_warp4_block_k_warp1_async_copyFalse_b_to_ldsTrue_b_preshuffleFalse_c_to_ldsFalse_gfx942,0.0187,48.85,822.93
gfx942,228,1088,64,4096,False,torch.bfloat16,torch.bfloat16,False,False,flydsl,686,8,11.8913,flydsl_gemm4_abf16_wbf16_bf16_t64x64x64_split_k8_block_m_warp4_block_n_warp1_block_k_warp2_async_copyFalse_b_to_ldsTrue_b_preshuffleFalse_c_to_ldsFalse_gfx942,0.026,47.97,805.33
gfx942,228,1152,64,4096,False,torch.bfloat16,torch.bfloat16,False,False,flydsl,245,8,11.861,flydsl_gemm2_abf16_wbf16_bf16_t64x64x128_split_k8_block_m_warp1_block_n_warp4_block_k_warp1_async_copyFalse_b_to_ldsTrue_b_preshuffleFalse_c_to_ldsFalse_gfx942,0.0184,50.92,852.28
gfx942,228,1280,64,4096,False,torch.bfloat16,torch.bfloat16,False,False,flydsl,682,8,11.8993,flydsl_gemm4_abf16_wbf16_bf16_t64x64x64_split_k8_block_m_warp2_block_n_warp2_block_k_warp1_async_copyFalse_b_to_ldsTrue_b_preshuffleFalse_c_to_ldsFalse_gfx942,0.0185,56.4,939.04
gfx942,228,1344,64,4096,False,torch.bfloat16,torch.bfloat16,False,False,asm,3,7,12.3513,_ZN5aiter39bf16gemm_fp32bf16_tn_48x64_splitk_cleanE,0.0175,57.05,947.78
gfx942,228,1856,64,4096,False,torch.bfloat16,torch.bfloat16,False,False,asm,5,7,13.5083,_ZN5aiter39bf16gemm_fp32bf16_tn_64x64_splitk_cleanE,0.0176,72.04,1181.96
gfx942,228,2048,64,4096,False,torch.bfloat16,torch.bfloat16,False,False,asm,3,5,14.0716,_ZN5aiter39bf16gemm_fp32bf16_tn_48x64_splitk_cleanE,0.0138,76.31,1248.16
gfx942,228,2112,64,4096,False,torch.bfloat16,torch.bfloat16,False,False,asm,3,5,14.4575,_ZN5aiter39bf16gemm_fp32bf16_tn_48x64_splitk_cleanE,0.0138,76.59,1251.68
gfx942,228,2176,64,4096,False,torch.bfloat16,torch.bfloat16,False,False,asm,5,6,14.5029,_ZN5aiter39bf16gemm_fp32bf16_tn_64x64_splitk_cleanE,0.0152,78.66,1284.47
gfx942,228,2240,64,4096,False,torch.bfloat16,torch.bfloat16,False,False,asm,5,6,14.2342,_ZN5aiter39bf16gemm_fp32bf16_tn_64x64_splitk_cleanE,0.0156,82.51,1346.13
gfx942,228,2304,64,4096,False,torch.bfloat16,torch.bfloat16,False,False,asm,3,4,15.0217,_ZN5aiter39bf16gemm_fp32bf16_tn_48x64_splitk_cleanE,0.0122,80.41,1311.01
gfx942,228,2560,64,4096,False,torch.bfloat16,torch.bfloat16,False,False,asm,3,4,14.8831,_ZN5aiter39bf16gemm_fp32bf16_tn_48x64_splitk_cleanE,0.0121,90.18,1466.33
gfx942,228,2624,64,4096,False,torch.bfloat16,torch.bfloat16,False,False,asm,5,5,15.3803,_ZN5aiter39bf16gemm_fp32bf16_tn_64x64_splitk_cleanE,0.0144,89.45,1453.55
gfx942,228,2816,64,4096,False,torch.bfloat16,torch.bfloat16,False,False,asm,5,5,15.9765,_ZN5aiter39bf16gemm_fp32bf16_tn_64x64_splitk_cleanE,0.0143,92.41,1499.29
gfx942,228,2880,64,4096,False,torch.bfloat16,torch.bfloat16,False,False,asm,5,5,16.3859,_ZN5aiter39bf16gemm_fp32bf16_tn_64x64_splitk_cleanE,0.0141,92.15,1494.33
gfx942,228,3072,64,4096,False,torch.bfloat16,torch.bfloat16,False,False,flydsl,667,4,17.3764,flydsl_gemm4_abf16_wbf16_bf16_t64x64x64_split_k4_block_m_warp2_block_n_warp4_block_k_warp1_async_copyFalse_b_to_ldsTrue_b_preshuffleFalse_c_to_ldsFalse_gfx942,0.0118,92.69,1501.08
gfx942,228,3200,64,4096,False,torch.bfloat16,torch.bfloat16,False,False,flydsl,235,4,17.7911,flydsl_gemm2_abf16_wbf16_bf16_t64x64x128_split_k4_block_m_warp2_block_n_warp4_block_k_warp1_async_copyFalse_b_to_ldsTrue_b_preshuffleFalse_c_to_ldsFalse_gfx942,0.0117,94.3,1525.95
gfx942,228,3328,64,4096,False,torch.bfloat16,torch.bfloat16,False,False,asm,5,4,17.3663,_ZN5aiter39bf16gemm_fp32bf16_tn_64x64_splitk_cleanE,0.0117,100.47,1624.6
gfx942,228,3520,64,4096,False,torch.bfloat16,torch.bfloat16,False,False,asm,3,3,18.1359,_ZN5aiter39bf16gemm_fp32bf16_tn_48x64_splitk_cleanE,0.0088,101.76,1643.74
gfx942,228,3584,64,4096,False,torch.bfloat16,torch.bfloat16,False,False,asm,3,3,18.8616,_ZN5aiter39bf16gemm_fp32bf16_tn_48x64_splitk_cleanE,0.0089,99.62,1608.73
gfx942,228,3648,64,4096,False,torch.bfloat16,torch.bfloat16,False,False,asm,3,3,18.9084,_ZN5aiter39bf16gemm_fp32bf16_tn_48x64_splitk_cleanE,0.0089,101.15,1632.91
gfx942,228,3840,64,4096,False,torch.bfloat16,torch.bfloat16,False,False,asm,5,3,20.7872,_ZN5aiter39bf16gemm_fp32bf16_tn_64x64_splitk_cleanE,0.0089,96.85,1562.17
gfx942,228,4032,64,4096,False,torch.bfloat16,torch.bfloat16,False,False,asm,5,3,20.2465,_ZN5aiter39bf16gemm_fp32bf16_tn_64x64_splitk_cleanE,0.009,104.41,1682.79
gfx942,228,4096,64,4096,False,torch.bfloat16,torch.bfloat16,False,False,asm,5,3,21.0728,_ZN5aiter39bf16gemm_fp32bf16_tn_64x64_splitk_cleanE,0.009,101.91,1642.07
gfx942,228,4224,64,4096,False,torch.bfloat16,torch.bfloat16,False,False,asm,5,3,21.5864,_ZN5aiter39bf16gemm_fp32bf16_tn_64x64_splitk_cleanE,0.0088,102.59,1652.34
gfx942,228,4352,64,4096,False,torch.bfloat16,torch.bfloat16,False,False,asm,5,3,21.3134,_ZN5aiter39bf16gemm_fp32bf16_tn_64x64_splitk_cleanE,0.0088,107.05,1723.47
gfx942,228,4736,64,4096,False,torch.bfloat16,torch.bfloat16,False,False,asm,5,3,24.0526,_ZN5aiter39bf16gemm_fp32bf16_tn_64x64_splitk_cleanE,0.0087,103.23,1660.02
gfx942,228,5120,64,4096,False,torch.bfloat16,torch.bfloat16,False,False,asm,8,4,25.4005,_ZN5aiter39bf16gemm_fp32bf16_tn_96x64_splitk_cleanE,0.0118,105.68,1697.71
gfx942,228,5248,64,4096,False,torch.bfloat16,torch.bfloat16,False,False,asm,3,2,25.9512,_ZN5aiter39bf16gemm_fp32bf16_tn_48x64_splitk_cleanE,0.0049,106.02,1702.72
gfx942,228,5504,64,4096,False,torch.bfloat16,torch.bfloat16,False,False,flydsl,221,2,28.0483,flydsl_gemm2_abf16_wbf16_bf16_t64x64x128_split_k2_block_m_warp4_block_n_warp2_block_k_warp1_async_copyFalse_b_to_ldsTrue_b_preshuffleFalse_c_to_ldsFalse_gfx942,0.0049,102.88,1651.35
gfx942,228,6144,64,4096,False,torch.bfloat16,torch.bfloat16,False,False,flydsl,476,2,30.067,flydsl_gemm3_abf16_wbf16_bf16_t64x64x64_split_k2_block_m_warp4_block_n_warp1_block_k_warp2_async_copyFalse_b_to_ldsTrue_b_preshuffleFalse_c_to_ldsFalse_gfx942,0.0118,107.13,1717.58
gfx942,228,6400,64,4096,False,torch.bfloat16,torch.bfloat16,False,False,asm,5,2,30.1808,_ZN5aiter39bf16gemm_fp32bf16_tn_64x64_splitk_cleanE,0.0049,111.18,1781.67
gfx942,228,6528,64,4096,False,torch.bfloat16,torch.bfloat16,False,False,asm,5,2,30.3509,_ZN5aiter39bf16gemm_fp32bf16_tn_64x64_splitk_cleanE,0.0049,112.77,1806.78
gfx942,228,6912,64,4096,False,torch.bfloat16,torch.bfloat16,False,False,asm,8,3,33.0913,_ZN5aiter39bf16gemm_fp32bf16_tn_96x64_splitk_cleanE,0.0087,109.51,1753.7
gfx942,228,7168,64,4096,False,torch.bfloat16,torch.bfloat16,False,False,asm,5,2,33.3492,_ZN5aiter39bf16gemm_fp32bf16_tn_64x64_splitk_cleanE,0.0049,112.69,1804.0
gfx942,228,7296,64,4096,False,torch.bfloat16,torch.bfloat16,False,False,asm,8,3,33.8996,_ZN5aiter39bf16gemm_fp32bf16_tn_96x64_splitk_cleanE,0.0088,112.84,1806.13
gfx942,228,1,128,6144,False,torch.bfloat16,torch.float32,False,False,asm,1,16,5.4057,_ZN5aiter39bf16gemm_fp32bf16_tn_32x64_splitk_cleanE,0.0,0.29,293.28
gfx942,228,2,128,6144,False,torch.bfloat16,torch.float32,False,False,asm,1,16,5.5032,_ZN5aiter39bf16gemm_fp32bf16_tn_32x64_splitk_cleanE,0.0,0.57,290.37
gfx942,228,4,128,6144,False,torch.bfloat16,torch.float32,False,False,asm,1,13,6.0868,_ZN5aiter39bf16gemm_fp32bf16_tn_32x64_splitk_cleanE,0.0,1.03,266.65
gfx942,228,8,128,6144,False,torch.bfloat16,torch.float32,False,False,asm,1,16,6.2732,_ZN5aiter39bf16gemm_fp32bf16_tn_32x64_splitk_cleanE,0.0,2.01,266.72
gfx942,228,16,128,6144,False,torch.bfloat16,torch.float32,False,False,asm,1,16,6.0107,_ZN5aiter39bf16gemm_fp32bf16_tn_32x64_splitk_cleanE,0.0,4.19,295.07
gfx942,228,32,128,6144,False,torch.bfloat16,torch.float32,False,False,asm,1,16,6.2589,_ZN5aiter39bf16gemm_fp32bf16_tn_32x64_splitk_cleanE,0.0,8.04,315.43
gfx942,228,64,128,6144,False,torch.bfloat16,torch.float32,False,False,asm,1,16,7.6759,_ZN5aiter39bf16gemm_fp32bf16_tn_32x64_splitk_cleanE,0.0,13.11,309.5
gfx942,228,128,128,6144,False,torch.bfloat16,torch.float32,False,False,asm,3,16,9.558,_ZN5aiter39bf16gemm_fp32bf16_tn_48x64_splitk_cleanE,0.0,21.06,332.55
gfx942,228,192,128,6144,False,torch.bfloat16,torch.float32,False,False,asm,5,16,10.5742,_ZN5aiter39bf16gemm_fp32bf16_tn_64x64_splitk_cleanE,0.0,28.56,376.51
gfx942,228,256,128,6144,False,torch.bfloat16,torch.float32,False,False,asm,5,16,11.4743,_ZN5aiter39bf16gemm_fp32bf16_tn_64x64_splitk_cleanE,0.0,35.09,416.94
gfx942,228,320,128,6144,False,torch.bfloat16,torch.float32,False,False,asm,5,16,12.5103,_ZN5aiter39bf16gemm_fp32bf16_tn_64x64_splitk_cleanE,0.0,40.23,446.59
gfx942,228,512,128,6144,False,torch.bfloat16,torch.float32,False,False,asm,3,9,14.2863,_ZN5aiter39bf16gemm_fp32bf16_tn_48x64_splitk_cleanE,0.0,56.37,559.65
gfx942,228,1024,128,6144,False,torch.bfloat16,torch.float32,False,False,asm,5,6,17.8958,_ZN5aiter39bf16gemm_fp32bf16_tn_64x64_splitk_cleanE,0.0,90.0,805.66
gfx942,228,2048,128,6144,False,torch.bfloat16,torch.float32,False,False,asm,8,5,28.9932,_ZN5aiter39bf16gemm_fp32bf16_tn_96x64_splitk_cleanE,0.0,111.1,940.32
gfx942,228,8192,128,6144,False,torch.bfloat16,torch.float32,False,False,opus,10200,3,94.4926,opus_gemm_gfx942_splitk_legacy_512x128x128x64_2x4_16x16x16_0x0x0,0.0,136.36,1104.14
gfx942,228,2,256,4096,False,torch.bfloat16,torch.bfloat16,False,False,asm,1,16,5.8896,_ZN5aiter39bf16gemm_fp32bf16_tn_32x64_splitk_cleanE,0.0215,0.71,359.03
gfx942,228,4,256,4096,False,torch.bfloat16,torch.bfloat16,False,False,asm,5,16,5.9704,_ZN5aiter39bf16gemm_fp32bf16_tn_64x64_splitk_cleanE,0.0283,1.41,357.09
gfx942,228,8,256,4096,False,torch.bfloat16,torch.bfloat16,False,False,asm,1,10,6.0632,_ZN5aiter39bf16gemm_fp32bf16_tn_32x64_splitk_cleanE,0.0166,2.77,357.37
gfx942,228,16,256,4096,False,torch.bfloat16,torch.bfloat16,False,False,asm,1,16,5.8881,_ZN5aiter39bf16gemm_fp32bf16_tn_32x64_splitk_cleanE,0.0269,5.7,379.82
gfx942,228,32,256,4096,False,torch.bfloat16,torch.bfloat16,False,False,flydsl,851,8,6.9305,flydsl_gemm5_abf16_wbf16_bf16_t16x64x64_split_k8_block_m_warp1_block_n_warp2_block_k_warp1_async_copyFalse_b_to_ldsTrue_b_preshuffleFalse_c_to_ldsFalse_gfx942,0.0182,9.68,342.79
gfx942,228,48,256,4096,False,torch.bfloat16,torch.bfloat16,False,False,asm,3,16,7.3079,_ZN5aiter39bf16gemm_fp32bf16_tn_48x64_splitk_cleanE,0.0296,13.77,344.14
gfx942,228,64,256,4096,False,torch.bfloat16,torch.bfloat16,False,False,flydsl,987,8,7.3507,flydsl_gemm5_abf16_wbf16_bf16_t16x64x64_split_k8_block_m_warp1_block_n_warp2_block_k_warp1_async_copyFalse_b_to_ldsTrue_b_preshuffleFalse_c_to_ldsFalse_gfx942,0.0181,18.26,361.08
gfx942,228,64,256,5120,False,torch.bfloat16,torch.float32,False,False,asm,7,16,9.0253,_ZN5aiter39bf16gemm_fp32bf16_tn_80x64_splitk_cleanE,0.0,18.59,366.7
gfx942,228,80,256,4096,False,torch.bfloat16,torch.bfloat16,False,False,flydsl,635,8,7.2103,flydsl_gemm3_abf16_wbf16_bf16_t16x64x128_split_k8_block_m_warp1_block_n_warp2_block_k_warp1_async_copyFalse_b_to_ldsTrue_b_preshuffleFalse_c_to_ldsFalse_gfx942,0.0199,23.27,387.43
gfx942,228,80,256,5120,False,torch.bfloat16,torch.float32,False,False,asm,5,16,9.89,_ZN5aiter39bf16gemm_fp32bf16_tn_64x64_splitk_cleanE,0.0,21.2,352.03
gfx942,228,96,256,4096,False,torch.bfloat16,torch.bfloat16,False,False,flydsl,635,8,7.8232,flydsl_gemm3_abf16_wbf16_bf16_t16x64x128_split_k8_block_m_warp1_block_n_warp2_block_k_warp1_async_copyFalse_b_to_ldsTrue_b_preshuffleFalse_c_to_ldsFalse_gfx942,0.019,25.73,374.88
gfx942,228,112,256,4096,False,torch.bfloat16,torch.bfloat16,False,False,flydsl,635,8,7.2686,flydsl_gemm3_abf16_wbf16_bf16_t16x64x128_split_k8_block_m_warp1_block_n_warp2_block_k_warp1_async_copyFalse_b_to_ldsTrue_b_preshuffleFalse_c_to_ldsFalse_gfx942,0.0187,32.31,422.64
gfx942,228,128,256,4096,False,torch.bfloat16,torch.bfloat16,False,False,flydsl,895,8,8.5085,flydsl_gemm4_abf16_wbf16_bf16_t32x64x64_split_k8_block_m_warp2_block_n_warp2_block_k_warp1_async_copyFalse_b_to_ldsTrue_b_preshuffleFalse_c_to_ldsFalse_gfx942,0.0183,31.55,377.42
gfx942,228,128,256,5120,False,torch.bfloat16,torch.float32,False,False,asm,5,16,10.9009,_ZN5aiter39bf16gemm_fp32bf16_tn_64x64_splitk_cleanE,0.0,30.78,366.73
gfx942,228,144,256,4096,False,torch.bfloat16,torch.bfloat16,False,False,flydsl,243,8,8.9645,flydsl_gemm2_abf16_wbf16_bf16_t32x64x128_split_k8_block_m_warp2_block_n_warp2_block_k_warp1_async_copyFalse_b_to_ldsTrue_b_preshuffleFalse_c_to_ldsFalse_gfx942,0.0186,33.69,373.76
gfx942,228,150,256,5120,False,torch.bfloat16,torch.float32,False,False,asm,7,16,11.1146,_ZN5aiter39bf16gemm_fp32bf16_tn_80x64_splitk_cleanE,0.0,35.38,380.96
gfx942,228,160,256,4096,False,torch.bfloat16,torch.bfloat16,False,False,opus,10300,0,8.9652,opus_gemm_gfx942_wkc_512x16x16x64_1x1_16x16x16_0x0x0,0.0,37.43,389.26
gfx942,228,176,256,4096,False,torch.bfloat16,torch.bfloat16,False,False,opus,10300,0,9.1957,opus_gemm_gfx942_wkc_512x16x16x64_1x1_16x16x16_0x0x0,0.0,40.14,394.65
gfx942,228,192,256,4096,False,torch.bfloat16,torch.bfloat16,False,False,opus,10300,0,9.2951,opus_gemm_gfx942_wkc_512x16x16x64_1x1_16x16x16_0x0x0,0.0,43.32,405.41
gfx942,228,192,256,5120,False,torch.bfloat16,torch.float32,False,False,asm,5,10,11.9058,_ZN5aiter39bf16gemm_fp32bf16_tn_64x64_splitk_cleanE,0.0,42.27,393.57
gfx942,228,208,256,4096,False,torch.bfloat16,torch.bfloat16,False,False,opus,10300,0,8.508,opus_gemm_gfx942_wkc_512x16x16x64_1x1_16x16x16_0x0x0,0.0,51.27,459.28
gfx942,228,220,256,5120,False,torch.bfloat16,torch.float32,False,False,asm,3,8,12.8431,_ZN5aiter39bf16gemm_fp32bf16_tn_48x64_splitk_cleanE,0.0,44.9,388.29
gfx942,228,224,256,4096,False,torch.bfloat16,torch.bfloat16,False,False,opus,10300,0,9.3008,opus_gemm_gfx942_wkc_512x16x16x64_1x1_16x16x16_0x0x0,0.0,50.51,435.11
gfx942,228,240,256,4096,False,torch.bfloat16,torch.bfloat16,False,False,opus,10305,0,10.338,opus_gemm_gfx942_wkc_512x16x32x64_1x1_16x16x16_0x0x0,0.0,48.69,404.92
gfx942,228,256,256,4096,False,torch.bfloat16,torch.bfloat16,False,False,opus,10302,0,10.3895,opus_gemm_gfx942_wkc_512x32x16x64_1x1_16x16x16_0x0x0,0.0,51.67,416.32
gfx942,228,256,256,5120,False,torch.bfloat16,torch.float32,False,False,asm,1,7,12.6113,_ZN5aiter39bf16gemm_fp32bf16_tn_32x64_splitk_cleanE,0.0,53.21,426.12
gfx942,228,384,256,5120,False,torch.bfloat16,torch.float32,False,False,asm,3,7,13.9425,_ZN5aiter39bf16gemm_fp32bf16_tn_48x64_splitk_cleanE,0.0,72.2,484.15
gfx942,228,448,256,5120,False,torch.bfloat16,torch.float32,False,False,asm,5,8,14.612,_ZN5aiter39bf16gemm_fp32bf16_tn_64x64_splitk_cleanE,0.0,80.37,509.06
gfx942,228,512,256,5120,False,torch.bfloat16,torch.float32,False,False,asm,5,7,15.6051,_ZN5aiter39bf16gemm_fp32bf16_tn_64x64_splitk_cleanE,0.0,86.01,520.76
gfx942,228,960,256,4096,False,torch.bfloat16,torch.bfloat16,False,False,asm,5,3,19.4471,_ZN5aiter39bf16gemm_fp32bf16_tn_64x64_splitk_cleanE,0.0089,103.53,537.51
gfx942,228,992,256,4096,False,torch.bfloat16,torch.bfloat16,False,False,asm,5,3,18.8949,_ZN5aiter39bf16gemm_fp32bf16_tn_64x64_splitk_cleanE,0.0089,110.1,567.96
gfx942,228,1024,256,4096,False,torch.bfloat16,torch.bfloat16,False,False,asm,5,3,20.124,_ZN5aiter39bf16gemm_fp32bf16_tn_64x64_splitk_cleanE,0.009,106.71,547.11
gfx942,228,1088,256,4096,False,torch.bfloat16,torch.bfloat16,False,False,asm,5,3,19.8588,_ZN5aiter39bf16gemm_fp32bf16_tn_64x64_splitk_cleanE,0.009,114.9,582.47
gfx942,228,1152,256,4096,False,torch.bfloat16,torch.bfloat16,False,False,asm,5,3,19.8836,_ZN5aiter39bf16gemm_fp32bf16_tn_64x64_splitk_cleanE,0.009,121.5,609.76
gfx942,228,1280,256,4096,False,torch.bfloat16,torch.bfloat16,False,False,opus,10210,9,23.2993,opus_gemm_gfx942_splitk_legacy_bf16ws_512x128x128x64_2x4_16x16x16_0x0x0,0.0105,115.21,568.18
gfx942,228,1344,256,4096,False,torch.bfloat16,torch.bfloat16,False,False,opus,10210,8,23.338,opus_gemm_gfx942_splitk_legacy_bf16ws_512x128x128x64_2x4_16x16x16_0x0x0,0.0106,120.77,591.11
gfx942,228,1856,256,4096,False,torch.bfloat16,torch.bfloat16,False,False,opus,10210,6,28.1739,opus_gemm_gfx942_splitk_legacy_bf16ws_512x128x128x64_2x4_16x16x16_0x0x0,0.0098,138.15,647.83
gfx942,228,2048,256,4096,False,torch.bfloat16,torch.bfloat16,False,False,opus,10210,6,29.5219,opus_gemm_gfx942_splitk_legacy_bf16ws_512x128x128x64_2x4_16x16x16_0x0x0,0.0097,145.48,674.85
gfx942,228,2112,256,4096,False,torch.bfloat16,torch.bfloat16,False,False,opus,10210,6,30.6583,opus_gemm_gfx942_splitk_legacy_bf16ws_512x128x128x64_2x4_16x16x16_0x0x0,0.0097,144.47,668.01
gfx942,228,2176,256,4096,False,torch.bfloat16,torch.bfloat16,False,False,opus,10210,6,30.4335,opus_gemm_gfx942_splitk_legacy_bf16ws_512x128x128x64_2x4_16x16x16_0x0x0,0.0097,149.95,691.25
gfx942,228,2240,256,4096,False,torch.bfloat16,torch.bfloat16,False,False,opus,10210,6,31.5234,opus_gemm_gfx942_splitk_legacy_bf16ws_512x128x128x64_2x4_16x16x16_0x0x0,0.0097,149.02,685.02
gfx942,228,2304,256,4096,False,torch.bfloat16,torch.bfloat16,False,False,opus,10210,6,30.226,opus_gemm_gfx942_splitk_legacy_bf16ws_512x128x128x64_2x4_16x16x16_0x0x0,0.0097,159.86,732.85
gfx942,228,3648,256,4096,False,torch.bfloat16,torch.bfloat16,False,False,torch,0,0,45.4008,native,0.0,168.51,745.57
gfx942,228,3840,256,4096,False,torch.bfloat16,torch.bfloat16,False,False,opus,10210,3,47.908,opus_gemm_gfx942_splitk_legacy_bf16ws_512x128x128x64_2x4_16x16x16_0x0x0,0.0076,168.09,741.43
gfx942,228,4032,256,4096,False,torch.bfloat16,torch.bfloat16,False,False,opus,10210,3,52.8744,opus_gemm_gfx942_splitk_legacy_bf16ws_512x128x128x64_2x4_16x16x16_0x0x0,0.0076,159.92,703.4
gfx942,228,4096,256,4096,False,torch.bfloat16,torch.bfloat16,False,False,opus,10210,3,48.997,opus_gemm_gfx942_splitk_legacy_bf16ws_512x128x128x64_2x4_16x16x16_0x0x0,0.0076,175.32,770.43
gfx942,228,4224,256,4096,False,torch.bfloat16,torch.bfloat16,False,False,opus,10210,6,54.7129,opus_gemm_gfx942_splitk_legacy_bf16ws_512x128x128x64_2x4_16x16x16_0x0x0,0.0097,161.91,710.31
gfx942,228,4352,256,4096,False,torch.bfloat16,torch.bfloat16,False,False,opus,10210,3,54.5314,opus_gemm_gfx942_splitk_legacy_bf16ws_512x128x128x64_2x4_16x16x16_0x0x0,0.0076,167.37,733.1
gfx942,228,4736,256,4096,False,torch.bfloat16,torch.bfloat16,False,False,opus,10210,3,52.6138,opus_gemm_gfx942_splitk_legacy_bf16ws_512x128x128x64_2x4_16x16x16_0x0x0,0.0075,188.77,823.34
gfx942,228,5120,256,4096,False,torch.bfloat16,torch.bfloat16,False,False,opus,10210,5,63.3216,opus_gemm_gfx942_splitk_legacy_bf16ws_512x128x128x64_2x4_16x16x16_0x0x0,0.0092,169.57,736.9
gfx942,228,5248,256,4096,False,torch.bfloat16,torch.bfloat16,False,False,opus,10210,5,63.8232,opus_gemm_gfx942_splitk_legacy_bf16ws_512x128x128x64_2x4_16x16x16_0x0x0,0.0092,172.44,748.56
gfx942,228,5504,256,4096,False,torch.bfloat16,torch.bfloat16,False,False,opus,10210,5,66.945,opus_gemm_gfx942_splitk_legacy_bf16ws_512x128x128x64_2x4_16x16x16_0x0x0,0.0095,172.42,746.94
gfx942,228,6144,256,4096,False,torch.bfloat16,torch.bfloat16,False,False,opus,10210,2,71.476,opus_gemm_gfx942_splitk_legacy_bf16ws_512x128x128x64_2x4_16x16x16_0x0x0,0.0051,180.27,777.53
gfx942,228,6528,256,4096,False,torch.bfloat16,torch.bfloat16,False,False,opus,10210,2,72.2678,opus_gemm_gfx942_splitk_legacy_bf16ws_512x128x128x64_2x4_16x16x16_0x0x0,0.0051,189.44,815.26
gfx942,228,6912,256,4096,False,torch.bfloat16,torch.bfloat16,False,False,opus,10216,5,74.7085,opus_gemm_gfx942_splitk_quad_mfma32_bf16ws_256x256x256x32_2x2_32x32x8_6x0x0,0.0091,194.03,833.36
gfx942,228,7296,256,4096,False,torch.bfloat16,torch.bfloat16,False,False,opus,10210,0,77.1968,opus_gemm_gfx942_splitk_legacy_bf16ws_512x128x128x64_2x4_16x16x16_0x0x0,0.005,198.21,849.8
gfx942,228,7424,256,4096,False,torch.bfloat16,torch.bfloat16,False,False,opus,10216,5,78.2996,opus_gemm_gfx942_splitk_quad_mfma32_bf16ws_256x256x256x32_2x2_32x32x8_6x0x0,0.0094,198.84,852.06
gfx942,228,7552,256,4096,False,torch.bfloat16,torch.bfloat16,False,False,opus,10216,5,88.52,opus_gemm_gfx942_splitk_quad_mfma32_bf16ws_256x256x256x32_2x2_32x32x8_6x0x0,0.0094,178.92,766.26
gfx942,228,7680,256,4096,False,torch.bfloat16,torch.bfloat16,False,False,opus,10216,5,82.2756,opus_gemm_gfx942_splitk_quad_mfma32_bf16ws_256x256x256x32_2x2_32x32x8_6x0x0,0.0093,195.76,837.96
gfx942,228,7808,256,4096,False,torch.bfloat16,torch.bfloat16,False,False,opus,10210,3,87.7109,opus_gemm_gfx942_splitk_legacy_bf16ws_512x128x128x64_2x4_16x16x16_0x0x0,0.0076,186.69,798.74
gfx942,228,7936,256,4096,False,torch.bfloat16,torch.bfloat16,False,False,opus,10216,5,88.3975,opus_gemm_gfx942_splitk_quad_mfma32_bf16ws_256x256x256x32_2x2_32x32x8_6x0x0,0.0094,188.27,805.14
gfx942,228,8064,256,4096,False,torch.bfloat16,torch.bfloat16,False,False,opus,10210,3,91.1214,opus_gemm_gfx942_splitk_legacy_bf16ws_512x128x128x64_2x4_16x16x16_0x0x0,0.0076,185.59,793.3
gfx942,228,8192,256,4096,False,torch.bfloat16,torch.bfloat16,False,False,opus,10216,5,84.1513,opus_gemm_gfx942_splitk_quad_mfma32_bf16ws_256x256x256x32_2x2_32x32x8_6x0x0,0.0094,204.15,872.24
gfx942,228,1,512,4096,False,torch.bfloat16,torch.bfloat16,False,False,flydsl,499,8,6.7349,flydsl_gemm3_abf16_wbf16_bf16_t16x64x128_split_k8_block_m_warp1_block_n_warp2_block_k_warp1_async_copyFalse_b_to_ldsTrue_b_preshuffleFalse_c_to_ldsFalse_gfx942,0.0234,0.62,624.14
gfx942,228,2,512,4096,False,torch.bfloat16,torch.bfloat16,False,False,flydsl,499,8,6.8907,flydsl_gemm3_abf16_wbf16_bf16_t16x64x128_split_k8_block_m_warp1_block_n_warp2_block_k_warp1_async_copyFalse_b_to_ldsTrue_b_preshuffleFalse_c_to_ldsFalse_gfx942,0.0195,1.22,611.37
gfx942,228,4,512,4096,False,torch.bfloat16,torch.bfloat16,False,False,flydsl,499,8,6.7643,flydsl_gemm3_abf16_wbf16_bf16_t16x64x128_split_k8_block_m_warp1_block_n_warp2_block_k_warp1_async_copyFalse_b_to_ldsTrue_b_preshuffleFalse_c_to_ldsFalse_gfx942,0.0186,2.48,625.51
gfx942,228,8,512,4096,False,torch.bfloat16,torch.bfloat16,False,False,flydsl,499,8,6.6736,flydsl_gemm3_abf16_wbf16_bf16_t16x64x128_split_k8_block_m_warp1_block_n_warp2_block_k_warp1_async_copyFalse_b_to_ldsTrue_b_preshuffleFalse_c_to_ldsFalse_gfx942,0.02,5.03,639.54
gfx942,228,16,512,4096,False,torch.bfloat16,torch.bfloat16,False,False,flydsl,499,8,7.337,flydsl_gemm3_abf16_wbf16_bf16_t16x64x128_split_k8_block_m_warp1_block_n_warp2_block_k_warp1_async_copyFalse_b_to_ldsTrue_b_preshuffleFalse_c_to_ldsFalse_gfx942,0.0197,9.15,591.76
gfx942,228,32,512,4096,False,torch.bfloat16,torch.bfloat16,False,False,flydsl,499,8,7.1541,flydsl_gemm3_abf16_wbf16_bf16_t16x64x128_split_k8_block_m_warp1_block_n_warp2_block_k_warp1_async_copyFalse_b_to_ldsTrue_b_preshuffleFalse_c_to_ldsFalse_gfx942,0.0198,18.76,627.5
gfx942,228,48,512,4096,False,torch.bfloat16,torch.bfloat16,False,False,flydsl,851,8,8.2453,flydsl_gemm5_abf16_wbf16_bf16_t16x64x64_split_k8_block_m_warp1_block_n_warp2_block_k_warp1_async_copyFalse_b_to_ldsTrue_b_preshuffleFalse_c_to_ldsFalse_gfx942,0.0194,24.42,562.34
gfx942,228,64,512,4096,False,torch.bfloat16,torch.bfloat16,False,False,flydsl,894,8,9.5473,flydsl_gemm4_abf16_wbf16_bf16_t32x64x64_split_k8_block_m_warp2_block_n_warp1_block_k_warp2_async_copyFalse_b_to_ldsTrue_b_preshuffleFalse_c_to_ldsFalse_gfx942,0.0255,28.12,501.1
gfx942,228,80,512,4096,False,torch.bfloat16,torch.bfloat16,False,False,flydsl,1023,8,9.3858,flydsl_gemm5_abf16_wbf16_bf16_t32x64x64_split_k8_block_m_warp2_block_n_warp2_block_k_warp1_async_copyFalse_b_to_ldsTrue_b_preshuffleFalse_c_to_ldsFalse_gfx942,0.0193,35.75,525.43
gfx942,228,96,512,4096,False,torch.bfloat16,torch.bfloat16,False,False,flydsl,632,4,10.0703,flydsl_gemm3_abf16_wbf16_bf16_t16x64x128_split_k4_block_m_warp1_block_n_warp2_block_k_warp1_async_copyFalse_b_to_ldsTrue_b_preshuffleFalse_c_to_ldsFalse_gfx942,0.0122,39.98,504.36
gfx942,228,112,512,4096,False,torch.bfloat16,torch.bfloat16,False,False,opus,10300,0,9.995,opus_gemm_gfx942_wkc_512x16x16x64_1x1_16x16x16_0x0x0,0.0,47.0,522.91
gfx942,228,128,512,4096,False,torch.bfloat16,torch.bfloat16,False,False,opus,10302,0,11.0227,opus_gemm_gfx942_wkc_512x32x16x64_1x1_16x16x16_0x0x0,0.0,48.71,487.53
gfx942,228,144,512,4096,False,torch.bfloat16,torch.bfloat16,False,False,opus,10302,0,10.4551,opus_gemm_gfx942_wkc_512x32x16x64_1x1_16x16x16_0x0x0,0.0,57.77,528.11
gfx942,228,160,512,4096,False,torch.bfloat16,torch.bfloat16,False,False,opus,10302,0,10.8157,opus_gemm_gfx942_wkc_512x32x16x64_1x1_16x16x16_0x0x0,0.0,62.05,524.13
gfx942,228,176,512,4096,False,torch.bfloat16,torch.bfloat16,False,False,opus,10302,0,10.5662,opus_gemm_gfx942_wkc_512x32x16x64_1x1_16x16x16_0x0x0,0.0,69.86,550.46
gfx942,228,192,512,4096,False,torch.bfloat16,torch.bfloat16,False,False,opus,10302,0,11.0734,opus_gemm_gfx942_wkc_512x32x16x64_1x1_16x16x16_0x0x0,0.0,72.72,538.57
gfx942,228,208,512,4096,False,torch.bfloat16,torch.bfloat16,False,False,opus,10302,0,10.3399,opus_gemm_gfx942_wkc_512x32x16x64_1x1_16x16x16_0x0x0,0.0,84.37,591.03
gfx942,228,224,512,4096,False,torch.bfloat16,torch.bfloat16,False,False,opus,10302,0,10.8624,opus_gemm_gfx942_wkc_512x32x16x64_1x1_16x16x16_0x0x0,0.0,86.49,576.18
gfx942,228,240,512,4096,False,torch.bfloat16,torch.bfloat16,False,False,asm,3,5,13.4059,_ZN5aiter39bf16gemm_fp32bf16_tn_48x64_splitk_cleanE,0.0143,75.09,477.86
gfx942,228,256,512,4096,False,torch.bfloat16,torch.bfloat16,False,False,asm,5,6,14.0075,_ZN5aiter39bf16gemm_fp32bf16_tn_64x64_splitk_cleanE,0.0161,76.65,467.86
gfx942,228,960,512,4096,False,torch.bfloat16,torch.bfloat16,False,False,opus,10210,6,27.4056,opus_gemm_gfx942_splitk_legacy_bf16ws_512x128x128x64_2x4_16x16x16_0x0x0,0.0097,146.92,475.88
gfx942,228,992,512,4096,False,torch.bfloat16,torch.bfloat16,False,False,opus,10210,6,28.4707,opus_gemm_gfx942_splitk_legacy_bf16ws_512x128x128x64_2x4_16x16x16_0x0x0,0.0097,146.14,468.43
gfx942,228,1024,512,4096,False,torch.bfloat16,torch.bfloat16,False,False,opus,10210,6,28.3864,opus_gemm_gfx942_splitk_legacy_bf16ws_512x128x128x64_2x4_16x16x16_0x0x0,0.0098,151.3,480.21
gfx942,228,1088,512,4096,False,torch.bfloat16,torch.bfloat16,False,False,opus,10210,6,28.5724,opus_gemm_gfx942_splitk_legacy_bf16ws_512x128x128x64_2x4_16x16x16_0x0x0,0.0098,159.71,497.73
gfx942,228,1152,512,4096,False,torch.bfloat16,torch.bfloat16,False,False,opus,10210,6,29.5547,opus_gemm_gfx942_splitk_legacy_bf16ws_512x128x128x64_2x4_16x16x16_0x0x0,0.0098,163.49,501.14
gfx942,228,1856,512,4096,False,torch.bfloat16,torch.bfloat16,False,False,opus,10210,3,45.5919,opus_gemm_gfx942_splitk_legacy_bf16ws_512x128x128x64_2x4_16x16x16_0x0x0,0.0077,170.75,467.17
gfx942,228,2048,512,4096,False,torch.bfloat16,torch.bfloat16,False,False,opus,10210,3,45.6486,opus_gemm_gfx942_splitk_legacy_bf16ws_512x128x128x64_2x4_16x16x16_0x0x0,0.0077,188.18,505.35
gfx942,228,2112,512,4096,False,torch.bfloat16,torch.bfloat16,False,False,opus,10210,3,47.4587,opus_gemm_gfx942_splitk_legacy_bf16ws_512x128x128x64_2x4_16x16x16_0x0x0,0.0077,186.65,498.51
gfx942,228,2176,512,4096,False,torch.bfloat16,torch.bfloat16,False,False,opus,10210,3,46.1731,opus_gemm_gfx942_splitk_legacy_bf16ws_512x128x128x64_2x4_16x16x16_0x0x0,0.0077,197.66,525.16
gfx942,228,2240,512,4096,False,torch.bfloat16,torch.bfloat16,False,False,opus,10210,3,48.6972,opus_gemm_gfx942_splitk_legacy_bf16ws_512x128x128x64_2x4_16x16x16_0x0x0,0.0077,192.93,510.05
gfx942,228,2304,512,4096,False,torch.bfloat16,torch.bfloat16,False,False,opus,10210,3,47.9815,opus_gemm_gfx942_splitk_legacy_bf16ws_512x128x128x64_2x4_16x16x16_0x0x0,0.0075,201.4,529.95
gfx942,228,3520,512,4096,False,torch.bfloat16,torch.bfloat16,False,False,opus,10210,2,68.8817,opus_gemm_gfx942_splitk_legacy_bf16ws_512x128x128x64_2x4_16x16x16_0x0x0,0.0051,214.34,531.85
gfx942,228,3648,512,4096,False,torch.bfloat16,torch.bfloat16,False,False,opus,10216,5,72.3213,opus_gemm_gfx942_splitk_quad_mfma32_bf16ws_256x256x256x32_2x2_32x32x8_6x0x0,0.0093,211.57,522.86
gfx942,228,3840,512,4096,False,torch.bfloat16,torch.bfloat16,False,False,opus,10216,5,75.2753,opus_gemm_gfx942_splitk_quad_mfma32_bf16ws_256x256x256x32_2x2_32x32x8_6x0x0,0.0093,213.96,525.85
gfx942,228,4032,512,4096,False,torch.bfloat16,torch.bfloat16,False,False,opus,10210,3,81.8299,opus_gemm_gfx942_splitk_legacy_bf16ws_512x128x128x64_2x4_16x16x16_0x0x0,0.0076,206.67,505.36
gfx942,228,4096,512,4096,False,torch.bfloat16,torch.bfloat16,False,False,opus,10216,5,77.7264,opus_gemm_gfx942_splitk_quad_mfma32_bf16ws_256x256x256x32_2x2_32x32x8_6x0x0,0.0093,221.03,539.62
gfx942,228,4224,512,4096,False,torch.bfloat16,torch.bfloat16,False,False,opus,10210,3,81.6326,opus_gemm_gfx942_splitk_legacy_bf16ws_512x128x128x64_2x4_16x16x16_0x0x0,0.0076,217.03,528.25
gfx942,228,4352,512,4096,False,torch.bfloat16,torch.bfloat16,False,False,opus,10216,5,81.1449,opus_gemm_gfx942_splitk_quad_mfma32_bf16ws_256x256x256x32_2x2_32x32x8_6x0x0,0.0093,224.95,545.97
gfx942,228,5120,512,4096,False,torch.bfloat16,torch.bfloat16,False,False,opus,10216,5,85.3265,opus_gemm_gfx942_splitk_quad_mfma32_bf16ws_256x256x256x32_2x2_32x32x8_6x0x0,0.0092,251.68,602.16
gfx942,228,5504,512,4096,False,torch.bfloat16,torch.bfloat16,False,False,opus,10000,0,99.4876,opus_gemm_gfx942_512x128x128x64_2x4_16x16x16_0x0x0,0.0,232.04,552.02
gfx942,228,6144,512,4096,False,torch.bfloat16,torch.bfloat16,False,False,opus,10000,0,102.7423,opus_gemm_gfx942_512x128x128x64_2x4_16x16x16_0x0x0,0.0,250.82,591.94
gfx942,228,6400,512,4096,False,torch.bfloat16,torch.bfloat16,False,False,opus,10000,0,100.7397,opus_gemm_gfx942_512x128x128x64_2x4_16x16x16_0x0x0,0.0,266.46,627.13
gfx942,228,6528,512,4096,False,torch.bfloat16,torch.bfloat16,False,False,opus,10000,0,102.8678,opus_gemm_gfx942_512x128x128x64_2x4_16x16x16_0x0x0,0.0,266.17,625.62
gfx942,228,6912,512,4096,False,torch.bfloat16,torch.bfloat16,False,False,opus,10000,0,103.5239,opus_gemm_gfx942_512x128x128x64_2x4_16x16x16_0x0x0,0.0,280.04,655.84
gfx942,228,7040,512,4096,False,torch.bfloat16,torch.bfloat16,False,False,opus,10000,0,104.056,opus_gemm_gfx942_512x128x128x64_2x4_16x16x16_0x0x0,0.0,283.77,663.82
gfx942,228,7168,512,4096,False,torch.bfloat16,torch.bfloat16,False,False,opus,10000,0,106.2791,opus_gemm_gfx942_512x128x128x64_2x4_16x16x16_0x0x0,0.0,282.89,661.04
gfx942,228,7296,512,4096,False,torch.bfloat16,torch.bfloat16,False,False,opus,10000,0,105.944,opus_gemm_gfx942_512x128x128x64_2x4_16x16x16_0x0x0,0.0,288.85,674.26
gfx942,228,1,1024,4096,False,torch.bfloat16,torch.bfloat16,False,False,flydsl,499,8,7.4219,flydsl_gemm3_abf16_wbf16_bf16_t16x64x128_split_k8_block_m_warp1_block_n_warp2_block_k_warp1_async_copyFalse_b_to_ldsTrue_b_preshuffleFalse_c_to_ldsFalse_gfx942,0.0215,1.13,1131.63
gfx942,228,2,1024,4096,False,torch.bfloat16,torch.bfloat16,False,False,flydsl,511,8,7.8638,flydsl_gemm3_abf16_wbf16_bf16_t16x64x64_split_k8_block_m_warp1_block_n_warp2_block_k_warp1_async_copyFalse_b_to_ldsTrue_b_preshuffleFalse_c_to_ldsFalse_gfx942,0.0171,2.13,1069.34
gfx942,228,4,1024,4096,False,torch.bfloat16,torch.bfloat16,False,False,flydsl,499,8,7.6348,flydsl_gemm3_abf16_wbf16_bf16_t16x64x128_split_k8_block_m_warp1_block_n_warp2_block_k_warp1_async_copyFalse_b_to_ldsTrue_b_preshuffleFalse_c_to_ldsFalse_gfx942,0.019,4.39,1104.1
gfx942,228,8,1024,4096,False,torch.bfloat16,torch.bfloat16,False,False,flydsl,851,8,7.7258,flydsl_gemm5_abf16_wbf16_bf16_t16x64x64_split_k8_block_m_warp1_block_n_warp2_block_k_warp1_async_copyFalse_b_to_ldsTrue_b_preshuffleFalse_c_to_ldsFalse_gfx942,0.0178,8.69,1096.39
gfx942,228,16,1024,4096,False,torch.bfloat16,torch.bfloat16,False,False,flydsl,499,8,7.9272,flydsl_gemm3_abf16_wbf16_bf16_t16x64x128_split_k8_block_m_warp1_block_n_warp2_block_k_warp1_async_copyFalse_b_to_ldsTrue_b_preshuffleFalse_c_to_ldsFalse_gfx942,0.0198,16.93,1078.87
gfx942,228,32,1024,4096,False,torch.bfloat16,torch.bfloat16,False,False,flydsl,104,8,9.5808,flydsl_gemm2_abf16_wbf16_bf16_t32x64x128_split_k8_block_m_warp1_block_n_warp4_block_k_warp1_async_copyFalse_b_to_ldsTrue_b_preshuffleFalse_c_to_ldsFalse_gfx942,0.0188,28.02,909.77
gfx942,228,48,1024,4096,False,torch.bfloat16,torch.bfloat16,False,False,opus,10302,0,10.9256,opus_gemm_gfx942_wkc_512x32x16x64_1x1_16x16x16_0x0x0,0.0,36.85,812.78
gfx942,228,64,1024,4096,False,torch.bfloat16,torch.bfloat16,False,False,opus,10302,0,11.1863,opus_gemm_gfx942_wkc_512x32x16x64_1x1_16x16x16_0x0x0,0.0,47.99,808.49
gfx942,228,80,1024,4096,False,torch.bfloat16,torch.bfloat16,False,False,opus,10302,0,11.5969,opus_gemm_gfx942_wkc_512x32x16x64_1x1_16x16x16_0x0x0,0.0,57.87,793.99
gfx942,228,96,1024,4096,False,torch.bfloat16,torch.bfloat16,False,False,opus,10302,0,12.3837,opus_gemm_gfx942_wkc_512x32x16x64_1x1_16x16x16_0x0x0,0.0,65.03,756.77
gfx942,228,112,1024,4096,False,torch.bfloat16,torch.bfloat16,False,False,opus,10305,0,12.9595,opus_gemm_gfx942_wkc_512x16x32x64_1x1_16x16x16_0x0x0,0.0,72.5,735.79
gfx942,228,128,1024,4096,False,torch.bfloat16,torch.bfloat16,False,False,asm,5,6,13.7067,_ZN5aiter39bf16gemm_fp32bf16_tn_64x64_splitk_cleanE,0.0153,78.34,707.63
gfx942,228,144,1024,4096,False,torch.bfloat16,torch.bfloat16,False,False,asm,3,4,15.1652,_ZN5aiter39bf16gemm_fp32bf16_tn_48x64_splitk_cleanE,0.012,79.65,650.38
gfx942,228,160,1024,4096,False,torch.bfloat16,torch.bfloat16,False,False,asm,5,4,15.9739,_ZN5aiter39bf16gemm_fp32bf16_tn_64x64_splitk_cleanE,0.0113,84.02,627.71
gfx942,228,176,1024,4096,False,torch.bfloat16,torch.bfloat16,False,False,asm,8,7,16.3806,_ZN5aiter39bf16gemm_fp32bf16_tn_96x64_splitk_cleanE,0.0169,90.13,622.13
gfx942,228,192,1024,4096,False,torch.bfloat16,torch.bfloat16,False,False,asm,5,4,17.3479,_ZN5aiter39bf16gemm_fp32bf16_tn_64x64_splitk_cleanE,0.0119,92.84,596.88
gfx942,228,208,1024,4096,False,torch.bfloat16,torch.bfloat16,False,False,asm,5,3,18.7721,_ZN5aiter39bf16gemm_fp32bf16_tn_64x64_splitk_cleanE,0.0087,92.95,560.33
gfx942,228,224,1024,4096,False,torch.bfloat16,torch.bfloat16,False,False,asm,5,3,18.9297,_ZN5aiter39bf16gemm_fp32bf16_tn_64x64_splitk_cleanE,0.0087,99.26,564.32
gfx942,228,240,1024,4096,False,torch.bfloat16,torch.bfloat16,False,False,asm,5,3,18.7334,_ZN5aiter39bf16gemm_fp32bf16_tn_64x64_splitk_cleanE,0.0087,107.47,578.98
gfx942,228,256,1024,4096,False,torch.bfloat16,torch.bfloat16,False,False,opus,10201,0,20.1205,opus_gemm_gfx942_splitk_p1_256x64x64x64_2x2_16x16x16_0x0x0,0.0,106.73,547.21
gfx942,228,960,1024,4096,False,torch.bfloat16,torch.bfloat16,False,False,opus,10210,3,43.4666,opus_gemm_gfx942_splitk_legacy_bf16ws_512x128x128x64_2x4_16x16x16_0x0x0,0.0076,185.27,419.15
gfx942,228,992,1024,4096,False,torch.bfloat16,torch.bfloat16,False,False,opus,10210,3,46.6622,opus_gemm_gfx942_splitk_legacy_bf16ws_512x128x128x64_2x4_16x16x16_0x0x0,0.0077,178.33,397.47
gfx942,228,1024,1024,4096,False,torch.bfloat16,torch.bfloat16,False,False,opus,10204,2,47.7437,opus_gemm_gfx942_splitk_em3en4_lds1_pgr2_256x128x96x128_2x2_16x16x16_0x0x0,0.002,179.92,395.33
gfx942,228,1088,1024,4096,False,torch.bfloat16,torch.bfloat16,False,False,opus,10210,3,45.7143,opus_gemm_gfx942_splitk_legacy_bf16ws_512x128x128x64_2x4_16x16x16_0x0x0,0.0077,199.65,427.21
gfx942,228,1152,1024,4096,False,torch.bfloat16,torch.bfloat16,False,False,opus,10204,2,48.6406,opus_gemm_gfx942_splitk_em3en4_lds1_pgr2_256x128x96x128_2x2_16x16x16_0x0x0,0.0027,198.68,414.98
gfx942,228,1280,1024,4096,False,torch.bfloat16,torch.bfloat16,False,False,opus,10204,2,51.7801,opus_gemm_gfx942_splitk_em3en4_lds1_pgr2_256x128x96x128_2x2_16x16x16_0x0x0,0.0014,207.37,415.14
gfx942,228,1344,1024,4096,False,torch.bfloat16,torch.bfloat16,False,False,opus,10210,2,59.3143,opus_gemm_gfx942_splitk_legacy_bf16ws_512x128x128x64_2x4_16x16x16_0x0x0,0.0051,190.08,373.45
gfx942,228,1856,1024,4096,False,torch.bfloat16,torch.bfloat16,False,False,opus,10216,6,74.1237,opus_gemm_gfx942_splitk_quad_mfma32_bf16ws_256x256x256x32_2x2_32x32x8_6x0x0,0.0098,210.04,369.57
gfx942,228,2048,1024,4096,False,torch.bfloat16,torch.bfloat16,False,False,opus,10216,5,75.483,opus_gemm_gfx942_splitk_quad_mfma32_bf16ws_256x256x256x32_2x2_32x32x8_6x0x0,0.0094,227.6,388.96
gfx942,228,2112,1024,4096,False,torch.bfloat16,torch.bfloat16,False,False,opus,10216,6,79.9065,opus_gemm_gfx942_splitk_quad_mfma32_bf16ws_256x256x256x32_2x2_32x32x8_6x0x0,0.0097,221.72,375.63
gfx942,228,2176,1024,4096,False,torch.bfloat16,torch.bfloat16,False,False,opus,10210,3,84.504,opus_gemm_gfx942_splitk_legacy_bf16ws_512x128x128x64_2x4_16x16x16_0x0x0,0.0076,216.01,362.95
gfx942,228,2240,1024,4096,False,torch.bfloat16,torch.bfloat16,False,False,opus,10204,1,87.0204,opus_gemm_gfx942_splitk_em3en4_lds1_pgr2_256x128x96x128_2x2_16x16x16_0x0x0,0.0009,215.93,359.99
gfx942,228,2304,1024,4096,False,torch.bfloat16,torch.bfloat16,False,False,opus,10216,6,78.5536,opus_gemm_gfx942_splitk_quad_mfma32_bf16ws_256x256x256x32_2x2_32x32x8_6x0x0,0.0098,246.04,407.13
gfx942,228,2560,1024,4096,False,torch.bfloat16,torch.bfloat16,False,False,opus,10216,5,87.732,opus_gemm_gfx942_splitk_quad_mfma32_bf16ws_256x256x256x32_2x2_32x32x8_6x0x0,0.0093,244.78,394.42
gfx942,228,2624,1024,4096,False,torch.bfloat16,torch.bfloat16,False,False,opus,10216,5,92.68,opus_gemm_gfx942_splitk_quad_mfma32_bf16ws_256x256x256x32_2x2_32x32x8_6x0x0,0.0093,237.5,380.43
gfx942,228,2816,1024,4096,False,torch.bfloat16,torch.bfloat16,False,False,opus,10216,5,90.7806,opus_gemm_gfx942_splitk_quad_mfma32_bf16ws_256x256x256x32_2x2_32x32x8_6x0x0,0.0093,260.21,410.05
gfx942,228,2880,1024,4096,False,torch.bfloat16,torch.bfloat16,False,False,opus,10000,0,101.525,opus_gemm_gfx942_512x128x128x64_2x4_16x16x16_0x0x0,0.0,237.96,373.11
gfx942,228,3072,1024,4096,False,torch.bfloat16,torch.bfloat16,False,False,opus,10210,1,104.033,opus_gemm_gfx942_splitk_legacy_bf16ws_512x128x128x64_2x4_16x16x16_0x0x0,0.0,247.71,383.01
gfx942,228,3200,1024,4096,False,torch.bfloat16,torch.bfloat16,False,False,opus,10210,1,105.012,opus_gemm_gfx942_splitk_legacy_bf16ws_512x128x128x64_2x4_16x16x16_0x0x0,0.0,255.62,391.92
gfx942,228,3328,1024,4096,False,torch.bfloat16,torch.bfloat16,False,False,opus,10000,0,107.582,opus_gemm_gfx942_512x128x128x64_2x4_16x16x16_0x0x0,0.0,259.5,394.74
gfx942,228,3520,1024,4096,False,torch.bfloat16,torch.bfloat16,False,False,opus,10000,0,98.5954,opus_gemm_gfx942_512x128x128x64_2x4_16x16x16_0x0x0,0.0,299.49,450.66
gfx942,228,3584,1024,4096,False,torch.bfloat16,torch.bfloat16,False,False,opus,10000,0,99.7831,opus_gemm_gfx942_512x128x128x64_2x4_16x16x16_0x0x0,0.0,301.3,451.87
gfx942,228,3648,1024,4096,False,torch.bfloat16,torch.bfloat16,False,False,opus,10216,2,125.8728,opus_gemm_gfx942_splitk_quad_mfma32_bf16ws_256x256x256x32_2x2_32x32x8_6x0x0,0.0051,243.12,363.42
gfx942,228,3840,1024,4096,False,torch.bfloat16,torch.bfloat16,False,False,opus,10216,2,133.483,opus_gemm_gfx942_splitk_quad_mfma32_bf16ws_256x256x256x32_2x2_32x32x8_6x0x0,0.0051,241.32,357.43
gfx942,228,4096,1024,4096,False,torch.bfloat16,torch.bfloat16,False,False,opus,10216,5,143.7564,opus_gemm_gfx942_splitk_quad_mfma32_bf16ws_256x256x256x32_2x2_32x32x8_6x0x0,0.0093,239.01,350.12
gfx942,228,4224,1024,4096,False,torch.bfloat16,torch.bfloat16,False,False,opus,10216,2,147.3795,opus_gemm_gfx942_splitk_quad_mfma32_bf16ws_256x256x256x32_2x2_32x32x8_6x0x0,0.0051,240.42,350.4
gfx942,228,4352,1024,4096,False,torch.bfloat16,torch.bfloat16,False,False,opus,10216,5,148.1985,opus_gemm_gfx942_splitk_quad_mfma32_bf16ws_256x256x256x32_2x2_32x32x8_6x0x0,0.0093,246.34,357.31
gfx942,228,4736,1024,4096,False,torch.bfloat16,torch.bfloat16,False,False,opus,10216,2,152.2217,opus_gemm_gfx942_splitk_quad_mfma32_bf16ws_256x256x256x32_2x2_32x32x8_6x0x0,0.0052,260.99,373.7
gfx942,228,5120,1024,4096,False,torch.bfloat16,torch.bfloat16,False,False,opus,10216,0,152.5797,opus_gemm_gfx942_splitk_quad_mfma32_bf16ws_256x256x256x32_2x2_32x32x8_6x0x0,0.0052,281.49,398.59
gfx942,228,5248,1024,4096,False,torch.bfloat16,torch.bfloat16,False,False,opus,10216,2,153.5678,opus_gemm_gfx942_splitk_quad_mfma32_bf16ws_256x256x256x32_2x2_32x32x8_6x0x0,0.0052,286.67,404.56
gfx942,228,5504,1024,4096,False,torch.bfloat16,torch.bfloat16,False,False,opus,10216,0,161.8121,opus_gemm_gfx942_splitk_quad_mfma32_bf16ws_256x256x256x32_2x2_32x32x8_6x0x0,0.0051,285.34,400.15
gfx942,228,6144,1024,4096,False,torch.bfloat16,torch.bfloat16,False,False,opus,10216,0,177.1381,opus_gemm_gfx942_splitk_quad_mfma32_bf16ws_256x256x256x32_2x2_32x32x8_6x0x0,0.0051,290.96,402.53
gfx942,228,6400,1024,4096,False,torch.bfloat16,torch.bfloat16,False,False,opus,10000,0,185.5652,opus_gemm_gfx942_512x128x128x64_2x4_16x16x16_0x0x0,0.0,289.32,398.38
gfx942,228,6528,1024,4096,False,torch.bfloat16,torch.bfloat16,False,False,opus,10216,2,174.3481,opus_gemm_gfx942_splitk_quad_mfma32_bf16ws_256x256x256x32_2x2_32x32x8_6x0x0,0.0051,314.09,431.52
gfx942,228,6912,1024,4096,False,torch.bfloat16,torch.bfloat16,False,False,opus,10216,0,190.4536,opus_gemm_gfx942_splitk_quad_mfma32_bf16ws_256x256x256x32_2x2_32x32x8_6x0x0,0.0051,304.44,415.68
gfx942,228,7040,1024,4096,False,torch.bfloat16,torch.bfloat16,False,False,opus,10000,0,191.7756,opus_gemm_gfx942_512x128x128x64_2x4_16x16x16_0x0x0,0.0,307.94,419.65
gfx942,228,7168,1024,4096,False,torch.bfloat16,torch.bfloat16,False,False,opus,10000,0,191.224,opus_gemm_gfx942_512x128x128x64_2x4_16x16x16_0x0x0,0.0,314.45,427.71
gfx942,228,7296,1024,4096,False,torch.bfloat16,torch.bfloat16,False,False,opus,10000,0,189.4809,opus_gemm_gfx942_512x128x128x64_2x4_16x16x16_0x0x0,0.0,323.01,438.56
gfx942,228,7424,1024,4096,False,torch.bfloat16,torch.bfloat16,False,False,triton,0,0,246.6037,auto,0.0,252.54,342.29
gfx942,228,7552,1024,4096,False,torch.bfloat16,torch.bfloat16,False,False,opus,10216,1,246.6707,opus_gemm_gfx942_splitk_quad_mfma32_bf16ws_256x256x256x32_2x2_32x32x8_6x0x0,0.0,256.82,347.51
gfx942,228,7680,1024,4096,False,torch.bfloat16,torch.bfloat16,False,False,opus,10216,1,249.0362,opus_gemm_gfx942_splitk_quad_mfma32_bf16ws_256x256x256x32_2x2_32x32x8_6x0x0,0.0,258.7,349.47
gfx942,228,7808,1024,4096,False,torch.bfloat16,torch.bfloat16,False,False,opus,10216,1,259.5512,opus_gemm_gfx942_splitk_quad_mfma32_bf16ws_256x256x256x32_2x2_32x32x8_6x0x0,0.0,252.35,340.37
gfx942,228,7936,1024,4096,False,torch.bfloat16,torch.bfloat16,False,False,triton,0,0,247.5555,auto,0.0,268.92,362.15
gfx942,228,8064,1024,4096,False,torch.bfloat16,torch.bfloat16,False,False,opus,10216,1,255.4436,opus_gemm_gfx942_splitk_quad_mfma32_bf16ws_256x256x256x32_2x2_32x32x8_6x0x0,0.0,264.82,356.1
gfx942,228,8192,1024,4096,False,torch.bfloat16,torch.bfloat16,False,False,triton,0,0,242.8798,auto,0.0,282.94,379.92
gfx942,228,1,2048,4096,False,torch.bfloat16,torch.bfloat16,False,False,opus,10300,0,9.6592,opus_gemm_gfx942_wkc_512x16x16x64_1x1_16x16x16_0x0x0,0.0,1.74,1738.19
gfx942,228,1,2048,6144,False,torch.bfloat16,torch.float32,False,False,asm,1,5,13.7245,_ZN5aiter39bf16gemm_fp32bf16_tn_32x64_splitk_cleanE,0.0,1.83,1834.84
gfx942,228,2,2048,4096,False,torch.bfloat16,torch.bfloat16,False,False,opus,10300,0,9.5333,opus_gemm_gfx942_wkc_512x16x16x64_1x1_16x16x16_0x0x0,0.0,3.52,1762.43
gfx942,228,2,2048,6144,False,torch.bfloat16,torch.float32,False,False,asm,1,5,13.3881,_ZN5aiter39bf16gemm_fp32bf16_tn_32x64_splitk_cleanE,0.0,3.76,1882.16
gfx942,228,4,2048,4096,False,torch.bfloat16,torch.bfloat16,False,False,opus,10300,0,9.7888,opus_gemm_gfx942_wkc_512x16x16x64_1x1_16x16x16_0x0x0,0.0,6.86,1718.94
gfx942,228,4,2048,6144,False,torch.bfloat16,torch.float32,False,False,asm,3,7,13.9424,_ZN5aiter39bf16gemm_fp32bf16_tn_48x64_splitk_cleanE,0.0,7.22,1809.69
gfx942,228,8,2048,4096,False,torch.bfloat16,torch.bfloat16,False,False,opus,10300,0,9.3943,opus_gemm_gfx942_wkc_512x16x16x64_1x1_16x16x16_0x0x0,0.0,14.29,1796.36
gfx942,228,8,2048,6144,False,torch.bfloat16,torch.float32,False,False,asm,3,7,13.8758,_ZN5aiter39bf16gemm_fp32bf16_tn_48x64_splitk_cleanE,0.0,14.51,1823.09
gfx942,228,16,2048,4096,False,torch.bfloat16,torch.bfloat16,False,False,flydsl,496,4,10.9783,flydsl_gemm3_abf16_wbf16_bf16_t16x64x128_split_k4_block_m_warp1_block_n_warp2_block_k_warp1_async_copyFalse_b_to_ldsTrue_b_preshuffleFalse_c_to_ldsFalse_gfx942,0.0119,24.45,1546.12
gfx942,228,16,2048,6144,False,torch.bfloat16,torch.float32,False,False,asm,3,6,14.7346,_ZN5aiter39bf16gemm_fp32bf16_tn_48x64_splitk_cleanE,0.0,27.33,1725.73
gfx942,228,32,2048,4096,False,torch.bfloat16,torch.bfloat16,False,False,opus,10302,0,12.3731,opus_gemm_gfx942_wkc_512x32x16x64_1x1_16x16x16_0x0x0,0.0,43.39,1387.72
gfx942,228,32,2048,6144,False,torch.bfloat16,torch.float32,False,False,asm,1,6,15.799,_ZN5aiter39bf16gemm_fp32bf16_tn_32x64_splitk_cleanE,0.0,50.97,1626.06
gfx942,228,48,2048,4096,False,torch.bfloat16,torch.bfloat16,False,False,asm,3,6,13.4249,_ZN5aiter39bf16gemm_fp32bf16_tn_48x64_splitk_cleanE,0.0165,59.99,1293.64
gfx942,228,64,2048,4096,False,torch.bfloat16,torch.bfloat16,False,False,asm,5,6,13.9674,_ZN5aiter39bf16gemm_fp32bf16_tn_64x64_splitk_cleanE,0.0162,76.87,1257.47
gfx942,228,64,2048,6144,False,torch.bfloat16,torch.float32,False,False,asm,5,6,18.8449,_ZN5aiter39bf16gemm_fp32bf16_tn_64x64_splitk_cleanE,0.0,85.47,1391.06
gfx942,228,80,2048,4096,False,torch.bfloat16,torch.bfloat16,False,False,asm,8,7,16.3573,_ZN5aiter39bf16gemm_fp32bf16_tn_96x64_splitk_cleanE,0.0174,82.05,1085.77
gfx942,228,96,2048,4096,False,torch.bfloat16,torch.bfloat16,False,False,asm,8,7,17.267,_ZN5aiter39bf16gemm_fp32bf16_tn_96x64_splitk_cleanE,0.0176,93.28,1039.95
gfx942,228,112,2048,4096,False,torch.bfloat16,torch.bfloat16,False,False,asm,5,3,18.959,_ZN5aiter39bf16gemm_fp32bf16_tn_64x64_splitk_cleanE,0.0088,99.11,957.51
gfx942,228,128,2048,4096,False,torch.bfloat16,torch.bfloat16,False,False,asm,5,3,20.0599,_ZN5aiter39bf16gemm_fp32bf16_tn_64x64_splitk_cleanE,0.0086,107.05,914.76
gfx942,228,128,2048,6144,False,torch.bfloat16,torch.float32,False,False,opus,10204,6,28.5577,opus_gemm_gfx942_splitk_em3en4_lds1_pgr2_256x128x96x128_2x2_16x16x16_0x0x0,0.0056,112.8,954.66
gfx942,228,144,2048,4096,False,torch.bfloat16,torch.bfloat16,False,False,asm,7,3,23.6015,_ZN5aiter39bf16gemm_fp32bf16_tn_80x64_splitk_cleanE,0.0087,102.36,785.83
gfx942,228,160,2048,4096,False,torch.bfloat16,torch.bfloat16,False,False,asm,7,3,23.5518,_ZN5aiter39bf16gemm_fp32bf16_tn_80x64_splitk_cleanE,0.0087,113.98,795.83
gfx942,228,176,2048,4096,False,torch.bfloat16,torch.bfloat16,False,False,opus,10201,3,25.3088,opus_gemm_gfx942_splitk_p1_256x64x64x64_2x2_16x16x16_0x0x0,0.0,116.67,748.35
gfx942,228,192,2048,4096,False,torch.bfloat16,torch.bfloat16,False,False,opus,10210,6,26.1973,opus_gemm_gfx942_splitk_legacy_bf16ws_512x128x128x64_2x4_16x16x16_0x0x0,0.0099,122.96,730.48
gfx942,228,192,2048,6144,False,torch.bfloat16,torch.float32,False,False,opus,10201,3,36.1162,opus_gemm_gfx942_splitk_p1_256x64x64x64_2x2_16x16x16_0x0x0,0.0,133.79,783.9
gfx942,228,208,2048,4096,False,torch.bfloat16,torch.bfloat16,False,False,opus,10210,6,26.7044,opus_gemm_gfx942_splitk_legacy_bf16ws_512x128x128x64_2x4_16x16x16_0x0x0,0.0099,130.68,723.97
gfx942,228,224,2048,4096,False,torch.bfloat16,torch.bfloat16,False,False,opus,10210,6,26.9255,opus_gemm_gfx942_splitk_legacy_bf16ws_512x128x128x64_2x4_16x16x16_0x0x0,0.0098,139.57,725.32
gfx942,228,240,2048,4096,False,torch.bfloat16,torch.bfloat16,False,False,opus,10210,6,28.5656,opus_gemm_gfx942_splitk_legacy_bf16ws_512x128x128x64_2x4_16x16x16_0x0x0,0.0098,140.96,690.56
gfx942,228,256,2048,4096,False,torch.bfloat16,torch.bfloat16,False,False,opus,10210,6,29.4455,opus_gemm_gfx942_splitk_legacy_bf16ws_512x128x128x64_2x4_16x16x16_0x0x0,0.0099,145.86,676.6
gfx942,228,256,2048,6144,False,torch.bfloat16,torch.float32,False,False,opus,10200,6,43.021,opus_gemm_gfx942_splitk_legacy_512x128x128x64_2x4_16x16x16_0x0x0,0.0,149.75,682.46
gfx942,228,320,2048,6144,False,torch.bfloat16,torch.float32,False,False,opus,10204,3,51.6577,opus_gemm_gfx942_splitk_em3en4_lds1_pgr2_256x128x96x128_2x2_16x16x16_0x0x0,0.0025,155.89,588.66
gfx942,228,512,2048,6144,False,torch.bfloat16,torch.float32,False,False,opus,10200,3,68.4746,opus_gemm_gfx942_splitk_legacy_512x128x128x64_2x4_16x16x16_0x0x0,0.0,188.17,490.03
gfx942,228,960,2048,4096,False,torch.bfloat16,torch.bfloat16,False,False,opus,10210,3,78.1416,opus_gemm_gfx942_splitk_legacy_bf16ws_512x128x128x64_2x4_16x16x16_0x0x0,0.0076,206.11,365.67
gfx942,228,992,2048,4096,False,torch.bfloat16,torch.bfloat16,False,False,opus,10204,1,80.5743,opus_gemm_gfx942_splitk_em3en4_lds1_pgr2_256x128x96x128_2x2_16x16x16_0x0x0,0.0005,206.55,359.51
gfx942,228,1024,2048,4096,False,torch.bfloat16,torch.bfloat16,False,False,opus,10216,5,77.773,opus_gemm_gfx942_splitk_quad_mfma32_bf16ws_256x256x256x32_2x2_32x32x8_6x0x0,0.0093,220.9,377.51
gfx942,228,1024,2048,6144,False,torch.bfloat16,torch.float32,False,False,opus,10200,3,123.9062,opus_gemm_gfx942_splitk_legacy_512x128x128x64_2x4_16x16x16_0x0x0,0.0,207.98,338.51
gfx942,228,1088,2048,4096,False,torch.bfloat16,torch.bfloat16,False,False,opus,10210,3,83.0532,opus_gemm_gfx942_splitk_legacy_bf16ws_512x128x128x64_2x4_16x16x16_0x0x0,0.0076,219.78,362.98
gfx942,228,1152,2048,4096,False,torch.bfloat16,torch.bfloat16,False,False,opus,10210,3,81.8276,opus_gemm_gfx942_splitk_legacy_bf16ws_512x128x128x64_2x4_16x16x16_0x0x0,0.0076,236.2,378.03
gfx942,228,1280,2048,4096,False,torch.bfloat16,torch.bfloat16,False,False,opus,10000,0,91.2948,opus_gemm_gfx942_512x128x128x64_2x4_16x16x16_0x0x0,0.0,235.23,356.05
gfx942,228,1344,2048,4096,False,torch.bfloat16,torch.bfloat16,False,False,opus,10000,0,89.1286,opus_gemm_gfx942_512x128x128x64_2x4_16x16x16_0x0x0,0.0,252.99,373.53
gfx942,228,1856,2048,4096,False,torch.bfloat16,torch.bfloat16,False,False,opus,10210,2,134.7145,opus_gemm_gfx942_splitk_legacy_bf16ws_512x128x128x64_2x4_16x16x16_0x0x0,0.0051,231.14,293.83
gfx942,228,2048,2048,4096,False,torch.bfloat16,torch.bfloat16,False,False,opus,10216,2,146.5077,opus_gemm_gfx942_splitk_quad_mfma32_bf16ws_256x256x256x32_2x2_32x32x8_6x0x0,0.0051,234.53,286.29
gfx942,228,2048,2048,6144,False,torch.bfloat16,torch.float32,False,False,opus,10204,1,217.3368,opus_gemm_gfx942_splitk_em3en4_lds1_pgr2_256x128x96x128_2x2_16x16x16_0x0x0,0.0012,237.14,270.18
gfx942,228,2112,2048,4096,False,torch.bfloat16,torch.bfloat16,False,False,opus,10216,2,134.4033,opus_gemm_gfx942_splitk_quad_mfma32_bf16ws_256x256x256x32_2x2_32x32x8_6x0x0,0.0051,263.64,317.92
gfx942,228,2176,2048,4096,False,torch.bfloat16,torch.bfloat16,False,False,opus,10216,2,145.3098,opus_gemm_gfx942_splitk_quad_mfma32_bf16ws_256x256x256x32_2x2_32x32x8_6x0x0,0.0051,251.24,299.47
gfx942,228,2240,2048,4096,False,torch.bfloat16,torch.bfloat16,False,False,opus,10216,2,154.3208,opus_gemm_gfx942_splitk_quad_mfma32_bf16ws_256x256x256x32_2x2_32x32x8_6x0x0,0.0051,243.52,287.08
gfx942,228,2304,2048,4096,False,torch.bfloat16,torch.bfloat16,False,False,opus,10216,2,146.7146,opus_gemm_gfx942_splitk_quad_mfma32_bf16ws_256x256x256x32_2x2_32x32x8_6x0x0,0.0051,263.47,307.32
gfx942,228,2560,2048,4096,False,torch.bfloat16,torch.bfloat16,False,False,opus,10216,2,152.7316,opus_gemm_gfx942_splitk_quad_mfma32_bf16ws_256x256x256x32_2x2_32x32x8_6x0x0,0.0051,281.21,315.81
gfx942,228,2624,2048,4096,False,torch.bfloat16,torch.bfloat16,False,False,opus,10216,2,158.7715,opus_gemm_gfx942_splitk_quad_mfma32_bf16ws_256x256x256x32_2x2_32x32x8_6x0x0,0.0051,277.28,308.75
gfx942,228,2816,2048,4096,False,torch.bfloat16,torch.bfloat16,False,False,opus,10216,0,157.7574,opus_gemm_gfx942_splitk_quad_mfma32_bf16ws_256x256x256x32_2x2_32x32x8_6x0x0,0.0051,299.48,325.69
gfx942,228,2880,2048,4096,False,torch.bfloat16,torch.bfloat16,False,False,opus,10216,0,169.4342,opus_gemm_gfx942_splitk_quad_mfma32_bf16ws_256x256x256x32_2x2_32x32x8_6x0x0,0.0051,285.17,307.89
gfx942,228,3072,2048,4096,False,torch.bfloat16,torch.bfloat16,False,False,opus,10216,0,160.2152,opus_gemm_gfx942_splitk_quad_mfma32_bf16ws_256x256x256x32_2x2_32x32x8_6x0x0,0.0051,321.69,340.33
gfx942,228,3200,2048,4096,False,torch.bfloat16,torch.bfloat16,False,False,opus,10216,0,166.3247,opus_gemm_gfx942_splitk_quad_mfma32_bf16ws_256x256x256x32_2x2_32x32x8_6x0x0,0.0051,322.78,337.28
gfx942,228,3328,2048,4096,False,torch.bfloat16,torch.bfloat16,False,False,opus,10216,0,173.4478,opus_gemm_gfx942_splitk_quad_mfma32_bf16ws_256x256x256x32_2x2_32x32x8_6x0x0,0.0051,321.91,332.5
gfx942,228,3520,2048,4096,False,torch.bfloat16,torch.bfloat16,False,False,opus,10216,0,187.0924,opus_gemm_gfx942_splitk_quad_mfma32_bf16ws_256x256x256x32_2x2_32x32x8_6x0x0,0.0051,315.65,320.86
gfx942,228,3584,2048,4096,False,torch.bfloat16,torch.bfloat16,False,False,opus,10216,0,177.6976,opus_gemm_gfx942_splitk_quad_mfma32_bf16ws_256x256x256x32_2x2_32x32x8_6x0x0,0.0051,338.38,342.25
gfx942,228,3648,2048,4096,False,torch.bfloat16,torch.bfloat16,False,False,opus,10006,0,229.4229,opus_gemm_gfx942_quad_mfma32_256x256x256x32_2x2_32x32x8_0x0x0,0.0,266.77,268.52
gfx942,228,3840,2048,4096,False,torch.bfloat16,torch.bfloat16,False,False,triton,0,0,243.6678,auto,0.0,264.39,262.5
gfx942,228,4032,2048,4096,False,torch.bfloat16,torch.bfloat16,False,False,opus,10006,0,273.6377,opus_gemm_gfx942_quad_mfma32_256x256x256x32_2x2_32x32x8_0x0x0,0.0,247.21,242.37
gfx942,228,4096,2048,4096,False,torch.bfloat16,torch.bfloat16,False,False,triton,0,0,244.2548,auto,0.0,281.34,274.75
gfx942,228,4224,2048,4096,False,torch.bfloat16,torch.bfloat16,False,False,opus,10006,0,254.3002,opus_gemm_gfx942_quad_mfma32_256x256x256x32_2x2_32x32x8_0x0x0,0.0,278.67,270.08
gfx942,228,4352,2048,4096,False,torch.bfloat16,torch.bfloat16,False,False,triton,0,0,244.4491,auto,0.0,298.69,287.4
gfx942,228,4736,2048,4096,False,torch.bfloat16,torch.bfloat16,False,False,opus,10216,1,269.6468,opus_gemm_gfx942_splitk_quad_mfma32_bf16ws_256x256x256x32_2x2_32x32x8_6x0x0,0.0,294.67,278.04
gfx942,228,5120,2048,4096,False,torch.bfloat16,torch.bfloat16,False,False,triton,0,0,266.361,auto,0.0,322.49,299.19
gfx942,228,5248,2048,4096,False,torch.bfloat16,torch.bfloat16,False,False,opus,10216,1,282.4012,opus_gemm_gfx942_splitk_quad_mfma32_bf16ws_256x256x256x32_2x2_32x32x8_6x0x0,0.0,311.78,287.76
gfx942,228,5504,2048,4096,False,torch.bfloat16,torch.bfloat16,False,False,opus,10006,0,292.1147,opus_gemm_gfx942_quad_mfma32_256x256x256x32_2x2_32x32x8_0x0x0,0.0,316.11,288.96
gfx942,228,6144,2048,4096,False,torch.bfloat16,torch.bfloat16,False,False,triton,0,0,269.9219,auto,0.0,381.89,341.86
gfx942,228,6400,2048,4096,False,torch.bfloat16,torch.bfloat16,False,False,triton,0,0,288.6753,auto,0.0,371.95,330.55
gfx942,228,6528,2048,4096,False,torch.bfloat16,torch.bfloat16,False,False,opus,10006,0,296.5411,opus_gemm_gfx942_quad_mfma32_256x256x256x32_2x2_32x32x8_0x0x0,0.0,369.33,327.08
gfx942,228,6912,2048,4096,False,torch.bfloat16,torch.bfloat16,False,False,triton,0,0,308.3338,auto,0.0,376.1,329.88
gfx942,228,7040,2048,4096,False,torch.bfloat16,torch.bfloat16,False,False,opus,10006,0,306.5146,opus_gemm_gfx942_quad_mfma32_256x256x256x32_2x2_32x32x8_0x0x0,0.0,385.34,336.97
gfx942,228,7168,2048,4096,False,torch.bfloat16,torch.bfloat16,False,False,triton,0,0,311.6694,auto,0.0,385.85,336.44
gfx942,228,7296,2048,4096,False,torch.bfloat16,torch.bfloat16,False,False,opus,10000,0,410.4154,opus_gemm_gfx942_512x128x128x64_2x4_16x16x16_0x0x0,0.0,298.25,259.32
gfx942,228,7424,2048,4096,False,torch.bfloat16,torch.bfloat16,False,False,opus,10216,2,418.4143,opus_gemm_gfx942_splitk_quad_mfma32_bf16ws_256x256x256x32_2x2_32x32x8_6x0x0,0.0051,297.68,258.13
gfx942,228,7552,2048,4096,False,torch.bfloat16,torch.bfloat16,False,False,opus,10000,0,423.5843,opus_gemm_gfx942_512x128x128x64_2x4_16x16x16_0x0x0,0.0,299.12,258.69
gfx942,228,7680,2048,4096,False,torch.bfloat16,torch.bfloat16,False,False,opus,10216,2,416.3189,opus_gemm_gfx942_splitk_quad_mfma32_bf16ws_256x256x256x32_2x2_32x32x8_6x0x0,0.0051,309.5,266.98
gfx942,228,7808,2048,4096,False,torch.bfloat16,torch.bfloat16,False,False,opus,10216,2,430.2158,opus_gemm_gfx942_splitk_quad_mfma32_bf16ws_256x256x256x32_2x2_32x32x8_6x0x0,0.0051,304.49,262.01
gfx942,228,7936,2048,4096,False,torch.bfloat16,torch.bfloat16,False,False,opus,10216,2,472.7859,opus_gemm_gfx942_splitk_quad_mfma32_bf16ws_256x256x256x32_2x2_32x32x8_6x0x0,0.0051,281.62,241.75
gfx942,228,8064,2048,4096,False,torch.bfloat16,torch.bfloat16,False,False,opus,10000,0,454.1097,opus_gemm_gfx942_512x128x128x64_2x4_16x16x16_0x0x0,0.0,297.93,255.15
gfx942,228,8192,2048,4096,False,torch.bfloat16,torch.bfloat16,False,False,triton,0,0,473.4558,auto,0.0,290.29,248.05
gfx942,228,8192,2048,6144,False,torch.bfloat16,torch.float32,False,False,flydsl,27,1,865.1096,flydsl_gemm2_abf16_wbf16_bf16_t128x128x64_split_k1_block_m_warp2_block_n_warp4_block_k_warp1_async_copyFalse_b_to_ldsTrue_b_preshuffleFalse_c_to_ldsFalse_gfx942,0.0,238.3,184.24
gfx942,228,16384,2048,6144,False,torch.bfloat16,torch.float32,False,False,flydsl,31,1,1617.8921,flydsl_gemm2_abf16_wbf16_bf16_t128x128x64_split_k1_block_m_warp4_block_n_warp2_block_k_warp1_async_copyFalse_b_to_ldsTrue_b_preshuffleFalse_c_to_ldsFalse_gfx942,0.0,254.85,181.47
gfx942,228,1,3072,6144,False,torch.bfloat16,torch.float32,False,False,asm,1,4,16.2953,_ZN5aiter39bf16gemm_fp32bf16_tn_32x64_splitk_cleanE,0.0,2.32,2317.67
gfx942,228,2,3072,6144,False,torch.bfloat16,torch.float32,False,False,asm,1,4,16.3607,_ZN5aiter39bf16gemm_fp32bf16_tn_32x64_splitk_cleanE,0.0,4.61,2309.53
gfx942,228,4,3072,6144,False,torch.bfloat16,torch.float32,False,False,asm,1,4,16.5073,_ZN5aiter39bf16gemm_fp32bf16_tn_32x64_splitk_cleanE,0.0,9.15,2291.26
gfx942,228,8,3072,6144,False,torch.bfloat16,torch.float32,False,False,asm,1,4,17.4733,_ZN5aiter39bf16gemm_fp32bf16_tn_32x64_splitk_cleanE,0.0,17.28,2168.81
gfx942,228,16,3072,6144,False,torch.bfloat16,torch.float32,False,False,asm,1,4,17.6554,_ZN5aiter39bf16gemm_fp32bf16_tn_32x64_splitk_cleanE,0.0,34.21,2154.79
gfx942,228,32,3072,6144,False,torch.bfloat16,torch.float32,False,False,asm,1,4,19.5677,_ZN5aiter39bf16gemm_fp32bf16_tn_32x64_splitk_cleanE,0.0,61.73,1959.28
gfx942,228,64,3072,6144,False,torch.bfloat16,torch.float32,False,False,asm,5,4,24.4922,_ZN5aiter39bf16gemm_fp32bf16_tn_64x64_splitk_cleanE,0.0,98.64,1589.42
gfx942,228,128,3072,6144,False,torch.bfloat16,torch.float32,False,False,opus,10204,4,37.777,opus_gemm_gfx942_splitk_em3en4_lds1_pgr2_256x128x96x128_2x2_16x16x16_0x0x0,0.0041,127.9,1061.71
gfx942,228,192,3072,6144,False,torch.bfloat16,torch.float32,False,False,opus,10201,0,48.1308,opus_gemm_gfx942_splitk_p1_256x64x64x64_2x2_16x16x16_0x0x0,0.0,150.58,857.82
gfx942,228,256,3072,6144,False,torch.bfloat16,torch.float32,False,False,opus,10200,4,58.7265,opus_gemm_gfx942_splitk_legacy_512x128x128x64_2x4_16x16x16_0x0x0,0.0,164.55,723.14
gfx942,228,320,3072,6144,False,torch.bfloat16,torch.float32,False,False,opus,10200,3,65.1865,opus_gemm_gfx942_splitk_legacy_512x128x128x64_2x4_16x16x16_0x0x0,0.0,185.31,669.57
gfx942,228,512,3072,6144,False,torch.bfloat16,torch.float32,False,False,opus,10200,2,93.1103,opus_gemm_gfx942_splitk_legacy_512x128x128x64_2x4_16x16x16_0x0x0,0.0,207.57,506.77
gfx942,228,1024,3072,6144,False,torch.bfloat16,torch.float32,False,False,opus,10200,2,163.6623,opus_gemm_gfx942_splitk_legacy_512x128x128x64_2x4_16x16x16_0x0x0,0.0,236.19,345.98
gfx942,228,2048,3072,6144,False,torch.bfloat16,torch.float32,False,False,opus,10200,0,303.6189,opus_gemm_gfx942_splitk_legacy_512x128x128x64_2x4_16x16x16_0x0x0,0.0,254.63,248.66
gfx942,228,4096,3072,6144,False,torch.bfloat16,torch.float32,False,False,flydsl,27,1,639.1938,flydsl_gemm2_abf16_wbf16_bf16_t128x128x64_split_k1_block_m_warp2_block_n_warp4_block_k_warp1_async_copyFalse_b_to_ldsTrue_b_preshuffleFalse_c_to_ldsFalse_gfx942,0.0,241.9,177.17
gfx942,228,8192,3072,6144,False,torch.bfloat16,torch.float32,False,False,flydsl,27,1,1153.9627,flydsl_gemm2_abf16_wbf16_bf16_t128x128x64_split_k1_block_m_warp2_block_n_warp4_block_k_warp1_async_copyFalse_b_to_ldsTrue_b_preshuffleFalse_c_to_ldsFalse_gfx942,0.0,267.98,163.56
gfx942,228,16384,3072,6144,False,torch.bfloat16,torch.float32,False,False,flydsl,31,1,2266.4003,flydsl_gemm2_abf16_wbf16_bf16_t128x128x64_split_k1_block_m_warp4_block_n_warp2_block_k_warp1_async_copyFalse_b_to_ldsTrue_b_preshuffleFalse_c_to_ldsFalse_gfx942,0.0,272.89,149.9
gfx942,228,1,6144,2048,False,torch.bfloat16,torch.float32,False,False,asm,3,2,12.1672,_ZN5aiter39bf16gemm_fp32bf16_tn_48x64_splitk_cleanE,0.0,2.07,2069.68
gfx942,228,1,6144,3072,False,torch.bfloat16,torch.float32,False,False,asm,1,2,15.9272,_ZN5aiter39bf16gemm_fp32bf16_tn_32x64_splitk_cleanE,0.0,2.37,2371.24
gfx942,228,2,6144,2048,False,torch.bfloat16,torch.float32,False,False,asm,1,2,11.9843,_ZN5aiter39bf16gemm_fp32bf16_tn_32x64_splitk_cleanE,0.0,4.2,2102.63
gfx942,228,2,6144,3072,False,torch.bfloat16,torch.float32,False,False,asm,1,2,16.0123,_ZN5aiter39bf16gemm_fp32bf16_tn_32x64_splitk_cleanE,0.0,4.71,2359.79
gfx942,228,4,6144,2048,False,torch.bfloat16,torch.float32,False,False,asm,1,2,12.5644,_ZN5aiter39bf16gemm_fp32bf16_tn_32x64_splitk_cleanE,0.0,8.01,2008.16
gfx942,228,4,6144,3072,False,torch.bfloat16,torch.float32,False,False,asm,3,2,16.3399,_ZN5aiter39bf16gemm_fp32bf16_tn_48x64_splitk_cleanE,0.0,9.24,2314.73
gfx942,228,8,6144,2048,False,torch.bfloat16,torch.float32,False,False,asm,5,2,13.0523,_ZN5aiter39bf16gemm_fp32bf16_tn_64x64_splitk_cleanE,0.0,15.42,1938.12
gfx942,228,8,6144,3072,False,torch.bfloat16,torch.float32,False,False,asm,1,2,16.5366,_ZN5aiter39bf16gemm_fp32bf16_tn_32x64_splitk_cleanE,0.0,18.26,2291.66
gfx942,228,16,6144,2048,False,torch.bfloat16,torch.float32,False,False,asm,1,2,13.947,_ZN5aiter39bf16gemm_fp32bf16_tn_32x64_splitk_cleanE,0.0,28.87,1823.19
gfx942,228,16,6144,3072,False,torch.bfloat16,torch.float32,False,False,asm,1,2,17.6537,_ZN5aiter39bf16gemm_fp32bf16_tn_32x64_splitk_cleanE,0.0,34.21,2155.0
gfx942,228,32,6144,2048,False,torch.bfloat16,torch.float32,False,False,asm,1,2,15.0214,_ZN5aiter39bf16gemm_fp32bf16_tn_32x64_splitk_cleanE,0.0,53.61,1710.23
gfx942,228,32,6144,3072,False,torch.bfloat16,torch.float32,False,False,asm,1,2,19.6104,_ZN5aiter39bf16gemm_fp32bf16_tn_32x64_splitk_cleanE,0.0,61.6,1955.01
gfx942,228,64,6144,2048,False,torch.bfloat16,torch.float32,False,False,asm,5,2,17.8317,_ZN5aiter39bf16gemm_fp32bf16_tn_64x64_splitk_cleanE,0.0,90.32,1470.1
gfx942,228,64,6144,3072,False,torch.bfloat16,torch.float32,False,False,asm,5,2,24.0641,_ZN5aiter39bf16gemm_fp32bf16_tn_64x64_splitk_cleanE,0.0,100.4,1617.7
gfx942,228,128,6144,3072,False,torch.bfloat16,torch.float32,False,False,asm,6,1,37.6977,_ZN5aiter37bf16gemm_fp32bf16_tn_64x64_pf3_splitkE,0.0,128.17,1063.94
gfx942,228,192,6144,2048,False,torch.bfloat16,torch.float32,False,False,asm,9,1,36.2856,_ZN5aiter37bf16gemm_fp32bf16_tn_96x64_pf3_splitkE,0.0,133.16,780.24
gfx942,228,192,6144,3072,False,torch.bfloat16,torch.float32,False,False,opus,10203,0,51.2778,opus_gemm_gfx942_splitk_p1_bk128_256x64x64x128_2x2_16x16x16_0x0x0,0.0,141.34,805.18
gfx942,228,256,6144,2048,False,torch.bfloat16,torch.float32,False,False,flydsl,463,1,44.7589,flydsl_gemm2_abf16_wbf16_bf16_t64x64x64_split_k1_block_m_warp2_block_n_warp2_block_k_warp1_async_copyFalse_b_to_ldsTrue_b_preshuffleFalse_c_to_ldsFalse_gfx942,0.0,143.94,655.96
gfx942,228,256,6144,3072,False,torch.bfloat16,torch.float32,False,False,opus,10200,2,59.5911,opus_gemm_gfx942_splitk_legacy_512x128x128x64_2x4_16x16x16_0x0x0,0.0,162.17,712.65
gfx942,228,320,6144,2048,False,torch.bfloat16,torch.float32,False,False,asm,6,1,55.4708,_ZN5aiter37bf16gemm_fp32bf16_tn_64x64_pf3_splitkE,0.0,145.18,548.19
gfx942,228,320,6144,3072,False,torch.bfloat16,torch.float32,False,False,opus,10200,1,77.1637,opus_gemm_gfx942_splitk_legacy_512x128x128x64_2x4_16x16x16_0x0x0,0.0,156.55,565.64
gfx942,228,512,6144,2048,False,torch.bfloat16,torch.float32,False,False,opus,10200,1,74.065,opus_gemm_gfx942_splitk_legacy_512x128x128x64_2x4_16x16x16_0x0x0,0.0,173.97,453.04
gfx942,228,512,6144,3072,False,torch.bfloat16,torch.float32,False,False,opus,10200,1,96.7739,opus_gemm_gfx942_splitk_legacy_512x128x128x64_2x4_16x16x16_0x0x0,0.0,199.72,487.59
gfx942,228,1024,6144,2048,False,torch.bfloat16,torch.float32,False,False,opus,10200,1,126.6224,opus_gemm_gfx942_splitk_legacy_512x128x128x64_2x4_16x16x16_0x0x0,0.0,203.52,331.25
gfx942,228,1024,6144,3072,False,torch.bfloat16,torch.float32,False,False,flydsl,27,1,179.1748,flydsl_gemm2_abf16_wbf16_bf16_t128x128x64_split_k1_block_m_warp2_block_n_warp4_block_k_warp1_async_copyFalse_b_to_ldsTrue_b_preshuffleFalse_c_to_ldsFalse_gfx942,0.0,215.74,316.02
gfx942,228,2048,6144,2048,False,torch.bfloat16,torch.float32,False,False,flydsl,10,1,236.4257,flydsl_gemm2_abf16_wbf16_bf16_t128x128x64_split_k1_block_m_warp2_block_n_warp4_block_k_warp1_async_copyFalse_b_to_ldsTrue_b_preshuffleFalse_c_to_ldsFalse_gfx942,0.0,217.99,248.37
gfx942,228,2048,6144,3072,False,torch.bfloat16,torch.float32,False,False,flydsl,27,1,330.2959,flydsl_gemm2_abf16_wbf16_bf16_t128x128x64_split_k1_block_m_warp2_block_n_warp4_block_k_warp1_async_copyFalse_b_to_ldsTrue_b_preshuffleFalse_c_to_ldsFalse_gfx942,0.0,234.06,228.58
gfx942,228,4096,6144,2048,False,torch.bfloat16,torch.float32,False,False,flydsl,10,1,428.1268,flydsl_gemm2_abf16_wbf16_bf16_t128x128x64_split_k1_block_m_warp2_block_n_warp4_block_k_warp1_async_copyFalse_b_to_ldsTrue_b_preshuffleFalse_c_to_ldsFalse_gfx942,0.0,240.77,215.53
gfx942,228,4096,6144,3072,False,torch.bfloat16,torch.float32,False,False,flydsl,26,1,590.4578,flydsl_gemm2_abf16_wbf16_bf16_t128x128x64_split_k1_block_m_warp2_block_n_warp2_block_k_warp2_async_copyFalse_b_to_ldsTrue_b_preshuffleFalse_c_to_ldsFalse_gfx942,0.0486,261.86,191.79
gfx942,228,8192,6144,2048,False,torch.bfloat16,torch.float32,False,False,flydsl,14,1,822.4114,flydsl_gemm2_abf16_wbf16_bf16_t128x128x64_split_k1_block_m_warp4_block_n_warp2_block_k_warp1_async_copyFalse_b_to_ldsTrue_b_preshuffleFalse_c_to_ldsFalse_gfx942,0.0,250.68,193.8
gfx942,228,8192,6144,3072,False,torch.bfloat16,torch.float32,False,False,flydsl,27,1,1138.9099,flydsl_gemm2_abf16_wbf16_bf16_t128x128x64_split_k1_block_m_warp2_block_n_warp4_block_k_warp1_async_copyFalse_b_to_ldsTrue_b_preshuffleFalse_c_to_ldsFalse_gfx942,0.0,271.52,165.72
gfx942,228,16384,6144,2048,False,torch.bfloat16,torch.float32,False,False,flydsl,10,1,1608.035,flydsl_gemm2_abf16_wbf16_bf16_t128x128x64_split_k1_block_m_warp2_block_n_warp4_block_k_warp1_async_copyFalse_b_to_ldsTrue_b_preshuffleFalse_c_to_ldsFalse_gfx942,0.0,256.41,182.58
gfx942,228,16384,6144,3072,False,torch.bfloat16,torch.float32,False,False,flydsl,27,1,2217.8401,flydsl_gemm2_abf16_wbf16_bf16_t128x128x64_split_k1_block_m_warp2_block_n_warp4_block_k_warp1_async_copyFalse_b_to_ldsTrue_b_preshuffleFalse_c_to_ldsFalse_gfx942,0.0,278.86,153.18
gfx942,228,128,50016,6144,False,torch.bfloat16,torch.float32,False,False,opus,10200,1,409.2382,opus_gemm_gfx942_splitk_legacy_512x128x128x64_2x4_16x16x16_0x0x0,0.0,192.23,1536.94
