arch,variant,dtype,state_dtype,b,sq,num_k_heads,num_v_heads,head_k_dim,head_v_dim,NUM_BLOCKS_PER_V_DIM,NUM_WARPS,WARP_THREADS_K,duration,waves_per_eu
gfx950,decode,torch.bfloat16,torch.bfloat16,1,1,4,8,128,128,8,4,16,4.678999999999974
gfx950,decode,torch.bfloat16,torch.bfloat16,2,1,4,8,128,128,8,4,16,4.819499999999948
gfx950,decode,torch.bfloat16,torch.bfloat16,3,1,4,8,128,128,8,4,16,4.798999999999978
gfx950,decode,torch.bfloat16,torch.bfloat16,4,1,4,8,128,128,8,4,16,4.918999999999983
gfx950,decode,torch.bfloat16,torch.bfloat16,5,1,4,8,128,128,8,4,16,5.099000000000046
gfx950,decode,torch.bfloat16,torch.bfloat16,6,1,4,8,128,128,8,4,16,5.158999999999878
gfx950,decode,torch.bfloat16,torch.bfloat16,7,1,4,8,128,128,8,4,16,5.31899999999996
gfx950,decode,torch.bfloat16,torch.bfloat16,8,1,4,8,128,128,8,4,16,5.438999999999851
gfx950,decode,torch.bfloat16,torch.bfloat16,9,1,4,8,128,128,4,4,16,5.63900000000001
gfx950,decode,torch.bfloat16,torch.bfloat16,10,1,4,8,128,128,8,2,16,5.719000000000051
gfx950,decode,torch.bfloat16,torch.bfloat16,11,1,4,8,128,128,8,2,16,5.798999999999978
gfx950,decode,torch.bfloat16,torch.bfloat16,12,1,4,8,128,128,8,2,16,5.858999999999924
gfx950,decode,torch.bfloat16,torch.bfloat16,13,1,4,8,128,128,8,2,16,5.959000000000003
gfx950,decode,torch.bfloat16,torch.bfloat16,14,1,4,8,128,128,8,2,16,6.058999999999969
gfx950,decode,torch.bfloat16,torch.bfloat16,15,1,4,8,128,128,8,1,4,6.1590000000001055
gfx950,decode,torch.bfloat16,torch.bfloat16,16,1,4,8,128,128,8,2,16,6.239000000000033
gfx950,decode,torch.bfloat16,torch.bfloat16,17,1,4,8,128,128,8,2,16,6.5989999999999895
gfx950,decode,torch.bfloat16,torch.bfloat16,18,1,4,8,128,128,4,1,4,6.699000000000069
gfx950,decode,torch.bfloat16,torch.bfloat16,19,1,4,8,128,128,4,1,4,6.81899999999996
gfx950,decode,torch.bfloat16,torch.bfloat16,20,1,4,8,128,128,4,1,4,6.9589999999998895
gfx950,decode,torch.bfloat16,torch.bfloat16,21,1,4,8,128,128,4,1,4,6.999000000000024
gfx950,decode,torch.bfloat16,torch.bfloat16,22,1,4,8,128,128,4,1,4,7.078999999999951
gfx950,decode,torch.bfloat16,torch.bfloat16,23,1,4,8,128,128,4,1,4,7.198999999999955
gfx950,decode,torch.bfloat16,torch.bfloat16,24,1,4,8,128,128,4,2,8,7.279999999999973
gfx950,decode,torch.bfloat16,torch.bfloat16,25,1,4,8,128,128,4,1,4,7.478999999999928
gfx950,decode,torch.bfloat16,torch.bfloat16,26,1,4,8,128,128,4,1,4,7.598999999999933
gfx950,decode,torch.bfloat16,torch.bfloat16,27,1,4,8,128,128,4,2,16,7.6795000000000755
gfx950,decode,torch.bfloat16,torch.bfloat16,28,1,4,8,128,128,1,4,4,7.778999999999996
gfx950,decode,torch.bfloat16,torch.bfloat16,29,1,4,8,128,128,1,4,4,7.918999999999983
gfx950,decode,torch.bfloat16,torch.bfloat16,30,1,4,8,128,128,4,2,16,7.919000000000096
gfx950,decode,torch.bfloat16,torch.bfloat16,31,1,4,8,128,128,4,2,16,8.038999999999987
gfx950,decode,torch.bfloat16,torch.bfloat16,32,1,4,8,128,128,1,4,4,8.159000000000106
gfx950,decode,torch.bfloat16,torch.bfloat16,33,1,4,8,128,128,4,2,16,8.358999999999924
gfx950,decode,torch.bfloat16,torch.bfloat16,34,1,4,8,128,128,8,1,16,8.399000000000058
gfx950,decode,torch.bfloat16,torch.bfloat16,35,1,4,8,128,128,4,2,16,8.539499999999975
gfx950,decode,torch.bfloat16,torch.bfloat16,36,1,4,8,128,128,4,2,16,8.619000000000085
gfx950,decode,torch.bfloat16,torch.bfloat16,37,1,4,8,128,128,4,2,16,8.719000000000051
gfx950,decode,torch.bfloat16,torch.bfloat16,38,1,4,8,128,128,4,2,16,8.778999999999996
gfx950,decode,torch.bfloat16,torch.bfloat16,39,1,4,8,128,128,4,2,16,8.879000000000019
gfx950,decode,torch.bfloat16,torch.bfloat16,40,1,4,8,128,128,4,2,16,8.979000000000042
gfx950,decode,torch.bfloat16,torch.bfloat16,41,1,4,8,128,128,4,2,16,9.238999999999976
gfx950,decode,torch.bfloat16,torch.bfloat16,42,1,4,8,128,128,8,1,16,9.418999999999983
gfx950,decode,torch.bfloat16,torch.bfloat16,43,1,4,8,128,128,4,2,16,9.458999999999833
gfx950,decode,torch.bfloat16,torch.bfloat16,44,1,4,8,128,128,4,2,16,9.519000000000005
gfx950,decode,torch.bfloat16,torch.bfloat16,45,1,4,8,128,128,2,4,16,9.518999999999892
gfx950,decode,torch.bfloat16,torch.bfloat16,46,1,4,8,128,128,2,4,16,9.478999999999928
gfx950,decode,torch.bfloat16,torch.bfloat16,47,1,4,8,128,128,2,4,16,9.559499999999957
gfx950,decode,torch.bfloat16,torch.bfloat16,48,1,4,8,128,128,2,4,16,9.639499999999998
gfx950,decode,torch.bfloat16,torch.bfloat16,49,1,4,8,128,128,4,1,4,9.759000000000015
gfx950,decode,torch.bfloat16,torch.bfloat16,50,1,4,8,128,128,4,1,4,9.858999999999924
gfx950,decode,torch.bfloat16,torch.bfloat16,51,1,4,8,128,128,4,1,4,10.019000000000005
gfx950,decode,torch.bfloat16,torch.bfloat16,52,1,4,8,128,128,4,1,4,10.039499999999975
gfx950,decode,torch.bfloat16,torch.bfloat16,53,1,4,8,128,128,4,1,4,10.059000000000083
gfx950,decode,torch.bfloat16,torch.bfloat16,54,1,4,8,128,128,4,1,4,10.038999999999987
gfx950,decode,torch.bfloat16,torch.bfloat16,55,1,4,8,128,128,4,1,4,10.238999999999919
gfx950,decode,torch.bfloat16,torch.bfloat16,56,1,4,8,128,128,4,1,4,10.239000000000033
gfx950,decode,torch.bfloat16,torch.bfloat16,57,1,4,8,128,128,4,1,4,10.419499999999857
gfx950,decode,torch.bfloat16,torch.bfloat16,58,1,4,8,128,128,4,1,4,10.479000000000042
gfx950,decode,torch.bfloat16,torch.bfloat16,59,1,4,8,128,128,2,2,4,10.539499999999975
gfx950,decode,torch.bfloat16,torch.bfloat16,60,1,4,8,128,128,2,2,4,10.6189999999998
gfx950,decode,torch.bfloat16,torch.bfloat16,61,1,4,8,128,128,2,2,4,10.659499999999866
gfx950,decode,torch.bfloat16,torch.bfloat16,62,1,4,8,128,128,2,2,4,10.67899999999986
gfx950,decode,torch.bfloat16,torch.bfloat16,63,1,4,8,128,128,2,2,4,10.739500000000021
gfx950,decode,torch.bfloat16,torch.bfloat16,64,1,4,8,128,128,1,4,4,10.879000000000019
gfx950,decode,torch.bfloat16,torch.bfloat16,65,1,4,8,128,128,4,2,8,11.35950000000014
gfx950,decode,torch.bfloat16,torch.bfloat16,66,1,4,8,128,128,4,2,8,11.599000000000046
gfx950,decode,torch.bfloat16,torch.bfloat16,67,1,4,8,128,128,2,2,4,11.659000000000106
gfx950,decode,torch.bfloat16,torch.bfloat16,68,1,4,8,128,128,4,1,4,11.759000000000015
gfx950,decode,torch.bfloat16,torch.bfloat16,69,1,4,8,128,128,4,1,4,11.599000000000046
gfx950,decode,torch.bfloat16,torch.bfloat16,70,1,4,8,128,128,4,1,4,11.778999999999996
gfx950,decode,torch.bfloat16,torch.bfloat16,71,1,4,8,128,128,4,1,4,12.019000000000005
gfx950,decode,torch.bfloat16,torch.bfloat16,72,1,4,8,128,128,4,1,4,12.119000000000028
gfx950,decode,torch.bfloat16,torch.bfloat16,73,1,4,8,128,128,4,2,8,12.359500000000054
gfx950,decode,torch.bfloat16,torch.bfloat16,74,1,4,8,128,128,4,1,4,12.13900000000001
gfx950,decode,torch.bfloat16,torch.bfloat16,75,1,4,8,128,128,2,4,16,12.659499999999866
gfx950,decode,torch.bfloat16,torch.bfloat16,76,1,4,8,128,128,2,4,16,12.63900000000001
gfx950,decode,torch.bfloat16,torch.bfloat16,77,1,4,8,128,128,4,1,4,12.558999999999969
gfx950,decode,torch.bfloat16,torch.bfloat16,78,1,4,8,128,128,4,1,4,12.69900000000007
gfx950,decode,torch.bfloat16,torch.bfloat16,79,1,4,8,128,128,2,4,16,12.759000000000015
gfx950,decode,torch.bfloat16,torch.bfloat16,80,1,4,8,128,128,2,4,16,12.798999999999978
gfx950,decode,torch.bfloat16,torch.bfloat16,81,1,4,8,128,128,1,2,4,13.038999999999987
gfx950,decode,torch.bfloat16,torch.bfloat16,82,1,4,8,128,128,1,4,8,13.119000000000028
gfx950,decode,torch.bfloat16,torch.bfloat16,83,1,4,8,128,128,1,2,4,13.239500000000021
gfx950,decode,torch.bfloat16,torch.bfloat16,84,1,4,8,128,128,1,4,8,13.219000000000051
gfx950,decode,torch.bfloat16,torch.bfloat16,85,1,4,8,128,128,1,2,4,13.319500000000062
gfx950,decode,torch.bfloat16,torch.bfloat16,86,1,4,8,128,128,1,2,4,13.45900000000006
gfx950,decode,torch.bfloat16,torch.bfloat16,87,1,4,8,128,128,1,2,4,13.479000000000042
gfx950,decode,torch.bfloat16,torch.bfloat16,88,1,4,8,128,128,1,2,4,13.478999999999928
gfx950,decode,torch.bfloat16,torch.bfloat16,89,1,4,8,128,128,1,2,4,13.598999999999933
gfx950,decode,torch.bfloat16,torch.bfloat16,90,1,4,8,128,128,1,2,4,13.65949999999998
gfx950,decode,torch.bfloat16,torch.bfloat16,91,1,4,8,128,128,1,4,8,13.918999999999869
gfx950,decode,torch.bfloat16,torch.bfloat16,92,1,4,8,128,128,1,2,4,13.899499999999989
gfx950,decode,torch.bfloat16,torch.bfloat16,93,1,4,8,128,128,2,1,4,14.079000000000065
gfx950,decode,torch.bfloat16,torch.bfloat16,94,1,4,8,128,128,2,1,4,14.078999999999724
gfx950,decode,torch.bfloat16,torch.bfloat16,95,1,4,8,128,128,2,1,4,14.158999999999764
gfx950,decode,torch.bfloat16,torch.bfloat16,96,1,4,8,128,128,2,1,4,14.19900000000007
gfx950,decode,torch.bfloat16,torch.bfloat16,97,1,4,8,128,128,2,1,4,14.759000000000015
gfx950,decode,torch.bfloat16,torch.bfloat16,98,1,4,8,128,128,2,1,4,14.698999999999955
gfx950,decode,torch.bfloat16,torch.bfloat16,99,1,4,8,128,128,2,1,4,14.838999999999942
gfx950,decode,torch.bfloat16,torch.bfloat16,100,1,4,8,128,128,2,1,4,15.07899999999995
gfx950,decode,torch.bfloat16,torch.bfloat16,101,1,4,8,128,128,2,1,4,14.999500000000012
gfx950,decode,torch.bfloat16,torch.bfloat16,102,1,4,8,128,128,2,1,4,14.920000000000073
gfx950,decode,torch.bfloat16,torch.bfloat16,103,1,4,8,128,128,2,1,4,15.139000000000124
gfx950,decode,torch.bfloat16,torch.bfloat16,104,1,4,8,128,128,2,1,4,15.039000000000101
gfx950,decode,torch.bfloat16,torch.bfloat16,105,1,4,8,128,128,2,1,4,15.139000000000124
gfx950,decode,torch.bfloat16,torch.bfloat16,106,1,4,8,128,128,2,1,4,15.69900000000007
gfx950,decode,torch.bfloat16,torch.bfloat16,107,1,4,8,128,128,2,1,4,15.719000000000051
gfx950,decode,torch.bfloat16,torch.bfloat16,108,1,4,8,128,128,2,1,4,15.399000000000001
gfx950,decode,torch.bfloat16,torch.bfloat16,109,1,4,8,128,128,2,1,4,15.598999999999933
gfx950,decode,torch.bfloat16,torch.bfloat16,110,1,4,8,128,128,2,1,4,15.619500000000016
gfx950,decode,torch.bfloat16,torch.bfloat16,111,1,4,8,128,128,2,1,4,15.519499999999994
gfx950,decode,torch.bfloat16,torch.bfloat16,112,1,4,8,128,128,2,1,4,15.558999999999969
gfx950,decode,torch.bfloat16,torch.bfloat16,113,1,4,8,128,128,2,1,4,15.839000000000055
gfx950,decode,torch.bfloat16,torch.bfloat16,114,1,4,8,128,128,2,1,4,16.338999999999942
gfx950,decode,torch.bfloat16,torch.bfloat16,115,1,4,8,128,128,2,1,4,16.138999999999896
gfx950,decode,torch.bfloat16,torch.bfloat16,116,1,4,8,128,128,2,1,4,16.499000000000024
gfx950,decode,torch.bfloat16,torch.bfloat16,117,1,4,8,128,128,2,1,4,16.439499999999953
gfx950,decode,torch.bfloat16,torch.bfloat16,118,1,4,8,128,128,2,1,4,16.780000000000086
gfx950,decode,torch.bfloat16,torch.bfloat16,119,1,4,8,128,128,2,1,4,16.859500000000025
gfx950,decode,torch.bfloat16,torch.bfloat16,120,1,4,8,128,128,2,1,4,16.679000000000087
gfx950,decode,torch.bfloat16,torch.bfloat16,121,1,4,8,128,128,2,1,4,16.87999999999988
gfx950,decode,torch.bfloat16,torch.bfloat16,122,1,4,8,128,128,2,1,4,17.119000000000142
gfx950,decode,torch.bfloat16,torch.bfloat16,123,1,4,8,128,128,2,1,4,17.05950000000007
gfx950,decode,torch.bfloat16,torch.bfloat16,124,1,4,8,128,128,2,1,4,17.378999999999905
gfx950,decode,torch.bfloat16,torch.bfloat16,125,1,4,8,128,128,2,1,4,17.43899999999985
gfx950,decode,torch.bfloat16,torch.bfloat16,126,1,4,8,128,128,2,1,4,17.45949999999982
gfx950,decode,torch.bfloat16,torch.bfloat16,127,1,4,8,128,128,2,1,4,17.19900000000007
gfx950,decode,torch.bfloat16,torch.bfloat16,128,1,4,8,128,128,2,1,4,17.399
gfx950,decode,torch.bfloat16,torch.bfloat16,1,1,8,16,128,128,8,4,16,4.838999999999942
gfx950,decode,torch.bfloat16,torch.bfloat16,2,1,8,16,128,128,8,4,16,4.839000000000169
gfx950,decode,torch.bfloat16,torch.bfloat16,3,1,8,16,128,128,8,4,16,5.199000000000069
gfx950,decode,torch.bfloat16,torch.bfloat16,4,1,8,16,128,128,8,4,16,5.399000000000115
gfx950,decode,torch.bfloat16,torch.bfloat16,5,1,8,16,128,128,8,2,16,5.639000000000124
gfx950,decode,torch.bfloat16,torch.bfloat16,6,1,8,16,128,128,8,2,16,5.838999999999942
gfx950,decode,torch.bfloat16,torch.bfloat16,7,1,8,16,128,128,8,2,16,6.098999999999933
gfx950,decode,torch.bfloat16,torch.bfloat16,8,1,8,16,128,128,8,2,16,6.31899999999996
gfx950,decode,torch.bfloat16,torch.bfloat16,9,1,8,16,128,128,4,1,4,6.679000000000087
gfx950,decode,torch.bfloat16,torch.bfloat16,10,1,8,16,128,128,4,1,4,6.95900000000006
gfx950,decode,torch.bfloat16,torch.bfloat16,11,1,8,16,128,128,4,1,4,7.079000000000178
gfx950,decode,torch.bfloat16,torch.bfloat16,12,1,8,16,128,128,4,2,8,7.2590000000000146
gfx950,decode,torch.bfloat16,torch.bfloat16,13,1,8,16,128,128,4,2,16,7.578999999999951
gfx950,decode,torch.bfloat16,torch.bfloat16,14,1,8,16,128,128,8,1,16,7.798999999999978
gfx950,decode,torch.bfloat16,torch.bfloat16,15,1,8,16,128,128,2,4,16,7.958999999999833
gfx950,decode,torch.bfloat16,torch.bfloat16,16,1,8,16,128,128,4,2,16,8.119000000000142
gfx950,decode,torch.bfloat16,torch.bfloat16,17,1,8,16,128,128,4,2,16,8.398999999999887
gfx950,decode,torch.bfloat16,torch.bfloat16,18,1,8,16,128,128,8,1,16,8.639000000000124
gfx950,decode,torch.bfloat16,torch.bfloat16,19,1,8,16,128,128,4,2,16,8.778999999999996
gfx950,decode,torch.bfloat16,torch.bfloat16,20,1,8,16,128,128,4,2,16,9.019000000000005
gfx950,decode,torch.bfloat16,torch.bfloat16,21,1,8,16,128,128,8,1,16,9.298999999999978
gfx950,decode,torch.bfloat16,torch.bfloat16,22,1,8,16,128,128,8,1,16,9.519000000000233
gfx950,decode,torch.bfloat16,torch.bfloat16,23,1,8,16,128,128,2,4,16,9.479000000000042
gfx950,decode,torch.bfloat16,torch.bfloat16,24,1,8,16,128,128,4,2,8,9.719000000000051
gfx950,decode,torch.bfloat16,torch.bfloat16,25,1,8,16,128,128,4,1,4,9.778999999999996
gfx950,decode,torch.bfloat16,torch.bfloat16,26,1,8,16,128,128,4,1,4,9.899000000000115
gfx950,decode,torch.bfloat16,torch.bfloat16,27,1,8,16,128,128,4,1,4,10.079500000000053
gfx950,decode,torch.bfloat16,torch.bfloat16,28,1,8,16,128,128,1,4,4,10.31899999999996
gfx950,decode,torch.bfloat16,torch.bfloat16,29,1,8,16,128,128,4,1,4,10.53899999999976
gfx950,decode,torch.bfloat16,torch.bfloat16,30,1,8,16,128,128,2,2,4,10.698999999999614
gfx950,decode,torch.bfloat16,torch.bfloat16,31,1,8,16,128,128,2,2,4,10.699500000000171
gfx950,decode,torch.bfloat16,torch.bfloat16,32,1,8,16,128,128,4,1,4,10.759000000000015
gfx950,decode,torch.bfloat16,torch.bfloat16,33,1,8,16,128,128,4,1,4,11.29950000000008
gfx950,decode,torch.bfloat16,torch.bfloat16,34,1,8,16,128,128,4,2,16,11.69900000000007
gfx950,decode,torch.bfloat16,torch.bfloat16,35,1,8,16,128,128,4,1,4,11.639500000000226
gfx950,decode,torch.bfloat16,torch.bfloat16,36,1,8,16,128,128,4,1,4,11.779500000000098
gfx950,decode,torch.bfloat16,torch.bfloat16,37,1,8,16,128,128,2,4,16,12.358999999999924
gfx950,decode,torch.bfloat16,torch.bfloat16,38,1,8,16,128,128,2,4,16,12.479000000000042
gfx950,decode,torch.bfloat16,torch.bfloat16,39,1,8,16,128,128,4,2,8,12.459000000000287
gfx950,decode,torch.bfloat16,torch.bfloat16,40,1,8,16,128,128,4,1,4,12.59900000000016
gfx950,decode,torch.bfloat16,torch.bfloat16,41,1,8,16,128,128,1,4,8,13.139000000000124
gfx950,decode,torch.bfloat16,torch.bfloat16,42,1,8,16,128,128,1,4,8,13.43899999999985
gfx950,decode,torch.bfloat16,torch.bfloat16,43,1,8,16,128,128,1,2,4,13.598999999999933
gfx950,decode,torch.bfloat16,torch.bfloat16,44,1,8,16,128,128,1,2,4,13.639499999999998
gfx950,decode,torch.bfloat16,torch.bfloat16,45,1,8,16,128,128,2,1,4,13.81899999999996
gfx950,decode,torch.bfloat16,torch.bfloat16,46,1,8,16,128,128,2,1,4,14.039000000000215
gfx950,decode,torch.bfloat16,torch.bfloat16,47,1,8,16,128,128,2,1,4,14.099500000000035
gfx950,decode,torch.bfloat16,torch.bfloat16,48,1,8,16,128,128,2,1,4,14.219000000000051
gfx950,decode,torch.bfloat16,torch.bfloat16,49,1,8,16,128,128,2,1,4,14.919000000000096
gfx950,decode,torch.bfloat16,torch.bfloat16,50,1,8,16,128,128,2,1,4,15.298999999999978
gfx950,decode,torch.bfloat16,torch.bfloat16,51,1,8,16,128,128,2,1,4,14.999000000000024
gfx950,decode,torch.bfloat16,torch.bfloat16,52,1,8,16,128,128,2,1,4,14.939000000000078
gfx950,decode,torch.bfloat16,torch.bfloat16,53,1,8,16,128,128,2,1,4,15.060000000000173
gfx950,decode,torch.bfloat16,torch.bfloat16,54,1,8,16,128,128,2,1,4,15.698999999999842
gfx950,decode,torch.bfloat16,torch.bfloat16,55,1,8,16,128,128,2,1,4,15.75899999999956
gfx950,decode,torch.bfloat16,torch.bfloat16,56,1,8,16,128,128,2,1,4,15.59900000000016
gfx950,decode,torch.bfloat16,torch.bfloat16,57,1,8,16,128,128,2,1,4,16.278999999999996
gfx950,decode,torch.bfloat16,torch.bfloat16,58,1,8,16,128,128,2,1,4,16.43899999999985
gfx950,decode,torch.bfloat16,torch.bfloat16,59,1,8,16,128,128,2,1,4,16.598999999999933
gfx950,decode,torch.bfloat16,torch.bfloat16,60,1,8,16,128,128,2,1,4,16.798999999999978
gfx950,decode,torch.bfloat16,torch.bfloat16,61,1,8,16,128,128,2,1,4,16.959499999999935
gfx950,decode,torch.bfloat16,torch.bfloat16,62,1,8,16,128,128,2,1,4,17.43899999999985
gfx950,decode,torch.bfloat16,torch.bfloat16,63,1,8,16,128,128,2,1,4,17.439000000000078
gfx950,decode,torch.bfloat16,torch.bfloat16,64,1,8,16,128,128,2,1,4,17.55899999999974
gfx950,decode,torch.bfloat16,torch.bfloat16,65,1,8,16,128,128,4,2,8,17.819500000000062
gfx950,decode,torch.bfloat16,torch.bfloat16,66,1,8,16,128,128,4,2,8,18.05950000000007
gfx950,decode,torch.bfloat16,torch.bfloat16,67,1,8,16,128,128,4,2,8,18.219499999999925
gfx950,decode,torch.bfloat16,torch.bfloat16,68,1,8,16,128,128,4,2,8,18.54000000000019
gfx950,decode,torch.bfloat16,torch.bfloat16,69,1,8,16,128,128,4,2,8,18.55899999999997
gfx950,decode,torch.bfloat16,torch.bfloat16,70,1,8,16,128,128,4,2,8,18.879000000000133
gfx950,decode,torch.bfloat16,torch.bfloat16,71,1,8,16,128,128,4,2,8,18.999499999999898
gfx950,decode,torch.bfloat16,torch.bfloat16,72,1,8,16,128,128,4,2,8,19.258999999999787
gfx950,decode,torch.bfloat16,torch.bfloat16,73,1,8,16,128,128,4,2,8,19.399000000000342
gfx950,decode,torch.bfloat16,torch.bfloat16,74,1,8,16,128,128,8,1,8,19.77899999999977
gfx950,decode,torch.bfloat16,torch.bfloat16,75,1,8,16,128,128,4,2,8,19.81899999999996
gfx950,decode,torch.bfloat16,torch.bfloat16,76,1,8,16,128,128,2,4,8,20.01949999999988
gfx950,decode,torch.bfloat16,torch.bfloat16,77,1,8,16,128,128,4,2,8,20.239499999999907
gfx950,decode,torch.bfloat16,torch.bfloat16,78,1,8,16,128,128,4,2,8,20.43899999999985
gfx950,decode,torch.bfloat16,torch.bfloat16,79,1,8,16,128,128,4,2,8,20.619500000000016
gfx950,decode,torch.bfloat16,torch.bfloat16,80,1,8,16,128,128,8,2,16,20.919000000000096
gfx950,decode,torch.bfloat16,torch.bfloat16,81,1,8,16,128,128,8,2,16,20.978999999999814
gfx950,decode,torch.bfloat16,torch.bfloat16,82,1,8,16,128,128,8,2,16,21.159000000000106
gfx950,decode,torch.bfloat16,torch.bfloat16,83,1,8,16,128,128,8,2,16,21.379500000000235
gfx950,decode,torch.bfloat16,torch.bfloat16,84,1,8,16,128,128,8,2,16,21.579500000000053
gfx950,decode,torch.bfloat16,torch.bfloat16,85,1,8,16,128,128,8,2,16,21.7800000000002
gfx950,decode,torch.bfloat16,torch.bfloat16,86,1,8,16,128,128,8,2,16,21.9195000000002
gfx950,decode,torch.bfloat16,torch.bfloat16,87,1,8,16,128,128,8,2,16,21.999500000000126
gfx950,decode,torch.bfloat16,torch.bfloat16,88,1,8,16,128,128,8,2,16,22.09999999999991
gfx950,decode,torch.bfloat16,torch.bfloat16,89,1,8,16,128,128,8,2,16,22.419999999999845
gfx950,decode,torch.bfloat16,torch.bfloat16,90,1,8,16,128,128,8,2,16,22.639000000000124
gfx950,decode,torch.bfloat16,torch.bfloat16,91,1,8,16,128,128,8,2,16,22.71900000000005
gfx950,decode,torch.bfloat16,torch.bfloat16,92,1,8,16,128,128,8,2,16,22.81899999999996
gfx950,decode,torch.bfloat16,torch.bfloat16,93,1,8,16,128,128,8,2,16,23.05899999999997
gfx950,decode,torch.bfloat16,torch.bfloat16,94,1,8,16,128,128,8,2,16,23.19899999999984
gfx950,decode,torch.bfloat16,torch.bfloat16,95,1,8,16,128,128,8,2,16,23.43899999999985
gfx950,decode,torch.bfloat16,torch.bfloat16,96,1,8,16,128,128,8,2,16,23.499000000000024
gfx950,decode,torch.bfloat16,torch.bfloat16,97,1,8,16,128,128,8,2,16,23.85900000000038
gfx950,decode,torch.bfloat16,torch.bfloat16,98,1,8,16,128,128,8,2,16,23.920000000000073
gfx950,decode,torch.bfloat16,torch.bfloat16,99,1,8,16,128,128,4,4,16,24.278999999999996
gfx950,decode,torch.bfloat16,torch.bfloat16,100,1,8,16,128,128,8,2,16,24.299499999999853
gfx950,decode,torch.bfloat16,torch.bfloat16,101,1,8,16,128,128,4,2,8,24.478999999999814
gfx950,decode,torch.bfloat16,torch.bfloat16,102,1,8,16,128,128,8,2,16,24.658999999999878
gfx950,decode,torch.bfloat16,torch.bfloat16,103,1,8,16,128,128,8,2,16,24.75949999999989
gfx950,decode,torch.bfloat16,torch.bfloat16,104,1,8,16,128,128,8,2,16,24.93899999999985
gfx950,decode,torch.bfloat16,torch.bfloat16,105,1,8,16,128,128,8,2,16,25.239500000000135
gfx950,decode,torch.bfloat16,torch.bfloat16,106,1,8,16,128,128,8,2,16,25.43899999999985
gfx950,decode,torch.bfloat16,torch.bfloat16,107,1,8,16,128,128,8,2,16,25.598999999999705
gfx950,decode,torch.bfloat16,torch.bfloat16,108,1,8,16,128,128,8,2,16,25.699499999999716
gfx950,decode,torch.bfloat16,torch.bfloat16,109,1,8,16,128,128,8,2,16,25.838999999999942
gfx950,decode,torch.bfloat16,torch.bfloat16,110,1,8,16,128,128,8,2,16,25.979500000000144
gfx950,decode,torch.bfloat16,torch.bfloat16,111,1,8,16,128,128,8,2,16,26.219499999999925
gfx950,decode,torch.bfloat16,torch.bfloat16,112,1,8,16,128,128,8,2,16,26.339500000000044
gfx950,decode,torch.bfloat16,torch.bfloat16,113,1,8,16,128,128,8,2,16,26.53949999999986
gfx950,decode,torch.bfloat16,torch.bfloat16,114,1,8,16,128,128,8,2,16,26.739000000000033
gfx950,decode,torch.bfloat16,torch.bfloat16,115,1,8,16,128,128,8,2,16,26.91899999999987
gfx950,decode,torch.bfloat16,torch.bfloat16,116,1,8,16,128,128,8,2,16,27.01900000000046
gfx950,decode,torch.bfloat16,torch.bfloat16,117,1,8,16,128,128,8,2,16,27.239000000000033
gfx950,decode,torch.bfloat16,torch.bfloat16,118,1,8,16,128,128,8,2,16,27.37949999999978
gfx950,decode,torch.bfloat16,torch.bfloat16,119,1,8,16,128,128,8,2,16,27.67950000000019
gfx950,decode,torch.bfloat16,torch.bfloat16,120,1,8,16,128,128,8,2,16,27.719499999999925
gfx950,decode,torch.bfloat16,torch.bfloat16,121,1,8,16,128,128,8,2,16,27.89949999999976
gfx950,decode,torch.bfloat16,torch.bfloat16,122,1,8,16,128,128,8,2,16,28.139499999999998
gfx950,decode,torch.bfloat16,torch.bfloat16,123,1,8,16,128,128,8,2,16,28.298999999999978
gfx950,decode,torch.bfloat16,torch.bfloat16,124,1,8,16,128,128,8,2,16,28.439499999999953
gfx950,decode,torch.bfloat16,torch.bfloat16,125,1,8,16,128,128,8,2,16,28.71900000000005
gfx950,decode,torch.bfloat16,torch.bfloat16,126,1,8,16,128,128,8,2,16,28.839999999999918
gfx950,decode,torch.bfloat16,torch.bfloat16,127,1,8,16,128,128,4,4,16,29.038999999999987
gfx950,decode,torch.bfloat16,torch.bfloat16,128,1,8,16,128,128,8,2,16,28.998999999999796
gfx950,decode,torch.bfloat16,torch.bfloat16,1,1,16,32,128,128,8,4,16,4.958999999999833
gfx950,decode,torch.bfloat16,torch.bfloat16,2,1,16,32,128,128,8,4,16,5.458999999999833
gfx950,decode,torch.bfloat16,torch.bfloat16,3,1,16,32,128,128,8,2,8,5.798999999999978
gfx950,decode,torch.bfloat16,torch.bfloat16,4,1,16,32,128,128,8,2,16,6.238999999999578
gfx950,decode,torch.bfloat16,torch.bfloat16,5,1,16,32,128,128,8,2,16,6.878999999999905
gfx950,decode,torch.bfloat16,torch.bfloat16,6,1,16,32,128,128,4,2,8,7.279000000000451
gfx950,decode,torch.bfloat16,torch.bfloat16,7,1,16,32,128,128,8,1,8,7.7590000000000146
gfx950,decode,torch.bfloat16,torch.bfloat16,8,1,16,32,128,128,8,1,16,8.079000000000178
gfx950,decode,torch.bfloat16,torch.bfloat16,9,1,16,32,128,128,8,1,16,8.559499999999844
gfx950,decode,torch.bfloat16,torch.bfloat16,10,1,16,32,128,128,4,2,16,8.958999999999833
gfx950,decode,torch.bfloat16,torch.bfloat16,11,1,16,32,128,128,8,1,16,9.538999999999305
gfx950,decode,torch.bfloat16,torch.bfloat16,12,1,16,32,128,128,2,2,4,9.679000000000087
gfx950,decode,torch.bfloat16,torch.bfloat16,13,1,16,32,128,128,2,2,4,9.919499999999971
gfx950,decode,torch.bfloat16,torch.bfloat16,14,1,16,32,128,128,1,4,4,10.278999999999996
gfx950,decode,torch.bfloat16,torch.bfloat16,15,1,16,32,128,128,1,4,4,10.539000000000215
gfx950,decode,torch.bfloat16,torch.bfloat16,16,1,16,32,128,128,4,1,4,10.718999999999596
gfx950,decode,torch.bfloat16,torch.bfloat16,17,1,16,32,128,128,2,4,16,11.65899999999965
gfx950,decode,torch.bfloat16,torch.bfloat16,18,1,16,32,128,128,4,1,4,11.739000000000033
gfx950,decode,torch.bfloat16,torch.bfloat16,19,1,16,32,128,128,2,4,16,12.31899999999996
gfx950,decode,torch.bfloat16,torch.bfloat16,20,1,16,32,128,128,2,4,16,12.639000000000124
gfx950,decode,torch.bfloat16,torch.bfloat16,21,1,16,32,128,128,1,4,8,13.15900000000056
gfx950,decode,torch.bfloat16,torch.bfloat16,22,1,16,32,128,128,1,2,4,13.598999999999705
gfx950,decode,torch.bfloat16,torch.bfloat16,23,1,16,32,128,128,1,4,8,13.979499999999916
gfx950,decode,torch.bfloat16,torch.bfloat16,24,1,16,32,128,128,2,1,4,14.09900000000016
gfx950,decode,torch.bfloat16,torch.bfloat16,25,1,16,32,128,128,4,4,16,15.159000000000106
gfx950,decode,torch.bfloat16,torch.bfloat16,26,1,16,32,128,128,2,1,4,15.259000000000015
gfx950,decode,torch.bfloat16,torch.bfloat16,27,1,16,32,128,128,2,1,4,15.778999999999996
gfx950,decode,torch.bfloat16,torch.bfloat16,28,1,16,32,128,128,2,1,4,15.719000000000051
gfx950,decode,torch.bfloat16,torch.bfloat16,29,1,16,32,128,128,2,1,4,16.559000000000196
gfx950,decode,torch.bfloat16,torch.bfloat16,30,1,16,32,128,128,2,1,4,16.79950000000008
gfx950,decode,torch.bfloat16,torch.bfloat16,31,1,16,32,128,128,2,1,4,17.159499999999753
gfx950,decode,torch.bfloat16,torch.bfloat16,32,1,16,32,128,128,2,1,4,17.519500000000335
gfx950,decode,torch.bfloat16,torch.bfloat16,33,1,16,32,128,128,4,2,8,18.03949999999986
gfx950,decode,torch.bfloat16,torch.bfloat16,34,1,16,32,128,128,2,4,8,18.578999999999724
gfx950,decode,torch.bfloat16,torch.bfloat16,35,1,16,32,128,128,4,2,8,19.01949999999988
gfx950,decode,torch.bfloat16,torch.bfloat16,36,1,16,32,128,128,2,4,8,19.359500000000025
gfx950,decode,torch.bfloat16,torch.bfloat16,37,1,16,32,128,128,2,4,8,19.639999999999873
gfx950,decode,torch.bfloat16,torch.bfloat16,38,1,16,32,128,128,2,4,8,20.059499999999844
gfx950,decode,torch.bfloat16,torch.bfloat16,39,1,16,32,128,128,2,4,8,20.499499999999898
gfx950,decode,torch.bfloat16,torch.bfloat16,40,1,16,32,128,128,8,2,16,20.819499999999607
gfx950,decode,torch.bfloat16,torch.bfloat16,41,1,16,32,128,128,8,2,16,21.13899999999967
gfx950,decode,torch.bfloat16,torch.bfloat16,42,1,16,32,128,128,8,2,16,21.499500000000353
gfx950,decode,torch.bfloat16,torch.bfloat16,43,1,16,32,128,128,8,2,16,21.878999999999905
gfx950,decode,torch.bfloat16,torch.bfloat16,44,1,16,32,128,128,8,2,16,22.079499999999825
gfx950,decode,torch.bfloat16,torch.bfloat16,45,1,16,32,128,128,8,2,16,22.458999999999833
gfx950,decode,torch.bfloat16,torch.bfloat16,46,1,16,32,128,128,8,2,16,22.838999999999942
gfx950,decode,torch.bfloat16,torch.bfloat16,47,1,16,32,128,128,8,2,16,23.11949999999979
gfx950,decode,torch.bfloat16,torch.bfloat16,48,1,16,32,128,128,8,2,16,23.57900000000018
gfx950,decode,torch.bfloat16,torch.bfloat16,49,1,16,32,128,128,4,4,16,24.018999999999778
gfx950,decode,torch.bfloat16,torch.bfloat16,50,1,16,32,128,128,8,2,16,24.200000000000728
gfx950,decode,torch.bfloat16,torch.bfloat16,51,1,16,32,128,128,8,2,16,24.639000000000124
gfx950,decode,torch.bfloat16,torch.bfloat16,52,1,16,32,128,128,8,1,8,24.95950000000039
gfx950,decode,torch.bfloat16,torch.bfloat16,53,1,16,32,128,128,8,2,16,25.31899999999996
gfx950,decode,torch.bfloat16,torch.bfloat16,54,1,16,32,128,128,8,2,16,25.679499999999734
gfx950,decode,torch.bfloat16,torch.bfloat16,55,1,16,32,128,128,8,2,16,25.939000000000306
gfx950,decode,torch.bfloat16,torch.bfloat16,56,1,16,32,128,128,8,2,16,26.398999999999432
gfx950,decode,torch.bfloat16,torch.bfloat16,57,1,16,32,128,128,8,2,16,26.759500000000116
gfx950,decode,torch.bfloat16,torch.bfloat16,58,1,16,32,128,128,8,2,16,27.039500000000317
gfx950,decode,torch.bfloat16,torch.bfloat16,59,1,16,32,128,128,8,2,16,27.399000000000342
gfx950,decode,torch.bfloat16,torch.bfloat16,60,1,16,32,128,128,8,2,16,27.719500000000153
gfx950,decode,torch.bfloat16,torch.bfloat16,61,1,16,32,128,128,8,2,16,28.059000000000196
gfx950,decode,torch.bfloat16,torch.bfloat16,62,1,16,32,128,128,8,2,16,28.419000000000324
gfx950,decode,torch.bfloat16,torch.bfloat16,63,1,16,32,128,128,8,2,16,28.859500000000025
gfx950,decode,torch.bfloat16,torch.bfloat16,64,1,16,32,128,128,8,2,16,28.978999999999814
gfx950,decode,torch.bfloat16,torch.bfloat16,65,1,16,32,128,128,8,2,16,29.519499999999425
gfx950,decode,torch.bfloat16,torch.bfloat16,66,1,16,32,128,128,8,2,16,29.91899999999987
gfx950,decode,torch.bfloat16,torch.bfloat16,67,1,16,32,128,128,8,2,16,30.319500000000517
gfx950,decode,torch.bfloat16,torch.bfloat16,68,1,16,32,128,128,8,2,16,30.518999999999778
gfx950,decode,torch.bfloat16,torch.bfloat16,69,1,16,32,128,128,8,2,16,30.89949999999999
gfx950,decode,torch.bfloat16,torch.bfloat16,70,1,16,32,128,128,8,2,16,31.318999999999505
gfx950,decode,torch.bfloat16,torch.bfloat16,71,1,16,32,128,128,8,2,16,31.459499999999935
gfx950,decode,torch.bfloat16,torch.bfloat16,72,1,16,32,128,128,8,2,16,31.819500000000062
gfx950,decode,torch.bfloat16,torch.bfloat16,73,1,16,32,128,128,8,2,16,32.39949999999999
gfx950,decode,torch.bfloat16,torch.bfloat16,74,1,16,32,128,128,8,2,16,32.49900000000025
gfx950,decode,torch.bfloat16,torch.bfloat16,75,1,16,32,128,128,8,2,16,32.99900000000025
gfx950,decode,torch.bfloat16,torch.bfloat16,76,1,16,32,128,128,8,2,16,33.25900000000047
gfx950,decode,torch.bfloat16,torch.bfloat16,77,1,16,32,128,128,8,2,16,33.67950000000019
gfx950,decode,torch.bfloat16,torch.bfloat16,78,1,16,32,128,128,8,2,16,33.95899999999983
gfx950,decode,torch.bfloat16,torch.bfloat16,79,1,16,32,128,128,8,2,16,34.15950000000066
gfx950,decode,torch.bfloat16,torch.bfloat16,80,1,16,32,128,128,8,2,16,34.67900000000009
gfx950,decode,torch.bfloat16,torch.bfloat16,81,1,16,32,128,128,8,2,16,34.87950000000001
gfx950,decode,torch.bfloat16,torch.bfloat16,82,1,16,32,128,128,8,2,16,35.378999999999905
gfx950,decode,torch.bfloat16,torch.bfloat16,83,1,16,32,128,128,8,2,16,35.799499999999625
gfx950,decode,torch.bfloat16,torch.bfloat16,84,1,16,32,128,128,8,2,16,36.159000000000106
gfx950,decode,torch.bfloat16,torch.bfloat16,85,1,16,32,128,128,8,2,16,36.2795000000001
gfx950,decode,torch.bfloat16,torch.bfloat16,86,1,16,32,128,128,8,2,16,36.53949999999986
gfx950,decode,torch.bfloat16,torch.bfloat16,87,1,16,32,128,128,8,2,16,37.05899999999974
gfx950,decode,torch.bfloat16,torch.bfloat16,88,1,16,32,128,128,8,2,16,37.33949999999959
gfx950,decode,torch.bfloat16,torch.bfloat16,89,1,16,32,128,128,8,2,16,37.83899999999994
gfx950,decode,torch.bfloat16,torch.bfloat16,90,1,16,32,128,128,8,2,16,38.299499999999625
gfx950,decode,torch.bfloat16,torch.bfloat16,91,1,16,32,128,128,8,2,16,38.519500000000335
gfx950,decode,torch.bfloat16,torch.bfloat16,92,1,16,32,128,128,8,2,16,38.759500000000116
gfx950,decode,torch.bfloat16,torch.bfloat16,93,1,16,32,128,128,8,2,16,39.11949999999979
gfx950,decode,torch.bfloat16,torch.bfloat16,94,1,16,32,128,128,8,2,16,39.51900000000023
gfx950,decode,torch.bfloat16,torch.bfloat16,95,1,16,32,128,128,8,2,16,39.859500000000025
gfx950,decode,torch.bfloat16,torch.bfloat16,96,1,16,32,128,128,8,2,16,40.11999999999989
gfx950,decode,torch.bfloat16,torch.bfloat16,97,1,16,32,128,128,8,2,16,40.57999999999947
gfx950,decode,torch.bfloat16,torch.bfloat16,98,1,16,32,128,128,8,2,16,40.83899999999994
gfx950,decode,torch.bfloat16,torch.bfloat16,99,1,16,32,128,128,8,2,16,41.17950000000019
gfx950,decode,torch.bfloat16,torch.bfloat16,100,1,16,32,128,128,8,2,16,41.55899999999974
gfx950,decode,torch.bfloat16,torch.bfloat16,101,1,16,32,128,128,8,2,16,42.03949999999941
gfx950,decode,torch.bfloat16,torch.bfloat16,102,1,16,32,128,128,8,2,16,42.21950000000061
gfx950,decode,torch.bfloat16,torch.bfloat16,103,1,16,32,128,128,8,2,16,42.79899999999998
gfx950,decode,torch.bfloat16,torch.bfloat16,104,1,16,32,128,128,8,2,16,43.059499999999844
gfx950,decode,torch.bfloat16,torch.bfloat16,105,1,16,32,128,128,8,2,16,43.320000000000164
gfx950,decode,torch.bfloat16,torch.bfloat16,106,1,16,32,128,128,8,2,16,43.739500000000135
gfx950,decode,torch.bfloat16,torch.bfloat16,107,1,16,32,128,128,8,2,16,43.959499999999935
gfx950,decode,torch.bfloat16,torch.bfloat16,108,1,16,32,128,128,8,2,16,44.30000000000018
gfx950,decode,torch.bfloat16,torch.bfloat16,109,1,16,32,128,128,8,2,16,44.51949999999988
gfx950,decode,torch.bfloat16,torch.bfloat16,110,1,16,32,128,128,8,2,16,44.919500000000426
gfx950,decode,torch.bfloat16,torch.bfloat16,111,1,16,32,128,128,8,2,16,45.220000000000255
gfx950,decode,torch.bfloat16,torch.bfloat16,112,1,16,32,128,128,8,2,16,45.539000000000215
gfx950,decode,torch.bfloat16,torch.bfloat16,113,1,16,32,128,128,8,2,16,45.91949999999997
gfx950,decode,torch.bfloat16,torch.bfloat16,114,1,16,32,128,128,8,2,16,46.49950000000035
gfx950,decode,torch.bfloat16,torch.bfloat16,115,1,16,32,128,128,8,2,16,46.67950000000019
gfx950,decode,torch.bfloat16,torch.bfloat16,116,1,16,32,128,128,8,2,16,46.97899999999936
gfx950,decode,torch.bfloat16,torch.bfloat16,117,1,16,32,128,128,8,2,16,47.33999999999969
gfx950,decode,torch.bfloat16,torch.bfloat16,118,1,16,32,128,128,8,2,16,47.71900000000005
gfx950,decode,torch.bfloat16,torch.bfloat16,119,1,16,32,128,128,8,2,16,48.299500000000535
gfx950,decode,torch.bfloat16,torch.bfloat16,120,1,16,32,128,128,8,2,16,48.519500000000335
gfx950,decode,torch.bfloat16,torch.bfloat16,121,1,16,32,128,128,8,2,16,48.79999999999927
gfx950,decode,torch.bfloat16,torch.bfloat16,122,1,16,32,128,128,8,2,16,49.19949999999926
gfx950,decode,torch.bfloat16,torch.bfloat16,123,1,16,32,128,128,8,2,16,49.31950000000006
gfx950,decode,torch.bfloat16,torch.bfloat16,124,1,16,32,128,128,8,2,16,49.779999999999745
gfx950,decode,torch.bfloat16,torch.bfloat16,125,1,16,32,128,128,8,2,16,50.0
gfx950,decode,torch.bfloat16,torch.bfloat16,126,1,16,32,128,128,8,2,16,50.29999999999973
gfx950,decode,torch.bfloat16,torch.bfloat16,127,1,16,32,128,128,8,2,16,50.779999999999745
gfx950,decode,torch.bfloat16,torch.bfloat16,128,1,16,32,128,128,8,2,16,51.17950000000019
gfx950,decode,torch.bfloat16,torch.bfloat16,1,1,2,8,128,128,8,4,16,4.538999999999987
gfx950,decode,torch.bfloat16,torch.bfloat16,2,1,2,8,128,128,8,4,16,4.918999999999983
gfx950,decode,torch.bfloat16,torch.bfloat16,3,1,2,8,128,128,8,4,16,4.69949999999983
gfx950,decode,torch.bfloat16,torch.bfloat16,4,1,2,8,128,128,8,4,16,4.7590000000000146
gfx950,decode,torch.bfloat16,torch.bfloat16,5,1,2,8,128,128,8,4,16,4.898999999999887
gfx950,decode,torch.bfloat16,torch.bfloat16,6,1,2,8,128,128,8,4,16,4.95900000000006
gfx950,decode,torch.bfloat16,torch.bfloat16,7,1,2,8,128,128,8,4,16,5.079499999999996
gfx950,decode,torch.bfloat16,torch.bfloat16,8,1,2,8,128,128,8,4,16,5.159500000000037
gfx950,decode,torch.bfloat16,torch.bfloat16,9,1,2,8,128,128,8,2,8,5.438999999999908
gfx950,decode,torch.bfloat16,torch.bfloat16,10,1,2,8,128,128,8,2,8,5.478999999999985
gfx950,decode,torch.bfloat16,torch.bfloat16,11,1,2,8,128,128,8,2,16,5.499000000000024
gfx950,decode,torch.bfloat16,torch.bfloat16,12,1,2,8,128,128,8,2,8,5.559000000000083
gfx950,decode,torch.bfloat16,torch.bfloat16,13,1,2,8,128,128,8,2,16,5.639000000000067
gfx950,decode,torch.bfloat16,torch.bfloat16,14,1,2,8,128,128,8,2,16,5.738999999999919
gfx950,decode,torch.bfloat16,torch.bfloat16,15,1,2,8,128,128,8,2,16,5.799000000000007
gfx950,decode,torch.bfloat16,torch.bfloat16,16,1,2,8,128,128,8,2,16,5.879000000000133
gfx950,decode,torch.bfloat16,torch.bfloat16,17,1,2,8,128,128,4,4,16,6.31899999999996
gfx950,decode,torch.bfloat16,torch.bfloat16,18,1,2,8,128,128,8,2,16,6.358999999999924
gfx950,decode,torch.bfloat16,torch.bfloat16,19,1,2,8,128,128,8,2,16,6.478999999999985
gfx950,decode,torch.bfloat16,torch.bfloat16,20,1,2,8,128,128,8,2,16,6.559000000000026
gfx950,decode,torch.bfloat16,torch.bfloat16,21,1,2,8,128,128,4,1,4,6.658999999999992
gfx950,decode,torch.bfloat16,torch.bfloat16,22,1,2,8,128,128,4,1,4,6.679000000000059
gfx950,decode,torch.bfloat16,torch.bfloat16,23,1,2,8,128,128,4,1,4,6.798999999999978
gfx950,decode,torch.bfloat16,torch.bfloat16,24,1,2,8,128,128,4,1,4,6.899499999999875
gfx950,decode,torch.bfloat16,torch.bfloat16,25,1,2,8,128,128,4,1,4,6.999000000000024
gfx950,decode,torch.bfloat16,torch.bfloat16,26,1,2,8,128,128,4,1,4,7.139499999999998
gfx950,decode,torch.bfloat16,torch.bfloat16,27,1,2,8,128,128,4,1,4,7.239000000000033
gfx950,decode,torch.bfloat16,torch.bfloat16,28,1,2,8,128,128,1,4,4,7.399000000000058
gfx950,decode,torch.bfloat16,torch.bfloat16,29,1,2,8,128,128,4,1,4,7.459000000000032
gfx950,decode,torch.bfloat16,torch.bfloat16,30,1,2,8,128,128,8,1,16,7.558999999999969
gfx950,decode,torch.bfloat16,torch.bfloat16,31,1,2,8,128,128,2,4,16,7.678999999999974
gfx950,decode,torch.bfloat16,torch.bfloat16,32,1,2,8,128,128,4,2,16,7.719000000000051
gfx950,decode,torch.bfloat16,torch.bfloat16,33,1,2,8,128,128,4,2,16,7.919000000000068
gfx950,decode,torch.bfloat16,torch.bfloat16,34,1,2,8,128,128,4,2,16,7.999499999999983
gfx950,decode,torch.bfloat16,torch.bfloat16,35,1,2,8,128,128,8,1,16,8.138999999999953
gfx950,decode,torch.bfloat16,torch.bfloat16,36,1,2,8,128,128,4,2,16,8.239000000000033
gfx950,decode,torch.bfloat16,torch.bfloat16,37,1,2,8,128,128,4,2,16,8.319500000000005
gfx950,decode,torch.bfloat16,torch.bfloat16,38,1,2,8,128,128,4,2,16,8.418999999999926
gfx950,decode,torch.bfloat16,torch.bfloat16,39,1,2,8,128,128,4,2,16,8.499000000000024
gfx950,decode,torch.bfloat16,torch.bfloat16,40,1,2,8,128,128,4,2,16,8.618999999999971
gfx950,decode,torch.bfloat16,torch.bfloat16,41,1,2,8,128,128,4,2,16,8.838999999999999
gfx950,decode,torch.bfloat16,torch.bfloat16,42,1,2,8,128,128,2,4,16,8.978999999999928
gfx950,decode,torch.bfloat16,torch.bfloat16,43,1,2,8,128,128,2,4,16,9.019000000000005
gfx950,decode,torch.bfloat16,torch.bfloat16,44,1,2,8,128,128,2,4,16,9.218999999999824
gfx950,decode,torch.bfloat16,torch.bfloat16,45,1,2,8,128,128,2,4,16,9.259000000000015
gfx950,decode,torch.bfloat16,torch.bfloat16,46,1,2,8,128,128,2,4,16,9.218999999999937
gfx950,decode,torch.bfloat16,torch.bfloat16,47,1,2,8,128,128,2,2,4,9.358999999999924
gfx950,decode,torch.bfloat16,torch.bfloat16,48,1,2,8,128,128,2,4,16,9.459500000000048
gfx950,decode,torch.bfloat16,torch.bfloat16,49,1,2,8,128,128,4,1,4,9.399000000000115
gfx950,decode,torch.bfloat16,torch.bfloat16,50,1,2,8,128,128,4,2,16,9.698999999999955
gfx950,decode,torch.bfloat16,torch.bfloat16,51,1,2,8,128,128,4,1,4,9.658999999999992
gfx950,decode,torch.bfloat16,torch.bfloat16,52,1,2,8,128,128,4,1,4,9.658999999999992
gfx950,decode,torch.bfloat16,torch.bfloat16,53,1,2,8,128,128,4,1,4,9.779499999999985
gfx950,decode,torch.bfloat16,torch.bfloat16,54,1,2,8,128,128,4,2,8,9.918999999999983
gfx950,decode,torch.bfloat16,torch.bfloat16,55,1,2,8,128,128,4,1,4,9.798999999999978
gfx950,decode,torch.bfloat16,torch.bfloat16,56,1,2,8,128,128,4,1,4,9.839000000000055
gfx950,decode,torch.bfloat16,torch.bfloat16,57,1,2,8,128,128,4,1,4,10.038999999999987
gfx950,decode,torch.bfloat16,torch.bfloat16,58,1,2,8,128,128,2,2,4,10.219000000000051
gfx950,decode,torch.bfloat16,torch.bfloat16,59,1,2,8,128,128,4,1,4,10.219000000000051
gfx950,decode,torch.bfloat16,torch.bfloat16,60,1,2,8,128,128,1,4,4,10.458999999999946
gfx950,decode,torch.bfloat16,torch.bfloat16,61,1,2,8,128,128,2,2,4,10.378999999999905
gfx950,decode,torch.bfloat16,torch.bfloat16,62,1,2,8,128,128,4,1,4,10.33949999999993
gfx950,decode,torch.bfloat16,torch.bfloat16,63,1,2,8,128,128,4,1,4,10.398999999999887
gfx950,decode,torch.bfloat16,torch.bfloat16,64,1,2,8,128,128,4,1,4,10.51900000000012
gfx950,decode,torch.bfloat16,torch.bfloat16,65,1,2,8,128,128,4,2,16,11.119500000000016
gfx950,decode,torch.bfloat16,torch.bfloat16,66,1,2,8,128,128,4,1,8,11.598999999999933
gfx950,decode,torch.bfloat16,torch.bfloat16,67,1,2,8,128,128,8,1,16,11.499500000000012
gfx950,decode,torch.bfloat16,torch.bfloat16,68,1,2,8,128,128,8,1,16,11.57899999999995
gfx950,decode,torch.bfloat16,torch.bfloat16,69,1,2,8,128,128,8,1,16,11.63900000000001
gfx950,decode,torch.bfloat16,torch.bfloat16,70,1,2,8,128,128,4,2,16,11.559500000000071
gfx950,decode,torch.bfloat16,torch.bfloat16,71,1,2,8,128,128,8,1,16,11.719500000000039
gfx950,decode,torch.bfloat16,torch.bfloat16,72,1,2,8,128,128,8,1,16,11.899000000000001
gfx950,decode,torch.bfloat16,torch.bfloat16,73,1,2,8,128,128,1,2,4,12.239000000000033
gfx950,decode,torch.bfloat16,torch.bfloat16,74,1,2,8,128,128,4,1,4,11.899000000000001
gfx950,decode,torch.bfloat16,torch.bfloat16,75,1,2,8,128,128,8,1,16,12.218999999999937
gfx950,decode,torch.bfloat16,torch.bfloat16,76,1,2,8,128,128,4,1,4,12.119500000000073
gfx950,decode,torch.bfloat16,torch.bfloat16,77,1,2,8,128,128,2,4,16,12.338999999999942
gfx950,decode,torch.bfloat16,torch.bfloat16,78,1,2,8,128,128,4,1,4,12.339000000000055
gfx950,decode,torch.bfloat16,torch.bfloat16,79,1,2,8,128,128,2,4,16,12.51949999999988
gfx950,decode,torch.bfloat16,torch.bfloat16,80,1,2,8,128,128,2,4,16,12.439499999999953
gfx950,decode,torch.bfloat16,torch.bfloat16,81,1,2,8,128,128,1,4,8,12.659000000000106
gfx950,decode,torch.bfloat16,torch.bfloat16,82,1,2,8,128,128,1,2,4,12.85950000000014
gfx950,decode,torch.bfloat16,torch.bfloat16,83,1,2,8,128,128,1,2,4,12.799000000000206
gfx950,decode,torch.bfloat16,torch.bfloat16,84,1,2,8,128,128,1,2,4,13.019499999999994
gfx950,decode,torch.bfloat16,torch.bfloat16,85,1,2,8,128,128,1,2,4,13.119499999999903
gfx950,decode,torch.bfloat16,torch.bfloat16,86,1,2,8,128,128,1,2,4,13.099000000000046
gfx950,decode,torch.bfloat16,torch.bfloat16,87,1,2,8,128,128,1,2,4,13.239000000000033
gfx950,decode,torch.bfloat16,torch.bfloat16,88,1,2,8,128,128,1,2,4,13.19900000000007
gfx950,decode,torch.bfloat16,torch.bfloat16,89,1,2,8,128,128,1,2,4,13.399499999999989
gfx950,decode,torch.bfloat16,torch.bfloat16,90,1,2,8,128,128,2,1,4,13.439000000000078
gfx950,decode,torch.bfloat16,torch.bfloat16,91,1,2,8,128,128,1,2,4,13.558999999999969
gfx950,decode,torch.bfloat16,torch.bfloat16,92,1,2,8,128,128,1,2,4,13.57899999999995
gfx950,decode,torch.bfloat16,torch.bfloat16,93,1,2,8,128,128,2,1,4,13.759000000000015
gfx950,decode,torch.bfloat16,torch.bfloat16,94,1,2,8,128,128,1,2,4,13.619000000000142
gfx950,decode,torch.bfloat16,torch.bfloat16,95,1,2,8,128,128,2,1,4,13.759000000000015
gfx950,decode,torch.bfloat16,torch.bfloat16,96,1,2,8,128,128,2,1,4,13.939000000000078
gfx950,decode,torch.bfloat16,torch.bfloat16,97,1,2,8,128,128,2,1,4,14.419000000000096
gfx950,decode,torch.bfloat16,torch.bfloat16,98,1,2,8,128,128,2,1,4,14.619499999999903
gfx950,decode,torch.bfloat16,torch.bfloat16,99,1,2,8,128,128,2,1,4,14.798999999999978
gfx950,decode,torch.bfloat16,torch.bfloat16,100,1,2,8,128,128,8,2,16,15.019000000000005
gfx950,decode,torch.bfloat16,torch.bfloat16,101,1,2,8,128,128,8,2,16,15.019000000000005
gfx950,decode,torch.bfloat16,torch.bfloat16,102,1,2,8,128,128,4,4,16,14.979000000000042
gfx950,decode,torch.bfloat16,torch.bfloat16,103,1,2,8,128,128,2,1,4,15.038999999999987
gfx950,decode,torch.bfloat16,torch.bfloat16,104,1,2,8,128,128,4,4,16,15.199000000000012
gfx950,decode,torch.bfloat16,torch.bfloat16,105,1,2,8,128,128,4,4,16,15.359000000000094
gfx950,decode,torch.bfloat16,torch.bfloat16,106,1,2,8,128,128,2,1,4,15.45900000000006
gfx950,decode,torch.bfloat16,torch.bfloat16,107,1,2,8,128,128,2,1,4,15.619000000000142
gfx950,decode,torch.bfloat16,torch.bfloat16,108,1,2,8,128,128,2,1,4,15.65949999999998
gfx950,decode,torch.bfloat16,torch.bfloat16,109,1,2,8,128,128,2,1,4,15.679499999999962
gfx950,decode,torch.bfloat16,torch.bfloat16,110,1,2,8,128,128,2,1,4,15.579499999999939
gfx950,decode,torch.bfloat16,torch.bfloat16,111,1,2,8,128,128,2,1,4,15.679000000000087
gfx950,decode,torch.bfloat16,torch.bfloat16,112,1,2,8,128,128,2,1,4,15.45900000000006
gfx950,decode,torch.bfloat16,torch.bfloat16,113,1,2,8,128,128,2,1,4,16.01899999999989
gfx950,decode,torch.bfloat16,torch.bfloat16,114,1,2,8,128,128,2,1,4,16.059000000000083
gfx950,decode,torch.bfloat16,torch.bfloat16,115,1,2,8,128,128,2,1,4,16.278999999999996
gfx950,decode,torch.bfloat16,torch.bfloat16,116,1,2,8,128,128,2,1,4,16.159500000000094
gfx950,decode,torch.bfloat16,torch.bfloat16,117,1,2,8,128,128,2,1,4,16.418999999999926
gfx950,decode,torch.bfloat16,torch.bfloat16,118,1,2,8,128,128,2,1,4,16.35899999999998
gfx950,decode,torch.bfloat16,torch.bfloat16,119,1,2,8,128,128,2,1,4,16.479000000000042
gfx950,decode,torch.bfloat16,torch.bfloat16,120,1,2,8,128,128,2,1,4,16.57899999999995
gfx950,decode,torch.bfloat16,torch.bfloat16,121,1,2,8,128,128,2,1,4,16.598999999999933
gfx950,decode,torch.bfloat16,torch.bfloat16,122,1,2,8,128,128,2,1,4,16.759000000000015
gfx950,decode,torch.bfloat16,torch.bfloat16,123,1,2,8,128,128,2,1,4,16.899
gfx950,decode,torch.bfloat16,torch.bfloat16,124,1,2,8,128,128,2,1,4,17.019000000000005
gfx950,decode,torch.bfloat16,torch.bfloat16,125,1,2,8,128,128,2,1,4,16.939000000000078
gfx950,decode,torch.bfloat16,torch.bfloat16,126,1,2,8,128,128,2,1,4,17.079500000000053
gfx950,decode,torch.bfloat16,torch.bfloat16,127,1,2,8,128,128,2,1,4,17.199999999999932
gfx950,decode,torch.bfloat16,torch.bfloat16,128,1,2,8,128,128,2,1,4,17.278999999999996
gfx950,decode,torch.bfloat16,torch.bfloat16,1,1,4,16,128,128,8,4,16,4.958999999999833
gfx950,decode,torch.bfloat16,torch.bfloat16,2,1,4,16,128,128,8,4,16,4.979499999999916
gfx950,decode,torch.bfloat16,torch.bfloat16,3,1,4,16,128,128,8,4,16,5.278999999999996
gfx950,decode,torch.bfloat16,torch.bfloat16,4,1,4,16,128,128,4,4,16,5.518999999999778
gfx950,decode,torch.bfloat16,torch.bfloat16,5,1,4,16,128,128,8,2,8,5.7590000000000146
gfx950,decode,torch.bfloat16,torch.bfloat16,6,1,4,16,128,128,8,2,8,5.838999999999942
gfx950,decode,torch.bfloat16,torch.bfloat16,7,1,4,16,128,128,4,4,16,6.0789999999997235
gfx950,decode,torch.bfloat16,torch.bfloat16,8,1,4,16,128,128,8,2,16,6.239000000000033
gfx950,decode,torch.bfloat16,torch.bfloat16,9,1,4,16,128,128,8,1,8,6.679000000000087
gfx950,decode,torch.bfloat16,torch.bfloat16,10,1,4,16,128,128,8,2,16,6.879000000000133
gfx950,decode,torch.bfloat16,torch.bfloat16,11,1,4,16,128,128,4,1,4,7.0190000000000055
gfx950,decode,torch.bfloat16,torch.bfloat16,12,1,4,16,128,128,4,1,4,7.199000000000069
gfx950,decode,torch.bfloat16,torch.bfloat16,13,1,4,16,128,128,4,1,4,7.518999999999778
gfx950,decode,torch.bfloat16,torch.bfloat16,14,1,4,16,128,128,8,1,8,7.639499999999998
gfx950,decode,torch.bfloat16,torch.bfloat16,15,1,4,16,128,128,4,2,16,7.899499999999989
gfx950,decode,torch.bfloat16,torch.bfloat16,16,1,4,16,128,128,8,1,16,8.118999999999915
gfx950,decode,torch.bfloat16,torch.bfloat16,17,1,4,16,128,128,4,2,16,8.359499999999798
gfx950,decode,torch.bfloat16,torch.bfloat16,18,1,4,16,128,128,8,1,16,8.538999999999987
gfx950,decode,torch.bfloat16,torch.bfloat16,19,1,4,16,128,128,4,2,16,8.719000000000051
gfx950,decode,torch.bfloat16,torch.bfloat16,20,1,4,16,128,128,4,2,16,9.03899999999976
gfx950,decode,torch.bfloat16,torch.bfloat16,21,1,4,16,128,128,8,1,16,9.278999999999996
gfx950,decode,torch.bfloat16,torch.bfloat16,22,1,4,16,128,128,4,2,16,9.43950000000018
gfx950,decode,torch.bfloat16,torch.bfloat16,23,1,4,16,128,128,2,4,16,9.499000000000024
gfx950,decode,torch.bfloat16,torch.bfloat16,24,1,4,16,128,128,2,4,16,9.619500000000016
gfx950,decode,torch.bfloat16,torch.bfloat16,25,1,4,16,128,128,4,1,4,9.739500000000135
gfx950,decode,torch.bfloat16,torch.bfloat16,26,1,4,16,128,128,4,1,4,9.919000000000324
gfx950,decode,torch.bfloat16,torch.bfloat16,27,1,4,16,128,128,4,1,4,10.01949999999988
gfx950,decode,torch.bfloat16,torch.bfloat16,28,1,4,16,128,128,4,1,4,10.419000000000096
gfx950,decode,torch.bfloat16,torch.bfloat16,29,1,4,16,128,128,2,2,4,10.398999999999887
gfx950,decode,torch.bfloat16,torch.bfloat16,30,1,4,16,128,128,1,4,4,10.539000000000215
gfx950,decode,torch.bfloat16,torch.bfloat16,31,1,4,16,128,128,2,2,4,10.639000000000124
gfx950,decode,torch.bfloat16,torch.bfloat16,32,1,4,16,128,128,4,1,4,10.719000000000051
gfx950,decode,torch.bfloat16,torch.bfloat16,33,1,4,16,128,128,2,4,8,11.638999999999896
gfx950,decode,torch.bfloat16,torch.bfloat16,34,1,4,16,128,128,4,1,4,11.999000000000024
gfx950,decode,torch.bfloat16,torch.bfloat16,35,1,4,16,128,128,4,1,4,11.558999999999969
gfx950,decode,torch.bfloat16,torch.bfloat16,36,1,4,16,128,128,4,1,4,11.899000000000115
gfx950,decode,torch.bfloat16,torch.bfloat16,37,1,4,16,128,128,4,1,4,12.098999999999933
gfx950,decode,torch.bfloat16,torch.bfloat16,38,1,4,16,128,128,2,2,4,12.558999999999969
gfx950,decode,torch.bfloat16,torch.bfloat16,39,1,4,16,128,128,4,1,4,12.519000000000005
gfx950,decode,torch.bfloat16,torch.bfloat16,40,1,4,16,128,128,1,2,4,12.759000000000015
gfx950,decode,torch.bfloat16,torch.bfloat16,41,1,4,16,128,128,1,2,4,12.97900000000027
gfx950,decode,torch.bfloat16,torch.bfloat16,42,1,4,16,128,128,1,2,4,13.038999999999987
gfx950,decode,torch.bfloat16,torch.bfloat16,43,1,4,16,128,128,1,2,4,13.239000000000033
gfx950,decode,torch.bfloat16,torch.bfloat16,44,1,4,16,128,128,1,2,4,13.31899999999996
gfx950,decode,torch.bfloat16,torch.bfloat16,45,1,4,16,128,128,2,1,4,13.659000000000106
gfx950,decode,torch.bfloat16,torch.bfloat16,46,1,4,16,128,128,1,2,4,13.81899999999996
gfx950,decode,torch.bfloat16,torch.bfloat16,47,1,4,16,128,128,2,1,4,14.058999999999969
gfx950,decode,torch.bfloat16,torch.bfloat16,48,1,4,16,128,128,2,1,4,13.999499999999898
gfx950,decode,torch.bfloat16,torch.bfloat16,49,1,4,16,128,128,2,1,4,14.359000000000151
gfx950,decode,torch.bfloat16,torch.bfloat16,50,1,4,16,128,128,2,1,4,14.878999999999905
gfx950,decode,torch.bfloat16,torch.bfloat16,51,1,4,16,128,128,2,1,4,15.019500000000107
gfx950,decode,torch.bfloat16,torch.bfloat16,52,1,4,16,128,128,2,1,4,15.219000000000051
gfx950,decode,torch.bfloat16,torch.bfloat16,53,1,4,16,128,128,2,1,4,15.639000000000124
gfx950,decode,torch.bfloat16,torch.bfloat16,54,1,4,16,128,128,2,1,4,15.398999999999887
gfx950,decode,torch.bfloat16,torch.bfloat16,55,1,4,16,128,128,2,1,4,15.459500000000162
gfx950,decode,torch.bfloat16,torch.bfloat16,56,1,4,16,128,128,2,1,4,15.559000000000196
gfx950,decode,torch.bfloat16,torch.bfloat16,57,1,4,16,128,128,2,1,4,15.959500000000162
gfx950,decode,torch.bfloat16,torch.bfloat16,58,1,4,16,128,128,2,1,4,16.419000000000096
gfx950,decode,torch.bfloat16,torch.bfloat16,59,1,4,16,128,128,2,1,4,16.658999999999878
gfx950,decode,torch.bfloat16,torch.bfloat16,60,1,4,16,128,128,2,1,4,16.69899999999984
gfx950,decode,torch.bfloat16,torch.bfloat16,61,1,4,16,128,128,2,1,4,16.739499999999907
gfx950,decode,torch.bfloat16,torch.bfloat16,62,1,4,16,128,128,2,1,4,17.179499999999962
gfx950,decode,torch.bfloat16,torch.bfloat16,63,1,4,16,128,128,2,1,4,17.239000000000033
gfx950,decode,torch.bfloat16,torch.bfloat16,64,1,4,16,128,128,2,1,4,17.27949999999987
gfx950,decode,torch.bfloat16,torch.bfloat16,65,1,4,16,128,128,4,2,8,17.878999999999905
gfx950,decode,torch.bfloat16,torch.bfloat16,66,1,4,16,128,128,4,2,8,17.919000000000096
gfx950,decode,torch.bfloat16,torch.bfloat16,67,1,4,16,128,128,4,2,8,18.09999999999991
gfx950,decode,torch.bfloat16,torch.bfloat16,68,1,4,16,128,128,4,2,8,18.40000000000009
gfx950,decode,torch.bfloat16,torch.bfloat16,69,1,4,16,128,128,4,2,8,18.439999999999827
gfx950,decode,torch.bfloat16,torch.bfloat16,70,1,4,16,128,128,4,2,8,18.778999999999996
gfx950,decode,torch.bfloat16,torch.bfloat16,71,1,4,16,128,128,4,2,8,18.959499999999935
gfx950,decode,torch.bfloat16,torch.bfloat16,72,1,4,16,128,128,4,2,8,18.878999999999905
gfx950,decode,torch.bfloat16,torch.bfloat16,73,1,4,16,128,128,4,2,8,19.219500000000153
gfx950,decode,torch.bfloat16,torch.bfloat16,74,1,4,16,128,128,2,4,8,19.519000000000233
gfx950,decode,torch.bfloat16,torch.bfloat16,75,1,4,16,128,128,8,2,16,19.679499999999734
gfx950,decode,torch.bfloat16,torch.bfloat16,76,1,4,16,128,128,8,2,16,19.839500000000044
gfx950,decode,torch.bfloat16,torch.bfloat16,77,1,4,16,128,128,8,2,16,20.03899999999976
gfx950,decode,torch.bfloat16,torch.bfloat16,78,1,4,16,128,128,8,2,16,20.278999999999996
gfx950,decode,torch.bfloat16,torch.bfloat16,79,1,4,16,128,128,8,1,8,20.478999999999814
gfx950,decode,torch.bfloat16,torch.bfloat16,80,1,4,16,128,128,8,2,16,20.679000000000087
gfx950,decode,torch.bfloat16,torch.bfloat16,81,1,4,16,128,128,8,2,16,20.719500000000153
gfx950,decode,torch.bfloat16,torch.bfloat16,82,1,4,16,128,128,4,4,16,20.958999999999833
gfx950,decode,torch.bfloat16,torch.bfloat16,83,1,4,16,128,128,8,2,16,21.159499999999753
gfx950,decode,torch.bfloat16,torch.bfloat16,84,1,4,16,128,128,8,2,16,21.278999999999996
gfx950,decode,torch.bfloat16,torch.bfloat16,85,1,4,16,128,128,4,4,16,21.53949999999986
gfx950,decode,torch.bfloat16,torch.bfloat16,86,1,4,16,128,128,8,2,16,21.65899999999965
gfx950,decode,torch.bfloat16,torch.bfloat16,87,1,4,16,128,128,8,2,16,21.659500000000207
gfx950,decode,torch.bfloat16,torch.bfloat16,88,1,4,16,128,128,8,2,16,21.958999999999833
gfx950,decode,torch.bfloat16,torch.bfloat16,89,1,4,16,128,128,8,2,16,22.05899999999974
gfx950,decode,torch.bfloat16,torch.bfloat16,90,1,4,16,128,128,8,2,16,22.239499999999907
gfx950,decode,torch.bfloat16,torch.bfloat16,91,1,4,16,128,128,8,2,16,22.43950000000018
gfx950,decode,torch.bfloat16,torch.bfloat16,92,1,4,16,128,128,8,2,16,22.519500000000107
gfx950,decode,torch.bfloat16,torch.bfloat16,93,1,4,16,128,128,8,2,16,22.839500000000044
gfx950,decode,torch.bfloat16,torch.bfloat16,94,1,4,16,128,128,8,2,16,22.87999999999988
gfx950,decode,torch.bfloat16,torch.bfloat16,95,1,4,16,128,128,8,2,16,23.098999999999933
gfx950,decode,torch.bfloat16,torch.bfloat16,96,1,4,16,128,128,8,2,16,23.25949999999989
gfx950,decode,torch.bfloat16,torch.bfloat16,97,1,4,16,128,128,8,2,16,23.43899999999985
gfx950,decode,torch.bfloat16,torch.bfloat16,98,1,4,16,128,128,4,4,16,23.719499999999925
gfx950,decode,torch.bfloat16,torch.bfloat16,99,1,4,16,128,128,8,2,16,23.859500000000025
gfx950,decode,torch.bfloat16,torch.bfloat16,100,1,4,16,128,128,8,2,16,24.05950000000007
gfx950,decode,torch.bfloat16,torch.bfloat16,101,1,4,16,128,128,4,2,8,24.179499999999962
gfx950,decode,torch.bfloat16,torch.bfloat16,102,1,4,16,128,128,8,1,8,24.33900000000017
gfx950,decode,torch.bfloat16,torch.bfloat16,103,1,4,16,128,128,8,1,8,24.499000000000024
gfx950,decode,torch.bfloat16,torch.bfloat16,104,1,4,16,128,128,8,1,8,24.519499999999653
gfx950,decode,torch.bfloat16,torch.bfloat16,105,1,4,16,128,128,8,1,8,24.798999999999978
gfx950,decode,torch.bfloat16,torch.bfloat16,106,1,4,16,128,128,8,1,8,24.999000000000024
gfx950,decode,torch.bfloat16,torch.bfloat16,107,1,4,16,128,128,4,4,16,25.138999999999896
gfx950,decode,torch.bfloat16,torch.bfloat16,108,1,4,16,128,128,8,2,16,25.259500000000116
gfx950,decode,torch.bfloat16,torch.bfloat16,109,1,4,16,128,128,4,4,16,25.499499999999898
gfx950,decode,torch.bfloat16,torch.bfloat16,110,1,4,16,128,128,8,2,16,25.71900000000005
gfx950,decode,torch.bfloat16,torch.bfloat16,111,1,4,16,128,128,8,2,16,25.679000000000087
gfx950,decode,torch.bfloat16,torch.bfloat16,112,1,4,16,128,128,8,2,16,25.940000000000055
gfx950,decode,torch.bfloat16,torch.bfloat16,113,1,4,16,128,128,4,4,16,26.179499999999734
gfx950,decode,torch.bfloat16,torch.bfloat16,114,1,4,16,128,128,8,2,16,26.358999999999924
gfx950,decode,torch.bfloat16,torch.bfloat16,115,1,4,16,128,128,8,2,16,26.519500000000335
gfx950,decode,torch.bfloat16,torch.bfloat16,116,1,4,16,128,128,8,2,16,26.65949999999998
gfx950,decode,torch.bfloat16,torch.bfloat16,117,1,4,16,128,128,8,2,16,26.859499999999798
gfx950,decode,torch.bfloat16,torch.bfloat16,118,1,4,16,128,128,4,4,16,27.099500000000035
gfx950,decode,torch.bfloat16,torch.bfloat16,119,1,4,16,128,128,8,2,16,27.2199999999998
gfx950,decode,torch.bfloat16,torch.bfloat16,120,1,4,16,128,128,8,2,16,27.259500000000116
gfx950,decode,torch.bfloat16,torch.bfloat16,121,1,4,16,128,128,8,2,16,27.559499999999844
gfx950,decode,torch.bfloat16,torch.bfloat16,122,1,4,16,128,128,8,2,16,27.71900000000005
gfx950,decode,torch.bfloat16,torch.bfloat16,123,1,4,16,128,128,8,2,16,27.95999999999981
gfx950,decode,torch.bfloat16,torch.bfloat16,124,1,4,16,128,128,4,4,16,28.07900000000018
gfx950,decode,torch.bfloat16,torch.bfloat16,125,1,4,16,128,128,8,2,16,28.420000000000073
gfx950,decode,torch.bfloat16,torch.bfloat16,126,1,4,16,128,128,8,2,16,28.438999999999623
gfx950,decode,torch.bfloat16,torch.bfloat16,127,1,4,16,128,128,8,2,16,28.559000000000196
gfx950,decode,torch.bfloat16,torch.bfloat16,128,1,4,16,128,128,8,2,16,28.759000000000015
gfx950,decode,torch.bfloat16,torch.bfloat16,1,1,8,32,128,128,8,4,16,5.039000000000215
gfx950,decode,torch.bfloat16,torch.bfloat16,2,1,8,32,128,128,8,4,16,5.419000000000324
gfx950,decode,torch.bfloat16,torch.bfloat16,3,1,8,32,128,128,8,2,8,5.798999999999978
gfx950,decode,torch.bfloat16,torch.bfloat16,4,1,8,32,128,128,8,2,16,6.179000000000087
gfx950,decode,torch.bfloat16,torch.bfloat16,5,1,8,32,128,128,8,2,16,6.81899999999996
gfx950,decode,torch.bfloat16,torch.bfloat16,6,1,8,32,128,128,4,1,4,7.2199999999998
gfx950,decode,torch.bfloat16,torch.bfloat16,7,1,8,32,128,128,8,1,8,7.639000000000124
gfx950,decode,torch.bfloat16,torch.bfloat16,8,1,8,32,128,128,1,4,4,8.099499999999807
gfx950,decode,torch.bfloat16,torch.bfloat16,9,1,8,32,128,128,8,1,16,8.459000000000287
gfx950,decode,torch.bfloat16,torch.bfloat16,10,1,8,32,128,128,4,2,16,8.958999999999833
gfx950,decode,torch.bfloat16,torch.bfloat16,11,1,8,32,128,128,8,1,16,9.458999999999833
gfx950,decode,torch.bfloat16,torch.bfloat16,12,1,8,32,128,128,2,2,4,9.799500000000535
gfx950,decode,torch.bfloat16,torch.bfloat16,13,1,8,32,128,128,4,1,4,9.858999999999924
gfx950,decode,torch.bfloat16,torch.bfloat16,14,1,8,32,128,128,4,1,4,10.099000000000615
gfx950,decode,torch.bfloat16,torch.bfloat16,15,1,8,32,128,128,2,2,4,10.458999999999833
gfx950,decode,torch.bfloat16,torch.bfloat16,16,1,8,32,128,128,2,2,4,10.69900000000007
gfx950,decode,torch.bfloat16,torch.bfloat16,17,1,8,32,128,128,4,1,4,11.519000000000233
gfx950,decode,torch.bfloat16,torch.bfloat16,18,1,8,32,128,128,4,1,4,11.919000000000324
gfx950,decode,torch.bfloat16,torch.bfloat16,19,1,8,32,128,128,2,4,16,12.399499999999989
gfx950,decode,torch.bfloat16,torch.bfloat16,20,1,8,32,128,128,2,4,16,12.65899999999965
gfx950,decode,torch.bfloat16,torch.bfloat16,21,1,8,32,128,128,1,4,8,13.059000000000196
gfx950,decode,torch.bfloat16,torch.bfloat16,22,1,8,32,128,128,1,2,4,13.519000000000233
gfx950,decode,torch.bfloat16,torch.bfloat16,23,1,8,32,128,128,2,1,4,13.69900000000007
gfx950,decode,torch.bfloat16,torch.bfloat16,24,1,8,32,128,128,2,1,4,13.899499999999534
gfx950,decode,torch.bfloat16,torch.bfloat16,25,1,8,32,128,128,2,1,4,14.839500000000044
gfx950,decode,torch.bfloat16,torch.bfloat16,26,1,8,32,128,128,2,1,4,15.259000000000015
gfx950,decode,torch.bfloat16,torch.bfloat16,27,1,8,32,128,128,2,1,4,15.259499999999662
gfx950,decode,torch.bfloat16,torch.bfloat16,28,1,8,32,128,128,2,1,4,15.700000000000273
gfx950,decode,torch.bfloat16,torch.bfloat16,29,1,8,32,128,128,2,1,4,16.27899999999954
gfx950,decode,torch.bfloat16,torch.bfloat16,30,1,8,32,128,128,2,1,4,16.67950000000019
gfx950,decode,torch.bfloat16,torch.bfloat16,31,1,8,32,128,128,2,1,4,17.159000000000106
gfx950,decode,torch.bfloat16,torch.bfloat16,32,1,8,32,128,128,2,1,4,17.318999999999505
gfx950,decode,torch.bfloat16,torch.bfloat16,33,1,8,32,128,128,4,2,8,18.078999999999724
gfx950,decode,torch.bfloat16,torch.bfloat16,34,1,8,32,128,128,2,4,8,18.41949999999997
gfx950,decode,torch.bfloat16,torch.bfloat16,35,1,8,32,128,128,2,4,8,18.91899999999987
gfx950,decode,torch.bfloat16,torch.bfloat16,36,1,8,32,128,128,4,2,8,19.07950000000028
gfx950,decode,torch.bfloat16,torch.bfloat16,37,1,8,32,128,128,4,2,8,19.679000000000087
gfx950,decode,torch.bfloat16,torch.bfloat16,38,1,8,32,128,128,4,4,16,20.039000000000215
gfx950,decode,torch.bfloat16,torch.bfloat16,39,1,8,32,128,128,4,4,16,20.31899999999996
gfx950,decode,torch.bfloat16,torch.bfloat16,40,1,8,32,128,128,8,2,16,20.69900000000007
gfx950,decode,torch.bfloat16,torch.bfloat16,41,1,8,32,128,128,4,4,16,20.97900000000027
gfx950,decode,torch.bfloat16,torch.bfloat16,42,1,8,32,128,128,8,2,16,21.2800000000002
gfx950,decode,torch.bfloat16,torch.bfloat16,43,1,8,32,128,128,8,2,16,21.67950000000019
gfx950,decode,torch.bfloat16,torch.bfloat16,44,1,8,32,128,128,8,2,16,22.0595000000003
gfx950,decode,torch.bfloat16,torch.bfloat16,45,1,8,32,128,128,8,2,16,22.339500000000044
gfx950,decode,torch.bfloat16,torch.bfloat16,46,1,8,32,128,128,8,2,16,22.61949999999979
gfx950,decode,torch.bfloat16,torch.bfloat16,47,1,8,32,128,128,8,2,16,22.91899999999987
gfx950,decode,torch.bfloat16,torch.bfloat16,48,1,8,32,128,128,8,2,16,23.33949999999959
gfx950,decode,torch.bfloat16,torch.bfloat16,49,1,8,32,128,128,8,2,16,23.719500000000153
gfx950,decode,torch.bfloat16,torch.bfloat16,50,1,8,32,128,128,8,2,16,24.119000000000142
gfx950,decode,torch.bfloat16,torch.bfloat16,51,1,8,32,128,128,4,4,16,24.439499999999953
gfx950,decode,torch.bfloat16,torch.bfloat16,52,1,8,32,128,128,8,1,8,24.639999999999873
gfx950,decode,torch.bfloat16,torch.bfloat16,53,1,8,32,128,128,8,2,16,25.159000000000106
gfx950,decode,torch.bfloat16,torch.bfloat16,54,1,8,32,128,128,8,2,16,25.559000000000196
gfx950,decode,torch.bfloat16,torch.bfloat16,55,1,8,32,128,128,4,4,16,25.838999999999942
gfx950,decode,torch.bfloat16,torch.bfloat16,56,1,8,32,128,128,8,2,16,26.01949999999988
gfx950,decode,torch.bfloat16,torch.bfloat16,57,1,8,32,128,128,8,2,16,26.379500000000007
gfx950,decode,torch.bfloat16,torch.bfloat16,58,1,8,32,128,128,8,2,16,26.85949999999957
gfx950,decode,torch.bfloat16,torch.bfloat16,59,1,8,32,128,128,4,4,16,27.159500000000207
gfx950,decode,torch.bfloat16,torch.bfloat16,60,1,8,32,128,128,4,4,16,27.47950000000037
gfx950,decode,torch.bfloat16,torch.bfloat16,61,1,8,32,128,128,8,2,16,27.859500000000025
gfx950,decode,torch.bfloat16,torch.bfloat16,62,1,8,32,128,128,8,2,16,28.159500000000207
gfx950,decode,torch.bfloat16,torch.bfloat16,63,1,8,32,128,128,8,2,16,28.35899999999947
gfx950,decode,torch.bfloat16,torch.bfloat16,64,1,8,32,128,128,8,2,16,28.93899999999985
gfx950,decode,torch.bfloat16,torch.bfloat16,65,1,8,32,128,128,8,2,16,29.23949999999968
gfx950,decode,torch.bfloat16,torch.bfloat16,66,1,8,32,128,128,8,2,16,29.59900000000016
gfx950,decode,torch.bfloat16,torch.bfloat16,67,1,8,32,128,128,8,2,16,29.939499999999953
gfx950,decode,torch.bfloat16,torch.bfloat16,68,1,8,32,128,128,8,2,16,30.379500000000007
gfx950,decode,torch.bfloat16,torch.bfloat16,69,1,8,32,128,128,8,2,16,30.720000000000255
gfx950,decode,torch.bfloat16,torch.bfloat16,70,1,8,32,128,128,8,2,16,30.999499999999898
gfx950,decode,torch.bfloat16,torch.bfloat16,71,1,8,32,128,128,8,2,16,31.31999999999971
gfx950,decode,torch.bfloat16,torch.bfloat16,72,1,8,32,128,128,8,2,16,31.49900000000025
gfx950,decode,torch.bfloat16,torch.bfloat16,73,1,8,32,128,128,4,4,16,32.01900000000069
gfx950,decode,torch.bfloat16,torch.bfloat16,74,1,8,32,128,128,8,2,16,32.318999999999505
gfx950,decode,torch.bfloat16,torch.bfloat16,75,1,8,32,128,128,4,4,16,32.81950000000006
gfx950,decode,torch.bfloat16,torch.bfloat16,76,1,8,32,128,128,8,2,16,33.03949999999986
gfx950,decode,torch.bfloat16,torch.bfloat16,77,1,8,32,128,128,4,4,16,33.459499999999935
gfx950,decode,torch.bfloat16,torch.bfloat16,78,1,8,32,128,128,8,2,16,33.759000000000015
gfx950,decode,torch.bfloat16,torch.bfloat16,79,1,8,32,128,128,4,4,16,34.15950000000021
gfx950,decode,torch.bfloat16,torch.bfloat16,80,1,8,32,128,128,8,2,16,34.359500000000025
gfx950,decode,torch.bfloat16,torch.bfloat16,81,1,8,32,128,128,4,4,16,34.69900000000007
gfx950,decode,torch.bfloat16,torch.bfloat16,82,1,8,32,128,128,8,2,16,35.15899999999965
gfx950,decode,torch.bfloat16,torch.bfloat16,83,1,8,32,128,128,8,2,16,35.519500000000335
gfx950,decode,torch.bfloat16,torch.bfloat16,84,1,8,32,128,128,8,2,16,35.739500000000135
gfx950,decode,torch.bfloat16,torch.bfloat16,85,1,8,32,128,128,8,2,16,36.21950000000061
gfx950,decode,torch.bfloat16,torch.bfloat16,86,1,8,32,128,128,8,2,16,36.539000000000215
gfx950,decode,torch.bfloat16,torch.bfloat16,87,1,8,32,128,128,8,2,16,36.92000000000007
gfx950,decode,torch.bfloat16,torch.bfloat16,88,1,8,32,128,128,8,2,16,37.23900000000049
gfx950,decode,torch.bfloat16,torch.bfloat16,89,1,8,32,128,128,4,4,16,37.598999999999705
gfx950,decode,torch.bfloat16,torch.bfloat16,90,1,8,32,128,128,4,4,16,38.01949999999988
gfx950,decode,torch.bfloat16,torch.bfloat16,91,1,8,32,128,128,8,2,16,38.25999999999976
gfx950,decode,torch.bfloat16,torch.bfloat16,92,1,8,32,128,128,8,2,16,38.598999999999705
gfx950,decode,torch.bfloat16,torch.bfloat16,93,1,8,32,128,128,8,2,16,38.99900000000025
gfx950,decode,torch.bfloat16,torch.bfloat16,94,1,8,32,128,128,8,2,16,39.23999999999978
gfx950,decode,torch.bfloat16,torch.bfloat16,95,1,8,32,128,128,8,2,16,39.559499999999844
gfx950,decode,torch.bfloat16,torch.bfloat16,96,1,8,32,128,128,4,4,16,39.97900000000027
gfx950,decode,torch.bfloat16,torch.bfloat16,97,1,8,32,128,128,8,2,16,40.05899999999974
gfx950,decode,torch.bfloat16,torch.bfloat16,98,1,8,32,128,128,8,2,16,40.57899999999972
gfx950,decode,torch.bfloat16,torch.bfloat16,99,1,8,32,128,128,8,2,16,41.15899999999965
gfx950,decode,torch.bfloat16,torch.bfloat16,100,1,8,32,128,128,8,2,16,41.43949999999995
gfx950,decode,torch.bfloat16,torch.bfloat16,101,1,8,32,128,128,4,4,16,41.81899999999996
gfx950,decode,torch.bfloat16,torch.bfloat16,102,1,8,32,128,128,8,2,16,41.87950000000001
gfx950,decode,torch.bfloat16,torch.bfloat16,103,1,8,32,128,128,4,4,16,42.33899999999994
gfx950,decode,torch.bfloat16,torch.bfloat16,104,1,8,32,128,128,8,2,16,42.7795000000001
gfx950,decode,torch.bfloat16,torch.bfloat16,105,1,8,32,128,128,8,2,16,43.139000000000124
gfx950,decode,torch.bfloat16,torch.bfloat16,106,1,8,32,128,128,8,2,16,43.320000000000164
gfx950,decode,torch.bfloat16,torch.bfloat16,107,1,8,32,128,128,8,2,16,43.839500000000044
gfx950,decode,torch.bfloat16,torch.bfloat16,108,1,8,32,128,128,8,2,16,43.97950000000037
gfx950,decode,torch.bfloat16,torch.bfloat16,109,1,8,32,128,128,8,2,16,44.499999999999545
gfx950,decode,torch.bfloat16,torch.bfloat16,110,1,8,32,128,128,8,2,16,44.8390000000004
gfx950,decode,torch.bfloat16,torch.bfloat16,111,1,8,32,128,128,4,4,16,45.19999999999982
gfx950,decode,torch.bfloat16,torch.bfloat16,112,1,8,32,128,128,8,2,16,45.659000000000106
gfx950,decode,torch.bfloat16,torch.bfloat16,113,1,8,32,128,128,8,2,16,45.9994999999999
gfx950,decode,torch.bfloat16,torch.bfloat16,114,1,8,32,128,128,4,4,16,46.23949999999968
gfx950,decode,torch.bfloat16,torch.bfloat16,115,1,8,32,128,128,4,4,16,46.49950000000035
gfx950,decode,torch.bfloat16,torch.bfloat16,116,1,8,32,128,128,4,4,16,46.87950000000001
gfx950,decode,torch.bfloat16,torch.bfloat16,117,1,8,32,128,128,8,2,16,47.24000000000024
gfx950,decode,torch.bfloat16,torch.bfloat16,118,1,8,32,128,128,8,2,16,47.57900000000018
gfx950,decode,torch.bfloat16,torch.bfloat16,119,1,8,32,128,128,8,2,16,47.9994999999999
gfx950,decode,torch.bfloat16,torch.bfloat16,120,1,8,32,128,128,8,2,16,48.27900000000045
gfx950,decode,torch.bfloat16,torch.bfloat16,121,1,8,32,128,128,8,2,16,48.63999999999942
gfx950,decode,torch.bfloat16,torch.bfloat16,122,1,8,32,128,128,4,4,16,48.900000000000546
gfx950,decode,torch.bfloat16,torch.bfloat16,123,1,8,32,128,128,4,4,16,49.4394999999995
gfx950,decode,torch.bfloat16,torch.bfloat16,124,1,8,32,128,128,8,2,16,49.35999999999967
gfx950,decode,torch.bfloat16,torch.bfloat16,125,1,8,32,128,128,8,2,16,49.919000000000324
gfx950,decode,torch.bfloat16,torch.bfloat16,126,1,8,32,128,128,8,2,16,50.30000000000018
gfx950,decode,torch.bfloat16,torch.bfloat16,127,1,8,32,128,128,8,2,16,50.61899999999969
gfx950,decode,torch.bfloat16,torch.bfloat16,128,1,8,32,128,128,8,2,16,50.82000000000062
gfx950,decode,torch.bfloat16,torch.bfloat16,1,1,16,64,128,128,8,4,16,5.3990000000012515
gfx950,decode,torch.bfloat16,torch.bfloat16,2,1,16,64,128,128,8,2,16,6.15900000000147
gfx950,decode,torch.bfloat16,torch.bfloat16,3,1,16,64,128,128,4,2,8,7.2390000000004875
gfx950,decode,torch.bfloat16,torch.bfloat16,4,1,16,64,128,128,4,2,16,8.03900000000067
gfx950,decode,torch.bfloat16,torch.bfloat16,5,1,16,64,128,128,4,2,16,8.958999999998923
gfx950,decode,torch.bfloat16,torch.bfloat16,6,1,16,64,128,128,4,2,16,9.759000000000015
gfx950,decode,torch.bfloat16,torch.bfloat16,7,1,16,64,128,128,4,1,4,10.118999999998778
gfx950,decode,torch.bfloat16,torch.bfloat16,8,1,16,64,128,128,1,4,4,10.65899999999965
gfx950,decode,torch.bfloat16,torch.bfloat16,9,1,16,64,128,128,4,1,4,11.59899999999925
gfx950,decode,torch.bfloat16,torch.bfloat16,10,1,16,64,128,128,2,4,16,12.559000000000196
gfx950,decode,torch.bfloat16,torch.bfloat16,11,1,16,64,128,128,1,2,4,13.520000000000437
gfx950,decode,torch.bfloat16,torch.bfloat16,12,1,16,64,128,128,2,1,4,13.879500000000917
gfx950,decode,torch.bfloat16,torch.bfloat16,13,1,16,64,128,128,2,1,4,15.09900000000016
gfx950,decode,torch.bfloat16,torch.bfloat16,14,1,16,64,128,128,2,1,4,15.879000000000815
gfx950,decode,torch.bfloat16,torch.bfloat16,15,1,16,64,128,128,2,1,4,16.618999999999687
gfx950,decode,torch.bfloat16,torch.bfloat16,16,1,16,64,128,128,2,1,4,17.239000000000487
gfx950,decode,torch.bfloat16,torch.bfloat16,17,1,16,64,128,128,4,2,8,18.41899999999987
gfx950,decode,torch.bfloat16,torch.bfloat16,18,1,16,64,128,128,4,2,8,19.178999999999178
gfx950,decode,torch.bfloat16,torch.bfloat16,19,1,16,64,128,128,8,2,16,19.898999999999432
gfx950,decode,torch.bfloat16,torch.bfloat16,20,1,16,64,128,128,8,2,16,20.558999999999287
gfx950,decode,torch.bfloat16,torch.bfloat16,21,1,16,64,128,128,8,2,16,21.27899999999954
gfx950,decode,torch.bfloat16,torch.bfloat16,22,1,16,64,128,128,8,2,16,21.79899999999907
gfx950,decode,torch.bfloat16,torch.bfloat16,23,1,16,64,128,128,8,2,16,22.5595000000003
gfx950,decode,torch.bfloat16,torch.bfloat16,24,1,16,64,128,128,8,2,16,23.219500000000153
gfx950,decode,torch.bfloat16,torch.bfloat16,25,1,16,64,128,128,8,2,16,23.97899999999936
gfx950,decode,torch.bfloat16,torch.bfloat16,26,1,16,64,128,128,8,2,16,24.579500000000735
gfx950,decode,torch.bfloat16,torch.bfloat16,27,1,16,64,128,128,8,2,16,25.399000000000342
gfx950,decode,torch.bfloat16,torch.bfloat16,28,1,16,64,128,128,8,2,16,26.05949999999939
gfx950,decode,torch.bfloat16,torch.bfloat16,29,1,16,64,128,128,8,2,16,26.659500000000662
gfx950,decode,torch.bfloat16,torch.bfloat16,30,1,16,64,128,128,8,2,16,27.35949999999957
gfx950,decode,torch.bfloat16,torch.bfloat16,31,1,16,64,128,128,8,2,16,28.03900000000067
gfx950,decode,torch.bfloat16,torch.bfloat16,32,1,16,64,128,128,8,2,16,28.71900000000005
gfx950,decode,torch.bfloat16,torch.bfloat16,33,1,16,64,128,128,8,2,16,29.41950000000088
gfx950,decode,torch.bfloat16,torch.bfloat16,34,1,16,64,128,128,8,2,16,30.15899999999965
gfx950,decode,torch.bfloat16,torch.bfloat16,35,1,16,64,128,128,8,2,16,30.719500000000153
gfx950,decode,torch.bfloat16,torch.bfloat16,36,1,16,64,128,128,8,2,16,31.338999999999942
gfx950,decode,torch.bfloat16,torch.bfloat16,37,1,16,64,128,128,8,2,16,32.11949999999979
gfx950,decode,torch.bfloat16,torch.bfloat16,38,1,16,64,128,128,8,2,16,32.878999999999905
gfx950,decode,torch.bfloat16,torch.bfloat16,39,1,16,64,128,128,8,2,16,33.639500000000226
gfx950,decode,torch.bfloat16,torch.bfloat16,40,1,16,64,128,128,8,2,16,34.15949999999975
gfx950,decode,torch.bfloat16,torch.bfloat16,41,1,16,64,128,128,8,2,16,34.840000000000146
gfx950,decode,torch.bfloat16,torch.bfloat16,42,1,16,64,128,128,8,2,16,35.459499999999935
gfx950,decode,torch.bfloat16,torch.bfloat16,43,1,16,64,128,128,8,2,16,36.23950000000059
gfx950,decode,torch.bfloat16,torch.bfloat16,44,1,16,64,128,128,8,2,16,36.91899999999987
gfx950,decode,torch.bfloat16,torch.bfloat16,45,1,16,64,128,128,8,2,16,37.639500000000226
gfx950,decode,torch.bfloat16,torch.bfloat16,46,1,16,64,128,128,8,2,16,38.47950000000037
gfx950,decode,torch.bfloat16,torch.bfloat16,47,1,16,64,128,128,8,2,16,38.98000000000047
gfx950,decode,torch.bfloat16,torch.bfloat16,48,1,16,64,128,128,8,2,16,39.519500000000335
gfx950,decode,torch.bfloat16,torch.bfloat16,49,1,16,64,128,128,8,2,16,40.4994999999999
gfx950,decode,torch.bfloat16,torch.bfloat16,50,1,16,64,128,128,8,2,16,41.09950000000026
gfx950,decode,torch.bfloat16,torch.bfloat16,51,1,16,64,128,128,8,2,16,41.8199999999988
gfx950,decode,torch.bfloat16,torch.bfloat16,52,1,16,64,128,128,8,2,16,42.579500000000735
gfx950,decode,torch.bfloat16,torch.bfloat16,53,1,16,64,128,128,8,2,16,43.39899999999943
gfx950,decode,torch.bfloat16,torch.bfloat16,54,1,16,64,128,128,8,2,16,43.719999999999345
gfx950,decode,torch.bfloat16,torch.bfloat16,55,1,16,64,128,128,8,2,16,44.399999999999636
gfx950,decode,torch.bfloat16,torch.bfloat16,56,1,16,64,128,128,8,2,16,45.1795000000011
gfx950,decode,torch.bfloat16,torch.bfloat16,57,1,16,64,128,128,8,2,16,45.81999999999971
gfx950,decode,torch.bfloat16,torch.bfloat16,58,1,16,64,128,128,8,2,16,46.459499999999935
gfx950,decode,torch.bfloat16,torch.bfloat16,59,1,16,64,128,128,8,2,16,47.339500000000044
gfx950,decode,torch.bfloat16,torch.bfloat16,60,1,16,64,128,128,8,2,16,47.759000000000924
gfx950,decode,torch.bfloat16,torch.bfloat16,61,1,16,64,128,128,8,2,16,48.759500000000116
gfx950,decode,torch.bfloat16,torch.bfloat16,62,1,16,64,128,128,8,2,16,49.07899999999972
gfx950,decode,torch.bfloat16,torch.bfloat16,63,1,16,64,128,128,8,2,16,49.92000000000007
gfx950,decode,torch.bfloat16,torch.bfloat16,64,1,16,64,128,128,8,2,16,50.699499999999716
gfx950,decode,torch.bfloat16,torch.bfloat16,65,1,16,64,128,128,8,2,16,51.47900000000027
gfx950,decode,torch.bfloat16,torch.bfloat16,66,1,16,64,128,128,8,2,16,52.23950000000059
gfx950,decode,torch.bfloat16,torch.bfloat16,67,1,16,64,128,128,8,2,16,52.899999999999636
gfx950,decode,torch.bfloat16,torch.bfloat16,68,1,16,64,128,128,8,2,16,53.67950000000019
gfx950,decode,torch.bfloat16,torch.bfloat16,69,1,16,64,128,128,8,2,16,54.19999999999982
gfx950,decode,torch.bfloat16,torch.bfloat16,70,1,16,64,128,128,8,2,16,55.31950000000052
gfx950,decode,torch.bfloat16,torch.bfloat16,71,1,16,64,128,128,8,2,16,55.67950000000019
gfx950,decode,torch.bfloat16,torch.bfloat16,72,1,16,64,128,128,8,2,16,56.35949999999957
gfx950,decode,torch.bfloat16,torch.bfloat16,73,1,16,64,128,128,8,2,16,56.959500000000844
gfx950,decode,torch.bfloat16,torch.bfloat16,74,1,16,64,128,128,8,2,16,57.779999999999745
gfx950,decode,torch.bfloat16,torch.bfloat16,75,1,16,64,128,128,8,2,16,58.38000000000011
gfx950,decode,torch.bfloat16,torch.bfloat16,76,1,16,64,128,128,8,2,16,59.219999999999345
gfx950,decode,torch.bfloat16,torch.bfloat16,77,1,16,64,128,128,8,2,16,59.699500000000626
gfx950,decode,torch.bfloat16,torch.bfloat16,78,1,16,64,128,128,8,2,16,60.600000000000364
gfx950,decode,torch.bfloat16,torch.bfloat16,79,1,16,64,128,128,8,2,16,61.0590000000002
gfx950,decode,torch.bfloat16,torch.bfloat16,80,1,16,64,128,128,8,2,16,61.68000000000029
gfx950,decode,torch.bfloat16,torch.bfloat16,81,1,16,64,128,128,8,2,16,62.51899999999932
gfx950,decode,torch.bfloat16,torch.bfloat16,82,1,16,64,128,128,8,2,16,63.100000000000364
gfx950,decode,torch.bfloat16,torch.bfloat16,83,1,16,64,128,128,8,2,16,63.77949999999964
gfx950,decode,torch.bfloat16,torch.bfloat16,84,1,16,64,128,128,8,2,16,65.17999999999938
gfx950,decode,torch.bfloat16,torch.bfloat16,85,1,16,64,128,128,8,2,16,65.53999999999996
gfx950,decode,torch.bfloat16,torch.bfloat16,86,1,16,64,128,128,8,2,16,66.39949999999953
gfx950,decode,torch.bfloat16,torch.bfloat16,87,1,16,64,128,128,8,2,16,66.83999999999924
gfx950,decode,torch.bfloat16,torch.bfloat16,88,1,16,64,128,128,8,2,16,67.27950000000055
gfx950,decode,torch.bfloat16,torch.bfloat16,89,1,16,64,128,128,8,2,16,68.25950000000012
gfx950,decode,torch.bfloat16,torch.bfloat16,90,1,16,64,128,128,8,2,16,68.9399999999996
gfx950,decode,torch.bfloat16,torch.bfloat16,91,1,16,64,128,128,8,2,16,69.22000000000025
gfx950,decode,torch.bfloat16,torch.bfloat16,92,1,16,64,128,128,8,2,16,70.23999999999887
gfx950,decode,torch.bfloat16,torch.bfloat16,93,1,16,64,128,128,8,2,16,70.59999999999945
gfx950,decode,torch.bfloat16,torch.bfloat16,94,1,16,64,128,128,8,2,16,71.21950000000015
gfx950,decode,torch.bfloat16,torch.bfloat16,95,1,16,64,128,128,8,2,16,72.30000000000109
gfx950,decode,torch.bfloat16,torch.bfloat16,96,1,16,64,128,128,8,2,16,72.85949999999957
gfx950,decode,torch.bfloat16,torch.bfloat16,97,1,16,64,128,128,8,2,16,73.69949999999972
gfx950,decode,torch.bfloat16,torch.bfloat16,98,1,16,64,128,128,8,2,16,74.90000000000055
gfx950,decode,torch.bfloat16,torch.bfloat16,99,1,16,64,128,128,8,2,16,74.94000000000051
gfx950,decode,torch.bfloat16,torch.bfloat16,100,1,16,64,128,128,8,2,16,76.03999999999996
gfx950,decode,torch.bfloat16,torch.bfloat16,101,1,16,64,128,128,8,2,16,76.52000000000044
gfx950,decode,torch.bfloat16,torch.bfloat16,102,1,16,64,128,128,8,2,16,77.84000000000015
gfx950,decode,torch.bfloat16,torch.bfloat16,103,1,16,64,128,128,8,2,16,77.84000000000106
gfx950,decode,torch.bfloat16,torch.bfloat16,104,1,16,64,128,128,8,2,16,78.76000000000022
gfx950,decode,torch.bfloat16,torch.bfloat16,105,1,16,64,128,128,8,2,16,79.23999999999978
gfx950,decode,torch.bfloat16,torch.bfloat16,106,1,16,64,128,128,8,2,16,79.84000000000015
gfx950,decode,torch.bfloat16,torch.bfloat16,107,1,16,64,128,128,8,2,16,80.42000000000098
gfx950,decode,torch.bfloat16,torch.bfloat16,108,1,16,64,128,128,8,2,16,81.54000000000087
gfx950,decode,torch.bfloat16,torch.bfloat16,109,1,16,64,128,128,8,2,16,82.26000000000022
gfx950,decode,torch.bfloat16,torch.bfloat16,110,1,16,64,128,128,8,2,16,82.96000000000004
gfx950,decode,torch.bfloat16,torch.bfloat16,111,1,16,64,128,128,8,2,16,83.32000000000062
gfx950,decode,torch.bfloat16,torch.bfloat16,112,1,16,64,128,128,8,2,16,84.60000000000036
gfx950,decode,torch.bfloat16,torch.bfloat16,113,1,16,64,128,128,8,2,16,84.9399999999996
gfx950,decode,torch.bfloat16,torch.bfloat16,114,1,16,64,128,128,8,2,16,86.23999999999978
gfx950,decode,torch.bfloat16,torch.bfloat16,115,1,16,64,128,128,8,2,16,86.72000000000025
gfx950,decode,torch.bfloat16,torch.bfloat16,116,1,16,64,128,128,8,2,16,87.11999999999989
gfx950,decode,torch.bfloat16,torch.bfloat16,117,1,16,64,128,128,8,2,16,87.92000000000007
gfx950,decode,torch.bfloat16,torch.bfloat16,118,1,16,64,128,128,8,2,16,88.77999999999975
gfx950,decode,torch.bfloat16,torch.bfloat16,119,1,16,64,128,128,8,2,16,89.29999999999927
gfx950,decode,torch.bfloat16,torch.bfloat16,120,1,16,64,128,128,8,2,16,90.48000000000047
gfx950,decode,torch.bfloat16,torch.bfloat16,121,1,16,64,128,128,8,2,16,90.90000000000055
gfx950,decode,torch.bfloat16,torch.bfloat16,122,1,16,64,128,128,8,2,16,91.61999999999989
gfx950,decode,torch.bfloat16,torch.bfloat16,123,1,16,64,128,128,8,2,16,92.77999999999975
gfx950,decode,torch.bfloat16,torch.bfloat16,124,1,16,64,128,128,8,2,16,93.05999999999949
gfx950,decode,torch.bfloat16,torch.bfloat16,125,1,16,64,128,128,8,2,16,93.44000000000051
gfx950,decode,torch.bfloat16,torch.bfloat16,126,1,16,64,128,128,8,2,16,94.15999999999985
gfx950,decode,torch.bfloat16,torch.bfloat16,127,1,16,64,128,128,8,2,16,94.64000000000033
gfx950,decode,torch.bfloat16,torch.bfloat16,128,1,16,64,128,128,8,2,16,96.22000000000116
gfx950,decode,torch.bfloat16,torch.float32,1,1,4,8,128,128,8,4,32,4.5989999999999895
gfx950,decode,torch.bfloat16,torch.float32,2,1,4,8,128,128,8,2,16,4.5190000000000055
gfx950,decode,torch.bfloat16,torch.float32,3,1,4,8,128,128,8,4,16,4.479000000000042
gfx950,decode,torch.bfloat16,torch.float32,4,1,4,8,128,128,8,4,16,4.619000000000028
gfx950,decode,torch.bfloat16,torch.float32,5,1,4,8,128,128,4,4,16,4.918999999999926
gfx950,decode,torch.bfloat16,torch.float32,6,1,4,8,128,128,4,4,16,5.058999999999969
gfx950,decode,torch.bfloat16,torch.float32,7,1,4,8,128,128,4,4,16,5.119000000000028
gfx950,decode,torch.bfloat16,torch.float32,8,1,4,8,128,128,4,4,16,5.31899999999996
gfx950,decode,torch.bfloat16,torch.float32,9,1,4,8,128,128,8,4,16,5.7590000000000146
gfx950,decode,torch.bfloat16,torch.float32,10,1,4,8,128,128,8,4,16,5.999000000000024
gfx950,decode,torch.bfloat16,torch.float32,11,1,4,8,128,128,8,4,16,6.158999999999992
gfx950,decode,torch.bfloat16,torch.float32,12,1,4,8,128,128,8,1,8,6.479000000000042
gfx950,decode,torch.bfloat16,torch.float32,13,1,4,8,128,128,8,1,8,6.7590000000000146
gfx950,decode,torch.bfloat16,torch.float32,14,1,4,8,128,128,8,4,16,6.858999999999924
gfx950,decode,torch.bfloat16,torch.float32,15,1,4,8,128,128,8,4,16,7.078999999999951
gfx950,decode,torch.bfloat16,torch.float32,16,1,4,8,128,128,8,4,16,7.3390000000000555
gfx950,decode,torch.bfloat16,torch.float32,17,1,4,8,128,128,8,4,16,7.639000000000067
gfx950,decode,torch.bfloat16,torch.float32,18,1,4,8,128,128,8,4,16,7.81899999999996
gfx950,decode,torch.bfloat16,torch.float32,19,1,4,8,128,128,8,4,16,7.978999999999871
gfx950,decode,torch.bfloat16,torch.float32,20,1,4,8,128,128,8,4,16,8.158999999999992
gfx950,decode,torch.bfloat16,torch.float32,21,1,4,8,128,128,8,4,16,8.579000000000008
gfx950,decode,torch.bfloat16,torch.float32,22,1,4,8,128,128,8,4,16,8.479000000000042
gfx950,decode,torch.bfloat16,torch.float32,23,1,4,8,128,128,4,4,8,8.759500000000003
gfx950,decode,torch.bfloat16,torch.float32,24,1,4,8,128,128,8,4,16,8.658999999999935
gfx950,decode,torch.bfloat16,torch.float32,25,1,4,8,128,128,8,4,16,9.19900000000007
gfx950,decode,torch.bfloat16,torch.float32,26,1,4,8,128,128,8,4,16,9.418999999999983
gfx950,decode,torch.bfloat16,torch.float32,27,1,4,8,128,128,8,2,8,9.559000000000026
gfx950,decode,torch.bfloat16,torch.float32,28,1,4,8,128,128,8,4,16,9.478999999999985
gfx950,decode,torch.bfloat16,torch.float32,29,1,4,8,128,128,8,4,16,9.69900000000007
gfx950,decode,torch.bfloat16,torch.float32,30,1,4,8,128,128,8,4,16,9.839000000000055
gfx950,decode,torch.bfloat16,torch.float32,31,1,4,8,128,128,8,4,16,10.039499999999975
gfx950,decode,torch.bfloat16,torch.float32,32,1,4,8,128,128,8,4,16,10.038999999999987
gfx950,decode,torch.bfloat16,torch.float32,33,1,4,8,128,128,8,2,8,10.698999999999955
gfx950,decode,torch.bfloat16,torch.float32,34,1,4,8,128,128,4,4,16,10.798999999999978
gfx950,decode,torch.bfloat16,torch.float32,35,1,4,8,128,128,8,2,8,10.878999999999905
gfx950,decode,torch.bfloat16,torch.float32,36,1,4,8,128,128,8,2,16,11.039499999999975
gfx950,decode,torch.bfloat16,torch.float32,37,1,4,8,128,128,4,4,16,11.219500000000039
gfx950,decode,torch.bfloat16,torch.float32,38,1,4,8,128,128,4,4,16,11.419499999999971
gfx950,decode,torch.bfloat16,torch.float32,39,1,4,8,128,128,8,2,16,11.658999999999992
gfx950,decode,torch.bfloat16,torch.float32,40,1,4,8,128,128,4,4,16,11.539000000000101
gfx950,decode,torch.bfloat16,torch.float32,41,1,4,8,128,128,8,2,8,12.219000000000051
gfx950,decode,torch.bfloat16,torch.float32,42,1,4,8,128,128,8,1,16,12.479000000000042
gfx950,decode,torch.bfloat16,torch.float32,43,1,4,8,128,128,8,2,8,12.619000000000028
gfx950,decode,torch.bfloat16,torch.float32,44,1,4,8,128,128,4,4,8,12.558999999999969
gfx950,decode,torch.bfloat16,torch.float32,45,1,4,8,128,128,4,4,8,12.719000000000051
gfx950,decode,torch.bfloat16,torch.float32,46,1,4,8,128,128,4,4,8,12.858999999999924
gfx950,decode,torch.bfloat16,torch.float32,47,1,4,8,128,128,4,4,8,12.859500000000025
gfx950,decode,torch.bfloat16,torch.float32,48,1,4,8,128,128,4,4,8,12.919499999999971
gfx950,decode,torch.bfloat16,torch.float32,49,1,4,8,128,128,4,4,8,13.759000000000015
gfx950,decode,torch.bfloat16,torch.float32,50,1,4,8,128,128,8,2,8,13.899500000000046
gfx950,decode,torch.bfloat16,torch.float32,51,1,4,8,128,128,8,2,8,13.978999999999928
gfx950,decode,torch.bfloat16,torch.float32,52,1,4,8,128,128,4,4,8,14.138999999999953
gfx950,decode,torch.bfloat16,torch.float32,53,1,4,8,128,128,4,4,8,14.239000000000033
gfx950,decode,torch.bfloat16,torch.float32,54,1,4,8,128,128,4,4,8,14.31899999999996
gfx950,decode,torch.bfloat16,torch.float32,55,1,4,8,128,128,4,4,8,14.338999999999942
gfx950,decode,torch.bfloat16,torch.float32,56,1,4,8,128,128,4,4,8,14.479000000000042
gfx950,decode,torch.bfloat16,torch.float32,57,1,4,8,128,128,4,4,8,15.038999999999987
gfx950,decode,torch.bfloat16,torch.float32,58,1,4,8,128,128,8,2,8,15.198999999999955
gfx950,decode,torch.bfloat16,torch.float32,59,1,4,8,128,128,4,4,8,15.438999999999908
gfx950,decode,torch.bfloat16,torch.float32,60,1,4,8,128,128,8,4,16,15.719499999999925
gfx950,decode,torch.bfloat16,torch.float32,61,1,4,8,128,128,4,4,8,15.879500000000007
gfx950,decode,torch.bfloat16,torch.float32,62,1,4,8,128,128,4,4,8,15.959000000000003
gfx950,decode,torch.bfloat16,torch.float32,63,1,4,8,128,128,4,4,8,15.919000000000096
gfx950,decode,torch.bfloat16,torch.float32,64,1,4,8,128,128,4,4,8,16.138999999999896
gfx950,decode,torch.bfloat16,torch.float32,65,1,4,8,128,128,8,2,8,16.399000000000115
gfx950,decode,torch.bfloat16,torch.float32,66,1,4,8,128,128,8,2,8,16.71900000000005
gfx950,decode,torch.bfloat16,torch.float32,67,1,4,8,128,128,8,2,8,16.73950000000002
gfx950,decode,torch.bfloat16,torch.float32,68,1,4,8,128,128,8,2,8,16.939500000000066
gfx950,decode,torch.bfloat16,torch.float32,69,1,4,8,128,128,8,2,8,17.038999999999987
gfx950,decode,torch.bfloat16,torch.float32,70,1,4,8,128,128,8,2,8,17.21900000000005
gfx950,decode,torch.bfloat16,torch.float32,71,1,4,8,128,128,8,2,8,17.31899999999996
gfx950,decode,torch.bfloat16,torch.float32,72,1,4,8,128,128,4,4,8,17.479000000000042
gfx950,decode,torch.bfloat16,torch.float32,73,1,4,8,128,128,8,2,8,17.739000000000033
gfx950,decode,torch.bfloat16,torch.float32,74,1,4,8,128,128,8,4,16,17.93900000000002
gfx950,decode,torch.bfloat16,torch.float32,75,1,4,8,128,128,8,2,8,18.119000000000028
gfx950,decode,torch.bfloat16,torch.float32,76,1,4,8,128,128,8,2,8,18.15900000000005
gfx950,decode,torch.bfloat16,torch.float32,77,1,4,8,128,128,8,2,8,18.359000000000037
gfx950,decode,torch.bfloat16,torch.float32,78,1,4,8,128,128,4,4,8,18.639000000000124
gfx950,decode,torch.bfloat16,torch.float32,79,1,4,8,128,128,4,4,8,18.698999999999955
gfx950,decode,torch.bfloat16,torch.float32,80,1,4,8,128,128,4,4,8,18.819499999999948
gfx950,decode,torch.bfloat16,torch.float32,81,1,4,8,128,128,8,2,8,19.118999999999915
gfx950,decode,torch.bfloat16,torch.float32,82,1,4,8,128,128,8,2,8,19.35950000000014
gfx950,decode,torch.bfloat16,torch.float32,83,1,4,8,128,128,8,4,16,19.639499999999998
gfx950,decode,torch.bfloat16,torch.float32,84,1,4,8,128,128,8,2,8,19.678999999999974
gfx950,decode,torch.bfloat16,torch.float32,85,1,4,8,128,128,8,2,8,19.718999999999937
gfx950,decode,torch.bfloat16,torch.float32,86,1,4,8,128,128,8,2,8,20.038999999999987
gfx950,decode,torch.bfloat16,torch.float32,87,1,4,8,128,128,8,2,8,20.05899999999997
gfx950,decode,torch.bfloat16,torch.float32,88,1,4,8,128,128,8,2,8,20.158999999999992
gfx950,decode,torch.bfloat16,torch.float32,89,1,4,8,128,128,8,4,16,20.479500000000144
gfx950,decode,torch.bfloat16,torch.float32,90,1,4,8,128,128,8,2,8,20.658999999999878
gfx950,decode,torch.bfloat16,torch.float32,91,1,4,8,128,128,8,2,8,20.799499999999966
gfx950,decode,torch.bfloat16,torch.float32,92,1,4,8,128,128,8,4,16,21.038999999999987
gfx950,decode,torch.bfloat16,torch.float32,93,1,4,8,128,128,8,4,16,21.198999999999955
gfx950,decode,torch.bfloat16,torch.float32,94,1,4,8,128,128,8,2,8,21.278999999999996
gfx950,decode,torch.bfloat16,torch.float32,95,1,4,8,128,128,8,2,8,21.439000000000078
gfx950,decode,torch.bfloat16,torch.float32,96,1,4,8,128,128,4,4,8,21.598999999999933
gfx950,decode,torch.bfloat16,torch.float32,97,1,4,8,128,128,8,4,16,21.81899999999996
gfx950,decode,torch.bfloat16,torch.float32,98,1,4,8,128,128,8,4,16,22.05899999999997
gfx950,decode,torch.bfloat16,torch.float32,99,1,4,8,128,128,8,4,16,22.198999999999955
gfx950,decode,torch.bfloat16,torch.float32,100,1,4,8,128,128,8,2,8,22.379999999999995
gfx950,decode,torch.bfloat16,torch.float32,101,1,4,8,128,128,8,2,8,22.419000000000096
gfx950,decode,torch.bfloat16,torch.float32,102,1,4,8,128,128,8,4,16,22.638999999999896
gfx950,decode,torch.bfloat16,torch.float32,103,1,4,8,128,128,4,4,8,22.639000000000067
gfx950,decode,torch.bfloat16,torch.float32,104,1,4,8,128,128,8,2,8,22.77900000000011
gfx950,decode,torch.bfloat16,torch.float32,105,1,4,8,128,128,8,2,8,22.918999999999983
gfx950,decode,torch.bfloat16,torch.float32,106,1,4,8,128,128,8,4,16,23.279999999999973
gfx950,decode,torch.bfloat16,torch.float32,107,1,4,8,128,128,8,2,8,23.439000000000078
gfx950,decode,torch.bfloat16,torch.float32,108,1,4,8,128,128,8,2,8,23.59900000000016
gfx950,decode,torch.bfloat16,torch.float32,109,1,4,8,128,128,8,2,8,23.72000000000014
gfx950,decode,torch.bfloat16,torch.float32,110,1,4,8,128,128,8,2,8,23.95900000000006
gfx950,decode,torch.bfloat16,torch.float32,111,1,4,8,128,128,8,4,16,24.099499999999978
gfx950,decode,torch.bfloat16,torch.float32,112,1,4,8,128,128,8,2,8,24.279999999999973
gfx950,decode,torch.bfloat16,torch.float32,113,1,4,8,128,128,8,2,8,24.439500000000066
gfx950,decode,torch.bfloat16,torch.float32,114,1,4,8,128,128,8,4,16,24.658999999999935
gfx950,decode,torch.bfloat16,torch.float32,115,1,4,8,128,128,8,4,16,24.89949999999999
gfx950,decode,torch.bfloat16,torch.float32,116,1,4,8,128,128,8,2,8,25.019500000000107
gfx950,decode,torch.bfloat16,torch.float32,117,1,4,8,128,128,8,4,16,25.079500000000053
gfx950,decode,torch.bfloat16,torch.float32,118,1,4,8,128,128,8,4,16,25.278999999999996
gfx950,decode,torch.bfloat16,torch.float32,119,1,4,8,128,128,8,4,16,25.398999999999887
gfx950,decode,torch.bfloat16,torch.float32,120,1,4,8,128,128,8,2,8,25.45900000000006
gfx950,decode,torch.bfloat16,torch.float32,121,1,4,8,128,128,8,2,8,25.69900000000007
gfx950,decode,torch.bfloat16,torch.float32,122,1,4,8,128,128,8,2,8,25.938999999999965
gfx950,decode,torch.bfloat16,torch.float32,123,1,4,8,128,128,8,4,16,26.158999999999992
gfx950,decode,torch.bfloat16,torch.float32,124,1,4,8,128,128,8,4,16,26.2795000000001
gfx950,decode,torch.bfloat16,torch.float32,125,1,4,8,128,128,8,4,16,26.43900000000002
gfx950,decode,torch.bfloat16,torch.float32,126,1,4,8,128,128,8,4,16,26.639000000000124
gfx950,decode,torch.bfloat16,torch.float32,127,1,4,8,128,128,8,4,16,26.879500000000007
gfx950,decode,torch.bfloat16,torch.float32,128,1,4,8,128,128,8,2,8,26.919500000000085
gfx950,decode,torch.bfloat16,torch.float32,1,1,8,16,128,128,8,2,16,4.598999999999933
gfx950,decode,torch.bfloat16,torch.float32,2,1,8,16,128,128,8,2,16,4.7590000000000146
gfx950,decode,torch.bfloat16,torch.float32,3,1,8,16,128,128,4,4,16,5.239000000000033
gfx950,decode,torch.bfloat16,torch.float32,4,1,8,16,128,128,4,4,16,5.519500000000107
gfx950,decode,torch.bfloat16,torch.float32,5,1,8,16,128,128,8,1,8,6.298999999999978
gfx950,decode,torch.bfloat16,torch.float32,6,1,8,16,128,128,8,1,8,6.7590000000000146
gfx950,decode,torch.bfloat16,torch.float32,7,1,8,16,128,128,2,4,8,7.279999999999973
gfx950,decode,torch.bfloat16,torch.float32,8,1,8,16,128,128,8,1,8,7.679000000000087
gfx950,decode,torch.bfloat16,torch.float32,9,1,8,16,128,128,8,4,16,8.09900000000016
gfx950,decode,torch.bfloat16,torch.float32,10,1,8,16,128,128,8,4,16,8.398999999999887
gfx950,decode,torch.bfloat16,torch.float32,11,1,8,16,128,128,8,4,16,8.939000000000078
gfx950,decode,torch.bfloat16,torch.float32,12,1,8,16,128,128,8,4,16,9.118999999999687
gfx950,decode,torch.bfloat16,torch.float32,13,1,8,16,128,128,2,4,8,9.59900000000016
gfx950,decode,torch.bfloat16,torch.float32,14,1,8,16,128,128,8,4,16,9.759499999999889
gfx950,decode,torch.bfloat16,torch.float32,15,1,8,16,128,128,4,4,8,10.059500000000071
gfx950,decode,torch.bfloat16,torch.float32,16,1,8,16,128,128,8,2,8,10.459000000000287
gfx950,decode,torch.bfloat16,torch.float32,17,1,8,16,128,128,8,2,16,10.919000000000324
gfx950,decode,torch.bfloat16,torch.float32,18,1,8,16,128,128,4,4,16,11.139000000000124
gfx950,decode,torch.bfloat16,torch.float32,19,1,8,16,128,128,4,4,16,11.419000000000096
gfx950,decode,torch.bfloat16,torch.float32,20,1,8,16,128,128,4,4,16,11.639499999999998
gfx950,decode,torch.bfloat16,torch.float32,21,1,8,16,128,128,2,4,16,12.639000000000124
gfx950,decode,torch.bfloat16,torch.float32,22,1,8,16,128,128,4,4,8,12.759000000000015
gfx950,decode,torch.bfloat16,torch.float32,23,1,8,16,128,128,4,4,8,12.979000000000042
gfx950,decode,torch.bfloat16,torch.float32,24,1,8,16,128,128,4,4,8,13.19900000000007
gfx950,decode,torch.bfloat16,torch.float32,25,1,8,16,128,128,8,2,8,14.07899999999995
gfx950,decode,torch.bfloat16,torch.float32,26,1,8,16,128,128,4,4,8,14.119500000000244
gfx950,decode,torch.bfloat16,torch.float32,27,1,8,16,128,128,4,4,8,14.399000000000115
gfx950,decode,torch.bfloat16,torch.float32,28,1,8,16,128,128,4,4,8,14.659000000000106
gfx950,decode,torch.bfloat16,torch.float32,29,1,8,16,128,128,4,4,8,15.31899999999996
gfx950,decode,torch.bfloat16,torch.float32,30,1,8,16,128,128,4,4,8,15.658999999999878
gfx950,decode,torch.bfloat16,torch.float32,31,1,8,16,128,128,4,4,8,15.939499999999953
gfx950,decode,torch.bfloat16,torch.float32,32,1,8,16,128,128,4,4,8,16.019000000000005
gfx950,decode,torch.bfloat16,torch.float32,33,1,8,16,128,128,4,4,8,16.71900000000005
gfx950,decode,torch.bfloat16,torch.float32,34,1,8,16,128,128,4,4,8,17.039500000000317
gfx950,decode,torch.bfloat16,torch.float32,35,1,8,16,128,128,4,4,8,17.278999999999996
gfx950,decode,torch.bfloat16,torch.float32,36,1,8,16,128,128,4,4,8,17.479000000000042
gfx950,decode,torch.bfloat16,torch.float32,37,1,8,16,128,128,4,4,8,17.959000000000287
gfx950,decode,torch.bfloat16,torch.float32,38,1,8,16,128,128,4,4,8,18.19950000000017
gfx950,decode,torch.bfloat16,torch.float32,39,1,8,16,128,128,4,4,8,18.459499999999935
gfx950,decode,torch.bfloat16,torch.float32,40,1,8,16,128,128,4,4,8,18.639500000000226
gfx950,decode,torch.bfloat16,torch.float32,41,1,8,16,128,128,4,4,8,19.399000000000342
gfx950,decode,torch.bfloat16,torch.float32,42,1,8,16,128,128,4,4,8,19.819499999999834
gfx950,decode,torch.bfloat16,torch.float32,43,1,8,16,128,128,4,4,8,19.838999999999942
gfx950,decode,torch.bfloat16,torch.float32,44,1,8,16,128,128,4,4,8,20.139499999999998
gfx950,decode,torch.bfloat16,torch.float32,45,1,8,16,128,128,4,4,8,20.63899999999967
gfx950,decode,torch.bfloat16,torch.float32,46,1,8,16,128,128,4,4,8,20.999500000000126
gfx950,decode,torch.bfloat16,torch.float32,47,1,8,16,128,128,4,4,8,21.2795000000001
gfx950,decode,torch.bfloat16,torch.float32,48,1,8,16,128,128,4,4,8,21.43899999999985
gfx950,decode,torch.bfloat16,torch.float32,49,1,8,16,128,128,4,4,8,21.95900000000006
gfx950,decode,torch.bfloat16,torch.float32,50,1,8,16,128,128,4,4,8,22.278999999999996
gfx950,decode,torch.bfloat16,torch.float32,51,1,8,16,128,128,4,4,8,22.578999999999724
gfx950,decode,torch.bfloat16,torch.float32,52,1,8,16,128,128,4,4,8,22.739000000000033
gfx950,decode,torch.bfloat16,torch.float32,53,1,8,16,128,128,4,4,8,23.33900000000017
gfx950,decode,torch.bfloat16,torch.float32,54,1,8,16,128,128,4,4,8,23.599500000000035
gfx950,decode,torch.bfloat16,torch.float32,55,1,8,16,128,128,4,4,8,23.91899999999987
gfx950,decode,torch.bfloat16,torch.float32,56,1,8,16,128,128,4,4,8,23.999499999999898
gfx950,decode,torch.bfloat16,torch.float32,57,1,8,16,128,128,8,4,16,24.77949999999987
gfx950,decode,torch.bfloat16,torch.float32,58,1,8,16,128,128,8,4,16,25.118999999999915
gfx950,decode,torch.bfloat16,torch.float32,59,1,8,16,128,128,4,4,8,25.39949999999976
gfx950,decode,torch.bfloat16,torch.float32,60,1,8,16,128,128,4,4,8,25.559999999999945
gfx950,decode,torch.bfloat16,torch.float32,61,1,8,16,128,128,8,4,16,26.079499999999825
gfx950,decode,torch.bfloat16,torch.float32,62,1,8,16,128,128,8,4,16,26.519000000000005
gfx950,decode,torch.bfloat16,torch.float32,63,1,8,16,128,128,4,4,8,26.8599999999999
gfx950,decode,torch.bfloat16,torch.float32,64,1,8,16,128,128,4,4,8,26.89949999999999
gfx950,decode,torch.bfloat16,torch.float32,65,1,8,16,128,128,8,4,16,27.459500000000162
gfx950,decode,torch.bfloat16,torch.float32,66,1,8,16,128,128,8,4,16,27.939499999999953
gfx950,decode,torch.bfloat16,torch.float32,67,1,8,16,128,128,4,4,8,28.259000000000015
gfx950,decode,torch.bfloat16,torch.float32,68,1,8,16,128,128,4,4,8,28.319499999999834
gfx950,decode,torch.bfloat16,torch.float32,69,1,8,16,128,128,8,4,16,28.91899999999987
gfx950,decode,torch.bfloat16,torch.float32,70,1,8,16,128,128,8,4,16,29.278999999999996
gfx950,decode,torch.bfloat16,torch.float32,71,1,8,16,128,128,8,4,16,29.559000000000196
gfx950,decode,torch.bfloat16,torch.float32,72,1,8,16,128,128,4,4,8,29.838999999999942
gfx950,decode,torch.bfloat16,torch.float32,73,1,8,16,128,128,8,4,16,30.19900000000007
gfx950,decode,torch.bfloat16,torch.float32,74,1,8,16,128,128,4,4,8,30.719499999999925
gfx950,decode,torch.bfloat16,torch.float32,75,1,8,16,128,128,8,4,16,30.91949999999997
gfx950,decode,torch.bfloat16,torch.float32,76,1,8,16,128,128,4,4,8,30.99900000000025
gfx950,decode,torch.bfloat16,torch.float32,77,1,8,16,128,128,8,4,16,31.53950000000009
gfx950,decode,torch.bfloat16,torch.float32,78,1,8,16,128,128,4,4,8,32.01999999999998
gfx950,decode,torch.bfloat16,torch.float32,79,1,8,16,128,128,8,4,16,32.25899999999979
gfx950,decode,torch.bfloat16,torch.float32,80,1,8,16,128,128,4,4,8,32.459499999999935
gfx950,decode,torch.bfloat16,torch.float32,81,1,8,16,128,128,8,4,16,33.099500000000035
gfx950,decode,torch.bfloat16,torch.float32,82,1,8,16,128,128,4,4,8,33.43900000000008
gfx950,decode,torch.bfloat16,torch.float32,83,1,8,16,128,128,8,4,16,33.739500000000135
gfx950,decode,torch.bfloat16,torch.float32,84,1,8,16,128,128,4,4,8,33.859000000000606
gfx950,decode,torch.bfloat16,torch.float32,85,1,8,16,128,128,8,4,16,34.199499999999944
gfx950,decode,torch.bfloat16,torch.float32,86,1,8,16,128,128,8,4,16,34.75949999999966
gfx950,decode,torch.bfloat16,torch.float32,87,1,8,16,128,128,8,4,16,35.07899999999972
gfx950,decode,torch.bfloat16,torch.float32,88,1,8,16,128,128,8,4,16,35.238999999999805
gfx950,decode,torch.bfloat16,torch.float32,89,1,8,16,128,128,8,4,16,35.51999999999998
gfx950,decode,torch.bfloat16,torch.float32,90,1,8,16,128,128,8,4,16,36.19899999999984
gfx950,decode,torch.bfloat16,torch.float32,91,1,8,16,128,128,8,4,16,36.31950000000006
gfx950,decode,torch.bfloat16,torch.float32,92,1,8,16,128,128,8,4,16,36.61900000000014
gfx950,decode,torch.bfloat16,torch.float32,93,1,8,16,128,128,8,4,16,36.95900000000006
gfx950,decode,torch.bfloat16,torch.float32,94,1,8,16,128,128,4,4,8,37.53950000000009
gfx950,decode,torch.bfloat16,torch.float32,95,1,8,16,128,128,8,4,16,37.71950000000015
gfx950,decode,torch.bfloat16,torch.float32,96,1,8,16,128,128,8,4,16,37.858999999999924
gfx950,decode,torch.bfloat16,torch.float32,97,1,8,16,128,128,8,4,16,38.27999999999997
gfx950,decode,torch.bfloat16,torch.float32,98,1,8,16,128,128,8,4,16,38.8594999999998
gfx950,decode,torch.bfloat16,torch.float32,99,1,8,16,128,128,8,4,16,38.89949999999999
gfx950,decode,torch.bfloat16,torch.float32,100,1,8,16,128,128,8,4,16,39.33899999999994
gfx950,decode,torch.bfloat16,torch.float32,101,1,8,16,128,128,8,4,16,39.639000000000124
gfx950,decode,torch.bfloat16,torch.float32,102,1,8,16,128,128,8,4,16,40.3599999999999
gfx950,decode,torch.bfloat16,torch.float32,103,1,8,16,128,128,8,4,16,40.57899999999995
gfx950,decode,torch.bfloat16,torch.float32,104,1,8,16,128,128,8,4,16,40.61999999999989
gfx950,decode,torch.bfloat16,torch.float32,105,1,8,16,128,128,8,4,16,41.059499999999844
gfx950,decode,torch.bfloat16,torch.float32,106,1,8,16,128,128,8,4,16,41.89949999999999
gfx950,decode,torch.bfloat16,torch.float32,107,1,8,16,128,128,8,4,16,41.79950000000008
gfx950,decode,torch.bfloat16,torch.float32,108,1,8,16,128,128,8,4,16,41.87900000000036
gfx950,decode,torch.bfloat16,torch.float32,109,1,8,16,128,128,8,4,16,42.55999999999972
gfx950,decode,torch.bfloat16,torch.float32,110,1,8,16,128,128,8,4,16,42.93949999999995
gfx950,decode,torch.bfloat16,torch.float32,111,1,8,16,128,128,8,4,16,43.13949999999977
gfx950,decode,torch.bfloat16,torch.float32,112,1,8,16,128,128,8,4,16,43.43950000000018
gfx950,decode,torch.bfloat16,torch.float32,113,1,8,16,128,128,8,4,16,43.71950000000015
gfx950,decode,torch.bfloat16,torch.float32,114,1,8,16,128,128,8,4,16,44.61900000000014
gfx950,decode,torch.bfloat16,torch.float32,115,1,8,16,128,128,8,4,16,44.52000000000044
gfx950,decode,torch.bfloat16,torch.float32,116,1,8,16,128,128,8,4,16,44.759000000000015
gfx950,decode,torch.bfloat16,torch.float32,117,1,8,16,128,128,8,4,16,45.29899999999975
gfx950,decode,torch.bfloat16,torch.float32,118,1,8,16,128,128,4,4,8,45.899000000000115
gfx950,decode,torch.bfloat16,torch.float32,119,1,8,16,128,128,8,4,16,46.15949999999998
gfx950,decode,torch.bfloat16,torch.float32,120,1,8,16,128,128,8,4,16,45.95999999999981
gfx950,decode,torch.bfloat16,torch.float32,121,1,8,16,128,128,8,4,16,46.77999999999997
gfx950,decode,torch.bfloat16,torch.float32,122,1,8,16,128,128,8,4,16,46.879500000000235
gfx950,decode,torch.bfloat16,torch.float32,123,1,8,16,128,128,8,4,16,47.238999999999805
gfx950,decode,torch.bfloat16,torch.float32,124,1,8,16,128,128,8,4,16,47.339500000000044
gfx950,decode,torch.bfloat16,torch.float32,125,1,8,16,128,128,8,4,16,48.059499999999844
gfx950,decode,torch.bfloat16,torch.float32,126,1,8,16,128,128,8,4,16,48.340000000000146
gfx950,decode,torch.bfloat16,torch.float32,127,1,8,16,128,128,8,4,16,48.56000000000017
gfx950,decode,torch.bfloat16,torch.float32,128,1,8,16,128,128,8,4,16,48.37949999999978
gfx950,decode,torch.bfloat16,torch.float32,1,1,16,32,128,128,8,4,16,4.838999999999942
gfx950,decode,torch.bfloat16,torch.float32,2,1,16,32,128,128,4,4,16,5.59900000000016
gfx950,decode,torch.bfloat16,torch.float32,3,1,16,32,128,128,8,1,8,6.679000000000087
gfx950,decode,torch.bfloat16,torch.float32,4,1,16,32,128,128,8,4,16,7.539000000000215
gfx950,decode,torch.bfloat16,torch.float32,5,1,16,32,128,128,8,4,16,8.558999999999287
gfx950,decode,torch.bfloat16,torch.float32,6,1,16,32,128,128,8,4,16,9.059000000000196
gfx950,decode,torch.bfloat16,torch.float32,7,1,16,32,128,128,8,4,16,9.759000000000015
gfx950,decode,torch.bfloat16,torch.float32,8,1,16,32,128,128,4,4,8,10.31899999999996
gfx950,decode,torch.bfloat16,torch.float32,9,1,16,32,128,128,4,4,16,11.138999999999669
gfx950,decode,torch.bfloat16,torch.float32,10,1,16,32,128,128,4,4,16,11.680000000000291
gfx950,decode,torch.bfloat16,torch.float32,11,1,16,32,128,128,8,2,8,12.798999999999978
gfx950,decode,torch.bfloat16,torch.float32,12,1,16,32,128,128,4,4,8,13.219000000000506
gfx950,decode,torch.bfloat16,torch.float32,13,1,16,32,128,128,4,4,8,14.339499999999589
gfx950,decode,torch.bfloat16,torch.float32,14,1,16,32,128,128,4,4,8,14.659000000000106
gfx950,decode,torch.bfloat16,torch.float32,15,1,16,32,128,128,4,4,8,15.81899999999996
gfx950,decode,torch.bfloat16,torch.float32,16,1,16,32,128,128,4,4,8,16.039500000000317
gfx950,decode,torch.bfloat16,torch.float32,17,1,16,32,128,128,4,4,8,17.078999999999724
gfx950,decode,torch.bfloat16,torch.float32,18,1,16,32,128,128,4,4,8,17.519000000000233
gfx950,decode,torch.bfloat16,torch.float32,19,1,16,32,128,128,4,4,8,18.35950000000048
gfx950,decode,torch.bfloat16,torch.float32,20,1,16,32,128,128,4,4,8,18.759000000000015
gfx950,decode,torch.bfloat16,torch.float32,21,1,16,32,128,128,4,4,8,19.679000000000087
gfx950,decode,torch.bfloat16,torch.float32,22,1,16,32,128,128,4,4,8,20.03899999999976
gfx950,decode,torch.bfloat16,torch.float32,23,1,16,32,128,128,4,4,8,21.119000000000142
gfx950,decode,torch.bfloat16,torch.float32,24,1,16,32,128,128,4,4,8,21.619000000000142
gfx950,decode,torch.bfloat16,torch.float32,25,1,16,32,128,128,4,4,8,22.31899999999996
gfx950,decode,torch.bfloat16,torch.float32,26,1,16,32,128,128,4,4,8,22.659000000000106
gfx950,decode,torch.bfloat16,torch.float32,27,1,16,32,128,128,4,4,8,23.719500000000153
gfx950,decode,torch.bfloat16,torch.float32,28,1,16,32,128,128,4,4,8,24.07900000000018
gfx950,decode,torch.bfloat16,torch.float32,29,1,16,32,128,128,4,4,8,25.05899999999974
gfx950,decode,torch.bfloat16,torch.float32,30,1,16,32,128,128,4,4,8,25.639000000000124
gfx950,decode,torch.bfloat16,torch.float32,31,1,16,32,128,128,8,4,16,26.59900000000016
gfx950,decode,torch.bfloat16,torch.float32,32,1,16,32,128,128,4,4,8,26.859500000000025
gfx950,decode,torch.bfloat16,torch.float32,33,1,16,32,128,128,4,4,8,27.959499999999935
gfx950,decode,torch.bfloat16,torch.float32,34,1,16,32,128,128,4,4,8,28.439500000000407
gfx950,decode,torch.bfloat16,torch.float32,35,1,16,32,128,128,8,4,16,29.338999999999942
gfx950,decode,torch.bfloat16,torch.float32,36,1,16,32,128,128,4,4,8,29.719499999999698
gfx950,decode,torch.bfloat16,torch.float32,37,1,16,32,128,128,8,4,16,30.51949999999988
gfx950,decode,torch.bfloat16,torch.float32,38,1,16,32,128,128,4,4,8,31.03899999999976
gfx950,decode,torch.bfloat16,torch.float32,39,1,16,32,128,128,8,4,16,31.919000000000324
gfx950,decode,torch.bfloat16,torch.float32,40,1,16,32,128,128,4,4,8,32.51900000000023
gfx950,decode,torch.bfloat16,torch.float32,41,1,16,32,128,128,4,4,8,33.439000000000306
gfx950,decode,torch.bfloat16,torch.float32,42,1,16,32,128,128,8,4,16,33.759000000000015
gfx950,decode,torch.bfloat16,torch.float32,43,1,16,32,128,128,8,4,16,34.57999999999947
gfx950,decode,torch.bfloat16,torch.float32,44,1,16,32,128,128,8,4,16,34.99950000000035
gfx950,decode,torch.bfloat16,torch.float32,45,1,16,32,128,128,8,4,16,36.05899999999974
gfx950,decode,torch.bfloat16,torch.float32,46,1,16,32,128,128,8,4,16,36.459499999999935
gfx950,decode,torch.bfloat16,torch.float32,47,1,16,32,128,128,8,4,16,37.419500000000426
gfx950,decode,torch.bfloat16,torch.float32,48,1,16,32,128,128,8,4,16,37.79999999999973
gfx950,decode,torch.bfloat16,torch.float32,49,1,16,32,128,128,8,4,16,38.93949999999995
gfx950,decode,torch.bfloat16,torch.float32,50,1,16,32,128,128,8,4,16,38.9994999999999
gfx950,decode,torch.bfloat16,torch.float32,51,1,16,32,128,128,8,4,16,40.29999999999973
gfx950,decode,torch.bfloat16,torch.float32,52,1,16,32,128,128,8,4,16,40.67900000000009
gfx950,decode,torch.bfloat16,torch.float32,53,1,16,32,128,128,8,4,16,41.81899999999996
gfx950,decode,torch.bfloat16,torch.float32,54,1,16,32,128,128,8,4,16,41.839500000000044
gfx950,decode,torch.bfloat16,torch.float32,55,1,16,32,128,128,8,4,16,43.14000000000033
gfx950,decode,torch.bfloat16,torch.float32,56,1,16,32,128,128,8,4,16,43.24000000000024
gfx950,decode,torch.bfloat16,torch.float32,57,1,16,32,128,128,8,4,16,44.7199999999998
gfx950,decode,torch.bfloat16,torch.float32,58,1,16,32,128,128,8,4,16,44.559999999999945
gfx950,decode,torch.bfloat16,torch.float32,59,1,16,32,128,128,8,4,16,45.639500000000226
gfx950,decode,torch.bfloat16,torch.float32,60,1,16,32,128,128,8,4,16,45.89949999999999
gfx950,decode,torch.bfloat16,torch.float32,61,1,16,32,128,128,8,4,16,47.11900000000014
gfx950,decode,torch.bfloat16,torch.float32,62,1,16,32,128,128,8,4,16,47.17950000000019
gfx950,decode,torch.bfloat16,torch.float32,63,1,16,32,128,128,8,4,16,48.25999999999976
gfx950,decode,torch.bfloat16,torch.float32,64,1,16,32,128,128,8,4,16,48.43949999999995
gfx950,decode,torch.bfloat16,torch.float32,65,1,16,32,128,128,8,4,16,49.81949999999961
gfx950,decode,torch.bfloat16,torch.float32,66,1,16,32,128,128,8,4,16,49.95899999999983
gfx950,decode,torch.bfloat16,torch.float32,67,1,16,32,128,128,8,4,16,51.499999999999545
gfx950,decode,torch.bfloat16,torch.float32,68,1,16,32,128,128,8,4,16,51.57950000000028
gfx950,decode,torch.bfloat16,torch.float32,69,1,16,32,128,128,8,4,16,52.86000000000013
gfx950,decode,torch.bfloat16,torch.float32,70,1,16,32,128,128,8,4,16,52.81950000000006
gfx950,decode,torch.bfloat16,torch.float32,71,1,16,32,128,128,8,4,16,53.85950000000048
gfx950,decode,torch.bfloat16,torch.float32,72,1,16,32,128,128,8,4,16,54.179999999999836
gfx950,decode,torch.bfloat16,torch.float32,73,1,16,32,128,128,8,4,16,55.119500000000244
gfx950,decode,torch.bfloat16,torch.float32,74,1,16,32,128,128,8,4,16,55.559499999999844
gfx950,decode,torch.bfloat16,torch.float32,75,1,16,32,128,128,8,4,16,56.98000000000002
gfx950,decode,torch.bfloat16,torch.float32,76,1,16,32,128,128,8,4,16,57.25949999999966
gfx950,decode,torch.bfloat16,torch.float32,77,1,16,32,128,128,8,4,16,58.23900000000003
gfx950,decode,torch.bfloat16,torch.float32,78,1,16,32,128,128,8,4,16,58.03949999999986
gfx950,decode,torch.bfloat16,torch.float32,79,1,16,32,128,128,8,4,16,59.099999999999454
gfx950,decode,torch.bfloat16,torch.float32,80,1,16,32,128,128,8,4,16,59.39899999999989
gfx950,decode,torch.bfloat16,torch.float32,81,1,16,32,128,128,8,4,16,60.899500000000444
gfx950,decode,torch.bfloat16,torch.float32,82,1,16,32,128,128,8,4,16,60.73999999999933
gfx950,decode,torch.bfloat16,torch.float32,83,1,16,32,128,128,8,4,16,62.19999999999982
gfx950,decode,torch.bfloat16,torch.float32,84,1,16,32,128,128,8,4,16,62.05899999999974
gfx950,decode,torch.bfloat16,torch.float32,85,1,16,32,128,128,8,4,16,63.20000000000027
gfx950,decode,torch.bfloat16,torch.float32,86,1,16,32,128,128,8,4,16,63.500000000000455
gfx950,decode,torch.bfloat16,torch.float32,87,1,16,32,128,128,8,4,16,65.34000000000015
gfx950,decode,torch.bfloat16,torch.float32,88,1,16,32,128,128,8,4,16,65.65999999999985
gfx950,decode,torch.bfloat16,torch.float32,89,1,16,32,128,128,8,4,16,66.73950000000013
gfx950,decode,torch.bfloat16,torch.float32,90,1,16,32,128,128,8,4,16,66.99950000000035
gfx950,decode,torch.bfloat16,torch.float32,91,1,16,32,128,128,8,4,16,67.33999999999969
gfx950,decode,torch.bfloat16,torch.float32,92,1,16,32,128,128,8,4,16,67.63950000000023
gfx950,decode,torch.bfloat16,torch.float32,93,1,16,32,128,128,8,4,16,69.38000000000056
gfx950,decode,torch.bfloat16,torch.float32,94,1,16,32,128,128,8,4,16,68.61949999999933
gfx950,decode,torch.bfloat16,torch.float32,95,1,16,32,128,128,8,4,16,70.75950000000012
gfx950,decode,torch.bfloat16,torch.float32,96,1,16,32,128,128,8,4,16,71.61999999999944
gfx950,decode,torch.bfloat16,torch.float32,97,1,16,32,128,128,8,4,16,72.65949999999975
gfx950,decode,torch.bfloat16,torch.float32,98,1,16,32,128,128,8,4,16,71.67949999999973
gfx950,decode,torch.bfloat16,torch.float32,99,1,16,32,128,128,8,4,16,73.68000000000029
gfx950,decode,torch.bfloat16,torch.float32,100,1,16,32,128,128,8,4,16,73.70000000000073
gfx950,decode,torch.bfloat16,torch.float32,101,1,16,32,128,128,8,4,16,75.34000000000106
gfx950,decode,torch.bfloat16,torch.float32,102,1,16,32,128,128,8,4,16,74.54000000000042
gfx950,decode,torch.bfloat16,torch.float32,103,1,16,32,128,128,8,4,16,77.42000000000007
gfx950,decode,torch.bfloat16,torch.float32,104,1,16,32,128,128,8,4,16,77.17949999999973
gfx950,decode,torch.bfloat16,torch.float32,105,1,16,32,128,128,8,4,16,78.52000000000044
gfx950,decode,torch.bfloat16,torch.float32,106,1,16,32,128,128,8,4,16,77.55999999999949
gfx950,decode,torch.bfloat16,torch.float32,107,1,16,32,128,128,8,4,16,79.61999999999989
gfx950,decode,torch.bfloat16,torch.float32,108,1,16,32,128,128,8,4,16,79.9399999999996
gfx950,decode,torch.bfloat16,torch.float32,109,1,16,32,128,128,8,4,16,81.15999999999985
gfx950,decode,torch.bfloat16,torch.float32,110,1,16,32,128,128,8,4,16,79.90000000000055
gfx950,decode,torch.bfloat16,torch.float32,111,1,16,32,128,128,8,4,16,82.36000000000013
gfx950,decode,torch.bfloat16,torch.float32,112,1,16,32,128,128,8,4,16,83.07999999999993
gfx950,decode,torch.bfloat16,torch.float32,113,1,16,32,128,128,8,4,16,84.16000000000031
gfx950,decode,torch.bfloat16,torch.float32,114,1,16,32,128,128,8,4,16,83.81999999999971
gfx950,decode,torch.bfloat16,torch.float32,115,1,16,32,128,128,8,4,16,85.98000000000047
gfx950,decode,torch.bfloat16,torch.float32,116,1,16,32,128,128,8,4,16,85.27999999999975
gfx950,decode,torch.bfloat16,torch.float32,117,1,16,32,128,128,8,4,16,86.88049999999885
gfx950,decode,torch.bfloat16,torch.float32,118,1,16,32,128,128,8,4,16,86.77999999999975
gfx950,decode,torch.bfloat16,torch.float32,119,1,16,32,128,128,8,4,16,88.00000000000091
gfx950,decode,torch.bfloat16,torch.float32,120,1,16,32,128,128,8,4,16,88.90000000000009
gfx950,decode,torch.bfloat16,torch.float32,121,1,16,32,128,128,8,4,16,89.6599999999994
gfx950,decode,torch.bfloat16,torch.float32,122,1,16,32,128,128,8,4,16,89.9399999999996
gfx950,decode,torch.bfloat16,torch.float32,123,1,16,32,128,128,8,4,16,90.79999999999973
gfx950,decode,torch.bfloat16,torch.float32,124,1,16,32,128,128,8,4,16,90.44000000000005
gfx950,decode,torch.bfloat16,torch.float32,125,1,16,32,128,128,8,4,16,91.8799999999992
gfx950,decode,torch.bfloat16,torch.float32,126,1,16,32,128,128,8,4,16,91.82000000000016
gfx950,decode,torch.bfloat16,torch.float32,127,1,16,32,128,128,8,4,16,92.88000000000011
gfx950,decode,torch.bfloat16,torch.float32,128,1,16,32,128,128,8,4,16,92.70000000000027
gfx950,decode,torch.bfloat16,torch.float32,1,1,2,8,128,128,8,4,16,4.599000000000103
gfx950,decode,torch.bfloat16,torch.float32,2,1,2,8,128,128,8,2,16,4.558999999999969
gfx950,decode,torch.bfloat16,torch.float32,3,1,2,8,128,128,8,2,16,4.598999999999933
gfx950,decode,torch.bfloat16,torch.float32,4,1,2,8,128,128,8,4,16,4.639000000000067
gfx950,decode,torch.bfloat16,torch.float32,5,1,2,8,128,128,4,4,16,4.959000000000032
gfx950,decode,torch.bfloat16,torch.float32,6,1,2,8,128,128,4,4,16,5.0190000000000055
gfx950,decode,torch.bfloat16,torch.float32,7,1,2,8,128,128,4,4,16,5.119500000000016
gfx950,decode,torch.bfloat16,torch.float32,8,1,2,8,128,128,4,4,16,5.299499999999966
gfx950,decode,torch.bfloat16,torch.float32,9,1,2,8,128,128,8,4,16,5.798999999999978
gfx950,decode,torch.bfloat16,torch.float32,10,1,2,8,128,128,8,4,16,5.978999999999985
gfx950,decode,torch.bfloat16,torch.float32,11,1,2,8,128,128,8,4,16,6.198999999999955
gfx950,decode,torch.bfloat16,torch.float32,12,1,2,8,128,128,8,4,16,6.358999999999952
gfx950,decode,torch.bfloat16,torch.float32,13,1,2,8,128,128,8,1,8,6.7590000000000146
gfx950,decode,torch.bfloat16,torch.float32,14,1,2,8,128,128,8,4,16,6.938999999999908
gfx950,decode,torch.bfloat16,torch.float32,15,1,2,8,128,128,8,4,16,7.078999999999951
gfx950,decode,torch.bfloat16,torch.float32,16,1,2,8,128,128,8,4,16,7.299000000000092
gfx950,decode,torch.bfloat16,torch.float32,17,1,2,8,128,128,8,4,16,7.63900000000001
gfx950,decode,torch.bfloat16,torch.float32,18,1,2,8,128,128,8,4,16,7.838999999999942
gfx950,decode,torch.bfloat16,torch.float32,19,1,2,8,128,128,8,4,16,7.939000000000021
gfx950,decode,torch.bfloat16,torch.float32,20,1,2,8,128,128,8,4,16,8.138999999999896
gfx950,decode,torch.bfloat16,torch.float32,21,1,2,8,128,128,8,4,16,8.558999999999969
gfx950,decode,torch.bfloat16,torch.float32,22,1,2,8,128,128,8,4,16,8.599500000000091
gfx950,decode,torch.bfloat16,torch.float32,23,1,2,8,128,128,8,2,8,8.939500000000038
gfx950,decode,torch.bfloat16,torch.float32,24,1,2,8,128,128,8,4,16,8.81899999999996
gfx950,decode,torch.bfloat16,torch.float32,25,1,2,8,128,128,8,4,16,9.25949999999996
gfx950,decode,torch.bfloat16,torch.float32,26,1,2,8,128,128,8,2,8,9.279499999999985
gfx950,decode,torch.bfloat16,torch.float32,27,1,2,8,128,128,2,4,8,9.499000000000024
gfx950,decode,torch.bfloat16,torch.float32,28,1,2,8,128,128,8,4,16,9.63900000000001
gfx950,decode,torch.bfloat16,torch.float32,29,1,2,8,128,128,8,4,16,9.819500000000062
gfx950,decode,torch.bfloat16,torch.float32,30,1,2,8,128,128,8,2,8,10.07899999999995
gfx950,decode,torch.bfloat16,torch.float32,31,1,2,8,128,128,8,4,16,9.939500000000066
gfx950,decode,torch.bfloat16,torch.float32,32,1,2,8,128,128,8,4,16,10.099000000000046
gfx950,decode,torch.bfloat16,torch.float32,33,1,2,8,128,128,8,2,8,10.659000000000106
gfx950,decode,torch.bfloat16,torch.float32,34,1,2,8,128,128,8,2,16,10.759000000000015
gfx950,decode,torch.bfloat16,torch.float32,35,1,2,8,128,128,8,2,8,10.958999999999946
gfx950,decode,torch.bfloat16,torch.float32,36,1,2,8,128,128,4,4,16,11.039000000000101
gfx950,decode,torch.bfloat16,torch.float32,37,1,2,8,128,128,8,2,16,11.219999999999914
gfx950,decode,torch.bfloat16,torch.float32,38,1,2,8,128,128,8,2,16,11.299000000000035
gfx950,decode,torch.bfloat16,torch.float32,39,1,2,8,128,128,8,2,16,11.398999999999887
gfx950,decode,torch.bfloat16,torch.float32,40,1,2,8,128,128,4,4,8,11.559000000000026
gfx950,decode,torch.bfloat16,torch.float32,41,1,2,8,128,128,8,1,16,12.278999999999996
gfx950,decode,torch.bfloat16,torch.float32,42,1,2,8,128,128,8,2,8,12.419000000000096
gfx950,decode,torch.bfloat16,torch.float32,43,1,2,8,128,128,8,2,8,12.519000000000005
gfx950,decode,torch.bfloat16,torch.float32,44,1,2,8,128,128,8,2,8,12.69900000000007
gfx950,decode,torch.bfloat16,torch.float32,45,1,2,8,128,128,4,4,8,12.719500000000039
gfx950,decode,torch.bfloat16,torch.float32,46,1,2,8,128,128,4,4,8,12.999000000000024
gfx950,decode,torch.bfloat16,torch.float32,47,1,2,8,128,128,4,4,8,12.81899999999996
gfx950,decode,torch.bfloat16,torch.float32,48,1,2,8,128,128,4,4,8,12.97950000000003
gfx950,decode,torch.bfloat16,torch.float32,49,1,2,8,128,128,8,2,8,13.719000000000051
gfx950,decode,torch.bfloat16,torch.float32,50,1,2,8,128,128,8,2,8,13.898999999999944
gfx950,decode,torch.bfloat16,torch.float32,51,1,2,8,128,128,8,2,8,13.939000000000021
gfx950,decode,torch.bfloat16,torch.float32,52,1,2,8,128,128,8,2,8,14.019000000000005
gfx950,decode,torch.bfloat16,torch.float32,53,1,2,8,128,128,4,4,8,14.239500000000021
gfx950,decode,torch.bfloat16,torch.float32,54,1,2,8,128,128,4,4,8,14.459499999999991
gfx950,decode,torch.bfloat16,torch.float32,55,1,2,8,128,128,4,4,8,14.519000000000005
gfx950,decode,torch.bfloat16,torch.float32,56,1,2,8,128,128,4,4,8,14.45900000000006
gfx950,decode,torch.bfloat16,torch.float32,57,1,2,8,128,128,4,4,8,15.058999999999969
gfx950,decode,torch.bfloat16,torch.float32,58,1,2,8,128,128,8,4,16,15.259500000000003
gfx950,decode,torch.bfloat16,torch.float32,59,1,2,8,128,128,8,2,8,15.438999999999908
gfx950,decode,torch.bfloat16,torch.float32,60,1,2,8,128,128,8,2,8,15.579500000000053
gfx950,decode,torch.bfloat16,torch.float32,61,1,2,8,128,128,8,2,8,15.699000000000012
gfx950,decode,torch.bfloat16,torch.float32,62,1,2,8,128,128,4,4,8,15.939499999999953
gfx950,decode,torch.bfloat16,torch.float32,63,1,2,8,128,128,4,4,8,15.899000000000001
gfx950,decode,torch.bfloat16,torch.float32,64,1,2,8,128,128,4,4,8,16.019000000000005
gfx950,decode,torch.bfloat16,torch.float32,65,1,2,8,128,128,4,4,8,16.438999999999908
gfx950,decode,torch.bfloat16,torch.float32,66,1,2,8,128,128,4,4,8,16.798999999999978
gfx950,decode,torch.bfloat16,torch.float32,67,1,2,8,128,128,8,2,8,16.918999999999983
gfx950,decode,torch.bfloat16,torch.float32,68,1,2,8,128,128,8,2,8,17.07899999999995
gfx950,decode,torch.bfloat16,torch.float32,69,1,2,8,128,128,8,2,8,17.07949999999994
gfx950,decode,torch.bfloat16,torch.float32,70,1,2,8,128,128,8,2,8,17.179000000000087
gfx950,decode,torch.bfloat16,torch.float32,71,1,2,8,128,128,4,4,8,17.259000000000015
gfx950,decode,torch.bfloat16,torch.float32,72,1,2,8,128,128,4,4,8,17.399500000000103
gfx950,decode,torch.bfloat16,torch.float32,73,1,2,8,128,128,4,4,8,17.698999999999955
gfx950,decode,torch.bfloat16,torch.float32,74,1,2,8,128,128,8,4,16,18.038999999999987
gfx950,decode,torch.bfloat16,torch.float32,75,1,2,8,128,128,4,4,8,18.279499999999985
gfx950,decode,torch.bfloat16,torch.float32,76,1,2,8,128,128,4,4,8,18.319500000000062
gfx950,decode,torch.bfloat16,torch.float32,77,1,2,8,128,128,4,4,8,18.41949999999997
gfx950,decode,torch.bfloat16,torch.float32,78,1,2,8,128,128,4,4,8,18.399999999999977
gfx950,decode,torch.bfloat16,torch.float32,79,1,2,8,128,128,4,4,8,18.639500000000112
gfx950,decode,torch.bfloat16,torch.float32,80,1,2,8,128,128,4,4,8,18.699000000000012
gfx950,decode,torch.bfloat16,torch.float32,81,1,2,8,128,128,4,4,8,19.07950000000011
gfx950,decode,torch.bfloat16,torch.float32,82,1,2,8,128,128,4,4,8,19.399000000000058
gfx950,decode,torch.bfloat16,torch.float32,83,1,2,8,128,128,4,4,8,19.639500000000055
gfx950,decode,torch.bfloat16,torch.float32,84,1,2,8,128,128,8,2,8,19.71900000000005
gfx950,decode,torch.bfloat16,torch.float32,85,1,2,8,128,128,8,2,8,19.838999999999942
gfx950,decode,torch.bfloat16,torch.float32,86,1,2,8,128,128,8,2,8,19.95900000000006
gfx950,decode,torch.bfloat16,torch.float32,87,1,2,8,128,128,4,4,8,20.07900000000012
gfx950,decode,torch.bfloat16,torch.float32,88,1,2,8,128,128,4,4,8,20.158999999999992
gfx950,decode,torch.bfloat16,torch.float32,89,1,2,8,128,128,4,4,8,20.439000000000078
gfx950,decode,torch.bfloat16,torch.float32,90,1,2,8,128,128,8,4,16,20.67900000000003
gfx950,decode,torch.bfloat16,torch.float32,91,1,2,8,128,128,8,2,8,20.91900000000004
gfx950,decode,torch.bfloat16,torch.float32,92,1,2,8,128,128,4,4,8,21.07899999999995
gfx950,decode,torch.bfloat16,torch.float32,93,1,2,8,128,128,8,4,16,21.199499999999944
gfx950,decode,torch.bfloat16,torch.float32,94,1,2,8,128,128,4,4,8,21.278999999999996
gfx950,decode,torch.bfloat16,torch.float32,95,1,2,8,128,128,8,2,8,21.37900000000002
gfx950,decode,torch.bfloat16,torch.float32,96,1,2,8,128,128,4,4,8,21.55899999999997
gfx950,decode,torch.bfloat16,torch.float32,97,1,2,8,128,128,8,2,8,21.798999999999978
gfx950,decode,torch.bfloat16,torch.float32,98,1,2,8,128,128,8,4,16,21.939000000000192
gfx950,decode,torch.bfloat16,torch.float32,99,1,2,8,128,128,4,4,8,22.178999999999803
gfx950,decode,torch.bfloat16,torch.float32,100,1,2,8,128,128,4,4,8,22.419499999999914
gfx950,decode,torch.bfloat16,torch.float32,101,1,2,8,128,128,8,2,8,22.480000000000018
gfx950,decode,torch.bfloat16,torch.float32,102,1,2,8,128,128,8,2,8,22.658999999999992
gfx950,decode,torch.bfloat16,torch.float32,103,1,2,8,128,128,4,4,8,22.59949999999992
gfx950,decode,torch.bfloat16,torch.float32,104,1,2,8,128,128,8,4,16,22.839499999999987
gfx950,decode,torch.bfloat16,torch.float32,105,1,2,8,128,128,8,2,8,22.979000000000212
gfx950,decode,torch.bfloat16,torch.float32,106,1,2,8,128,128,8,4,16,23.259500000000116
gfx950,decode,torch.bfloat16,torch.float32,107,1,2,8,128,128,8,2,8,23.419500000000028
gfx950,decode,torch.bfloat16,torch.float32,108,1,2,8,128,128,8,4,16,23.739000000000033
gfx950,decode,torch.bfloat16,torch.float32,109,1,2,8,128,128,8,4,16,23.879000000000076
gfx950,decode,torch.bfloat16,torch.float32,110,1,2,8,128,128,4,4,8,23.91900000000004
gfx950,decode,torch.bfloat16,torch.float32,111,1,2,8,128,128,4,4,8,23.999500000000012
gfx950,decode,torch.bfloat16,torch.float32,112,1,2,8,128,128,4,4,8,24.23950000000002
gfx950,decode,torch.bfloat16,torch.float32,113,1,2,8,128,128,4,4,8,24.37900000000002
gfx950,decode,torch.bfloat16,torch.float32,114,1,2,8,128,128,8,4,16,24.73950000000002
gfx950,decode,torch.bfloat16,torch.float32,115,1,2,8,128,128,4,4,8,24.939999999999827
gfx950,decode,torch.bfloat16,torch.float32,116,1,2,8,128,128,8,4,16,25.07899999999995
gfx950,decode,torch.bfloat16,torch.float32,117,1,2,8,128,128,8,4,16,25.15900000000005
gfx950,decode,torch.bfloat16,torch.float32,118,1,2,8,128,128,8,4,16,25.358999999999924
gfx950,decode,torch.bfloat16,torch.float32,119,1,2,8,128,128,8,2,8,25.41900000000004
gfx950,decode,torch.bfloat16,torch.float32,120,1,2,8,128,128,4,4,8,25.439000000000078
gfx950,decode,torch.bfloat16,torch.float32,121,1,2,8,128,128,8,2,8,25.80000000000001
gfx950,decode,torch.bfloat16,torch.float32,122,1,2,8,128,128,8,2,8,25.999000000000024
gfx950,decode,torch.bfloat16,torch.float32,123,1,2,8,128,128,8,4,16,26.15949999999998
gfx950,decode,torch.bfloat16,torch.float32,124,1,2,8,128,128,8,4,16,26.35949999999997
gfx950,decode,torch.bfloat16,torch.float32,125,1,2,8,128,128,4,4,8,26.598999999999933
gfx950,decode,torch.bfloat16,torch.float32,126,1,2,8,128,128,8,4,16,26.63899999999998
gfx950,decode,torch.bfloat16,torch.float32,127,1,2,8,128,128,8,4,16,26.85899999999998
gfx950,decode,torch.bfloat16,torch.float32,128,1,2,8,128,128,4,4,8,26.939499999999953
gfx950,decode,torch.bfloat16,torch.float32,1,1,4,16,128,128,8,2,16,4.719000000000051
gfx950,decode,torch.bfloat16,torch.float32,2,1,4,16,128,128,8,2,16,4.7590000000000146
gfx950,decode,torch.bfloat16,torch.float32,3,1,4,16,128,128,4,4,16,5.238999999999805
gfx950,decode,torch.bfloat16,torch.float32,4,1,4,16,128,128,4,4,16,5.5590000000001965
gfx950,decode,torch.bfloat16,torch.float32,5,1,4,16,128,128,8,1,8,6.239000000000033
gfx950,decode,torch.bfloat16,torch.float32,6,1,4,16,128,128,8,1,8,6.659499999999753
gfx950,decode,torch.bfloat16,torch.float32,7,1,4,16,128,128,2,4,8,7.239000000000033
gfx950,decode,torch.bfloat16,torch.float32,8,1,4,16,128,128,8,4,16,7.658999999999878
gfx950,decode,torch.bfloat16,torch.float32,9,1,4,16,128,128,8,4,16,8.31899999999996
gfx950,decode,torch.bfloat16,torch.float32,10,1,4,16,128,128,8,4,16,8.439000000000078
gfx950,decode,torch.bfloat16,torch.float32,11,1,4,16,128,128,8,4,16,8.798999999999978
gfx950,decode,torch.bfloat16,torch.float32,12,1,4,16,128,128,8,4,16,9.03950000000009
gfx950,decode,torch.bfloat16,torch.float32,13,1,4,16,128,128,8,4,16,9.59900000000016
gfx950,decode,torch.bfloat16,torch.float32,14,1,4,16,128,128,8,2,8,9.719499999999925
gfx950,decode,torch.bfloat16,torch.float32,15,1,4,16,128,128,8,4,16,10.099499999999807
gfx950,decode,torch.bfloat16,torch.float32,16,1,4,16,128,128,4,4,8,10.358999999999924
gfx950,decode,torch.bfloat16,torch.float32,17,1,4,16,128,128,8,2,16,10.959000000000287
gfx950,decode,torch.bfloat16,torch.float32,18,1,4,16,128,128,4,4,16,11.159499999999753
gfx950,decode,torch.bfloat16,torch.float32,19,1,4,16,128,128,4,4,16,11.43950000000018
gfx950,decode,torch.bfloat16,torch.float32,20,1,4,16,128,128,4,4,8,11.679000000000087
gfx950,decode,torch.bfloat16,torch.float32,21,1,4,16,128,128,8,2,8,12.69900000000007
gfx950,decode,torch.bfloat16,torch.float32,22,1,4,16,128,128,4,4,8,12.719000000000051
gfx950,decode,torch.bfloat16,torch.float32,23,1,4,16,128,128,4,4,8,13.039500000000317
gfx950,decode,torch.bfloat16,torch.float32,24,1,4,16,128,128,4,4,8,13.139000000000124
gfx950,decode,torch.bfloat16,torch.float32,25,1,4,16,128,128,4,4,8,14.179000000000087
gfx950,decode,torch.bfloat16,torch.float32,26,1,4,16,128,128,4,4,8,14.29950000000008
gfx950,decode,torch.bfloat16,torch.float32,27,1,4,16,128,128,4,4,8,14.51949999999988
gfx950,decode,torch.bfloat16,torch.float32,28,1,4,16,128,128,4,4,8,14.57899999999995
gfx950,decode,torch.bfloat16,torch.float32,29,1,4,16,128,128,8,2,8,15.399499999999989
gfx950,decode,torch.bfloat16,torch.float32,30,1,4,16,128,128,4,4,8,15.819500000000062
gfx950,decode,torch.bfloat16,torch.float32,31,1,4,16,128,128,4,4,8,16.07899999999995
gfx950,decode,torch.bfloat16,torch.float32,32,1,4,16,128,128,4,4,16,16.139000000000124
gfx950,decode,torch.bfloat16,torch.float32,33,1,4,16,128,128,4,4,8,16.83900000000017
gfx950,decode,torch.bfloat16,torch.float32,34,1,4,16,128,128,8,2,8,17.239000000000033
gfx950,decode,torch.bfloat16,torch.float32,35,1,4,16,128,128,4,4,8,17.399000000000115
gfx950,decode,torch.bfloat16,torch.float32,36,1,4,16,128,128,4,4,16,17.71900000000005
gfx950,decode,torch.bfloat16,torch.float32,37,1,4,16,128,128,4,4,8,18.099500000000035
gfx950,decode,torch.bfloat16,torch.float32,38,1,4,16,128,128,4,4,8,18.479000000000042
gfx950,decode,torch.bfloat16,torch.float32,39,1,4,16,128,128,4,4,8,18.619000000000142
gfx950,decode,torch.bfloat16,torch.float32,40,1,4,16,128,128,4,4,8,18.799499999999853
gfx950,decode,torch.bfloat16,torch.float32,41,1,4,16,128,128,4,4,8,19.53899999999976
gfx950,decode,torch.bfloat16,torch.float32,42,1,4,16,128,128,4,4,8,19.87999999999988
gfx950,decode,torch.bfloat16,torch.float32,43,1,4,16,128,128,4,4,8,20.07900000000018
gfx950,decode,torch.bfloat16,torch.float32,44,1,4,16,128,128,4,4,8,20.239499999999907
gfx950,decode,torch.bfloat16,torch.float32,45,1,4,16,128,128,8,4,16,20.819500000000062
gfx950,decode,torch.bfloat16,torch.float32,46,1,4,16,128,128,4,4,8,21.19900000000007
gfx950,decode,torch.bfloat16,torch.float32,47,1,4,16,128,128,8,2,8,21.53949999999986
gfx950,decode,torch.bfloat16,torch.float32,48,1,4,16,128,128,4,4,8,21.579999999999927
gfx950,decode,torch.bfloat16,torch.float32,49,1,4,16,128,128,4,4,8,22.158999999999878
gfx950,decode,torch.bfloat16,torch.float32,50,1,4,16,128,128,4,4,8,22.39949999999976
gfx950,decode,torch.bfloat16,torch.float32,51,1,4,16,128,128,4,4,8,22.798999999999978
gfx950,decode,torch.bfloat16,torch.float32,52,1,4,16,128,128,4,4,8,22.860000000000127
gfx950,decode,torch.bfloat16,torch.float32,53,1,4,16,128,128,8,4,16,23.55899999999974
gfx950,decode,torch.bfloat16,torch.float32,54,1,4,16,128,128,4,4,8,23.878999999999905
gfx950,decode,torch.bfloat16,torch.float32,55,1,4,16,128,128,4,4,8,24.118999999999915
gfx950,decode,torch.bfloat16,torch.float32,56,1,4,16,128,128,4,4,8,24.358999999999924
gfx950,decode,torch.bfloat16,torch.float32,57,1,4,16,128,128,4,4,8,24.89949999999976
gfx950,decode,torch.bfloat16,torch.float32,58,1,4,16,128,128,8,4,16,25.339500000000044
gfx950,decode,torch.bfloat16,torch.float32,59,1,4,16,128,128,4,4,8,25.639499999999998
gfx950,decode,torch.bfloat16,torch.float32,60,1,4,16,128,128,8,4,16,25.75999999999999
gfx950,decode,torch.bfloat16,torch.float32,61,1,4,16,128,128,8,4,16,26.278999999999996
gfx950,decode,torch.bfloat16,torch.float32,62,1,4,16,128,128,8,4,16,26.459499999999935
gfx950,decode,torch.bfloat16,torch.float32,63,1,4,16,128,128,8,4,16,26.878999999999905
gfx950,decode,torch.bfloat16,torch.float32,64,1,4,16,128,128,4,4,8,27.03950000000009
gfx950,decode,torch.bfloat16,torch.float32,65,1,4,16,128,128,8,4,16,27.580000000000155
gfx950,decode,torch.bfloat16,torch.float32,66,1,4,16,128,128,8,4,16,27.859500000000025
gfx950,decode,torch.bfloat16,torch.float32,67,1,4,16,128,128,8,4,16,28.139000000000124
gfx950,decode,torch.bfloat16,torch.float32,68,1,4,16,128,128,8,4,16,28.53949999999986
gfx950,decode,torch.bfloat16,torch.float32,69,1,4,16,128,128,8,4,16,28.920000000000073
gfx950,decode,torch.bfloat16,torch.float32,70,1,4,16,128,128,8,4,16,29.439000000000078
gfx950,decode,torch.bfloat16,torch.float32,71,1,4,16,128,128,8,4,16,29.55950000000007
gfx950,decode,torch.bfloat16,torch.float32,72,1,4,16,128,128,8,4,16,29.838999999999942
gfx950,decode,torch.bfloat16,torch.float32,73,1,4,16,128,128,8,4,16,30.239000000000033
gfx950,decode,torch.bfloat16,torch.float32,74,1,4,16,128,128,8,4,16,30.778999999999996
gfx950,decode,torch.bfloat16,torch.float32,75,1,4,16,128,128,8,4,16,30.919999999999845
gfx950,decode,torch.bfloat16,torch.float32,76,1,4,16,128,128,8,4,16,31.119000000000142
gfx950,decode,torch.bfloat16,torch.float32,77,1,4,16,128,128,8,4,16,31.538999999999987
gfx950,decode,torch.bfloat16,torch.float32,78,1,4,16,128,128,8,4,16,32.15899999999988
gfx950,decode,torch.bfloat16,torch.float32,79,1,4,16,128,128,8,4,16,32.31950000000006
gfx950,decode,torch.bfloat16,torch.float32,80,1,4,16,128,128,8,4,16,32.43950000000018
gfx950,decode,torch.bfloat16,torch.float32,81,1,4,16,128,128,8,4,16,32.83899999999994
gfx950,decode,torch.bfloat16,torch.float32,82,1,4,16,128,128,8,4,16,33.358999999999924
gfx950,decode,torch.bfloat16,torch.float32,83,1,4,16,128,128,8,4,16,33.51949999999988
gfx950,decode,torch.bfloat16,torch.float32,84,1,4,16,128,128,8,4,16,33.95899999999983
gfx950,decode,torch.bfloat16,torch.float32,85,1,4,16,128,128,8,4,16,34.33899999999994
gfx950,decode,torch.bfloat16,torch.float32,86,1,4,16,128,128,8,4,16,34.65950000000021
gfx950,decode,torch.bfloat16,torch.float32,87,1,4,16,128,128,8,4,16,34.79899999999998
gfx950,decode,torch.bfloat16,torch.float32,88,1,4,16,128,128,8,4,16,35.159000000000106
gfx950,decode,torch.bfloat16,torch.float32,89,1,4,16,128,128,8,4,16,35.559999999999945
gfx950,decode,torch.bfloat16,torch.float32,90,1,4,16,128,128,8,4,16,35.91949999999974
gfx950,decode,torch.bfloat16,torch.float32,91,1,4,16,128,128,8,4,16,36.53949999999986
gfx950,decode,torch.bfloat16,torch.float32,92,1,4,16,128,128,8,4,16,36.618999999999915
gfx950,decode,torch.bfloat16,torch.float32,93,1,4,16,128,128,8,4,16,36.959000000000515
gfx950,decode,torch.bfloat16,torch.float32,94,1,4,16,128,128,8,4,16,37.48000000000002
gfx950,decode,torch.bfloat16,torch.float32,95,1,4,16,128,128,8,4,16,37.599500000000035
gfx950,decode,torch.bfloat16,torch.float32,96,1,4,16,128,128,8,4,16,37.81950000000006
gfx950,decode,torch.bfloat16,torch.float32,97,1,4,16,128,128,8,4,16,38.33999999999992
gfx950,decode,torch.bfloat16,torch.float32,98,1,4,16,128,128,8,4,16,39.0590000000002
gfx950,decode,torch.bfloat16,torch.float32,99,1,4,16,128,128,8,4,16,39.01950000000011
gfx950,decode,torch.bfloat16,torch.float32,100,1,4,16,128,128,8,4,16,39.41899999999987
gfx950,decode,torch.bfloat16,torch.float32,101,1,4,16,128,128,8,4,16,39.778999999999996
gfx950,decode,torch.bfloat16,torch.float32,102,1,4,16,128,128,8,4,16,40.43899999999985
gfx950,decode,torch.bfloat16,torch.float32,103,1,4,16,128,128,8,4,16,40.41899999999987
gfx950,decode,torch.bfloat16,torch.float32,104,1,4,16,128,128,8,4,16,40.57999999999993
gfx950,decode,torch.bfloat16,torch.float32,105,1,4,16,128,128,8,4,16,41.23900000000003
gfx950,decode,torch.bfloat16,torch.float32,106,1,4,16,128,128,8,4,16,41.87950000000001
gfx950,decode,torch.bfloat16,torch.float32,107,1,4,16,128,128,8,4,16,41.820000000000164
gfx950,decode,torch.bfloat16,torch.float32,108,1,4,16,128,128,8,4,16,41.87900000000013
gfx950,decode,torch.bfloat16,torch.float32,109,1,4,16,128,128,8,4,16,42.399000000000115
gfx950,decode,torch.bfloat16,torch.float32,110,1,4,16,128,128,8,4,16,42.85950000000025
gfx950,decode,torch.bfloat16,torch.float32,111,1,4,16,128,128,8,4,16,43.09899999999993
gfx950,decode,torch.bfloat16,torch.float32,112,1,4,16,128,128,8,4,16,43.43950000000018
gfx950,decode,torch.bfloat16,torch.float32,113,1,4,16,128,128,8,4,16,43.62000000000012
gfx950,decode,torch.bfloat16,torch.float32,114,1,4,16,128,128,8,4,16,44.199499999999944
gfx950,decode,torch.bfloat16,torch.float32,115,1,4,16,128,128,8,4,16,44.539499999999634
gfx950,decode,torch.bfloat16,torch.float32,116,1,4,16,128,128,8,4,16,44.38000000000034
gfx950,decode,torch.bfloat16,torch.float32,117,1,4,16,128,128,8,4,16,45.419999999999845
gfx950,decode,torch.bfloat16,torch.float32,118,1,4,16,128,128,8,4,16,45.659999999999854
gfx950,decode,torch.bfloat16,torch.float32,119,1,4,16,128,128,8,4,16,45.69999999999982
gfx950,decode,torch.bfloat16,torch.float32,120,1,4,16,128,128,8,4,16,46.21950000000015
gfx950,decode,torch.bfloat16,torch.float32,121,1,4,16,128,128,8,4,16,46.7795000000001
gfx950,decode,torch.bfloat16,torch.float32,122,1,4,16,128,128,8,4,16,47.259500000000344
gfx950,decode,torch.bfloat16,torch.float32,123,1,4,16,128,128,8,4,16,47.11999999999989
gfx950,decode,torch.bfloat16,torch.float32,124,1,4,16,128,128,8,4,16,47.37950000000001
gfx950,decode,torch.bfloat16,torch.float32,125,1,4,16,128,128,8,4,16,47.7795000000001
gfx950,decode,torch.bfloat16,torch.float32,126,1,4,16,128,128,8,4,16,48.34000000000003
gfx950,decode,torch.bfloat16,torch.float32,127,1,4,16,128,128,8,4,16,48.358999999999924
gfx950,decode,torch.bfloat16,torch.float32,128,1,4,16,128,128,8,4,16,48.859500000000025
gfx950,decode,torch.bfloat16,torch.float32,1,1,8,32,128,128,8,2,16,4.878999999999905
gfx950,decode,torch.bfloat16,torch.float32,2,1,8,32,128,128,4,4,16,5.59900000000016
gfx950,decode,torch.bfloat16,torch.float32,3,1,8,32,128,128,8,1,8,6.719000000000051
gfx950,decode,torch.bfloat16,torch.float32,4,1,8,32,128,128,8,1,8,7.658999999999651
gfx950,decode,torch.bfloat16,torch.float32,5,1,8,32,128,128,8,4,16,8.578999999999269
gfx950,decode,torch.bfloat16,torch.float32,6,1,8,32,128,128,4,4,8,9.31899999999996
gfx950,decode,torch.bfloat16,torch.float32,7,1,8,32,128,128,4,4,16,9.719000000000051
gfx950,decode,torch.bfloat16,torch.float32,8,1,8,32,128,128,4,4,8,10.279500000000098
gfx950,decode,torch.bfloat16,torch.float32,9,1,8,32,128,128,8,2,16,11.259499999999662
gfx950,decode,torch.bfloat16,torch.float32,10,1,8,32,128,128,4,4,16,11.759000000000015
gfx950,decode,torch.bfloat16,torch.float32,11,1,8,32,128,128,4,4,8,12.759499999999662
gfx950,decode,torch.bfloat16,torch.float32,12,1,8,32,128,128,4,4,8,13.15900000000056
gfx950,decode,torch.bfloat16,torch.float32,13,1,8,32,128,128,4,4,8,14.319500000000062
gfx950,decode,torch.bfloat16,torch.float32,14,1,8,32,128,128,4,4,8,14.638999999999669
gfx950,decode,torch.bfloat16,torch.float32,15,1,8,32,128,128,8,2,8,15.759000000000015
gfx950,decode,torch.bfloat16,torch.float32,16,1,8,32,128,128,4,4,8,16.29950000000008
gfx950,decode,torch.bfloat16,torch.float32,17,1,8,32,128,128,8,2,8,17.179000000000087
gfx950,decode,torch.bfloat16,torch.float32,18,1,8,32,128,128,4,4,8,17.719499999999698
gfx950,decode,torch.bfloat16,torch.float32,19,1,8,32,128,128,4,4,8,18.459499999999935
gfx950,decode,torch.bfloat16,torch.float32,20,1,8,32,128,128,4,4,8,19.019000000000233
gfx950,decode,torch.bfloat16,torch.float32,21,1,8,32,128,128,8,2,8,19.898999999999887
gfx950,decode,torch.bfloat16,torch.float32,22,1,8,32,128,128,4,4,8,20.338999999999487
gfx950,decode,torch.bfloat16,torch.float32,23,1,8,32,128,128,8,2,8,21.219500000000608
gfx950,decode,torch.bfloat16,torch.float32,24,1,8,32,128,128,4,4,8,21.7795000000001
gfx950,decode,torch.bfloat16,torch.float32,25,1,8,32,128,128,4,4,8,22.559000000000196
gfx950,decode,torch.bfloat16,torch.float32,26,1,8,32,128,128,8,2,8,22.978999999999814
gfx950,decode,torch.bfloat16,torch.float32,27,1,8,32,128,128,8,2,8,23.919500000000426
gfx950,decode,torch.bfloat16,torch.float32,28,1,8,32,128,128,4,4,8,24.319500000000062
gfx950,decode,torch.bfloat16,torch.float32,29,1,8,32,128,128,8,2,8,25.319000000000415
gfx950,decode,torch.bfloat16,torch.float32,30,1,8,32,128,128,8,2,8,25.7199999999998
gfx950,decode,torch.bfloat16,torch.float32,31,1,8,32,128,128,8,4,16,26.71900000000005
gfx950,decode,torch.bfloat16,torch.float32,32,1,8,32,128,128,4,4,8,27.159499999999753
gfx950,decode,torch.bfloat16,torch.float32,33,1,8,32,128,128,8,2,8,28.059000000000196
gfx950,decode,torch.bfloat16,torch.float32,34,1,8,32,128,128,4,4,8,28.59999999999991
gfx950,decode,torch.bfloat16,torch.float32,35,1,8,32,128,128,8,2,8,29.559499999999844
gfx950,decode,torch.bfloat16,torch.float32,36,1,8,32,128,128,8,2,8,29.939499999999953
gfx950,decode,torch.bfloat16,torch.float32,37,1,8,32,128,128,8,2,8,30.899499999999534
gfx950,decode,torch.bfloat16,torch.float32,38,1,8,32,128,128,8,2,8,31.38000000000011
gfx950,decode,torch.bfloat16,torch.float32,39,1,8,32,128,128,8,2,8,32.179499999999734
gfx950,decode,torch.bfloat16,torch.float32,40,1,8,32,128,128,8,2,8,32.67899999999963
gfx950,decode,torch.bfloat16,torch.float32,41,1,8,32,128,128,8,4,16,33.67900000000009
gfx950,decode,torch.bfloat16,torch.float32,42,1,8,32,128,128,8,2,8,34.19900000000007
gfx950,decode,torch.bfloat16,torch.float32,43,1,8,32,128,128,8,2,8,34.959499999999935
gfx950,decode,torch.bfloat16,torch.float32,44,1,8,32,128,128,8,2,8,35.5
gfx950,decode,torch.bfloat16,torch.float32,45,1,8,32,128,128,8,4,16,36.4994999999999
gfx950,decode,torch.bfloat16,torch.float32,46,1,8,32,128,128,8,4,16,36.839500000000044
gfx950,decode,torch.bfloat16,torch.float32,47,1,8,32,128,128,8,4,16,37.67900000000009
gfx950,decode,torch.bfloat16,torch.float32,48,1,8,32,128,128,8,4,16,38.358999999999924
gfx950,decode,torch.bfloat16,torch.float32,49,1,8,32,128,128,8,4,16,39.19999999999982
gfx950,decode,torch.bfloat16,torch.float32,50,1,8,32,128,128,8,2,8,39.5595000000003
gfx950,decode,torch.bfloat16,torch.float32,51,1,8,32,128,128,8,2,8,40.639500000000226
gfx950,decode,torch.bfloat16,torch.float32,52,1,8,32,128,128,8,4,16,40.759500000000116
gfx950,decode,torch.bfloat16,torch.float32,53,1,8,32,128,128,8,4,16,41.859500000000025
gfx950,decode,torch.bfloat16,torch.float32,54,1,8,32,128,128,8,4,16,42.2795000000001
gfx950,decode,torch.bfloat16,torch.float32,55,1,8,32,128,128,8,4,16,43.37949999999955
gfx950,decode,torch.bfloat16,torch.float32,56,1,8,32,128,128,8,4,16,43.7194999999997
gfx950,decode,torch.bfloat16,torch.float32,57,1,8,32,128,128,8,4,16,44.89949999999999
gfx950,decode,torch.bfloat16,torch.float32,58,1,8,32,128,128,8,4,16,44.89949999999999
gfx950,decode,torch.bfloat16,torch.float32,59,1,8,32,128,128,8,2,8,46.03950000000032
gfx950,decode,torch.bfloat16,torch.float32,60,1,8,32,128,128,8,4,16,46.4994999999999
gfx950,decode,torch.bfloat16,torch.float32,61,1,8,32,128,128,8,2,8,47.49950000000035
gfx950,decode,torch.bfloat16,torch.float32,62,1,8,32,128,128,8,4,16,47.4394999999995
gfx950,decode,torch.bfloat16,torch.float32,63,1,8,32,128,128,8,4,16,48.61900000000014
gfx950,decode,torch.bfloat16,torch.float32,64,1,8,32,128,128,8,4,16,49.039000000000215
gfx950,decode,torch.bfloat16,torch.float32,65,1,8,32,128,128,8,4,16,50.218999999999596
gfx950,decode,torch.bfloat16,torch.float32,66,1,8,32,128,128,8,4,16,50.42000000000053
gfx950,decode,torch.bfloat16,torch.float32,67,1,8,32,128,128,8,4,16,51.74000000000024
gfx950,decode,torch.bfloat16,torch.float32,68,1,8,32,128,128,8,4,16,51.75999999999976
gfx950,decode,torch.bfloat16,torch.float32,69,1,8,32,128,128,8,4,16,52.99950000000035
gfx950,decode,torch.bfloat16,torch.float32,70,1,8,32,128,128,8,4,16,53.059999999999945
gfx950,decode,torch.bfloat16,torch.float32,71,1,8,32,128,128,8,4,16,54.57950000000028
gfx950,decode,torch.bfloat16,torch.float32,72,1,8,32,128,128,8,4,16,54.55999999999949
gfx950,decode,torch.bfloat16,torch.float32,73,1,8,32,128,128,8,4,16,55.65950000000021
gfx950,decode,torch.bfloat16,torch.float32,74,1,8,32,128,128,8,4,16,56.61999999999989
gfx950,decode,torch.bfloat16,torch.float32,75,1,8,32,128,128,8,4,16,57.159999999999854
gfx950,decode,torch.bfloat16,torch.float32,76,1,8,32,128,128,8,4,16,57.399499999999534
gfx950,decode,torch.bfloat16,torch.float32,77,1,8,32,128,128,8,2,8,58.81999999999971
gfx950,decode,torch.bfloat16,torch.float32,78,1,8,32,128,128,8,4,16,59.03949999999986
gfx950,decode,torch.bfloat16,torch.float32,79,1,8,32,128,128,8,4,16,59.739500000000135
gfx950,decode,torch.bfloat16,torch.float32,80,1,8,32,128,128,8,4,16,60.47950000000037
gfx950,decode,torch.bfloat16,torch.float32,81,1,8,32,128,128,8,4,16,61.74000000000024
gfx950,decode,torch.bfloat16,torch.float32,82,1,8,32,128,128,8,4,16,62.07950000000028
gfx950,decode,torch.bfloat16,torch.float32,83,1,8,32,128,128,8,2,8,63.42000000000007
gfx950,decode,torch.bfloat16,torch.float32,84,1,8,32,128,128,8,4,16,63.10000000000082
gfx950,decode,torch.bfloat16,torch.float32,85,1,8,32,128,128,8,4,16,64.41999999999962
gfx950,decode,torch.bfloat16,torch.float32,86,1,8,32,128,128,8,4,16,64.23950000000013
gfx950,decode,torch.bfloat16,torch.float32,87,1,8,32,128,128,8,4,16,65.65949999999975
gfx950,decode,torch.bfloat16,torch.float32,88,1,8,32,128,128,8,4,16,65.6200000000008
gfx950,decode,torch.bfloat16,torch.float32,89,1,8,32,128,128,8,4,16,66.99999999999955
gfx950,decode,torch.bfloat16,torch.float32,90,1,8,32,128,128,8,4,16,67.41949999999997
gfx950,decode,torch.bfloat16,torch.float32,91,1,8,32,128,128,8,4,16,68.96000000000049
gfx950,decode,torch.bfloat16,torch.float32,92,1,8,32,128,128,8,4,16,68.8400000000006
gfx950,decode,torch.bfloat16,torch.float32,93,1,8,32,128,128,8,4,16,70.03900000000021
gfx950,decode,torch.bfloat16,torch.float32,94,1,8,32,128,128,8,4,16,70.47949999999992
gfx950,decode,torch.bfloat16,torch.float32,95,1,8,32,128,128,8,4,16,72.03999999999996
gfx950,decode,torch.bfloat16,torch.float32,96,1,8,32,128,128,8,4,16,72.44000000000051
gfx950,decode,torch.bfloat16,torch.float32,97,1,8,32,128,128,8,4,16,73.34000000000015
gfx950,decode,torch.bfloat16,torch.float32,98,1,8,32,128,128,8,4,16,72.90000000000009
gfx950,decode,torch.bfloat16,torch.float32,99,1,8,32,128,128,8,4,16,74.91999999999962
gfx950,decode,torch.bfloat16,torch.float32,100,1,8,32,128,128,8,4,16,75.17999999999984
gfx950,decode,torch.bfloat16,torch.float32,101,1,8,32,128,128,8,4,16,76.15999999999985
gfx950,decode,torch.bfloat16,torch.float32,102,1,8,32,128,128,8,4,16,75.53999999999951
gfx950,decode,torch.bfloat16,torch.float32,103,1,8,32,128,128,8,4,16,77.65999999999985
gfx950,decode,torch.bfloat16,torch.float32,104,1,8,32,128,128,8,4,16,77.59999999999945
gfx950,decode,torch.bfloat16,torch.float32,105,1,8,32,128,128,8,4,16,79.25950000000012
gfx950,decode,torch.bfloat16,torch.float32,106,1,8,32,128,128,8,4,16,79.42000000000007
gfx950,decode,torch.bfloat16,torch.float32,107,1,8,32,128,128,8,4,16,80.47999999999956
gfx950,decode,torch.bfloat16,torch.float32,108,1,8,32,128,128,8,4,16,80.35999999999967
gfx950,decode,torch.bfloat16,torch.float32,109,1,8,32,128,128,8,4,16,82.07999999999993
gfx950,decode,torch.bfloat16,torch.float32,110,1,8,32,128,128,8,4,16,81.79999999999973
gfx950,decode,torch.bfloat16,torch.float32,111,1,8,32,128,128,8,4,16,82.86000000000013
gfx950,decode,torch.bfloat16,torch.float32,112,1,8,32,128,128,8,4,16,82.79999999999973
gfx950,decode,torch.bfloat16,torch.float32,113,1,8,32,128,128,8,4,16,84.38000000000011
gfx950,decode,torch.bfloat16,torch.float32,114,1,8,32,128,128,8,4,16,85.17999999999984
gfx950,decode,torch.bfloat16,torch.float32,115,1,8,32,128,128,8,4,16,86.27999999999975
gfx950,decode,torch.bfloat16,torch.float32,116,1,8,32,128,128,8,4,16,85.57999999999993
gfx950,decode,torch.bfloat16,torch.float32,117,1,8,32,128,128,8,4,16,87.3400000000006
gfx950,decode,torch.bfloat16,torch.float32,118,1,8,32,128,128,8,4,16,87.75999999999976
gfx950,decode,torch.bfloat16,torch.float32,119,1,8,32,128,128,8,4,16,88.79999999999973
gfx950,decode,torch.bfloat16,torch.float32,120,1,8,32,128,128,8,4,16,88.85999999999967
gfx950,decode,torch.bfloat16,torch.float32,121,1,8,32,128,128,8,4,16,90.36000000000058
gfx950,decode,torch.bfloat16,torch.float32,122,1,8,32,128,128,8,4,16,89.69999999999982
gfx950,decode,torch.bfloat16,torch.float32,123,1,8,32,128,128,8,4,16,91.13999999999942
gfx950,decode,torch.bfloat16,torch.float32,124,1,8,32,128,128,8,4,16,91.26000000000022
gfx950,decode,torch.bfloat16,torch.float32,125,1,8,32,128,128,8,4,16,92.25999999999976
gfx950,decode,torch.bfloat16,torch.float32,126,1,8,32,128,128,8,4,16,92.75999999999976
gfx950,decode,torch.bfloat16,torch.float32,127,1,8,32,128,128,8,4,16,94.27999999999975
gfx950,decode,torch.bfloat16,torch.float32,128,1,8,32,128,128,8,4,16,94.10000000000036
gfx950,decode,torch.bfloat16,torch.float32,1,1,16,64,128,128,4,4,16,5.519000000000233
gfx950,decode,torch.bfloat16,torch.float32,2,1,16,64,128,128,8,4,16,7.639000000001033
gfx950,decode,torch.bfloat16,torch.float32,3,1,16,64,128,128,8,4,16,9.399500000000444
gfx950,decode,torch.bfloat16,torch.float32,4,1,16,64,128,128,8,2,8,10.399000000000342
gfx950,decode,torch.bfloat16,torch.float32,5,1,16,64,128,128,4,4,16,11.838999999999942
gfx950,decode,torch.bfloat16,torch.float32,6,1,16,64,128,128,4,4,8,13.318999999998596
gfx950,decode,torch.bfloat16,torch.float32,7,1,16,64,128,128,4,4,8,14.59900000000016
gfx950,decode,torch.bfloat16,torch.float32,8,1,16,64,128,128,4,4,8,16.139000000001033
gfx950,decode,torch.bfloat16,torch.float32,9,1,16,64,128,128,4,4,8,17.639000000000124
gfx950,decode,torch.bfloat16,torch.float32,10,1,16,64,128,128,4,4,8,18.879000000000815
gfx950,decode,torch.bfloat16,torch.float32,11,1,16,64,128,128,4,4,8,20.238999999999578
gfx950,decode,torch.bfloat16,torch.float32,12,1,16,64,128,128,4,4,8,21.639999999999418
gfx950,decode,torch.bfloat16,torch.float32,13,1,16,64,128,128,4,4,8,22.97949999999946
gfx950,decode,torch.bfloat16,torch.float32,14,1,16,64,128,128,4,4,8,24.279499999999643
gfx950,decode,torch.bfloat16,torch.float32,15,1,16,64,128,128,4,4,8,25.779499999999643
gfx950,decode,torch.bfloat16,torch.float32,16,1,16,64,128,128,4,4,8,26.998999999999796
gfx950,decode,torch.bfloat16,torch.float32,17,1,16,64,128,128,4,4,8,28.55999999999949
gfx950,decode,torch.bfloat16,torch.float32,18,1,16,64,128,128,4,4,8,30.139499999999316
gfx950,decode,torch.bfloat16,torch.float32,19,1,16,64,128,128,4,4,8,31.460000000000036
gfx950,decode,torch.bfloat16,torch.float32,20,1,16,64,128,128,4,4,8,32.85949999999957
gfx950,decode,torch.bfloat16,torch.float32,21,1,16,64,128,128,4,4,8,34.03899999999976
gfx950,decode,torch.bfloat16,torch.float32,22,1,16,64,128,128,8,4,16,35.340000000000146
gfx950,decode,torch.bfloat16,torch.float32,23,1,16,64,128,128,8,4,16,36.699499999999716
gfx950,decode,torch.bfloat16,torch.float32,24,1,16,64,128,128,8,4,16,38.36000000000058
gfx950,decode,torch.bfloat16,torch.float32,25,1,16,64,128,128,8,4,16,39.47950000000037
gfx950,decode,torch.bfloat16,torch.float32,26,1,16,64,128,128,8,4,16,40.97999999999956
gfx950,decode,torch.bfloat16,torch.float32,27,1,16,64,128,128,8,4,16,42.25949999999921
gfx950,decode,torch.bfloat16,torch.float32,28,1,16,64,128,128,4,4,8,43.9394999999995
gfx950,decode,torch.bfloat16,torch.float32,29,1,16,64,128,128,8,4,16,44.79950000000008
gfx950,decode,torch.bfloat16,torch.float32,30,1,16,64,128,128,8,4,16,46.3799999999992
gfx950,decode,torch.bfloat16,torch.float32,31,1,16,64,128,128,8,4,16,47.55949999999939
gfx950,decode,torch.bfloat16,torch.float32,32,1,16,64,128,128,8,4,16,48.81949999999961
gfx950,decode,torch.bfloat16,torch.float32,33,1,16,64,128,128,8,4,16,50.5595000000003
gfx950,decode,torch.bfloat16,torch.float32,34,1,16,64,128,128,8,4,16,52.03950000000077
gfx950,decode,torch.bfloat16,torch.float32,35,1,16,64,128,128,8,4,16,53.29950000000008
gfx950,decode,torch.bfloat16,torch.float32,36,1,16,64,128,128,8,4,16,55.639499999999316
gfx950,decode,torch.bfloat16,torch.float32,37,1,16,64,128,128,8,4,16,56.29899999999907
gfx950,decode,torch.bfloat16,torch.float32,38,1,16,64,128,128,8,4,16,57.97950000000037
gfx950,decode,torch.bfloat16,torch.float32,39,1,16,64,128,128,8,4,16,58.69999999999982
gfx950,decode,torch.bfloat16,torch.float32,40,1,16,64,128,128,8,4,16,60.73999999999978
gfx950,decode,torch.bfloat16,torch.float32,41,1,16,64,128,128,8,4,16,61.67999999999938
gfx950,decode,torch.bfloat16,torch.float32,42,1,16,64,128,128,8,4,16,62.899500000000444
gfx950,decode,torch.bfloat16,torch.float32,43,1,16,64,128,128,8,4,16,64.97999999999956
gfx950,decode,torch.bfloat16,torch.float32,44,1,16,64,128,128,8,4,16,66.57999999999993
gfx950,decode,torch.bfloat16,torch.float32,45,1,16,64,128,128,8,4,16,67.5595000000003
gfx950,decode,torch.bfloat16,torch.float32,46,1,16,64,128,128,8,4,16,68.73999999999978
gfx950,decode,torch.bfloat16,torch.float32,47,1,16,64,128,128,8,4,16,70.47999999999956
gfx950,decode,torch.bfloat16,torch.float32,48,1,16,64,128,128,8,4,16,72.39949999999953
gfx950,decode,torch.bfloat16,torch.float32,49,1,16,64,128,128,8,4,16,72.80000000000018
gfx950,decode,torch.bfloat16,torch.float32,50,1,16,64,128,128,8,4,16,74.89950000000044
gfx950,decode,torch.bfloat16,torch.float32,51,1,16,64,128,128,8,4,16,76.22000000000025
gfx950,decode,torch.bfloat16,torch.float32,52,1,16,64,128,128,8,4,16,77.93999999999869
gfx950,decode,torch.bfloat16,torch.float32,53,1,16,64,128,128,8,4,16,78.72000000000025
gfx950,decode,torch.bfloat16,torch.float32,54,1,16,64,128,128,8,4,16,80.26000000000022
gfx950,decode,torch.bfloat16,torch.float32,55,1,16,64,128,128,8,4,16,82.05999999999949
gfx950,decode,torch.bfloat16,torch.float32,56,1,16,64,128,128,8,4,16,83.0600000000004
gfx950,decode,torch.bfloat16,torch.float32,57,1,16,64,128,128,8,4,16,84.54000000000087
gfx950,decode,torch.bfloat16,torch.float32,58,1,16,64,128,128,8,4,16,86.42000000000007
gfx950,decode,torch.bfloat16,torch.float32,59,1,16,64,128,128,8,4,16,87.53999999999996
gfx950,decode,torch.bfloat16,torch.float32,60,1,16,64,128,128,8,4,16,89.15999999999985
gfx950,decode,torch.bfloat16,torch.float32,61,1,16,64,128,128,8,4,16,90.13999999999942
gfx950,decode,torch.bfloat16,torch.float32,62,1,16,64,128,128,8,4,16,91.5
gfx950,decode,torch.bfloat16,torch.float32,63,1,16,64,128,128,8,4,16,92.30000000000109
gfx950,decode,torch.bfloat16,torch.float32,64,1,16,64,128,128,8,4,16,94.42000000000098
gfx950,decode,torch.bfloat16,torch.float32,65,1,16,64,128,128,8,4,16,95.98000000000047
gfx950,decode,torch.bfloat16,torch.float32,66,1,16,64,128,128,8,4,16,97.68000000000029
gfx950,decode,torch.bfloat16,torch.float32,67,1,16,64,128,128,8,4,16,99.09999999999945
gfx950,decode,torch.bfloat16,torch.float32,68,1,16,64,128,128,8,4,16,99.9399999999996
gfx950,decode,torch.bfloat16,torch.float32,69,1,16,64,128,128,8,4,16,101.96000000000004
gfx950,decode,torch.bfloat16,torch.float32,70,1,16,64,128,128,8,4,16,103.01999999999953
gfx950,decode,torch.bfloat16,torch.float32,71,1,16,64,128,128,8,4,16,104.30000000000018
gfx950,decode,torch.bfloat16,torch.float32,72,1,16,64,128,128,8,4,16,105.81999999999971
gfx950,decode,torch.bfloat16,torch.float32,73,1,16,64,128,128,8,4,16,107.10050000000047
gfx950,decode,torch.bfloat16,torch.float32,74,1,16,64,128,128,8,4,16,108.53999999999996
gfx950,decode,torch.bfloat16,torch.float32,75,1,16,64,128,128,8,4,16,109.9404999999997
gfx950,decode,torch.bfloat16,torch.float32,76,1,16,64,128,128,8,4,16,111.34050000000025
gfx950,decode,torch.bfloat16,torch.float32,77,1,16,64,128,128,8,4,16,112.52000000000044
gfx950,decode,torch.bfloat16,torch.float32,78,1,16,64,128,128,8,4,32,115.11999999999989
gfx950,decode,torch.bfloat16,torch.float32,79,1,16,64,128,128,8,4,16,115.31999999999971
gfx950,decode,torch.bfloat16,torch.float32,80,1,16,64,128,128,8,4,16,117.20050000000083
gfx950,decode,torch.bfloat16,torch.float32,81,1,16,64,128,128,8,4,16,118.52049999999963
gfx950,decode,torch.bfloat16,torch.float32,82,1,16,64,128,128,8,4,16,120.04050000000007
gfx950,decode,torch.bfloat16,torch.float32,83,1,16,64,128,128,8,4,16,121.28049999999894
gfx950,decode,torch.bfloat16,torch.float32,84,1,16,64,128,128,8,4,16,122.5005000000001
gfx950,decode,torch.bfloat16,torch.float32,85,1,16,64,128,128,8,4,16,124.40050000000156
gfx950,decode,torch.bfloat16,torch.float32,86,1,16,64,128,128,8,4,16,124.92000000000007
gfx950,decode,torch.bfloat16,torch.float32,87,1,16,64,128,128,8,4,16,126.11999999999898
gfx950,decode,torch.bfloat16,torch.float32,88,1,16,64,128,128,8,4,16,127.4399999999996
gfx950,decode,torch.bfloat16,torch.float32,89,1,16,64,128,128,8,4,16,129.3204999999998
gfx950,decode,torch.bfloat16,torch.float32,90,1,16,64,128,128,8,4,16,130.5005000000001
gfx950,decode,torch.bfloat16,torch.float32,91,1,16,64,128,128,8,4,16,132.44000000000142
gfx950,decode,torch.bfloat16,torch.float32,92,1,16,64,128,128,8,4,16,133.02100000000064
gfx950,decode,torch.bfloat16,torch.float32,93,1,16,64,128,128,8,4,16,135.70100000000093
gfx950,decode,torch.bfloat16,torch.float32,94,1,16,64,128,128,8,4,16,136.54100000000017
gfx950,decode,torch.bfloat16,torch.float32,95,1,16,64,128,128,8,4,16,137.22000000000025
gfx950,decode,torch.bfloat16,torch.float32,96,1,16,64,128,128,8,4,16,139.18099999999959
gfx950,decode,torch.bfloat16,torch.float32,97,1,16,64,128,128,8,4,16,140.60100000000057
gfx950,decode,torch.bfloat16,torch.float32,98,1,16,64,128,128,8,4,16,142.14050000000043
gfx950,decode,torch.bfloat16,torch.float32,99,1,16,64,128,128,8,4,16,144.04099999999926
gfx950,decode,torch.bfloat16,torch.float32,100,1,16,64,128,128,8,4,16,145.28050000000076
gfx950,decode,torch.bfloat16,torch.float32,101,1,16,64,128,128,8,4,16,146.82100000000082
gfx950,decode,torch.bfloat16,torch.float32,102,1,16,64,128,128,8,4,16,147.22100000000137
gfx950,decode,torch.bfloat16,torch.float32,103,1,16,64,128,128,8,4,16,148.60099999999966
gfx950,decode,torch.bfloat16,torch.float32,104,1,16,64,128,128,8,4,16,149.9410000000007
gfx950,decode,torch.bfloat16,torch.float32,105,1,16,64,128,128,8,4,16,151.9410000000007
gfx950,decode,torch.bfloat16,torch.float32,106,1,16,64,128,128,8,4,16,153.80100000000039
gfx950,decode,torch.bfloat16,torch.float32,107,1,16,64,128,128,8,4,16,154.42100000000028
gfx950,decode,torch.bfloat16,torch.float32,108,1,16,64,128,128,8,4,16,156.4210000000012
gfx950,decode,torch.bfloat16,torch.float32,109,1,16,64,128,128,8,4,16,157.58050000000003
gfx950,decode,torch.bfloat16,torch.float32,110,1,16,64,128,128,8,4,16,159.52100000000064
gfx950,decode,torch.bfloat16,torch.float32,111,1,16,64,128,128,8,4,16,160.34099999999944
gfx950,decode,torch.bfloat16,torch.float32,112,1,16,64,128,128,8,4,16,161.40099999999893
gfx950,decode,torch.bfloat16,torch.float32,113,1,16,64,128,128,8,4,16,163.52099999999882
gfx950,decode,torch.bfloat16,torch.float32,114,1,16,64,128,128,8,4,16,164.10100000000057
gfx950,decode,torch.bfloat16,torch.float32,115,1,16,64,128,128,8,4,16,167.20100000000002
gfx950,decode,torch.bfloat16,torch.float32,116,1,16,64,128,128,8,4,16,167.58100000000013
gfx950,decode,torch.bfloat16,torch.float32,117,1,16,64,128,128,8,4,16,170.1810000000014
gfx950,decode,torch.bfloat16,torch.float32,118,1,16,64,128,128,8,4,16,171.48099999999886
gfx950,decode,torch.bfloat16,torch.float32,119,1,16,64,128,128,8,4,16,172.40099999999984
gfx950,decode,torch.bfloat16,torch.float32,120,1,16,64,128,128,8,4,16,172.80099999999948
gfx950,decode,torch.bfloat16,torch.float32,121,1,16,64,128,128,8,4,16,174.60100000000057
gfx950,decode,torch.bfloat16,torch.float32,122,1,16,64,128,128,8,4,16,176.08100000000013
gfx950,decode,torch.bfloat16,torch.float32,123,1,16,64,128,128,8,4,16,176.66100000000006
gfx950,decode,torch.bfloat16,torch.float32,124,1,16,64,128,128,8,4,16,179.20100000000002
gfx950,decode,torch.bfloat16,torch.float32,125,1,16,64,128,128,8,4,16,180.3810000000003
gfx950,decode,torch.bfloat16,torch.float32,126,1,16,64,128,128,8,4,16,182.0010000000011
gfx950,decode,torch.bfloat16,torch.float32,127,1,16,64,128,128,8,4,16,183.4409999999989
gfx950,decode,torch.bfloat16,torch.float32,128,1,16,64,128,128,8,4,16,184.9409999999998
gfx950,decode,torch.bfloat16,torch.bfloat16,129,1,4,8,128,128,4,2,8,17.499000000000024
gfx950,decode,torch.bfloat16,torch.bfloat16,130,1,4,8,128,128,4,2,8,17.619000000000028
gfx950,decode,torch.bfloat16,torch.bfloat16,131,1,4,8,128,128,4,2,8,17.69900000000007
gfx950,decode,torch.bfloat16,torch.bfloat16,132,1,4,8,128,128,4,2,8,17.819500000000062
gfx950,decode,torch.bfloat16,torch.bfloat16,133,1,4,8,128,128,4,2,8,17.778999999999996
gfx950,decode,torch.bfloat16,torch.bfloat16,134,1,4,8,128,128,2,4,8,17.95900000000006
gfx950,decode,torch.bfloat16,torch.bfloat16,135,1,4,8,128,128,2,4,8,18.01949999999988
gfx950,decode,torch.bfloat16,torch.bfloat16,136,1,4,8,128,128,2,4,8,18.019000000000005
gfx950,decode,torch.bfloat16,torch.bfloat16,137,1,4,8,128,128,2,4,8,18.179000000000087
gfx950,decode,torch.bfloat16,torch.bfloat16,138,1,4,8,128,128,2,4,8,18.259500000000003
gfx950,decode,torch.bfloat16,torch.bfloat16,139,1,4,8,128,128,4,2,8,18.47950000000003
gfx950,decode,torch.bfloat16,torch.bfloat16,140,1,4,8,128,128,2,4,8,18.47950000000003
gfx950,decode,torch.bfloat16,torch.bfloat16,141,1,4,8,128,128,2,4,8,18.579000000000065
gfx950,decode,torch.bfloat16,torch.bfloat16,142,1,4,8,128,128,2,4,8,18.579000000000065
gfx950,decode,torch.bfloat16,torch.bfloat16,143,1,4,8,128,128,4,2,8,18.71950000000004
gfx950,decode,torch.bfloat16,torch.bfloat16,144,1,4,8,128,128,4,2,8,18.798999999999978
gfx950,decode,torch.bfloat16,torch.bfloat16,145,1,4,8,128,128,4,2,8,18.979000000000042
gfx950,decode,torch.bfloat16,torch.bfloat16,146,1,4,8,128,128,4,2,8,18.999000000000024
gfx950,decode,torch.bfloat16,torch.bfloat16,147,1,4,8,128,128,2,4,8,19.0390000000001
gfx950,decode,torch.bfloat16,torch.bfloat16,148,1,4,8,128,128,2,4,8,19.159000000000106
gfx950,decode,torch.bfloat16,torch.bfloat16,149,1,4,8,128,128,4,2,8,19.238999999999805
gfx950,decode,torch.bfloat16,torch.bfloat16,150,1,4,8,128,128,2,4,8,19.359000000000037
gfx950,decode,torch.bfloat16,torch.bfloat16,151,1,4,8,128,128,2,4,8,19.478999999999814
gfx950,decode,torch.bfloat16,torch.bfloat16,152,1,4,8,128,128,2,4,8,19.598999999999705
gfx950,decode,torch.bfloat16,torch.bfloat16,153,1,4,8,128,128,4,2,8,19.71900000000005
gfx950,decode,torch.bfloat16,torch.bfloat16,154,1,4,8,128,128,2,4,8,19.778999999999996
gfx950,decode,torch.bfloat16,torch.bfloat16,155,1,4,8,128,128,2,4,8,19.839500000000157
gfx950,decode,torch.bfloat16,torch.bfloat16,156,1,4,8,128,128,4,2,8,19.979000000000156
gfx950,decode,torch.bfloat16,torch.bfloat16,157,1,4,8,128,128,2,4,8,20.158999999999764
gfx950,decode,torch.bfloat16,torch.bfloat16,158,1,4,8,128,128,2,4,8,20.199500000000057
gfx950,decode,torch.bfloat16,torch.bfloat16,159,1,4,8,128,128,2,4,8,20.239000000000033
gfx950,decode,torch.bfloat16,torch.bfloat16,160,1,4,8,128,128,2,4,8,20.559000000000083
gfx950,decode,torch.bfloat16,torch.bfloat16,161,1,4,8,128,128,8,2,16,20.739000000000033
gfx950,decode,torch.bfloat16,torch.bfloat16,162,1,4,8,128,128,8,2,16,20.859499999999912
gfx950,decode,torch.bfloat16,torch.bfloat16,163,1,4,8,128,128,8,2,16,20.859000000000265
gfx950,decode,torch.bfloat16,torch.bfloat16,164,1,4,8,128,128,8,2,16,21.038999999999987
gfx950,decode,torch.bfloat16,torch.bfloat16,165,1,4,8,128,128,8,2,16,21.0390000000001
gfx950,decode,torch.bfloat16,torch.bfloat16,166,1,4,8,128,128,4,4,16,21.119000000000085
gfx950,decode,torch.bfloat16,torch.bfloat16,167,1,4,8,128,128,8,2,16,21.259000000000015
gfx950,decode,torch.bfloat16,torch.bfloat16,168,1,4,8,128,128,8,2,16,21.38000000000011
gfx950,decode,torch.bfloat16,torch.bfloat16,169,1,4,8,128,128,8,2,16,21.399999999999977
gfx950,decode,torch.bfloat16,torch.bfloat16,170,1,4,8,128,128,4,4,16,21.538999999999874
gfx950,decode,torch.bfloat16,torch.bfloat16,171,1,4,8,128,128,4,4,16,21.63900000000001
gfx950,decode,torch.bfloat16,torch.bfloat16,172,1,4,8,128,128,4,4,16,21.55950000000007
gfx950,decode,torch.bfloat16,torch.bfloat16,173,1,4,8,128,128,4,4,16,21.759000000000015
gfx950,decode,torch.bfloat16,torch.bfloat16,174,1,4,8,128,128,4,4,16,21.779499999999985
gfx950,decode,torch.bfloat16,torch.bfloat16,175,1,4,8,128,128,4,4,16,21.87900000000002
gfx950,decode,torch.bfloat16,torch.bfloat16,176,1,4,8,128,128,8,2,16,21.939500000000066
gfx950,decode,torch.bfloat16,torch.bfloat16,177,1,4,8,128,128,8,2,16,22.05950000000007
gfx950,decode,torch.bfloat16,torch.bfloat16,178,1,4,8,128,128,8,2,16,22.159000000000106
gfx950,decode,torch.bfloat16,torch.bfloat16,179,1,4,8,128,128,8,2,16,22.15949999999998
gfx950,decode,torch.bfloat16,torch.bfloat16,180,1,4,8,128,128,8,2,16,22.358999999999924
gfx950,decode,torch.bfloat16,torch.bfloat16,181,1,4,8,128,128,4,4,16,22.39949999999999
gfx950,decode,torch.bfloat16,torch.bfloat16,182,1,4,8,128,128,4,4,16,22.559000000000083
gfx950,decode,torch.bfloat16,torch.bfloat16,183,1,4,8,128,128,4,4,16,22.479499999999973
gfx950,decode,torch.bfloat16,torch.bfloat16,184,1,4,8,128,128,4,4,16,22.759000000000015
gfx950,decode,torch.bfloat16,torch.bfloat16,185,1,4,8,128,128,4,4,16,22.71900000000005
gfx950,decode,torch.bfloat16,torch.bfloat16,186,1,4,8,128,128,4,4,16,22.838999999999942
gfx950,decode,torch.bfloat16,torch.bfloat16,187,1,4,8,128,128,4,4,16,22.97950000000003
gfx950,decode,torch.bfloat16,torch.bfloat16,188,1,4,8,128,128,4,4,16,22.97950000000003
gfx950,decode,torch.bfloat16,torch.bfloat16,189,1,4,8,128,128,8,2,16,23.07949999999994
gfx950,decode,torch.bfloat16,torch.bfloat16,190,1,4,8,128,128,4,4,16,23.15949999999998
gfx950,decode,torch.bfloat16,torch.bfloat16,191,1,4,8,128,128,4,4,16,23.19900000000007
gfx950,decode,torch.bfloat16,torch.bfloat16,192,1,4,8,128,128,4,2,8,23.358999999999924
gfx950,decode,torch.bfloat16,torch.bfloat16,193,1,4,8,128,128,4,4,16,23.338999999999942
gfx950,decode,torch.bfloat16,torch.bfloat16,194,1,4,8,128,128,4,4,16,23.37950000000012
gfx950,decode,torch.bfloat16,torch.bfloat16,195,1,4,8,128,128,4,2,8,23.38000000000011
gfx950,decode,torch.bfloat16,torch.bfloat16,196,1,4,8,128,128,4,2,8,23.499000000000024
gfx950,decode,torch.bfloat16,torch.bfloat16,197,1,4,8,128,128,4,2,8,23.539999999999964
gfx950,decode,torch.bfloat16,torch.bfloat16,198,1,4,8,128,128,4,2,8,23.71900000000005
gfx950,decode,torch.bfloat16,torch.bfloat16,199,1,4,8,128,128,4,2,8,23.67950000000019
gfx950,decode,torch.bfloat16,torch.bfloat16,200,1,4,8,128,128,4,2,8,23.799499999999853
gfx950,decode,torch.bfloat16,torch.bfloat16,201,1,4,8,128,128,4,2,8,23.759000000000015
gfx950,decode,torch.bfloat16,torch.bfloat16,202,1,4,8,128,128,4,2,8,23.918999999999983
gfx950,decode,torch.bfloat16,torch.bfloat16,203,1,4,8,128,128,4,2,8,24.0
gfx950,decode,torch.bfloat16,torch.bfloat16,204,1,4,8,128,128,4,2,8,24.099500000000035
gfx950,decode,torch.bfloat16,torch.bfloat16,205,1,4,8,128,128,4,2,8,24.058999999999855
gfx950,decode,torch.bfloat16,torch.bfloat16,206,1,4,8,128,128,4,2,8,24.199499999999944
gfx950,decode,torch.bfloat16,torch.bfloat16,207,1,4,8,128,128,4,2,8,24.259500000000003
gfx950,decode,torch.bfloat16,torch.bfloat16,208,1,4,8,128,128,4,2,8,24.378999999999905
gfx950,decode,torch.bfloat16,torch.bfloat16,209,1,4,8,128,128,4,2,8,24.499999999999886
gfx950,decode,torch.bfloat16,torch.bfloat16,210,1,4,8,128,128,4,2,8,24.678999999999974
gfx950,decode,torch.bfloat16,torch.bfloat16,211,1,4,8,128,128,4,2,8,24.679000000000087
gfx950,decode,torch.bfloat16,torch.bfloat16,212,1,4,8,128,128,4,2,8,24.69950000000017
gfx950,decode,torch.bfloat16,torch.bfloat16,213,1,4,8,128,128,2,4,8,24.958999999999833
gfx950,decode,torch.bfloat16,torch.bfloat16,214,1,4,8,128,128,4,2,8,24.939499999999953
gfx950,decode,torch.bfloat16,torch.bfloat16,215,1,4,8,128,128,4,2,8,25.139500000000112
gfx950,decode,torch.bfloat16,torch.bfloat16,216,1,4,8,128,128,4,2,8,25.200000000000273
gfx950,decode,torch.bfloat16,torch.bfloat16,217,1,4,8,128,128,8,1,8,25.55950000000007
gfx950,decode,torch.bfloat16,torch.bfloat16,218,1,4,8,128,128,8,1,8,25.598999999999933
gfx950,decode,torch.bfloat16,torch.bfloat16,219,1,4,8,128,128,4,4,16,25.559499999999957
gfx950,decode,torch.bfloat16,torch.bfloat16,220,1,4,8,128,128,8,2,16,25.759000000000015
gfx950,decode,torch.bfloat16,torch.bfloat16,221,1,4,8,128,128,8,2,16,25.978999999999928
gfx950,decode,torch.bfloat16,torch.bfloat16,222,1,4,8,128,128,8,2,16,25.839499999999816
gfx950,decode,torch.bfloat16,torch.bfloat16,223,1,4,8,128,128,8,2,16,25.979499999999916
gfx950,decode,torch.bfloat16,torch.bfloat16,224,1,4,8,128,128,8,1,8,26.019000000000005
gfx950,decode,torch.bfloat16,torch.bfloat16,225,1,4,8,128,128,8,2,16,26.178999999999974
gfx950,decode,torch.bfloat16,torch.bfloat16,226,1,4,8,128,128,8,2,16,26.21950000000004
gfx950,decode,torch.bfloat16,torch.bfloat16,227,1,4,8,128,128,8,2,16,26.29950000000008
gfx950,decode,torch.bfloat16,torch.bfloat16,228,1,4,8,128,128,4,4,16,26.599500000000035
gfx950,decode,torch.bfloat16,torch.bfloat16,229,1,4,8,128,128,4,4,16,26.51900000000012
gfx950,decode,torch.bfloat16,torch.bfloat16,230,1,4,8,128,128,4,4,16,26.659999999999854
gfx950,decode,torch.bfloat16,torch.bfloat16,231,1,4,8,128,128,4,4,16,26.67899999999986
gfx950,decode,torch.bfloat16,torch.bfloat16,232,1,4,8,128,128,4,2,8,26.799500000000194
gfx950,decode,torch.bfloat16,torch.bfloat16,233,1,4,8,128,128,4,4,16,26.978999999999928
gfx950,decode,torch.bfloat16,torch.bfloat16,234,1,4,8,128,128,8,2,16,26.99899999999991
gfx950,decode,torch.bfloat16,torch.bfloat16,235,1,4,8,128,128,8,2,16,27.079000000000065
gfx950,decode,torch.bfloat16,torch.bfloat16,236,1,4,8,128,128,4,4,16,27.17900000000003
gfx950,decode,torch.bfloat16,torch.bfloat16,237,1,4,8,128,128,4,4,16,27.13900000000001
gfx950,decode,torch.bfloat16,torch.bfloat16,238,1,4,8,128,128,4,4,16,27.239000000000033
gfx950,decode,torch.bfloat16,torch.bfloat16,239,1,4,8,128,128,8,2,16,27.379500000000007
gfx950,decode,torch.bfloat16,torch.bfloat16,240,1,4,8,128,128,8,2,16,27.53949999999986
gfx950,decode,torch.bfloat16,torch.bfloat16,241,1,4,8,128,128,4,4,16,27.59900000000016
gfx950,decode,torch.bfloat16,torch.bfloat16,242,1,4,8,128,128,8,2,16,27.699499999999944
gfx950,decode,torch.bfloat16,torch.bfloat16,243,1,4,8,128,128,4,4,16,27.878999999999905
gfx950,decode,torch.bfloat16,torch.bfloat16,244,1,4,8,128,128,4,4,16,27.759500000000003
gfx950,decode,torch.bfloat16,torch.bfloat16,245,1,4,8,128,128,4,4,16,27.800000000000068
gfx950,decode,torch.bfloat16,torch.bfloat16,246,1,4,8,128,128,8,2,16,28.039499999999975
gfx950,decode,torch.bfloat16,torch.bfloat16,247,1,4,8,128,128,8,2,16,28.019499999999994
gfx950,decode,torch.bfloat16,torch.bfloat16,248,1,4,8,128,128,4,4,16,28.11949999999996
gfx950,decode,torch.bfloat16,torch.bfloat16,249,1,4,8,128,128,8,2,16,28.23950000000002
gfx950,decode,torch.bfloat16,torch.bfloat16,250,1,4,8,128,128,8,2,16,28.319000000000017
gfx950,decode,torch.bfloat16,torch.bfloat16,251,1,4,8,128,128,8,2,16,28.41949999999997
gfx950,decode,torch.bfloat16,torch.bfloat16,252,1,4,8,128,128,8,2,16,28.499499999999898
gfx950,decode,torch.bfloat16,torch.bfloat16,253,1,4,8,128,128,4,4,16,28.51900000000012
gfx950,decode,torch.bfloat16,torch.bfloat16,254,1,4,8,128,128,4,4,16,28.519999999999982
gfx950,decode,torch.bfloat16,torch.bfloat16,255,1,4,8,128,128,8,2,16,28.55950000000007
gfx950,decode,torch.bfloat16,torch.bfloat16,256,1,4,8,128,128,8,2,16,28.69949999999983
gfx950,decode,torch.bfloat16,torch.bfloat16,129,1,8,16,128,128,8,2,16,29.24000000000001
gfx950,decode,torch.bfloat16,torch.bfloat16,130,1,8,16,128,128,8,2,16,29.259500000000116
gfx950,decode,torch.bfloat16,torch.bfloat16,131,1,8,16,128,128,8,2,16,29.33900000000017
gfx950,decode,torch.bfloat16,torch.bfloat16,132,1,8,16,128,128,8,2,16,29.59900000000016
gfx950,decode,torch.bfloat16,torch.bfloat16,133,1,8,16,128,128,8,2,16,29.59900000000016
gfx950,decode,torch.bfloat16,torch.bfloat16,134,1,8,16,128,128,8,2,16,29.838999999999942
gfx950,decode,torch.bfloat16,torch.bfloat16,135,1,8,16,128,128,8,2,16,30.019999999999982
gfx950,decode,torch.bfloat16,torch.bfloat16,136,1,8,16,128,128,8,2,16,30.219499999999925
gfx950,decode,torch.bfloat16,torch.bfloat16,137,1,8,16,128,128,8,2,16,30.339500000000044
gfx950,decode,torch.bfloat16,torch.bfloat16,138,1,8,16,128,128,8,2,16,30.439500000000407
gfx950,decode,torch.bfloat16,torch.bfloat16,139,1,8,16,128,128,8,2,16,30.55899999999997
gfx950,decode,torch.bfloat16,torch.bfloat16,140,1,8,16,128,128,8,2,16,30.899000000000115
gfx950,decode,torch.bfloat16,torch.bfloat16,141,1,8,16,128,128,8,2,16,30.859999999999673
gfx950,decode,torch.bfloat16,torch.bfloat16,142,1,8,16,128,128,8,2,16,31.099500000000262
gfx950,decode,torch.bfloat16,torch.bfloat16,143,1,8,16,128,128,8,2,16,31.159500000000207
gfx950,decode,torch.bfloat16,torch.bfloat16,144,1,8,16,128,128,8,2,16,31.33950000000027
gfx950,decode,torch.bfloat16,torch.bfloat16,145,1,8,16,128,128,8,1,8,31.598999999999478
gfx950,decode,torch.bfloat16,torch.bfloat16,146,1,8,16,128,128,4,4,16,31.7795000000001
gfx950,decode,torch.bfloat16,torch.bfloat16,147,1,8,16,128,128,4,4,16,31.999500000000126
gfx950,decode,torch.bfloat16,torch.bfloat16,148,1,8,16,128,128,8,2,16,32.159999999999854
gfx950,decode,torch.bfloat16,torch.bfloat16,149,1,8,16,128,128,8,2,16,32.4994999999999
gfx950,decode,torch.bfloat16,torch.bfloat16,150,1,8,16,128,128,8,1,8,32.619500000000016
gfx950,decode,torch.bfloat16,torch.bfloat16,151,1,8,16,128,128,8,2,16,32.699499999999944
gfx950,decode,torch.bfloat16,torch.bfloat16,152,1,8,16,128,128,8,2,16,32.89899999999989
gfx950,decode,torch.bfloat16,torch.bfloat16,153,1,8,16,128,128,8,2,16,33.01950000000011
gfx950,decode,torch.bfloat16,torch.bfloat16,154,1,8,16,128,128,4,4,16,33.17950000000019
gfx950,decode,torch.bfloat16,torch.bfloat16,155,1,8,16,128,128,8,1,8,33.459499999999935
gfx950,decode,torch.bfloat16,torch.bfloat16,156,1,8,16,128,128,8,2,16,33.759000000000015
gfx950,decode,torch.bfloat16,torch.bfloat16,157,1,8,16,128,128,4,4,16,33.75949999999966
gfx950,decode,torch.bfloat16,torch.bfloat16,158,1,8,16,128,128,8,2,16,33.99900000000048
gfx950,decode,torch.bfloat16,torch.bfloat16,159,1,8,16,128,128,4,4,16,34.100000000000136
gfx950,decode,torch.bfloat16,torch.bfloat16,160,1,8,16,128,128,8,2,16,34.31899999999973
gfx950,decode,torch.bfloat16,torch.bfloat16,161,1,8,16,128,128,8,2,16,34.4994999999999
gfx950,decode,torch.bfloat16,torch.bfloat16,162,1,8,16,128,128,8,2,16,34.53949999999986
gfx950,decode,torch.bfloat16,torch.bfloat16,163,1,8,16,128,128,4,4,16,34.839500000000044
gfx950,decode,torch.bfloat16,torch.bfloat16,164,1,8,16,128,128,8,2,16,35.039999999999964
gfx950,decode,torch.bfloat16,torch.bfloat16,165,1,8,16,128,128,4,4,16,35.17950000000019
gfx950,decode,torch.bfloat16,torch.bfloat16,166,1,8,16,128,128,8,2,16,35.33950000000027
gfx950,decode,torch.bfloat16,torch.bfloat16,167,1,8,16,128,128,8,2,16,35.43899999999985
gfx950,decode,torch.bfloat16,torch.bfloat16,168,1,8,16,128,128,8,2,16,35.460000000000036
gfx950,decode,torch.bfloat16,torch.bfloat16,169,1,8,16,128,128,8,2,16,35.599500000000035
gfx950,decode,torch.bfloat16,torch.bfloat16,170,1,8,16,128,128,8,2,16,35.759499999999434
gfx950,decode,torch.bfloat16,torch.bfloat16,171,1,8,16,128,128,4,4,16,35.89949999999999
gfx950,decode,torch.bfloat16,torch.bfloat16,172,1,8,16,128,128,8,2,16,36.09949999999981
gfx950,decode,torch.bfloat16,torch.bfloat16,173,1,8,16,128,128,8,2,16,36.199499999999944
gfx950,decode,torch.bfloat16,torch.bfloat16,174,1,8,16,128,128,8,2,16,36.35950000000025
gfx950,decode,torch.bfloat16,torch.bfloat16,175,1,8,16,128,128,4,4,16,36.74000000000001
gfx950,decode,torch.bfloat16,torch.bfloat16,176,1,8,16,128,128,8,2,16,37.01950000000011
gfx950,decode,torch.bfloat16,torch.bfloat16,177,1,8,16,128,128,4,4,16,37.1395
gfx950,decode,torch.bfloat16,torch.bfloat16,178,1,8,16,128,128,8,2,16,37.39950000000022
gfx950,decode,torch.bfloat16,torch.bfloat16,179,1,8,16,128,128,8,1,8,37.43899999999985
gfx950,decode,torch.bfloat16,torch.bfloat16,180,1,8,16,128,128,8,2,16,37.64000000000033
gfx950,decode,torch.bfloat16,torch.bfloat16,181,1,8,16,128,128,8,2,16,37.839499999999816
gfx950,decode,torch.bfloat16,torch.bfloat16,182,1,8,16,128,128,4,4,16,38.04000000000019
gfx950,decode,torch.bfloat16,torch.bfloat16,183,1,8,16,128,128,4,4,16,38.17899999999963
gfx950,decode,torch.bfloat16,torch.bfloat16,184,1,8,16,128,128,8,2,16,38.31950000000006
gfx950,decode,torch.bfloat16,torch.bfloat16,185,1,8,16,128,128,4,4,16,38.34000000000037
gfx950,decode,torch.bfloat16,torch.bfloat16,186,1,8,16,128,128,8,2,16,38.57899999999972
gfx950,decode,torch.bfloat16,torch.bfloat16,187,1,8,16,128,128,8,2,16,38.66000000000031
gfx950,decode,torch.bfloat16,torch.bfloat16,188,1,8,16,128,128,8,2,16,38.859500000000025
gfx950,decode,torch.bfloat16,torch.bfloat16,189,1,8,16,128,128,8,2,16,38.89950000000022
gfx950,decode,torch.bfloat16,torch.bfloat16,190,1,8,16,128,128,8,2,16,39.339500000000044
gfx950,decode,torch.bfloat16,torch.bfloat16,191,1,8,16,128,128,8,2,16,39.35950000000048
gfx950,decode,torch.bfloat16,torch.bfloat16,192,1,8,16,128,128,8,2,16,39.53950000000009
gfx950,decode,torch.bfloat16,torch.bfloat16,193,1,8,16,128,128,8,2,16,39.700000000000045
gfx950,decode,torch.bfloat16,torch.bfloat16,194,1,8,16,128,128,8,2,16,39.959499999999935
gfx950,decode,torch.bfloat16,torch.bfloat16,195,1,8,16,128,128,8,2,16,40.09900000000016
gfx950,decode,torch.bfloat16,torch.bfloat16,196,1,8,16,128,128,8,2,16,40.27949999999987
gfx950,decode,torch.bfloat16,torch.bfloat16,197,1,8,16,128,128,8,2,16,40.31950000000029
gfx950,decode,torch.bfloat16,torch.bfloat16,198,1,8,16,128,128,8,2,16,40.36000000000013
gfx950,decode,torch.bfloat16,torch.bfloat16,199,1,8,16,128,128,4,4,16,40.49999999999977
gfx950,decode,torch.bfloat16,torch.bfloat16,200,1,8,16,128,128,8,2,16,40.7194999999997
gfx950,decode,torch.bfloat16,torch.bfloat16,201,1,8,16,128,128,4,4,16,40.81949999999961
gfx950,decode,torch.bfloat16,torch.bfloat16,202,1,8,16,128,128,8,2,16,41.07900000000018
gfx950,decode,torch.bfloat16,torch.bfloat16,203,1,8,16,128,128,4,4,16,41.51950000000011
gfx950,decode,torch.bfloat16,torch.bfloat16,204,1,8,16,128,128,8,2,16,41.638999999999896
gfx950,decode,torch.bfloat16,torch.bfloat16,205,1,8,16,128,128,8,2,16,41.539999999999964
gfx950,decode,torch.bfloat16,torch.bfloat16,206,1,8,16,128,128,4,4,16,41.940000000000055
gfx950,decode,torch.bfloat16,torch.bfloat16,207,1,8,16,128,128,8,2,16,42.200000000000045
gfx950,decode,torch.bfloat16,torch.bfloat16,208,1,8,16,128,128,8,2,16,42.319499999999834
gfx950,decode,torch.bfloat16,torch.bfloat16,209,1,8,16,128,128,4,4,16,42.479500000000144
gfx950,decode,torch.bfloat16,torch.bfloat16,210,1,8,16,128,128,4,4,16,42.51949999999988
gfx950,decode,torch.bfloat16,torch.bfloat16,211,1,8,16,128,128,8,2,16,42.639500000000226
gfx950,decode,torch.bfloat16,torch.bfloat16,212,1,8,16,128,128,8,2,16,42.77999999999997
gfx950,decode,torch.bfloat16,torch.bfloat16,213,1,8,16,128,128,8,2,16,42.960000000000036
gfx950,decode,torch.bfloat16,torch.bfloat16,214,1,8,16,128,128,8,2,16,42.940000000000055
gfx950,decode,torch.bfloat16,torch.bfloat16,215,1,8,16,128,128,8,2,16,43.2800000000002
gfx950,decode,torch.bfloat16,torch.bfloat16,216,1,8,16,128,128,8,2,16,43.439499999999725
gfx950,decode,torch.bfloat16,torch.bfloat16,217,1,8,16,128,128,4,4,16,43.69950000000017
gfx950,decode,torch.bfloat16,torch.bfloat16,218,1,8,16,128,128,4,4,16,43.89949999999999
gfx950,decode,torch.bfloat16,torch.bfloat16,219,1,8,16,128,128,8,2,16,43.87950000000001
gfx950,decode,torch.bfloat16,torch.bfloat16,220,1,8,16,128,128,8,2,16,44.05950000000007
gfx950,decode,torch.bfloat16,torch.bfloat16,221,1,8,16,128,128,8,2,16,44.339499999999816
gfx950,decode,torch.bfloat16,torch.bfloat16,222,1,8,16,128,128,8,2,16,44.479500000000144
gfx950,decode,torch.bfloat16,torch.bfloat16,223,1,8,16,128,128,8,2,16,44.57950000000028
gfx950,decode,torch.bfloat16,torch.bfloat16,224,1,8,16,128,128,8,2,16,44.600000000000136
gfx950,decode,torch.bfloat16,torch.bfloat16,225,1,8,16,128,128,4,4,16,44.839500000000044
gfx950,decode,torch.bfloat16,torch.bfloat16,226,1,8,16,128,128,4,4,16,45.059499999999844
gfx950,decode,torch.bfloat16,torch.bfloat16,227,1,8,16,128,128,8,1,8,45.27899999999977
gfx950,decode,torch.bfloat16,torch.bfloat16,228,1,8,16,128,128,8,2,16,45.23900000000003
gfx950,decode,torch.bfloat16,torch.bfloat16,229,1,8,16,128,128,8,1,8,45.51950000000011
gfx950,decode,torch.bfloat16,torch.bfloat16,230,1,8,16,128,128,4,4,16,45.53949999999986
gfx950,decode,torch.bfloat16,torch.bfloat16,231,1,8,16,128,128,4,4,16,45.79950000000008
gfx950,decode,torch.bfloat16,torch.bfloat16,232,1,8,16,128,128,4,4,16,46.24000000000024
gfx950,decode,torch.bfloat16,torch.bfloat16,233,1,8,16,128,128,8,2,16,46.23999999999978
gfx950,decode,torch.bfloat16,torch.bfloat16,234,1,8,16,128,128,4,4,16,46.4994999999999
gfx950,decode,torch.bfloat16,torch.bfloat16,235,1,8,16,128,128,4,4,16,46.739500000000135
gfx950,decode,torch.bfloat16,torch.bfloat16,236,1,8,16,128,128,8,2,16,47.179499999999734
gfx950,decode,torch.bfloat16,torch.bfloat16,237,1,8,16,128,128,4,4,16,47.12000000000012
gfx950,decode,torch.bfloat16,torch.bfloat16,238,1,8,16,128,128,8,2,16,47.358999999999696
gfx950,decode,torch.bfloat16,torch.bfloat16,239,1,8,16,128,128,4,4,16,47.57899999999995
gfx950,decode,torch.bfloat16,torch.bfloat16,240,1,8,16,128,128,4,4,16,47.679999999999836
gfx950,decode,torch.bfloat16,torch.bfloat16,241,1,8,16,128,128,8,2,16,47.59950000000026
gfx950,decode,torch.bfloat16,torch.bfloat16,242,1,8,16,128,128,4,4,16,47.79949999999985
gfx950,decode,torch.bfloat16,torch.bfloat16,243,1,8,16,128,128,4,4,16,47.92000000000007
gfx950,decode,torch.bfloat16,torch.bfloat16,244,1,8,16,128,128,4,4,16,48.46000000000049
gfx950,decode,torch.bfloat16,torch.bfloat16,245,1,8,16,128,128,8,2,16,48.39950000000022
gfx950,decode,torch.bfloat16,torch.bfloat16,246,1,8,16,128,128,4,4,16,48.539499999999634
gfx950,decode,torch.bfloat16,torch.bfloat16,247,1,8,16,128,128,8,2,16,48.859500000000025
gfx950,decode,torch.bfloat16,torch.bfloat16,248,1,8,16,128,128,8,2,16,48.93899999999985
gfx950,decode,torch.bfloat16,torch.bfloat16,249,1,8,16,128,128,4,4,16,49.09949999999981
gfx950,decode,torch.bfloat16,torch.bfloat16,250,1,8,16,128,128,8,2,16,49.61999999999966
gfx950,decode,torch.bfloat16,torch.bfloat16,251,1,8,16,128,128,8,2,16,49.51950000000011
gfx950,decode,torch.bfloat16,torch.bfloat16,252,1,8,16,128,128,8,2,16,49.70000000000027
gfx950,decode,torch.bfloat16,torch.bfloat16,253,1,8,16,128,128,4,4,16,49.57950000000005
gfx950,decode,torch.bfloat16,torch.bfloat16,254,1,8,16,128,128,8,2,16,49.840000000000146
gfx950,decode,torch.bfloat16,torch.bfloat16,255,1,8,16,128,128,4,4,16,49.79950000000008
gfx950,decode,torch.bfloat16,torch.bfloat16,256,1,8,16,128,128,8,2,16,50.11999999999989
gfx950,decode,torch.bfloat16,torch.bfloat16,129,1,16,32,128,128,8,2,16,51.4994999999999
gfx950,decode,torch.bfloat16,torch.bfloat16,130,1,16,32,128,128,8,2,16,51.759500000000116
gfx950,decode,torch.bfloat16,torch.bfloat16,131,1,16,32,128,128,8,2,16,51.899500000000444
gfx950,decode,torch.bfloat16,torch.bfloat16,132,1,16,32,128,128,4,4,16,52.51949999999988
gfx950,decode,torch.bfloat16,torch.bfloat16,133,1,16,32,128,128,8,2,16,52.59999999999991
gfx950,decode,torch.bfloat16,torch.bfloat16,134,1,16,32,128,128,8,2,16,52.81949999999961
gfx950,decode,torch.bfloat16,torch.bfloat16,135,1,16,32,128,128,8,2,16,53.16000000000031
gfx950,decode,torch.bfloat16,torch.bfloat16,136,1,16,32,128,128,8,2,16,53.399500000000444
gfx950,decode,torch.bfloat16,torch.bfloat16,137,1,16,32,128,128,8,2,16,53.459499999999025
gfx950,decode,torch.bfloat16,torch.bfloat16,138,1,16,32,128,128,8,2,16,53.86000000000013
gfx950,decode,torch.bfloat16,torch.bfloat16,139,1,16,32,128,128,8,2,16,54.09999999999991
gfx950,decode,torch.bfloat16,torch.bfloat16,140,1,16,32,128,128,4,4,16,54.25950000000057
gfx950,decode,torch.bfloat16,torch.bfloat16,141,1,16,32,128,128,4,4,16,54.5600000000004
gfx950,decode,torch.bfloat16,torch.bfloat16,142,1,16,32,128,128,8,2,16,54.659999999999854
gfx950,decode,torch.bfloat16,torch.bfloat16,143,1,16,32,128,128,8,2,16,55.31999999999971
gfx950,decode,torch.bfloat16,torch.bfloat16,144,1,16,32,128,128,8,2,16,55.5595000000003
gfx950,decode,torch.bfloat16,torch.bfloat16,145,1,16,32,128,128,8,2,16,56.239499999999225
gfx950,decode,torch.bfloat16,torch.bfloat16,146,1,16,32,128,128,8,2,16,56.41949999999997
gfx950,decode,torch.bfloat16,torch.bfloat16,147,1,16,32,128,128,8,2,16,56.818999999999505
gfx950,decode,torch.bfloat16,torch.bfloat16,148,1,16,32,128,128,8,2,16,56.89899999999943
gfx950,decode,torch.bfloat16,torch.bfloat16,149,1,16,32,128,128,4,4,16,57.57999999999993
gfx950,decode,torch.bfloat16,torch.bfloat16,150,1,16,32,128,128,4,4,16,58.059999999999945
gfx950,decode,torch.bfloat16,torch.bfloat16,151,1,16,32,128,128,4,4,16,58.16000000000031
gfx950,decode,torch.bfloat16,torch.bfloat16,152,1,16,32,128,128,8,2,16,58.61949999999979
gfx950,decode,torch.bfloat16,torch.bfloat16,153,1,16,32,128,128,8,2,16,59.039999999999964
gfx950,decode,torch.bfloat16,torch.bfloat16,154,1,16,32,128,128,8,2,16,59.10000000000082
gfx950,decode,torch.bfloat16,torch.bfloat16,155,1,16,32,128,128,8,2,16,59.51899999999978
gfx950,decode,torch.bfloat16,torch.bfloat16,156,1,16,32,128,128,4,4,16,60.01900000000023
gfx950,decode,torch.bfloat16,torch.bfloat16,157,1,16,32,128,128,4,4,16,60.23949999999968
gfx950,decode,torch.bfloat16,torch.bfloat16,158,1,16,32,128,128,8,2,16,60.4394999999995
gfx950,decode,torch.bfloat16,torch.bfloat16,159,1,16,32,128,128,8,2,16,60.699000000000524
gfx950,decode,torch.bfloat16,torch.bfloat16,160,1,16,32,128,128,4,4,16,61.19999999999982
gfx950,decode,torch.bfloat16,torch.bfloat16,161,1,16,32,128,128,8,2,16,61.4994999999999
gfx950,decode,torch.bfloat16,torch.bfloat16,162,1,16,32,128,128,8,2,16,61.620000000000346
gfx950,decode,torch.bfloat16,torch.bfloat16,163,1,16,32,128,128,8,2,16,63.839999999999236
gfx950,decode,torch.bfloat16,torch.bfloat16,164,1,16,32,128,128,8,2,16,62.779999999999745
gfx950,decode,torch.bfloat16,torch.bfloat16,165,1,16,32,128,128,8,2,16,62.55899999999929
gfx950,decode,torch.bfloat16,torch.bfloat16,166,1,16,32,128,128,8,2,16,64.6200000000008
gfx950,decode,torch.bfloat16,torch.bfloat16,167,1,16,32,128,128,8,2,16,64.95949999999903
gfx950,decode,torch.bfloat16,torch.bfloat16,168,1,16,32,128,128,8,1,8,65.36000000000058
gfx950,decode,torch.bfloat16,torch.bfloat16,169,1,16,32,128,128,8,2,16,65.17950000000019
gfx950,decode,torch.bfloat16,torch.bfloat16,170,1,16,32,128,128,8,2,16,65.1200000000008
gfx950,decode,torch.bfloat16,torch.bfloat16,171,1,16,32,128,128,8,2,16,66.31999999999971
gfx950,decode,torch.bfloat16,torch.bfloat16,172,1,16,32,128,128,4,4,16,66.8194999999996
gfx950,decode,torch.bfloat16,torch.bfloat16,173,1,16,32,128,128,8,2,16,66.07999999999993
gfx950,decode,torch.bfloat16,torch.bfloat16,174,1,16,32,128,128,8,2,16,67.05999999999949
gfx950,decode,torch.bfloat16,torch.bfloat16,175,1,16,32,128,128,8,2,16,65.91950000000043
gfx950,decode,torch.bfloat16,torch.bfloat16,176,1,16,32,128,128,8,1,8,67.50000000000182
gfx950,decode,torch.bfloat16,torch.bfloat16,177,1,16,32,128,128,8,1,8,68.1200000000008
gfx950,decode,torch.bfloat16,torch.bfloat16,178,1,16,32,128,128,8,2,16,68.39950000000135
gfx950,decode,torch.bfloat16,torch.bfloat16,179,1,16,32,128,128,8,1,8,69.1200000000008
gfx950,decode,torch.bfloat16,torch.bfloat16,180,1,16,32,128,128,8,1,8,69.81999999999971
gfx950,decode,torch.bfloat16,torch.bfloat16,181,1,16,32,128,128,8,2,16,69.39950000000135
gfx950,decode,torch.bfloat16,torch.bfloat16,182,1,16,32,128,128,8,2,16,69.89950000000135
gfx950,decode,torch.bfloat16,torch.bfloat16,183,1,16,32,128,128,8,2,16,69.88000000000102
gfx950,decode,torch.bfloat16,torch.bfloat16,184,1,16,32,128,128,8,1,8,70.53949999999986
gfx950,decode,torch.bfloat16,torch.bfloat16,185,1,16,32,128,128,8,2,16,69.58000000000038
gfx950,decode,torch.bfloat16,torch.bfloat16,186,1,16,32,128,128,8,2,16,71.41999999999825
gfx950,decode,torch.bfloat16,torch.bfloat16,187,1,16,32,128,128,8,1,8,72.14000000000033
gfx950,decode,torch.bfloat16,torch.bfloat16,188,1,16,32,128,128,8,1,8,71.85999999999876
gfx950,decode,torch.bfloat16,torch.bfloat16,189,1,16,32,128,128,8,1,8,72.61999999999989
gfx950,decode,torch.bfloat16,torch.bfloat16,190,1,16,32,128,128,8,1,8,72.45950000000084
gfx950,decode,torch.bfloat16,torch.bfloat16,191,1,16,32,128,128,8,2,16,73.11999999999989
gfx950,decode,torch.bfloat16,torch.bfloat16,192,1,16,32,128,128,8,1,8,73.17999999999938
gfx950,decode,torch.bfloat16,torch.bfloat16,193,1,16,32,128,128,8,2,16,73.22000000000025
gfx950,decode,torch.bfloat16,torch.bfloat16,194,1,16,32,128,128,8,2,16,72.92000000000007
gfx950,decode,torch.bfloat16,torch.bfloat16,195,1,16,32,128,128,8,2,16,72.38000000000102
gfx950,decode,torch.bfloat16,torch.bfloat16,196,1,16,32,128,128,8,1,8,75.14000000000124
gfx950,decode,torch.bfloat16,torch.bfloat16,197,1,16,32,128,128,8,2,16,75.04000000000087
gfx950,decode,torch.bfloat16,torch.bfloat16,198,1,16,32,128,128,8,2,16,75.60000000000218
gfx950,decode,torch.bfloat16,torch.bfloat16,199,1,16,32,128,128,4,4,16,76.55999999999949
gfx950,decode,torch.bfloat16,torch.bfloat16,200,1,16,32,128,128,8,2,16,76.46000000000095
gfx950,decode,torch.bfloat16,torch.bfloat16,201,1,16,32,128,128,8,2,16,75.68000000000029
gfx950,decode,torch.bfloat16,torch.bfloat16,202,1,16,32,128,128,4,4,16,78.0
gfx950,decode,torch.bfloat16,torch.bfloat16,203,1,16,32,128,128,4,4,16,77.52000000000044
gfx950,decode,torch.bfloat16,torch.bfloat16,204,1,16,32,128,128,8,1,8,77.52000000000044
gfx950,decode,torch.bfloat16,torch.bfloat16,205,1,16,32,128,128,8,2,16,76.3799999999992
gfx950,decode,torch.bfloat16,torch.bfloat16,206,1,16,32,128,128,8,2,16,78.6200000000008
gfx950,decode,torch.bfloat16,torch.bfloat16,207,1,16,32,128,128,8,2,16,79.28000000000065
gfx950,decode,torch.bfloat16,torch.bfloat16,208,1,16,32,128,128,4,4,16,78.96000000000004
gfx950,decode,torch.bfloat16,torch.bfloat16,209,1,16,32,128,128,8,2,16,79.45999999999913
gfx950,decode,torch.bfloat16,torch.bfloat16,210,1,16,32,128,128,8,2,16,79.84000000000015
gfx950,decode,torch.bfloat16,torch.bfloat16,211,1,16,32,128,128,8,2,16,80.18000000000029
gfx950,decode,torch.bfloat16,torch.bfloat16,212,1,16,32,128,128,8,1,8,80.51949999999852
gfx950,decode,torch.bfloat16,torch.bfloat16,213,1,16,32,128,128,8,1,8,80.76000000000022
gfx950,decode,torch.bfloat16,torch.bfloat16,214,1,16,32,128,128,8,2,16,81.09999999999854
gfx950,decode,torch.bfloat16,torch.bfloat16,215,1,16,32,128,128,4,4,16,79.89949999999999
gfx950,decode,torch.bfloat16,torch.bfloat16,216,1,16,32,128,128,8,1,8,82.32000000000062
gfx950,decode,torch.bfloat16,torch.bfloat16,217,1,16,32,128,128,8,1,8,82.45999999999913
gfx950,decode,torch.bfloat16,torch.bfloat16,218,1,16,32,128,128,8,1,8,82.93999999999869
gfx950,decode,torch.bfloat16,torch.bfloat16,219,1,16,32,128,128,8,1,8,83.5
gfx950,decode,torch.bfloat16,torch.bfloat16,220,1,16,32,128,128,8,1,8,83.8799999999992
gfx950,decode,torch.bfloat16,torch.bfloat16,221,1,16,32,128,128,8,1,8,83.9399999999996
gfx950,decode,torch.bfloat16,torch.bfloat16,222,1,16,32,128,128,8,2,16,84.78000000000065
gfx950,decode,torch.bfloat16,torch.bfloat16,223,1,16,32,128,128,8,1,8,84.02000000000044
gfx950,decode,torch.bfloat16,torch.bfloat16,224,1,16,32,128,128,8,1,8,84.5
gfx950,decode,torch.bfloat16,torch.bfloat16,225,1,16,32,128,128,4,4,16,83.11999999999989
gfx950,decode,torch.bfloat16,torch.bfloat16,226,1,16,32,128,128,8,1,8,85.81999999999971
gfx950,decode,torch.bfloat16,torch.bfloat16,227,1,16,32,128,128,8,1,8,86.38000000000284
gfx950,decode,torch.bfloat16,torch.bfloat16,228,1,16,32,128,128,8,1,8,86.46000000000004
gfx950,decode,torch.bfloat16,torch.bfloat16,229,1,16,32,128,128,8,1,8,87.15999999999985
gfx950,decode,torch.bfloat16,torch.bfloat16,230,1,16,32,128,128,4,4,16,87.32000000000153
gfx950,decode,torch.bfloat16,torch.bfloat16,231,1,16,32,128,128,8,1,8,88.05999999999949
gfx950,decode,torch.bfloat16,torch.bfloat16,232,1,16,32,128,128,8,1,8,87.72000000000116
gfx950,decode,torch.bfloat16,torch.bfloat16,233,1,16,32,128,128,8,2,16,88.22050000000127
gfx950,decode,torch.bfloat16,torch.bfloat16,234,1,16,32,128,128,8,1,8,88.53999999999905
gfx950,decode,torch.bfloat16,torch.bfloat16,235,1,16,32,128,128,8,1,8,88.7405000000017
gfx950,decode,torch.bfloat16,torch.bfloat16,236,1,16,32,128,128,8,1,8,89.03999999999905
gfx950,decode,torch.bfloat16,torch.bfloat16,237,1,16,32,128,128,8,1,8,88.92000000000189
gfx950,decode,torch.bfloat16,torch.bfloat16,238,1,16,32,128,128,8,1,8,89.54050000000007
gfx950,decode,torch.bfloat16,torch.bfloat16,239,1,16,32,128,128,8,2,16,90.07999999999993
gfx950,decode,torch.bfloat16,torch.bfloat16,240,1,16,32,128,128,8,2,16,89.92000000000007
gfx950,decode,torch.bfloat16,torch.bfloat16,241,1,16,32,128,128,8,2,16,90.82000000000153
gfx950,decode,torch.bfloat16,torch.bfloat16,242,1,16,32,128,128,8,1,8,90.22050000000127
gfx950,decode,torch.bfloat16,torch.bfloat16,243,1,16,32,128,128,4,4,16,90.81999999999971
gfx950,decode,torch.bfloat16,torch.bfloat16,244,1,16,32,128,128,8,2,16,91.39999999999964
gfx950,decode,torch.bfloat16,torch.bfloat16,245,1,16,32,128,128,8,1,8,92.31999999999971
gfx950,decode,torch.bfloat16,torch.bfloat16,246,1,16,32,128,128,8,1,8,92.54000000000087
gfx950,decode,torch.bfloat16,torch.bfloat16,247,1,16,32,128,128,8,2,16,91.70050000000083
gfx950,decode,torch.bfloat16,torch.bfloat16,248,1,16,32,128,128,4,4,16,91.77999999999884
gfx950,decode,torch.bfloat16,torch.bfloat16,249,1,16,32,128,128,8,2,16,92.48049999999967
gfx950,decode,torch.bfloat16,torch.bfloat16,250,1,16,32,128,128,8,2,16,93.81999999999971
gfx950,decode,torch.bfloat16,torch.bfloat16,251,1,16,32,128,128,8,2,16,93.89999999999964
gfx950,decode,torch.bfloat16,torch.bfloat16,252,1,16,32,128,128,4,4,16,93.85999999999876
gfx950,decode,torch.bfloat16,torch.bfloat16,253,1,16,32,128,128,8,1,8,94.54000000000087
gfx950,decode,torch.bfloat16,torch.bfloat16,254,1,16,32,128,128,8,1,8,95.5005000000001
gfx950,decode,torch.bfloat16,torch.bfloat16,255,1,16,32,128,128,8,1,8,95.54049999999916
gfx950,decode,torch.bfloat16,torch.bfloat16,256,1,16,32,128,128,8,1,8,95.39999999999964
gfx950,decode,torch.bfloat16,torch.bfloat16,129,1,2,8,128,128,4,2,8,17.339499999999987
gfx950,decode,torch.bfloat16,torch.bfloat16,130,1,2,8,128,128,4,2,8,17.298999999999978
gfx950,decode,torch.bfloat16,torch.bfloat16,131,1,2,8,128,128,4,2,8,17.479499999999916
gfx950,decode,torch.bfloat16,torch.bfloat16,132,1,2,8,128,128,4,2,8,17.618999999999915
gfx950,decode,torch.bfloat16,torch.bfloat16,133,1,2,8,128,128,4,2,8,17.59949999999992
gfx950,decode,torch.bfloat16,torch.bfloat16,134,1,2,8,128,128,4,2,8,17.77950000000004
gfx950,decode,torch.bfloat16,torch.bfloat16,135,1,2,8,128,128,4,2,8,17.879000000000076
gfx950,decode,torch.bfloat16,torch.bfloat16,136,1,2,8,128,128,4,2,8,17.939000000000078
gfx950,decode,torch.bfloat16,torch.bfloat16,137,1,2,8,128,128,4,2,8,18.19899999999984
gfx950,decode,torch.bfloat16,torch.bfloat16,138,1,2,8,128,128,4,2,8,18.09949999999992
gfx950,decode,torch.bfloat16,torch.bfloat16,139,1,2,8,128,128,4,2,8,18.118999999999915
gfx950,decode,torch.bfloat16,torch.bfloat16,140,1,2,8,128,128,4,2,8,18.21900000000005
gfx950,decode,torch.bfloat16,torch.bfloat16,141,1,2,8,128,128,4,2,8,18.379500000000064
gfx950,decode,torch.bfloat16,torch.bfloat16,142,1,2,8,128,128,2,4,8,18.499500000000012
gfx950,decode,torch.bfloat16,torch.bfloat16,143,1,2,8,128,128,4,2,8,18.559000000000026
gfx950,decode,torch.bfloat16,torch.bfloat16,144,1,2,8,128,128,4,2,8,18.65949999999998
gfx950,decode,torch.bfloat16,torch.bfloat16,145,1,2,8,128,128,4,2,8,18.898999999999887
gfx950,decode,torch.bfloat16,torch.bfloat16,146,1,2,8,128,128,4,2,8,18.859500000000025
gfx950,decode,torch.bfloat16,torch.bfloat16,147,1,2,8,128,128,2,4,8,18.939000000000135
gfx950,decode,torch.bfloat16,torch.bfloat16,148,1,2,8,128,128,4,2,8,19.099000000000046
gfx950,decode,torch.bfloat16,torch.bfloat16,149,1,2,8,128,128,4,2,8,19.23950000000002
gfx950,decode,torch.bfloat16,torch.bfloat16,150,1,2,8,128,128,4,2,8,19.31899999999996
gfx950,decode,torch.bfloat16,torch.bfloat16,151,1,2,8,128,128,4,2,8,19.19900000000007
gfx950,decode,torch.bfloat16,torch.bfloat16,152,1,2,8,128,128,2,4,8,19.418999999999926
gfx950,decode,torch.bfloat16,torch.bfloat16,153,1,2,8,128,128,2,4,8,19.639499999999998
gfx950,decode,torch.bfloat16,torch.bfloat16,154,1,2,8,128,128,4,2,8,19.57900000000012
gfx950,decode,torch.bfloat16,torch.bfloat16,155,1,2,8,128,128,4,2,8,19.798999999999978
gfx950,decode,torch.bfloat16,torch.bfloat16,156,1,2,8,128,128,4,2,8,19.81899999999996
gfx950,decode,torch.bfloat16,torch.bfloat16,157,1,2,8,128,128,4,1,4,20.079500000000053
gfx950,decode,torch.bfloat16,torch.bfloat16,158,1,2,8,128,128,4,2,8,19.938999999999965
gfx950,decode,torch.bfloat16,torch.bfloat16,159,1,2,8,128,128,4,2,8,20.1400000000001
gfx950,decode,torch.bfloat16,torch.bfloat16,160,1,2,8,128,128,1,4,4,20.299000000000092
gfx950,decode,torch.bfloat16,torch.bfloat16,161,1,2,8,128,128,8,2,16,20.399499999999932
gfx950,decode,torch.bfloat16,torch.bfloat16,162,1,2,8,128,128,8,2,16,20.519000000000005
gfx950,decode,torch.bfloat16,torch.bfloat16,163,1,2,8,128,128,4,4,16,20.639000000000124
gfx950,decode,torch.bfloat16,torch.bfloat16,164,1,2,8,128,128,8,2,16,20.61950000000013
gfx950,decode,torch.bfloat16,torch.bfloat16,165,1,2,8,128,128,8,2,16,20.799000000000092
gfx950,decode,torch.bfloat16,torch.bfloat16,166,1,2,8,128,128,8,2,16,20.759000000000015
gfx950,decode,torch.bfloat16,torch.bfloat16,167,1,2,8,128,128,8,2,16,20.919000000000096
gfx950,decode,torch.bfloat16,torch.bfloat16,168,1,2,8,128,128,4,4,16,21.07949999999994
gfx950,decode,torch.bfloat16,torch.bfloat16,169,1,2,8,128,128,8,2,16,21.158999999999878
gfx950,decode,torch.bfloat16,torch.bfloat16,170,1,2,8,128,128,8,2,16,21.139500000000226
gfx950,decode,torch.bfloat16,torch.bfloat16,171,1,2,8,128,128,8,2,16,21.239000000000033
gfx950,decode,torch.bfloat16,torch.bfloat16,172,1,2,8,128,128,8,2,16,21.339500000000214
gfx950,decode,torch.bfloat16,torch.bfloat16,173,1,2,8,128,128,8,2,16,21.338999999999942
gfx950,decode,torch.bfloat16,torch.bfloat16,174,1,2,8,128,128,8,2,16,21.419500000000028
gfx950,decode,torch.bfloat16,torch.bfloat16,175,1,2,8,128,128,8,2,16,21.480000000000018
gfx950,decode,torch.bfloat16,torch.bfloat16,176,1,2,8,128,128,8,2,16,21.558999999999855
gfx950,decode,torch.bfloat16,torch.bfloat16,177,1,2,8,128,128,8,2,16,21.619499999999903
gfx950,decode,torch.bfloat16,torch.bfloat16,178,1,2,8,128,128,8,2,16,21.639000000000124
gfx950,decode,torch.bfloat16,torch.bfloat16,179,1,2,8,128,128,8,2,16,21.75999999999999
gfx950,decode,torch.bfloat16,torch.bfloat16,180,1,2,8,128,128,8,2,16,21.859499999999912
gfx950,decode,torch.bfloat16,torch.bfloat16,181,1,2,8,128,128,8,2,16,21.97950000000003
gfx950,decode,torch.bfloat16,torch.bfloat16,182,1,2,8,128,128,8,2,16,22.059000000000083
gfx950,decode,torch.bfloat16,torch.bfloat16,183,1,2,8,128,128,8,2,16,22.059500000000128
gfx950,decode,torch.bfloat16,torch.bfloat16,184,1,2,8,128,128,8,2,16,22.25999999999999
gfx950,decode,torch.bfloat16,torch.bfloat16,185,1,2,8,128,128,4,4,16,22.319500000000005
gfx950,decode,torch.bfloat16,torch.bfloat16,186,1,2,8,128,128,4,4,16,22.398999999999944
gfx950,decode,torch.bfloat16,torch.bfloat16,187,1,2,8,128,128,8,2,16,22.459499999999935
gfx950,decode,torch.bfloat16,torch.bfloat16,188,1,2,8,128,128,8,2,16,22.499000000000137
gfx950,decode,torch.bfloat16,torch.bfloat16,189,1,2,8,128,128,8,2,16,22.59949999999992
gfx950,decode,torch.bfloat16,torch.bfloat16,190,1,2,8,128,128,8,2,16,22.71900000000005
gfx950,decode,torch.bfloat16,torch.bfloat16,191,1,2,8,128,128,8,2,16,22.75949999999989
gfx950,decode,torch.bfloat16,torch.bfloat16,192,1,2,8,128,128,8,2,16,22.759000000000015
gfx950,decode,torch.bfloat16,torch.bfloat16,193,1,2,8,128,128,4,4,16,22.999000000000024
gfx950,decode,torch.bfloat16,torch.bfloat16,194,1,2,8,128,128,8,2,16,23.059500000000014
gfx950,decode,torch.bfloat16,torch.bfloat16,195,1,2,8,128,128,8,2,16,23.200000000000045
gfx950,decode,torch.bfloat16,torch.bfloat16,196,1,2,8,128,128,4,4,16,23.278999999999996
gfx950,decode,torch.bfloat16,torch.bfloat16,197,1,2,8,128,128,8,2,16,23.378999999999962
gfx950,decode,torch.bfloat16,torch.bfloat16,198,1,2,8,128,128,8,2,16,23.519499999999994
gfx950,decode,torch.bfloat16,torch.bfloat16,199,1,2,8,128,128,4,4,16,23.579500000000053
gfx950,decode,torch.bfloat16,torch.bfloat16,200,1,2,8,128,128,4,4,16,23.679500000000075
gfx950,decode,torch.bfloat16,torch.bfloat16,201,1,2,8,128,128,4,2,8,23.71950000000004
gfx950,decode,torch.bfloat16,torch.bfloat16,202,1,2,8,128,128,4,4,16,23.87900000000002
gfx950,decode,torch.bfloat16,torch.bfloat16,203,1,2,8,128,128,4,4,16,23.919000000000096
gfx950,decode,torch.bfloat16,torch.bfloat16,204,1,2,8,128,128,8,2,16,23.919500000000085
gfx950,decode,torch.bfloat16,torch.bfloat16,205,1,2,8,128,128,8,2,16,24.05899999999997
gfx950,decode,torch.bfloat16,torch.bfloat16,206,1,2,8,128,128,8,1,8,24.159000000000106
gfx950,decode,torch.bfloat16,torch.bfloat16,207,1,2,8,128,128,4,2,8,24.2589999999999
gfx950,decode,torch.bfloat16,torch.bfloat16,208,1,2,8,128,128,4,2,8,24.31899999999996
gfx950,decode,torch.bfloat16,torch.bfloat16,209,1,2,8,128,128,4,2,8,24.439500000000066
gfx950,decode,torch.bfloat16,torch.bfloat16,210,1,2,8,128,128,8,2,16,24.479000000000042
gfx950,decode,torch.bfloat16,torch.bfloat16,211,1,2,8,128,128,4,4,16,24.59899999999982
gfx950,decode,torch.bfloat16,torch.bfloat16,212,1,2,8,128,128,8,2,16,24.63900000000001
gfx950,decode,torch.bfloat16,torch.bfloat16,213,1,2,8,128,128,8,2,16,24.839
gfx950,decode,torch.bfloat16,torch.bfloat16,214,1,2,8,128,128,4,4,16,24.899000000000058
gfx950,decode,torch.bfloat16,torch.bfloat16,215,1,2,8,128,128,8,2,16,24.899
gfx950,decode,torch.bfloat16,torch.bfloat16,216,1,2,8,128,128,8,2,16,25.038999999999987
gfx950,decode,torch.bfloat16,torch.bfloat16,217,1,2,8,128,128,8,2,16,25.07900000000012
gfx950,decode,torch.bfloat16,torch.bfloat16,218,1,2,8,128,128,8,2,16,25.200000000000045
gfx950,decode,torch.bfloat16,torch.bfloat16,219,1,2,8,128,128,8,2,16,25.319499999999834
gfx950,decode,torch.bfloat16,torch.bfloat16,220,1,2,8,128,128,8,2,16,25.358999999999924
gfx950,decode,torch.bfloat16,torch.bfloat16,221,1,2,8,128,128,8,2,16,25.399
gfx950,decode,torch.bfloat16,torch.bfloat16,222,1,2,8,128,128,8,2,16,25.55899999999997
gfx950,decode,torch.bfloat16,torch.bfloat16,223,1,2,8,128,128,8,2,16,25.459500000000048
gfx950,decode,torch.bfloat16,torch.bfloat16,224,1,2,8,128,128,8,2,16,25.638999999999953
gfx950,decode,torch.bfloat16,torch.bfloat16,225,1,2,8,128,128,8,2,16,25.71900000000005
gfx950,decode,torch.bfloat16,torch.bfloat16,226,1,2,8,128,128,8,2,16,25.858999999999924
gfx950,decode,torch.bfloat16,torch.bfloat16,227,1,2,8,128,128,8,2,16,25.958999999999946
gfx950,decode,torch.bfloat16,torch.bfloat16,228,1,2,8,128,128,8,2,16,26.039499999999975
gfx950,decode,torch.bfloat16,torch.bfloat16,229,1,2,8,128,128,8,2,16,26.159499999999866
gfx950,decode,torch.bfloat16,torch.bfloat16,230,1,2,8,128,128,8,2,16,26.179499999999962
gfx950,decode,torch.bfloat16,torch.bfloat16,231,1,2,8,128,128,4,4,16,26.338999999999942
gfx950,decode,torch.bfloat16,torch.bfloat16,232,1,2,8,128,128,8,2,16,26.399499999999932
gfx950,decode,torch.bfloat16,torch.bfloat16,233,1,2,8,128,128,8,2,16,26.519000000000005
gfx950,decode,torch.bfloat16,torch.bfloat16,234,1,2,8,128,128,8,2,16,26.559000000000026
gfx950,decode,torch.bfloat16,torch.bfloat16,235,1,2,8,128,128,8,2,16,26.579000000000065
gfx950,decode,torch.bfloat16,torch.bfloat16,236,1,2,8,128,128,8,2,16,26.859500000000082
gfx950,decode,torch.bfloat16,torch.bfloat16,237,1,2,8,128,128,8,2,16,26.839500000000044
gfx950,decode,torch.bfloat16,torch.bfloat16,238,1,2,8,128,128,8,2,16,26.878999999999905
gfx950,decode,torch.bfloat16,torch.bfloat16,239,1,2,8,128,128,8,2,16,26.87900000000002
gfx950,decode,torch.bfloat16,torch.bfloat16,240,1,2,8,128,128,8,2,16,26.999500000000012
gfx950,decode,torch.bfloat16,torch.bfloat16,241,1,2,8,128,128,8,2,16,27.099000000000103
gfx950,decode,torch.bfloat16,torch.bfloat16,242,1,2,8,128,128,8,2,16,27.21950000000004
gfx950,decode,torch.bfloat16,torch.bfloat16,243,1,2,8,128,128,8,2,16,27.359999999999957
gfx950,decode,torch.bfloat16,torch.bfloat16,244,1,2,8,128,128,8,2,16,27.339500000000044
gfx950,decode,torch.bfloat16,torch.bfloat16,245,1,2,8,128,128,8,2,16,27.59900000000016
gfx950,decode,torch.bfloat16,torch.bfloat16,246,1,2,8,128,128,4,4,16,27.63949999999994
gfx950,decode,torch.bfloat16,torch.bfloat16,247,1,2,8,128,128,4,4,16,27.69900000000007
gfx950,decode,torch.bfloat16,torch.bfloat16,248,1,2,8,128,128,8,2,16,27.898999999999887
gfx950,decode,torch.bfloat16,torch.bfloat16,249,1,2,8,128,128,8,2,16,27.918999999999983
gfx950,decode,torch.bfloat16,torch.bfloat16,250,1,2,8,128,128,8,2,16,27.978999999999928
gfx950,decode,torch.bfloat16,torch.bfloat16,251,1,2,8,128,128,8,2,16,28.07900000000012
gfx950,decode,torch.bfloat16,torch.bfloat16,252,1,2,8,128,128,8,2,16,28.139499999999998
gfx950,decode,torch.bfloat16,torch.bfloat16,253,1,2,8,128,128,8,2,16,28.218999999999937
gfx950,decode,torch.bfloat16,torch.bfloat16,254,1,2,8,128,128,8,2,16,28.278999999999996
gfx950,decode,torch.bfloat16,torch.bfloat16,255,1,2,8,128,128,8,2,16,28.278999999999996
gfx950,decode,torch.bfloat16,torch.bfloat16,256,1,2,8,128,128,4,4,16,28.399500000000103
gfx950,decode,torch.bfloat16,torch.bfloat16,129,1,4,16,128,128,8,2,16,28.95999999999981
gfx950,decode,torch.bfloat16,torch.bfloat16,130,1,4,16,128,128,8,2,16,29.0
gfx950,decode,torch.bfloat16,torch.bfloat16,131,1,4,16,128,128,8,2,16,29.218999999999824
gfx950,decode,torch.bfloat16,torch.bfloat16,132,1,4,16,128,128,4,4,16,29.299500000000535
gfx950,decode,torch.bfloat16,torch.bfloat16,133,1,4,16,128,128,4,4,16,29.499500000000126
gfx950,decode,torch.bfloat16,torch.bfloat16,134,1,4,16,128,128,4,4,16,29.720000000000027
gfx950,decode,torch.bfloat16,torch.bfloat16,135,1,4,16,128,128,4,4,16,29.819500000000062
gfx950,decode,torch.bfloat16,torch.bfloat16,136,1,4,16,128,128,4,4,16,29.939000000000306
gfx950,decode,torch.bfloat16,torch.bfloat16,137,1,4,16,128,128,8,2,16,30.099499999999807
gfx950,decode,torch.bfloat16,torch.bfloat16,138,1,4,16,128,128,8,2,16,30.27949999999987
gfx950,decode,torch.bfloat16,torch.bfloat16,139,1,4,16,128,128,8,2,16,30.499500000000126
gfx950,decode,torch.bfloat16,torch.bfloat16,140,1,4,16,128,128,4,4,16,30.53950000000009
gfx950,decode,torch.bfloat16,torch.bfloat16,141,1,4,16,128,128,4,4,16,30.759000000000015
gfx950,decode,torch.bfloat16,torch.bfloat16,142,1,4,16,128,128,8,2,16,30.91949999999997
gfx950,decode,torch.bfloat16,torch.bfloat16,143,1,4,16,128,128,8,2,16,30.959000000000515
gfx950,decode,torch.bfloat16,torch.bfloat16,144,1,4,16,128,128,8,2,16,31.13899999999967
gfx950,decode,torch.bfloat16,torch.bfloat16,145,1,4,16,128,128,8,2,16,31.31899999999996
gfx950,decode,torch.bfloat16,torch.bfloat16,146,1,4,16,128,128,8,2,16,31.479500000000144
gfx950,decode,torch.bfloat16,torch.bfloat16,147,1,4,16,128,128,8,2,16,31.57900000000018
gfx950,decode,torch.bfloat16,torch.bfloat16,148,1,4,16,128,128,4,4,16,31.859500000000025
gfx950,decode,torch.bfloat16,torch.bfloat16,149,1,4,16,128,128,8,2,16,32.079499999999825
gfx950,decode,torch.bfloat16,torch.bfloat16,150,1,4,16,128,128,4,4,16,32.29949999999985
gfx950,decode,torch.bfloat16,torch.bfloat16,151,1,4,16,128,128,4,4,16,32.399999999999864
gfx950,decode,torch.bfloat16,torch.bfloat16,152,1,4,16,128,128,8,2,16,32.559999999999945
gfx950,decode,torch.bfloat16,torch.bfloat16,153,1,4,16,128,128,8,2,16,32.759000000000015
gfx950,decode,torch.bfloat16,torch.bfloat16,154,1,4,16,128,128,4,4,16,32.93950000000018
gfx950,decode,torch.bfloat16,torch.bfloat16,155,1,4,16,128,128,4,4,16,33.14000000000033
gfx950,decode,torch.bfloat16,torch.bfloat16,156,1,4,16,128,128,4,4,16,33.24000000000024
gfx950,decode,torch.bfloat16,torch.bfloat16,157,1,4,16,128,128,4,4,16,33.33899999999994
gfx950,decode,torch.bfloat16,torch.bfloat16,158,1,4,16,128,128,8,2,16,33.539000000000215
gfx950,decode,torch.bfloat16,torch.bfloat16,159,1,4,16,128,128,8,2,16,33.7199999999998
gfx950,decode,torch.bfloat16,torch.bfloat16,160,1,4,16,128,128,8,2,16,33.819999999999936
gfx950,decode,torch.bfloat16,torch.bfloat16,161,1,4,16,128,128,4,4,16,34.059499999999844
gfx950,decode,torch.bfloat16,torch.bfloat16,162,1,4,16,128,128,8,2,16,34.21950000000015
gfx950,decode,torch.bfloat16,torch.bfloat16,163,1,4,16,128,128,4,4,16,34.53950000000009
gfx950,decode,torch.bfloat16,torch.bfloat16,164,1,4,16,128,128,4,4,16,34.66000000000008
gfx950,decode,torch.bfloat16,torch.bfloat16,165,1,4,16,128,128,4,4,16,34.79899999999998
gfx950,decode,torch.bfloat16,torch.bfloat16,166,1,4,16,128,128,4,4,16,34.8594999999998
gfx950,decode,torch.bfloat16,torch.bfloat16,167,1,4,16,128,128,4,4,16,34.92000000000007
gfx950,decode,torch.bfloat16,torch.bfloat16,168,1,4,16,128,128,4,4,16,35.238999999999805
gfx950,decode,torch.bfloat16,torch.bfloat16,169,1,4,16,128,128,4,4,16,35.40000000000009
gfx950,decode,torch.bfloat16,torch.bfloat16,170,1,4,16,128,128,8,2,16,35.59899999999993
gfx950,decode,torch.bfloat16,torch.bfloat16,171,1,4,16,128,128,8,2,16,35.83999999999969
gfx950,decode,torch.bfloat16,torch.bfloat16,172,1,4,16,128,128,4,4,16,35.9994999999999
gfx950,decode,torch.bfloat16,torch.bfloat16,173,1,4,16,128,128,8,2,16,36.1395
gfx950,decode,torch.bfloat16,torch.bfloat16,174,1,4,16,128,128,4,4,16,36.259000000000015
gfx950,decode,torch.bfloat16,torch.bfloat16,175,1,4,16,128,128,8,2,16,36.47899999999993
gfx950,decode,torch.bfloat16,torch.bfloat16,176,1,4,16,128,128,8,2,16,36.59900000000016
gfx950,decode,torch.bfloat16,torch.bfloat16,177,1,4,16,128,128,4,4,16,36.85900000000015
gfx950,decode,torch.bfloat16,torch.bfloat16,178,1,4,16,128,128,8,2,16,36.979500000000144
gfx950,decode,torch.bfloat16,torch.bfloat16,179,1,4,16,128,128,4,4,16,37.179999999999836
gfx950,decode,torch.bfloat16,torch.bfloat16,180,1,4,16,128,128,4,4,16,37.41949999999974
gfx950,decode,torch.bfloat16,torch.bfloat16,181,1,4,16,128,128,4,4,16,37.45950000000039
gfx950,decode,torch.bfloat16,torch.bfloat16,182,1,4,16,128,128,8,2,16,37.75999999999999
gfx950,decode,torch.bfloat16,torch.bfloat16,183,1,4,16,128,128,4,4,16,37.81949999999961
gfx950,decode,torch.bfloat16,torch.bfloat16,184,1,4,16,128,128,8,2,16,37.93949999999995
gfx950,decode,torch.bfloat16,torch.bfloat16,185,1,4,16,128,128,8,2,16,37.999500000000126
gfx950,decode,torch.bfloat16,torch.bfloat16,186,1,4,16,128,128,8,2,16,38.240000000000464
gfx950,decode,torch.bfloat16,torch.bfloat16,187,1,4,16,128,128,4,4,16,38.55950000000007
gfx950,decode,torch.bfloat16,torch.bfloat16,188,1,4,16,128,128,4,4,16,38.69899999999984
gfx950,decode,torch.bfloat16,torch.bfloat16,189,1,4,16,128,128,8,2,16,38.88000000000011
gfx950,decode,torch.bfloat16,torch.bfloat16,190,1,4,16,128,128,8,2,16,39.03950000000009
gfx950,decode,torch.bfloat16,torch.bfloat16,191,1,4,16,128,128,4,4,16,39.019000000000005
gfx950,decode,torch.bfloat16,torch.bfloat16,192,1,4,16,128,128,4,4,16,39.17950000000019
gfx950,decode,torch.bfloat16,torch.bfloat16,193,1,4,16,128,128,8,2,16,39.39899999999989
gfx950,decode,torch.bfloat16,torch.bfloat16,194,1,4,16,128,128,4,4,16,39.678999999999405
gfx950,decode,torch.bfloat16,torch.bfloat16,195,1,4,16,128,128,8,2,16,39.91949999999997
gfx950,decode,torch.bfloat16,torch.bfloat16,196,1,4,16,128,128,4,4,16,39.93950000000041
gfx950,decode,torch.bfloat16,torch.bfloat16,197,1,4,16,128,128,4,4,16,40.05950000000007
gfx950,decode,torch.bfloat16,torch.bfloat16,198,1,4,16,128,128,4,4,16,40.2800000000002
gfx950,decode,torch.bfloat16,torch.bfloat16,199,1,4,16,128,128,8,2,16,40.519000000000005
gfx950,decode,torch.bfloat16,torch.bfloat16,200,1,4,16,128,128,4,4,16,40.5595000000003
gfx950,decode,torch.bfloat16,torch.bfloat16,201,1,4,16,128,128,8,2,16,40.83899999999994
gfx950,decode,torch.bfloat16,torch.bfloat16,202,1,4,16,128,128,8,2,16,41.0
gfx950,decode,torch.bfloat16,torch.bfloat16,203,1,4,16,128,128,8,2,16,41.21900000000005
gfx950,decode,torch.bfloat16,torch.bfloat16,204,1,4,16,128,128,4,4,16,41.47899999999936
gfx950,decode,torch.bfloat16,torch.bfloat16,205,1,4,16,128,128,4,4,16,41.53949999999986
gfx950,decode,torch.bfloat16,torch.bfloat16,206,1,4,16,128,128,4,4,16,41.600000000000136
gfx950,decode,torch.bfloat16,torch.bfloat16,207,1,4,16,128,128,8,2,16,41.69950000000017
gfx950,decode,torch.bfloat16,torch.bfloat16,208,1,4,16,128,128,4,4,16,41.93949999999995
gfx950,decode,torch.bfloat16,torch.bfloat16,209,1,4,16,128,128,4,4,16,42.06000000000017
gfx950,decode,torch.bfloat16,torch.bfloat16,210,1,4,16,128,128,4,4,16,42.2800000000002
gfx950,decode,torch.bfloat16,torch.bfloat16,211,1,4,16,128,128,8,2,16,42.539000000000215
gfx950,decode,torch.bfloat16,torch.bfloat16,212,1,4,16,128,128,4,4,16,42.55899999999974
gfx950,decode,torch.bfloat16,torch.bfloat16,213,1,4,16,128,128,8,2,16,42.83900000000017
gfx950,decode,torch.bfloat16,torch.bfloat16,214,1,4,16,128,128,4,4,16,43.01999999999998
gfx950,decode,torch.bfloat16,torch.bfloat16,215,1,4,16,128,128,4,4,16,43.059999999999945
gfx950,decode,torch.bfloat16,torch.bfloat16,216,1,4,16,128,128,4,4,16,43.039000000000215
gfx950,decode,torch.bfloat16,torch.bfloat16,217,1,4,16,128,128,4,4,16,43.419499999999516
gfx950,decode,torch.bfloat16,torch.bfloat16,218,1,4,16,128,128,8,2,16,43.59900000000016
gfx950,decode,torch.bfloat16,torch.bfloat16,219,1,4,16,128,128,4,4,16,43.7795000000001
gfx950,decode,torch.bfloat16,torch.bfloat16,220,1,4,16,128,128,4,4,16,43.88000000000011
gfx950,decode,torch.bfloat16,torch.bfloat16,221,1,4,16,128,128,4,4,16,44.019000000000005
gfx950,decode,torch.bfloat16,torch.bfloat16,222,1,4,16,128,128,4,4,16,44.200000000000045
gfx950,decode,torch.bfloat16,torch.bfloat16,223,1,4,16,128,128,4,4,16,44.35900000000015
gfx950,decode,torch.bfloat16,torch.bfloat16,224,1,4,16,128,128,4,4,16,44.43999999999983
gfx950,decode,torch.bfloat16,torch.bfloat16,225,1,4,16,128,128,8,2,16,44.77999999999997
gfx950,decode,torch.bfloat16,torch.bfloat16,226,1,4,16,128,128,4,4,16,44.87950000000001
gfx950,decode,torch.bfloat16,torch.bfloat16,227,1,4,16,128,128,8,2,16,45.039000000000215
gfx950,decode,torch.bfloat16,torch.bfloat16,228,1,4,16,128,128,4,4,16,45.278999999999996
gfx950,decode,torch.bfloat16,torch.bfloat16,229,1,4,16,128,128,4,4,16,45.51949999999988
gfx950,decode,torch.bfloat16,torch.bfloat16,230,1,4,16,128,128,4,4,16,45.63949999999977
gfx950,decode,torch.bfloat16,torch.bfloat16,231,1,4,16,128,128,4,4,16,45.839500000000044
gfx950,decode,torch.bfloat16,torch.bfloat16,232,1,4,16,128,128,4,4,16,45.778999999999996
gfx950,decode,torch.bfloat16,torch.bfloat16,233,1,4,16,128,128,8,2,16,46.15949999999998
gfx950,decode,torch.bfloat16,torch.bfloat16,234,1,4,16,128,128,4,4,16,46.55899999999997
gfx950,decode,torch.bfloat16,torch.bfloat16,235,1,4,16,128,128,8,2,16,46.49900000000025
gfx950,decode,torch.bfloat16,torch.bfloat16,236,1,4,16,128,128,4,4,16,46.79950000000008
gfx950,decode,torch.bfloat16,torch.bfloat16,237,1,4,16,128,128,4,4,16,46.699499999999944
gfx950,decode,torch.bfloat16,torch.bfloat16,238,1,4,16,128,128,4,4,16,46.89949999999999
gfx950,decode,torch.bfloat16,torch.bfloat16,239,1,4,16,128,128,4,4,16,47.03899999999999
gfx950,decode,torch.bfloat16,torch.bfloat16,240,1,4,16,128,128,4,4,16,47.2199999999998
gfx950,decode,torch.bfloat16,torch.bfloat16,241,1,4,16,128,128,8,2,16,47.41899999999987
gfx950,decode,torch.bfloat16,torch.bfloat16,242,1,4,16,128,128,8,2,16,47.6395
gfx950,decode,torch.bfloat16,torch.bfloat16,243,1,4,16,128,128,4,4,16,47.91949999999997
gfx950,decode,torch.bfloat16,torch.bfloat16,244,1,4,16,128,128,4,4,16,47.73999999999978
gfx950,decode,torch.bfloat16,torch.bfloat16,245,1,4,16,128,128,8,2,16,48.17950000000019
gfx950,decode,torch.bfloat16,torch.bfloat16,246,1,4,16,128,128,4,4,16,48.26000000000067
gfx950,decode,torch.bfloat16,torch.bfloat16,247,1,4,16,128,128,4,4,16,48.47999999999956
gfx950,decode,torch.bfloat16,torch.bfloat16,248,1,4,16,128,128,8,2,16,48.67949999999996
gfx950,decode,torch.bfloat16,torch.bfloat16,249,1,4,16,128,128,4,4,16,48.879500000000235
gfx950,decode,torch.bfloat16,torch.bfloat16,250,1,4,16,128,128,8,2,16,49.07950000000005
gfx950,decode,torch.bfloat16,torch.bfloat16,251,1,4,16,128,128,4,4,16,49.139000000000124
gfx950,decode,torch.bfloat16,torch.bfloat16,252,1,4,16,128,128,4,4,16,49.359500000000025
gfx950,decode,torch.bfloat16,torch.bfloat16,253,1,4,16,128,128,8,2,16,49.59999999999991
gfx950,decode,torch.bfloat16,torch.bfloat16,254,1,4,16,128,128,4,4,16,49.69950000000017
gfx950,decode,torch.bfloat16,torch.bfloat16,255,1,4,16,128,128,8,2,16,49.719499999999925
gfx950,decode,torch.bfloat16,torch.bfloat16,256,1,4,16,128,128,4,4,16,49.80000000000018
gfx950,decode,torch.bfloat16,torch.bfloat16,129,1,8,32,128,128,8,2,16,50.93949999999995
gfx950,decode,torch.bfloat16,torch.bfloat16,130,1,8,32,128,128,8,2,16,51.159999999999854
gfx950,decode,torch.bfloat16,torch.bfloat16,131,1,8,32,128,128,8,2,16,51.48000000000002
gfx950,decode,torch.bfloat16,torch.bfloat16,132,1,8,32,128,128,4,4,16,51.73900000000003
gfx950,decode,torch.bfloat16,torch.bfloat16,133,1,8,32,128,128,4,4,16,51.89899999999989
gfx950,decode,torch.bfloat16,torch.bfloat16,134,1,8,32,128,128,8,2,16,52.139500000000226
gfx950,decode,torch.bfloat16,torch.bfloat16,135,1,8,32,128,128,8,2,16,52.37950000000001
gfx950,decode,torch.bfloat16,torch.bfloat16,136,1,8,32,128,128,8,2,16,52.59949999999981
gfx950,decode,torch.bfloat16,torch.bfloat16,137,1,8,32,128,128,8,2,16,52.91899999999987
gfx950,decode,torch.bfloat16,torch.bfloat16,138,1,8,32,128,128,4,4,16,53.61900000000014
gfx950,decode,torch.bfloat16,torch.bfloat16,139,1,8,32,128,128,4,4,16,53.67950000000019
gfx950,decode,torch.bfloat16,torch.bfloat16,140,1,8,32,128,128,4,4,16,53.73900000000049
gfx950,decode,torch.bfloat16,torch.bfloat16,141,1,8,32,128,128,4,4,16,54.37950000000046
gfx950,decode,torch.bfloat16,torch.bfloat16,142,1,8,32,128,128,8,2,16,54.19999999999982
gfx950,decode,torch.bfloat16,torch.bfloat16,143,1,8,32,128,128,8,2,16,54.95999999999958
gfx950,decode,torch.bfloat16,torch.bfloat16,144,1,8,32,128,128,8,2,16,55.379999999999654
gfx950,decode,torch.bfloat16,torch.bfloat16,145,1,8,32,128,128,8,2,16,55.98000000000047
gfx950,decode,torch.bfloat16,torch.bfloat16,146,1,8,32,128,128,4,4,16,56.27950000000055
gfx950,decode,torch.bfloat16,torch.bfloat16,147,1,8,32,128,128,4,4,16,56.23999999999978
gfx950,decode,torch.bfloat16,torch.bfloat16,148,1,8,32,128,128,8,2,16,56.55899999999929
gfx950,decode,torch.bfloat16,torch.bfloat16,149,1,8,32,128,128,4,4,16,57.119999999999436
gfx950,decode,torch.bfloat16,torch.bfloat16,150,1,8,32,128,128,4,4,16,57.27950000000055
gfx950,decode,torch.bfloat16,torch.bfloat16,151,1,8,32,128,128,4,4,16,57.42000000000007
gfx950,decode,torch.bfloat16,torch.bfloat16,152,1,8,32,128,128,4,4,16,58.08000000000038
gfx950,decode,torch.bfloat16,torch.bfloat16,153,1,8,32,128,128,4,4,16,58.31950000000052
gfx950,decode,torch.bfloat16,torch.bfloat16,154,1,8,32,128,128,8,2,16,58.79899999999998
gfx950,decode,torch.bfloat16,torch.bfloat16,155,1,8,32,128,128,8,2,16,59.11949999999979
gfx950,decode,torch.bfloat16,torch.bfloat16,156,1,8,32,128,128,8,2,16,59.41949999999997
gfx950,decode,torch.bfloat16,torch.bfloat16,157,1,8,32,128,128,8,2,16,59.79999999999927
gfx950,decode,torch.bfloat16,torch.bfloat16,158,1,8,32,128,128,8,2,16,60.07999999999993
gfx950,decode,torch.bfloat16,torch.bfloat16,159,1,8,32,128,128,4,4,16,60.5595000000003
gfx950,decode,torch.bfloat16,torch.bfloat16,160,1,8,32,128,128,4,4,16,60.659999999999854
gfx950,decode,torch.bfloat16,torch.bfloat16,161,1,8,32,128,128,4,4,16,62.03949999999895
gfx950,decode,torch.bfloat16,torch.bfloat16,162,1,8,32,128,128,8,1,8,62.77950000000055
gfx950,decode,torch.bfloat16,torch.bfloat16,163,1,8,32,128,128,8,1,8,63.19999999999891
gfx950,decode,torch.bfloat16,torch.bfloat16,164,1,8,32,128,128,8,2,16,62.01999999999953
gfx950,decode,torch.bfloat16,torch.bfloat16,165,1,8,32,128,128,8,2,16,63.61999999999898
gfx950,decode,torch.bfloat16,torch.bfloat16,166,1,8,32,128,128,8,2,16,64.20000000000073
gfx950,decode,torch.bfloat16,torch.bfloat16,167,1,8,32,128,128,4,4,16,64.53999999999996
gfx950,decode,torch.bfloat16,torch.bfloat16,168,1,8,32,128,128,4,4,16,64.52000000000226
gfx950,decode,torch.bfloat16,torch.bfloat16,169,1,8,32,128,128,4,4,16,65.44000000000051
gfx950,decode,torch.bfloat16,torch.bfloat16,170,1,8,32,128,128,8,1,8,65.50000000000182
gfx950,decode,torch.bfloat16,torch.bfloat16,171,1,8,32,128,128,8,2,16,65.27949999999964
gfx950,decode,torch.bfloat16,torch.bfloat16,172,1,8,32,128,128,8,1,8,66.15999999999985
gfx950,decode,torch.bfloat16,torch.bfloat16,173,1,8,32,128,128,8,1,8,67.13950000000114
gfx950,decode,torch.bfloat16,torch.bfloat16,174,1,8,32,128,128,8,1,8,67.0
gfx950,decode,torch.bfloat16,torch.bfloat16,175,1,8,32,128,128,8,1,8,68.22000000000116
gfx950,decode,torch.bfloat16,torch.bfloat16,176,1,8,32,128,128,4,4,16,65.97999999999956
gfx950,decode,torch.bfloat16,torch.bfloat16,177,1,8,32,128,128,8,1,8,67.63999999999942
gfx950,decode,torch.bfloat16,torch.bfloat16,178,1,8,32,128,128,4,4,16,68.10000000000036
gfx950,decode,torch.bfloat16,torch.bfloat16,179,1,8,32,128,128,8,2,16,68.91949999999997
gfx950,decode,torch.bfloat16,torch.bfloat16,180,1,8,32,128,128,8,1,8,68.86000000000058
gfx950,decode,torch.bfloat16,torch.bfloat16,181,1,8,32,128,128,2,4,8,69.90000000000146
gfx950,decode,torch.bfloat16,torch.bfloat16,182,1,8,32,128,128,8,1,8,69.89999999999964
gfx950,decode,torch.bfloat16,torch.bfloat16,183,1,8,32,128,128,8,1,8,69.86000000000058
gfx950,decode,torch.bfloat16,torch.bfloat16,184,1,8,32,128,128,8,1,8,70.14000000000124
gfx950,decode,torch.bfloat16,torch.bfloat16,185,1,8,32,128,128,8,1,8,71.05999999999949
gfx950,decode,torch.bfloat16,torch.bfloat16,186,1,8,32,128,128,8,2,16,69.84000000000015
gfx950,decode,torch.bfloat16,torch.bfloat16,187,1,8,32,128,128,8,1,8,71.81999999999971
gfx950,decode,torch.bfloat16,torch.bfloat16,188,1,8,32,128,128,4,4,16,71.63999999999942
gfx950,decode,torch.bfloat16,torch.bfloat16,189,1,8,32,128,128,8,1,8,72.27999999999884
gfx950,decode,torch.bfloat16,torch.bfloat16,190,1,8,32,128,128,8,1,8,72.60000000000036
gfx950,decode,torch.bfloat16,torch.bfloat16,191,1,8,32,128,128,4,4,16,72.39999999999964
gfx950,decode,torch.bfloat16,torch.bfloat16,192,1,8,32,128,128,8,2,16,72.5600000000004
gfx950,decode,torch.bfloat16,torch.bfloat16,193,1,8,32,128,128,4,4,16,72.57949999999983
gfx950,decode,torch.bfloat16,torch.bfloat16,194,1,8,32,128,128,4,4,16,74.49999999999909
gfx950,decode,torch.bfloat16,torch.bfloat16,195,1,8,32,128,128,4,4,16,74.10000000000036
gfx950,decode,torch.bfloat16,torch.bfloat16,196,1,8,32,128,128,8,1,8,74.78000000000065
gfx950,decode,torch.bfloat16,torch.bfloat16,197,1,8,32,128,128,8,1,8,75.46000000000095
gfx950,decode,torch.bfloat16,torch.bfloat16,198,1,8,32,128,128,8,2,16,75.72000000000116
gfx950,decode,torch.bfloat16,torch.bfloat16,199,1,8,32,128,128,8,1,8,76.6994999999988
gfx950,decode,torch.bfloat16,torch.bfloat16,200,1,8,32,128,128,8,1,8,76.79999999999927
gfx950,decode,torch.bfloat16,torch.bfloat16,201,1,8,32,128,128,8,1,8,76.34000000000015
gfx950,decode,torch.bfloat16,torch.bfloat16,202,1,8,32,128,128,8,1,8,76.9994999999999
gfx950,decode,torch.bfloat16,torch.bfloat16,203,1,8,32,128,128,8,1,8,77.76000000000204
gfx950,decode,torch.bfloat16,torch.bfloat16,204,1,8,32,128,128,4,4,16,77.60000000000036
gfx950,decode,torch.bfloat16,torch.bfloat16,205,1,8,32,128,128,8,1,8,77.61999999999989
gfx950,decode,torch.bfloat16,torch.bfloat16,206,1,8,32,128,128,8,1,8,78.23999999999796
gfx950,decode,torch.bfloat16,torch.bfloat16,207,1,8,32,128,128,8,2,16,78.5
gfx950,decode,torch.bfloat16,torch.bfloat16,208,1,8,32,128,128,8,1,8,78.80000000000018
gfx950,decode,torch.bfloat16,torch.bfloat16,209,1,8,32,128,128,4,4,16,78.94000000000051
gfx950,decode,torch.bfloat16,torch.bfloat16,210,1,8,32,128,128,8,1,8,79.95999999999913
gfx950,decode,torch.bfloat16,torch.bfloat16,211,1,8,32,128,128,8,2,16,79.32000000000062
gfx950,decode,torch.bfloat16,torch.bfloat16,212,1,8,32,128,128,4,4,16,80.47999999999956
gfx950,decode,torch.bfloat16,torch.bfloat16,213,1,8,32,128,128,8,2,16,80.60000000000036
gfx950,decode,torch.bfloat16,torch.bfloat16,214,1,8,32,128,128,4,4,16,81.03999999999996
gfx950,decode,torch.bfloat16,torch.bfloat16,215,1,8,32,128,128,4,4,16,81.83999999999833
gfx950,decode,torch.bfloat16,torch.bfloat16,216,1,8,32,128,128,8,2,16,81.7599999999984
gfx950,decode,torch.bfloat16,torch.bfloat16,217,1,8,32,128,128,4,4,16,82.03999999999905
gfx950,decode,torch.bfloat16,torch.bfloat16,218,1,8,32,128,128,8,1,8,82.95999999999913
gfx950,decode,torch.bfloat16,torch.bfloat16,219,1,8,32,128,128,4,4,16,82.96000000000095
gfx950,decode,torch.bfloat16,torch.bfloat16,220,1,8,32,128,128,8,2,16,82.47999999999956
gfx950,decode,torch.bfloat16,torch.bfloat16,221,1,8,32,128,128,8,2,16,83.6200000000008
gfx950,decode,torch.bfloat16,torch.bfloat16,222,1,8,32,128,128,8,1,8,83.88000000000102
gfx950,decode,torch.bfloat16,torch.bfloat16,223,1,8,32,128,128,8,1,8,84.52000000000044
gfx950,decode,torch.bfloat16,torch.bfloat16,224,1,8,32,128,128,8,2,16,84.26000000000022
gfx950,decode,torch.bfloat16,torch.bfloat16,225,1,8,32,128,128,8,1,8,84.61999999999989
gfx950,decode,torch.bfloat16,torch.bfloat16,226,1,8,32,128,128,8,1,8,85.52000000000135
gfx950,decode,torch.bfloat16,torch.bfloat16,227,1,8,32,128,128,8,2,16,85.48000000000138
gfx950,decode,torch.bfloat16,torch.bfloat16,228,1,8,32,128,128,8,2,16,85.94000000000051
gfx950,decode,torch.bfloat16,torch.bfloat16,229,1,8,32,128,128,8,1,8,86.69999999999891
gfx950,decode,torch.bfloat16,torch.bfloat16,230,1,8,32,128,128,8,2,16,86.39999999999964
gfx950,decode,torch.bfloat16,torch.bfloat16,231,1,8,32,128,128,8,2,16,87.88000000000102
gfx950,decode,torch.bfloat16,torch.bfloat16,232,1,8,32,128,128,8,1,8,88.23999999999978
gfx950,decode,torch.bfloat16,torch.bfloat16,233,1,8,32,128,128,4,4,16,88.15999999999985
gfx950,decode,torch.bfloat16,torch.bfloat16,234,1,8,32,128,128,8,1,8,88.53999999999905
gfx950,decode,torch.bfloat16,torch.bfloat16,235,1,8,32,128,128,8,2,16,88.84000000000015
gfx950,decode,torch.bfloat16,torch.bfloat16,236,1,8,32,128,128,8,1,8,88.86050000000068
gfx950,decode,torch.bfloat16,torch.bfloat16,237,1,8,32,128,128,8,2,16,88.50000000000182
gfx950,decode,torch.bfloat16,torch.bfloat16,238,1,8,32,128,128,8,2,16,87.82049999999981
gfx950,decode,torch.bfloat16,torch.bfloat16,239,1,8,32,128,128,8,1,8,89.65999999999985
gfx950,decode,torch.bfloat16,torch.bfloat16,240,1,8,32,128,128,8,1,8,90.59999999999945
gfx950,decode,torch.bfloat16,torch.bfloat16,241,1,8,32,128,128,8,1,8,91.03999999999724
gfx950,decode,torch.bfloat16,torch.bfloat16,242,1,8,32,128,128,4,4,16,90.83999999999924
gfx950,decode,torch.bfloat16,torch.bfloat16,243,1,8,32,128,128,8,1,8,91.23999999999978
gfx950,decode,torch.bfloat16,torch.bfloat16,244,1,8,32,128,128,8,1,8,91.1200000000008
gfx950,decode,torch.bfloat16,torch.bfloat16,245,1,8,32,128,128,8,1,8,92.73999999999978
gfx950,decode,torch.bfloat16,torch.bfloat16,246,1,8,32,128,128,8,1,8,93.26000000000022
gfx950,decode,torch.bfloat16,torch.bfloat16,247,1,8,32,128,128,8,2,16,92.79999999999927
gfx950,decode,torch.bfloat16,torch.bfloat16,248,1,8,32,128,128,4,4,16,93.71999999999935
gfx950,decode,torch.bfloat16,torch.bfloat16,249,1,8,32,128,128,8,2,16,93.56000000000131
gfx950,decode,torch.bfloat16,torch.bfloat16,250,1,8,32,128,128,8,1,8,94.26000000000022
gfx950,decode,torch.bfloat16,torch.bfloat16,251,1,8,32,128,128,8,1,8,94.08000000000175
gfx950,decode,torch.bfloat16,torch.bfloat16,252,1,8,32,128,128,8,1,8,93.8799999999992
gfx950,decode,torch.bfloat16,torch.bfloat16,253,1,8,32,128,128,8,1,8,94.47999999999956
gfx950,decode,torch.bfloat16,torch.bfloat16,254,1,8,32,128,128,8,2,16,95.94000000000051
gfx950,decode,torch.bfloat16,torch.bfloat16,255,1,8,32,128,128,8,2,16,95.07999999999811
gfx950,decode,torch.bfloat16,torch.bfloat16,256,1,8,32,128,128,8,1,8,95.78000000000065
gfx950,decode,torch.bfloat16,torch.bfloat16,129,1,16,64,128,128,8,2,16,95.78049999999985
gfx950,decode,torch.bfloat16,torch.bfloat16,130,1,16,64,128,128,8,2,16,95.8799999999992
gfx950,decode,torch.bfloat16,torch.bfloat16,131,1,16,64,128,128,8,2,16,96.88050000000021
gfx950,decode,torch.bfloat16,torch.bfloat16,132,1,16,64,128,128,8,2,16,98.11999999999989
gfx950,decode,torch.bfloat16,torch.bfloat16,133,1,16,64,128,128,8,2,16,98.20049999999901
gfx950,decode,torch.bfloat16,torch.bfloat16,134,1,16,64,128,128,8,2,16,99.80000000000018
gfx950,decode,torch.bfloat16,torch.bfloat16,135,1,16,64,128,128,8,2,16,99.98000000000047
gfx950,decode,torch.bfloat16,torch.bfloat16,136,1,16,64,128,128,8,2,16,100.18000000000029
gfx950,decode,torch.bfloat16,torch.bfloat16,137,1,16,64,128,128,8,2,16,102.08000000000084
gfx950,decode,torch.bfloat16,torch.bfloat16,138,1,16,64,128,128,8,2,16,101.52000000000044
gfx950,decode,torch.bfloat16,torch.bfloat16,139,1,16,64,128,128,4,4,16,103.85999999999967
gfx950,decode,torch.bfloat16,torch.bfloat16,140,1,16,64,128,128,8,2,16,102.55999999999949
gfx950,decode,torch.bfloat16,torch.bfloat16,141,1,16,64,128,128,8,2,16,103.7400000000016
gfx950,decode,torch.bfloat16,torch.bfloat16,142,1,16,64,128,128,8,2,16,103.5
gfx950,decode,torch.bfloat16,torch.bfloat16,143,1,16,64,128,128,4,4,16,104.5
gfx950,decode,torch.bfloat16,torch.bfloat16,144,1,16,64,128,128,8,2,16,106.00000000000182
gfx950,decode,torch.bfloat16,torch.bfloat16,145,1,16,64,128,128,8,2,16,106.10000000000036
gfx950,decode,torch.bfloat16,torch.bfloat16,146,1,16,64,128,128,8,2,16,107.32100000000082
gfx950,decode,torch.bfloat16,torch.bfloat16,147,1,16,64,128,128,8,2,16,108.58049999999912
gfx950,decode,torch.bfloat16,torch.bfloat16,148,1,16,64,128,128,8,2,16,108.18049999999948
gfx950,decode,torch.bfloat16,torch.bfloat16,149,1,16,64,128,128,8,2,16,109.54050000000097
gfx950,decode,torch.bfloat16,torch.bfloat16,150,1,16,64,128,128,8,1,8,113.97999999999956
gfx950,decode,torch.bfloat16,torch.bfloat16,151,1,16,64,128,128,8,2,16,110.71999999999935
gfx950,decode,torch.bfloat16,torch.bfloat16,152,1,16,64,128,128,8,1,8,115.8804999999993
gfx950,decode,torch.bfloat16,torch.bfloat16,153,1,16,64,128,128,8,1,8,116.46050000000287
gfx950,decode,torch.bfloat16,torch.bfloat16,154,1,16,64,128,128,8,1,8,116.5
gfx950,decode,torch.bfloat16,torch.bfloat16,155,1,16,64,128,128,8,1,8,117.97999999999956
gfx950,decode,torch.bfloat16,torch.bfloat16,156,1,16,64,128,128,8,1,8,118.2599999999984
gfx950,decode,torch.bfloat16,torch.bfloat16,157,1,16,64,128,128,8,1,8,119.5
gfx950,decode,torch.bfloat16,torch.bfloat16,158,1,16,64,128,128,8,1,8,119.58050000000003
gfx950,decode,torch.bfloat16,torch.bfloat16,159,1,16,64,128,128,8,1,8,120.44050000000061
gfx950,decode,torch.bfloat16,torch.bfloat16,160,1,16,64,128,128,8,1,8,122.01999999999862
gfx950,decode,torch.bfloat16,torch.bfloat16,161,1,16,64,128,128,8,2,16,121.22100000000137
gfx950,decode,torch.bfloat16,torch.bfloat16,162,1,16,64,128,128,8,1,8,123.78049999999712
gfx950,decode,torch.bfloat16,torch.bfloat16,163,1,16,64,128,128,8,2,16,122.5005000000001
gfx950,decode,torch.bfloat16,torch.bfloat16,164,1,16,64,128,128,8,2,16,122.03999999999724
gfx950,decode,torch.bfloat16,torch.bfloat16,165,1,16,64,128,128,8,1,8,124.6210000000001
gfx950,decode,torch.bfloat16,torch.bfloat16,166,1,16,64,128,128,8,1,8,125.66099999999915
gfx950,decode,torch.bfloat16,torch.bfloat16,167,1,16,64,128,128,8,1,8,126.40049999999974
gfx950,decode,torch.bfloat16,torch.bfloat16,168,1,16,64,128,128,8,1,8,126.58000000000266
gfx950,decode,torch.bfloat16,torch.bfloat16,169,1,16,64,128,128,8,1,8,128.4399999999987
gfx950,decode,torch.bfloat16,torch.bfloat16,170,1,16,64,128,128,8,1,8,129.26000000000204
gfx950,decode,torch.bfloat16,torch.bfloat16,171,1,16,64,128,128,8,1,8,128.72049999999945
gfx950,decode,torch.bfloat16,torch.bfloat16,172,1,16,64,128,128,8,2,16,124.44050000000152
gfx950,decode,torch.bfloat16,torch.bfloat16,173,1,16,64,128,128,8,1,8,131.52100000000064
gfx950,decode,torch.bfloat16,torch.bfloat16,174,1,16,64,128,128,8,1,8,131.61999999999898
gfx950,decode,torch.bfloat16,torch.bfloat16,175,1,16,64,128,128,8,1,8,131.84050000000207
gfx950,decode,torch.bfloat16,torch.bfloat16,176,1,16,64,128,128,8,1,8,132.64000000000124
gfx950,decode,torch.bfloat16,torch.bfloat16,177,1,16,64,128,128,8,1,8,132.1805000000004
gfx950,decode,torch.bfloat16,torch.bfloat16,178,1,16,64,128,128,8,2,16,131.3005000000012
gfx950,decode,torch.bfloat16,torch.bfloat16,179,1,16,64,128,128,8,1,8,134.48099999999977
gfx950,decode,torch.bfloat16,torch.bfloat16,180,1,16,64,128,128,8,1,8,135.96099999999933
gfx950,decode,torch.bfloat16,torch.bfloat16,181,1,16,64,128,128,8,1,8,135.9409999999989
gfx950,decode,torch.bfloat16,torch.bfloat16,182,1,16,64,128,128,8,1,8,136.0809999999983
gfx950,decode,torch.bfloat16,torch.bfloat16,183,1,16,64,128,128,8,1,8,137.22099999999773
gfx950,decode,torch.bfloat16,torch.bfloat16,184,1,16,64,128,128,8,1,8,137.5809999999983
gfx950,decode,torch.bfloat16,torch.bfloat16,185,1,16,64,128,128,8,1,8,138.00100000000384
gfx950,decode,torch.bfloat16,torch.bfloat16,186,1,16,64,128,128,8,1,8,139.48050000000148
gfx950,decode,torch.bfloat16,torch.bfloat16,187,1,16,64,128,128,8,1,8,139.8605000000025
gfx950,decode,torch.bfloat16,torch.bfloat16,188,1,16,64,128,128,8,1,8,140.98050000000148
gfx950,decode,torch.bfloat16,torch.bfloat16,189,1,16,64,128,128,8,1,8,141.52050000000145
gfx950,decode,torch.bfloat16,torch.bfloat16,190,1,16,64,128,128,8,1,8,141.62049999999726
gfx950,decode,torch.bfloat16,torch.bfloat16,191,1,16,64,128,128,8,1,8,143.46100000000297
gfx950,decode,torch.bfloat16,torch.bfloat16,192,1,16,64,128,128,8,1,8,143.8804999999993
gfx950,decode,torch.bfloat16,torch.bfloat16,193,1,16,64,128,128,8,2,16,140.22099999999955
gfx950,decode,torch.bfloat16,torch.bfloat16,194,1,16,64,128,128,8,1,8,145.10049999999683
gfx950,decode,torch.bfloat16,torch.bfloat16,195,1,16,64,128,128,8,1,8,145.76050000000032
gfx950,decode,torch.bfloat16,torch.bfloat16,196,1,16,64,128,128,8,1,8,147.9405000000006
gfx950,decode,torch.bfloat16,torch.bfloat16,197,1,16,64,128,128,8,1,8,149.5
gfx950,decode,torch.bfloat16,torch.bfloat16,198,1,16,64,128,128,8,1,8,148.76050000000032
gfx950,decode,torch.bfloat16,torch.bfloat16,199,1,16,64,128,128,8,1,8,148.8804999999993
gfx950,decode,torch.bfloat16,torch.bfloat16,200,1,16,64,128,128,8,1,8,151.74099999999817
gfx950,decode,torch.bfloat16,torch.bfloat16,201,1,16,64,128,128,8,2,16,150.3804999999993
gfx950,decode,torch.bfloat16,torch.bfloat16,202,1,16,64,128,128,8,1,8,151.18049999999857
gfx950,decode,torch.bfloat16,torch.bfloat16,203,1,16,64,128,128,8,1,8,151.38100000000122
gfx950,decode,torch.bfloat16,torch.bfloat16,204,1,16,64,128,128,8,1,8,152.62099999999555
gfx950,decode,torch.bfloat16,torch.bfloat16,205,1,16,64,128,128,8,2,16,152.98049999999785
gfx950,decode,torch.bfloat16,torch.bfloat16,206,1,16,64,128,128,8,1,8,153.48099999999977
gfx950,decode,torch.bfloat16,torch.bfloat16,207,1,16,64,128,128,8,1,8,155.6810000000005
gfx950,decode,torch.bfloat16,torch.bfloat16,208,1,16,64,128,128,8,1,8,155.74049999999988
gfx950,decode,torch.bfloat16,torch.bfloat16,209,1,16,64,128,128,8,1,8,156.38050000000294
gfx950,decode,torch.bfloat16,torch.bfloat16,210,1,16,64,128,128,8,1,8,156.10100000000148
gfx950,decode,torch.bfloat16,torch.bfloat16,211,1,16,64,128,128,8,1,8,157.12099999999919
gfx950,decode,torch.bfloat16,torch.bfloat16,212,1,16,64,128,128,8,1,8,157.46050000000105
gfx950,decode,torch.bfloat16,torch.bfloat16,213,1,16,64,128,128,8,1,8,160.0010000000002
gfx950,decode,torch.bfloat16,torch.bfloat16,214,1,16,64,128,128,8,2,16,154.34050000000025
gfx950,decode,torch.bfloat16,torch.bfloat16,215,1,16,64,128,128,8,1,8,161.4604999999974
gfx950,decode,torch.bfloat16,torch.bfloat16,216,1,16,64,128,128,8,1,8,160.36100000000442
gfx950,decode,torch.bfloat16,torch.bfloat16,217,1,16,64,128,128,8,1,8,161.64099999999962
gfx950,decode,torch.bfloat16,torch.bfloat16,218,1,16,64,128,128,8,1,8,163.98099999999977
gfx950,decode,torch.bfloat16,torch.bfloat16,219,1,16,64,128,128,8,1,8,162.20100000000093
gfx950,decode,torch.bfloat16,torch.bfloat16,220,1,16,64,128,128,8,1,8,162.78099999999904
gfx950,decode,torch.bfloat16,torch.bfloat16,221,1,16,64,128,128,8,1,8,166.3610000000008
gfx950,decode,torch.bfloat16,torch.bfloat16,222,1,16,64,128,128,8,1,8,164.70100000000093
gfx950,decode,torch.bfloat16,torch.bfloat16,223,1,16,64,128,128,8,1,8,169.4409999999989
gfx950,decode,torch.bfloat16,torch.bfloat16,224,1,16,64,128,128,8,1,8,167.48099999999613
gfx950,decode,torch.bfloat16,torch.bfloat16,225,1,16,64,128,128,8,1,8,166.64099999999962
gfx950,decode,torch.bfloat16,torch.bfloat16,226,1,16,64,128,128,8,1,8,168.16100000000006
gfx950,decode,torch.bfloat16,torch.bfloat16,227,1,16,64,128,128,8,1,8,168.90100000000166
gfx950,decode,torch.bfloat16,torch.bfloat16,228,1,16,64,128,128,8,1,8,169.16100000000006
gfx950,decode,torch.bfloat16,torch.bfloat16,229,1,16,64,128,128,8,1,8,171.00100000000384
gfx950,decode,torch.bfloat16,torch.bfloat16,230,1,16,64,128,128,8,1,8,173.2410000000018
gfx950,decode,torch.bfloat16,torch.bfloat16,231,1,16,64,128,128,8,1,8,174.78099999999904
gfx950,decode,torch.bfloat16,torch.bfloat16,232,1,16,64,128,128,8,1,8,173.20100000000093
gfx950,decode,torch.bfloat16,torch.bfloat16,233,1,16,64,128,128,8,1,8,173.30099999999948
gfx950,decode,torch.bfloat16,torch.bfloat16,234,1,16,64,128,128,8,1,8,175.70100000000093
gfx950,decode,torch.bfloat16,torch.bfloat16,235,1,16,64,128,128,8,1,8,175.2410000000018
gfx950,decode,torch.bfloat16,torch.bfloat16,236,1,16,64,128,128,8,1,8,176.10099999999875
gfx950,decode,torch.bfloat16,torch.bfloat16,237,1,16,64,128,128,8,1,8,179.12099999999919
gfx950,decode,torch.bfloat16,torch.bfloat16,238,1,16,64,128,128,8,1,8,177.14150000000154
gfx950,decode,torch.bfloat16,torch.bfloat16,239,1,16,64,128,128,8,1,8,179.9409999999989
gfx950,decode,torch.bfloat16,torch.bfloat16,240,1,16,64,128,128,8,1,8,177.18149999999878
gfx950,decode,torch.bfloat16,torch.bfloat16,241,1,16,64,128,128,8,1,8,180.5809999999983
gfx950,decode,torch.bfloat16,torch.bfloat16,242,1,16,64,128,128,8,1,8,179.32100000000355
gfx950,decode,torch.bfloat16,torch.bfloat16,243,1,16,64,128,128,8,1,8,179.80099999999948
gfx950,decode,torch.bfloat16,torch.bfloat16,244,1,16,64,128,128,8,1,8,182.60150000000067
gfx950,decode,torch.bfloat16,torch.bfloat16,245,1,16,64,128,128,8,1,8,182.16149999999834
gfx950,decode,torch.bfloat16,torch.bfloat16,246,1,16,64,128,128,8,1,8,180.64099999999962
gfx950,decode,torch.bfloat16,torch.bfloat16,247,1,16,64,128,128,8,1,8,183.12099999999919
gfx950,decode,torch.bfloat16,torch.bfloat16,248,1,16,64,128,128,8,1,8,184.68099999999686
gfx950,decode,torch.bfloat16,torch.bfloat16,249,1,16,64,128,128,8,1,8,184.1010000000024
gfx950,decode,torch.bfloat16,torch.bfloat16,250,1,16,64,128,128,8,1,8,185.5809999999983
gfx950,decode,torch.bfloat16,torch.bfloat16,251,1,16,64,128,128,8,1,8,186.5010000000002
gfx950,decode,torch.bfloat16,torch.bfloat16,252,1,16,64,128,128,8,1,8,186.50100000000384
gfx950,decode,torch.bfloat16,torch.bfloat16,253,1,16,64,128,128,8,1,8,189.3209999999999
gfx950,decode,torch.bfloat16,torch.bfloat16,254,1,16,64,128,128,8,1,8,189.14100000000326
gfx950,decode,torch.bfloat16,torch.bfloat16,255,1,16,64,128,128,8,1,8,189.16150000000198
gfx950,decode,torch.bfloat16,torch.bfloat16,256,1,16,64,128,128,8,1,8,190.64100000000326
gfx950,decode,torch.bfloat16,torch.float32,129,1,4,8,128,128,4,4,8,27.158999999999764
gfx950,decode,torch.bfloat16,torch.float32,130,1,4,8,128,128,4,4,8,27.278999999999996
gfx950,decode,torch.bfloat16,torch.float32,131,1,4,8,128,128,8,2,8,27.579500000000053
gfx950,decode,torch.bfloat16,torch.float32,132,1,4,8,128,128,8,4,16,27.679000000000087
gfx950,decode,torch.bfloat16,torch.float32,133,1,4,8,128,128,8,4,16,27.798999999999978
gfx950,decode,torch.bfloat16,torch.float32,134,1,4,8,128,128,8,4,16,27.960000000000036
gfx950,decode,torch.bfloat16,torch.float32,135,1,4,8,128,128,4,4,8,27.97950000000003
gfx950,decode,torch.bfloat16,torch.float32,136,1,4,8,128,128,8,4,16,28.139000000000067
gfx950,decode,torch.bfloat16,torch.float32,137,1,4,8,128,128,8,4,16,28.339499999999816
gfx950,decode,torch.bfloat16,torch.float32,138,1,4,8,128,128,8,4,16,28.598999999999705
gfx950,decode,torch.bfloat16,torch.float32,139,1,4,8,128,128,8,4,16,28.839
gfx950,decode,torch.bfloat16,torch.float32,140,1,4,8,128,128,8,4,16,29.039999999999964
gfx950,decode,torch.bfloat16,torch.float32,141,1,4,8,128,128,8,4,16,29.220000000000027
gfx950,decode,torch.bfloat16,torch.float32,142,1,4,8,128,128,8,4,16,29.29950000000008
gfx950,decode,torch.bfloat16,torch.float32,143,1,4,8,128,128,4,4,8,29.419499999999857
gfx950,decode,torch.bfloat16,torch.float32,144,1,4,8,128,128,4,4,8,29.438999999999908
gfx950,decode,torch.bfloat16,torch.float32,145,1,4,8,128,128,8,4,16,29.719499999999925
gfx950,decode,torch.bfloat16,torch.float32,146,1,4,8,128,128,8,4,16,29.939500000000066
gfx950,decode,torch.bfloat16,torch.float32,147,1,4,8,128,128,8,4,16,30.159500000000037
gfx950,decode,torch.bfloat16,torch.float32,148,1,4,8,128,128,8,4,16,30.399000000000058
gfx950,decode,torch.bfloat16,torch.float32,149,1,4,8,128,128,8,4,16,30.480000000000018
gfx950,decode,torch.bfloat16,torch.float32,150,1,4,8,128,128,8,4,16,30.559499999999844
gfx950,decode,torch.bfloat16,torch.float32,151,1,4,8,128,128,8,4,16,30.73950000000002
gfx950,decode,torch.bfloat16,torch.float32,152,1,4,8,128,128,8,4,16,30.779999999999973
gfx950,decode,torch.bfloat16,torch.float32,153,1,4,8,128,128,8,4,16,30.95899999999989
gfx950,decode,torch.bfloat16,torch.float32,154,1,4,8,128,128,8,4,16,31.219500000000153
gfx950,decode,torch.bfloat16,torch.float32,155,1,4,8,128,128,8,4,16,31.438999999999908
gfx950,decode,torch.bfloat16,torch.float32,156,1,4,8,128,128,8,4,16,31.659499999999866
gfx950,decode,torch.bfloat16,torch.float32,157,1,4,8,128,128,8,4,16,31.79950000000008
gfx950,decode,torch.bfloat16,torch.float32,158,1,4,8,128,128,8,4,16,31.93900000000002
gfx950,decode,torch.bfloat16,torch.float32,159,1,4,8,128,128,8,4,16,32.01900000000012
gfx950,decode,torch.bfloat16,torch.float32,160,1,4,8,128,128,8,4,16,32.160000000000025
gfx950,decode,torch.bfloat16,torch.float32,161,1,4,8,128,128,8,4,16,32.41950000000003
gfx950,decode,torch.bfloat16,torch.float32,162,1,4,8,128,128,8,4,16,32.559999999999945
gfx950,decode,torch.bfloat16,torch.float32,163,1,4,8,128,128,8,4,16,32.878999999999905
gfx950,decode,torch.bfloat16,torch.float32,164,1,4,8,128,128,8,4,16,32.999499999999955
gfx950,decode,torch.bfloat16,torch.float32,165,1,4,8,128,128,8,4,16,33.11900000000003
gfx950,decode,torch.bfloat16,torch.float32,166,1,4,8,128,128,8,4,16,33.24000000000001
gfx950,decode,torch.bfloat16,torch.float32,167,1,4,8,128,128,8,4,16,33.478999999999985
gfx950,decode,torch.bfloat16,torch.float32,168,1,4,8,128,128,8,4,16,33.419500000000085
gfx950,decode,torch.bfloat16,torch.float32,169,1,4,8,128,128,8,4,16,33.67949999999996
gfx950,decode,torch.bfloat16,torch.float32,170,1,4,8,128,128,8,4,16,33.83950000000016
gfx950,decode,torch.bfloat16,torch.float32,171,1,4,8,128,128,8,4,16,34.219499999999925
gfx950,decode,torch.bfloat16,torch.float32,172,1,4,8,128,128,8,4,16,34.33899999999994
gfx950,decode,torch.bfloat16,torch.float32,173,1,4,8,128,128,8,4,16,34.51900000000012
gfx950,decode,torch.bfloat16,torch.float32,174,1,4,8,128,128,8,4,16,34.63900000000007
gfx950,decode,torch.bfloat16,torch.float32,175,1,4,8,128,128,8,4,16,34.738999999999805
gfx950,decode,torch.bfloat16,torch.float32,176,1,4,8,128,128,8,4,16,34.859500000000025
gfx950,decode,torch.bfloat16,torch.float32,177,1,4,8,128,128,8,4,16,35.09949999999998
gfx950,decode,torch.bfloat16,torch.float32,178,1,4,8,128,128,8,4,16,35.31949999999989
gfx950,decode,torch.bfloat16,torch.float32,179,1,4,8,128,128,8,4,16,35.519499999999994
gfx950,decode,torch.bfloat16,torch.float32,180,1,4,8,128,128,8,4,16,35.679500000000075
gfx950,decode,torch.bfloat16,torch.float32,181,1,4,8,128,128,8,4,16,35.97950000000003
gfx950,decode,torch.bfloat16,torch.float32,182,1,4,8,128,128,8,4,16,36.06000000000017
gfx950,decode,torch.bfloat16,torch.float32,183,1,4,8,128,128,8,4,16,36.01999999999998
gfx950,decode,torch.bfloat16,torch.float32,184,1,4,8,128,128,8,4,16,36.23949999999991
gfx950,decode,torch.bfloat16,torch.float32,185,1,4,8,128,128,8,4,16,36.39899999999989
gfx950,decode,torch.bfloat16,torch.float32,186,1,4,8,128,128,8,4,16,36.61950000000013
gfx950,decode,torch.bfloat16,torch.float32,187,1,4,8,128,128,8,4,16,36.79950000000008
gfx950,decode,torch.bfloat16,torch.float32,188,1,4,8,128,128,8,4,16,37.119500000000016
gfx950,decode,torch.bfloat16,torch.float32,189,1,4,8,128,128,8,4,16,37.17950000000013
gfx950,decode,torch.bfloat16,torch.float32,190,1,4,8,128,128,8,4,16,37.339999999999975
gfx950,decode,torch.bfloat16,torch.float32,191,1,4,8,128,128,8,4,16,37.43950000000018
gfx950,decode,torch.bfloat16,torch.float32,192,1,4,8,128,128,8,4,16,37.47899999999987
gfx950,decode,torch.bfloat16,torch.float32,193,1,4,8,128,128,8,4,16,37.839000000000055
gfx950,decode,torch.bfloat16,torch.float32,194,1,4,8,128,128,8,4,16,38.03950000000003
gfx950,decode,torch.bfloat16,torch.float32,195,1,4,8,128,128,8,4,16,38.23950000000002
gfx950,decode,torch.bfloat16,torch.float32,196,1,4,8,128,128,8,4,16,38.44
gfx950,decode,torch.bfloat16,torch.float32,197,1,4,8,128,128,8,4,16,38.55950000000007
gfx950,decode,torch.bfloat16,torch.float32,198,1,4,8,128,128,8,4,16,38.67899999999986
gfx950,decode,torch.bfloat16,torch.float32,199,1,4,8,128,128,8,4,16,38.81950000000012
gfx950,decode,torch.bfloat16,torch.float32,200,1,4,8,128,128,8,4,16,38.799499999999966
gfx950,decode,torch.bfloat16,torch.float32,201,1,4,8,128,128,8,4,16,39.038999999999874
gfx950,decode,torch.bfloat16,torch.float32,202,1,4,8,128,128,8,4,16,39.3599999999999
gfx950,decode,torch.bfloat16,torch.float32,203,1,4,8,128,128,8,4,16,39.51900000000012
gfx950,decode,torch.bfloat16,torch.float32,204,1,4,8,128,128,8,4,16,39.759000000000015
gfx950,decode,torch.bfloat16,torch.float32,205,1,4,8,128,128,8,4,16,39.79899999999998
gfx950,decode,torch.bfloat16,torch.float32,206,1,4,8,128,128,8,4,16,40.019499999999994
gfx950,decode,torch.bfloat16,torch.float32,207,1,4,8,128,128,8,4,16,40.11899999999997
gfx950,decode,torch.bfloat16,torch.float32,208,1,4,8,128,128,8,4,16,40.279000000000025
gfx950,decode,torch.bfloat16,torch.float32,209,1,4,8,128,128,8,4,16,40.37900000000002
gfx950,decode,torch.bfloat16,torch.float32,210,1,4,8,128,128,8,4,16,40.72000000000003
gfx950,decode,torch.bfloat16,torch.float32,211,1,4,8,128,128,8,4,16,40.959
gfx950,decode,torch.bfloat16,torch.float32,212,1,4,8,128,128,8,4,16,41.17949999999985
gfx950,decode,torch.bfloat16,torch.float32,213,1,4,8,128,128,8,4,16,41.31899999999996
gfx950,decode,torch.bfloat16,torch.float32,214,1,4,8,128,128,8,4,16,41.399000000000115
gfx950,decode,torch.bfloat16,torch.float32,215,1,4,8,128,128,8,4,16,41.379999999999995
gfx950,decode,torch.bfloat16,torch.float32,216,1,4,8,128,128,8,4,16,41.519499999999994
gfx950,decode,torch.bfloat16,torch.float32,217,1,4,8,128,128,8,4,16,41.699499999999944
gfx950,decode,torch.bfloat16,torch.float32,218,1,4,8,128,128,8,4,16,42.05949999999996
gfx950,decode,torch.bfloat16,torch.float32,219,1,4,8,128,128,8,4,16,42.239500000000135
gfx950,decode,torch.bfloat16,torch.float32,220,1,4,8,128,128,8,4,16,42.53950000000003
gfx950,decode,torch.bfloat16,torch.float32,221,1,4,8,128,128,8,4,16,42.5595000000003
gfx950,decode,torch.bfloat16,torch.float32,222,1,4,8,128,128,8,4,16,42.85950000000008
gfx950,decode,torch.bfloat16,torch.float32,223,1,4,8,128,128,8,4,16,42.85949999999997
gfx950,decode,torch.bfloat16,torch.float32,224,1,4,8,128,128,8,4,16,42.93900000000008
gfx950,decode,torch.bfloat16,torch.float32,225,1,4,8,128,128,8,4,16,43.139500000000055
gfx950,decode,torch.bfloat16,torch.float32,226,1,4,8,128,128,8,4,16,43.35999999999996
gfx950,decode,torch.bfloat16,torch.float32,227,1,4,8,128,128,8,4,16,43.61900000000003
gfx950,decode,torch.bfloat16,torch.float32,228,1,4,8,128,128,8,4,16,43.779499999999985
gfx950,decode,torch.bfloat16,torch.float32,229,1,4,8,128,128,8,4,16,43.919499999999914
gfx950,decode,torch.bfloat16,torch.float32,230,1,4,8,128,128,8,4,16,44.07999999999993
gfx950,decode,torch.bfloat16,torch.float32,231,1,4,8,128,128,8,4,16,44.039999999999964
gfx950,decode,torch.bfloat16,torch.float32,232,1,4,8,128,128,8,4,16,44.09950000000026
gfx950,decode,torch.bfloat16,torch.float32,233,1,4,8,128,128,8,4,16,44.23900000000003
gfx950,decode,torch.bfloat16,torch.float32,234,1,4,8,128,128,8,4,16,44.63949999999994
gfx950,decode,torch.bfloat16,torch.float32,235,1,4,8,128,128,8,4,16,44.780000000000086
gfx950,decode,torch.bfloat16,torch.float32,236,1,4,8,128,128,8,4,16,45.0
gfx950,decode,torch.bfloat16,torch.float32,237,1,4,8,128,128,8,4,16,45.059499999999844
gfx950,decode,torch.bfloat16,torch.float32,238,1,4,8,128,128,8,4,16,45.33950000000016
gfx950,decode,torch.bfloat16,torch.float32,239,1,4,8,128,128,8,4,16,45.319500000000005
gfx950,decode,torch.bfloat16,torch.float32,240,1,4,8,128,128,8,4,16,45.3594999999998
gfx950,decode,torch.bfloat16,torch.float32,241,1,4,8,128,128,8,4,16,45.678999999999974
gfx950,decode,torch.bfloat16,torch.float32,242,1,4,8,128,128,8,4,16,45.81949999999995
gfx950,decode,torch.bfloat16,torch.float32,243,1,4,8,128,128,8,4,16,46.260000000000105
gfx950,decode,torch.bfloat16,torch.float32,244,1,4,8,128,128,8,4,16,46.39899999999989
gfx950,decode,torch.bfloat16,torch.float32,245,1,4,8,128,128,8,4,16,46.31950000000006
gfx950,decode,torch.bfloat16,torch.float32,246,1,4,8,128,128,8,4,16,46.639999999999986
gfx950,decode,torch.bfloat16,torch.float32,247,1,4,8,128,128,8,4,16,46.59999999999991
gfx950,decode,torch.bfloat16,torch.float32,248,1,4,8,128,128,8,4,16,46.59999999999991
gfx950,decode,torch.bfloat16,torch.float32,249,1,4,8,128,128,8,4,16,46.899999999999835
gfx950,decode,torch.bfloat16,torch.float32,250,1,4,8,128,128,8,4,16,47.22000000000014
gfx950,decode,torch.bfloat16,torch.float32,251,1,4,8,128,128,8,4,16,47.43949999999995
gfx950,decode,torch.bfloat16,torch.float32,252,1,4,8,128,128,8,4,16,47.69999999999993
gfx950,decode,torch.bfloat16,torch.float32,253,1,4,8,128,128,8,4,16,47.76000000000022
gfx950,decode,torch.bfloat16,torch.float32,254,1,4,8,128,128,8,4,16,47.79999999999984
gfx950,decode,torch.bfloat16,torch.float32,255,1,4,8,128,128,8,4,16,47.879500000000064
gfx950,decode,torch.bfloat16,torch.float32,256,1,4,8,128,128,8,4,16,48.03950000000009
gfx950,decode,torch.bfloat16,torch.float32,129,1,8,16,128,128,8,4,16,49.13999999999987
gfx950,decode,torch.bfloat16,torch.float32,130,1,8,16,128,128,8,4,16,49.1995000000004
gfx950,decode,torch.bfloat16,torch.float32,131,1,8,16,128,128,8,4,16,49.39949999999999
gfx950,decode,torch.bfloat16,torch.float32,132,1,8,16,128,128,8,4,16,49.600000000000364
gfx950,decode,torch.bfloat16,torch.float32,133,1,8,16,128,128,8,4,16,50.179999999999836
gfx950,decode,torch.bfloat16,torch.float32,134,1,8,16,128,128,8,4,16,50.50000000000023
gfx950,decode,torch.bfloat16,torch.float32,135,1,8,16,128,128,8,4,16,50.75949999999989
gfx950,decode,torch.bfloat16,torch.float32,136,1,8,16,128,128,8,4,16,51.079499999999825
gfx950,decode,torch.bfloat16,torch.float32,137,1,8,16,128,128,8,4,16,51.43950000000041
gfx950,decode,torch.bfloat16,torch.float32,138,1,8,16,128,128,8,4,16,51.79999999999973
gfx950,decode,torch.bfloat16,torch.float32,139,1,8,16,128,128,8,4,16,52.09999999999991
gfx950,decode,torch.bfloat16,torch.float32,140,1,8,16,128,128,8,4,16,52.1995000000004
gfx950,decode,torch.bfloat16,torch.float32,141,1,8,16,128,128,8,4,16,52.75949999999966
gfx950,decode,torch.bfloat16,torch.float32,142,1,8,16,128,128,8,4,16,53.099500000000035
gfx950,decode,torch.bfloat16,torch.float32,143,1,8,16,128,128,8,4,16,53.29950000000008
gfx950,decode,torch.bfloat16,torch.float32,144,1,8,16,128,128,8,4,16,53.59900000000016
gfx950,decode,torch.bfloat16,torch.float32,145,1,8,16,128,128,8,4,16,54.039999999999964
gfx950,decode,torch.bfloat16,torch.float32,146,1,8,16,128,128,8,4,16,54.5794999999996
gfx950,decode,torch.bfloat16,torch.float32,147,1,8,16,128,128,8,4,16,54.639500000000226
gfx950,decode,torch.bfloat16,torch.float32,148,1,8,16,128,128,8,4,16,54.91999999999962
gfx950,decode,torch.bfloat16,torch.float32,149,1,8,16,128,128,8,4,16,55.319999999999936
gfx950,decode,torch.bfloat16,torch.float32,150,1,8,16,128,128,8,4,16,55.75999999999999
gfx950,decode,torch.bfloat16,torch.float32,151,1,8,16,128,128,8,4,16,55.97900000000004
gfx950,decode,torch.bfloat16,torch.float32,152,1,8,16,128,128,8,4,16,56.23999999999978
gfx950,decode,torch.bfloat16,torch.float32,153,1,8,16,128,128,8,4,16,56.639500000000226
gfx950,decode,torch.bfloat16,torch.float32,154,1,8,16,128,128,8,4,16,57.299499999999625
gfx950,decode,torch.bfloat16,torch.float32,155,1,8,16,128,128,8,4,16,57.27899999999977
gfx950,decode,torch.bfloat16,torch.float32,156,1,8,16,128,128,8,4,16,57.539999999999964
gfx950,decode,torch.bfloat16,torch.float32,157,1,8,16,128,128,8,4,16,58.039999999999964
gfx950,decode,torch.bfloat16,torch.float32,158,1,8,16,128,128,8,4,16,58.599500000000035
gfx950,decode,torch.bfloat16,torch.float32,159,1,8,16,128,128,8,4,16,58.80000000000018
gfx950,decode,torch.bfloat16,torch.float32,160,1,8,16,128,128,8,4,16,58.95949999999971
gfx950,decode,torch.bfloat16,torch.float32,161,1,8,16,128,128,8,4,16,59.45949999999948
gfx950,decode,torch.bfloat16,torch.float32,162,1,8,16,128,128,8,4,16,60.100000000000364
gfx950,decode,torch.bfloat16,torch.float32,163,1,8,16,128,128,8,4,16,60.059999999999945
gfx950,decode,torch.bfloat16,torch.float32,164,1,8,16,128,128,8,4,16,60.320000000000164
gfx950,decode,torch.bfloat16,torch.float32,165,1,8,16,128,128,8,4,16,60.759500000000116
gfx950,decode,torch.bfloat16,torch.float32,166,1,8,16,128,128,8,4,16,61.39949999999976
gfx950,decode,torch.bfloat16,torch.float32,167,1,8,16,128,128,8,4,16,61.4399999999996
gfx950,decode,torch.bfloat16,torch.float32,168,1,8,16,128,128,8,4,16,61.6400000000001
gfx950,decode,torch.bfloat16,torch.float32,169,1,8,16,128,128,8,4,16,62.26000000000022
gfx950,decode,torch.bfloat16,torch.float32,170,1,8,16,128,128,8,4,16,62.620000000000346
gfx950,decode,torch.bfloat16,torch.float32,171,1,8,16,128,128,8,4,16,62.88000000000011
gfx950,decode,torch.bfloat16,torch.float32,172,1,8,16,128,128,8,4,16,63.09949999999981
gfx950,decode,torch.bfloat16,torch.float32,173,1,8,16,128,128,8,4,16,63.439499999999725
gfx950,decode,torch.bfloat16,torch.float32,174,1,8,16,128,128,8,4,16,64.01999999999998
gfx950,decode,torch.bfloat16,torch.float32,175,1,8,16,128,128,8,4,16,64.3594999999998
gfx950,decode,torch.bfloat16,torch.float32,176,1,8,16,128,128,8,4,16,64.29950000000031
gfx950,decode,torch.bfloat16,torch.float32,177,1,8,16,128,128,8,4,16,64.92000000000007
gfx950,decode,torch.bfloat16,torch.float32,178,1,8,16,128,128,8,4,16,66.20000000000016
gfx950,decode,torch.bfloat16,torch.float32,179,1,8,16,128,128,8,4,16,65.44000000000005
gfx950,decode,torch.bfloat16,torch.float32,180,1,8,16,128,128,8,4,16,65.53950000000032
gfx950,decode,torch.bfloat16,torch.float32,181,1,8,16,128,128,8,4,16,66.05949999999984
gfx950,decode,torch.bfloat16,torch.float32,182,1,8,16,128,128,8,4,16,67.03999999999996
gfx950,decode,torch.bfloat16,torch.float32,183,1,8,16,128,128,8,4,16,66.88000000000011
gfx950,decode,torch.bfloat16,torch.float32,184,1,8,16,128,128,8,4,16,66.81900000000041
gfx950,decode,torch.bfloat16,torch.float32,185,1,8,16,128,128,8,4,16,67.57950000000005
gfx950,decode,torch.bfloat16,torch.float32,186,1,8,16,128,128,8,4,16,68.15999999999985
gfx950,decode,torch.bfloat16,torch.float32,187,1,8,16,128,128,8,4,16,68.11950000000047
gfx950,decode,torch.bfloat16,torch.float32,188,1,8,16,128,128,8,4,16,67.88000000000011
gfx950,decode,torch.bfloat16,torch.float32,189,1,8,16,128,128,8,4,16,68.75999999999999
gfx950,decode,torch.bfloat16,torch.float32,190,1,8,16,128,128,8,4,16,69.43999999999983
gfx950,decode,torch.bfloat16,torch.float32,191,1,8,16,128,128,8,4,16,69.45999999999981
gfx950,decode,torch.bfloat16,torch.float32,192,1,8,16,128,128,8,4,16,69.4399999999996
gfx950,decode,torch.bfloat16,torch.float32,193,1,8,16,128,128,8,4,16,70.11999999999989
gfx950,decode,torch.bfloat16,torch.float32,194,1,8,16,128,128,8,4,16,70.8599999999999
gfx950,decode,torch.bfloat16,torch.float32,195,1,8,16,128,128,8,4,16,70.72000000000025
gfx950,decode,torch.bfloat16,torch.float32,196,1,8,16,128,128,8,4,16,70.79950000000008
gfx950,decode,torch.bfloat16,torch.float32,197,1,8,16,128,128,8,4,16,71.81950000000006
gfx950,decode,torch.bfloat16,torch.float32,198,1,8,16,128,128,8,4,16,71.92000000000007
gfx950,decode,torch.bfloat16,torch.float32,199,1,8,16,128,128,8,4,16,72.3599999999999
gfx950,decode,torch.bfloat16,torch.float32,200,1,8,16,128,128,8,4,16,72.34000000000037
gfx950,decode,torch.bfloat16,torch.float32,201,1,8,16,128,128,8,4,16,72.83999999999969
gfx950,decode,torch.bfloat16,torch.float32,202,1,8,16,128,128,8,4,16,73.74000000000001
gfx950,decode,torch.bfloat16,torch.float32,203,1,8,16,128,128,8,4,16,73.61999999999989
gfx950,decode,torch.bfloat16,torch.float32,204,1,8,16,128,128,8,4,16,73.51999999999998
gfx950,decode,torch.bfloat16,torch.float32,205,1,8,16,128,128,8,4,16,74.39999999999964
gfx950,decode,torch.bfloat16,torch.float32,206,1,8,16,128,128,8,4,16,75.82000000000016
gfx950,decode,torch.bfloat16,torch.float32,207,1,8,16,128,128,8,4,16,75.51949999999943
gfx950,decode,torch.bfloat16,torch.float32,208,1,8,16,128,128,8,4,16,75.56000000000017
gfx950,decode,torch.bfloat16,torch.float32,209,1,8,16,128,128,8,4,16,75.96000000000004
gfx950,decode,torch.bfloat16,torch.float32,210,1,8,16,128,128,8,4,16,77.59999999999991
gfx950,decode,torch.bfloat16,torch.float32,211,1,8,16,128,128,8,4,16,77.29999999999973
gfx950,decode,torch.bfloat16,torch.float32,212,1,8,16,128,128,8,4,16,76.67949999999996
gfx950,decode,torch.bfloat16,torch.float32,213,1,8,16,128,128,8,4,16,78.22000000000003
gfx950,decode,torch.bfloat16,torch.float32,214,1,8,16,128,128,8,4,16,78.03999999999996
gfx950,decode,torch.bfloat16,torch.float32,215,1,8,16,128,128,8,4,16,79.37999999999965
gfx950,decode,torch.bfloat16,torch.float32,216,1,8,16,128,128,8,4,16,78.76000000000022
gfx950,decode,torch.bfloat16,torch.float32,217,1,8,16,128,128,8,4,16,78.70000000000005
gfx950,decode,torch.bfloat16,torch.float32,218,1,8,16,128,128,8,4,16,80.26000000000022
gfx950,decode,torch.bfloat16,torch.float32,219,1,8,16,128,128,8,4,16,79.89949999999999
gfx950,decode,torch.bfloat16,torch.float32,220,1,8,16,128,128,8,4,16,79.44000000000028
gfx950,decode,torch.bfloat16,torch.float32,221,1,8,16,128,128,8,4,16,80.15999999999985
gfx950,decode,torch.bfloat16,torch.float32,222,1,8,16,128,128,8,4,16,81.16000000000008
gfx950,decode,torch.bfloat16,torch.float32,223,1,8,16,128,128,8,4,16,81.2199999999998
gfx950,decode,torch.bfloat16,torch.float32,224,1,8,16,128,128,8,4,16,81.54000000000019
gfx950,decode,torch.bfloat16,torch.float32,225,1,8,16,128,128,8,4,16,81.81999999999994
gfx950,decode,torch.bfloat16,torch.float32,226,1,8,16,128,128,8,4,16,83.33999999999992
gfx950,decode,torch.bfloat16,torch.float32,227,1,8,16,128,128,8,4,16,82.48000000000002
gfx950,decode,torch.bfloat16,torch.float32,228,1,8,16,128,128,8,4,16,82.6400000000001
gfx950,decode,torch.bfloat16,torch.float32,229,1,8,16,128,128,8,4,16,82.98000000000002
gfx950,decode,torch.bfloat16,torch.float32,230,1,8,16,128,128,8,4,16,83.98000000000002
gfx950,decode,torch.bfloat16,torch.float32,231,1,8,16,128,128,8,4,16,84.72000000000025
gfx950,decode,torch.bfloat16,torch.float32,232,1,8,16,128,128,8,4,16,84.47999999999979
gfx950,decode,torch.bfloat16,torch.float32,233,1,8,16,128,128,8,4,16,85.2199999999998
gfx950,decode,torch.bfloat16,torch.float32,234,1,8,16,128,128,8,4,16,85.70000000000005
gfx950,decode,torch.bfloat16,torch.float32,235,1,8,16,128,128,8,4,16,85.3599999999999
gfx950,decode,torch.bfloat16,torch.float32,236,1,8,16,128,128,8,4,16,85.08000000000015
gfx950,decode,torch.bfloat16,torch.float32,237,1,8,16,128,128,8,4,16,86.40000000000009
gfx950,decode,torch.bfloat16,torch.float32,238,1,8,16,128,128,8,4,16,86.83999999999969
gfx950,decode,torch.bfloat16,torch.float32,239,1,8,16,128,128,8,4,16,86.59999999999968
gfx950,decode,torch.bfloat16,torch.float32,240,1,8,16,128,128,8,4,16,86.83999999999992
gfx950,decode,torch.bfloat16,torch.float32,241,1,8,16,128,128,8,4,16,87.87999999999965
gfx950,decode,torch.bfloat16,torch.float32,242,1,8,16,128,128,8,4,16,88.33999999999969
gfx950,decode,torch.bfloat16,torch.float32,243,1,8,16,128,128,8,4,16,88.15999999999974
gfx950,decode,torch.bfloat16,torch.float32,244,1,8,16,128,128,8,4,16,88.47999999999956
gfx950,decode,torch.bfloat16,torch.float32,245,1,8,16,128,128,8,4,16,89.0
gfx950,decode,torch.bfloat16,torch.float32,246,1,8,16,128,128,8,4,16,89.24000000000001
gfx950,decode,torch.bfloat16,torch.float32,247,1,8,16,128,128,8,4,16,88.82000000000016
gfx950,decode,torch.bfloat16,torch.float32,248,1,8,16,128,128,8,4,16,89.40000000000009
gfx950,decode,torch.bfloat16,torch.float32,249,1,8,16,128,128,8,4,16,90.07999999999993
gfx950,decode,torch.bfloat16,torch.float32,250,1,8,16,128,128,8,4,16,90.76000000000022
gfx950,decode,torch.bfloat16,torch.float32,251,1,8,16,128,128,8,4,16,90.59999999999991
gfx950,decode,torch.bfloat16,torch.float32,252,1,8,16,128,128,8,4,16,90.30000000000018
gfx950,decode,torch.bfloat16,torch.float32,253,1,8,16,128,128,8,4,16,91.47999999999979
gfx950,decode,torch.bfloat16,torch.float32,254,1,8,16,128,128,8,4,16,92.07999999999993
gfx950,decode,torch.bfloat16,torch.float32,255,1,8,16,128,128,8,4,16,91.70050000000003
gfx950,decode,torch.bfloat16,torch.float32,256,1,8,16,128,128,8,4,16,92.11999999999989
gfx950,decode,torch.bfloat16,torch.float32,129,1,16,32,128,128,8,4,16,92.94000000000051
gfx950,decode,torch.bfloat16,torch.float32,130,1,16,32,128,128,8,4,16,94.03999999999951
gfx950,decode,torch.bfloat16,torch.float32,131,1,16,32,128,128,8,4,16,93.75999999999931
gfx950,decode,torch.bfloat16,torch.float32,132,1,16,32,128,128,8,4,16,94.94000000000005
gfx950,decode,torch.bfloat16,torch.float32,133,1,16,32,128,128,8,4,16,96.23999999999933
gfx950,decode,torch.bfloat16,torch.float32,134,1,16,32,128,128,8,4,16,96.52050000000054
gfx950,decode,torch.bfloat16,torch.float32,135,1,16,32,128,128,8,4,16,97.46000000000004
gfx950,decode,torch.bfloat16,torch.float32,136,1,16,32,128,128,8,4,16,97.73999999999978
gfx950,decode,torch.bfloat16,torch.float32,137,1,16,32,128,128,8,4,16,98.69999999999982
gfx950,decode,torch.bfloat16,torch.float32,138,1,16,32,128,128,8,4,16,99.46000000000004
gfx950,decode,torch.bfloat16,torch.float32,139,1,16,32,128,128,8,4,16,100.92000000000007
gfx950,decode,torch.bfloat16,torch.float32,140,1,16,32,128,128,8,4,16,100.46050000000014
gfx950,decode,torch.bfloat16,torch.float32,141,1,16,32,128,128,8,4,16,101.44000000000096
gfx950,decode,torch.bfloat16,torch.float32,142,1,16,32,128,128,8,4,16,101.60049999999956
gfx950,decode,torch.bfloat16,torch.float32,143,1,16,32,128,128,8,4,16,102.0600000000004
gfx950,decode,torch.bfloat16,torch.float32,144,1,16,32,128,128,8,4,16,102.82000000000016
gfx950,decode,torch.bfloat16,torch.float32,145,1,16,32,128,128,8,4,16,104.74099999999953
gfx950,decode,torch.bfloat16,torch.float32,146,1,16,32,128,128,8,4,16,105.16000000000031
gfx950,decode,torch.bfloat16,torch.float32,147,1,16,32,128,128,8,4,16,105.54000000000042
gfx950,decode,torch.bfloat16,torch.float32,148,1,16,32,128,128,8,4,16,106.29999999999973
gfx950,decode,torch.bfloat16,torch.float32,149,1,16,32,128,128,8,4,16,107.28050000000076
gfx950,decode,torch.bfloat16,torch.float32,150,1,16,32,128,128,8,4,16,107.44000000000051
gfx950,decode,torch.bfloat16,torch.float32,151,1,16,32,128,128,8,4,16,108.8409999999999
gfx950,decode,torch.bfloat16,torch.float32,152,1,16,32,128,128,8,4,16,108.61999999999989
gfx950,decode,torch.bfloat16,torch.float32,153,1,16,32,128,128,8,4,16,109.44000000000051
gfx950,decode,torch.bfloat16,torch.float32,154,1,16,32,128,128,8,4,16,109.89999999999964
gfx950,decode,torch.bfloat16,torch.float32,155,1,16,32,128,128,8,4,16,111.48000000000047
gfx950,decode,torch.bfloat16,torch.float32,156,1,16,32,128,128,8,4,16,111.42100000000028
gfx950,decode,torch.bfloat16,torch.float32,157,1,16,32,128,128,8,4,16,113.0
gfx950,decode,torch.bfloat16,torch.float32,158,1,16,32,128,128,8,4,16,112.80000000000018
gfx950,decode,torch.bfloat16,torch.float32,159,1,16,32,128,128,8,4,16,114.26049999999987
gfx950,decode,torch.bfloat16,torch.float32,160,1,16,32,128,128,8,4,16,113.37999999999965
gfx950,decode,torch.bfloat16,torch.float32,161,1,16,32,128,128,8,4,16,115.59999999999991
gfx950,decode,torch.bfloat16,torch.float32,162,1,16,32,128,128,8,4,16,115.38000000000011
gfx950,decode,torch.bfloat16,torch.float32,163,1,16,32,128,128,8,4,16,116.69999999999982
gfx950,decode,torch.bfloat16,torch.float32,164,1,16,32,128,128,8,4,16,117.04000000000087
gfx950,decode,torch.bfloat16,torch.float32,165,1,16,32,128,128,8,4,16,117.82049999999981
gfx950,decode,torch.bfloat16,torch.float32,166,1,16,32,128,128,8,4,16,118.32049999999981
gfx950,decode,torch.bfloat16,torch.float32,167,1,16,32,128,128,8,4,16,119.82049999999981
gfx950,decode,torch.bfloat16,torch.float32,168,1,16,32,128,128,8,4,16,120.28049999999985
gfx950,decode,torch.bfloat16,torch.float32,169,1,16,32,128,128,8,4,16,121.42000000000007
gfx950,decode,torch.bfloat16,torch.float32,170,1,16,32,128,128,8,4,16,120.8804999999993
gfx950,decode,torch.bfloat16,torch.float32,171,1,16,32,128,128,8,4,16,122.34050000000025
gfx950,decode,torch.bfloat16,torch.float32,172,1,16,32,128,128,8,4,16,122.5609999999997
gfx950,decode,torch.bfloat16,torch.float32,173,1,16,32,128,128,8,4,16,123.70099999999957
gfx950,decode,torch.bfloat16,torch.float32,174,1,16,32,128,128,8,4,16,122.98100000000022
gfx950,decode,torch.bfloat16,torch.float32,175,1,16,32,128,128,8,4,16,125.96000000000004
gfx950,decode,torch.bfloat16,torch.float32,176,1,16,32,128,128,8,4,16,126.12000000000035
gfx950,decode,torch.bfloat16,torch.float32,177,1,16,32,128,128,8,4,16,126.19999999999891
gfx950,decode,torch.bfloat16,torch.float32,178,1,16,32,128,128,8,4,16,126.82099999999946
gfx950,decode,torch.bfloat16,torch.float32,179,1,16,32,128,128,8,4,16,128.4404999999997
gfx950,decode,torch.bfloat16,torch.float32,180,1,16,32,128,128,8,4,16,128.2604999999994
gfx950,decode,torch.bfloat16,torch.float32,181,1,16,32,128,128,8,4,16,130.06100000000015
gfx950,decode,torch.bfloat16,torch.float32,182,1,16,32,128,128,8,4,16,128.8800000000001
gfx950,decode,torch.bfloat16,torch.float32,183,1,16,32,128,128,8,4,16,131.42050000000063
gfx950,decode,torch.bfloat16,torch.float32,184,1,16,32,128,128,8,4,16,130.58100000000059
gfx950,decode,torch.bfloat16,torch.float32,185,1,16,32,128,128,8,4,16,132.46000000000004
gfx950,decode,torch.bfloat16,torch.float32,186,1,16,32,128,128,8,4,16,131.70049999999992
gfx950,decode,torch.bfloat16,torch.float32,187,1,16,32,128,128,8,4,16,134.1810000000005
gfx950,decode,torch.bfloat16,torch.float32,188,1,16,32,128,128,8,4,16,133.48099999999977
gfx950,decode,torch.bfloat16,torch.float32,189,1,16,32,128,128,8,4,16,135.79999999999973
gfx950,decode,torch.bfloat16,torch.float32,190,1,16,32,128,128,8,4,16,134.80050000000028
gfx950,decode,torch.bfloat16,torch.float32,191,1,16,32,128,128,8,4,16,136.10099999999966
gfx950,decode,torch.bfloat16,torch.float32,192,1,16,32,128,128,8,4,16,136.221
gfx950,decode,torch.bfloat16,torch.float32,193,1,16,32,128,128,8,4,16,138.1004999999991
gfx950,decode,torch.bfloat16,torch.float32,194,1,16,32,128,128,8,4,16,138.20050000000037
gfx950,decode,torch.bfloat16,torch.float32,195,1,16,32,128,128,8,4,16,139.4409999999998
gfx950,decode,torch.bfloat16,torch.float32,196,1,16,32,128,128,8,4,16,139.34050000000025
gfx950,decode,torch.bfloat16,torch.float32,197,1,16,32,128,128,8,4,16,140.88050000000067
gfx950,decode,torch.bfloat16,torch.float32,198,1,16,32,128,128,8,4,16,141.28049999999985
gfx950,decode,torch.bfloat16,torch.float32,199,1,16,32,128,128,8,4,16,141.4404999999997
gfx950,decode,torch.bfloat16,torch.float32,200,1,16,32,128,128,8,4,16,141.74099999999999
gfx950,decode,torch.bfloat16,torch.float32,201,1,16,32,128,128,8,4,16,144.08100000000013
gfx950,decode,torch.bfloat16,torch.float32,202,1,16,32,128,128,8,4,16,144.04050000000007
gfx950,decode,torch.bfloat16,torch.float32,203,1,16,32,128,128,8,4,16,144.70099999999957
gfx950,decode,torch.bfloat16,torch.float32,204,1,16,32,128,128,8,4,16,144.02100000000064
gfx950,decode,torch.bfloat16,torch.float32,205,1,16,32,128,128,8,4,16,145.96049999999968
gfx950,decode,torch.bfloat16,torch.float32,206,1,16,32,128,128,8,4,16,144.90049999999883
gfx950,decode,torch.bfloat16,torch.float32,207,1,16,32,128,128,8,4,32,147.66100000000006
gfx950,decode,torch.bfloat16,torch.float32,208,1,16,32,128,128,8,4,16,148.46099999999979
gfx950,decode,torch.bfloat16,torch.float32,209,1,16,32,128,128,8,4,16,149.26050000000032
gfx950,decode,torch.bfloat16,torch.float32,210,1,16,32,128,128,8,4,16,148.26100000000042
gfx950,decode,torch.bfloat16,torch.float32,211,1,16,32,128,128,8,4,16,151.24100000000044
gfx950,decode,torch.bfloat16,torch.float32,212,1,16,32,128,128,8,4,16,150.64049999999997
gfx950,decode,torch.bfloat16,torch.float32,213,1,16,32,128,128,8,4,16,153.0609999999997
gfx950,decode,torch.bfloat16,torch.float32,214,1,16,32,128,128,8,4,16,151.64100000000008
gfx950,decode,torch.bfloat16,torch.float32,215,1,16,32,128,128,8,4,16,154.3805000000002
gfx950,decode,torch.bfloat16,torch.float32,216,1,16,32,128,128,8,4,16,153.34100000000035
gfx950,decode,torch.bfloat16,torch.float32,217,1,16,32,128,128,8,4,16,155.14050000000043
gfx950,decode,torch.bfloat16,torch.float32,218,1,16,32,128,128,8,4,16,155.20100000000002
gfx950,decode,torch.bfloat16,torch.float32,219,1,16,32,128,128,8,4,32,156.68099999999959
gfx950,decode,torch.bfloat16,torch.float32,220,1,16,32,128,128,8,4,16,156.84099999999944
gfx950,decode,torch.bfloat16,torch.float32,221,1,16,32,128,128,8,4,16,157.22100000000046
gfx950,decode,torch.bfloat16,torch.float32,222,1,16,32,128,128,8,4,16,157.5409999999997
gfx950,decode,torch.bfloat16,torch.float32,223,1,16,32,128,128,8,4,16,159.82099999999946
gfx950,decode,torch.bfloat16,torch.float32,224,1,16,32,128,128,8,4,32,160.1210000000001
gfx950,decode,torch.bfloat16,torch.float32,225,1,16,32,128,128,8,4,16,160.14100000000008
gfx950,decode,torch.bfloat16,torch.float32,226,1,16,32,128,128,8,4,16,160.46100000000024
gfx950,decode,torch.bfloat16,torch.float32,227,1,16,32,128,128,8,4,16,162.48050000000057
gfx950,decode,torch.bfloat16,torch.float32,228,1,16,32,128,128,8,4,16,161.86099999999897
gfx950,decode,torch.bfloat16,torch.float32,229,1,16,32,128,128,8,4,16,163.76100000000042
gfx950,decode,torch.bfloat16,torch.float32,230,1,16,32,128,128,8,4,16,162.94100000000026
gfx950,decode,torch.bfloat16,torch.float32,231,1,16,32,128,128,8,4,32,165.20100000000002
gfx950,decode,torch.bfloat16,torch.float32,232,1,16,32,128,128,8,4,16,164.14099999999962
gfx950,decode,torch.bfloat16,torch.float32,233,1,16,32,128,128,8,4,32,166.84100000000035
gfx950,decode,torch.bfloat16,torch.float32,234,1,16,32,128,128,8,4,16,166.26099999999997
gfx950,decode,torch.bfloat16,torch.float32,235,1,16,32,128,128,8,4,32,167.58100000000059
gfx950,decode,torch.bfloat16,torch.float32,236,1,16,32,128,128,8,4,16,167.98100000000022
gfx950,decode,torch.bfloat16,torch.float32,237,1,16,32,128,128,8,4,32,169.20099999999957
gfx950,decode,torch.bfloat16,torch.float32,238,1,16,32,128,128,8,4,16,168.64099999999962
gfx950,decode,torch.bfloat16,torch.float32,239,1,16,32,128,128,8,4,16,169.3209999999999
gfx950,decode,torch.bfloat16,torch.float32,240,1,16,32,128,128,8,4,16,170.62099999999964
gfx950,decode,torch.bfloat16,torch.float32,241,1,16,32,128,128,8,4,16,172.0609999999997
gfx950,decode,torch.bfloat16,torch.float32,242,1,16,32,128,128,8,4,16,172.10099999999966
gfx950,decode,torch.bfloat16,torch.float32,243,1,16,32,128,128,8,4,16,172.90099999999984
gfx950,decode,torch.bfloat16,torch.float32,244,1,16,32,128,128,8,4,16,172.92099999999937
gfx950,decode,torch.bfloat16,torch.float32,245,1,16,32,128,128,8,4,16,175.96100000000024
gfx950,decode,torch.bfloat16,torch.float32,246,1,16,32,128,128,8,4,16,175.22099999999955
gfx950,decode,torch.bfloat16,torch.float32,247,1,16,32,128,128,8,4,32,176.3810000000003
gfx950,decode,torch.bfloat16,torch.float32,248,1,16,32,128,128,8,4,16,177.40099999999984
gfx950,decode,torch.bfloat16,torch.float32,249,1,16,32,128,128,8,4,16,178.22149999999965
gfx950,decode,torch.bfloat16,torch.float32,250,1,16,32,128,128,8,4,16,178.3610000000008
gfx950,decode,torch.bfloat16,torch.float32,251,1,16,32,128,128,8,4,16,179.24099999999908
gfx950,decode,torch.bfloat16,torch.float32,252,1,16,32,128,128,8,4,16,177.9414999999999
gfx950,decode,torch.bfloat16,torch.float32,253,1,16,32,128,128,8,4,16,179.86099999999942
gfx950,decode,torch.bfloat16,torch.float32,254,1,16,32,128,128,8,4,16,180.30099999999948
gfx950,decode,torch.bfloat16,torch.float32,255,1,16,32,128,128,8,4,16,180.58099999999968
gfx950,decode,torch.bfloat16,torch.float32,256,1,16,32,128,128,8,4,16,181.74099999999999
gfx950,decode,torch.bfloat16,torch.float32,129,1,2,8,128,128,4,4,8,26.759500000000003
gfx950,decode,torch.bfloat16,torch.float32,130,1,2,8,128,128,8,4,16,27.119000000000028
gfx950,decode,torch.bfloat16,torch.float32,131,1,2,8,128,128,8,4,16,27.31899999999996
gfx950,decode,torch.bfloat16,torch.float32,132,1,2,8,128,128,4,4,8,27.519000000000005
gfx950,decode,torch.bfloat16,torch.float32,133,1,2,8,128,128,8,4,16,27.538999999999987
gfx950,decode,torch.bfloat16,torch.float32,134,1,2,8,128,128,8,4,16,27.639000000000067
gfx950,decode,torch.bfloat16,torch.float32,135,1,2,8,128,128,4,4,8,27.798999999999978
gfx950,decode,torch.bfloat16,torch.float32,136,1,2,8,128,128,4,4,8,27.839500000000044
gfx950,decode,torch.bfloat16,torch.float32,137,1,2,8,128,128,8,4,16,28.120000000000232
gfx950,decode,torch.bfloat16,torch.float32,138,1,2,8,128,128,8,4,16,28.32000000000005
gfx950,decode,torch.bfloat16,torch.float32,139,1,2,8,128,128,8,4,16,28.579500000000053
gfx950,decode,torch.bfloat16,torch.float32,140,1,2,8,128,128,8,4,16,28.759000000000015
gfx950,decode,torch.bfloat16,torch.float32,141,1,2,8,128,128,8,4,16,28.879499999999894
gfx950,decode,torch.bfloat16,torch.float32,142,1,2,8,128,128,8,4,16,29.119000000000028
gfx950,decode,torch.bfloat16,torch.float32,143,1,2,8,128,128,8,4,16,29.11999999999989
gfx950,decode,torch.bfloat16,torch.float32,144,1,2,8,128,128,4,4,8,29.159500000000094
gfx950,decode,torch.bfloat16,torch.float32,145,1,2,8,128,128,8,4,16,29.440000000000055
gfx950,decode,torch.bfloat16,torch.float32,146,1,2,8,128,128,8,4,16,29.679000000000087
gfx950,decode,torch.bfloat16,torch.float32,147,1,2,8,128,128,8,4,16,29.978999999999985
gfx950,decode,torch.bfloat16,torch.float32,148,1,2,8,128,128,8,4,16,30.17950000000019
gfx950,decode,torch.bfloat16,torch.float32,149,1,2,8,128,128,8,4,16,30.21950000000004
gfx950,decode,torch.bfloat16,torch.float32,150,1,2,8,128,128,8,4,16,30.378999999999905
gfx950,decode,torch.bfloat16,torch.float32,151,1,2,8,128,128,4,4,8,30.459500000000162
gfx950,decode,torch.bfloat16,torch.float32,152,1,2,8,128,128,8,4,16,30.559500000000128
gfx950,decode,torch.bfloat16,torch.float32,153,1,2,8,128,128,8,4,16,30.85899999999998
gfx950,decode,torch.bfloat16,torch.float32,154,1,2,8,128,128,8,4,16,30.95949999999999
gfx950,decode,torch.bfloat16,torch.float32,155,1,2,8,128,128,8,4,16,31.298999999999978
gfx950,decode,torch.bfloat16,torch.float32,156,1,2,8,128,128,8,4,16,31.339499999999816
gfx950,decode,torch.bfloat16,torch.float32,157,1,2,8,128,128,8,4,16,31.57899999999995
gfx950,decode,torch.bfloat16,torch.float32,158,1,2,8,128,128,8,4,16,31.759000000000015
gfx950,decode,torch.bfloat16,torch.float32,159,1,2,8,128,128,8,4,16,31.73950000000002
gfx950,decode,torch.bfloat16,torch.float32,160,1,2,8,128,128,8,4,16,31.919500000000085
gfx950,decode,torch.bfloat16,torch.float32,161,1,2,8,128,128,8,4,16,32.15999999999991
gfx950,decode,torch.bfloat16,torch.float32,162,1,2,8,128,128,8,4,16,32.31999999999982
gfx950,decode,torch.bfloat16,torch.float32,163,1,2,8,128,128,8,4,16,32.479000000000156
gfx950,decode,torch.bfloat16,torch.float32,164,1,2,8,128,128,8,4,16,32.699499999999944
gfx950,decode,torch.bfloat16,torch.float32,165,1,2,8,128,128,8,4,16,32.91899999999987
gfx950,decode,torch.bfloat16,torch.float32,166,1,2,8,128,128,8,4,16,33.039499999999975
gfx950,decode,torch.bfloat16,torch.float32,167,1,2,8,128,128,8,4,16,33.158999999999935
gfx950,decode,torch.bfloat16,torch.float32,168,1,2,8,128,128,8,4,16,33.19950000000017
gfx950,decode,torch.bfloat16,torch.float32,169,1,2,8,128,128,8,4,16,33.49899999999991
gfx950,decode,torch.bfloat16,torch.float32,170,1,2,8,128,128,8,4,16,33.67900000000003
gfx950,decode,torch.bfloat16,torch.float32,171,1,2,8,128,128,8,4,16,33.95900000000006
gfx950,decode,torch.bfloat16,torch.float32,172,1,2,8,128,128,8,4,16,34.039999999999964
gfx950,decode,torch.bfloat16,torch.float32,173,1,2,8,128,128,8,4,16,34.23900000000003
gfx950,decode,torch.bfloat16,torch.float32,174,1,2,8,128,128,8,4,16,34.33949999999993
gfx950,decode,torch.bfloat16,torch.float32,175,1,2,8,128,128,8,4,16,34.55900000000008
gfx950,decode,torch.bfloat16,torch.float32,176,1,2,8,128,128,8,4,16,34.579499999999825
gfx950,decode,torch.bfloat16,torch.float32,177,1,2,8,128,128,8,4,16,34.779499999999985
gfx950,decode,torch.bfloat16,torch.float32,178,1,2,8,128,128,8,4,16,35.09949999999998
gfx950,decode,torch.bfloat16,torch.float32,179,1,2,8,128,128,8,4,16,35.24000000000012
gfx950,decode,torch.bfloat16,torch.float32,180,1,2,8,128,128,8,4,16,35.45950000000005
gfx950,decode,torch.bfloat16,torch.float32,181,1,2,8,128,128,8,4,16,35.659500000000094
gfx950,decode,torch.bfloat16,torch.float32,182,1,2,8,128,128,8,4,16,35.76000000000022
gfx950,decode,torch.bfloat16,torch.float32,183,1,2,8,128,128,8,4,16,35.93900000000002
gfx950,decode,torch.bfloat16,torch.float32,184,1,2,8,128,128,8,4,16,35.919999999999845
gfx950,decode,torch.bfloat16,torch.float32,185,1,2,8,128,128,8,4,16,36.23950000000002
gfx950,decode,torch.bfloat16,torch.float32,186,1,2,8,128,128,8,4,16,36.37950000000001
gfx950,decode,torch.bfloat16,torch.float32,187,1,2,8,128,128,8,4,16,36.51949999999988
gfx950,decode,torch.bfloat16,torch.float32,188,1,2,8,128,128,8,4,16,36.759000000000015
gfx950,decode,torch.bfloat16,torch.float32,189,1,2,8,128,128,8,4,16,36.89949999999999
gfx950,decode,torch.bfloat16,torch.float32,190,1,2,8,128,128,8,4,16,37.039999999999964
gfx950,decode,torch.bfloat16,torch.float32,191,1,2,8,128,128,8,4,16,37.17900000000009
gfx950,decode,torch.bfloat16,torch.float32,192,1,2,8,128,128,8,4,16,37.299499999999966
gfx950,decode,torch.bfloat16,torch.float32,193,1,2,8,128,128,8,4,16,37.479999999999905
gfx950,decode,torch.bfloat16,torch.float32,194,1,2,8,128,128,8,4,16,37.778999999999996
gfx950,decode,torch.bfloat16,torch.float32,195,1,2,8,128,128,8,4,16,37.97950000000003
gfx950,decode,torch.bfloat16,torch.float32,196,1,2,8,128,128,8,4,16,37.91949999999997
gfx950,decode,torch.bfloat16,torch.float32,197,1,2,8,128,128,8,4,16,38.21900000000005
gfx950,decode,torch.bfloat16,torch.float32,198,1,2,8,128,128,8,4,16,38.35900000000015
gfx950,decode,torch.bfloat16,torch.float32,199,1,2,8,128,128,8,4,16,38.45999999999981
gfx950,decode,torch.bfloat16,torch.float32,200,1,2,8,128,128,8,4,16,38.539499999999975
gfx950,decode,torch.bfloat16,torch.float32,201,1,2,8,128,128,8,4,16,38.65949999999975
gfx950,decode,torch.bfloat16,torch.float32,202,1,2,8,128,128,8,4,16,39.1194999999999
gfx950,decode,torch.bfloat16,torch.float32,203,1,2,8,128,128,8,4,16,39.1995
gfx950,decode,torch.bfloat16,torch.float32,204,1,2,8,128,128,8,4,16,39.398999999999944
gfx950,decode,torch.bfloat16,torch.float32,205,1,2,8,128,128,8,4,16,39.63900000000001
gfx950,decode,torch.bfloat16,torch.float32,206,1,2,8,128,128,8,4,16,39.68000000000018
gfx950,decode,torch.bfloat16,torch.float32,207,1,2,8,128,128,8,4,16,39.79899999999998
gfx950,decode,torch.bfloat16,torch.float32,208,1,2,8,128,128,8,4,16,39.95950000000005
gfx950,decode,torch.bfloat16,torch.float32,209,1,2,8,128,128,8,4,16,40.199499999999944
gfx950,decode,torch.bfloat16,torch.float32,210,1,2,8,128,128,8,4,16,40.49899999999985
gfx950,decode,torch.bfloat16,torch.float32,211,1,2,8,128,128,8,4,16,40.659000000000106
gfx950,decode,torch.bfloat16,torch.float32,212,1,2,8,128,128,8,4,16,40.799999999999955
gfx950,decode,torch.bfloat16,torch.float32,213,1,2,8,128,128,8,4,16,40.94
gfx950,decode,torch.bfloat16,torch.float32,214,1,2,8,128,128,8,4,16,41.05950000000007
gfx950,decode,torch.bfloat16,torch.float32,215,1,2,8,128,128,8,4,16,41.17950000000002
gfx950,decode,torch.bfloat16,torch.float32,216,1,2,8,128,128,8,4,16,41.2595
gfx950,decode,torch.bfloat16,torch.float32,217,1,2,8,128,128,8,4,16,41.45950000000005
gfx950,decode,torch.bfloat16,torch.float32,218,1,2,8,128,128,8,4,16,41.680000000000064
gfx950,decode,torch.bfloat16,torch.float32,219,1,2,8,128,128,8,4,16,42.039999999999964
gfx950,decode,torch.bfloat16,torch.float32,220,1,2,8,128,128,8,4,16,42.15899999999999
gfx950,decode,torch.bfloat16,torch.float32,221,1,2,8,128,128,8,4,16,42.19950000000006
gfx950,decode,torch.bfloat16,torch.float32,222,1,2,8,128,128,8,4,16,42.460000000000036
gfx950,decode,torch.bfloat16,torch.float32,223,1,2,8,128,128,8,4,16,42.539999999999964
gfx950,decode,torch.bfloat16,torch.float32,224,1,2,8,128,128,8,4,16,42.65949999999998
gfx950,decode,torch.bfloat16,torch.float32,225,1,2,8,128,128,8,4,16,42.78
gfx950,decode,torch.bfloat16,torch.float32,226,1,2,8,128,128,8,4,16,43.0
gfx950,decode,torch.bfloat16,torch.float32,227,1,2,8,128,128,8,4,16,43.39949999999993
gfx950,decode,torch.bfloat16,torch.float32,228,1,2,8,128,128,8,4,16,43.41950000000003
gfx950,decode,torch.bfloat16,torch.float32,229,1,2,8,128,128,8,4,16,43.759000000000015
gfx950,decode,torch.bfloat16,torch.float32,230,1,2,8,128,128,8,4,16,43.72000000000003
gfx950,decode,torch.bfloat16,torch.float32,231,1,2,8,128,128,8,4,16,43.67949999999996
gfx950,decode,torch.bfloat16,torch.float32,232,1,2,8,128,128,8,4,16,43.91950000000014
gfx950,decode,torch.bfloat16,torch.float32,233,1,2,8,128,128,8,4,16,44.17949999999996
gfx950,decode,torch.bfloat16,torch.float32,234,1,2,8,128,128,8,4,16,44.3995000000001
gfx950,decode,torch.bfloat16,torch.float32,235,1,2,8,128,128,8,4,16,44.57950000000005
gfx950,decode,torch.bfloat16,torch.float32,236,1,2,8,128,128,8,4,16,44.778999999999996
gfx950,decode,torch.bfloat16,torch.float32,237,1,2,8,128,128,8,4,16,44.959000000000174
gfx950,decode,torch.bfloat16,torch.float32,238,1,2,8,128,128,8,4,16,44.9994999999999
gfx950,decode,torch.bfloat16,torch.float32,239,1,2,8,128,128,8,4,16,45.0
gfx950,decode,torch.bfloat16,torch.float32,240,1,2,8,128,128,8,4,16,45.07999999999993
gfx950,decode,torch.bfloat16,torch.float32,241,1,2,8,128,128,8,4,16,45.25999999999999
gfx950,decode,torch.bfloat16,torch.float32,242,1,2,8,128,128,8,4,16,45.59999999999991
gfx950,decode,torch.bfloat16,torch.float32,243,1,2,8,128,128,8,4,16,45.7795000000001
gfx950,decode,torch.bfloat16,torch.float32,244,1,2,8,128,128,8,4,16,46.118999999999915
gfx950,decode,torch.bfloat16,torch.float32,245,1,2,8,128,128,8,4,16,46.100000000000136
gfx950,decode,torch.bfloat16,torch.float32,246,1,2,8,128,128,8,4,16,46.179499999999734
gfx950,decode,torch.bfloat16,torch.float32,247,1,2,8,128,128,8,4,16,46.2800000000002
gfx950,decode,torch.bfloat16,torch.float32,248,1,2,8,128,128,8,4,16,46.278999999999996
gfx950,decode,torch.bfloat16,torch.float32,249,1,2,8,128,128,8,4,16,46.57950000000005
gfx950,decode,torch.bfloat16,torch.float32,250,1,2,8,128,128,8,4,16,46.79950000000008
gfx950,decode,torch.bfloat16,torch.float32,251,1,2,8,128,128,8,4,16,47.019499999999994
gfx950,decode,torch.bfloat16,torch.float32,252,1,2,8,128,128,8,4,16,47.419999999999845
gfx950,decode,torch.bfloat16,torch.float32,253,1,2,8,128,128,8,4,16,47.358999999999924
gfx950,decode,torch.bfloat16,torch.float32,254,1,2,8,128,128,8,4,16,47.55950000000007
gfx950,decode,torch.bfloat16,torch.float32,255,1,2,8,128,128,8,4,16,47.678999999999974
gfx950,decode,torch.bfloat16,torch.float32,256,1,2,8,128,128,8,4,16,47.779999999999916
gfx950,decode,torch.bfloat16,torch.float32,129,1,4,16,128,128,8,4,16,48.69999999999959
gfx950,decode,torch.bfloat16,torch.float32,130,1,4,16,128,128,8,4,16,49.19950000000017
gfx950,decode,torch.bfloat16,torch.float32,131,1,4,16,128,128,8,4,16,49.2199999999998
gfx950,decode,torch.bfloat16,torch.float32,132,1,4,16,128,128,8,4,16,49.440000000000055
gfx950,decode,torch.bfloat16,torch.float32,133,1,4,16,128,128,8,4,16,50.039999999999964
gfx950,decode,torch.bfloat16,torch.float32,134,1,4,16,128,128,8,4,16,50.36000000000013
gfx950,decode,torch.bfloat16,torch.float32,135,1,4,16,128,128,8,4,16,50.75999999999976
gfx950,decode,torch.bfloat16,torch.float32,136,1,4,16,128,128,8,4,16,50.91899999999987
gfx950,decode,torch.bfloat16,torch.float32,137,1,4,16,128,128,8,4,16,51.36000000000013
gfx950,decode,torch.bfloat16,torch.float32,138,1,4,16,128,128,8,4,16,51.859500000000025
gfx950,decode,torch.bfloat16,torch.float32,139,1,4,16,128,128,8,4,16,51.91949999999997
gfx950,decode,torch.bfloat16,torch.float32,140,1,4,16,128,128,8,4,16,52.25949999999989
gfx950,decode,torch.bfloat16,torch.float32,141,1,4,16,128,128,8,4,16,52.51999999999998
gfx950,decode,torch.bfloat16,torch.float32,142,1,4,16,128,128,8,4,16,53.080000000000155
gfx950,decode,torch.bfloat16,torch.float32,143,1,4,16,128,128,8,4,16,53.07999999999993
gfx950,decode,torch.bfloat16,torch.float32,144,1,4,16,128,128,8,4,16,53.43900000000008
gfx950,decode,torch.bfloat16,torch.float32,145,1,4,16,128,128,8,4,16,53.960000000000036
gfx950,decode,torch.bfloat16,torch.float32,146,1,4,16,128,128,8,4,16,54.63950000000045
gfx950,decode,torch.bfloat16,torch.float32,147,1,4,16,128,128,8,4,16,54.59949999999958
gfx950,decode,torch.bfloat16,torch.float32,148,1,4,16,128,128,8,4,16,54.83899999999994
gfx950,decode,torch.bfloat16,torch.float32,149,1,4,16,128,128,8,4,16,55.39900000000034
gfx950,decode,torch.bfloat16,torch.float32,150,1,4,16,128,128,8,4,16,55.7800000000002
gfx950,decode,torch.bfloat16,torch.float32,151,1,4,16,128,128,8,4,16,55.839499999999816
gfx950,decode,torch.bfloat16,torch.float32,152,1,4,16,128,128,8,4,16,56.15949999999998
gfx950,decode,torch.bfloat16,torch.float32,153,1,4,16,128,128,8,4,16,56.81950000000006
gfx950,decode,torch.bfloat16,torch.float32,154,1,4,16,128,128,8,4,16,57.11999999999989
gfx950,decode,torch.bfloat16,torch.float32,155,1,4,16,128,128,8,4,16,57.419999999999845
gfx950,decode,torch.bfloat16,torch.float32,156,1,4,16,128,128,8,4,16,57.478999999999814
gfx950,decode,torch.bfloat16,torch.float32,157,1,4,16,128,128,8,4,16,57.88000000000011
gfx950,decode,torch.bfloat16,torch.float32,158,1,4,16,128,128,8,4,16,58.4200000000003
gfx950,decode,torch.bfloat16,torch.float32,159,1,4,16,128,128,8,4,16,58.600000000000136
gfx950,decode,torch.bfloat16,torch.float32,160,1,4,16,128,128,8,4,16,58.9399999999996
gfx950,decode,torch.bfloat16,torch.float32,161,1,4,16,128,128,8,4,16,59.37999999999988
gfx950,decode,torch.bfloat16,torch.float32,162,1,4,16,128,128,8,4,16,59.87950000000001
gfx950,decode,torch.bfloat16,torch.float32,163,1,4,16,128,128,8,4,16,59.95949999999948
gfx950,decode,torch.bfloat16,torch.float32,164,1,4,16,128,128,8,4,16,60.23999999999978
gfx950,decode,torch.bfloat16,torch.float32,165,1,4,16,128,128,8,4,16,60.69999999999936
gfx950,decode,torch.bfloat16,torch.float32,166,1,4,16,128,128,8,4,16,61.279999999999745
gfx950,decode,torch.bfloat16,torch.float32,167,1,4,16,128,128,8,4,16,61.2199999999998
gfx950,decode,torch.bfloat16,torch.float32,168,1,4,16,128,128,8,4,16,61.51999999999998
gfx950,decode,torch.bfloat16,torch.float32,169,1,4,16,128,128,8,4,16,62.01999999999998
gfx950,decode,torch.bfloat16,torch.float32,170,1,4,16,128,128,8,4,16,62.680000000000064
gfx950,decode,torch.bfloat16,torch.float32,171,1,4,16,128,128,8,4,16,62.7199999999998
gfx950,decode,torch.bfloat16,torch.float32,172,1,4,16,128,128,8,4,16,62.859500000000025
gfx950,decode,torch.bfloat16,torch.float32,173,1,4,16,128,128,8,4,16,63.35950000000025
gfx950,decode,torch.bfloat16,torch.float32,174,1,4,16,128,128,8,4,16,63.95899999999983
gfx950,decode,torch.bfloat16,torch.float32,175,1,4,16,128,128,8,4,16,63.99900000000025
gfx950,decode,torch.bfloat16,torch.float32,176,1,4,16,128,128,8,4,16,64.11899999999991
gfx950,decode,torch.bfloat16,torch.float32,177,1,4,16,128,128,8,4,16,64.71999999999935
gfx950,decode,torch.bfloat16,torch.float32,178,1,4,16,128,128,8,4,16,65.3594999999998
gfx950,decode,torch.bfloat16,torch.float32,179,1,4,16,128,128,8,4,16,65.3594999999998
gfx950,decode,torch.bfloat16,torch.float32,180,1,4,16,128,128,8,4,16,65.41999999999985
gfx950,decode,torch.bfloat16,torch.float32,181,1,4,16,128,128,8,4,16,66.07949999999983
gfx950,decode,torch.bfloat16,torch.float32,182,1,4,16,128,128,8,4,16,66.96000000000004
gfx950,decode,torch.bfloat16,torch.float32,183,1,4,16,128,128,8,4,16,66.65949999999953
gfx950,decode,torch.bfloat16,torch.float32,184,1,4,16,128,128,8,4,16,66.79999999999995
gfx950,decode,torch.bfloat16,torch.float32,185,1,4,16,128,128,8,4,16,67.45999999999958
gfx950,decode,torch.bfloat16,torch.float32,186,1,4,16,128,128,8,4,16,67.86000000000013
gfx950,decode,torch.bfloat16,torch.float32,187,1,4,16,128,128,8,4,16,67.81950000000006
gfx950,decode,torch.bfloat16,torch.float32,188,1,4,16,128,128,8,4,16,68.47949999999992
gfx950,decode,torch.bfloat16,torch.float32,189,1,4,16,128,128,8,4,16,68.79999999999995
gfx950,decode,torch.bfloat16,torch.float32,190,1,4,16,128,128,8,4,16,69.6400000000001
gfx950,decode,torch.bfloat16,torch.float32,191,1,4,16,128,128,8,4,16,69.5
gfx950,decode,torch.bfloat16,torch.float32,192,1,4,16,128,128,8,4,16,69.44000000000028
gfx950,decode,torch.bfloat16,torch.float32,193,1,4,16,128,128,8,4,16,70.37950000000001
gfx950,decode,torch.bfloat16,torch.float32,194,1,4,16,128,128,8,4,16,70.84000000000015
gfx950,decode,torch.bfloat16,torch.float32,195,1,4,16,128,128,8,4,16,70.83999999999992
gfx950,decode,torch.bfloat16,torch.float32,196,1,4,16,128,128,8,4,16,70.89949999999999
gfx950,decode,torch.bfloat16,torch.float32,197,1,4,16,128,128,8,4,16,71.59999999999991
gfx950,decode,torch.bfloat16,torch.float32,198,1,4,16,128,128,8,4,16,71.77999999999975
gfx950,decode,torch.bfloat16,torch.float32,199,1,4,16,128,128,8,4,16,72.31950000000006
gfx950,decode,torch.bfloat16,torch.float32,200,1,4,16,128,128,8,4,16,72.43999999999983
gfx950,decode,torch.bfloat16,torch.float32,201,1,4,16,128,128,8,4,16,73.07999999999993
gfx950,decode,torch.bfloat16,torch.float32,202,1,4,16,128,128,8,4,16,73.55949999999962
gfx950,decode,torch.bfloat16,torch.float32,203,1,4,16,128,128,8,4,16,74.2194999999997
gfx950,decode,torch.bfloat16,torch.float32,204,1,4,16,128,128,8,4,16,73.75999999999999
gfx950,decode,torch.bfloat16,torch.float32,205,1,4,16,128,128,8,4,16,74.45949999999993
gfx950,decode,torch.bfloat16,torch.float32,206,1,4,16,128,128,8,4,16,75.29999999999973
gfx950,decode,torch.bfloat16,torch.float32,207,1,4,16,128,128,8,4,16,75.22000000000025
gfx950,decode,torch.bfloat16,torch.float32,208,1,4,16,128,128,8,4,16,75.03999999999996
gfx950,decode,torch.bfloat16,torch.float32,209,1,4,16,128,128,8,4,16,75.87999999999988
gfx950,decode,torch.bfloat16,torch.float32,210,1,4,16,128,128,8,4,16,77.27949999999987
gfx950,decode,torch.bfloat16,torch.float32,211,1,4,16,128,128,8,4,16,76.2199999999998
gfx950,decode,torch.bfloat16,torch.float32,212,1,4,16,128,128,8,4,16,76.7800000000002
gfx950,decode,torch.bfloat16,torch.float32,213,1,4,16,128,128,8,4,16,77.23999999999978
gfx950,decode,torch.bfloat16,torch.float32,214,1,4,16,128,128,8,4,16,78.94000000000005
gfx950,decode,torch.bfloat16,torch.float32,215,1,4,16,128,128,8,4,16,77.7800000000002
gfx950,decode,torch.bfloat16,torch.float32,216,1,4,16,128,128,8,4,16,78.48000000000002
gfx950,decode,torch.bfloat16,torch.float32,217,1,4,16,128,128,8,4,16,78.91949999999974
gfx950,decode,torch.bfloat16,torch.float32,218,1,4,16,128,128,8,4,16,79.6400000000001
gfx950,decode,torch.bfloat16,torch.float32,219,1,4,16,128,128,8,4,16,79.33999999999992
gfx950,decode,torch.bfloat16,torch.float32,220,1,4,16,128,128,8,4,16,80.07950000000028
gfx950,decode,torch.bfloat16,torch.float32,221,1,4,16,128,128,8,4,16,80.82000000000016
gfx950,decode,torch.bfloat16,torch.float32,222,1,4,16,128,128,8,4,16,81.40000000000009
gfx950,decode,torch.bfloat16,torch.float32,223,1,4,16,128,128,8,4,16,81.51999999999975
gfx950,decode,torch.bfloat16,torch.float32,224,1,4,16,128,128,8,4,16,80.65999999999974
gfx950,decode,torch.bfloat16,torch.float32,225,1,4,16,128,128,8,4,16,81.54000000000042
gfx950,decode,torch.bfloat16,torch.float32,226,1,4,16,128,128,8,4,16,82.98000000000002
gfx950,decode,torch.bfloat16,torch.float32,227,1,4,16,128,128,8,4,16,82.24000000000001
gfx950,decode,torch.bfloat16,torch.float32,228,1,4,16,128,128,8,4,16,82.42000000000007
gfx950,decode,torch.bfloat16,torch.float32,229,1,4,16,128,128,8,4,16,83.51999999999998
gfx950,decode,torch.bfloat16,torch.float32,230,1,4,16,128,128,8,4,16,84.6400000000001
gfx950,decode,torch.bfloat16,torch.float32,231,1,4,16,128,128,8,4,16,83.80000000000018
gfx950,decode,torch.bfloat16,torch.float32,232,1,4,16,128,128,8,4,16,84.1400000000001
gfx950,decode,torch.bfloat16,torch.float32,233,1,4,16,128,128,8,4,16,83.85999999999967
gfx950,decode,torch.bfloat16,torch.float32,234,1,4,16,128,128,8,4,16,85.89999999999964
gfx950,decode,torch.bfloat16,torch.float32,235,1,4,16,128,128,8,4,16,85.13999999999987
gfx950,decode,torch.bfloat16,torch.float32,236,1,4,16,128,128,8,4,16,84.66000000000008
gfx950,decode,torch.bfloat16,torch.float32,237,1,4,16,128,128,8,4,16,85.74000000000024
gfx950,decode,torch.bfloat16,torch.float32,238,1,4,16,128,128,8,4,16,86.98000000000002
gfx950,decode,torch.bfloat16,torch.float32,239,1,4,16,128,128,8,4,16,86.98000000000002
gfx950,decode,torch.bfloat16,torch.float32,240,1,4,16,128,128,8,4,16,86.4200000000003
gfx950,decode,torch.bfloat16,torch.float32,241,1,4,16,128,128,8,4,16,86.61999999999989
gfx950,decode,torch.bfloat16,torch.float32,242,1,4,16,128,128,8,4,16,88.79999999999995
gfx950,decode,torch.bfloat16,torch.float32,243,1,4,16,128,128,8,4,16,88.10000000000014
gfx950,decode,torch.bfloat16,torch.float32,244,1,4,16,128,128,8,4,16,88.02000000000044
gfx950,decode,torch.bfloat16,torch.float32,245,1,4,16,128,128,8,4,16,89.16000000000031
gfx950,decode,torch.bfloat16,torch.float32,246,1,4,16,128,128,8,4,16,89.51999999999998
gfx950,decode,torch.bfloat16,torch.float32,247,1,4,16,128,128,8,4,16,89.22000000000025
gfx950,decode,torch.bfloat16,torch.float32,248,1,4,16,128,128,8,4,16,89.58000000000015
gfx950,decode,torch.bfloat16,torch.float32,249,1,4,16,128,128,8,4,16,90.54000000000019
gfx950,decode,torch.bfloat16,torch.float32,250,1,4,16,128,128,8,4,16,90.66050000000041
gfx950,decode,torch.bfloat16,torch.float32,251,1,4,16,128,128,8,4,16,90.90050000000019
gfx950,decode,torch.bfloat16,torch.float32,252,1,4,16,128,128,8,4,16,89.61999999999989
gfx950,decode,torch.bfloat16,torch.float32,253,1,4,16,128,128,8,4,16,91.40000000000032
gfx950,decode,torch.bfloat16,torch.float32,254,1,4,16,128,128,8,4,16,91.36000000000013
gfx950,decode,torch.bfloat16,torch.float32,255,1,4,16,128,128,8,4,16,92.5
gfx950,decode,torch.bfloat16,torch.float32,256,1,4,16,128,128,8,4,16,90.80000000000018
gfx950,decode,torch.bfloat16,torch.float32,129,1,8,32,128,128,8,4,16,92.85999999999967
gfx950,decode,torch.bfloat16,torch.float32,130,1,8,32,128,128,8,4,16,93.76000000000022
gfx950,decode,torch.bfloat16,torch.float32,131,1,8,32,128,128,8,4,16,93.90000000000055
gfx950,decode,torch.bfloat16,torch.float32,132,1,8,32,128,128,8,4,16,95.29999999999973
gfx950,decode,torch.bfloat16,torch.float32,133,1,8,32,128,128,8,4,16,95.90000000000055
gfx950,decode,torch.bfloat16,torch.float32,134,1,8,32,128,128,8,4,16,97.35999999999967
gfx950,decode,torch.bfloat16,torch.float32,135,1,8,32,128,128,8,4,16,97.7199999999998
gfx950,decode,torch.bfloat16,torch.float32,136,1,8,32,128,128,8,4,16,98.04000000000042
gfx950,decode,torch.bfloat16,torch.float32,137,1,8,32,128,128,8,4,16,98.86049999999977
gfx950,decode,torch.bfloat16,torch.float32,138,1,8,32,128,128,8,4,16,99.80000000000018
gfx950,decode,torch.bfloat16,torch.float32,139,1,8,32,128,128,8,4,16,100.68049999999903
gfx950,decode,torch.bfloat16,torch.float32,140,1,8,32,128,128,8,4,16,101.0600000000004
gfx950,decode,torch.bfloat16,torch.float32,141,1,8,32,128,128,8,4,16,101.62000000000035
gfx950,decode,torch.bfloat16,torch.float32,142,1,8,32,128,128,8,4,16,102.53999999999996
gfx950,decode,torch.bfloat16,torch.float32,143,1,8,32,128,128,8,4,16,102.18000000000029
gfx950,decode,torch.bfloat16,torch.float32,144,1,8,32,128,128,8,4,16,104.0
gfx950,decode,torch.bfloat16,torch.float32,145,1,8,32,128,128,8,4,16,103.99999999999955
gfx950,decode,torch.bfloat16,torch.float32,146,1,8,32,128,128,8,4,16,104.7204999999999
gfx950,decode,torch.bfloat16,torch.float32,147,1,8,32,128,128,8,4,16,105.98000000000047
gfx950,decode,torch.bfloat16,torch.float32,148,1,8,32,128,128,8,4,16,106.53999999999996
gfx950,decode,torch.bfloat16,torch.float32,149,1,8,32,128,128,8,4,16,106.86000000000013
gfx950,decode,torch.bfloat16,torch.float32,150,1,8,32,128,128,8,4,16,107.88050000000021
gfx950,decode,torch.bfloat16,torch.float32,151,1,8,32,128,128,8,4,16,108.68049999999948
gfx950,decode,torch.bfloat16,torch.float32,152,1,8,32,128,128,8,4,16,109.04000000000042
gfx950,decode,torch.bfloat16,torch.float32,153,1,8,32,128,128,8,4,16,108.78049999999985
gfx950,decode,torch.bfloat16,torch.float32,154,1,8,32,128,128,8,4,16,110.5
gfx950,decode,torch.bfloat16,torch.float32,155,1,8,32,128,128,8,4,16,111.96099999999933
gfx950,decode,torch.bfloat16,torch.float32,156,1,8,32,128,128,8,4,16,111.84000000000015
gfx950,decode,torch.bfloat16,torch.float32,157,1,8,32,128,128,8,4,16,113.04050000000097
gfx950,decode,torch.bfloat16,torch.float32,158,1,8,32,128,128,8,4,16,112.30099999999993
gfx950,decode,torch.bfloat16,torch.float32,159,1,8,32,128,128,8,4,16,113.98049999999967
gfx950,decode,torch.bfloat16,torch.float32,160,1,8,32,128,128,8,4,16,114.50000000000045
gfx950,decode,torch.bfloat16,torch.float32,161,1,8,32,128,128,8,4,16,115.64049999999861
gfx950,decode,torch.bfloat16,torch.float32,162,1,8,32,128,128,8,4,16,115.90099999999984
gfx950,decode,torch.bfloat16,torch.float32,163,1,8,32,128,128,8,4,16,117.1210000000001
gfx950,decode,torch.bfloat16,torch.float32,164,1,8,32,128,128,8,4,16,117.46000000000004
gfx950,decode,torch.bfloat16,torch.float32,165,1,8,32,128,128,8,4,16,118.4404999999997
gfx950,decode,torch.bfloat16,torch.float32,166,1,8,32,128,128,8,4,16,118.3799999999992
gfx950,decode,torch.bfloat16,torch.float32,167,1,8,32,128,128,8,4,16,120.07999999999993
gfx950,decode,torch.bfloat16,torch.float32,168,1,8,32,128,128,8,4,16,120.26000000000022
gfx950,decode,torch.bfloat16,torch.float32,169,1,8,32,128,128,8,4,16,121.56049999999959
gfx950,decode,torch.bfloat16,torch.float32,170,1,8,32,128,128,8,4,16,121.84099999999944
gfx950,decode,torch.bfloat16,torch.float32,171,1,8,32,128,128,8,4,16,123.06100000000015
gfx950,decode,torch.bfloat16,torch.float32,172,1,8,32,128,128,8,4,16,122.92050000000017
gfx950,decode,torch.bfloat16,torch.float32,173,1,8,32,128,128,8,4,16,124.20049999999992
gfx950,decode,torch.bfloat16,torch.float32,174,1,8,32,128,128,8,4,16,123.89999999999964
gfx950,decode,torch.bfloat16,torch.float32,175,1,8,32,128,128,8,4,16,125.20000000000027
gfx950,decode,torch.bfloat16,torch.float32,176,1,8,32,128,128,8,4,16,125.76049999999987
gfx950,decode,torch.bfloat16,torch.float32,177,1,8,32,128,128,8,4,16,126.65999999999985
gfx950,decode,torch.bfloat16,torch.float32,178,1,8,32,128,128,8,4,16,126.40049999999974
gfx950,decode,torch.bfloat16,torch.float32,179,1,8,32,128,128,8,4,16,128.36049999999977
gfx950,decode,torch.bfloat16,torch.float32,180,1,8,32,128,128,8,4,16,128.41999999999916
gfx950,decode,torch.bfloat16,torch.float32,181,1,8,32,128,128,8,4,16,130.07999999999947
gfx950,decode,torch.bfloat16,torch.float32,182,1,8,32,128,128,8,4,16,130.4400000000005
gfx950,decode,torch.bfloat16,torch.float32,183,1,8,32,128,128,8,4,16,131.26050000000032
gfx950,decode,torch.bfloat16,torch.float32,184,1,8,32,128,128,8,4,16,131.02049999999963
gfx950,decode,torch.bfloat16,torch.float32,185,1,8,32,128,128,8,4,16,133.17999999999938
gfx950,decode,torch.bfloat16,torch.float32,186,1,8,32,128,128,8,4,16,133.4409999999998
gfx950,decode,torch.bfloat16,torch.float32,187,1,8,32,128,128,8,4,16,134.30100000000039
gfx950,decode,torch.bfloat16,torch.float32,188,1,8,32,128,128,8,4,16,133.6010000000001
gfx950,decode,torch.bfloat16,torch.float32,189,1,8,32,128,128,8,4,16,135.92100000000028
gfx950,decode,torch.bfloat16,torch.float32,190,1,8,32,128,128,8,4,16,135.3400000000006
gfx950,decode,torch.bfloat16,torch.float32,191,1,8,32,128,128,8,4,16,137.42099999999982
gfx950,decode,torch.bfloat16,torch.float32,192,1,8,32,128,128,8,4,16,136.96049999999968
gfx950,decode,torch.bfloat16,torch.float32,193,1,8,32,128,128,8,4,16,139.12099999999919
gfx950,decode,torch.bfloat16,torch.float32,194,1,8,32,128,128,8,4,16,137.41999999999962
gfx950,decode,torch.bfloat16,torch.float32,195,1,8,32,128,128,8,4,16,139.7400000000007
gfx950,decode,torch.bfloat16,torch.float32,196,1,8,32,128,128,8,4,16,138.84100000000035
gfx950,decode,torch.bfloat16,torch.float32,197,1,8,32,128,128,8,4,16,141.16049999999996
gfx950,decode,torch.bfloat16,torch.float32,198,1,8,32,128,128,8,4,16,141.80100000000039
gfx950,decode,torch.bfloat16,torch.float32,199,1,8,32,128,128,8,4,16,142.72000000000025
gfx950,decode,torch.bfloat16,torch.float32,200,1,8,32,128,128,8,4,16,142.4809999999993
gfx950,decode,torch.bfloat16,torch.float32,201,1,8,32,128,128,8,4,16,144.30100000000039
gfx950,decode,torch.bfloat16,torch.float32,202,1,8,32,128,128,8,4,16,143.5409999999997
gfx950,decode,torch.bfloat16,torch.float32,203,1,8,32,128,128,8,4,16,145.74049999999988
gfx950,decode,torch.bfloat16,torch.float32,204,1,8,32,128,128,8,4,16,144.36000000000058
gfx950,decode,torch.bfloat16,torch.float32,205,1,8,32,128,128,8,4,16,146.20050000000037
gfx950,decode,torch.bfloat16,torch.float32,206,1,8,32,128,128,8,4,16,145.86000000000058
gfx950,decode,torch.bfloat16,torch.float32,207,1,8,32,128,128,8,4,16,147.52000000000044
gfx950,decode,torch.bfloat16,torch.float32,208,1,8,32,128,128,8,4,16,147.74099999999999
gfx950,decode,torch.bfloat16,torch.float32,209,1,8,32,128,128,8,4,16,149.6009999999992
gfx950,decode,torch.bfloat16,torch.float32,210,1,8,32,128,128,8,4,16,149.04100000000017
gfx950,decode,torch.bfloat16,torch.float32,211,1,8,32,128,128,8,4,16,150.58099999999968
gfx950,decode,torch.bfloat16,torch.float32,212,1,8,32,128,128,8,4,16,151.0010000000002
gfx950,decode,torch.bfloat16,torch.float32,213,1,8,32,128,128,8,4,16,152.74100000000044
gfx950,decode,torch.bfloat16,torch.float32,214,1,8,32,128,128,8,4,16,152.60050000000047
gfx950,decode,torch.bfloat16,torch.float32,215,1,8,32,128,128,8,4,16,154.3809999999994
gfx950,decode,torch.bfloat16,torch.float32,216,1,8,32,128,128,8,4,16,154.6409999999987
gfx950,decode,torch.bfloat16,torch.float32,217,1,8,32,128,128,8,4,16,155.2810000000004
gfx950,decode,torch.bfloat16,torch.float32,218,1,8,32,128,128,8,4,16,155.18049999999994
gfx950,decode,torch.bfloat16,torch.float32,219,1,8,32,128,128,8,4,16,156.80099999999948
gfx950,decode,torch.bfloat16,torch.float32,220,1,8,32,128,128,8,4,16,156.40049999999974
gfx950,decode,torch.bfloat16,torch.float32,221,1,8,32,128,128,8,4,16,158.14100000000008
gfx950,decode,torch.bfloat16,torch.float32,222,1,8,32,128,128,8,4,16,158.20100000000048
gfx950,decode,torch.bfloat16,torch.float32,223,1,8,32,128,128,8,4,16,159.52100000000155
gfx950,decode,torch.bfloat16,torch.float32,224,1,8,32,128,128,8,4,16,159.48100000000068
gfx950,decode,torch.bfloat16,torch.float32,225,1,8,32,128,128,8,4,16,160.52099999999973
gfx950,decode,torch.bfloat16,torch.float32,226,1,8,32,128,128,8,4,16,160.58100000000013
gfx950,decode,torch.bfloat16,torch.float32,227,1,8,32,128,128,8,4,16,162.3810000000003
gfx950,decode,torch.bfloat16,torch.float32,228,1,8,32,128,128,8,4,16,161.7810000000004
gfx950,decode,torch.bfloat16,torch.float32,229,1,8,32,128,128,8,4,16,163.1210000000001
gfx950,decode,torch.bfloat16,torch.float32,230,1,8,32,128,128,8,4,16,164.32099999999946
gfx950,decode,torch.bfloat16,torch.float32,231,1,8,32,128,128,8,4,16,165.46099999999933
gfx950,decode,torch.bfloat16,torch.float32,232,1,8,32,128,128,8,4,16,165.54100000000017
gfx950,decode,torch.bfloat16,torch.float32,233,1,8,32,128,128,8,4,16,166.78100000000086
gfx950,decode,torch.bfloat16,torch.float32,234,1,8,32,128,128,8,4,16,166.4409999999998
gfx950,decode,torch.bfloat16,torch.float32,235,1,8,32,128,128,8,4,16,167.820999999999
gfx950,decode,torch.bfloat16,torch.float32,236,1,8,32,128,128,8,4,16,167.88099999999986
gfx950,decode,torch.bfloat16,torch.float32,237,1,8,32,128,128,8,4,16,169.8209999999999
gfx950,decode,torch.bfloat16,torch.float32,238,1,8,32,128,128,8,4,16,168.40099999999984
gfx950,decode,torch.bfloat16,torch.float32,239,1,8,32,128,128,8,4,16,170.34099999999944
gfx950,decode,torch.bfloat16,torch.float32,240,1,8,32,128,128,8,4,16,170.1609999999996
gfx950,decode,torch.bfloat16,torch.float32,241,1,8,32,128,128,8,4,16,172.46099999999933
gfx950,decode,torch.bfloat16,torch.float32,242,1,8,32,128,128,8,4,16,172.02099999999973
gfx950,decode,torch.bfloat16,torch.float32,243,1,8,32,128,128,8,4,16,174.20100000000002
gfx950,decode,torch.bfloat16,torch.float32,244,1,8,32,128,128,8,4,16,174.20100000000093
gfx950,decode,torch.bfloat16,torch.float32,245,1,8,32,128,128,8,4,16,175.02099999999973
gfx950,decode,torch.bfloat16,torch.float32,246,1,8,32,128,128,8,4,16,175.38099999999986
gfx950,decode,torch.bfloat16,torch.float32,247,1,8,32,128,128,8,4,16,176.4414999999999
gfx950,decode,torch.bfloat16,torch.float32,248,1,8,32,128,128,8,4,16,175.84100000000035
gfx950,decode,torch.bfloat16,torch.float32,249,1,8,32,128,128,8,4,16,178.24099999999999
gfx950,decode,torch.bfloat16,torch.float32,250,1,8,32,128,128,8,4,16,177.60100000000057
gfx950,decode,torch.bfloat16,torch.float32,251,1,8,32,128,128,8,4,16,179.58100000000059
gfx950,decode,torch.bfloat16,torch.float32,252,1,8,32,128,128,8,4,16,179.1214999999993
gfx950,decode,torch.bfloat16,torch.float32,253,1,8,32,128,128,8,4,16,180.52150000000074
gfx950,decode,torch.bfloat16,torch.float32,254,1,8,32,128,128,8,4,16,180.6609999999996
gfx950,decode,torch.bfloat16,torch.float32,255,1,8,32,128,128,8,4,16,181.1210000000001
gfx950,decode,torch.bfloat16,torch.float32,256,1,8,32,128,128,8,4,16,181.36099999999988
gfx950,decode,torch.bfloat16,torch.float32,129,1,16,64,128,128,8,4,16,182.80100000000039
gfx950,decode,torch.bfloat16,torch.float32,130,1,16,64,128,128,8,4,16,185.40149999999994
gfx950,decode,torch.bfloat16,torch.float32,131,1,16,64,128,128,8,4,16,186.80099999999948
gfx950,decode,torch.bfloat16,torch.float32,132,1,16,64,128,128,8,4,16,187.74149999999827
gfx950,decode,torch.bfloat16,torch.float32,133,1,16,64,128,128,8,4,16,188.36149999999907
gfx950,decode,torch.bfloat16,torch.float32,134,1,16,64,128,128,8,4,16,191.42149999999947
gfx950,decode,torch.bfloat16,torch.float32,135,1,16,64,128,128,8,4,16,191.2415000000001
gfx950,decode,torch.bfloat16,torch.float32,136,1,16,64,128,128,8,4,16,192.3610000000008
gfx950,decode,torch.bfloat16,torch.float32,137,1,16,64,128,128,8,4,16,193.14099999999962
gfx950,decode,torch.bfloat16,torch.float32,138,1,16,64,128,128,8,4,16,195.98150000000078
gfx950,decode,torch.bfloat16,torch.float32,139,1,16,64,128,128,8,4,16,197.0614999999998
gfx950,decode,torch.bfloat16,torch.float32,140,1,16,64,128,128,8,4,16,197.48099999999977
gfx950,decode,torch.bfloat16,torch.float32,141,1,16,64,128,128,8,4,16,199.54150000000118
gfx950,decode,torch.bfloat16,torch.float32,142,1,16,64,128,128,8,4,16,200.98149999999987
gfx950,decode,torch.bfloat16,torch.float32,143,1,16,64,128,128,8,4,16,202.22149999999965
gfx950,decode,torch.bfloat16,torch.float32,144,1,16,64,128,128,8,4,16,203.9414999999999
gfx950,decode,torch.bfloat16,torch.float32,145,1,16,64,128,128,8,4,16,204.40100000000075
gfx950,decode,torch.bfloat16,torch.float32,146,1,16,64,128,128,8,4,16,206.5614999999998
gfx950,decode,torch.bfloat16,torch.float32,147,1,16,64,128,128,8,4,16,208.34150000000045
gfx950,decode,torch.bfloat16,torch.float32,148,1,16,64,128,128,8,4,16,209.32200000000103
gfx950,decode,torch.bfloat16,torch.float32,149,1,16,64,128,128,8,4,16,210.0015000000003
gfx950,decode,torch.bfloat16,torch.float32,150,1,16,64,128,128,8,4,16,211.5015000000003
gfx950,decode,torch.bfloat16,torch.float32,151,1,16,64,128,128,8,4,16,213.64199999999983
gfx950,decode,torch.bfloat16,torch.float32,152,1,16,64,128,128,8,4,16,216.36149999999907
gfx950,decode,torch.bfloat16,torch.float32,153,1,16,64,128,128,8,4,16,216.74099999999817
gfx950,decode,torch.bfloat16,torch.float32,154,1,16,64,128,128,8,4,16,219.22149999999783
gfx950,decode,torch.bfloat16,torch.float32,155,1,16,64,128,128,8,4,16,220.20100000000093
gfx950,decode,torch.bfloat16,torch.float32,156,1,16,64,128,128,8,4,16,221.1820000000007
gfx950,decode,torch.bfloat16,torch.float32,157,1,16,64,128,128,8,4,16,221.26150000000234
gfx950,decode,torch.bfloat16,torch.float32,158,1,16,64,128,128,8,4,16,223.02199999999993
gfx950,decode,torch.bfloat16,torch.float32,159,1,16,64,128,128,8,4,16,225.20150000000103
gfx950,decode,torch.bfloat16,torch.float32,160,1,16,64,128,128,8,4,16,225.98149999999987
gfx950,decode,torch.bfloat16,torch.float32,161,1,16,64,128,128,8,4,16,228.0019999999986
gfx950,decode,torch.bfloat16,torch.float32,162,1,16,64,128,128,8,4,16,230.5615000000007
gfx950,decode,torch.bfloat16,torch.float32,163,1,16,64,128,128,8,4,16,230.18099999999959
gfx950,decode,torch.bfloat16,torch.float32,164,1,16,64,128,128,8,4,16,233.22199999999975
gfx950,decode,torch.bfloat16,torch.float32,165,1,16,64,128,128,8,4,16,235.36200000000008
gfx950,decode,torch.bfloat16,torch.float32,166,1,16,64,128,128,8,4,32,235.90149999999994
gfx950,decode,torch.bfloat16,torch.float32,167,1,16,64,128,128,8,4,16,236.4414999999981
gfx950,decode,torch.bfloat16,torch.float32,168,1,16,64,128,128,8,4,16,237.441499999999
gfx950,decode,torch.bfloat16,torch.float32,169,1,16,64,128,128,8,4,16,238.96150000000125
gfx950,decode,torch.bfloat16,torch.float32,170,1,16,64,128,128,8,4,16,241.0019999999995
gfx950,decode,torch.bfloat16,torch.float32,171,1,16,64,128,128,8,4,16,242.92200000000048
gfx950,decode,torch.bfloat16,torch.float32,172,1,16,64,128,128,8,4,16,245.0614999999998
gfx950,decode,torch.bfloat16,torch.float32,173,1,16,64,128,128,8,1,4,247.0614999999998
gfx950,decode,torch.bfloat16,torch.float32,174,1,16,64,128,128,8,1,4,248.16200000000117
gfx950,decode,torch.bfloat16,torch.float32,175,1,16,64,128,128,8,4,16,248.48199999999997
gfx950,decode,torch.bfloat16,torch.float32,176,1,16,64,128,128,8,4,16,249.1219999999994
gfx950,decode,torch.bfloat16,torch.float32,177,1,16,64,128,128,8,4,16,250.86199999999917
gfx950,decode,torch.bfloat16,torch.float32,178,1,16,64,128,128,8,4,16,252.38200000000052
gfx950,decode,torch.bfloat16,torch.float32,179,1,16,64,128,128,8,4,16,252.96199999999953
gfx950,decode,torch.bfloat16,torch.float32,180,1,16,64,128,128,8,4,16,255.26200000000063
gfx950,decode,torch.bfloat16,torch.float32,181,1,16,64,128,128,8,4,16,257.48199999999997
gfx950,decode,torch.bfloat16,torch.float32,182,1,16,64,128,128,8,4,16,257.7420000000002
gfx950,decode,torch.bfloat16,torch.float32,183,1,16,64,128,128,8,4,16,259.02199999999993
gfx950,decode,torch.bfloat16,torch.float32,184,1,16,64,128,128,8,4,16,260.72249999999894
gfx950,decode,torch.bfloat16,torch.float32,185,1,16,64,128,128,8,4,16,261.2624999999989
gfx950,decode,torch.bfloat16,torch.float32,186,1,16,64,128,128,8,4,16,262.28249999999935
gfx950,decode,torch.bfloat16,torch.float32,187,1,16,64,128,128,8,4,16,265.58200000000033
gfx950,decode,torch.bfloat16,torch.float32,188,1,16,64,128,128,8,4,16,267.6820000000007
gfx950,decode,torch.bfloat16,torch.float32,189,1,16,64,128,128,8,4,16,269.1819999999998
gfx950,decode,torch.bfloat16,torch.float32,190,1,16,64,128,128,8,1,4,270.48199999999997
gfx950,decode,torch.bfloat16,torch.float32,191,1,16,64,128,128,8,1,4,271.6419999999989
gfx950,decode,torch.bfloat16,torch.float32,192,1,16,64,128,128,8,4,32,272.34199999999873
gfx950,decode,torch.bfloat16,torch.float32,193,1,16,64,128,128,8,4,16,272.78199999999833
gfx950,decode,torch.bfloat16,torch.float32,194,1,16,64,128,128,8,4,16,274.2620000000006
gfx950,decode,torch.bfloat16,torch.float32,195,1,16,64,128,128,8,1,4,277.6224999999995
gfx950,decode,torch.bfloat16,torch.float32,196,1,16,64,128,128,8,4,16,278.70200000000114
gfx950,decode,torch.bfloat16,torch.float32,197,1,16,64,128,128,8,4,16,278.10200000000077
gfx950,decode,torch.bfloat16,torch.float32,198,1,16,64,128,128,8,1,4,280.34249999999884
gfx950,decode,torch.bfloat16,torch.float32,199,1,16,64,128,128,8,4,32,282.1224999999995
gfx950,decode,torch.bfloat16,torch.float32,200,1,16,64,128,128,8,4,16,282.28200000000106
gfx950,decode,torch.bfloat16,torch.float32,201,1,16,64,128,128,8,4,16,283.5019999999986
gfx950,decode,torch.bfloat16,torch.float32,202,1,16,64,128,128,8,4,32,286.5625000000018
gfx950,decode,torch.bfloat16,torch.float32,203,1,16,64,128,128,8,1,4,288.4825000000001
gfx950,decode,torch.bfloat16,torch.float32,204,1,16,64,128,128,8,4,32,290.3629999999994
gfx950,decode,torch.bfloat16,torch.float32,205,1,16,64,128,128,8,4,16,289.8620000000001
gfx950,decode,torch.bfloat16,torch.float32,206,1,16,64,128,128,8,4,32,291.5029999999988
gfx950,decode,torch.bfloat16,torch.float32,207,1,16,64,128,128,8,4,16,292.9224999999997
gfx950,decode,torch.bfloat16,torch.float32,208,1,16,64,128,128,8,4,16,294.7620000000006
gfx950,decode,torch.bfloat16,torch.float32,209,1,16,64,128,128,8,4,32,294.08250000000044
gfx950,decode,torch.bfloat16,torch.float32,210,1,16,64,128,128,8,4,16,296.34249999999975
gfx950,decode,torch.bfloat16,torch.float32,211,1,16,64,128,128,8,1,4,298.40200000000004
gfx950,decode,torch.bfloat16,torch.float32,212,1,16,64,128,128,8,4,16,299.78249999999935
gfx950,decode,torch.bfloat16,torch.float32,213,1,16,64,128,128,8,1,4,301.5619999999999
gfx950,decode,torch.bfloat16,torch.float32,214,1,16,64,128,128,8,4,16,301.54249999999956
gfx950,decode,torch.bfloat16,torch.float32,215,1,16,64,128,128,8,4,16,303.3820000000005
gfx950,decode,torch.bfloat16,torch.float32,216,1,16,64,128,128,8,1,4,305.4825000000019
gfx950,decode,torch.bfloat16,torch.float32,217,1,16,64,128,128,8,4,16,305.642499999999
gfx950,decode,torch.bfloat16,torch.float32,218,1,16,64,128,128,8,1,4,308.78250000000025
gfx950,decode,torch.bfloat16,torch.float32,219,1,16,64,128,128,8,4,16,310.1224999999995
gfx950,decode,torch.bfloat16,torch.float32,220,1,16,64,128,128,8,1,4,310.82250000000204
gfx950,decode,torch.bfloat16,torch.float32,221,1,16,64,128,128,8,1,4,312.72300000000087
gfx950,decode,torch.bfloat16,torch.float32,222,1,16,64,128,128,8,1,4,314.72299999999905
gfx950,decode,torch.bfloat16,torch.float32,223,1,16,64,128,128,8,1,4,315.46199999999953
gfx950,decode,torch.bfloat16,torch.float32,224,1,16,64,128,128,8,1,4,317.40250000000106
gfx950,decode,torch.bfloat16,torch.float32,225,1,16,64,128,128,8,1,4,319.0025000000005
gfx950,decode,torch.bfloat16,torch.float32,226,1,16,64,128,128,8,4,16,320.8230000000003
gfx950,decode,torch.bfloat16,torch.float32,227,1,16,64,128,128,8,4,32,321.54299999999876
gfx950,decode,torch.bfloat16,torch.float32,228,1,16,64,128,128,8,1,4,324.2029999999995
gfx950,decode,torch.bfloat16,torch.float32,229,1,16,64,128,128,8,4,16,325.02300000000014
gfx950,decode,torch.bfloat16,torch.float32,230,1,16,64,128,128,8,4,16,325.90299999999934
gfx950,decode,torch.bfloat16,torch.float32,231,1,16,64,128,128,8,4,16,326.3029999999999
gfx950,decode,torch.bfloat16,torch.float32,232,1,16,64,128,128,8,4,16,326.9429999999993
gfx950,decode,torch.bfloat16,torch.float32,233,1,16,64,128,128,8,4,16,327.2624999999989
gfx950,decode,torch.bfloat16,torch.float32,234,1,16,64,128,128,8,4,16,329.8030000000008
gfx950,decode,torch.bfloat16,torch.float32,235,1,16,64,128,128,8,1,4,332.5030000000006
gfx950,decode,torch.bfloat16,torch.float32,236,1,16,64,128,128,8,1,4,335.46300000000065
gfx950,decode,torch.bfloat16,torch.float32,237,1,16,64,128,128,8,4,16,336.16299999999956
gfx950,decode,torch.bfloat16,torch.float32,238,1,16,64,128,128,8,4,16,336.9230000000007
gfx950,decode,torch.bfloat16,torch.float32,239,1,16,64,128,128,8,1,4,338.04299999999967
gfx950,decode,torch.bfloat16,torch.float32,240,1,16,64,128,128,8,1,4,340.46299999999974
gfx950,decode,torch.bfloat16,torch.float32,241,1,16,64,128,128,8,4,16,341.3829999999998
gfx950,decode,torch.bfloat16,torch.float32,242,1,16,64,128,128,8,4,16,341.96299999999974
gfx950,decode,torch.bfloat16,torch.float32,243,1,16,64,128,128,8,1,4,344.6229999999996
gfx950,decode,torch.bfloat16,torch.float32,244,1,16,64,128,128,8,1,4,347.0630000000001
gfx950,decode,torch.bfloat16,torch.float32,245,1,16,64,128,128,8,1,4,346.40300000000207
gfx950,decode,torch.bfloat16,torch.float32,246,1,16,64,128,128,8,1,4,348.40300000000025
gfx950,decode,torch.bfloat16,torch.float32,247,1,16,64,128,128,8,1,4,349.64300000000003
gfx950,decode,torch.bfloat16,torch.float32,248,1,16,64,128,128,8,1,4,349.9830000000011
gfx950,decode,torch.bfloat16,torch.float32,249,1,16,64,128,128,8,1,4,352.5829999999987
gfx950,decode,torch.bfloat16,torch.float32,250,1,16,64,128,128,8,1,4,353.3830000000007
gfx950,decode,torch.bfloat16,torch.float32,251,1,16,64,128,128,8,1,4,355.6429999999982
gfx950,decode,torch.bfloat16,torch.float32,252,1,16,64,128,128,8,4,16,357.84349999999995
gfx950,decode,torch.bfloat16,torch.float32,253,1,16,64,128,128,8,4,16,358.3230000000003
gfx950,decode,torch.bfloat16,torch.float32,254,1,16,64,128,128,8,4,16,360.0035000000007
gfx950,decode,torch.bfloat16,torch.float32,255,1,16,64,128,128,8,1,4,361.3235000000004
gfx950,decode,torch.bfloat16,torch.float32,256,1,16,64,128,128,8,4,16,362.8634999999995
gfx950,snapshot,torch.bfloat16,torch.float32,2,4,16,32,128,128,4,4,8,10.46
gfx950,snapshot,torch.bfloat16,torch.float32,4,2,16,32,128,128,4,4,8,9.9
gfx950,snapshot,torch.bfloat16,torch.float32,16,2,16,32,128,128,8,2,16,23.011
gfx950,snapshot,torch.bfloat16,torch.float32,64,4,16,32,128,128,2,4,8,156.972
gfx950,snapshot,torch.bfloat16,torch.float32,64,2,16,32,128,128,4,1,16,88.401
gfx950,snapshot,torch.bfloat16,torch.float32,128,2,16,32,128,128,8,1,8,201.972
gfx950,snapshot,torch.bfloat16,torch.float32,128,4,16,32,128,128,2,4,8,304.344
gfx950,snapshot_tree,torch.bfloat16,torch.float32,2,4,16,32,128,128,8,4,16,9.82
gfx950,snapshot_tree,torch.bfloat16,torch.float32,4,2,16,32,128,128,4,4,16,9.01
gfx950,snapshot_tree,torch.bfloat16,torch.float32,4,4,16,32,128,128,8,2,16,13.02
gfx950,snapshot_tree,torch.bfloat16,torch.float32,8,4,16,32,128,128,8,2,16,21.84
gfx950,snapshot_tree,torch.bfloat16,torch.float32,16,4,16,32,128,128,8,4,16,43.26
gfx950,snapshot_tree,torch.bfloat16,torch.float32,16,2,16,32,128,128,2,4,16,20.84
gfx950,snapshot_tree,torch.bfloat16,torch.float32,32,2,16,32,128,128,1,2,8,39.86
gfx950,snapshot_tree,torch.bfloat16,torch.float32,64,4,16,32,128,128,8,1,16,187.462
gfx950,snapshot_tree,torch.bfloat16,torch.float32,64,2,16,32,128,128,1,2,8,103.481
gfx950,snapshot_tree,torch.bfloat16,torch.float32,128,4,16,32,128,128,8,1,16,359.294
gfx950,snapshot_tree,torch.bfloat16,torch.float32,128,2,16,32,128,128,8,4,32,196.792
gfx950,chain,torch.bfloat16,torch.float32,4,2,16,32,128,128,4,4,16,9.33
gfx950,chain,torch.bfloat16,torch.float32,8,4,16,32,128,128,2,4,8,18.4
gfx950,chain,torch.bfloat16,torch.float32,32,4,16,32,128,128,8,1,8,55.57
gfx950,chain,torch.bfloat16,torch.float32,32,2,16,32,128,128,8,2,16,33.37
gfx950,chain,torch.bfloat16,torch.float32,64,2,16,32,128,128,4,4,16,64.65
gfx950,chain,torch.bfloat16,torch.float32,64,4,16,32,128,128,8,1,8,137.871
gfx950,chain,torch.bfloat16,torch.float32,128,4,16,32,128,128,2,4,16,261.853
gfx950,chain,torch.bfloat16,torch.float32,128,2,16,32,128,128,8,2,16,152.672
gfx950,snapshot,torch.bfloat16,torch.bfloat16,8,4,16,32,128,128,4,2,8,15.32
gfx950,snapshot,torch.bfloat16,torch.bfloat16,32,2,16,32,128,128,8,1,8,24.12
gfx950,snapshot,torch.bfloat16,torch.bfloat16,32,4,16,32,128,128,2,4,8,35.931
gfx950,snapshot,torch.bfloat16,torch.bfloat16,64,2,16,32,128,128,4,4,16,43.371
gfx950,snapshot_tree,torch.bfloat16,torch.bfloat16,8,4,16,32,128,128,2,4,8,16.24
gfx950,snapshot_tree,torch.bfloat16,torch.bfloat16,16,4,16,32,128,128,1,4,8,23.86
gfx950,snapshot_tree,torch.bfloat16,torch.bfloat16,16,2,16,32,128,128,8,1,8,15.011
gfx950,snapshot_tree,torch.bfloat16,torch.bfloat16,32,2,16,32,128,128,8,2,8,26.16
gfx950,snapshot_tree,torch.bfloat16,torch.bfloat16,64,4,16,32,128,128,1,1,4,104.412
gfx950,snapshot_tree,torch.bfloat16,torch.bfloat16,64,2,16,32,128,128,4,4,8,45.07
gfx950,snapshot_tree,torch.bfloat16,torch.bfloat16,128,4,16,32,128,128,2,4,16,211.853
gfx950,chain,torch.bfloat16,torch.bfloat16,2,2,16,32,128,128,4,4,8,5.96
gfx950,chain,torch.bfloat16,torch.bfloat16,8,4,16,32,128,128,2,4,8,14.21
gfx950,chain,torch.bfloat16,torch.bfloat16,16,2,16,32,128,128,1,4,8,12.8
gfx950,chain,torch.bfloat16,torch.bfloat16,16,4,16,32,128,128,1,4,4,19.56
gfx950,chain,torch.bfloat16,torch.bfloat16,32,4,16,32,128,128,1,2,8,32.29
gfx950,chain,torch.bfloat16,torch.bfloat16,64,4,16,32,128,128,4,1,8,62.111
gfx950,chain,torch.bfloat16,torch.bfloat16,64,2,16,32,128,128,4,2,8,36.231
gfx950,chain,torch.bfloat16,torch.bfloat16,128,2,16,32,128,128,4,1,8,70.611
gfx950,snapshot,torch.bfloat16,torch.bfloat16,16,2,8,16,128,128,2,4,8,10.29
gfx950,snapshot,torch.bfloat16,torch.bfloat16,16,4,8,16,128,128,8,1,8,15.03
gfx950,snapshot,torch.bfloat16,torch.bfloat16,32,2,8,16,128,128,8,1,8,14.5
gfx950,snapshot,torch.bfloat16,torch.bfloat16,64,4,8,16,128,128,2,4,8,36.081
gfx950,snapshot,torch.bfloat16,torch.bfloat16,128,2,8,16,128,128,8,2,8,43.031
gfx950,snapshot_tree,torch.bfloat16,torch.bfloat16,16,2,8,16,128,128,8,1,8,10.54
gfx950,snapshot_tree,torch.bfloat16,torch.bfloat16,32,4,8,16,128,128,1,4,8,23.89
gfx950,snapshot_tree,torch.bfloat16,torch.bfloat16,64,2,8,16,128,128,4,4,8,25.77
gfx950,snapshot_tree,torch.bfloat16,torch.bfloat16,128,2,8,16,128,128,4,4,8,45.201
gfx950,chain,torch.bfloat16,torch.bfloat16,4,4,8,16,128,128,4,4,8,8.57
gfx950,chain,torch.bfloat16,torch.bfloat16,16,2,8,16,128,128,2,4,8,9.511
gfx950,chain,torch.bfloat16,torch.bfloat16,16,4,8,16,128,128,4,2,8,14.16
gfx950,chain,torch.bfloat16,torch.bfloat16,32,2,8,16,128,128,1,4,8,12.83
gfx950,chain,torch.bfloat16,torch.bfloat16,64,2,8,16,128,128,2,1,4,21.95
gfx950,chain,torch.bfloat16,torch.bfloat16,64,4,8,16,128,128,1,2,8,32.831
gfx950,chain,torch.bfloat16,torch.bfloat16,128,4,8,16,128,128,4,1,8,62.131
gfx950,chain,torch.bfloat16,torch.bfloat16,128,2,8,16,128,128,2,4,8,36.031
gfx950,snapshot,torch.bfloat16,torch.float32,4,4,8,16,128,128,4,4,8,9.72
gfx950,snapshot,torch.bfloat16,torch.float32,16,2,8,16,128,128,8,4,16,13.7
gfx950,snapshot,torch.bfloat16,torch.float32,32,4,8,16,128,128,8,1,16,30.15
gfx950,snapshot,torch.bfloat16,torch.float32,128,4,8,16,128,128,2,4,8,156.792
gfx950,snapshot_tree,torch.bfloat16,torch.float32,8,4,8,16,128,128,4,4,16,13.48
gfx950,snapshot_tree,torch.bfloat16,torch.float32,8,2,8,16,128,128,4,4,16,8.79
gfx950,snapshot_tree,torch.bfloat16,torch.float32,16,4,8,16,128,128,8,2,16,23.111
gfx950,snapshot_tree,torch.bfloat16,torch.float32,16,2,8,16,128,128,8,1,16,13.22
gfx950,snapshot_tree,torch.bfloat16,torch.float32,32,4,8,16,128,128,2,4,16,41.12
gfx950,snapshot_tree,torch.bfloat16,torch.float32,128,4,8,16,128,128,2,4,16,171.232
gfx950,chain,torch.bfloat16,torch.float32,4,4,8,16,128,128,4,4,8,9.74
gfx950,chain,torch.bfloat16,torch.float32,16,2,8,16,128,128,2,4,8,11.1
gfx950,chain,torch.bfloat16,torch.float32,64,4,8,16,128,128,8,1,16,54.191
gfx950,chain,torch.bfloat16,torch.float32,128,2,8,16,128,128,4,4,16,63.901
gfx950,snapshot,torch.bfloat16,torch.bfloat16,64,2,2,4,128,128,8,1,8,10.15
gfx950,snapshot,torch.bfloat16,torch.bfloat16,64,4,2,4,128,128,8,1,8,14.96
gfx950,snapshot_tree,torch.bfloat16,torch.bfloat16,128,2,2,4,128,128,4,1,8,15.16
gfx950,snapshot_tree,torch.bfloat16,torch.bfloat16,128,4,2,4,128,128,1,4,8,23.9
gfx950,chain,torch.bfloat16,torch.bfloat16,8,2,2,4,128,128,4,4,8,5.17
gfx950,chain,torch.bfloat16,torch.bfloat16,16,4,2,4,128,128,4,4,8,8.16
gfx950,chain,torch.bfloat16,torch.bfloat16,16,2,2,4,128,128,4,4,8,5.66
gfx950,chain,torch.bfloat16,torch.bfloat16,64,2,2,4,128,128,2,4,8,9.29
gfx950,chain,torch.bfloat16,torch.bfloat16,64,4,2,4,128,128,4,1,4,14.14
gfx950,snapshot,torch.bfloat16,torch.float32,16,4,2,4,128,128,4,4,8,9.7
gfx950,snapshot,torch.bfloat16,torch.float32,64,2,2,4,128,128,8,4,16,13.78
gfx950,snapshot_tree,torch.bfloat16,torch.float32,32,2,2,4,128,128,4,4,16,8.791
gfx950,snapshot_tree,torch.bfloat16,torch.float32,32,4,2,4,128,128,8,4,16,13.56
gfx950,snapshot_tree,torch.bfloat16,torch.float32,64,2,2,4,128,128,8,1,16,12.57
gfx950,snapshot_tree,torch.bfloat16,torch.float32,128,4,2,4,128,128,8,1,16,41.111
gfx950,chain,torch.bfloat16,torch.float32,4,4,2,4,128,128,8,2,8,6.94
gfx950,chain,torch.bfloat16,torch.float32,16,4,2,4,128,128,4,4,8,9.68
gfx950,chain,torch.bfloat16,torch.float32,64,2,2,4,128,128,4,2,8,11.5
gfx950,chain,torch.bfloat16,torch.float32,128,2,2,4,128,128,8,1,8,17.95
gfx950,snapshot,torch.bfloat16,torch.bfloat16,16,2,4,8,128,128,4,4,8,8.16
gfx950,snapshot,torch.bfloat16,torch.bfloat16,32,4,4,8,128,128,8,1,8,14.85
gfx950,snapshot,torch.bfloat16,torch.bfloat16,32,2,4,8,128,128,2,4,8,10.18
gfx950,snapshot,torch.bfloat16,torch.bfloat16,64,4,4,8,128,128,8,1,8,20.52
gfx950,snapshot,torch.bfloat16,torch.bfloat16,128,4,4,8,128,128,2,4,8,36.17
gfx950,snapshot,torch.bfloat16,torch.bfloat16,128,2,4,8,128,128,8,1,8,24.63
gfx950,snapshot_tree,torch.bfloat16,torch.bfloat16,32,4,4,8,128,128,2,4,8,16.06
gfx950,snapshot_tree,torch.bfloat16,torch.bfloat16,32,2,4,8,128,128,8,1,8,10.25
gfx950,snapshot_tree,torch.bfloat16,torch.bfloat16,64,2,4,8,128,128,4,1,8,15.29
gfx950,snapshot_tree,torch.bfloat16,torch.bfloat16,64,4,4,8,128,128,1,4,8,23.76
gfx950,snapshot_tree,torch.bfloat16,torch.bfloat16,128,2,4,8,128,128,4,4,8,25.921
gfx950,chain,torch.bfloat16,torch.bfloat16,64,4,4,8,128,128,1,4,4,19.391
gfx950,snapshot,torch.bfloat16,torch.float32,8,4,4,8,128,128,4,4,8,10.05
gfx950,snapshot,torch.bfloat16,torch.float32,16,2,4,8,128,128,4,4,8,9.49
gfx950,snapshot,torch.bfloat16,torch.float32,32,2,4,8,128,128,8,4,16,13.441
gfx950,snapshot,torch.bfloat16,torch.float32,32,4,4,8,128,128,8,2,8,18.81
gfx950,snapshot_tree,torch.bfloat16,torch.float32,16,4,4,8,128,128,8,2,16,13.24
gfx950,snapshot_tree,torch.bfloat16,torch.float32,16,2,4,8,128,128,4,4,16,9.271
gfx950,snapshot_tree,torch.bfloat16,torch.float32,32,2,4,8,128,128,8,1,16,13.04
gfx950,snapshot_tree,torch.bfloat16,torch.float32,64,4,4,8,128,128,2,4,16,41.201
gfx950,snapshot_tree,torch.bfloat16,torch.float32,128,4,4,8,128,128,8,1,8,87.991
gfx950,snapshot_tree,torch.bfloat16,torch.float32,128,2,4,8,128,128,1,2,8,39.591
gfx950,chain,torch.bfloat16,torch.float32,8,4,4,8,128,128,4,4,8,9.4
gfx950,chain,torch.bfloat16,torch.float32,32,2,4,8,128,128,4,2,8,11.19
gfx950,chain,torch.bfloat16,torch.float32,128,4,4,8,128,128,8,1,16,55.72
gfx950,snapshot,torch.bfloat16,torch.bfloat16,128,4,2,4,128,128,2,2,8,19.84
gfx950,snapshot,torch.bfloat16,torch.float32,128,4,2,4,128,128,4,8,16,32.18
gfx950,snapshot_tree,torch.bfloat16,torch.bfloat16,128,4,8,16,128,128,1,4,8,94.11,3
