gfx,cu_num,M,N,K,q_dtype_w,libtype,kernelId,splitK,us,kernelName,tflops,bw,errRatio
gfx950,256,1,576,7168,torch.float8_e4m3fn,flydsl,961,7,5.0341,flydsl_bpreshuflle_16x64x512_F8_F8_B16_0x4x0x2_default_ks7,1.64,821.81,0.0
gfx950,256,2,576,7168,torch.float8_e4m3fn,flydsl,961,7,5.0499,flydsl_bpreshuflle_16x64x512_F8_F8_B16_0x4x0x2_default_ks7,3.27,820.89,0.0
gfx950,256,4,576,7168,torch.float8_e4m3fn,flydsl,2116,14,5.5256,flydsl_bpreshuflle_16x64x256_F8_F8_B16_0x4x0x1_default_ks14,5.98,753.23,0.0
gfx950,256,8,576,7168,torch.float8_e4m3fn,flydsl,373,7,5.2815,flydsl_bpreshuflle_16x64x512_F8_F8_B16_1x1x0x2_default_ks7,12.51,794.34,0.0
gfx950,256,16,576,7168,torch.float8_e4m3fn,flydsl,373,7,5.4885,flydsl_bpreshuflle_16x64x512_F8_F8_B16_1x1x0x2_default_ks7,24.07,776.51,0.0
gfx950,256,32,576,7168,torch.float8_e4m3fn,flydsl,961,7,6.0091,flydsl_bpreshuflle_16x64x512_F8_F8_B16_0x4x0x2_default_ks7,43.97,731.39,0.0
gfx950,256,64,576,7168,torch.float8_e4m3fn,ck,10,0,10.7167,a8w8_bpreshuffle_128x16x32x512_16x16_16x16_32x4x1_32x4x1_1x16x1x8_4x4x1_1x1_intrawave_v1,49.31,434.95,0.0
gfx950,256,128,576,7168,torch.float8_e4m3fn,ck,10,0,9.9632,a8w8_bpreshuffle_128x16x32x512_16x16_16x16_32x4x1_32x4x1_1x16x1x8_4x4x1_1x1_intrawave_v1,106.09,521.29,0.0
gfx950,256,256,576,7168,torch.float8_e4m3fn,ck,11,0,11.4055,a8w8_bpreshuffle_256x16x64x512_16x16_16x16_32x8x1_32x8x1_1x16x1x16_4x4x1_1x1_intrawave_v1,185.34,548.74,0.0
gfx950,256,512,576,7168,torch.float8_e4m3fn,flydsl,382,0,12.801,flydsl_bpreshuflle_32x64x512_F8_F8_B16_1x1x0x2_default,330.28,655.31,0.0
gfx950,256,1024,576,7168,torch.float8_e4m3fn,flydsl,1722,0,18.4079,flydsl_bpreshuflle_32x64x512_F8_F8_B16_0x2x4x1_default,459.35,687.12,0.0
gfx950,256,1088,576,7168,torch.float8_e4m3fn,cktile,151,0,17.7461,a8w8_bpreshuffle_cktile_0x0x8x4x1x0x0x0x0x3_32x64x512_1x4x1_16x16x128_default,506.26,742.75,0.0
gfx950,256,1152,576,7168,torch.float8_e4m3fn,cktile,151,0,17.7754,a8w8_bpreshuffle_cktile_0x0x8x4x1x0x0x0x0x3_32x64x512_1x4x1_16x16x128_default,535.16,771.48,0.0
gfx950,256,1216,576,7168,torch.float8_e4m3fn,cktile,37,0,17.904,a8w8_bpreshuffle_cktile_0x0x8x4x1x0x0x0x0x2_32x64x512_1x4x1_16x16x128_default,560.83,795.68,0.0
gfx950,256,1280,576,7168,torch.float8_e4m3fn,cktile,151,0,17.8657,a8w8_bpreshuffle_cktile_0x0x8x4x1x0x0x0x0x3_32x64x512_1x4x1_16x16x128_default,591.62,827.19,0.0
gfx950,256,1344,576,7168,torch.float8_e4m3fn,cktile,37,0,18.0437,a8w8_bpreshuffle_cktile_0x0x8x4x1x0x0x0x0x2_32x64x512_1x4x1_16x16x128_default,615.07,848.54,0.0
gfx950,256,1408,576,7168,torch.float8_e4m3fn,cktile,151,0,18.6072,a8w8_bpreshuffle_cktile_0x0x8x4x1x0x0x0x0x3_32x64x512_1x4x1_16x16x128_default,624.84,851.46,0.0
gfx950,256,1472,576,7168,torch.float8_e4m3fn,cktile,151,0,18.8827,a8w8_bpreshuffle_cktile_0x0x8x4x1x0x0x0x0x3_32x64x512_1x4x1_16x16x128_default,643.72,867.24,0.0
gfx950,256,1536,576,7168,torch.float8_e4m3fn,flydsl,2014,0,19.5212,flydsl_bpreshuflle_32x64x512_F8_F8_B16_1x3x0x1_default,649.73,866.15,0.0
gfx950,256,1600,576,7168,torch.float8_e4m3fn,cktile,151,0,19.2753,a8w8_bpreshuffle_cktile_0x0x8x4x1x0x0x0x0x3_32x64x512_1x4x1_16x16x128_default,685.44,904.82,0.0
gfx950,256,1664,576,7168,torch.float8_e4m3fn,cktile,37,0,19.3489,a8w8_bpreshuffle_cktile_0x0x8x4x1x0x0x0x0x2_32x64x512_1x4x1_16x16x128_default,710.15,928.9,0.0
gfx950,256,1728,576,7168,torch.float8_e4m3fn,ck,114,0,19.8863,a8w8_bpreshuffle_256x64x64x256_16x16_16x16_16x16x1_16x16x1_1x32x1x8_8x8x1_2x1_intrawave_v3,717.53,930.58,0.0
gfx950,256,1792,576,7168,torch.float8_e4m3fn,ck,114,0,19.884,a8w8_bpreshuffle_256x64x64x256_16x16_16x16_16x16x1_16x16x1_1x32x1x8_8x8x1_2x1_intrawave_v3,744.19,957.46,0.0
gfx950,256,1856,576,7168,torch.float8_e4m3fn,cktile,78,0,21.1402,a8w8_bpreshuffle_cktile_0x0x8x4x1x0x0x0x0x1_48x64x256_1x4x1_16x16x128_default,724.97,925.76,0.0
gfx950,256,1920,576,7168,torch.float8_e4m3fn,ck,113,0,20.7729,a8w8_bpreshuffle_256x48x64x256_16x16_16x16_16x16x1_16x16x1_1x16x1x16_4x4x1_1x1_intrawave_v1,763.23,967.76,0.0
gfx950,256,1984,576,7168,torch.float8_e4m3fn,cktile,78,0,21.4702,a8w8_bpreshuffle_cktile_0x0x8x4x1x0x0x0x0x1_48x64x256_1x4x1_16x16x128_default,763.06,961.13,0.0
gfx950,256,2048,576,7168,torch.float8_e4m3fn,cktile,217,0,22.0234,a8w8_bpreshuffle_cktile_0x0x8x4x1x0x0x0x0x4_48x64x256_1x4x1_16x16x128_default,767.88,961.17,0.0
gfx950,256,2112,576,7168,torch.float8_e4m3fn,cktile,216,0,22.8681,a8w8_bpreshuffle_cktile_0x0x8x4x1x0x0x0x0x3_48x64x256_1x4x1_16x16x128_default,762.63,948.95,0.0
gfx950,256,2176,576,7168,torch.float8_e4m3fn,cktile,84,0,23.6063,a8w8_bpreshuffle_cktile_0x0x8x4x1x0x0x0x0x1_80x64x256_1x4x1_16x16x128_default,761.17,941.83,0.0
gfx950,256,2240,576,7168,torch.float8_e4m3fn,flydsl,645,0,22.3376,flydsl_bpreshuflle_80x64x256_F8_F8_B16_1x2x0x2_default,828.06,1019.16,0.0
gfx950,256,2304,576,7168,torch.float8_e4m3fn,flydsl,513,0,23.1501,flydsl_bpreshuflle_48x64x256_F8_F8_B16_0x2x0x2_default,821.83,1006.39,0.0
gfx950,256,2368,576,7168,torch.float8_e4m3fn,flydsl,208,0,23.8314,flydsl_bpreshuflle_64x64x256_F8_F8_B16_1x0x4x2_default,820.51,999.96,0.0
gfx950,256,2432,576,7168,torch.float8_e4m3fn,flydsl,1666,0,24.0923,flydsl_bpreshuflle_32x192x256_F8_F8_B16_0x2x0x1_default,833.56,1011.24,0.0
gfx950,256,2496,576,7168,torch.float8_e4m3fn,flydsl,17,0,24.3763,flydsl_bpreshuflle_48x64x256_F8_F8_B16_0x0x0x2_default,845.53,1021.3,0.0
gfx950,256,2560,576,7168,torch.float8_e4m3fn,flydsl,1666,0,23.9478,flydsl_bpreshuflle_32x192x256_F8_F8_B16_0x2x0x1_default,882.72,1061.81,0.0
gfx950,256,2624,576,7168,torch.float8_e4m3fn,flydsl,1129,0,23.9029,flydsl_bpreshuflle_64x64x256_F8_F8_B16_1x4x4x2_default,906.49,1086.08,0.0
gfx950,256,2688,576,7168,torch.float8_e4m3fn,flydsl,158,0,24.0095,flydsl_bpreshuflle_96x64x256_F8_F8_B16_1x0x0x2_default,924.48,1103.44,0.0
gfx950,256,2752,576,7168,torch.float8_e4m3fn,cktile,178,0,25.3839,a8w8_bpreshuffle_cktile_0x0x8x4x1x0x0x0x0x3_64x64x256_1x4x1_16x16x128_default,895.24,1064.67,0.0
gfx950,256,2816,576,7168,torch.float8_e4m3fn,flydsl,22,0,26.123,flydsl_bpreshuflle_64x64x256_F8_F8_B16_0x0x0x2_default,890.14,1054.93,0.0
gfx950,256,2880,576,7168,torch.float8_e4m3fn,flydsl,698,0,25.1402,flydsl_bpreshuflle_64x64x256_F8_F8_B16_1x2x4x2_default,945.96,1117.35,0.0
gfx950,256,2944,576,7168,torch.float8_e4m3fn,flydsl,2138,0,27.1292,flydsl_bpreshuflle_64x64x256_F8_F8_B16_0x4x0x1_default,896.09,1055.06,0.0
gfx950,256,3008,576,7168,torch.float8_e4m3fn,flydsl,2187,0,27.1858,flydsl_bpreshuflle_64x64x256_F8_F8_B16_0x4x4x1_default,913.66,1072.45,0.0
gfx950,256,3072,576,7168,torch.float8_e4m3fn,flydsl,1178,0,26.1445,flydsl_bpreshuflle_64x64x256_F8_F8_B16_0x0x0x1_default,970.27,1135.53,0.0
gfx950,256,3136,576,7168,torch.float8_e4m3fn,flydsl,889,0,26.2217,flydsl_bpreshuflle_112x64x256_F8_F8_B16_1x3x0x2_default,987.56,1152.49,0.0
gfx950,256,3200,576,7168,torch.float8_e4m3fn,flydsl,401,0,27.6273,flydsl_bpreshuflle_80x64x256_F8_F8_B16_1x1x0x2_default,956.45,1113.13,0.0
gfx950,256,3264,576,7168,torch.float8_e4m3fn,cktile,178,0,28.5328,a8w8_bpreshuffle_cktile_0x0x8x4x1x0x0x0x0x3_64x64x256_1x4x1_16x16x128_default,944.62,1096.47,0.0
gfx950,256,3328,576,7168,torch.float8_e4m3fn,flydsl,1674,0,26.9466,flydsl_bpreshuflle_64x64x256_F8_F8_B16_0x2x0x1_default,1019.83,1180.77,0.0
gfx950,256,3392,576,7168,torch.float8_e4m3fn,flydsl,1031,0,28.1849,flydsl_bpreshuflle_64x64x256_F8_F8_B16_0x4x4x2_default,993.78,1147.79,0.0
gfx950,256,3456,576,7168,torch.float8_e4m3fn,flydsl,515,0,28.7836,flydsl_bpreshuflle_48x192x256_F8_F8_B16_0x2x0x2_default,991.47,1142.41,0.0
gfx950,256,3520,576,7168,torch.float8_e4m3fn,flydsl,401,0,28.4132,flydsl_bpreshuflle_80x64x256_F8_F8_B16_1x1x0x2_default,1022.99,1176.04,0.0
gfx950,256,3584,576,7168,torch.float8_e4m3fn,flydsl,1080,0,27.57,flydsl_bpreshuflle_64x64x256_F8_F8_B16_1x4x0x2_default,1073.45,1231.33,0.0
gfx950,256,3648,576,7168,torch.float8_e4m3fn,flydsl,267,0,29.5819,flydsl_bpreshuflle_48x192x256_F8_F8_B16_0x1x0x2_default,1018.31,1165.58,0.0
gfx950,256,3712,576,7168,torch.float8_e4m3fn,cktile,117,0,32.7362,a8w8_bpreshuffle_cktile_0x0x8x4x1x0x0x0x0x2_80x64x256_1x4x1_16x16x128_default,936.33,1069.54,0.0
gfx950,256,3776,576,7168,torch.float8_e4m3fn,flydsl,702,0,31.6643,flydsl_bpreshuflle_64x192x256_F8_F8_B16_1x2x4x2_default,984.72,1122.56,0.0
gfx950,256,3840,576,7168,torch.float8_e4m3fn,flydsl,645,0,28.6684,flydsl_bpreshuflle_80x64x256_F8_F8_B16_1x2x0x2_default,1106.06,1258.44,0.0
gfx950,256,3904,576,7168,torch.float8_e4m3fn,cktile,109,0,32.782,a8w8_bpreshuffle_cktile_0x0x8x4x1x0x0x0x0x2_48x192x256_1x4x1_16x16x128_default,983.39,1116.77,0.0
gfx950,256,3968,576,7168,torch.float8_e4m3fn,flydsl,642,0,33.3455,flydsl_bpreshuflle_64x192x256_F8_F8_B16_1x2x0x2_default,982.62,1113.87,0.0
gfx950,256,4032,576,7168,torch.float8_e4m3fn,flydsl,267,0,30.3683,flydsl_bpreshuflle_48x192x256_F8_F8_B16_0x1x0x2_default,1096.35,1240.6,0.0
gfx950,256,4096,576,7168,torch.float8_e4m3fn,flydsl,150,0,31.3258,flydsl_bpreshuflle_64x192x256_F8_F8_B16_1x0x0x2_default,1079.71,1219.68,0.0
gfx950,256,8192,576,7168,torch.float8_e4m3fn,cktile,94,0,48.2593,a8w8_bpreshuffle_cktile_0x0x8x4x1x0x0x0x0x1_112x192x256_1x4x1_16x16x128_default,1401.71,1497.87,0.0
gfx950,256,16384,576,7168,torch.float8_e4m3fn,cktile,232,0,75.7943,a8w8_bpreshuffle_cktile_0x0x8x4x1x0x0x0x0x3_224x192x128_1x4x1_16x16x128_default,1784.98,1852.96,0.0
gfx950,256,32768,576,7168,torch.float8_e4m3fn,ck,68,0,137.1244,a8w8_bpreshuffle_256x128x192x128_16x16_16x16_8x32x1_8x32x1_1x32x1x8_8x8x1_2x1_intrawave_v3,1973.27,2018.3,0.0
gfx950,256,1,1536,128,torch.float8_e4m3fn,cktile,15,0,2.8909,a8w8_bpreshuffle_cktile_0x0x8x4x1x0x0x0x0x1_32x64x128_1x4x1_16x16x128_default,0.14,69.12,0.0
gfx950,256,1,1536,1536,torch.float8_e4m3fn,flydsl,125,0,3.4705,flydsl_bpreshuflle_16x64x512_F8_F8_B16_1x0x0x2_default,1.36,681.14,0.0
gfx950,256,1,1536,7168,torch.float8_e4m3fn,flydsl,187,7,5.8969,flydsl_bpreshuflle_16x64x512_F8_F8_B16_1x0x4x2_default_ks7,3.73,1868.83,0.0
gfx950,256,2,1536,128,torch.float8_e4m3fn,cktile,165,0,2.7639,a8w8_bpreshuffle_cktile_0x0x8x4x1x0x0x0x0x4_32x64x128_1x4x1_16x16x128_default,0.28,73.45,0.0
gfx950,256,2,1536,1536,torch.float8_e4m3fn,ck,10,0,3.7695,a8w8_bpreshuffle_128x16x32x512_16x16_16x16_32x4x1_32x4x1_1x16x1x8_4x4x1_1x1_intrawave_v1,2.5,628.34,0.0
gfx950,256,2,1536,7168,torch.float8_e4m3fn,flydsl,2117,7,6.0302,flydsl_bpreshuflle_16x64x512_F8_F8_B16_0x4x0x1_default_ks7,7.3,1829.21,0.0
gfx950,256,4,1536,128,torch.float8_e4m3fn,cktile,15,0,2.9594,a8w8_bpreshuffle_cktile_0x0x8x4x1x0x0x0x0x1_32x64x128_1x4x1_16x16x128_default,0.53,70.76,0.0
gfx950,256,4,1536,1536,torch.float8_e4m3fn,flydsl,125,0,4.0686,flydsl_bpreshuflle_16x64x512_F8_F8_B16_1x0x0x2_default,4.64,584.41,0.0
gfx950,256,4,1536,7168,torch.float8_e4m3fn,flydsl,435,7,5.9077,flydsl_bpreshuflle_16x64x512_F8_F8_B16_1x1x4x2_default_ks7,14.91,1870.61,0.0
gfx950,256,8,1536,128,torch.float8_e4m3fn,cktile,165,0,2.6116,a8w8_bpreshuffle_cktile_0x0x8x4x1x0x0x0x0x4_32x64x128_1x4x1_16x16x128_default,1.2,85.09,0.0
gfx950,256,8,1536,1536,torch.float8_e4m3fn,flydsl,1059,0,3.5442,flydsl_bpreshuflle_16x64x512_F8_F8_B16_1x4x0x2_default,10.65,676.08,0.0
gfx950,256,8,1536,7168,torch.float8_e4m3fn,flydsl,677,7,6.0842,flydsl_bpreshuflle_16x64x512_F8_F8_B16_1x2x4x2_default_ks7,28.95,1823.08,0.0
gfx950,256,16,1536,128,torch.float8_e4m3fn,cktile,15,0,3.4698,a8w8_bpreshuffle_cktile_0x0x8x4x1x0x0x0x0x1_32x64x128_1x4x1_16x16x128_default,1.81,71.42,0.0
gfx950,256,16,1536,1536,torch.float8_e4m3fn,flydsl,373,0,3.6127,flydsl_bpreshuflle_16x64x512_F8_F8_B16_1x1x0x2_default,20.9,673.46,0.0
gfx950,256,16,1536,7168,torch.float8_e4m3fn,flydsl,1059,7,6.2957,flydsl_bpreshuflle_16x64x512_F8_F8_B16_1x4x0x2_default_ks7,55.96,1774.84,0.0
gfx950,256,32,1536,128,torch.float8_e4m3fn,flydsl,1412,0,2.7372,flydsl_bpreshuflle_32x64x128_F8_F8_B16_0x1x0x1_default,4.6,109.24,0.0
gfx950,256,32,1536,1536,torch.float8_e4m3fn,flydsl,617,0,4.3014,flydsl_bpreshuflle_16x64x512_F8_F8_B16_1x2x0x2_default,35.1,582.78,0.0
gfx950,256,32,1536,7168,torch.float8_e4m3fn,flydsl,258,7,7.2576,flydsl_bpreshuflle_32x64x512_F8_F8_B16_0x1x0x2_default_ks7,97.09,1562.19,0.0
gfx950,256,48,1536,1536,torch.float8_e4m3fn,flydsl,617,0,3.9897,flydsl_bpreshuflle_16x64x512_F8_F8_B16_1x2x0x2_default,56.77,646.79,0.0
gfx950,256,64,1536,128,torch.float8_e4m3fn,flydsl,1660,0,3.3145,flydsl_bpreshuflle_32x64x128_F8_F8_B16_0x2x0x1_default,7.59,121.11,0.0
gfx950,256,64,1536,1536,torch.float8_e4m3fn,ck,10,0,4.1922,a8w8_bpreshuffle_128x16x32x512_16x16_16x16_32x4x1_32x4x1_1x16x1x8_4x4x1_1x1_intrawave_v1,72.04,633.13,0.0
gfx950,256,64,1536,7168,torch.float8_e4m3fn,ck,10,0,11.1903,a8w8_bpreshuffle_128x16x32x512_16x16_16x16_32x4x1_32x4x1_1x16x1x8_4x4x1_1x1_intrawave_v1,125.94,1042.46,0.0
gfx950,256,128,1536,128,torch.float8_e4m3fn,flydsl,1900,0,2.7756,flydsl_bpreshuflle_32x64x128_F8_F8_B16_0x3x0x1_default,18.13,218.41,0.0
gfx950,256,128,1536,1536,torch.float8_e4m3fn,ck,11,0,4.9401,a8w8_bpreshuffle_256x16x64x512_16x16_16x16_32x8x1_32x8x1_1x16x1x16_4x4x1_1x1_intrawave_v1,122.26,596.98,0.0
gfx950,256,128,1536,7168,torch.float8_e4m3fn,ck,11,0,11.1565,a8w8_bpreshuffle_256x16x64x512_16x16_16x16_32x8x1_32x8x1_1x16x1x16_4x4x1_1x1_intrawave_v1,252.64,1104.36,0.0
gfx950,256,256,1536,128,torch.float8_e4m3fn,flydsl,8,0,2.9494,flydsl_bpreshuflle_32x64x128_F8_F8_B16_0x0x0x2_default,34.13,344.41,0.0
gfx950,256,256,1536,1536,torch.float8_e4m3fn,flydsl,444,0,5.0603,flydsl_bpreshuflle_32x64x512_F8_F8_B16_1x1x4x2_default,238.71,699.35,0.0
gfx950,256,256,1536,7168,torch.float8_e4m3fn,flydsl,686,0,12.8178,flydsl_bpreshuflle_32x64x512_F8_F8_B16_1x2x4x2_default,439.79,1063.48,0.0
gfx950,256,512,1536,128,torch.float8_e4m3fn,flydsl,2124,0,3.0597,flydsl_bpreshuflle_32x64x128_F8_F8_B16_0x4x0x1_default,65.8,599.73,0.0
gfx950,256,512,1536,1536,torch.float8_e4m3fn,flydsl,914,0,6.2819,flydsl_bpreshuflle_32x64x512_F8_F8_B16_1x3x4x2_default,384.58,751.14,0.0
gfx950,256,512,1536,7168,torch.float8_e4m3fn,flydsl,1228,0,16.5374,flydsl_bpreshuflle_32x64x512_F8_F8_B16_0x0x4x1_default,681.74,982.8,0.0
gfx950,256,1024,1536,128,torch.float8_e4m3fn,flydsl,973,0,3.6346,flydsl_bpreshuflle_32x192x128_F8_F8_B16_0x4x0x2_default,110.78,955.65,0.0
gfx950,256,1024,1536,1536,torch.float8_e4m3fn,flydsl,698,0,7.8317,flydsl_bpreshuflle_64x64x256_F8_F8_B16_1x2x4x2_default,616.96,903.75,0.0
gfx950,256,1024,1536,7168,torch.float8_e4m3fn,flydsl,1129,0,23.781,flydsl_bpreshuflle_64x64x256_F8_F8_B16_1x4x4x2_default,948.18,903.91,0.0
gfx950,256,1088,1536,128,torch.float8_e4m3fn,flydsl,8,0,3.7051,flydsl_bpreshuflle_32x64x128_F8_F8_B16_0x0x0x2_default,115.47,992.74,0.0
gfx950,256,1088,1536,1536,torch.float8_e4m3fn,flydsl,208,0,8.2252,flydsl_bpreshuflle_64x64x256_F8_F8_B16_1x0x4x2_default,624.16,896.37,0.0
gfx950,256,1088,1536,7168,torch.float8_e4m3fn,flydsl,458,0,25.1505,flydsl_bpreshuflle_64x128x256_F8_F8_B16_1x1x4x2_default,952.58,880.74,0.0
gfx950,256,1152,1536,128,torch.float8_e4m3fn,flydsl,504,0,3.7628,flydsl_bpreshuflle_32x64x128_F8_F8_B16_0x2x0x2_default,120.39,1031.95,0.0
gfx950,256,1152,1536,1536,torch.float8_e4m3fn,flydsl,24,0,8.3123,flydsl_bpreshuflle_64x128x256_F8_F8_B16_0x0x0x2_default,653.95,922.45,0.0
gfx950,256,1152,1536,7168,torch.float8_e4m3fn,flydsl,700,0,24.1364,flydsl_bpreshuflle_64x128x256_F8_F8_B16_1x2x4x2_default,1050.99,944.9,0.0
gfx950,256,1216,1536,128,torch.float8_e4m3fn,flydsl,1425,0,3.8616,flydsl_bpreshuflle_64x64x128_F8_F8_B16_0x1x0x1_default,123.82,1058.58,0.0
gfx950,256,1216,1536,1536,torch.float8_e4m3fn,flydsl,700,0,8.5435,flydsl_bpreshuflle_64x128x256_F8_F8_B16_1x2x4x2_default,671.6,932.01,0.0
gfx950,256,1216,1536,7168,torch.float8_e4m3fn,flydsl,458,0,25.8085,flydsl_bpreshuflle_64x128x256_F8_F8_B16_1x1x4x2_default,1037.5,909.08,0.0
gfx950,256,1280,1536,128,torch.float8_e4m3fn,flydsl,1177,0,3.862,flydsl_bpreshuflle_64x64x128_F8_F8_B16_0x0x0x1_default,130.33,1111.5,0.0
gfx950,256,1280,1536,1536,torch.float8_e4m3fn,flydsl,396,0,8.3041,flydsl_bpreshuflle_64x128x256_F8_F8_B16_1x1x0x2_default,727.33,994.39,0.0
gfx950,256,1280,1536,7168,torch.float8_e4m3fn,flydsl,210,0,24.335,flydsl_bpreshuflle_64x128x256_F8_F8_B16_1x0x4x2_default,1158.24,991.05,0.0
gfx950,256,1344,1536,128,torch.float8_e4m3fn,flydsl,751,0,3.9497,flydsl_bpreshuflle_32x256x128_F8_F8_B16_0x3x0x2_default,133.8,1138.67,0.0
gfx950,256,1344,1536,1536,torch.float8_e4m3fn,flydsl,700,0,8.7849,flydsl_bpreshuflle_64x128x256_F8_F8_B16_1x2x4x2_default,721.9,973.54,0.0
gfx950,256,1344,1536,7168,torch.float8_e4m3fn,flydsl,700,0,26.5154,flydsl_bpreshuflle_64x128x256_F8_F8_B16_1x2x4x2_default,1116.14,934.27,0.0
gfx950,256,1408,1536,128,torch.float8_e4m3fn,flydsl,504,0,4.1072,flydsl_bpreshuflle_32x64x128_F8_F8_B16_0x2x0x2_default,134.8,1144.87,0.0
gfx950,256,1408,1536,1536,torch.float8_e4m3fn,flydsl,150,0,10.1861,flydsl_bpreshuflle_64x192x256_F8_F8_B16_1x0x0x2_default,652.24,868.57,0.0
gfx950,256,1408,1536,7168,torch.float8_e4m3fn,flydsl,702,0,31.6366,flydsl_bpreshuflle_64x192x256_F8_F8_B16_1x2x4x2_default,980.01,803.75,0.0
gfx950,256,1472,1536,128,torch.float8_e4m3fn,flydsl,11,0,4.2272,flydsl_bpreshuflle_32x128x128_F8_F8_B16_0x0x0x2_default,136.93,1160.82,0.0
gfx950,256,1472,1536,1536,torch.float8_e4m3fn,flydsl,460,0,10.2846,flydsl_bpreshuflle_64x192x256_F8_F8_B16_1x1x4x2_default,675.36,888.93,0.0
gfx950,256,1472,1536,7168,torch.float8_e4m3fn,cktile,92,0,31.734,a8w8_bpreshuffle_cktile_0x0x8x4x1x0x0x0x0x1_80x128x256_1x4x1_16x16x128_default,1021.41,821.94,0.0
gfx950,256,1536,1536,128,torch.float8_e4m3fn,flydsl,507,0,4.386,flydsl_bpreshuflle_32x128x128_F8_F8_B16_0x2x0x2_default,137.71,1165.48,0.0
gfx950,256,1536,1536,1536,torch.float8_e4m3fn,flydsl,515,0,9.4199,flydsl_bpreshuflle_48x192x256_F8_F8_B16_0x2x0x2_default,769.41,1001.83,0.0
gfx950,256,1536,1536,7168,torch.float8_e4m3fn,flydsl,1143,0,28.8451,flydsl_bpreshuflle_96x128x256_F8_F8_B16_1x4x4x2_default,1172.57,926.98,0.0
gfx950,256,1600,1536,128,torch.float8_e4m3fn,flydsl,2127,0,4.3445,flydsl_bpreshuflle_32x128x128_F8_F8_B16_0x4x0x1_default,144.81,1223.76,0.0
gfx950,256,1600,1536,1536,torch.float8_e4m3fn,flydsl,646,0,8.9559,flydsl_bpreshuflle_80x128x256_F8_F8_B16_1x2x0x2_default,842.99,1086.67,0.0
gfx950,256,1600,1536,7168,torch.float8_e4m3fn,flydsl,646,0,27.2894,flydsl_bpreshuflle_80x128x256_F8_F8_B16_1x2x0x2_default,1291.06,1003.83,0.0
gfx950,256,1664,1536,128,torch.float8_e4m3fn,flydsl,259,0,4.357,flydsl_bpreshuflle_32x128x128_F8_F8_B16_0x1x0x2_default,150.17,1267.25,0.0
gfx950,256,1664,1536,1536,torch.float8_e4m3fn,flydsl,212,0,10.2934,flydsl_bpreshuflle_64x192x256_F8_F8_B16_1x0x4x2_default,762.79,974.12,0.0
gfx950,256,1664,1536,7168,torch.float8_e4m3fn,cktile,92,0,32.0265,a8w8_bpreshuffle_cktile_0x0x8x4x1x0x0x0x0x1_80x128x256_1x4x1_16x16x128_default,1144.1,875.82,0.0
gfx950,256,1728,1536,128,torch.float8_e4m3fn,flydsl,769,0,4.4361,flydsl_bpreshuflle_96x64x128_F8_F8_B16_0x3x0x2_default,153.17,1290.82,0.0
gfx950,256,1728,1536,1536,torch.float8_e4m3fn,flydsl,408,0,9.7211,flydsl_bpreshuflle_96x128x256_F8_F8_B16_1x1x0x2_default,838.77,1061.81,0.0
gfx950,256,1728,1536,7168,torch.float8_e4m3fn,flydsl,222,0,29.5497,flydsl_bpreshuflle_96x128x256_F8_F8_B16_1x0x4x2_default,1287.69,971.41,0.0
gfx950,256,1792,1536,128,torch.float8_e4m3fn,flydsl,1673,0,4.4124,flydsl_bpreshuflle_64x64x128_F8_F8_B16_0x2x0x1_default,159.7,1344.17,0.0
gfx950,256,1792,1536,1536,torch.float8_e4m3fn,flydsl,398,0,10.374,flydsl_bpreshuflle_64x192x256_F8_F8_B16_1x1x0x2_default,815.09,1023.41,0.0
gfx950,256,1792,1536,7168,torch.float8_e4m3fn,flydsl,946,0,31.973,flydsl_bpreshuflle_112x128x256_F8_F8_B16_1x3x4x2_default,1234.17,918.28,0.0
gfx950,256,1856,1536,128,torch.float8_e4m3fn,flydsl,1069,0,4.6121,flydsl_bpreshuflle_32x128x128_F8_F8_B16_1x4x0x2_default,158.24,1330.37,0.0
gfx950,256,1856,1536,1536,torch.float8_e4m3fn,flydsl,212,0,10.6975,flydsl_bpreshuflle_64x192x256_F8_F8_B16_1x0x4x2_default,818.67,1020.03,0.0
gfx950,256,1856,1536,7168,torch.float8_e4m3fn,flydsl,212,0,32.9905,flydsl_bpreshuflle_64x192x256_F8_F8_B16_1x0x4x2_default,1238.82,909.82,0.0
gfx950,256,1920,1536,128,torch.float8_e4m3fn,flydsl,383,0,4.6987,flydsl_bpreshuflle_32x128x128_F8_F8_B16_1x1x0x2_default,160.68,1349.44,0.0
gfx950,256,1920,1536,1536,torch.float8_e4m3fn,flydsl,408,0,9.7983,flydsl_bpreshuflle_96x128x256_F8_F8_B16_1x1x0x2_default,924.62,1143.73,0.0
gfx950,256,1920,1536,7168,torch.float8_e4m3fn,flydsl,1143,0,29.5541,flydsl_bpreshuflle_96x128x256_F8_F8_B16_1x4x4x2_default,1430.55,1037.79,0.0
gfx950,256,1984,1536,128,torch.float8_e4m3fn,flydsl,2225,0,4.6925,flydsl_bpreshuflle_32x128x128_F8_F8_B16_1x4x0x1_default,166.25,1394.87,0.0
gfx950,256,1984,1536,1536,torch.float8_e4m3fn,flydsl,212,0,10.7979,flydsl_bpreshuflle_64x192x256_F8_F8_B16_1x0x4x2_default,866.99,1065.17,0.0
gfx950,256,1984,1536,7168,torch.float8_e4m3fn,flydsl,460,0,33.3289,flydsl_bpreshuflle_64x192x256_F8_F8_B16_1x1x4x2_default,1310.81,939.91,0.0
gfx950,256,2048,1536,128,torch.float8_e4m3fn,flydsl,261,0,4.7023,flydsl_bpreshuflle_32x192x128_F8_F8_B16_0x1x0x2_default,171.26,1435.51,0.0
gfx950,256,2048,1536,1536,torch.float8_e4m3fn,flydsl,212,0,11.0239,flydsl_bpreshuflle_64x192x256_F8_F8_B16_1x0x4x2_default,876.61,1070.08,0.0
gfx950,256,2048,1536,7168,torch.float8_e4m3fn,flydsl,702,0,33.404,flydsl_bpreshuflle_64x192x256_F8_F8_B16_1x2x4x2_default,1350.05,957.42,0.0
gfx950,256,2112,1536,128,torch.float8_e4m3fn,flydsl,1295,0,5.3773,flydsl_bpreshuflle_32x256x128_F8_F8_B16_1x0x0x1_default,154.44,1293.4,0.0
gfx950,256,2112,1536,1536,torch.float8_e4m3fn,flydsl,458,0,11.5889,flydsl_bpreshuflle_64x128x256_F8_F8_B16_1x1x4x2_default,859.93,1043.36,0.0
gfx950,256,2112,1536,7168,torch.float8_e4m3fn,flydsl,714,0,38.6608,flydsl_bpreshuflle_96x192x256_F8_F8_B16_1x2x4x2_default,1202.94,844.19,0.0
gfx950,256,2176,1536,128,torch.float8_e4m3fn,flydsl,1787,0,4.8795,flydsl_bpreshuflle_32x256x128_F8_F8_B16_1x2x0x1_default,175.35,1467.32,0.0
gfx950,256,2176,1536,1536,torch.float8_e4m3fn,flydsl,1972,0,11.6983,flydsl_bpreshuflle_64x128x256_F8_F8_B16_0x3x4x1_default,877.7,1058.81,0.0
gfx950,256,2176,1536,7168,torch.float8_e4m3fn,flydsl,458,0,36.8024,flydsl_bpreshuflle_64x128x256_F8_F8_B16_1x1x4x2_default,1301.97,904.62,0.0
gfx950,256,2240,1536,128,torch.float8_e4m3fn,flydsl,263,0,5.0563,flydsl_bpreshuflle_32x256x128_F8_F8_B16_0x1x0x2_default,174.2,1456.52,0.0
gfx950,256,2240,1536,1536,torch.float8_e4m3fn,flydsl,166,0,10.7424,flydsl_bpreshuflle_112x128x256_F8_F8_B16_1x0x0x2_default,983.92,1180.48,0.0
gfx950,256,2240,1536,7168,torch.float8_e4m3fn,flydsl,414,0,32.9789,flydsl_bpreshuflle_112x128x256_F8_F8_B16_1x1x0x2_default,1495.65,1029.37,0.0
gfx950,256,2304,1536,128,torch.float8_e4m3fn,flydsl,759,0,4.997,flydsl_bpreshuflle_64x128x128_F8_F8_B16_0x3x0x2_default,181.3,1514.79,0.0
gfx950,256,2304,1536,1536,torch.float8_e4m3fn,flydsl,896,0,11.8473,flydsl_bpreshuflle_128x128x256_F8_F8_B16_1x3x0x2_default,917.65,1095.28,0.0
gfx950,256,2304,1536,7168,torch.float8_e4m3fn,flydsl,724,0,37.3022,flydsl_bpreshuflle_128x128x256_F8_F8_B16_1x2x4x2_default,1360.09,927.64,0.0
gfx950,256,2368,1536,128,torch.float8_e4m3fn,flydsl,387,0,5.1506,flydsl_bpreshuflle_32x256x128_F8_F8_B16_1x1x0x2_default,180.78,1509.38,0.0
gfx950,256,2368,1536,1536,torch.float8_e4m3fn,flydsl,86,0,12.4404,flydsl_bpreshuflle_64x128x256_F8_F8_B16_0x0x4x2_default,898.17,1066.77,0.0
gfx950,256,2368,1536,7168,torch.float8_e4m3fn,flydsl,1972,0,41.0711,flydsl_bpreshuflle_64x128x256_F8_F8_B16_0x3x4x1_default,1269.59,858.47,0.0
gfx950,256,2432,1536,128,torch.float8_e4m3fn,flydsl,863,0,5.0925,flydsl_bpreshuflle_32x256x128_F8_F8_B16_1x3x0x2_default,187.79,1566.82,0.0
gfx950,256,2432,1536,1536,torch.float8_e4m3fn,flydsl,86,0,12.3575,flydsl_bpreshuflle_64x128x256_F8_F8_B16_0x0x4x2_default,928.64,1097.79,0.0
gfx950,256,2432,1536,7168,torch.float8_e4m3fn,flydsl,210,0,39.4499,flydsl_bpreshuflle_64x128x256_F8_F8_B16_1x0x4x2_default,1357.49,910.36,0.0
gfx950,256,2496,1536,128,torch.float8_e4m3fn,flydsl,863,0,5.2538,flydsl_bpreshuflle_32x256x128_F8_F8_B16_1x3x0x2_default,186.81,1557.69,0.0
gfx950,256,2496,1536,1536,torch.float8_e4m3fn,flydsl,210,0,12.5422,flydsl_bpreshuflle_64x128x256_F8_F8_B16_1x0x4x2_default,939.04,1105.14,0.0
gfx950,256,2496,1536,7168,torch.float8_e4m3fn,flydsl,714,0,40.6007,flydsl_bpreshuflle_96x192x256_F8_F8_B16_1x2x4x2_default,1353.72,900.7,0.0
gfx950,256,2560,1536,128,torch.float8_e4m3fn,flydsl,543,0,5.2745,flydsl_bpreshuflle_128x128x128_F8_F8_B16_0x2x0x2_default,190.85,1590.41,0.0
gfx950,256,2560,1536,1536,torch.float8_e4m3fn,flydsl,465,0,11.8659,flydsl_bpreshuflle_80x192x256_F8_F8_B16_1x1x4x2_default,1018.01,1192.98,0.0
gfx950,256,2560,1536,7168,torch.float8_e4m3fn,flydsl,1435,0,36.8512,flydsl_bpreshuflle_80x192x256_F8_F8_B16_0x1x0x1_default,1529.7,1010.13,0.0
gfx950,256,2624,1536,128,torch.float8_e4m3fn,flydsl,2019,0,5.3681,flydsl_bpreshuflle_32x256x128_F8_F8_B16_1x3x0x1_default,192.21,1600.83,0.0
gfx950,256,2624,1536,1536,torch.float8_e4m3fn,flydsl,458,0,12.6333,flydsl_bpreshuflle_64x128x256_F8_F8_B16_1x1x4x2_default,980.08,1143.86,0.0
gfx950,256,2624,1536,7168,torch.float8_e4m3fn,flydsl,1246,0,41.8931,flydsl_bpreshuflle_64x256x256_F8_F8_B16_0x0x4x1_default,1379.24,904.2,0.0
gfx950,256,2688,1536,128,torch.float8_e4m3fn,flydsl,2139,0,5.3603,flydsl_bpreshuflle_64x128x128_F8_F8_B16_0x4x0x1_default,197.18,1641.36,0.0
gfx950,256,2688,1536,1536,torch.float8_e4m3fn,flydsl,210,0,12.8183,flydsl_bpreshuflle_64x128x256_F8_F8_B16_1x0x4x2_default,989.49,1150.36,0.0
gfx950,256,2688,1536,7168,torch.float8_e4m3fn,ck,139,0,40.1343,a8w8_bpreshuffle_256x128x128x256_16x16_16x16_16x16x1_16x16x1_1x16x1x16_8x8x1_1x2_intrawave_v3,1474.8,960.16,0.0
gfx950,256,2752,1536,128,torch.float8_e4m3fn,flydsl,1675,0,5.5631,flydsl_bpreshuflle_64x128x128_F8_F8_B16_0x2x0x1_default,194.52,1618.34,0.0
gfx950,256,2752,1536,1536,torch.float8_e4m3fn,flydsl,458,0,14.7464,flydsl_bpreshuflle_64x128x256_F8_F8_B16_1x1x4x2_default,880.59,1019.94,0.0
gfx950,256,2752,1536,7168,torch.float8_e4m3fn,cktile,114,0,46.9663,a8w8_bpreshuffle_cktile_0x0x8x4x1x0x0x0x0x2_96x192x128_1x4x1_16x16x128_default,1290.27,834.44,0.0
gfx950,256,2816,1536,128,torch.float8_e4m3fn,flydsl,759,0,6.0618,flydsl_bpreshuflle_64x128x128_F8_F8_B16_0x3x0x2_default,182.67,1518.99,0.0
gfx950,256,2816,1536,1536,torch.float8_e4m3fn,flydsl,235,0,14.5647,flydsl_bpreshuflle_128x192x128_F8_F8_B16_1x0x4x2_default,912.31,1052.92,0.0
gfx950,256,2816,1536,7168,torch.float8_e4m3fn,flydsl,483,0,46.137,flydsl_bpreshuflle_128x192x128_F8_F8_B16_1x1x4x2_default,1344.01,863.64,0.0
gfx950,256,2880,1536,128,torch.float8_e4m3fn,flydsl,1189,0,5.733,flydsl_bpreshuflle_96x64x128_F8_F8_B16_0x0x0x1_default,197.53,1641.83,0.0
gfx950,256,2880,1536,1536,torch.float8_e4m3fn,flydsl,646,0,13.2896,flydsl_bpreshuflle_80x128x256_F8_F8_B16_1x2x0x2_default,1022.57,1176.13,0.0
gfx950,256,2880,1536,7168,torch.float8_e4m3fn,flydsl,1145,0,42.1431,flydsl_bpreshuflle_96x192x256_F8_F8_B16_1x4x4x2_default,1504.82,961.04,0.0
gfx950,256,2944,1536,128,torch.float8_e4m3fn,flydsl,1785,0,6.0847,flydsl_bpreshuflle_32x192x128_F8_F8_B16_1x2x0x1_default,190.25,1580.59,0.0
gfx950,256,2944,1536,1536,torch.float8_e4m3fn,flydsl,725,0,14.7697,flydsl_bpreshuflle_128x192x128_F8_F8_B16_1x2x4x2_default,940.54,1078.24,0.0
gfx950,256,2944,1536,7168,torch.float8_e4m3fn,ck,149,0,46.677,a8w8_bpreshuffle_256x128x192x256_16x16_16x16_16x16x1_16x16x1_1x32x1x8_8x8x1_2x1_intrawave_v3,1388.85,881.73,0.0
gfx950,256,3008,1536,128,torch.float8_e4m3fn,flydsl,1071,0,5.8988,flydsl_bpreshuflle_32x192x128_F8_F8_B16_1x4x0x2_default,200.51,1665.12,0.0
gfx950,256,3008,1536,1536,torch.float8_e4m3fn,flydsl,1917,0,15.3187,flydsl_bpreshuflle_64x192x128_F8_F8_B16_0x3x0x1_default,926.55,1058.85,0.0
gfx950,256,3008,1536,7168,torch.float8_e4m3fn,cktile,108,0,48.884,a8w8_bpreshuffle_cktile_0x0x8x4x1x0x0x0x0x2_96x192x128_1x4x1_16x16x128_default,1354.97,855.33,0.0
gfx950,256,3072,1536,128,torch.float8_e4m3fn,flydsl,137,0,5.9117,flydsl_bpreshuflle_32x192x128_F8_F8_B16_1x0x0x2_default,204.33,1696.13,0.0
gfx950,256,3072,1536,1536,torch.float8_e4m3fn,flydsl,1145,0,13.2943,flydsl_bpreshuflle_96x192x256_F8_F8_B16_1x4x4x2_default,1090.36,1242.27,0.0
gfx950,256,3072,1536,7168,torch.float8_e4m3fn,flydsl,472,0,42.1863,flydsl_bpreshuflle_96x192x256_F8_F8_B16_1x1x4x2_default,1603.5,1006.66,0.0
gfx950,256,3136,1536,128,torch.float8_e4m3fn,flydsl,11,0,6.1734,flydsl_bpreshuflle_32x128x128_F8_F8_B16_0x0x0x2_default,199.75,1657.4,0.0
gfx950,256,3136,1536,1536,torch.float8_e4m3fn,flydsl,167,0,14.3588,flydsl_bpreshuflle_112x192x256_F8_F8_B16_1x0x0x2_default,1030.55,1170.71,0.0
gfx950,256,3136,1536,7168,torch.float8_e4m3fn,flydsl,229,0,46.5884,flydsl_bpreshuflle_112x192x256_F8_F8_B16_1x0x4x2_default,1482.24,925.61,0.0
gfx950,256,3200,1536,128,torch.float8_e4m3fn,flydsl,639,0,6.0071,flydsl_bpreshuflle_64x128x128_F8_F8_B16_1x2x0x2_default,209.47,1737.38,0.0
gfx950,256,3200,1536,1536,torch.float8_e4m3fn,flydsl,402,0,13.6162,flydsl_bpreshuflle_80x128x256_F8_F8_B16_1x1x0x2_default,1108.94,1256.22,0.0
gfx950,256,3200,1536,7168,torch.float8_e4m3fn,ck,58,0,46.4468,a8w8_bpreshuffle_256x160x128x128_16x16_16x16_8x32x1_8x32x1_1x32x1x8_8x8x1_2x1_intrawave_v3,1517.1,942.54,0.0
gfx950,256,3264,1536,128,torch.float8_e4m3fn,flydsl,283,0,6.1693,flydsl_bpreshuflle_96x128x128_F8_F8_B16_0x1x0x2_default,208.04,1724.9,0.0
gfx950,256,3264,1536,1536,torch.float8_e4m3fn,flydsl,1143,0,14.2075,flydsl_bpreshuflle_96x128x256_F8_F8_B16_1x4x4x2_default,1084.04,1224.69,0.0
gfx950,256,3264,1536,7168,torch.float8_e4m3fn,flydsl,470,0,47.9332,flydsl_bpreshuflle_96x128x256_F8_F8_B16_1x1x4x2_default,1499.45,926.99,0.0
gfx950,256,3328,1536,128,torch.float8_e4m3fn,flydsl,1675,0,6.1105,flydsl_bpreshuflle_64x128x128_F8_F8_B16_0x2x0x1_default,214.16,1775.01,0.0
gfx950,256,3328,1536,1536,torch.float8_e4m3fn,flydsl,235,0,15.076,flydsl_bpreshuflle_128x192x128_F8_F8_B16_1x0x4x2_default,1041.62,1173.7,0.0
gfx950,256,3328,1536,7168,torch.float8_e4m3fn,flydsl,483,0,48.022,flydsl_bpreshuflle_128x192x128_F8_F8_B16_1x1x4x2_default,1526.03,938.92,0.0
gfx950,256,3392,1536,128,torch.float8_e4m3fn,flydsl,135,0,6.329,flydsl_bpreshuflle_32x128x128_F8_F8_B16_1x0x0x2_default,210.74,1746.09,0.0
gfx950,256,3392,1536,1536,torch.float8_e4m3fn,flydsl,88,0,15.1536,flydsl_bpreshuflle_64x192x256_F8_F8_B16_0x0x4x2_default,1056.22,1187.15,0.0
gfx950,256,3392,1536,7168,torch.float8_e4m3fn,flydsl,460,0,53.8701,flydsl_bpreshuflle_64x192x256_F8_F8_B16_1x1x4x2_default,1386.52,849.16,0.0
gfx950,256,3456,1536,128,torch.float8_e4m3fn,flydsl,35,0,6.1889,flydsl_bpreshuflle_96x128x128_F8_F8_B16_0x0x0x2_default,219.58,1818.71,0.0
gfx950,256,3456,1536,1536,torch.float8_e4m3fn,flydsl,160,0,14.422,flydsl_bpreshuflle_96x128x256_F8_F8_B16_1x0x0x2_default,1130.73,1267.82,0.0
gfx950,256,3456,1536,7168,torch.float8_e4m3fn,flydsl,163,0,49.3354,flydsl_bpreshuflle_96x256x128_F8_F8_B16_1x0x0x2_default,1542.53,940.49,0.0
gfx950,256,3520,1536,128,torch.float8_e4m3fn,flydsl,1295,0,6.3896,flydsl_bpreshuflle_32x256x128_F8_F8_B16_1x0x0x1_default,216.62,1793.63,0.0
gfx950,256,3520,1536,1536,torch.float8_e4m3fn,flydsl,582,0,15.4906,flydsl_bpreshuflle_64x192x256_F8_F8_B16_0x2x4x2_default,1072.23,1199.4,0.0
gfx950,256,3520,1536,7168,torch.float8_e4m3fn,flydsl,486,0,51.0104,flydsl_bpreshuflle_160x192x128_F8_F8_B16_1x1x4x2_default,1519.51,922.46,0.0
gfx950,256,3584,1536,128,torch.float8_e4m3fn,flydsl,521,0,6.3287,flydsl_bpreshuflle_64x192x128_F8_F8_B16_0x2x0x2_default,222.68,1843.26,0.0
gfx950,256,3584,1536,1536,torch.float8_e4m3fn,flydsl,26,0,14.993,flydsl_bpreshuflle_64x192x256_F8_F8_B16_0x0x0x2_default,1127.96,1258.88,0.0
gfx950,256,3584,1536,7168,torch.float8_e4m3fn,flydsl,477,0,48.4044,flydsl_bpreshuflle_112x192x256_F8_F8_B16_1x1x4x2_default,1630.43,985.66,0.0
gfx950,256,3648,1536,128,torch.float8_e4m3fn,flydsl,1315,0,6.8407,flydsl_bpreshuflle_96x128x128_F8_F8_B16_1x0x0x1_default,209.69,1735.23,0.0
gfx950,256,3648,1536,1536,torch.float8_e4m3fn,flydsl,470,0,14.7541,flydsl_bpreshuflle_96x128x256_F8_F8_B16_1x1x4x2_default,1166.69,1299.25,0.0
gfx950,256,3648,1536,7168,torch.float8_e4m3fn,flydsl,222,0,50.1592,flydsl_bpreshuflle_96x128x256_F8_F8_B16_1x0x4x2_default,1601.49,964.24,0.0
gfx950,256,3712,1536,128,torch.float8_e4m3fn,flydsl,395,0,6.4652,flydsl_bpreshuflle_64x128x128_F8_F8_B16_1x1x0x2_default,225.77,1867.69,0.0
gfx950,256,3712,1536,1536,torch.float8_e4m3fn,flydsl,212,0,15.2224,flydsl_bpreshuflle_64x192x256_F8_F8_B16_1x0x4x2_default,1150.63,1278.65,0.0
gfx950,256,3712,1536,7168,torch.float8_e4m3fn,ck,149,0,49.5984,a8w8_bpreshuffle_256x128x192x256_16x16_16x16_16x16x1_16x16x1_1x32x1x8_8x8x1_2x1_intrawave_v3,1648.01,988.36,0.0
gfx950,256,3776,1536,128,torch.float8_e4m3fn,flydsl,1907,0,6.6264,flydsl_bpreshuflle_32x256x128_F8_F8_B16_0x3x0x1_default,224.07,1853.16,0.0
gfx950,256,3776,1536,1536,torch.float8_e4m3fn,flydsl,460,0,15.753,flydsl_bpreshuflle_64x192x256_F8_F8_B16_1x1x4x2_default,1131.05,1254.31,0.0
gfx950,256,3776,1536,7168,torch.float8_e4m3fn,flydsl,1000002,0,55.9888,flydsl_bpreshuffle_8w_128x256x128_F8_F8_B16_1x8,1485.08,887.25,0.0
gfx950,256,3840,1536,128,torch.float8_e4m3fn,flydsl,395,0,6.6612,flydsl_bpreshuflle_64x128x128_F8_F8_B16_1x1x0x2_default,226.68,1874.23,0.0
gfx950,256,3840,1536,1536,torch.float8_e4m3fn,flydsl,35,0,15.1044,flydsl_bpreshuflle_96x128x128_F8_F8_B16_0x0x0x2_default,1199.61,1327.69,0.0
gfx950,256,3840,1536,7168,torch.float8_e4m3fn,flydsl,655,0,49.6172,flydsl_bpreshuflle_96x256x128_F8_F8_B16_1x2x0x2_default,1704.19,1014.4,0.0
gfx950,256,3904,1536,128,torch.float8_e4m3fn,flydsl,1171,0,6.7747,flydsl_bpreshuflle_32x256x128_F8_F8_B16_0x0x0x1_default,226.6,1873.06,0.0
gfx950,256,3904,1536,1536,torch.float8_e4m3fn,flydsl,460,0,15.9524,flydsl_bpreshuflle_64x192x256_F8_F8_B16_1x1x4x2_default,1154.77,1275.6,0.0
gfx950,256,3904,1536,7168,torch.float8_e4m3fn,flydsl,1368,0,57.1417,flydsl_bpreshuflle_64x192x256_F8_F8_B16_1x0x4x1_default,1504.44,892.29,0.0
gfx950,256,3968,1536,128,torch.float8_e4m3fn,flydsl,2237,0,6.8197,flydsl_bpreshuflle_64x128x128_F8_F8_B16_1x4x0x1_default,228.79,1890.73,0.0
gfx950,256,3968,1536,1536,torch.float8_e4m3fn,flydsl,483,0,15.4741,flydsl_bpreshuflle_128x192x128_F8_F8_B16_1x1x4x2_default,1209.98,1334.09,0.0
gfx950,256,3968,1536,7168,torch.float8_e4m3fn,ck,149,0,50.7392,a8w8_bpreshuffle_256x128x192x256_16x16_16x16_16x16x1_16x16x1_1x32x1x8_8x8x1_2x1_intrawave_v3,1722.06,1017.8,0.0
gfx950,256,4032,1536,128,torch.float8_e4m3fn,flydsl,35,0,6.6995,flydsl_bpreshuflle_96x128x128_F8_F8_B16_0x0x0x2_default,236.65,1955.22,0.0
gfx950,256,4032,1536,1536,torch.float8_e4m3fn,flydsl,712,0,15.3283,flydsl_bpreshuflle_96x128x256_F8_F8_B16_1x2x4x2_default,1241.19,1366.02,0.0
gfx950,256,4032,1536,7168,torch.float8_e4m3fn,flydsl,411,0,52.3192,flydsl_bpreshuflle_96x256x128_F8_F8_B16_1x1x0x2_default,1696.99,999.59,0.0
gfx950,256,4096,1536,128,torch.float8_e4m3fn,flydsl,521,0,6.5872,flydsl_bpreshuflle_64x192x128_F8_F8_B16_0x2x0x2_default,244.51,2019.65,0.0
gfx950,256,4096,1536,1536,torch.float8_e4m3fn,flydsl,725,0,15.1781,flydsl_bpreshuflle_128x192x128_F8_F8_B16_1x2x4x2_default,1273.37,1398.97,0.0
gfx950,256,4096,1536,7168,torch.float8_e4m3fn,ck,149,0,51.975,a8w8_bpreshuffle_256x128x192x256_16x16_16x16_16x16x1_16x16x1_1x32x1x8_8x8x1_2x1_intrawave_v3,1735.34,1018.82,0.0
gfx950,256,8192,1536,128,torch.float8_e4m3fn,flydsl,273,0,10.0415,flydsl_bpreshuflle_64x192x128_F8_F8_B16_0x1x0x2_default,320.79,2630.19,0.0
gfx950,256,8192,1536,1536,torch.float8_e4m3fn,flydsl,1882,0,25.0975,flydsl_bpreshuflle_128x192x256_F8_F8_B16_1x2x4x1_default,1540.18,1598.09,0.0
gfx950,256,8192,1536,7168,torch.float8_e4m3fn,flydsl,1640,0,84.9833,flydsl_bpreshuflle_128x192x256_F8_F8_B16_1x1x4x1_default,2122.64,1116.64,0.0
gfx950,256,16384,1536,128,torch.float8_e4m3fn,flydsl,931,0,15.3636,flydsl_bpreshuflle_64x256x128_F8_F8_B16_1x3x4x2_default,419.33,3425.33,0.0
gfx950,256,16384,1536,1536,torch.float8_e4m3fn,flydsl,235,0,49.0188,flydsl_bpreshuflle_128x192x128_F8_F8_B16_1x0x4x2_default,1577.14,1588.3,0.0
gfx950,256,16384,1536,7168,torch.float8_e4m3fn,flydsl,667,0,156.303,flydsl_bpreshuflle_128x256x128_F8_F8_B16_1x2x0x2_default,2308.19,1143.82,0.0
gfx950,256,32768,1536,128,torch.float8_e4m3fn,flydsl,213,0,25.7514,flydsl_bpreshuflle_64x256x128_F8_F8_B16_1x0x4x2_default,500.36,4079.55,0.0
gfx950,256,32768,1536,1536,torch.float8_e4m3fn,flydsl,1000034,0,86.0373,flydsl_bpreshuffle_8w_256x256x128_F8_F8_B16_4x4,1797.11,1782.42,0.0
gfx950,256,32768,1536,7168,torch.float8_e4m3fn,ck,33,0,288.0491,a8w8_bpreshuffle_256x256x256x128_16x16_16x16_8x32x1_8x32x1_1x32x1x8_8x8x1_2x1_intrawave_v3,2504.97,1203.11,0.0
gfx950,256,1,2048,512,torch.float8_e4m3fn,flydsl,2005,0,2.7503,flydsl_bpreshuflle_16x64x512_F8_F8_B16_1x3x0x1_default,0.76,382.93,0.0
gfx950,256,2,2048,512,torch.float8_e4m3fn,flydsl,2005,0,2.7827,flydsl_bpreshuflle_16x64x512_F8_F8_B16_1x3x0x1_default,1.51,380.13,0.0
gfx950,256,4,2048,512,torch.float8_e4m3fn,flydsl,2005,0,3.397,flydsl_bpreshuflle_16x64x512_F8_F8_B16_1x3x0x1_default,2.47,314.1,0.0
gfx950,256,8,2048,512,torch.float8_e4m3fn,cktile,143,0,2.7585,a8w8_bpreshuffle_cktile_0x0x8x4x1x0x0x0x0x3_16x64x256_1x4x1_16x16x128_default,6.08,393.49,0.0
gfx950,256,16,2048,512,torch.float8_e4m3fn,flydsl,2005,0,2.8285,flydsl_bpreshuflle_16x64x512_F8_F8_B16_1x3x0x1_default,11.86,396.78,0.0
gfx950,256,32,2048,512,torch.float8_e4m3fn,flydsl,2005,0,2.8386,flydsl_bpreshuflle_16x64x512_F8_F8_B16_1x3x0x1_default,23.64,421.35,0.0
gfx950,256,48,2048,512,torch.float8_e4m3fn,flydsl,2005,0,3.4718,flydsl_bpreshuflle_16x64x512_F8_F8_B16_1x3x0x1_default,28.99,365.74,0.0
gfx950,256,64,2048,512,torch.float8_e4m3fn,cktile,138,0,2.9749,a8w8_bpreshuffle_cktile_0x0x8x4x1x0x0x0x0x4_16x64x512_1x4x1_16x16x128_default,45.12,451.61,0.0
gfx950,256,128,2048,512,torch.float8_e4m3fn,cktile,138,0,3.0799,a8w8_bpreshuffle_cktile_0x0x8x4x1x0x0x0x0x4_16x64x512_1x4x1_16x16x128_default,87.16,531.97,0.0
gfx950,256,256,2048,512,torch.float8_e4m3fn,flydsl,1228,0,3.4922,flydsl_bpreshuflle_32x64x512_F8_F8_B16_0x0x4x1_default,153.73,638.06,0.0
gfx950,256,512,2048,512,torch.float8_e4m3fn,flydsl,1240,0,4.3473,flydsl_bpreshuflle_64x64x256_F8_F8_B16_0x0x4x1_default,246.99,783.91,0.0
gfx950,256,1024,2048,512,torch.float8_e4m3fn,flydsl,210,0,5.7334,flydsl_bpreshuflle_64x128x256_F8_F8_B16_1x0x4x2_default,374.56,1005.89,0.0
gfx950,256,1088,2048,512,torch.float8_e4m3fn,flydsl,2189,0,6.0693,flydsl_bpreshuflle_64x128x256_F8_F8_B16_0x4x4x1_default,375.94,998.81,0.0
gfx950,256,1152,2048,512,torch.float8_e4m3fn,flydsl,1045,0,5.8733,flydsl_bpreshuflle_96x128x256_F8_F8_B16_0x4x4x2_default,411.34,1082.35,0.0
gfx950,256,1216,2048,512,torch.float8_e4m3fn,flydsl,580,0,6.2387,flydsl_bpreshuflle_64x128x256_F8_F8_B16_0x2x4x2_default,408.76,1066.23,0.0
gfx950,256,1280,2048,512,torch.float8_e4m3fn,flydsl,586,0,5.8961,flydsl_bpreshuflle_80x128x256_F8_F8_B16_0x2x4x2_default,455.28,1178.21,0.0
gfx950,256,1344,2048,512,torch.float8_e4m3fn,flydsl,1045,0,6.0765,flydsl_bpreshuflle_96x128x256_F8_F8_B16_0x4x4x2_default,463.85,1191.76,0.0
gfx950,256,1408,2048,512,torch.float8_e4m3fn,flydsl,2084,0,6.8421,flydsl_bpreshuflle_64x128x256_F8_F8_B16_1x3x4x1_default,431.56,1101.51,0.0
gfx950,256,1472,2048,512,torch.float8_e4m3fn,flydsl,1242,0,6.7941,flydsl_bpreshuflle_64x128x256_F8_F8_B16_0x0x4x1_default,454.37,1152.7,0.0
gfx950,256,1536,2048,512,torch.float8_e4m3fn,flydsl,346,0,6.7123,flydsl_bpreshuflle_96x128x256_F8_F8_B16_0x1x4x2_default,479.9,1210.68,0.0
gfx950,256,1600,2048,512,torch.float8_e4m3fn,flydsl,700,0,6.7382,flydsl_bpreshuflle_64x128x256_F8_F8_B16_1x2x4x2_default,497.97,1249.8,0.0
gfx950,256,1664,2048,512,torch.float8_e4m3fn,flydsl,86,0,6.8267,flydsl_bpreshuflle_64x128x256_F8_F8_B16_0x0x4x2_default,511.18,1276.79,0.0
gfx950,256,1728,2048,512,torch.float8_e4m3fn,flydsl,1736,0,7.1026,flydsl_bpreshuflle_64x128x256_F8_F8_B16_0x2x4x1_default,510.22,1268.72,0.0
gfx950,256,1792,2048,512,torch.float8_e4m3fn,flydsl,946,0,6.9079,flydsl_bpreshuflle_112x128x256_F8_F8_B16_1x3x4x2_default,544.03,1347.17,0.0
gfx950,256,1856,2048,512,torch.float8_e4m3fn,flydsl,334,0,7.1052,flydsl_bpreshuflle_64x128x256_F8_F8_B16_0x1x4x2_default,547.81,1351.27,0.0
gfx950,256,1920,2048,512,torch.float8_e4m3fn,flydsl,334,0,7.15,flydsl_bpreshuflle_64x128x256_F8_F8_B16_0x1x4x2_default,563.15,1384.05,0.0
gfx950,256,1984,2048,512,torch.float8_e4m3fn,flydsl,700,0,7.3946,flydsl_bpreshuflle_64x128x256_F8_F8_B16_1x2x4x2_default,562.67,1378.15,0.0
gfx950,256,2048,2048,512,torch.float8_e4m3fn,flydsl,90,0,7.3742,flydsl_bpreshuflle_64x256x256_F8_F8_B16_0x0x4x2_default,582.43,1421.95,0.0
gfx950,256,2112,2048,512,torch.float8_e4m3fn,flydsl,1910,0,8.0047,flydsl_bpreshuflle_48x128x256_F8_F8_B16_0x3x0x1_default,553.32,1346.79,0.0
gfx950,256,2176,2048,512,torch.float8_e4m3fn,flydsl,1915,0,8.4653,flydsl_bpreshuflle_64x128x128_F8_F8_B16_0x3x0x1_default,539.07,1308.35,0.0
gfx950,256,2240,2048,512,torch.float8_e4m3fn,flydsl,154,0,8.0256,flydsl_bpreshuflle_80x128x256_F8_F8_B16_1x0x0x2_default,585.33,1416.78,0.0
gfx950,256,2304,2048,512,torch.float8_e4m3fn,flydsl,2134,0,8.1791,flydsl_bpreshuflle_48x128x256_F8_F8_B16_0x4x0x1_default,590.75,1426.25,0.0
gfx950,256,2368,2048,512,torch.float8_e4m3fn,flydsl,458,0,8.8904,flydsl_bpreshuflle_64x128x256_F8_F8_B16_1x1x4x2_default,558.59,1345.31,0.0
gfx950,256,2432,2048,512,torch.float8_e4m3fn,flydsl,1915,0,8.8882,flydsl_bpreshuflle_64x128x128_F8_F8_B16_0x3x0x1_default,573.83,1378.82,0.0
gfx950,256,2496,2048,512,torch.float8_e4m3fn,flydsl,1094,0,8.4864,flydsl_bpreshuflle_96x128x256_F8_F8_B16_1x4x0x2_default,616.81,1478.85,0.0
gfx950,256,2560,2048,512,torch.float8_e4m3fn,flydsl,30,0,8.5229,flydsl_bpreshuflle_80x128x256_F8_F8_B16_0x0x0x2_default,629.92,1507.12,0.0
gfx950,256,2624,2048,512,torch.float8_e4m3fn,flydsl,1971,0,9.4509,flydsl_bpreshuflle_64x128x128_F8_F8_B16_0x3x4x1_default,582.26,1390.34,0.0
gfx950,256,2688,2048,512,torch.float8_e4m3fn,flydsl,36,0,8.5939,flydsl_bpreshuflle_96x128x256_F8_F8_B16_0x0x0x2_default,655.95,1563.3,0.0
gfx950,256,2752,2048,512,torch.float8_e4m3fn,flydsl,2084,0,9.2831,flydsl_bpreshuflle_64x128x256_F8_F8_B16_1x3x4x1_default,621.71,1479.01,0.0
gfx950,256,2816,2048,512,torch.float8_e4m3fn,flydsl,603,0,9.3434,flydsl_bpreshuflle_128x128x128_F8_F8_B16_0x2x4x2_default,632.06,1501.03,0.0
gfx950,256,2880,2048,512,torch.float8_e4m3fn,flydsl,160,0,8.9837,flydsl_bpreshuflle_96x128x256_F8_F8_B16_1x0x0x2_default,672.31,1593.96,0.0
gfx950,256,2944,2048,512,torch.float8_e4m3fn,flydsl,723,0,9.3387,flydsl_bpreshuflle_128x128x128_F8_F8_B16_1x2x4x2_default,661.12,1564.94,0.0
gfx950,256,3008,2048,512,torch.float8_e4m3fn,flydsl,24,0,9.7725,flydsl_bpreshuflle_64x128x256_F8_F8_B16_0x0x0x2_default,645.51,1525.65,0.0
gfx950,256,3072,2048,512,torch.float8_e4m3fn,flydsl,346,0,9.4457,flydsl_bpreshuflle_96x128x256_F8_F8_B16_0x1x4x2_default,682.05,1609.66,0.0
gfx950,256,3136,2048,512,torch.float8_e4m3fn,flydsl,890,0,9.5604,flydsl_bpreshuflle_112x128x256_F8_F8_B16_1x3x0x2_default,687.91,1621.19,0.0
gfx950,256,3200,2048,512,torch.float8_e4m3fn,flydsl,233,0,9.7129,flydsl_bpreshuflle_128x128x128_F8_F8_B16_1x0x4x2_default,690.93,1626.1,0.0
gfx950,256,3264,2048,512,torch.float8_e4m3fn,flydsl,1431,0,10.2619,flydsl_bpreshuflle_64x256x128_F8_F8_B16_0x1x0x1_default,667.04,1567.85,0.0
gfx950,256,3328,2048,512,torch.float8_e4m3fn,flydsl,603,0,9.7905,flydsl_bpreshuflle_128x128x128_F8_F8_B16_0x2x4x2_default,712.87,1673.46,0.0
gfx950,256,3392,2048,512,torch.float8_e4m3fn,flydsl,584,0,10.5204,flydsl_bpreshuflle_64x256x256_F8_F8_B16_0x2x4x2_default,676.17,1585.39,0.0
gfx950,256,3456,2048,512,torch.float8_e4m3fn,flydsl,723,0,9.7685,flydsl_bpreshuflle_128x128x128_F8_F8_B16_1x2x4x2_default,741.95,1737.61,0.0
gfx950,256,3520,2048,512,torch.float8_e4m3fn,flydsl,402,0,10.197,flydsl_bpreshuflle_80x128x256_F8_F8_B16_1x1x0x2_default,723.94,1693.51,0.0
gfx950,256,3584,2048,512,torch.float8_e4m3fn,flydsl,603,0,10.1483,flydsl_bpreshuflle_128x128x128_F8_F8_B16_0x2x4x2_default,740.64,1730.7,0.0
gfx950,256,3648,2048,512,torch.float8_e4m3fn,flydsl,461,0,10.7695,flydsl_bpreshuflle_64x256x128_F8_F8_B16_1x1x4x2_default,710.38,1658.25,0.0
gfx950,256,3712,2048,512,torch.float8_e4m3fn,flydsl,233,0,10.3684,flydsl_bpreshuflle_128x128x128_F8_F8_B16_1x0x4x2_default,750.8,1750.85,0.0
gfx950,256,3776,2048,512,torch.float8_e4m3fn,flydsl,1679,0,10.7971,flydsl_bpreshuflle_64x256x128_F8_F8_B16_0x2x0x1_default,733.42,1708.64,0.0
gfx950,256,3840,2048,512,torch.float8_e4m3fn,flydsl,481,0,10.2836,flydsl_bpreshuflle_128x128x128_F8_F8_B16_1x1x4x2_default,783.1,1822.64,0.0
gfx950,256,3904,2048,512,torch.float8_e4m3fn,flydsl,1183,0,11.3765,flydsl_bpreshuflle_64x256x128_F8_F8_B16_0x0x0x1_default,719.67,1673.47,0.0
gfx950,256,3968,2048,512,torch.float8_e4m3fn,flydsl,603,0,10.4197,flydsl_bpreshuflle_128x128x128_F8_F8_B16_0x2x4x2_default,798.63,1855.44,0.0
gfx950,256,4032,2048,512,torch.float8_e4m3fn,flydsl,1919,0,11.2758,flydsl_bpreshuflle_64x256x128_F8_F8_B16_0x3x0x1_default,749.9,1740.72,0.0
gfx950,256,4096,2048,512,torch.float8_e4m3fn,flydsl,1880,0,10.9549,flydsl_bpreshuflle_128x128x256_F8_F8_B16_1x2x4x1_default,784.12,1818.63,0.0
gfx950,256,8192,2048,512,torch.float8_e4m3fn,flydsl,727,0,17.1397,flydsl_bpreshuflle_128x256x128_F8_F8_B16_1x2x4x2_default,1002.34,2263.59,0.0
gfx950,256,16384,2048,512,torch.float8_e4m3fn,flydsl,1517,0,33.5386,flydsl_bpreshuflle_128x256x128_F8_F8_B16_0x1x4x1_default,1024.48,2282.33,0.0
gfx950,256,32768,2048,512,torch.float8_e4m3fn,flydsl,727,0,63.245,flydsl_bpreshuflle_128x256x128_F8_F8_B16_1x2x4x2_default,1086.56,2404.04,0.0
gfx950,256,1,2176,7168,torch.float8_e4m3fn,flydsl,249,7,6.3084,flydsl_bpreshuflle_16x64x512_F8_F8_B16_0x1x0x2_default_ks7,4.95,2474.33,0.0
gfx950,256,2,2176,7168,torch.float8_e4m3fn,flydsl,125,7,6.5415,flydsl_bpreshuflle_16x64x512_F8_F8_B16_1x0x0x2_default_ks7,9.54,2387.92,0.0
gfx950,256,4,2176,7168,torch.float8_e4m3fn,flydsl,497,7,6.3485,flydsl_bpreshuflle_16x64x512_F8_F8_B16_0x2x0x2_default_ks7,19.66,2464.15,0.0
gfx950,256,8,2176,7168,torch.float8_e4m3fn,flydsl,1,7,6.4615,flydsl_bpreshuflle_16x64x512_F8_F8_B16_0x0x0x2_default_ks7,38.62,2428.19,0.0
gfx950,256,16,2176,7168,torch.float8_e4m3fn,flydsl,961,7,6.8142,flydsl_bpreshuflle_16x64x512_F8_F8_B16_0x4x0x2_default_ks7,73.25,2316.03,0.0
gfx950,256,32,2176,7168,torch.float8_e4m3fn,flydsl,1068,7,7.7552,flydsl_bpreshuflle_32x64x512_F8_F8_B16_1x4x0x2_default_ks7,128.72,2058.77,0.0
gfx950,256,64,2176,7168,torch.float8_e4m3fn,ck,10,0,11.4336,a8w8_bpreshuffle_128x16x32x512_16x16_16x16_32x4x1_32x4x1_1x16x1x8_4x4x1_1x1_intrawave_v1,174.62,1428.67,0.0
gfx950,256,128,2176,7168,torch.float8_e4m3fn,flydsl,1713,0,12.5177,flydsl_bpreshuflle_16x64x512_F8_F8_B16_0x2x4x1_default,318.99,1363.84,0.0
gfx950,256,256,2176,7168,torch.float8_e4m3fn,flydsl,2175,0,16.0682,flydsl_bpreshuflle_32x64x512_F8_F8_B16_0x4x4x1_default,497.0,1154.25,0.0
gfx950,256,512,2176,7168,torch.float8_e4m3fn,cktile,84,0,22.6955,a8w8_bpreshuffle_cktile_0x0x8x4x1x0x0x0x0x1_80x64x256_1x4x1_16x16x128_default,703.75,947.14,0.0
gfx950,256,1024,2176,7168,torch.float8_e4m3fn,cktile,92,0,31.5674,a8w8_bpreshuffle_cktile_0x0x8x4x1x0x0x0x0x1_80x128x256_1x4x1_16x16x128_default,1011.92,867.8,0.0
gfx950,256,1088,2176,7168,torch.float8_e4m3fn,cktile,107,0,32.5702,a8w8_bpreshuffle_cktile_0x0x8x4x1x0x0x0x0x2_48x128x256_1x4x1_16x16x128_default,1042.07,863.71,0.0
gfx950,256,1152,2176,7168,torch.float8_e4m3fn,flydsl,408,0,30.0803,flydsl_bpreshuflle_96x128x256_F8_F8_B16_1x1x0x2_default,1194.7,959.72,0.0
gfx950,256,1216,2176,7168,torch.float8_e4m3fn,ck,121,0,34.7612,a8w8_bpreshuffle_256x64x128x256_16x16_16x16_16x16x1_16x16x1_1x16x1x16_8x8x1_1x2_intrawave_v3,1091.25,851.69,0.0
gfx950,256,1280,2176,7168,torch.float8_e4m3fn,flydsl,1152,0,35.4622,flydsl_bpreshuflle_128x128x256_F8_F8_B16_1x4x4x2_default,1125.98,855.65,0.0
gfx950,256,1344,2176,7168,torch.float8_e4m3fn,flydsl,1094,0,31.3318,flydsl_bpreshuflle_96x128x256_F8_F8_B16_1x4x0x2_default,1338.14,991.98,0.0
gfx950,256,1408,2176,7168,torch.float8_e4m3fn,ck,63,0,36.0982,a8w8_bpreshuffle_256x128x128x256_16x16_16x16_16x16x1_16x16x1_1x32x1x8_8x8x1_2x1_intrawave_v3,1216.76,881.42,0.0
gfx950,256,1472,2176,7168,torch.float8_e4m3fn,ck,121,0,38.6755,a8w8_bpreshuffle_256x64x128x256_16x16_16x16_16x16x1_16x16x1_1x16x1x16_8x8x1_1x2_intrawave_v3,1187.3,841.75,0.0
gfx950,256,1536,2176,7168,torch.float8_e4m3fn,flydsl,482,0,36.4896,flydsl_bpreshuflle_128x128x256_F8_F8_B16_1x1x4x2_default,1313.13,912.38,0.0
gfx950,256,1600,2176,7168,torch.float8_e4m3fn,flydsl,1972,0,38.7063,flydsl_bpreshuflle_64x128x256_F8_F8_B16_0x3x4x1_default,1289.51,879.17,0.0
gfx950,256,1664,2176,7168,torch.float8_e4m3fn,ck,139,0,38.0547,a8w8_bpreshuffle_256x128x128x256_16x16_16x16_16x16x1_16x16x1_1x16x1x16_8x8x1_1x2_intrawave_v3,1364.06,913.6,0.0
gfx950,256,1728,2176,7168,torch.float8_e4m3fn,ck,86,0,41.5447,a8w8_bpreshuffle_256x96x128x128_16x16_16x16_8x32x1_8x32x1_1x32x1x8_8x8x1_2x1_intrawave_v3,1297.52,854.6,0.0
gfx950,256,1792,2176,7168,torch.float8_e4m3fn,flydsl,896,0,39.0971,flydsl_bpreshuflle_128x128x256_F8_F8_B16_1x3x0x2_default,1429.82,926.96,0.0
gfx950,256,1856,2176,7168,torch.float8_e4m3fn,flydsl,1490,0,43.7151,flydsl_bpreshuflle_64x128x256_F8_F8_B16_0x1x4x1_default,1324.44,845.9,0.0
gfx950,256,1920,2176,7168,torch.float8_e4m3fn,flydsl,234,0,40.2183,flydsl_bpreshuflle_128x128x256_F8_F8_B16_1x0x4x2_default,1489.24,937.78,0.0
gfx950,256,1984,2176,7168,torch.float8_e4m3fn,cktile,125,0,49.1668,a8w8_bpreshuffle_cktile_0x0x8x4x1x0x0x0x0x2_80x128x256_1x4x1_16x16x128_default,1258.8,782.1,0.0
gfx950,256,2048,2176,7168,torch.float8_e4m3fn,cktile,125,0,50.9668,a8w8_bpreshuffle_cktile_0x0x8x4x1x0x0x0x0x2_80x128x256_1x4x1_16x16x128_default,1253.51,768.94,0.0
gfx950,256,2112,2176,7168,torch.float8_e4m3fn,ck,86,0,46.172,a8w8_bpreshuffle_256x96x128x128_16x16_16x16_8x32x1_8x32x1_1x32x1x8_8x8x1_2x1_intrawave_v3,1426.93,864.76,0.0
gfx950,256,2176,2176,7168,torch.float8_e4m3fn,cktile,125,0,50.0224,a8w8_bpreshuffle_cktile_0x0x8x4x1x0x0x0x0x2_80x128x256_1x4x1_16x16x128_default,1357.0,812.94,0.0
gfx950,256,2240,2176,7168,torch.float8_e4m3fn,ck,141,0,46.662,a8w8_bpreshuffle_256x160x128x128_16x16_16x16_8x32x1_8x32x1_1x16x1x16_8x8x1_1x2_intrawave_v3,1497.52,887.28,0.0
gfx950,256,2304,2176,7168,torch.float8_e4m3fn,flydsl,160,0,47.8468,flydsl_bpreshuflle_96x128x256_F8_F8_B16_1x0x0x2_default,1502.16,880.72,0.0
gfx950,256,2368,2176,7168,torch.float8_e4m3fn,cktile,80,0,52.7549,a8w8_bpreshuffle_cktile_0x0x8x4x1x0x0x0x0x1_96x128x128_1x4x1_16x16x128_default,1400.25,812.76,0.0
gfx950,256,2432,2176,7168,torch.float8_e4m3fn,ck,70,0,52.4069,a8w8_bpreshuffle_256x128x128x128_16x16_16x16_8x32x1_8x32x1_1x32x1x8_8x8x1_2x1_intrawave_v3,1447.64,832.22,0.0
gfx950,256,2496,2176,7168,torch.float8_e4m3fn,ck,86,0,50.0712,a8w8_bpreshuffle_256x96x128x128_16x16_16x16_8x32x1_8x32x1_1x32x1x8_8x8x1_2x1_intrawave_v3,1555.05,885.77,0.0
gfx950,256,2560,2176,7168,torch.float8_e4m3fn,ck,0,0,52.786,a8w8_bpreshuffle_256x128x128x128_16x16_16x16_8x32x1_8x32x1_1x32x1x8_8x8x1_2x1_intrawave_v3,1512.89,854.18,0.0
gfx950,256,2624,2176,7168,torch.float8_e4m3fn,flydsl,1000011,0,54.7945,flydsl_bpreshuffle_8w_128x256x128_F8_F8_B16_4x8,1493.87,836.33,0.0
gfx950,256,2688,2176,7168,torch.float8_e4m3fn,flydsl,408,0,50.3048,flydsl_bpreshuflle_96x128x256_F8_F8_B16_1x1x0x2_default,1666.89,925.62,0.0
gfx950,256,2752,2176,7168,torch.float8_e4m3fn,flydsl,1000002,0,54.5675,flydsl_bpreshuffle_8w_128x256x128_F8_F8_B16_1x8,1573.26,866.83,0.0
gfx950,256,2816,2176,7168,torch.float8_e4m3fn,ck,0,0,56.1373,a8w8_bpreshuffle_256x128x128x128_16x16_16x16_8x32x1_8x32x1_1x32x1x8_8x8x1_2x1_intrawave_v3,1564.83,855.72,0.0
gfx950,256,2880,2176,7168,torch.float8_e4m3fn,ck,51,0,54.0561,a8w8_bpreshuffle_256x192x128x128_16x16_16x16_8x32x1_8x32x1_1x32x1x8_8x8x1_2x1_intrawave_v3,1662.01,902.31,0.0
gfx950,256,2944,2176,7168,torch.float8_e4m3fn,ck,0,0,56.5209,a8w8_bpreshuffle_256x128x128x128_16x16_16x16_8x32x1_8x32x1_1x32x1x8_8x8x1_2x1_intrawave_v3,1624.86,876.0,0.0
gfx950,256,3008,2176,7168,torch.float8_e4m3fn,flydsl,1000008,0,57.2425,flydsl_bpreshuffle_8w_128x256x128_F8_F8_B16_3x8,1639.25,877.84,0.0
gfx950,256,3072,2176,7168,torch.float8_e4m3fn,flydsl,172,0,57.7697,flydsl_bpreshuflle_128x128x256_F8_F8_B16_1x0x0x2_default,1658.85,882.59,0.0
gfx950,256,3136,2176,7168,torch.float8_e4m3fn,flydsl,1098,0,56.7677,flydsl_bpreshuflle_112x128x256_F8_F8_B16_1x4x0x2_default,1723.3,911.16,0.0
gfx950,256,3200,2176,7168,torch.float8_e4m3fn,flydsl,1000005,0,58.3706,flydsl_bpreshuffle_8w_128x256x128_F8_F8_B16_2x8,1710.18,898.77,0.0
gfx950,256,3264,2176,7168,torch.float8_e4m3fn,flydsl,1000011,0,57.6968,flydsl_bpreshuffle_8w_128x256x128_F8_F8_B16_4x8,1764.76,922.04,0.0
gfx950,256,3328,2176,7168,torch.float8_e4m3fn,flydsl,1000008,0,59.9477,flydsl_bpreshuffle_8w_128x256x128_F8_F8_B16_3x8,1731.8,899.72,0.0
gfx950,256,3392,2176,7168,torch.float8_e4m3fn,flydsl,1000008,0,58.5533,flydsl_bpreshuffle_8w_128x256x128_F8_F8_B16_3x8,1807.14,933.74,0.0
gfx950,256,3456,2176,7168,torch.float8_e4m3fn,flydsl,1000004,0,59.7251,flydsl_bpreshuffle_8w_128x256x128_F8_F8_B16_2x4,1805.11,927.76,0.0
gfx950,256,3520,2176,7168,torch.float8_e4m3fn,flydsl,1000008,0,59.4973,flydsl_bpreshuffle_8w_128x256x128_F8_F8_B16_3x8,1845.58,943.71,0.0
gfx950,256,3584,2176,7168,torch.float8_e4m3fn,flydsl,1000008,0,60.8861,flydsl_bpreshuffle_8w_128x256x128_F8_F8_B16_3x8,1836.27,934.29,0.0
gfx950,256,3648,2176,7168,torch.float8_e4m3fn,flydsl,1000025,0,70.1771,flydsl_bpreshuffle_8w_256x256x128_F8_F8_B16_1x4,1621.61,821.1,0.0
gfx950,256,3712,2176,7168,torch.float8_e4m3fn,ck,87,0,66.9138,a8w8_bpreshuffle_256x128x128x128_16x16_16x16_8x32x1_8x32x1_1x16x1x16_4x4x1_1x1_intrawave_v3,1730.53,872.16,0.0
gfx950,256,3776,2176,7168,torch.float8_e4m3fn,cktile,28,0,71.0043,a8w8_bpreshuffle_cktile_0x0x8x4x1x0x0x0x0x2_128x128x128_1x4x1_16x16x128_default,1658.95,832.3,0.0
gfx950,256,3840,2176,7168,torch.float8_e4m3fn,ck,88,0,67.8482,a8w8_bpreshuffle_256x160x128x128_16x16_16x16_8x32x1_8x32x1_1x16x1x16_4x4x1_1x1_intrawave_v3,1765.55,881.89,0.0
gfx950,256,3904,2176,7168,torch.float8_e4m3fn,flydsl,1000035,0,69.3516,flydsl_bpreshuffle_8w_256x256x128_F8_F8_B16_4x8,1756.06,873.4,0.0
gfx950,256,3968,2176,7168,torch.float8_e4m3fn,flydsl,1000032,0,71.4267,flydsl_bpreshuffle_8w_256x256x128_F8_F8_B16_3x8,1733.0,858.35,0.0
gfx950,256,4032,2176,7168,torch.float8_e4m3fn,flydsl,1000035,0,69.0886,flydsl_bpreshuffle_8w_256x256x128_F8_F8_B16_4x8,1820.54,898.07,0.0
gfx950,256,4096,2176,7168,torch.float8_e4m3fn,flydsl,1000029,0,73.9852,flydsl_bpreshuffle_8w_256x256x128_F8_F8_B16_2x8,1727.04,848.6,0.0
gfx950,256,8192,2176,7168,torch.float8_e4m3fn,flydsl,1103,0,134.9245,flydsl_bpreshuflle_128x128x256_F8_F8_B16_1x4x0x2_default,1894.03,815.04,0.0
gfx950,256,16384,2176,7168,torch.float8_e4m3fn,flydsl,1000028,0,222.521,flydsl_bpreshuffle_8w_256x256x128_F8_F8_B16_2x4,2296.87,918.3,0.0
gfx950,256,32768,2176,7168,torch.float8_e4m3fn,flydsl,1000029,0,398.7208,flydsl_bpreshuffle_8w_256x256x128_F8_F8_B16_2x8,2563.7,985.87,0.0
gfx950,256,1,2304,1536,torch.float8_e4m3fn,flydsl,849,0,4.5526,flydsl_bpreshuflle_16x64x512_F8_F8_B16_1x3x0x2_default,1.55,778.7,0.0
gfx950,256,2,2304,1536,torch.float8_e4m3fn,flydsl,1059,0,4.5926,flydsl_bpreshuflle_16x64x512_F8_F8_B16_1x4x0x2_default,3.08,773.25,0.0
gfx950,256,4,2304,1536,torch.float8_e4m3fn,flydsl,1059,0,5.0649,flydsl_bpreshuflle_16x64x512_F8_F8_B16_1x4x0x2_default,5.59,703.57,0.0
gfx950,256,8,2304,1536,torch.float8_e4m3fn,flydsl,1059,0,4.6395,flydsl_bpreshuflle_16x64x512_F8_F8_B16_1x4x0x2_default,12.2,773.38,0.0
gfx950,256,16,2304,1536,torch.float8_e4m3fn,flydsl,737,0,5.2365,flydsl_bpreshuflle_16x64x512_F8_F8_B16_0x3x0x2_default,21.63,694.6,0.0
gfx950,256,32,2304,1536,torch.float8_e4m3fn,flydsl,1059,0,5.0118,flydsl_bpreshuflle_16x64x512_F8_F8_B16_1x4x0x2_default,45.19,745.35,0.0
gfx950,256,64,2304,1536,torch.float8_e4m3fn,flydsl,249,0,4.8142,flydsl_bpreshuflle_16x64x512_F8_F8_B16_0x1x0x2_default,94.09,816.78,0.0
gfx950,256,128,2304,1536,torch.float8_e4m3fn,flydsl,746,0,5.1826,flydsl_bpreshuflle_32x64x512_F8_F8_B16_0x3x0x2_default,174.81,834.6,0.0
gfx950,256,256,2304,1536,torch.float8_e4m3fn,flydsl,802,0,6.3352,flydsl_bpreshuflle_32x64x512_F8_F8_B16_0x3x4x2_default,286.01,806.89,0.0
gfx950,256,512,2304,1536,torch.float8_e4m3fn,flydsl,208,0,7.8819,flydsl_bpreshuflle_64x64x256_F8_F8_B16_1x0x4x2_default,459.77,848.1,0.0
gfx950,256,1024,2304,1536,torch.float8_e4m3fn,flydsl,460,0,10.6156,flydsl_bpreshuflle_64x192x256_F8_F8_B16_1x1x4x2_default,682.75,926.03,0.0
gfx950,256,1088,2304,1536,torch.float8_e4m3fn,flydsl,460,0,10.4232,flydsl_bpreshuflle_64x192x256_F8_F8_B16_1x1x4x2_default,738.81,980.85,0.0
gfx950,256,1152,2304,1536,torch.float8_e4m3fn,flydsl,652,0,9.8783,flydsl_bpreshuflle_96x128x256_F8_F8_B16_1x2x0x2_default,825.42,1074.76,0.0
gfx950,256,1216,2304,1536,torch.float8_e4m3fn,flydsl,702,0,10.7187,flydsl_bpreshuflle_64x192x256_F8_F8_B16_1x2x4x2_default,802.96,1027.18,0.0
gfx950,256,1280,2304,1536,torch.float8_e4m3fn,flydsl,460,0,10.4995,flydsl_bpreshuflle_64x192x256_F8_F8_B16_1x1x4x2_default,862.87,1086.08,0.0
gfx950,256,1344,2304,1536,torch.float8_e4m3fn,flydsl,1094,0,10.3014,flydsl_bpreshuflle_96x128x256_F8_F8_B16_1x4x0x2_default,923.44,1145.13,0.0
gfx950,256,1408,2304,1536,torch.float8_e4m3fn,flydsl,210,0,11.5492,flydsl_bpreshuflle_64x128x256_F8_F8_B16_1x0x4x2_default,862.89,1055.46,0.0
gfx950,256,1472,2304,1536,torch.float8_e4m3fn,flydsl,209,0,12.4918,flydsl_bpreshuflle_64x128x128_F8_F8_B16_1x0x4x2_default,834.04,1007.29,0.0
gfx950,256,1536,2304,1536,torch.float8_e4m3fn,flydsl,896,0,11.6569,flydsl_bpreshuflle_128x128x256_F8_F8_B16_1x3x0x2_default,932.64,1113.17,0.0
gfx950,256,1600,2304,1536,torch.float8_e4m3fn,flydsl,707,0,11.6454,flydsl_bpreshuflle_80x192x256_F8_F8_B16_1x2x4x2_default,972.45,1148.04,0.0
gfx950,256,1664,2304,1536,torch.float8_e4m3fn,flydsl,210,0,12.1314,flydsl_bpreshuflle_64x128x256_F8_F8_B16_1x0x4x2_default,970.84,1134.46,0.0
gfx950,256,1728,2304,1536,torch.float8_e4m3fn,flydsl,1145,0,12.9443,flydsl_bpreshuflle_96x192x256_F8_F8_B16_1x4x4x2_default,944.86,1093.59,0.0
gfx950,256,1792,2304,1536,torch.float8_e4m3fn,flydsl,172,0,12.2028,flydsl_bpreshuflle_128x128x256_F8_F8_B16_1x0x0x2_default,1039.4,1192.27,0.0
gfx950,256,1856,2304,1536,torch.float8_e4m3fn,flydsl,1491,0,14.4944,flydsl_bpreshuflle_64x192x128_F8_F8_B16_0x1x4x1_default,906.32,1030.9,0.0
gfx950,256,1920,2304,1536,torch.float8_e4m3fn,flydsl,410,0,13.0887,flydsl_bpreshuflle_96x192x256_F8_F8_B16_1x1x0x2_default,1038.27,1171.65,0.0
gfx950,256,1984,2304,1536,torch.float8_e4m3fn,flydsl,1737,0,14.6957,flydsl_bpreshuflle_64x192x128_F8_F8_B16_0x2x4x1_default,955.55,1070.29,0.0
gfx950,256,2048,2304,1536,torch.float8_e4m3fn,flydsl,1243,0,14.3381,flydsl_bpreshuflle_64x192x128_F8_F8_B16_0x0x4x1_default,1010.98,1124.41,0.0
gfx950,256,2112,2304,1536,torch.float8_e4m3fn,flydsl,712,0,14.2531,flydsl_bpreshuflle_96x128x256_F8_F8_B16_1x2x4x2_default,1048.79,1158.7,0.0
gfx950,256,2176,2304,1536,torch.float8_e4m3fn,flydsl,460,0,14.8731,flydsl_bpreshuflle_64x192x256_F8_F8_B16_1x1x4x2_default,1035.53,1136.84,0.0
gfx950,256,2240,2304,1536,torch.float8_e4m3fn,flydsl,646,0,14.0671,flydsl_bpreshuflle_80x128x256_F8_F8_B16_1x2x0x2_default,1127.06,1229.93,0.0
gfx950,256,2304,2304,1536,torch.float8_e4m3fn,flydsl,160,0,14.5081,flydsl_bpreshuflle_96x128x256_F8_F8_B16_1x0x0x2_default,1124.02,1219.64,0.0
gfx950,256,2368,2304,1536,torch.float8_e4m3fn,flydsl,1243,0,14.8712,flydsl_bpreshuflle_64x192x128_F8_F8_B16_0x0x4x1_default,1127.04,1216.31,0.0
gfx950,256,2432,2304,1536,torch.float8_e4m3fn,flydsl,460,0,15.2738,flydsl_bpreshuflle_64x192x256_F8_F8_B16_1x1x4x2_default,1126.99,1209.99,0.0
gfx950,256,2496,2304,1536,torch.float8_e4m3fn,flydsl,1143,0,15.011,flydsl_bpreshuflle_96x128x256_F8_F8_B16_1x4x4x2_default,1176.9,1257.37,0.0
gfx950,256,2560,2304,1536,torch.float8_e4m3fn,flydsl,483,0,15.4459,flydsl_bpreshuflle_128x192x128_F8_F8_B16_1x1x4x2_default,1173.09,1247.42,0.0
gfx950,256,2624,2304,1536,torch.float8_e4m3fn,flydsl,702,0,15.5064,flydsl_bpreshuflle_64x192x256_F8_F8_B16_1x2x4x2_default,1197.72,1267.92,0.0
gfx950,256,2688,2304,1536,torch.float8_e4m3fn,flydsl,652,0,15.0531,flydsl_bpreshuflle_96x128x256_F8_F8_B16_1x2x0x2_default,1263.88,1332.22,0.0
gfx950,256,2752,2304,1536,torch.float8_e4m3fn,flydsl,1246,0,16.5091,flydsl_bpreshuflle_64x256x256_F8_F8_B16_0x0x4x1_default,1179.86,1238.54,0.0
gfx950,256,2816,2304,1536,torch.float8_e4m3fn,flydsl,724,0,16.6257,flydsl_bpreshuflle_128x128x256_F8_F8_B16_1x2x4x2_default,1198.83,1253.51,0.0
gfx950,256,2880,2304,1536,torch.float8_e4m3fn,flydsl,217,0,16.1534,flydsl_bpreshuflle_80x192x256_F8_F8_B16_1x0x4x2_default,1261.92,1314.5,0.0
gfx950,256,2944,2304,1536,torch.float8_e4m3fn,flydsl,233,0,17.1841,flydsl_bpreshuflle_128x128x128_F8_F8_B16_1x0x4x2_default,1212.59,1258.54,0.0
gfx950,256,3008,2304,1536,torch.float8_e4m3fn,flydsl,1494,0,17.8281,flydsl_bpreshuflle_64x256x256_F8_F8_B16_0x1x4x1_default,1194.2,1235.13,0.0
gfx950,256,3072,2304,1536,torch.float8_e4m3fn,flydsl,896,0,17.3082,flydsl_bpreshuflle_128x128x256_F8_F8_B16_1x3x0x2_default,1256.24,1294.95,0.0
gfx950,256,3136,2304,1536,torch.float8_e4m3fn,flydsl,1098,0,16.4703,flydsl_bpreshuflle_112x128x256_F8_F8_B16_1x4x0x2_default,1347.65,1384.71,0.0
gfx950,256,3200,2304,1536,torch.float8_e4m3fn,flydsl,1435,0,17.3151,flydsl_bpreshuflle_80x192x256_F8_F8_B16_0x1x0x1_default,1308.06,1339.86,0.0
gfx950,256,3264,2304,1536,torch.float8_e4m3fn,flydsl,223,0,18.0124,flydsl_bpreshuflle_96x192x128_F8_F8_B16_1x0x4x2_default,1282.57,1309.82,0.0
gfx950,256,3328,2304,1536,torch.float8_e4m3fn,flydsl,896,0,17.6698,flydsl_bpreshuflle_128x128x256_F8_F8_B16_1x3x0x2_default,1333.08,1357.47,0.0
gfx950,256,3392,2304,1536,torch.float8_e4m3fn,flydsl,1494,0,17.9024,flydsl_bpreshuflle_64x256x256_F8_F8_B16_0x1x4x1_default,1341.06,1361.79,0.0
gfx950,256,3456,2304,1536,torch.float8_e4m3fn,flydsl,1145,0,18.4653,flydsl_bpreshuflle_96x192x256_F8_F8_B16_1x4x4x2_default,1324.71,1341.58,0.0
gfx950,256,3520,2304,1536,torch.float8_e4m3fn,flydsl,1739,0,20.0066,flydsl_bpreshuflle_64x256x128_F8_F8_B16_0x2x4x1_default,1245.3,1257.88,0.0
gfx950,256,3584,2304,1536,torch.float8_e4m3fn,flydsl,172,0,17.9079,flydsl_bpreshuflle_128x128x256_F8_F8_B16_1x0x0x2_default,1416.53,1427.25,0.0
gfx950,256,3648,2304,1536,torch.float8_e4m3fn,flydsl,1145,0,19.0347,flydsl_bpreshuflle_96x192x256_F8_F8_B16_1x4x4x2_default,1356.48,1363.42,0.0
gfx950,256,3712,2304,1536,torch.float8_e4m3fn,flydsl,1738,0,20.9914,flydsl_bpreshuflle_64x192x256_F8_F8_B16_0x2x4x1_default,1251.61,1255.06,0.0
gfx950,256,3776,2304,1536,torch.float8_e4m3fn,flydsl,1367,0,21.8414,flydsl_bpreshuflle_64x192x128_F8_F8_B16_1x0x4x1_default,1223.64,1224.22,0.0
gfx950,256,3840,2304,1536,torch.float8_e4m3fn,flydsl,1380,0,19.3416,flydsl_bpreshuflle_96x192x256_F8_F8_B16_1x0x4x1_default,1405.21,1402.77,0.0
gfx950,256,3904,2304,1536,torch.float8_e4m3fn,flydsl,1244,0,21.6423,flydsl_bpreshuflle_64x192x256_F8_F8_B16_0x0x4x1_default,1276.76,1271.82,0.0
gfx950,256,3968,2304,1536,torch.float8_e4m3fn,flydsl,212,0,21.4571,flydsl_bpreshuflle_64x192x256_F8_F8_B16_1x0x4x2_default,1308.89,1301.12,0.0
gfx950,256,4032,2304,1536,torch.float8_e4m3fn,flydsl,223,0,19.7414,flydsl_bpreshuflle_96x192x128_F8_F8_B16_1x0x4x2_default,1445.59,1434.12,0.0
gfx950,256,4096,2304,1536,torch.float8_e4m3fn,flydsl,1515,0,22.1958,flydsl_bpreshuflle_128x192x128_F8_F8_B16_0x1x4x1_default,1306.15,1293.25,0.0
gfx950,256,8192,2304,1536,torch.float8_e4m3fn,flydsl,235,0,36.3141,flydsl_bpreshuflle_128x192x128_F8_F8_B16_1x0x4x2_default,1596.68,1483.46,0.0
gfx950,256,16384,2304,1536,torch.float8_e4m3fn,flydsl,483,0,68.2176,flydsl_bpreshuflle_128x192x128_F8_F8_B16_1x1x4x2_default,1699.91,1527.5,0.0
gfx950,256,32768,2304,1536,torch.float8_e4m3fn,flydsl,1640,0,124.7383,flydsl_bpreshuflle_128x192x256_F8_F8_B16_1x1x4x1_default,1859.32,1642.36,0.0
gfx950,256,1,3072,512,torch.float8_e4m3fn,flydsl,1,0,2.8365,flydsl_bpreshuflle_16x64x512_F8_F8_B16_0x0x0x2_default,1.11,556.86,0.0
gfx950,256,2,3072,512,torch.float8_e4m3fn,flydsl,497,0,3.4411,flydsl_bpreshuflle_16x64x512_F8_F8_B16_0x2x0x2_default,1.83,460.95,0.0
gfx950,256,4,3072,512,torch.float8_e4m3fn,cktile,2,0,2.719,a8w8_bpreshuffle_cktile_0x0x8x4x1x0x0x0x0x1_16x64x512_1x4x1_16x16x128_default,4.63,588.26,0.0
gfx950,256,8,3072,512,torch.float8_e4m3fn,cktile,30,0,2.6023,a8w8_bpreshuffle_cktile_0x0x8x4x1x0x0x0x0x2_16x64x512_1x4x1_16x16x128_default,9.67,624.87,0.0
gfx950,256,16,3072,512,torch.float8_e4m3fn,cktile,138,0,3.0395,a8w8_bpreshuffle_cktile_0x0x8x4x1x0x0x0x0x4_16x64x512_1x4x1_16x16x128_default,16.56,552.51,0.0
gfx950,256,32,3072,512,torch.float8_e4m3fn,flydsl,961,0,2.9897,flydsl_bpreshuflle_16x64x512_F8_F8_B16_0x4x0x2_default,33.67,597.34,0.0
gfx950,256,64,3072,512,torch.float8_e4m3fn,flydsl,970,0,3.1574,flydsl_bpreshuflle_32x64x512_F8_F8_B16_0x4x0x2_default,63.76,633.07,0.0
gfx950,256,128,3072,512,torch.float8_e4m3fn,flydsl,10,0,3.4744,flydsl_bpreshuflle_32x64x512_F8_F8_B16_0x0x0x2_default,115.89,697.91,0.0
gfx950,256,256,3072,512,torch.float8_e4m3fn,flydsl,22,0,4.0387,flydsl_bpreshuflle_64x64x256_F8_F8_B16_0x0x0x2_default,199.4,811.35,0.0
gfx950,256,512,3072,512,torch.float8_e4m3fn,flydsl,324,0,5.0538,flydsl_bpreshuflle_32x192x256_F8_F8_B16_0x1x4x2_default,318.69,985.54,0.0
gfx950,256,1024,3072,512,torch.float8_e4m3fn,flydsl,582,0,6.4941,flydsl_bpreshuflle_64x192x256_F8_F8_B16_0x2x4x2_default,496.02,1291.73,0.0
gfx950,256,1088,3072,512,torch.float8_e4m3fn,flydsl,580,0,7.0625,flydsl_bpreshuflle_64x128x256_F8_F8_B16_0x2x4x2_default,484.61,1248.08,0.0
gfx950,256,1152,3072,512,torch.float8_e4m3fn,flydsl,2189,0,7.0601,flydsl_bpreshuflle_64x128x256_F8_F8_B16_0x4x4x1_default,513.29,1308.84,0.0
gfx950,256,1216,3072,512,torch.float8_e4m3fn,flydsl,334,0,7.2268,flydsl_bpreshuflle_64x128x256_F8_F8_B16_0x1x4x2_default,529.31,1337.6,0.0
gfx950,256,1280,3072,512,torch.float8_e4m3fn,flydsl,276,0,7.2326,flydsl_bpreshuflle_64x256x256_F8_F8_B16_0x1x0x2_default,556.72,1395.42,0.0
gfx950,256,1344,3072,512,torch.float8_e4m3fn,flydsl,334,0,7.5664,flydsl_bpreshuflle_64x128x256_F8_F8_B16_0x1x4x2_default,558.77,1390.16,0.0
gfx950,256,1408,3072,512,torch.float8_e4m3fn,flydsl,2086,0,8.1744,flydsl_bpreshuflle_64x192x256_F8_F8_B16_1x3x4x1_default,541.84,1338.88,0.0
gfx950,256,1472,3072,512,torch.float8_e4m3fn,flydsl,87,0,8.4685,flydsl_bpreshuflle_64x192x128_F8_F8_B16_0x0x4x2_default,546.79,1342.68,0.0
gfx950,256,1536,3072,512,torch.float8_e4m3fn,flydsl,1045,0,8.2285,flydsl_bpreshuflle_96x128x256_F8_F8_B16_0x4x4x2_default,587.21,1433.61,0.0
gfx950,256,1600,3072,512,torch.float8_e4m3fn,flydsl,464,0,8.2015,flydsl_bpreshuflle_80x128x256_F8_F8_B16_1x1x4x2_default,613.69,1490.27,0.0
gfx950,256,1664,3072,512,torch.float8_e4m3fn,flydsl,88,0,8.7712,flydsl_bpreshuflle_64x192x256_F8_F8_B16_0x0x4x2_default,596.78,1442.04,0.0
gfx950,256,1728,3072,512,torch.float8_e4m3fn,flydsl,1143,0,8.5241,flydsl_bpreshuflle_96x128x256_F8_F8_B16_1x4x4x2_default,637.7,1533.82,0.0
gfx950,256,1792,3072,512,torch.float8_e4m3fn,flydsl,2086,0,8.8268,flydsl_bpreshuflle_64x192x256_F8_F8_B16_1x3x4x1_default,638.64,1529.48,0.0
gfx950,256,1856,3072,512,torch.float8_e4m3fn,flydsl,2086,0,8.8775,flydsl_bpreshuflle_64x192x256_F8_F8_B16_1x3x4x1_default,657.67,1568.73,0.0
gfx950,256,1920,3072,512,torch.float8_e4m3fn,flydsl,222,0,8.9106,flydsl_bpreshuflle_96x128x256_F8_F8_B16_1x0x4x2_default,677.82,1610.71,0.0
gfx950,256,1984,3072,512,torch.float8_e4m3fn,flydsl,2086,0,9.1991,flydsl_bpreshuflle_64x192x256_F8_F8_B16_1x3x4x1_default,678.45,1606.5,0.0
gfx950,256,2048,3072,512,torch.float8_e4m3fn,flydsl,2086,0,9.5846,flydsl_bpreshuflle_64x192x256_F8_F8_B16_1x3x4x1_default,672.17,1586.33,0.0
gfx950,256,2112,3072,512,torch.float8_e4m3fn,flydsl,89,0,10.3979,flydsl_bpreshuflle_64x256x128_F8_F8_B16_0x0x4x2_default,638.95,1503.22,0.0
gfx950,256,2176,3072,512,torch.float8_e4m3fn,flydsl,723,0,9.9368,flydsl_bpreshuflle_128x128x128_F8_F8_B16_1x2x4x2_default,688.86,1615.84,0.0
gfx950,256,2240,3072,512,torch.float8_e4m3fn,flydsl,1147,0,9.9499,flydsl_bpreshuflle_112x128x256_F8_F8_B16_1x4x4x2_default,708.19,1656.53,0.0
gfx950,256,2304,3072,512,torch.float8_e4m3fn,flydsl,543,0,10.2899,flydsl_bpreshuflle_128x128x128_F8_F8_B16_0x2x0x2_default,704.36,1643.19,0.0
gfx950,256,2368,3072,512,torch.float8_e4m3fn,flydsl,337,0,10.6828,flydsl_bpreshuflle_64x256x128_F8_F8_B16_0x1x4x2_default,697.3,1622.63,0.0
gfx950,256,2432,3072,512,torch.float8_e4m3fn,flydsl,1919,0,10.6562,flydsl_bpreshuflle_64x256x128_F8_F8_B16_0x3x0x1_default,717.93,1666.66,0.0
gfx950,256,2496,3072,512,torch.float8_e4m3fn,flydsl,470,0,10.8331,flydsl_bpreshuflle_96x128x256_F8_F8_B16_1x1x4x2_default,724.79,1678.77,0.0
gfx950,256,2560,3072,512,torch.float8_e4m3fn,flydsl,603,0,10.6702,flydsl_bpreshuflle_128x128x128_F8_F8_B16_0x2x4x2_default,754.72,1744.32,0.0
gfx950,256,2624,3072,512,torch.float8_e4m3fn,flydsl,89,0,11.1364,flydsl_bpreshuflle_64x256x128_F8_F8_B16_0x0x4x2_default,741.21,1709.55,0.0
gfx950,256,2688,3072,512,torch.float8_e4m3fn,flydsl,357,0,10.8715,flydsl_bpreshuflle_128x128x128_F8_F8_B16_0x1x4x2_default,777.79,1790.39,0.0
gfx950,256,2752,3072,512,torch.float8_e4m3fn,flydsl,1243,0,11.724,flydsl_bpreshuflle_64x192x128_F8_F8_B16_0x0x4x1_default,738.4,1696.53,0.0
gfx950,256,2816,3072,512,torch.float8_e4m3fn,flydsl,1918,0,11.6008,flydsl_bpreshuflle_64x192x256_F8_F8_B16_0x3x0x1_default,763.6,1751.27,0.0
gfx950,256,2880,3072,512,torch.float8_e4m3fn,flydsl,1143,0,11.2783,flydsl_bpreshuflle_96x128x256_F8_F8_B16_1x4x4x2_default,803.29,1839.12,0.0
gfx950,256,2944,3072,512,torch.float8_e4m3fn,flydsl,2030,0,12.0473,flydsl_bpreshuflle_64x192x256_F8_F8_B16_1x3x0x1_default,768.72,1757.08,0.0
gfx950,256,3008,3072,512,torch.float8_e4m3fn,flydsl,1616,0,12.1887,flydsl_bpreshuflle_64x192x256_F8_F8_B16_1x1x4x1_default,776.32,1771.65,0.0
gfx950,256,3072,3072,512,torch.float8_e4m3fn,flydsl,222,0,11.4983,flydsl_bpreshuflle_96x128x256_F8_F8_B16_1x0x4x2_default,840.44,1915.07,0.0
gfx950,256,3136,3072,512,torch.float8_e4m3fn,flydsl,1099,0,12.2685,flydsl_bpreshuflle_112x192x256_F8_F8_B16_1x4x0x2_default,804.09,1829.57,0.0
gfx950,256,3200,3072,512,torch.float8_e4m3fn,flydsl,464,0,12.4488,flydsl_bpreshuflle_80x128x256_F8_F8_B16_1x1x4x2_default,808.62,1837.29,0.0
gfx950,256,3264,3072,512,torch.float8_e4m3fn,flydsl,1691,0,12.4992,flydsl_bpreshuflle_96x256x128_F8_F8_B16_0x2x0x1_default,821.47,1863.96,0.0
gfx950,256,3328,3072,512,torch.float8_e4m3fn,flydsl,235,0,12.7099,flydsl_bpreshuflle_128x192x128_F8_F8_B16_1x0x4x2_default,823.69,1866.58,0.0
gfx950,256,3392,3072,512,torch.float8_e4m3fn,flydsl,458,0,13.0536,flydsl_bpreshuflle_64x128x256_F8_F8_B16_1x1x4x2_default,817.42,1850.07,0.0
gfx950,256,3456,3072,512,torch.float8_e4m3fn,flydsl,473,0,12.9394,flydsl_bpreshuflle_96x256x128_F8_F8_B16_1x1x4x2_default,840.2,1899.32,0.0
gfx950,256,3520,3072,512,torch.float8_e4m3fn,flydsl,1975,0,13.677,flydsl_bpreshuflle_64x256x128_F8_F8_B16_0x3x4x1_default,809.6,1828.03,0.0
gfx950,256,3584,3072,512,torch.float8_e4m3fn,flydsl,167,0,12.9878,flydsl_bpreshuflle_112x192x256_F8_F8_B16_1x0x0x2_default,868.07,1957.83,0.0
gfx950,256,3648,3072,512,torch.float8_e4m3fn,flydsl,535,0,13.1174,flydsl_bpreshuflle_96x256x128_F8_F8_B16_0x2x0x2_default,874.84,1970.97,0.0
gfx950,256,3712,3072,512,torch.float8_e4m3fn,flydsl,483,0,13.1632,flydsl_bpreshuflle_128x192x128_F8_F8_B16_1x1x4x2_default,887.09,1996.47,0.0
gfx950,256,3776,3072,512,torch.float8_e4m3fn,flydsl,1739,0,14.0636,flydsl_bpreshuflle_64x256x128_F8_F8_B16_0x2x4x1_default,844.61,1898.94,0.0
gfx950,256,3840,3072,512,torch.float8_e4m3fn,flydsl,535,0,13.4221,flydsl_bpreshuflle_96x256x128_F8_F8_B16_0x2x0x2_default,899.98,2021.44,0.0
gfx950,256,3904,3072,512,torch.float8_e4m3fn,flydsl,583,0,14.3818,flydsl_bpreshuflle_64x256x128_F8_F8_B16_0x2x4x2_default,853.92,1916.16,0.0
gfx950,256,3968,3072,512,torch.float8_e4m3fn,flydsl,725,0,13.6237,flydsl_bpreshuflle_128x192x128_F8_F8_B16_1x2x4x2_default,916.22,2054.06,0.0
gfx950,256,4032,3072,512,torch.float8_e4m3fn,flydsl,101,0,13.8176,flydsl_bpreshuflle_96x256x128_F8_F8_B16_0x0x4x2_default,917.93,2056.06,0.0
gfx950,256,4096,3072,512,torch.float8_e4m3fn,flydsl,1267,0,13.284,flydsl_bpreshuflle_128x192x128_F8_F8_B16_0x0x4x1_default,969.96,2170.72,0.0
gfx950,256,8192,3072,512,torch.float8_e4m3fn,flydsl,727,0,23.1672,flydsl_bpreshuflle_128x256x128_F8_F8_B16_1x2x4x2_default,1112.34,2421.48,0.0
gfx950,256,16384,3072,512,torch.float8_e4m3fn,flydsl,727,0,41.1926,flydsl_bpreshuflle_128x256x128_F8_F8_B16_1x2x4x2_default,1251.19,2685.55,0.0
gfx950,256,32768,3072,512,torch.float8_e4m3fn,flydsl,727,0,78.5737,flydsl_bpreshuflle_128x256x128_F8_F8_B16_1x2x4x2_default,1311.88,2795.8,0.0
gfx950,256,1,3584,7168,torch.float8_e4m3fn,flydsl,498,7,8.2882,flydsl_bpreshuflle_16x128x256_F8_F8_B16_0x2x0x2_default_ks7,6.2,3101.33,0.0
gfx950,256,2,3584,7168,torch.float8_e4m3fn,flydsl,738,7,8.047,flydsl_bpreshuflle_16x128x256_F8_F8_B16_0x3x0x2_default_ks7,12.77,3196.07,0.0
gfx950,256,4,3584,7168,torch.float8_e4m3fn,flydsl,498,7,7.9299,flydsl_bpreshuflle_16x128x256_F8_F8_B16_0x2x0x2_default_ks7,25.92,3246.88,0.0
gfx950,256,8,3584,7168,torch.float8_e4m3fn,flydsl,2119,7,8.1421,flydsl_bpreshuflle_16x128x512_F8_F8_B16_0x4x0x1_default_ks7,50.48,3169.31,0.0
gfx950,256,16,3584,7168,torch.float8_e4m3fn,flydsl,496,4,8.8734,flydsl_bpreshuflle_16x64x256_F8_F8_B16_0x2x0x2_default_ks4,92.65,2921.03,0.0
gfx950,256,32,3584,7168,torch.float8_e4m3fn,flydsl,9,4,9.1829,flydsl_bpreshuflle_32x64x256_F8_F8_B16_0x0x0x2_default_ks4,179.05,2847.56,0.0
gfx950,256,48,3584,7168,torch.float8_e4m3fn,flydsl,1075,4,9.8275,flydsl_bpreshuflle_48x64x256_F8_F8_B16_1x4x0x2_default_ks4,250.95,2684.13,0.0
gfx950,256,64,3584,7168,torch.float8_e4m3fn,flydsl,1117,2,10.7727,flydsl_bpreshuflle_32x64x512_F8_F8_B16_1x4x4x2_default_ks2,305.25,2469.91,0.0
gfx950,256,128,3584,7168,torch.float8_e4m3fn,flydsl,686,0,13.91,flydsl_bpreshuflle_32x64x512_F8_F8_B16_1x2x4x2_default,472.8,1978.8,0.0
gfx950,256,256,3584,7168,torch.float8_e4m3fn,flydsl,86,2,18.2053,flydsl_bpreshuflle_64x128x256_F8_F8_B16_0x0x4x2_default_ks2,722.5,1612.72,0.0
gfx950,256,512,3584,7168,torch.float8_e4m3fn,flydsl,210,0,24.74,flydsl_bpreshuflle_64x128x256_F8_F8_B16_1x0x4x2_default,1063.33,1335.09,0.0
gfx950,256,1024,3584,7168,torch.float8_e4m3fn,flydsl,1152,0,37.9863,flydsl_bpreshuflle_128x128x256_F8_F8_B16_1x4x4x2_default,1385.06,1062.76,0.0
gfx950,256,1088,3584,7168,torch.float8_e4m3fn,flydsl,1972,0,41.0147,flydsl_bpreshuflle_64x128x256_F8_F8_B16_0x3x4x1_default,1362.97,1006.66,0.0
gfx950,256,1152,3584,7168,torch.float8_e4m3fn,ck,63,0,40.4127,a8w8_bpreshuffle_256x128x128x256_16x16_16x16_16x16x1_16x16x1_1x32x1x8_8x8x1_2x1_intrawave_v3,1464.64,1044.35,0.0
gfx950,256,1216,3584,7168,torch.float8_e4m3fn,cktile,80,0,50.2924,a8w8_bpreshuffle_cktile_0x0x8x4x1x0x0x0x0x1_96x128x128_1x4x1_16x16x128_default,1242.3,857.44,0.0
gfx950,256,1280,3584,7168,torch.float8_e4m3fn,flydsl,464,0,44.1267,flydsl_bpreshuflle_80x128x256_F8_F8_B16_1x1x4x2_default,1490.41,998.04,0.0
gfx950,256,1344,3584,7168,torch.float8_e4m3fn,flydsl,1143,0,46.1504,flydsl_bpreshuflle_96x128x256_F8_F8_B16_1x4x4x2_default,1496.3,974.16,0.0
gfx950,256,1408,3584,7168,torch.float8_e4m3fn,ck,0,0,50.8556,a8w8_bpreshuffle_256x128x128x128_16x16_16x16_8x32x1_8x32x1_1x32x1x8_8x8x1_2x1_intrawave_v3,1422.52,902.07,0.0
gfx950,256,1472,3584,7168,torch.float8_e4m3fn,flydsl,1000011,0,54.5188,flydsl_bpreshuffle_8w_128x256x128_F8_F8_B16_4x8,1387.26,858.29,0.0
gfx950,256,1536,3584,7168,torch.float8_e4m3fn,flydsl,222,0,48.7036,flydsl_bpreshuflle_96x128x256_F8_F8_B16_1x0x4x2_default,1620.41,979.6,0.0
gfx950,256,1600,3584,7168,torch.float8_e4m3fn,flydsl,1000008,0,55.8348,flydsl_bpreshuffle_8w_128x256x128_F8_F8_B16_3x8,1472.35,870.92,0.0
gfx950,256,1664,3584,7168,torch.float8_e4m3fn,ck,0,0,54.6499,a8w8_bpreshuffle_256x128x128x128_16x16_16x16_8x32x1_8x32x1_1x32x1x8_8x8x1_2x1_intrawave_v3,1564.44,906.59,0.0
gfx950,256,1728,3584,7168,torch.float8_e4m3fn,ck,51,0,52.2556,a8w8_bpreshuffle_256x192x128x128_16x16_16x16_8x32x1_8x32x1_1x32x1x8_8x8x1_2x1_intrawave_v3,1699.05,965.69,0.0
gfx950,256,1792,3584,7168,torch.float8_e4m3fn,flydsl,1147,0,53.8717,flydsl_bpreshuflle_112x128x256_F8_F8_B16_1x4x4x2_default,1709.12,953.75,0.0
gfx950,256,1856,3584,7168,torch.float8_e4m3fn,flydsl,1000011,0,56.9294,flydsl_bpreshuffle_8w_128x256x128_F8_F8_B16_4x8,1675.09,918.64,0.0
gfx950,256,1920,3584,7168,torch.float8_e4m3fn,flydsl,1000005,0,58.6385,flydsl_bpreshuffle_8w_128x256x128_F8_F8_B16_2x8,1682.34,907.51,0.0
gfx950,256,1984,3584,7168,torch.float8_e4m3fn,flydsl,1000001,0,58.4409,flydsl_bpreshuffle_8w_128x256x128_F8_F8_B16_1x4,1744.3,926.28,0.0
gfx950,256,2048,3584,7168,torch.float8_e4m3fn,flydsl,1000011,0,58.7124,flydsl_bpreshuffle_8w_128x256x128_F8_F8_B16_4x8,1792.24,937.63,0.0
gfx950,256,2112,3584,7168,torch.float8_e4m3fn,flydsl,1000005,0,59.3137,flydsl_bpreshuffle_8w_128x256x128_F8_F8_B16_2x8,1829.51,943.59,0.0
gfx950,256,2176,3584,7168,torch.float8_e4m3fn,flydsl,1000002,0,60.3961,flydsl_bpreshuffle_8w_128x256x128_F8_F8_B16_1x8,1851.17,941.87,0.0
gfx950,256,2240,3584,7168,torch.float8_e4m3fn,flydsl,1000011,0,60.9689,flydsl_bpreshuffle_8w_128x256x128_F8_F8_B16_4x8,1887.71,948.07,0.0
gfx950,256,2304,3584,7168,torch.float8_e4m3fn,flydsl,1000008,0,62.0506,flydsl_bpreshuffle_8w_128x256x128_F8_F8_B16_3x8,1907.8,946.33,0.0
gfx950,256,2368,3584,7168,torch.float8_e4m3fn,flydsl,1000035,0,74.9493,flydsl_bpreshuffle_8w_256x256x128_F8_F8_B16_4x8,1623.34,795.71,0.0
gfx950,256,2432,3584,7168,torch.float8_e4m3fn,ck,88,0,73.1339,a8w8_bpreshuffle_256x160x128x128_16x16_16x16_8x32x1_8x32x1_1x16x1x16_4x4x1_1x1_intrawave_v3,1708.6,828.01,0.0
gfx950,256,2496,3584,7168,torch.float8_e4m3fn,ck,158,0,70.8619,a8w8_bpreshuffle_256x192x256x128_16x16_16x16_8x32x1_8x32x1_1x16x1x16_8x8x1_1x2_intrawave_v3,1809.79,867.5,0.0
gfx950,256,2560,3584,7168,torch.float8_e4m3fn,ck,156,0,70.1254,a8w8_bpreshuffle_256x160x256x128_16x16_16x16_8x32x1_8x32x1_1x16x1x16_8x8x1_1x2_intrawave_v3,1875.69,889.7,0.0
gfx950,256,2624,3584,7168,torch.float8_e4m3fn,flydsl,1000028,0,76.5154,flydsl_bpreshuffle_8w_256x256x128_F8_F8_B16_2x4,1762.02,827.39,0.0
gfx950,256,2688,3584,7168,torch.float8_e4m3fn,ck,47,0,72.6843,a8w8_bpreshuffle_256x192x256x128_16x16_16x16_8x32x1_8x32x1_1x32x1x8_8x8x1_2x1_intrawave_v3,1900.14,883.62,0.0
gfx950,256,2752,3584,7168,torch.float8_e4m3fn,flydsl,1000034,0,76.3612,flydsl_bpreshuffle_8w_256x256x128_F8_F8_B16_4x4,1851.7,853.09,0.0
gfx950,256,2816,3584,7168,torch.float8_e4m3fn,flydsl,1000029,0,77.2318,flydsl_bpreshuffle_8w_256x256x128_F8_F8_B16_2x8,1873.41,855.35,0.0
gfx950,256,2880,3584,7168,torch.float8_e4m3fn,ck,156,0,70.8219,a8w8_bpreshuffle_256x160x256x128_16x16_16x16_8x32x1_8x32x1_1x16x1x16_8x8x1_1x2_intrawave_v3,2089.4,945.72,0.0
gfx950,256,2944,3584,7168,torch.float8_e4m3fn,flydsl,1000028,0,79.6032,flydsl_bpreshuffle_8w_256x256x128_F8_F8_B16_2x4,1900.22,852.92,0.0
gfx950,256,3008,3584,7168,torch.float8_e4m3fn,flydsl,1000026,0,79.002,flydsl_bpreshuffle_8w_256x256x128_F8_F8_B16_1x8,1956.3,871.03,0.0
gfx950,256,3072,3584,7168,torch.float8_e4m3fn,ck,158,0,77.2579,a8w8_bpreshuffle_256x192x256x128_16x16_16x16_8x32x1_8x32x1_1x16x1x16_8x8x1_1x2_intrawave_v3,2043.03,902.57,0.0
gfx950,256,3136,3584,7168,torch.float8_e4m3fn,flydsl,1000032,0,80.0088,flydsl_bpreshuffle_8w_256x256x128_F8_F8_B16_3x8,2013.88,883.0,0.0
gfx950,256,3200,3584,7168,torch.float8_e4m3fn,flydsl,1000025,0,81.5416,flydsl_bpreshuffle_8w_256x256x128_F8_F8_B16_1x4,2016.35,877.65,0.0
gfx950,256,3264,3584,7168,torch.float8_e4m3fn,ck,158,0,79.2064,a8w8_bpreshuffle_256x192x256x128_16x16_16x16_8x32x1_8x32x1_1x16x1x16_8x8x1_1x2_intrawave_v3,2117.32,915.11,0.0
gfx950,256,3328,3584,7168,torch.float8_e4m3fn,flydsl,1000035,0,80.6316,flydsl_bpreshuffle_8w_256x256x128_F8_F8_B16_4x8,2120.67,910.32,0.0
gfx950,256,3392,3584,7168,torch.float8_e4m3fn,flydsl,1000025,0,82.1204,flydsl_bpreshuffle_8w_256x256x128_F8_F8_B16_1x4,2122.27,904.99,0.0
gfx950,256,3456,3584,7168,torch.float8_e4m3fn,ck,158,0,79.7616,a8w8_bpreshuffle_256x192x256x128_16x16_16x16_8x32x1_8x32x1_1x16x1x16_8x8x1_1x2_intrawave_v3,2226.26,943.25,0.0
gfx950,256,3520,3584,7168,torch.float8_e4m3fn,flydsl,1000034,0,84.0984,flydsl_bpreshuffle_8w_256x256x128_F8_F8_B16_4x4,2150.56,905.52,0.0
gfx950,256,3584,3584,7168,torch.float8_e4m3fn,flydsl,1000024,0,83.605,flydsl_bpreshuffle_8w_256x256x128_F8_F8_B16_1x0,2202.58,921.84,0.0
gfx950,256,3648,3584,7168,torch.float8_e4m3fn,flydsl,1000031,0,85.2989,flydsl_bpreshuffle_8w_256x256x128_F8_F8_B16_3x4,2197.39,914.29,0.0
gfx950,256,3712,3584,7168,torch.float8_e4m3fn,flydsl,1000025,0,86.2957,flydsl_bpreshuffle_8w_256x256x128_F8_F8_B16_1x4,2210.11,914.36,0.0
gfx950,256,3776,3584,7168,torch.float8_e4m3fn,flydsl,1000025,0,85.4115,flydsl_bpreshuffle_8w_256x256x128_F8_F8_B16_1x4,2271.49,934.57,0.0
gfx950,256,3840,3584,7168,torch.float8_e4m3fn,flydsl,1000032,0,85.3995,flydsl_bpreshuffle_8w_256x256x128_F8_F8_B16_3x8,2310.32,945.44,0.0
gfx950,256,3904,3584,7168,torch.float8_e4m3fn,flydsl,1000035,0,86.6036,flydsl_bpreshuffle_8w_256x256x128_F8_F8_B16_4x8,2316.17,942.89,0.0
gfx950,256,3968,3584,7168,torch.float8_e4m3fn,flydsl,1000035,0,86.4497,flydsl_bpreshuffle_8w_256x256x128_F8_F8_B16_4x8,2358.33,955.18,0.0
gfx950,256,4032,3584,7168,torch.float8_e4m3fn,flydsl,1000031,0,86.4466,flydsl_bpreshuffle_8w_256x256x128_F8_F8_B16_3x4,2396.45,965.83,0.0
gfx950,256,4096,3584,7168,torch.float8_e4m3fn,flydsl,1000035,0,87.2232,flydsl_bpreshuffle_8w_256x256x128_F8_F8_B16_4x8,2412.81,967.75,0.0
gfx950,256,8192,3584,7168,torch.float8_e4m3fn,flydsl,1000031,0,164.642,flydsl_bpreshuffle_8w_256x256x128_F8_F8_B16_3x4,2556.5,869.34,0.0
gfx950,256,16384,3584,7168,torch.float8_e4m3fn,flydsl,1000028,0,314.5499,flydsl_bpreshuffle_8w_256x256x128_F8_F8_B16_2x4,2676.25,828.39,0.0003
gfx950,256,32768,3584,7168,torch.float8_e4m3fn,flydsl,1000025,0,574.609,flydsl_bpreshuffle_8w_256x256x128_F8_F8_B16_1x4,2930.04,862.24,0.0
gfx950,256,1,6400,7168,torch.float8_e4m3fn,flydsl,1,0,12.163,flydsl_bpreshuflle_16x64x512_F8_F8_B16_0x0x0x2_default,7.54,3773.34,0.0
gfx950,256,2,6400,7168,torch.float8_e4m3fn,flydsl,617,0,12.7111,flydsl_bpreshuflle_16x64x512_F8_F8_B16_1x2x0x2_default,14.44,3612.21,0.0
gfx950,256,4,6400,7168,torch.float8_e4m3fn,flydsl,737,0,12.7921,flydsl_bpreshuflle_16x64x512_F8_F8_B16_0x3x0x2_default,28.69,3592.46,0.0
gfx950,256,8,6400,7168,torch.float8_e4m3fn,flydsl,1,0,12.526,flydsl_bpreshuflle_16x64x512_F8_F8_B16_0x0x0x2_default,58.6,3675.15,0.0
gfx950,256,16,6400,7168,torch.float8_e4m3fn,flydsl,249,2,11.2092,flydsl_bpreshuflle_16x64x512_F8_F8_B16_0x1x0x2_default_ks2,130.96,4121.14,0.0
gfx950,256,32,6400,7168,torch.float8_e4m3fn,flydsl,311,0,13.2236,flydsl_bpreshuflle_16x64x512_F8_F8_B16_0x1x4x2_default,222.03,3517.51,0.0
gfx950,256,64,6400,7168,torch.float8_e4m3fn,flydsl,1117,0,14.7136,flydsl_bpreshuflle_32x64x512_F8_F8_B16_1x4x4x2_default,399.09,3204.73,0.0
gfx950,256,128,6400,7168,torch.float8_e4m3fn,ck,114,0,21.0686,a8w8_bpreshuffle_256x64x64x256_16x16_16x16_16x16x1_16x16x1_1x32x1x8_8x8x1_2x1_intrawave_v3,557.42,2298.73,0.0
gfx950,256,256,6400,7168,torch.float8_e4m3fn,flydsl,700,0,26.816,flydsl_bpreshuflle_64x128x256_F8_F8_B16_1x2x4x2_default,875.9,1901.37,0.0
gfx950,256,512,6400,7168,torch.float8_e4m3fn,flydsl,234,0,37.0845,flydsl_bpreshuflle_128x128x256_F8_F8_B16_1x0x4x2_default,1266.73,1512.73,0.0
gfx950,256,1024,6400,7168,torch.float8_e4m3fn,flydsl,237,0,56.795,flydsl_bpreshuflle_128x256x128_F8_F8_B16_1x0x4x2_default,1654.24,1167.75,0.0
gfx950,256,1088,6400,7168,torch.float8_e4m3fn,flydsl,1000011,0,59.0273,flydsl_bpreshuffle_8w_128x256x128_F8_F8_B16_4x8,1691.16,1145.24,0.0
gfx950,256,1152,6400,7168,torch.float8_e4m3fn,flydsl,237,0,59.6161,flydsl_bpreshuflle_128x256x128_F8_F8_B16_1x0x4x2_default,1772.95,1155.36,0.0
gfx950,256,1216,6400,7168,torch.float8_e4m3fn,flydsl,1000005,0,60.4033,flydsl_bpreshuffle_8w_128x256x128_F8_F8_B16_2x8,1847.06,1161.46,0.0
gfx950,256,1280,6400,7168,torch.float8_e4m3fn,flydsl,1000007,0,61.0942,flydsl_bpreshuffle_8w_128x256x128_F8_F8_B16_3x4,1922.29,1169.25,0.0
gfx950,256,1344,6400,7168,torch.float8_e4m3fn,ck,158,0,69.0255,a8w8_bpreshuffle_256x192x256x128_16x16_16x16_8x32x1_8x32x1_1x16x1x16_8x8x1_1x2_intrawave_v3,1786.48,1053.41,0.0
gfx950,256,1408,6400,7168,torch.float8_e4m3fn,flydsl,1000035,0,75.1824,flydsl_bpreshuffle_8w_256x256x128_F8_F8_B16_4x8,1718.28,984.14,0.0
gfx950,256,1472,6400,7168,torch.float8_e4m3fn,flydsl,1000035,0,76.0312,flydsl_bpreshuffle_8w_256x256x128_F8_F8_B16_4x8,1776.33,989.96,0.0
gfx950,256,1536,6400,7168,torch.float8_e4m3fn,ck,158,0,73.0423,a8w8_bpreshuffle_256x192x256x128_16x16_16x16_8x32x1_8x32x1_1x16x1x16_8x8x1_1x2_intrawave_v3,1929.41,1047.97,0.0
gfx950,256,1600,6400,7168,torch.float8_e4m3fn,ck,156,0,71.8479,a8w8_bpreshuffle_256x160x256x128_16x16_16x16_8x32x1_8x32x1_1x16x1x16_8x8x1_1x2_intrawave_v3,2043.21,1083.18,0.0
gfx950,256,1664,6400,7168,torch.float8_e4m3fn,flydsl,1000035,0,77.9179,flydsl_bpreshuffle_8w_256x256x128_F8_F8_B16_4x8,1959.4,1015.2,0.0
gfx950,256,1728,6400,7168,torch.float8_e4m3fn,ck,47,0,78.1311,a8w8_bpreshuffle_256x192x256x128_16x16_16x16_8x32x1_8x32x1_1x32x1x8_8x8x1_2x1_intrawave_v3,2029.21,1028.78,0.0
gfx950,256,1792,6400,7168,torch.float8_e4m3fn,flydsl,1000035,0,80.322,flydsl_bpreshuffle_8w_256x256x128_F8_F8_B16_4x8,2046.97,1016.63,0.0
gfx950,256,1856,6400,7168,torch.float8_e4m3fn,flydsl,1000029,0,81.9708,flydsl_bpreshuffle_8w_256x256x128_F8_F8_B16_2x8,2077.43,1011.77,0.0
gfx950,256,1920,6400,7168,torch.float8_e4m3fn,ck,47,0,80.4482,a8w8_bpreshuffle_256x192x256x128_16x16_16x16_8x32x1_8x32x1_1x32x1x8_8x8x1_2x1_intrawave_v3,2189.74,1046.81,0.0
gfx950,256,1984,6400,7168,torch.float8_e4m3fn,flydsl,1000028,0,83.7744,flydsl_bpreshuffle_8w_256x256x128_F8_F8_B16_2x4,2172.89,1020.5,0.0
gfx950,256,2048,6400,7168,torch.float8_e4m3fn,flydsl,1000028,0,83.2742,flydsl_bpreshuffle_8w_256x256x128_F8_F8_B16_2x4,2256.46,1041.98,0.0
gfx950,256,2112,6400,7168,torch.float8_e4m3fn,flydsl,1000034,0,86.1752,flydsl_bpreshuffle_8w_256x256x128_F8_F8_B16_4x4,2248.64,1021.73,0.0
gfx950,256,2176,6400,7168,torch.float8_e4m3fn,flydsl,1000029,0,87.0513,flydsl_bpreshuffle_8w_256x256x128_F8_F8_B16_2x8,2293.46,1026.13,0.0
gfx950,256,2240,6400,7168,torch.float8_e4m3fn,flydsl,1000031,0,87.8237,flydsl_bpreshuffle_8w_256x256x128_F8_F8_B16_3x4,2340.15,1031.65,0.0
gfx950,256,2304,6400,7168,torch.float8_e4m3fn,flydsl,1000028,0,88.3739,flydsl_bpreshuffle_8w_256x256x128_F8_F8_B16_2x4,2392.03,1039.69,0.0
gfx950,256,2368,6400,7168,torch.float8_e4m3fn,flydsl,1000025,0,91.6965,flydsl_bpreshuffle_8w_256x256x128_F8_F8_B16_1x4,2369.39,1015.95,0.0
gfx950,256,2432,6400,7168,torch.float8_e4m3fn,flydsl,1000035,0,89.992,flydsl_bpreshuffle_8w_256x256x128_F8_F8_B16_4x8,2479.52,1049.4,0.0
gfx950,256,2496,6400,7168,torch.float8_e4m3fn,flydsl,1000032,0,91.2809,flydsl_bpreshuffle_8w_256x256x128_F8_F8_B16_3x8,2508.84,1048.58,0.0
gfx950,256,2560,6400,7168,torch.float8_e4m3fn,flydsl,1000025,0,93.0669,flydsl_bpreshuffle_8w_256x256x128_F8_F8_B16_1x4,2523.79,1042.19,0.0
gfx950,256,2624,6400,7168,torch.float8_e4m3fn,flydsl,1000011,0,131.6529,flydsl_bpreshuffle_8w_128x256x128_F8_F8_B16_4x8,1828.7,746.44,0.0
gfx950,256,2688,6400,7168,torch.float8_e4m3fn,ck,143,0,121.9401,a8w8_bpreshuffle_256x192x128x128_16x16_16x16_8x32x1_8x32x1_1x16x1x16_8x8x1_1x2_intrawave_v3,2022.51,816.38,0.0
gfx950,256,2752,6400,7168,torch.float8_e4m3fn,cktile,115,0,133.6714,a8w8_bpreshuffle_cktile_0x0x8x4x1x0x0x0x0x2_96x256x128_1x4x1_16x16x128_default,1888.94,754.29,0.0
gfx950,256,2816,6400,7168,torch.float8_e4m3fn,flydsl,1000026,0,136.1226,flydsl_bpreshuffle_8w_256x256x128_F8_F8_B16_1x8,1898.06,750.1,0.0
gfx950,256,2880,6400,7168,torch.float8_e4m3fn,ck,54,0,125.6878,a8w8_bpreshuffle_256x160x256x128_16x16_16x16_8x32x1_8x32x1_1x32x1x8_8x8x1_2x1_intrawave_v3,2102.36,822.54,0.0
gfx950,256,2944,6400,7168,torch.float8_e4m3fn,flydsl,1000005,0,138.1723,flydsl_bpreshuffle_8w_128x256x128_F8_F8_B16_2x8,1954.9,757.47,0.0
gfx950,256,3008,6400,7168,torch.float8_e4m3fn,flydsl,1000029,0,137.6759,flydsl_bpreshuffle_8w_256x256x128_F8_F8_B16_2x8,2004.6,769.48,0.0
gfx950,256,3072,6400,7168,torch.float8_e4m3fn,ck,158,0,137.8067,a8w8_bpreshuffle_256x192x256x128_16x16_16x16_8x32x1_8x32x1_1x16x1x16_8x8x1_1x2_intrawave_v3,2045.31,778.02,0.0
gfx950,256,3136,6400,7168,torch.float8_e4m3fn,flydsl,1000025,0,142.2127,flydsl_bpreshuffle_8w_256x256x128_F8_F8_B16_1x4,2023.23,762.91,0.0
gfx950,256,3200,6400,7168,torch.float8_e4m3fn,ck,156,0,130.867,a8w8_bpreshuffle_256x160x256x128_16x16_16x16_8x32x1_8x32x1_1x16x1x16_8x8x1_1x2_intrawave_v3,2243.51,838.81,0.0
gfx950,256,3264,6400,7168,torch.float8_e4m3fn,ck,158,0,137.597,a8w8_bpreshuffle_256x192x256x128_16x16_16x16_8x32x1_8x32x1_1x16x1x16_8x8x1_1x2_intrawave_v3,2176.45,807.07,0.0
gfx950,256,3328,6400,7168,torch.float8_e4m3fn,flydsl,1000035,0,142.0824,flydsl_bpreshuffle_8w_256x256x128_F8_F8_B16_4x8,2149.07,790.59,0.0
gfx950,256,3392,6400,7168,torch.float8_e4m3fn,flydsl,1000034,0,146.546,flydsl_bpreshuffle_8w_256x256x128_F8_F8_B16_4x4,2123.68,775.23,0.0
gfx950,256,3456,6400,7168,torch.float8_e4m3fn,ck,158,0,141.6703,a8w8_bpreshuffle_256x192x256x128_16x16_16x16_8x32x1_8x32x1_1x16x1x16_8x8x1_1x2_intrawave_v3,2238.22,810.93,0.0
gfx950,256,3520,6400,7168,torch.float8_e4m3fn,flydsl,1000031,0,143.5241,flydsl_bpreshuffle_8w_256x256x128_F8_F8_B16_3x4,2250.22,809.36,0.0
gfx950,256,3584,6400,7168,torch.float8_e4m3fn,flydsl,1000025,0,148.1779,flydsl_bpreshuffle_8w_256x256x128_F8_F8_B16_1x4,2219.18,792.56,0.0
gfx950,256,3648,6400,7168,torch.float8_e4m3fn,ck,158,0,141.2777,a8w8_bpreshuffle_256x192x256x128_16x16_16x16_8x32x1_8x32x1_1x16x1x16_8x8x1_1x2_intrawave_v3,2369.13,840.32,0.0
gfx950,256,3712,6400,7168,torch.float8_e4m3fn,flydsl,1000025,0,149.3096,flydsl_bpreshuffle_8w_256x256x128_F8_F8_B16_1x4,2281.02,803.68,0.0
gfx950,256,3776,6400,7168,torch.float8_e4m3fn,flydsl,1000034,0,150.7895,flydsl_bpreshuffle_8w_256x256x128_F8_F8_B16_4x4,2297.57,804.26,0.0
gfx950,256,3840,6400,7168,torch.float8_e4m3fn,ck,158,0,151.1313,a8w8_bpreshuffle_256x192x256x128_16x16_16x16_8x32x1_8x32x1_1x16x1x16_8x8x1_1x2_intrawave_v3,2331.23,810.9,0.0
gfx950,256,3904,6400,7168,torch.float8_e4m3fn,flydsl,1000032,0,154.4908,flydsl_bpreshuffle_8w_256x256x128_F8_F8_B16_3x8,2318.54,801.54,0.0
gfx950,256,3968,6400,7168,torch.float8_e4m3fn,flydsl,1000032,0,154.4621,flydsl_bpreshuffle_8w_256x256x128_F8_F8_B16_3x8,2356.99,809.96,0.0
gfx950,256,4032,6400,7168,torch.float8_e4m3fn,flydsl,1000029,0,158.8361,flydsl_bpreshuffle_8w_256x256x128_F8_F8_B16_2x8,2329.05,795.7,0.0
gfx950,256,4096,6400,7168,torch.float8_e4m3fn,flydsl,1000025,0,157.407,flydsl_bpreshuffle_8w_256x256x128_F8_F8_B16_1x4,2387.5,811.04,0.0
gfx950,256,8192,6400,7168,torch.float8_e4m3fn,flydsl,1000026,0,294.7446,flydsl_bpreshuffle_8w_256x256x128_F8_F8_B16_1x8,2550.07,710.63,0.0
gfx950,256,16384,6400,7168,torch.float8_e4m3fn,flydsl,1000025,0,542.5117,flydsl_bpreshuffle_8w_256x256x128_F8_F8_B16_1x4,2770.89,687.6,0.0
gfx950,256,32768,6400,7168,torch.float8_e4m3fn,flydsl,1000028,0,1050.5652,flydsl_bpreshuffle_8w_256x256x128_F8_F8_B16_2x4,2861.77,666.49,0.0
gfx950,256,1,7168,768,torch.float8_e4m3fn,flydsl,1652,0,4.3118,flydsl_bpreshuflle_16x64x256_F8_F8_B16_0x2x0x1_default,2.55,1280.24,0.0
gfx950,256,1,7168,1024,torch.float8_e4m3fn,flydsl,617,0,4.791,flydsl_bpreshuflle_16x64x512_F8_F8_B16_1x2x0x2_default,3.06,1535.25,0.0
gfx950,256,1,7168,1536,torch.float8_e4m3fn,flydsl,849,0,5.005,flydsl_bpreshuflle_16x64x512_F8_F8_B16_1x3x0x2_default,4.4,2202.98,0.0
gfx950,256,1,7168,1792,torch.float8_e4m3fn,flydsl,960,0,6.197,flydsl_bpreshuflle_16x64x256_F8_F8_B16_0x4x0x2_default,4.15,2075.39,0.0
gfx950,256,1,7168,4224,torch.float8_e4m3fn,ck,9,0,17.7187,a8w8_bpreshuffle_128x16x32x128_16x16_16x16_8x16x1_8x16x1_1x16x1x8_4x4x1_1x1_intrawave_v1,3.42,1709.84,0.0
gfx950,256,2,7168,768,torch.float8_e4m3fn,flydsl,1404,0,4.3292,flydsl_bpreshuflle_16x64x256_F8_F8_B16_0x1x0x1_default,5.09,1278.58,0.0
gfx950,256,2,7168,1024,torch.float8_e4m3fn,flydsl,125,0,4.3279,flydsl_bpreshuflle_16x64x512_F8_F8_B16_1x0x0x2_default,6.78,1703.08,0.0
gfx950,256,2,7168,1536,torch.float8_e4m3fn,flydsl,497,0,5.1133,flydsl_bpreshuflle_16x64x512_F8_F8_B16_0x2x0x2_default,8.61,2159.43,0.0
gfx950,256,2,7168,1792,torch.float8_e4m3fn,flydsl,0,0,6.8101,flydsl_bpreshuflle_16x64x256_F8_F8_B16_0x0x0x2_default,7.54,1890.91,0.0
gfx950,256,2,7168,4224,torch.float8_e4m3fn,ck,9,0,17.7552,a8w8_bpreshuffle_128x16x32x128_16x16_16x16_8x16x1_8x16x1_1x16x1x8_4x4x1_1x1_intrawave_v1,6.82,1707.37,0.0
gfx950,256,4,7168,768,torch.float8_e4m3fn,flydsl,1156,0,4.854,flydsl_bpreshuflle_16x64x256_F8_F8_B16_0x0x0x1_default,9.07,1146.57,0.0
gfx950,256,4,7168,1024,torch.float8_e4m3fn,flydsl,617,0,4.3681,flydsl_bpreshuflle_16x64x512_F8_F8_B16_1x2x0x2_default,13.44,1694.44,0.0
gfx950,256,4,7168,1536,torch.float8_e4m3fn,flydsl,1,0,5.0293,flydsl_bpreshuflle_16x64x512_F8_F8_B16_0x0x0x2_default,17.51,2201.8,0.0
gfx950,256,4,7168,1792,torch.float8_e4m3fn,flydsl,496,0,6.7351,flydsl_bpreshuflle_16x64x256_F8_F8_B16_0x2x0x2_default,15.26,1916.76,0.0
gfx950,256,4,7168,4224,torch.float8_e4m3fn,ck,9,0,17.8827,a8w8_bpreshuffle_128x16x32x128_16x16_16x16_8x16x1_8x16x1_1x16x1x8_4x4x1_1x1_intrawave_v1,13.54,1697.28,0.0
gfx950,256,8,7168,768,torch.float8_e4m3fn,flydsl,1652,0,4.4118,flydsl_bpreshuflle_16x64x256_F8_F8_B16_0x2x0x1_default,19.96,1275.18,0.0
gfx950,256,8,7168,1024,torch.float8_e4m3fn,flydsl,849,0,4.7923,flydsl_bpreshuflle_16x64x512_F8_F8_B16_1x3x0x2_default,24.51,1557.27,0.0
gfx950,256,8,7168,1536,torch.float8_e4m3fn,flydsl,961,0,5.0859,flydsl_bpreshuflle_16x64x512_F8_F8_B16_0x4x0x2_default,34.64,2189.78,0.0
gfx950,256,8,7168,1792,torch.float8_e4m3fn,flydsl,496,0,6.2456,flydsl_bpreshuflle_16x64x256_F8_F8_B16_0x2x0x2_default,32.91,2077.32,0.0
gfx950,256,8,7168,4224,torch.float8_e4m3fn,ck,9,0,17.5696,a8w8_bpreshuffle_128x16x32x128_16x16_16x16_8x16x1_8x16x1_1x16x1x8_4x4x1_1x1_intrawave_v1,27.57,1731.75,0.0
gfx950,256,16,7168,768,torch.float8_e4m3fn,flydsl,1156,0,4.9038,flydsl_bpreshuflle_16x64x256_F8_F8_B16_0x0x0x1_default,35.92,1171.88,0.0
gfx950,256,16,7168,1024,torch.float8_e4m3fn,flydsl,849,0,4.3627,flydsl_bpreshuflle_16x64x512_F8_F8_B16_1x3x0x2_default,53.84,1738.78,0.0
gfx950,256,16,7168,1536,torch.float8_e4m3fn,flydsl,849,0,5.8241,flydsl_bpreshuflle_16x64x512_F8_F8_B16_1x3x0x2_default,60.49,1934.03,0.0
gfx950,256,16,7168,1792,torch.float8_e4m3fn,flydsl,496,0,6.3667,flydsl_bpreshuflle_16x64x256_F8_F8_B16_0x2x0x2_default,64.56,2058.07,0.0
gfx950,256,16,7168,4224,torch.float8_e4m3fn,ck,9,0,17.963,a8w8_bpreshuffle_128x16x32x128_16x16_16x16_8x16x1_8x16x1_1x16x1x8_4x4x1_1x1_intrawave_v1,53.94,1702.09,0.0
gfx950,256,32,7168,768,torch.float8_e4m3fn,flydsl,257,0,4.4742,flydsl_bpreshuflle_32x64x256_F8_F8_B16_0x1x0x2_default,78.75,1338.42,0.0
gfx950,256,32,7168,1024,torch.float8_e4m3fn,flydsl,382,0,4.6722,flydsl_bpreshuflle_32x64x512_F8_F8_B16_1x1x0x2_default,100.54,1676.2,0.0
gfx950,256,32,7168,1536,torch.float8_e4m3fn,flydsl,677,0,5.9228,flydsl_bpreshuflle_16x64x512_F8_F8_B16_1x2x4x2_default,118.97,1944.68,0.0
gfx950,256,32,7168,1792,torch.float8_e4m3fn,flydsl,505,0,6.8166,flydsl_bpreshuflle_32x64x256_F8_F8_B16_0x2x0x2_default,120.6,1960.09,0.0
gfx950,256,32,7168,4224,torch.float8_e4m3fn,flydsl,624,3,11.1259,flydsl_bpreshuflle_32x64x128_F8_F8_B16_1x2x0x2_default_ks3,174.17,2774.75,0.0
gfx950,256,48,7168,1024,torch.float8_e4m3fn,flydsl,1221,0,5.3427,flydsl_bpreshuflle_16x128x512_F8_F8_B16_0x0x4x1_default,131.89,1511.84,0.0
gfx950,256,48,7168,1792,torch.float8_e4m3fn,ck,16,0,7.7143,a8w8_bpreshuffle_256x16x128x256_16x16_16x16_16x16x1_16x16x1_1x16x1x16_8x8x1_1x2_intrawave_v1,159.85,1765.45,0.0
gfx950,256,64,7168,768,torch.float8_e4m3fn,flydsl,969,0,4.4907,flydsl_bpreshuflle_32x64x256_F8_F8_B16_0x4x0x2_default,156.91,1441.13,0.0
gfx950,256,64,7168,1024,torch.float8_e4m3fn,flydsl,506,0,4.9732,flydsl_bpreshuflle_32x64x512_F8_F8_B16_0x2x0x2_default,188.92,1673.58,0.0
gfx950,256,64,7168,1536,torch.float8_e4m3fn,flydsl,802,0,5.8575,flydsl_bpreshuflle_32x64x512_F8_F8_B16_0x3x4x2_default,240.6,2053.07,0.0
gfx950,256,64,7168,1792,torch.float8_e4m3fn,flydsl,9,0,6.9433,flydsl_bpreshuflle_32x64x256_F8_F8_B16_0x0x0x2_default,236.8,1998.65,0.0
gfx950,256,64,7168,4224,torch.float8_e4m3fn,ck,76,0,19.4931,a8w8_bpreshuffle_256x32x64x128_16x16_16x16_8x32x1_8x32x1_1x32x1x8_8x8x1_2x1_intrawave_v1,198.82,1614.19,0.0
gfx950,256,128,7168,768,torch.float8_e4m3fn,flydsl,518,0,5.1348,flydsl_bpreshuflle_64x64x256_F8_F8_B16_0x2x0x2_default,274.46,1448.61,0.0
gfx950,256,128,7168,1024,torch.float8_e4m3fn,flydsl,982,0,5.7807,flydsl_bpreshuflle_64x64x256_F8_F8_B16_0x4x0x2_default,325.06,1609.86,0.0
gfx950,256,128,7168,1536,torch.float8_e4m3fn,flydsl,1129,0,6.9744,flydsl_bpreshuflle_64x64x256_F8_F8_B16_1x4x4x2_default,404.13,1869.93,0.0
gfx950,256,128,7168,1792,torch.float8_e4m3fn,flydsl,456,0,7.4518,flydsl_bpreshuflle_64x64x256_F8_F8_B16_1x1x4x2_default,441.28,2000.78,0.0
gfx950,256,128,7168,4224,torch.float8_e4m3fn,flydsl,442,0,19.9121,flydsl_bpreshuflle_32x64x128_F8_F8_B16_1x1x4x2_default,389.26,1639.87,0.0
gfx950,256,256,7168,768,torch.float8_e4m3fn,flydsl,294,0,6.5333,flydsl_bpreshuflle_128x64x256_F8_F8_B16_0x1x0x2_default,431.42,1434.44,0.0
gfx950,256,256,7168,1024,torch.float8_e4m3fn,flydsl,894,0,7.3967,flydsl_bpreshuflle_128x64x256_F8_F8_B16_1x3x0x2_default,508.08,1523.95,0.0
gfx950,256,256,7168,1536,torch.float8_e4m3fn,flydsl,480,0,9.1112,flydsl_bpreshuflle_128x64x256_F8_F8_B16_1x1x4x2_default,618.7,1654.37,0.0
gfx950,256,256,7168,1792,torch.float8_e4m3fn,flydsl,210,0,9.2353,flydsl_bpreshuflle_64x128x256_F8_F8_B16_1x0x4x2_default,712.12,1837.93,0.0
gfx950,256,256,7168,4224,torch.float8_e4m3fn,ck,77,0,22.5152,a8w8_bpreshuffle_256x64x64x128_16x16_16x16_8x32x1_8x32x1_1x32x1x8_8x8x1_2x1_intrawave_v3,688.52,1555.79,0.0
gfx950,256,512,7168,768,torch.float8_e4m3fn,flydsl,296,0,8.6416,flydsl_bpreshuflle_128x128x256_F8_F8_B16_0x1x0x2_default,652.33,1531.92,0.0
gfx950,256,512,7168,1024,torch.float8_e4m3fn,flydsl,952,0,9.7889,flydsl_bpreshuflle_128x128x256_F8_F8_B16_1x3x4x2_default,767.83,1553.22,0.0
gfx950,256,512,7168,1536,torch.float8_e4m3fn,flydsl,234,0,12.1092,flydsl_bpreshuflle_128x128x256_F8_F8_B16_1x0x4x2_default,931.05,1580.33,0.0
gfx950,256,512,7168,1792,torch.float8_e4m3fn,flydsl,482,0,13.1921,flydsl_bpreshuflle_128x128x256_F8_F8_B16_1x1x4x2_default,997.06,1599.64,0.0
gfx950,256,512,7168,4224,torch.float8_e4m3fn,ck,0,0,27.7061,a8w8_bpreshuffle_256x128x128x128_16x16_16x16_8x32x1_8x32x1_1x32x1x8_8x8x1_2x1_intrawave_v3,1119.04,1435.8,0.0
gfx950,256,1024,7168,768,torch.float8_e4m3fn,flydsl,295,0,12.6068,flydsl_bpreshuflle_128x128x128_F8_F8_B16_0x1x0x2_default,894.3,1663.51,0.0
gfx950,256,1024,7168,1024,torch.float8_e4m3fn,flydsl,723,0,14.2733,flydsl_bpreshuflle_128x128x128_F8_F8_B16_1x2x4x2_default,1053.18,1616.21,0.0
gfx950,256,1024,7168,1536,torch.float8_e4m3fn,flydsl,482,0,17.6544,flydsl_bpreshuflle_128x128x256_F8_F8_B16_1x1x4x2_default,1277.22,1544.26,0.0
gfx950,256,1024,7168,1792,torch.float8_e4m3fn,flydsl,724,0,19.6428,flydsl_bpreshuflle_128x128x256_F8_F8_B16_1x2x4x2_default,1339.25,1494.7,0.0
gfx950,256,1024,7168,4224,torch.float8_e4m3fn,flydsl,723,0,38.0669,flydsl_bpreshuflle_128x128x128_F8_F8_B16_1x2x4x2_default,1628.94,1294.64,0.0
gfx950,256,1088,7168,768,torch.float8_e4m3fn,flydsl,461,0,12.9688,flydsl_bpreshuflle_64x256x128_F8_F8_B16_1x1x4x2_default,923.67,1691.61,0.0
gfx950,256,1088,7168,1024,torch.float8_e4m3fn,flydsl,703,0,14.9188,flydsl_bpreshuflle_64x256x128_F8_F8_B16_1x2x4x2_default,1070.59,1612.17,0.0
gfx950,256,1088,7168,1536,torch.float8_e4m3fn,flydsl,703,0,19.4924,flydsl_bpreshuflle_64x256x128_F8_F8_B16_1x2x4x2_default,1229.09,1450.76,0.0
gfx950,256,1088,7168,1792,torch.float8_e4m3fn,flydsl,1494,0,21.0498,flydsl_bpreshuflle_64x256x256_F8_F8_B16_0x1x4x1_default,1327.84,1443.83,0.0
gfx950,256,1088,7168,4224,torch.float8_e4m3fn,flydsl,1000003,0,36.698,flydsl_bpreshuffle_8w_128x256x128_F8_F8_B16_2x0,1795.31,1375.3,0.0
gfx950,256,1152,7168,768,torch.float8_e4m3fn,flydsl,1880,0,13.1762,flydsl_bpreshuflle_128x128x256_F8_F8_B16_1x2x4x1_default,962.61,1738.35,0.0
gfx950,256,1152,7168,1024,torch.float8_e4m3fn,flydsl,723,0,14.6456,flydsl_bpreshuflle_128x128x128_F8_F8_B16_1x2x4x2_default,1154.71,1709.37,0.0
gfx950,256,1152,7168,1536,torch.float8_e4m3fn,flydsl,952,0,18.5842,flydsl_bpreshuflle_128x128x256_F8_F8_B16_1x3x4x2_default,1364.98,1576.32,0.0
gfx950,256,1152,7168,1792,torch.float8_e4m3fn,flydsl,481,0,20.4228,flydsl_bpreshuflle_128x128x128_F8_F8_B16_1x1x4x2_default,1449.12,1538.7,0.0
gfx950,256,1152,7168,4224,torch.float8_e4m3fn,flydsl,1000003,0,39.2358,flydsl_bpreshuffle_8w_128x256x128_F8_F8_B16_2x0,1777.96,1316.62,0.0
gfx950,256,1216,7168,768,torch.float8_e4m3fn,flydsl,210,0,15.4362,flydsl_bpreshuflle_64x128x256_F8_F8_B16_1x0x4x2_default,867.33,1546.46,0.0
gfx950,256,1216,7168,1024,torch.float8_e4m3fn,flydsl,1614,0,17.1525,flydsl_bpreshuflle_64x128x256_F8_F8_B16_1x1x4x1_default,1040.72,1516.85,0.0
gfx950,256,1216,7168,1536,torch.float8_e4m3fn,flydsl,458,0,23.0475,flydsl_bpreshuflle_64x128x256_F8_F8_B16_1x1x4x2_default,1161.79,1315.13,0.0
gfx950,256,1216,7168,1792,torch.float8_e4m3fn,flydsl,700,0,26.5745,flydsl_bpreshuflle_64x128x256_F8_F8_B16_1x2x4x2_default,1175.53,1221.35,0.0
gfx950,256,1216,7168,4224,torch.float8_e4m3fn,ck,58,0,46.7595,a8w8_bpreshuffle_256x160x128x128_16x16_16x16_8x32x1_8x32x1_1x32x1x8_8x8x1_2x1_intrawave_v3,1574.76,1130.18,0.0
gfx950,256,1280,7168,768,torch.float8_e4m3fn,flydsl,1250,0,14.9959,flydsl_bpreshuflle_80x256x256_F8_F8_B16_0x0x4x1_default,939.78,1656.33,0.0
gfx950,256,1280,7168,1024,torch.float8_e4m3fn,flydsl,1744,0,16.6633,flydsl_bpreshuflle_80x256x256_F8_F8_B16_0x2x4x1_default,1127.66,1620.38,0.0
gfx950,256,1280,7168,1536,torch.float8_e4m3fn,flydsl,1498,0,21.5116,flydsl_bpreshuflle_80x256x256_F8_F8_B16_0x1x4x1_default,1310.26,1456.25,0.0
gfx950,256,1280,7168,1792,torch.float8_e4m3fn,flydsl,1498,0,24.3002,flydsl_bpreshuflle_80x256x256_F8_F8_B16_0x1x4x1_default,1353.21,1378.13,0.0
gfx950,256,1280,7168,4224,torch.float8_e4m3fn,ck,156,0,45.092,a8w8_bpreshuffle_256x160x256x128_16x16_16x16_8x32x1_8x32x1_1x16x1x16_8x8x1_1x2_intrawave_v3,1718.95,1198.32,0.0
gfx950,256,1344,7168,768,torch.float8_e4m3fn,flydsl,730,0,15.108,flydsl_bpreshuflle_192x128x128_F8_F8_B16_1x2x4x2_default,979.45,1708.02,0.0
gfx950,256,1344,7168,1024,torch.float8_e4m3fn,flydsl,1147,0,17.0426,flydsl_bpreshuflle_112x128x256_F8_F8_B16_1x4x4x2_default,1157.69,1642.0,0.0
gfx950,256,1344,7168,1536,torch.float8_e4m3fn,flydsl,488,0,21.8287,flydsl_bpreshuflle_192x128x128_F8_F8_B16_1x1x4x2_default,1355.78,1481.63,0.0
gfx950,256,1344,7168,1792,torch.float8_e4m3fn,flydsl,240,0,23.9573,flydsl_bpreshuflle_192x128x128_F8_F8_B16_1x0x4x2_default,1441.21,1440.94,0.0
gfx950,256,1344,7168,4224,torch.float8_e4m3fn,ck,158,0,48.8216,a8w8_bpreshuffle_256x192x256x128_16x16_16x16_8x32x1_8x32x1_1x16x1x16_8x8x1_1x2_intrawave_v3,1667.01,1131.1,0.0
gfx950,256,1408,7168,768,torch.float8_e4m3fn,flydsl,233,0,15.3767,flydsl_bpreshuflle_128x128x128_F8_F8_B16_1x0x4x2_default,1008.16,1741.04,0.0
gfx950,256,1408,7168,1024,torch.float8_e4m3fn,flydsl,233,0,17.1814,flydsl_bpreshuflle_128x128x128_F8_F8_B16_1x0x4x2_default,1203.02,1685.95,0.0
gfx950,256,1408,7168,1536,torch.float8_e4m3fn,flydsl,1759,0,23.2544,flydsl_bpreshuflle_128x128x128_F8_F8_B16_0x2x4x1_default,1333.27,1434.47,0.0
gfx950,256,1408,7168,1792,torch.float8_e4m3fn,flydsl,233,0,25.7687,flydsl_bpreshuflle_128x128x128_F8_F8_B16_1x0x4x2_default,1403.71,1379.71,0.0
gfx950,256,1408,7168,4224,torch.float8_e4m3fn,flydsl,1000032,0,50.5736,flydsl_bpreshuffle_8w_256x256x128_F8_F8_B16_3x8,1685.9,1115.41,0.0
gfx950,256,1472,7168,768,torch.float8_e4m3fn,flydsl,1366,0,16.6846,flydsl_bpreshuflle_64x128x256_F8_F8_B16_1x0x4x1_default,971.36,1662.5,0.0
gfx950,256,1472,7168,1024,torch.float8_e4m3fn,flydsl,1739,0,19.5654,flydsl_bpreshuflle_64x256x128_F8_F8_B16_0x2x4x1_default,1104.45,1530.76,0.0
gfx950,256,1472,7168,1536,torch.float8_e4m3fn,flydsl,1000032,0,26.3059,flydsl_bpreshuffle_8w_256x256x128_F8_F8_B16_3x8,1232.18,1306.69,0.0
gfx950,256,1472,7168,1792,torch.float8_e4m3fn,flydsl,1000030,0,28.5287,flydsl_bpreshuffle_8w_256x256x128_F8_F8_B16_3x0,1325.54,1282.41,0.0
gfx950,256,1472,7168,4224,torch.float8_e4m3fn,flydsl,1000032,0,50.4058,flydsl_bpreshuffle_8w_256x256x128_F8_F8_B16_3x8,1768.39,1142.69,0.0
gfx950,256,1536,7168,768,torch.float8_e4m3fn,flydsl,225,0,15.6443,flydsl_bpreshuflle_96x256x128_F8_F8_B16_1x0x4x2_default,1081.0,1834.84,0.0
gfx950,256,1536,7168,1024,torch.float8_e4m3fn,flydsl,715,0,17.4182,flydsl_bpreshuflle_96x256x128_F8_F8_B16_1x2x4x2_default,1294.54,1775.9,0.0
gfx950,256,1536,7168,1536,torch.float8_e4m3fn,flydsl,730,0,23.1504,flydsl_bpreshuflle_192x128x128_F8_F8_B16_1x2x4x2_default,1461.01,1528.68,0.0
gfx950,256,1536,7168,1792,torch.float8_e4m3fn,flydsl,1505,0,25.3009,flydsl_bpreshuflle_96x256x128_F8_F8_B16_0x1x4x1_default,1559.63,1486.81,0.0
gfx950,256,1536,7168,4224,torch.float8_e4m3fn,ck,158,0,51.442,a8w8_bpreshuffle_256x192x256x128_16x16_16x16_8x32x1_8x32x1_1x16x1x16_8x8x1_1x2_intrawave_v3,1808.11,1142.76,0.0
gfx950,256,1600,7168,768,torch.float8_e4m3fn,flydsl,1862,0,16.8953,flydsl_bpreshuflle_80x128x256_F8_F8_B16_1x2x4x1_default,1042.66,1756.19,0.0
gfx950,256,1600,7168,1024,torch.float8_e4m3fn,flydsl,1739,0,20.2905,flydsl_bpreshuflle_64x256x128_F8_F8_B16_0x2x4x1_default,1157.59,1572.95,0.0
gfx950,256,1600,7168,1536,torch.float8_e4m3fn,flydsl,1000027,0,26.85,flydsl_bpreshuffle_8w_256x256x128_F8_F8_B16_2x0,1312.18,1355.88,0.0
gfx950,256,1600,7168,1792,torch.float8_e4m3fn,flydsl,1000030,0,28.9163,flydsl_bpreshuffle_8w_256x256x128_F8_F8_B16_3x0,1421.49,1336.61,0.0
gfx950,256,1600,7168,4224,torch.float8_e4m3fn,flydsl,1000030,0,51.92,flydsl_bpreshuffle_8w_256x256x128_F8_F8_B16_3x0,1866.11,1155.12,0.0
gfx950,256,1664,7168,768,torch.float8_e4m3fn,flydsl,1265,0,16.1621,flydsl_bpreshuflle_128x128x128_F8_F8_B16_0x0x4x1_default,1133.56,1895.67,0.0
gfx950,256,1664,7168,1024,torch.float8_e4m3fn,flydsl,233,0,18.5806,flydsl_bpreshuflle_128x128x128_F8_F8_B16_1x0x4x2_default,1314.68,1770.61,0.0
gfx950,256,1664,7168,1536,torch.float8_e4m3fn,flydsl,1759,0,24.1568,flydsl_bpreshuflle_128x128x128_F8_F8_B16_0x2x4x1_default,1516.82,1549.09,0.0
gfx950,256,1664,7168,1792,torch.float8_e4m3fn,flydsl,1759,0,27.5645,flydsl_bpreshuflle_128x128x128_F8_F8_B16_0x2x4x1_default,1550.85,1439.61,0.0
gfx950,256,1664,7168,4224,torch.float8_e4m3fn,flydsl,1000024,0,52.894,flydsl_bpreshuffle_8w_256x256x128_F8_F8_B16_1x0,1905.02,1156.3,0.0
gfx950,256,1728,7168,768,torch.float8_e4m3fn,flydsl,349,0,16.5071,flydsl_bpreshuflle_96x256x128_F8_F8_B16_0x1x4x2_default,1152.56,1914.61,0.0
gfx950,256,1728,7168,1024,torch.float8_e4m3fn,flydsl,1257,0,18.996,flydsl_bpreshuflle_96x256x128_F8_F8_B16_0x0x4x1_default,1335.39,1783.64,0.0
gfx950,256,1728,7168,1536,torch.float8_e4m3fn,flydsl,240,0,24.6923,flydsl_bpreshuflle_192x128x128_F8_F8_B16_1x0x4x2_default,1541.0,1556.63,0.0
gfx950,256,1728,7168,1792,torch.float8_e4m3fn,flydsl,488,0,26.9826,flydsl_bpreshuflle_192x128x128_F8_F8_B16_1x1x4x2_default,1645.23,1508.91,0.0
gfx950,256,1728,7168,4224,torch.float8_e4m3fn,flydsl,1000028,0,53.5004,flydsl_bpreshuffle_8w_256x256x128_F8_F8_B16_2x4,1955.86,1165.4,0.0
gfx950,256,1792,7168,768,torch.float8_e4m3fn,flydsl,732,0,17.1221,flydsl_bpreshuflle_224x128x128_F8_F8_B16_1x2x4x2_default,1152.31,1902.3,0.0
gfx950,256,1792,7168,1024,torch.float8_e4m3fn,flydsl,958,0,20.7157,flydsl_bpreshuflle_224x128x128_F8_F8_B16_1x3x4x2_default,1269.89,1683.03,0.0
gfx950,256,1792,7168,1536,torch.float8_e4m3fn,flydsl,958,0,26.0289,flydsl_bpreshuflle_224x128x128_F8_F8_B16_1x3x4x2_default,1516.01,1515.73,0.0
gfx950,256,1792,7168,1792,torch.float8_e4m3fn,flydsl,732,0,28.4513,flydsl_bpreshuflle_224x128x128_F8_F8_B16_1x2x4x2_default,1618.09,1467.29,0.0
gfx950,256,1792,7168,4224,torch.float8_e4m3fn,flydsl,1000035,0,54.2097,flydsl_bpreshuffle_8w_256x256x128_F8_F8_B16_4x8,2001.76,1172.06,0.0
gfx950,256,1856,7168,768,torch.float8_e4m3fn,flydsl,1856,0,19.5071,flydsl_bpreshuflle_64x128x256_F8_F8_B16_1x2x4x1_default,1047.55,1719.27,0.0
gfx950,256,1856,7168,1024,torch.float8_e4m3fn,flydsl,1000027,0,22.0964,flydsl_bpreshuffle_8w_256x256x128_F8_F8_B16_2x0,1233.06,1622.35,0.0
gfx950,256,1856,7168,1536,torch.float8_e4m3fn,flydsl,1000024,0,27.6259,flydsl_bpreshuffle_8w_256x256x128_F8_F8_B16_1x0,1479.38,1464.87,0.0
gfx950,256,1856,7168,1792,torch.float8_e4m3fn,flydsl,1000024,0,30.2107,flydsl_bpreshuffle_8w_256x256x128_F8_F8_B16_1x0,1578.28,1416.01,0.0
gfx950,256,1856,7168,4224,torch.float8_e4m3fn,flydsl,1000033,0,55.2084,flydsl_bpreshuffle_8w_256x256x128_F8_F8_B16_4x0,2035.75,1172.38,0.0
gfx950,256,1920,7168,768,torch.float8_e4m3fn,flydsl,1207,0,19.2342,flydsl_bpreshuflle_128x256x128_F8_F8_B16_0x0x0x1_default,1099.05,1793.92,0.0
gfx950,256,1920,7168,1024,torch.float8_e4m3fn,flydsl,469,0,22.049,flydsl_bpreshuflle_96x128x128_F8_F8_B16_1x1x4x2_default,1278.32,1670.43,0.0
gfx950,256,1920,7168,1536,torch.float8_e4m3fn,flydsl,1000030,0,27.4827,flydsl_bpreshuffle_8w_256x256x128_F8_F8_B16_3x0,1538.37,1509.47,0.0
gfx950,256,1920,7168,1792,torch.float8_e4m3fn,flydsl,1000029,0,29.9008,flydsl_bpreshuffle_8w_256x256x128_F8_F8_B16_2x8,1649.62,1465.21,0.0
gfx950,256,1920,7168,4224,torch.float8_e4m3fn,flydsl,1000025,0,56.2785,flydsl_bpreshuffle_8w_256x256x128_F8_F8_B16_1x4,2065.91,1171.19,0.0
gfx950,256,1984,7168,768,torch.float8_e4m3fn,flydsl,1000030,0,19.953,flydsl_bpreshuffle_8w_256x256x128_F8_F8_B16_3x0,1094.77,1777.75,0.0
gfx950,256,1984,7168,1024,torch.float8_e4m3fn,flydsl,1000024,0,22.4078,flydsl_bpreshuffle_8w_256x256x128_F8_F8_B16_1x0,1299.78,1687.55,0.0
gfx950,256,1984,7168,1536,torch.float8_e4m3fn,flydsl,1000035,0,27.8202,flydsl_bpreshuffle_8w_256x256x128_F8_F8_B16_4x8,1570.37,1527.67,0.0
gfx950,256,1984,7168,1792,torch.float8_e4m3fn,flydsl,1000029,0,29.9928,flydsl_bpreshuffle_8w_256x256x128_F8_F8_B16_2x8,1699.38,1495.13,0.0
gfx950,256,1984,7168,4224,torch.float8_e4m3fn,flydsl,1000034,0,55.9116,flydsl_bpreshuffle_8w_256x256x128_F8_F8_B16_4x4,2148.78,1200.12,0.0
gfx950,256,2048,7168,768,torch.float8_e4m3fn,flydsl,1517,0,19.1596,flydsl_bpreshuflle_128x256x128_F8_F8_B16_0x1x4x1_default,1176.88,1901.82,0.0
gfx950,256,2048,7168,1024,torch.float8_e4m3fn,flydsl,493,0,22.5395,flydsl_bpreshuflle_256x128x128_F8_F8_B16_1x1x4x2_default,1333.87,1721.3,0.0
gfx950,256,2048,7168,1536,torch.float8_e4m3fn,flydsl,493,0,28.9133,flydsl_bpreshuflle_256x128x128_F8_F8_B16_1x1x4x2_default,1559.74,1505.05,0.0
gfx950,256,2048,7168,1792,torch.float8_e4m3fn,flydsl,1000031,0,30.5344,flydsl_bpreshuffle_8w_256x256x128_F8_F8_B16_3x4,1723.08,1502.41,0.0
gfx950,256,2048,7168,4224,torch.float8_e4m3fn,flydsl,1763,0,63.2452,flydsl_bpreshuflle_128x256x128_F8_F8_B16_0x2x4x1_default,1960.89,1079.74,0.0
gfx950,256,2112,7168,768,torch.float8_e4m3fn,flydsl,1143,0,20.1467,flydsl_bpreshuflle_96x128x256_F8_F8_B16_1x4x4x2_default,1154.2,1856.62,0.0
gfx950,256,2112,7168,1024,torch.float8_e4m3fn,flydsl,1000024,0,22.9642,flydsl_bpreshuffle_8w_256x256x128_F8_F8_B16_1x0,1350.11,1732.28,0.0
gfx950,256,2112,7168,1536,torch.float8_e4m3fn,flydsl,1000027,0,28.3674,flydsl_bpreshuffle_8w_256x256x128_F8_F8_B16_2x0,1639.43,1569.82,0.0
gfx950,256,2112,7168,1792,torch.float8_e4m3fn,flydsl,1000033,0,30.5181,flydsl_bpreshuffle_8w_256x256x128_F8_F8_B16_4x0,1777.88,1537.04,0.0
gfx950,256,2112,7168,4224,torch.float8_e4m3fn,flydsl,1000027,0,58.5301,flydsl_bpreshuffle_8w_256x256x128_F8_F8_B16_2x0,2185.08,1187.02,0.0
gfx950,256,2176,7168,768,torch.float8_e4m3fn,flydsl,1207,0,19.6767,flydsl_bpreshuflle_128x256x128_F8_F8_B16_0x0x0x1_default,1217.58,1950.09,0.0
gfx950,256,2176,7168,1024,torch.float8_e4m3fn,flydsl,1763,0,22.8421,flydsl_bpreshuflle_128x256x128_F8_F8_B16_0x2x4x1_default,1398.46,1784.57,0.0
gfx950,256,2176,7168,1536,torch.float8_e4m3fn,flydsl,1000026,0,28.9048,flydsl_bpreshuffle_8w_256x256x128_F8_F8_B16_1x8,1657.71,1575.78,0.0
gfx950,256,2176,7168,1792,torch.float8_e4m3fn,flydsl,1000026,0,31.5675,flydsl_bpreshuffle_8w_256x256x128_F8_F8_B16_1x8,1770.86,1518.64,0.0
gfx950,256,2176,7168,4224,torch.float8_e4m3fn,flydsl,1000032,0,58.0937,flydsl_bpreshuffle_8w_256x256x128_F8_F8_B16_3x8,2268.2,1216.38,0.0
gfx950,256,2240,7168,768,torch.float8_e4m3fn,flydsl,1000024,0,20.504,flydsl_bpreshuffle_8w_256x256x128_F8_F8_B16_1x0,1202.81,1918.55,0.0
gfx950,256,2240,7168,1024,torch.float8_e4m3fn,flydsl,1000033,0,23.3752,flydsl_bpreshuffle_8w_256x256x128_F8_F8_B16_4x0,1406.76,1785.93,0.0
gfx950,256,2240,7168,1536,torch.float8_e4m3fn,flydsl,1000033,0,29.065,flydsl_bpreshuffle_8w_256x256x128_F8_F8_B16_4x0,1697.06,1602.04,0.0
gfx950,256,2240,7168,1792,torch.float8_e4m3fn,flydsl,1000035,0,31.8686,flydsl_bpreshuffle_8w_256x256x128_F8_F8_B16_4x8,1805.72,1536.68,0.0
gfx950,256,2240,7168,4224,torch.float8_e4m3fn,flydsl,1000033,0,58.3993,flydsl_bpreshuffle_8w_256x256x128_F8_F8_B16_4x0,2322.7,1230.36,0.0
gfx950,256,2304,7168,768,torch.float8_e4m3fn,flydsl,723,0,20.4019,flydsl_bpreshuflle_128x128x128_F8_F8_B16_1x2x4x2_default,1243.37,1975.53,0.0
gfx950,256,2304,7168,1024,torch.float8_e4m3fn,flydsl,1000030,0,23.3139,flydsl_bpreshuffle_8w_256x256x128_F8_F8_B16_3x0,1450.76,1832.79,0.0
gfx950,256,2304,7168,1536,torch.float8_e4m3fn,flydsl,1000024,0,28.9692,flydsl_bpreshuffle_8w_256x256x128_F8_F8_B16_1x0,1751.32,1642.4,0.0
gfx950,256,2304,7168,1792,torch.float8_e4m3fn,flydsl,1000030,0,31.681,flydsl_bpreshuffle_8w_256x256x128_F8_F8_B16_3x0,1868.31,1578.36,0.0
gfx950,256,2304,7168,4224,torch.float8_e4m3fn,flydsl,1000033,0,60.5906,flydsl_bpreshuffle_8w_256x256x128_F8_F8_B16_4x0,2302.66,1205.47,0.0
gfx950,256,2368,7168,768,torch.float8_e4m3fn,flydsl,1242,0,23.8916,flydsl_bpreshuflle_64x128x256_F8_F8_B16_0x0x4x1_default,1091.25,1727.44,0.0
gfx950,256,2368,7168,1024,torch.float8_e4m3fn,flydsl,1614,0,28.9385,flydsl_bpreshuflle_64x128x256_F8_F8_B16_1x1x4x1_default,1201.25,1510.53,0.0
gfx950,256,2368,7168,1536,torch.float8_e4m3fn,flydsl,1972,0,41.1427,flydsl_bpreshuflle_64x128x256_F8_F8_B16_0x3x4x1_default,1267.38,1181.13,0.0
gfx950,256,2368,7168,1792,torch.float8_e4m3fn,flydsl,928,0,46.5848,flydsl_bpreshuflle_64x128x256_F8_F8_B16_1x3x4x2_default,1305.88,1095.55,0.0
gfx950,256,2368,7168,4224,torch.float8_e4m3fn,ck,143,0,83.5192,a8w8_bpreshuffle_256x192x128x128_16x16_16x16_8x32x1_8x32x1_1x16x1x16_8x8x1_1x2_intrawave_v3,1716.91,888.75,0.0
gfx950,256,2432,7168,768,torch.float8_e4m3fn,flydsl,481,0,22.6101,flydsl_bpreshuflle_128x128x128_F8_F8_B16_1x1x4x2_default,1184.27,1868.1,0.0
gfx950,256,2432,7168,1024,torch.float8_e4m3fn,flydsl,481,0,27.3475,flydsl_bpreshuflle_128x128x128_F8_F8_B16_1x1x4x2_default,1305.49,1634.36,0.0
gfx950,256,2432,7168,1536,torch.float8_e4m3fn,flydsl,952,0,37.1565,flydsl_bpreshuflle_128x128x256_F8_F8_B16_1x3x4x2_default,1441.28,1335.18,0.0
gfx950,256,2432,7168,1792,torch.float8_e4m3fn,flydsl,233,0,44.1243,flydsl_bpreshuflle_128x128x128_F8_F8_B16_1x0x4x2_default,1415.96,1180.04,0.0
gfx950,256,2432,7168,4224,torch.float8_e4m3fn,ck,143,0,83.306,a8w8_bpreshuffle_256x192x128x128_16x16_16x16_8x32x1_8x32x1_1x16x1x16_8x8x1_1x2_intrawave_v3,1767.82,905.28,0.0
gfx950,256,2496,7168,768,torch.float8_e4m3fn,flydsl,225,0,22.5589,flydsl_bpreshuflle_96x256x128_F8_F8_B16_1x0x4x2_default,1218.19,1915.19,0.0
gfx950,256,2496,7168,1024,torch.float8_e4m3fn,flydsl,488,0,25.5816,flydsl_bpreshuflle_192x128x128_F8_F8_B16_1x1x4x2_default,1432.34,1785.6,0.0
gfx950,256,2496,7168,1536,torch.float8_e4m3fn,flydsl,473,0,35.0194,flydsl_bpreshuflle_96x256x128_F8_F8_B16_1x1x4x2_default,1569.48,1445.67,0.0
gfx950,256,2496,7168,1792,torch.float8_e4m3fn,flydsl,473,0,37.1116,flydsl_bpreshuflle_96x256x128_F8_F8_B16_1x1x4x2_default,1727.83,1430.83,0.0
gfx950,256,2496,7168,4224,torch.float8_e4m3fn,flydsl,101,0,80.006,flydsl_bpreshuflle_96x256x128_F8_F8_B16_0x0x4x2_default,1889.18,957.47,0.0
gfx950,256,2560,7168,768,torch.float8_e4m3fn,flydsl,723,0,22.8617,flydsl_bpreshuflle_128x128x128_F8_F8_B16_1x2x4x2_default,1232.88,1932.11,0.0
gfx950,256,2560,7168,1024,torch.float8_e4m3fn,flydsl,723,0,26.9927,flydsl_bpreshuflle_128x128x128_F8_F8_B16_1x2x4x2_default,1392.26,1728.68,0.0
gfx950,256,2560,7168,1536,torch.float8_e4m3fn,flydsl,951,0,35.4086,flydsl_bpreshuflle_128x128x128_F8_F8_B16_1x3x4x2_default,1592.03,1458.47,0.0
gfx950,256,2560,7168,1792,torch.float8_e4m3fn,flydsl,233,0,42.7651,flydsl_bpreshuflle_128x128x128_F8_F8_B16_1x0x4x2_default,1537.86,1265.82,0.0
gfx950,256,2560,7168,4224,torch.float8_e4m3fn,flydsl,727,0,85.794,flydsl_bpreshuflle_128x256x128_F8_F8_B16_1x2x4x2_default,1806.9,906.72,0.0
gfx950,256,2624,7168,768,torch.float8_e4m3fn,flydsl,703,0,25.6584,flydsl_bpreshuflle_64x256x128_F8_F8_B16_1x2x4x2_default,1125.96,1759.19,0.0
gfx950,256,2624,7168,1024,torch.float8_e4m3fn,flydsl,1739,0,31.8858,flydsl_bpreshuflle_64x256x128_F8_F8_B16_0x2x4x1_default,1208.08,1494.23,0.0
gfx950,256,2624,7168,1536,torch.float8_e4m3fn,flydsl,458,0,43.8935,flydsl_bpreshuflle_64x128x256_F8_F8_B16_1x1x4x2_default,1316.38,1199.68,0.0
gfx950,256,2624,7168,1792,torch.float8_e4m3fn,flydsl,1000031,0,49.7384,flydsl_bpreshuffle_8w_256x256x128_F8_F8_B16_3x4,1355.31,1109.1,0.0
gfx950,256,2624,7168,4224,torch.float8_e4m3fn,flydsl,1000035,0,91.2644,flydsl_bpreshuffle_8w_256x256x128_F8_F8_B16_4x8,1741.06,865.39,0.0
gfx950,256,2688,7168,768,torch.float8_e4m3fn,flydsl,711,0,24.3465,flydsl_bpreshuflle_96x128x128_F8_F8_B16_1x2x4x2_default,1215.58,1893.68,0.0
gfx950,256,2688,7168,1024,torch.float8_e4m3fn,flydsl,490,0,28.9146,flydsl_bpreshuflle_224x128x128_F8_F8_B16_1x1x4x2_default,1364.71,1681.77,0.0
gfx950,256,2688,7168,1536,torch.float8_e4m3fn,flydsl,481,0,39.1883,flydsl_bpreshuflle_128x128x128_F8_F8_B16_1x1x4x2_default,1510.4,1369.64,0.0
gfx950,256,2688,7168,1792,torch.float8_e4m3fn,flydsl,242,0,42.5907,flydsl_bpreshuflle_224x128x128_F8_F8_B16_1x0x4x2_default,1621.36,1319.47,0.0
gfx950,256,2688,7168,4224,torch.float8_e4m3fn,flydsl,242,0,87.4761,flydsl_bpreshuflle_224x128x128_F8_F8_B16_1x0x4x2_default,1860.77,916.44,0.0
gfx950,256,2752,7168,768,torch.float8_e4m3fn,flydsl,461,0,26.2219,flydsl_bpreshuflle_64x256x128_F8_F8_B16_1x1x4x2_default,1155.51,1795.11,0.0
gfx950,256,2752,7168,1024,torch.float8_e4m3fn,flydsl,1739,0,33.0902,flydsl_bpreshuflle_64x256x128_F8_F8_B16_0x2x4x1_default,1220.89,1499.26,0.0
gfx950,256,2752,7168,1536,torch.float8_e4m3fn,flydsl,1000031,0,45.9319,flydsl_bpreshuffle_8w_256x256x128_F8_F8_B16_3x4,1319.33,1190.67,0.0
gfx950,256,2752,7168,1792,torch.float8_e4m3fn,flydsl,1000035,0,49.612,flydsl_bpreshuffle_8w_256x256x128_F8_F8_B16_4x8,1425.04,1153.54,0.0
gfx950,256,2752,7168,4224,torch.float8_e4m3fn,flydsl,1000028,0,92.9169,flydsl_bpreshuffle_8w_256x256x128_F8_F8_B16_2x4,1793.52,875.56,0.0
gfx950,256,2816,7168,768,torch.float8_e4m3fn,flydsl,461,0,25.6069,flydsl_bpreshuflle_64x256x128_F8_F8_B16_1x1x4x2_default,1210.78,1875.97,0.0
gfx950,256,2816,7168,1024,torch.float8_e4m3fn,flydsl,481,0,30.1702,flydsl_bpreshuflle_128x128x128_F8_F8_B16_1x1x4x2_default,1370.2,1676.95,0.0
gfx950,256,2816,7168,1536,torch.float8_e4m3fn,flydsl,233,0,38.0336,flydsl_bpreshuflle_128x128x128_F8_F8_B16_1x0x4x2_default,1630.36,1464.64,0.0
gfx950,256,2816,7168,1792,torch.float8_e4m3fn,flydsl,727,0,45.5347,flydsl_bpreshuflle_128x256x128_F8_F8_B16_1x2x4x2_default,1588.75,1279.5,0.0
gfx950,256,2816,7168,4224,torch.float8_e4m3fn,flydsl,727,0,91.2971,flydsl_bpreshuflle_128x256x128_F8_F8_B16_1x2x4x2_default,1867.79,904.11,0.0
gfx950,256,2880,7168,768,torch.float8_e4m3fn,flydsl,1498,0,25.5754,flydsl_bpreshuflle_80x256x256_F8_F8_B16_0x1x4x1_default,1239.82,1916.08,0.0
gfx950,256,2880,7168,1024,torch.float8_e4m3fn,flydsl,225,0,31.1006,flydsl_bpreshuflle_96x256x128_F8_F8_B16_1x0x4x2_default,1359.41,1658.39,0.0
gfx950,256,2880,7168,1536,torch.float8_e4m3fn,flydsl,1751,0,41.3861,flydsl_bpreshuflle_96x256x128_F8_F8_B16_0x2x4x1_default,1532.35,1370.54,0.0
gfx950,256,2880,7168,1792,torch.float8_e4m3fn,flydsl,473,0,47.8732,flydsl_bpreshuflle_96x256x128_F8_F8_B16_1x1x4x2_default,1545.49,1238.56,0.0
gfx950,256,2880,7168,4224,torch.float8_e4m3fn,ck,156,0,88.7837,a8w8_bpreshuffle_256x160x256x128_16x16_16x16_8x32x1_8x32x1_1x16x1x16_8x8x1_1x2_intrawave_v3,1964.32,943.08,0.0
gfx950,256,2944,7168,768,torch.float8_e4m3fn,flydsl,723,0,26.2751,flydsl_bpreshuflle_128x128x128_F8_F8_B16_1x2x4x2_default,1233.62,1901.85,0.0
gfx950,256,2944,7168,1024,torch.float8_e4m3fn,flydsl,723,0,31.9518,flydsl_bpreshuflle_128x128x128_F8_F8_B16_1x2x4x2_default,1352.6,1644.97,0.0
gfx950,256,2944,7168,1536,torch.float8_e4m3fn,flydsl,233,0,44.6847,flydsl_bpreshuflle_128x128x128_F8_F8_B16_1x0x4x2_default,1450.77,1292.1,0.0
gfx950,256,2944,7168,1792,torch.float8_e4m3fn,flydsl,727,0,50.9208,flydsl_bpreshuflle_128x256x128_F8_F8_B16_1x2x4x2_default,1485.28,1184.7,0.0
gfx950,256,2944,7168,4224,torch.float8_e4m3fn,flydsl,1000032,0,93.3357,flydsl_bpreshuffle_8w_256x256x128_F8_F8_B16_3x8,1910.04,909.82,0.0
gfx950,256,3008,7168,768,torch.float8_e4m3fn,flydsl,1856,0,29.4082,flydsl_bpreshuflle_64x128x256_F8_F8_B16_1x2x4x1_default,1126.16,1732.1,0.0
gfx950,256,3008,7168,1024,torch.float8_e4m3fn,flydsl,816,0,35.0547,flydsl_bpreshuflle_64x128x256_F8_F8_B16_0x3x4x2_default,1259.68,1527.41,0.0
gfx950,256,3008,7168,1536,torch.float8_e4m3fn,flydsl,1000029,0,46.8886,flydsl_bpreshuffle_8w_256x256x128_F8_F8_B16_2x8,1412.63,1253.03,0.0
gfx950,256,3008,7168,1792,torch.float8_e4m3fn,flydsl,1000025,0,51.2772,flydsl_bpreshuffle_8w_256x256x128_F8_F8_B16_1x4,1507.02,1196.6,0.0
gfx950,256,3008,7168,4224,torch.float8_e4m3fn,flydsl,1000028,0,94.345,flydsl_bpreshuffle_8w_256x256x128_F8_F8_B16_2x4,1930.68,912.67,0.0
gfx950,256,3072,7168,768,torch.float8_e4m3fn,flydsl,233,0,26.4533,flydsl_bpreshuflle_128x128x128_F8_F8_B16_1x0x4x2_default,1278.59,1962.12,0.0
gfx950,256,3072,7168,1024,torch.float8_e4m3fn,flydsl,225,0,31.5594,flydsl_bpreshuflle_96x256x128_F8_F8_B16_1x0x4x2_default,1428.96,1727.72,0.0
gfx950,256,3072,7168,1536,torch.float8_e4m3fn,flydsl,473,0,42.7499,flydsl_bpreshuflle_96x256x128_F8_F8_B16_1x1x4x2_default,1582.36,1398.1,0.0
gfx950,256,3072,7168,1792,torch.float8_e4m3fn,flydsl,225,0,48.7668,flydsl_bpreshuflle_96x256x128_F8_F8_B16_1x0x4x2_default,1618.31,1279.36,0.0
gfx950,256,3072,7168,4224,torch.float8_e4m3fn,flydsl,607,0,93.0289,flydsl_bpreshuflle_128x256x128_F8_F8_B16_0x2x4x2_default,1999.66,938.35,0.0
gfx950,256,3136,7168,768,torch.float8_e4m3fn,flydsl,104,0,28.541,flydsl_bpreshuflle_112x128x256_F8_F8_B16_0x0x4x2_default,1209.75,1852.46,0.0
gfx950,256,3136,7168,1024,torch.float8_e4m3fn,flydsl,228,0,34.561,flydsl_bpreshuflle_112x128x256_F8_F8_B16_1x0x4x2_default,1332.04,1606.12,0.0
gfx950,256,3136,7168,1536,torch.float8_e4m3fn,flydsl,946,0,47.3196,flydsl_bpreshuflle_112x128x256_F8_F8_B16_1x3x4x2_default,1459.33,1284.56,0.0
gfx950,256,3136,7168,1792,torch.float8_e4m3fn,flydsl,1816,0,53.37,flydsl_bpreshuflle_112x256x256_F8_F8_B16_1x2x0x1_default,1509.54,1188.35,0.0
gfx950,256,3136,7168,4224,torch.float8_e4m3fn,flydsl,1000029,0,96.1862,flydsl_bpreshuffle_8w_256x256x128_F8_F8_B16_2x8,1974.31,919.9,0.0
gfx950,256,3200,7168,768,torch.float8_e4m3fn,flydsl,1389,0,28.4237,flydsl_bpreshuflle_128x128x128_F8_F8_B16_1x0x4x1_default,1239.53,1894.12,0.0
gfx950,256,3200,7168,1024,torch.float8_e4m3fn,flydsl,723,0,34.3542,flydsl_bpreshuflle_128x128x128_F8_F8_B16_1x2x4x2_default,1367.41,1644.4,0.0
gfx950,256,3200,7168,1536,torch.float8_e4m3fn,flydsl,233,0,46.8748,flydsl_bpreshuflle_128x128x128_F8_F8_B16_1x0x4x2_default,1503.24,1318.42,0.0
gfx950,256,3200,7168,1792,torch.float8_e4m3fn,flydsl,481,0,51.644,flydsl_bpreshuflle_128x128x128_F8_F8_B16_1x1x4x2_default,1591.83,1248.06,0.0
gfx950,256,3200,7168,4224,torch.float8_e4m3fn,flydsl,1000031,0,97.9742,flydsl_bpreshuffle_8w_256x256x128_F8_F8_B16_3x4,1977.84,915.24,0.0
gfx950,256,3264,7168,768,torch.float8_e4m3fn,flydsl,225,0,27.5361,flydsl_bpreshuflle_96x256x128_F8_F8_B16_1x0x4x2_default,1305.08,1990.28,0.0
gfx950,256,3264,7168,1024,torch.float8_e4m3fn,flydsl,1751,0,33.2043,flydsl_bpreshuflle_96x256x128_F8_F8_B16_0x2x4x1_default,1443.06,1730.95,0.0
gfx950,256,3264,7168,1536,torch.float8_e4m3fn,flydsl,715,0,46.0131,flydsl_bpreshuflle_96x256x128_F8_F8_B16_1x2x4x2_default,1562.02,1365.18,0.0
gfx950,256,3264,7168,1792,torch.float8_e4m3fn,flydsl,225,0,51.1228,flydsl_bpreshuflle_96x256x128_F8_F8_B16_1x0x4x2_default,1640.22,1280.97,0.0
gfx950,256,3264,7168,4224,torch.float8_e4m3fn,flydsl,1000031,0,97.3718,flydsl_bpreshuffle_8w_256x256x128_F8_F8_B16_3x4,2029.87,933.1,0.0
gfx950,256,3328,7168,768,torch.float8_e4m3fn,flydsl,245,0,29.3292,flydsl_bpreshuflle_256x128x128_F8_F8_B16_1x0x4x2_default,1249.32,1901.56,0.0
gfx950,256,3328,7168,1024,torch.float8_e4m3fn,flydsl,951,0,34.0497,flydsl_bpreshuflle_128x128x128_F8_F8_B16_1x3x4x2_default,1434.82,1716.85,0.0
gfx950,256,3328,7168,1536,torch.float8_e4m3fn,flydsl,245,0,46.5792,flydsl_bpreshuflle_256x128x128_F8_F8_B16_1x0x4x2_default,1573.3,1370.4,0.0
gfx950,256,3328,7168,1792,torch.float8_e4m3fn,flydsl,727,0,50.8272,flydsl_bpreshuflle_128x256x128_F8_F8_B16_1x2x4x2_default,1682.11,1308.73,0.0
gfx950,256,3328,7168,4224,torch.float8_e4m3fn,flydsl,727,0,97.2214,flydsl_bpreshuflle_128x256x128_F8_F8_B16_1x2x4x2_default,2072.88,946.76,0.0
gfx950,256,3392,7168,768,torch.float8_e4m3fn,flydsl,213,0,30.6471,flydsl_bpreshuflle_64x256x128_F8_F8_B16_1x0x4x2_default,1218.58,1851.33,0.0
gfx950,256,3392,7168,1024,torch.float8_e4m3fn,flydsl,1975,0,37.1562,flydsl_bpreshuflle_64x256x128_F8_F8_B16_0x3x4x1_default,1340.15,1599.76,0.0
gfx950,256,3392,7168,1536,torch.float8_e4m3fn,flydsl,1000032,0,49.986,flydsl_bpreshuffle_8w_256x256x128_F8_F8_B16_3x8,1494.26,1297.32,0.0
gfx950,256,3392,7168,1792,torch.float8_e4m3fn,flydsl,1000025,0,54.5693,flydsl_bpreshuffle_8w_256x256x128_F8_F8_B16_1x4,1596.88,1237.9,0.0
gfx950,256,3392,7168,4224,torch.float8_e4m3fn,flydsl,1000028,0,100.1018,flydsl_bpreshuffle_8w_256x256x128_F8_F8_B16_2x4,2051.95,931.38,0.0
gfx950,256,3456,7168,768,torch.float8_e4m3fn,flydsl,715,0,28.0081,flydsl_bpreshuflle_96x256x128_F8_F8_B16_1x2x4x2_default,1358.56,2060.28,0.0
gfx950,256,3456,7168,1024,torch.float8_e4m3fn,flydsl,715,0,34.1966,flydsl_bpreshuflle_96x256x128_F8_F8_B16_1x2x4x2_default,1483.61,1766.96,0.0
gfx950,256,3456,7168,1536,torch.float8_e4m3fn,flydsl,1751,0,46.3264,flydsl_bpreshuflle_96x256x128_F8_F8_B16_0x2x4x1_default,1642.72,1421.73,0.0
gfx950,256,3456,7168,1792,torch.float8_e4m3fn,flydsl,225,0,52.3136,flydsl_bpreshuflle_96x256x128_F8_F8_B16_1x0x4x2_default,1697.17,1311.01,0.0
gfx950,256,3456,7168,4224,torch.float8_e4m3fn,flydsl,1000029,0,100.3567,flydsl_bpreshuffle_8w_256x256x128_F8_F8_B16_2x8,2085.35,940.85,0.0
gfx950,256,3520,7168,768,torch.float8_e4m3fn,flydsl,1744,0,31.3314,flydsl_bpreshuflle_80x256x256_F8_F8_B16_0x2x4x1_default,1236.95,1872.6,0.0
gfx950,256,3520,7168,1024,torch.float8_e4m3fn,flydsl,1744,0,37.4759,flydsl_bpreshuflle_80x256x256_F8_F8_B16_0x2x4x1_default,1378.85,1638.58,0.0
gfx950,256,3520,7168,1536,torch.float8_e4m3fn,flydsl,1000031,0,49.5402,flydsl_bpreshuffle_8w_256x256x128_F8_F8_B16_3x4,1564.6,1350.0,0.0
gfx950,256,3520,7168,1792,torch.float8_e4m3fn,flydsl,1000034,0,55.0477,flydsl_bpreshuffle_8w_256x256x128_F8_F8_B16_4x4,1642.74,1264.64,0.0
gfx950,256,3520,7168,4224,torch.float8_e4m3fn,flydsl,1000029,0,100.9222,flydsl_bpreshuffle_8w_256x256x128_F8_F8_B16_2x8,2112.07,947.35,0.0
gfx950,256,3584,7168,768,torch.float8_e4m3fn,flydsl,242,0,31.3577,flydsl_bpreshuflle_224x128x128_F8_F8_B16_1x0x4x2_default,1258.38,1901.85,0.0
gfx950,256,3584,7168,1024,torch.float8_e4m3fn,flydsl,958,0,35.3161,flydsl_bpreshuflle_224x128x128_F8_F8_B16_1x3x4x2_default,1489.78,1766.62,0.0
gfx950,256,3584,7168,1536,torch.float8_e4m3fn,flydsl,1000034,0,50.1952,flydsl_bpreshuffle_8w_256x256x128_F8_F8_B16_4x4,1572.26,1352.63,0.0
gfx950,256,3584,7168,1792,torch.float8_e4m3fn,flydsl,1000025,0,55.3065,flydsl_bpreshuffle_8w_256x256x128_F8_F8_B16_1x4,1664.78,1277.39,0.0
gfx950,256,3584,7168,4224,torch.float8_e4m3fn,flydsl,1000025,0,102.2939,flydsl_bpreshuffle_8w_256x256x128_F8_F8_B16_1x4,2121.63,946.26,0.0
gfx950,256,3648,7168,768,torch.float8_e4m3fn,flydsl,473,0,31.8334,flydsl_bpreshuflle_96x256x128_F8_F8_B16_1x1x4x2_default,1261.71,1903.8,0.0
gfx950,256,3648,7168,1024,torch.float8_e4m3fn,flydsl,715,0,36.6,flydsl_bpreshuflle_96x256x128_F8_F8_B16_1x2x4x2_default,1463.19,1731.51,0.0
gfx950,256,3648,7168,1536,torch.float8_e4m3fn,flydsl,715,0,51.348,flydsl_bpreshuflle_96x256x128_F8_F8_B16_1x2x4x2_default,1564.41,1342.04,0.0
gfx950,256,3648,7168,1792,torch.float8_e4m3fn,flydsl,1000032,0,56.9913,flydsl_bpreshuffle_8w_256x256x128_F8_F8_B16_3x8,1644.42,1257.74,0.0
gfx950,256,3648,7168,4224,torch.float8_e4m3fn,flydsl,1000032,0,102.231,flydsl_bpreshuffle_8w_256x256x128_F8_F8_B16_3x8,2160.85,958.46,0.0
gfx950,256,3712,7168,768,torch.float8_e4m3fn,flydsl,233,0,32.0326,flydsl_bpreshuflle_128x128x128_F8_F8_B16_1x0x4x2_default,1275.87,1922.14,0.0
gfx950,256,3712,7168,1024,torch.float8_e4m3fn,flydsl,723,0,36.8795,flydsl_bpreshuflle_128x128x128_F8_F8_B16_1x2x4x2_default,1477.58,1745.04,0.0
gfx950,256,3712,7168,1536,torch.float8_e4m3fn,flydsl,481,0,51.8572,flydsl_bpreshuflle_128x128x128_F8_F8_B16_1x1x4x2_default,1576.22,1348.45,0.0
gfx950,256,3712,7168,1792,torch.float8_e4m3fn,flydsl,1000029,0,57.7941,flydsl_bpreshuffle_8w_256x256x128_F8_F8_B16_2x8,1650.02,1258.12,0.0
gfx950,256,3712,7168,4224,torch.float8_e4m3fn,flydsl,1000035,0,105.1811,flydsl_bpreshuffle_8w_256x256x128_F8_F8_B16_4x8,2137.09,942.87,0.0
gfx950,256,3776,7168,768,torch.float8_e4m3fn,flydsl,213,0,34.1501,flydsl_bpreshuflle_64x256x128_F8_F8_B16_1x0x4x2_default,1217.39,1831.26,0.0
gfx950,256,3776,7168,1024,torch.float8_e4m3fn,flydsl,1000025,0,42.4469,flydsl_bpreshuffle_8w_256x256x128_F8_F8_B16_1x4,1305.91,1539.32,0.0
gfx950,256,3776,7168,1536,torch.float8_e4m3fn,flydsl,1000028,0,54.1049,flydsl_bpreshuffle_8w_256x256x128_F8_F8_B16_2x4,1536.79,1311.21,0.0
gfx950,256,3776,7168,1792,torch.float8_e4m3fn,flydsl,1000028,0,57.9241,flydsl_bpreshuffle_8w_256x256x128_F8_F8_B16_2x4,1674.71,1273.12,0.0
gfx950,256,3776,7168,4224,torch.float8_e4m3fn,flydsl,1000035,0,105.0435,flydsl_bpreshuffle_8w_256x256x128_F8_F8_B16_4x8,2176.78,955.42,0.0
gfx950,256,3840,7168,768,torch.float8_e4m3fn,flydsl,715,0,31.6637,flydsl_bpreshuflle_96x256x128_F8_F8_B16_1x2x4x2_default,1335.24,2005.59,0.0
gfx950,256,3840,7168,1024,torch.float8_e4m3fn,flydsl,473,0,38.7696,flydsl_bpreshuflle_96x256x128_F8_F8_B16_1x1x4x2_default,1454.01,1710.68,0.0
gfx950,256,3840,7168,1536,torch.float8_e4m3fn,flydsl,1513,0,51.5616,flydsl_bpreshuflle_128x128x128_F8_F8_B16_0x1x4x1_default,1639.93,1395.58,0.0
gfx950,256,3840,7168,1792,torch.float8_e4m3fn,flydsl,1000025,0,58.5729,flydsl_bpreshuffle_8w_256x256x128_F8_F8_B16_1x4,1684.23,1276.64,0.0
gfx950,256,3840,7168,4224,torch.float8_e4m3fn,flydsl,1000032,0,104.7422,flydsl_bpreshuffle_8w_256x256x128_F8_F8_B16_3x8,2220.04,969.5,0.0
gfx950,256,3904,7168,768,torch.float8_e4m3fn,flydsl,461,0,34.6046,flydsl_bpreshuflle_64x256x128_F8_F8_B16_1x1x4x2_default,1242.12,1863.08,0.0
gfx950,256,3904,7168,1024,torch.float8_e4m3fn,flydsl,1000035,0,43.7147,flydsl_bpreshuffle_8w_256x256x128_F8_F8_B16_4x8,1311.02,1539.65,0.0
gfx950,256,3904,7168,1536,torch.float8_e4m3fn,flydsl,1000029,0,54.0365,flydsl_bpreshuffle_8w_256x256x128_F8_F8_B16_2x8,1590.9,1350.46,0.0
gfx950,256,3904,7168,1792,torch.float8_e4m3fn,flydsl,1000029,0,58.5373,flydsl_bpreshuffle_8w_256x256x128_F8_F8_B16_2x8,1713.34,1295.05,0.0
gfx950,256,3904,7168,4224,torch.float8_e4m3fn,flydsl,1000025,0,106.4569,flydsl_bpreshuffle_8w_256x256x128_F8_F8_B16_1x4,2220.69,965.05,0.0
gfx950,256,3968,7168,768,torch.float8_e4m3fn,flydsl,723,0,34.1162,flydsl_bpreshuflle_128x128x128_F8_F8_B16_1x2x4x2_default,1280.56,1918.08,0.0
gfx950,256,3968,7168,1024,torch.float8_e4m3fn,flydsl,233,0,41.3563,flydsl_bpreshuflle_128x128x128_F8_F8_B16_1x0x4x2_default,1408.5,1651.22,0.0
gfx950,256,3968,7168,1536,torch.float8_e4m3fn,flydsl,1000029,0,53.8749,flydsl_bpreshuffle_8w_256x256x128_F8_F8_B16_2x8,1621.83,1373.37,0.0
gfx950,256,3968,7168,1792,torch.float8_e4m3fn,flydsl,1000028,0,58.3593,flydsl_bpreshuffle_8w_256x256x128_F8_F8_B16_2x4,1746.74,1316.69,0.0
gfx950,256,3968,7168,4224,torch.float8_e4m3fn,flydsl,1000032,0,105.5823,flydsl_bpreshuffle_8w_256x256x128_F8_F8_B16_3x8,2275.79,984.29,0.0
gfx950,256,4032,7168,768,torch.float8_e4m3fn,flydsl,473,0,32.7818,flydsl_bpreshuflle_96x256x128_F8_F8_B16_1x1x4x2_default,1354.18,2025.65,0.0
gfx950,256,4032,7168,1024,torch.float8_e4m3fn,flydsl,225,0,40.3423,flydsl_bpreshuflle_96x256x128_F8_F8_B16_1x0x4x2_default,1467.19,1717.09,0.0
gfx950,256,4032,7168,1536,torch.float8_e4m3fn,flydsl,1000029,0,54.2153,flydsl_bpreshuffle_8w_256x256x128_F8_F8_B16_2x8,1637.64,1383.48,0.0
gfx950,256,4032,7168,1792,torch.float8_e4m3fn,flydsl,1000034,0,59.9177,flydsl_bpreshuffle_8w_256x256x128_F8_F8_B16_4x4,1728.75,1299.67,0.0
gfx950,256,4032,7168,4224,torch.float8_e4m3fn,flydsl,1000034,0,107.0543,flydsl_bpreshuffle_8w_256x256x128_F8_F8_B16_4x4,2280.7,981.85,0.0
gfx950,256,4096,7168,768,torch.float8_e4m3fn,flydsl,1763,0,34.7715,flydsl_bpreshuflle_128x256x128_F8_F8_B16_0x2x4x1_default,1296.96,1937.54,0.0
gfx950,256,4096,7168,1024,torch.float8_e4m3fn,flydsl,245,0,41.0887,flydsl_bpreshuflle_256x128x128_F8_F8_B16_1x0x4x2_default,1463.41,1709.83,0.0
gfx950,256,4096,7168,1536,torch.float8_e4m3fn,flydsl,1269,0,55.2031,flydsl_bpreshuflle_128x256x128_F8_F8_B16_0x0x4x1_default,1633.86,1377.13,0.0
gfx950,256,4096,7168,1792,torch.float8_e4m3fn,flydsl,1000034,0,60.7073,flydsl_bpreshuffle_8w_256x256x128_F8_F8_B16_4x4,1733.35,1299.77,0.0
gfx950,256,4096,7168,4224,torch.float8_e4m3fn,flydsl,1393,0,119.2375,flydsl_bpreshuflle_128x256x128_F8_F8_B16_1x0x4x1_default,2080.17,891.49,0.0
gfx950,256,8192,7168,768,torch.float8_e4m3fn,flydsl,1883,0,62.6456,flydsl_bpreshuflle_128x256x128_F8_F8_B16_1x2x4x1_default,1439.75,2062.99,0.0
gfx950,256,8192,7168,1024,torch.float8_e4m3fn,flydsl,735,0,74.8183,flydsl_bpreshuflle_256x128x128_F8_F8_B16_1x2x4x2_default,1607.35,1779.9,0.0
gfx950,256,8192,7168,1536,torch.float8_e4m3fn,flydsl,727,0,98.4723,flydsl_bpreshuflle_128x256x128_F8_F8_B16_1x2x4x2_default,1831.87,1432.21,0.0
gfx950,256,8192,7168,1792,torch.float8_e4m3fn,flydsl,727,0,110.3423,flydsl_bpreshuflle_128x256x128_F8_F8_B16_1x2x4x2_default,1907.28,1313.78,0.0
gfx950,256,8192,7168,4224,torch.float8_e4m3fn,flydsl,607,0,204.8646,flydsl_bpreshuflle_128x256x128_F8_F8_B16_0x2x4x2_default,2421.45,889.96,0.0
gfx950,256,16384,7168,768,torch.float8_e4m3fn,flydsl,1517,0,113.666,flydsl_bpreshuflle_128x256x128_F8_F8_B16_0x1x4x1_default,1587.01,2225.55,0.0
gfx950,256,16384,7168,1024,torch.float8_e4m3fn,flydsl,1883,0,135.3198,flydsl_bpreshuflle_128x256x128_F8_F8_B16_1x2x4x1_default,1777.41,1913.97,0.0
gfx950,256,16384,7168,1536,torch.float8_e4m3fn,flydsl,1641,0,180.6441,flydsl_bpreshuflle_128x256x128_F8_F8_B16_1x1x4x1_default,1997.17,1500.5,0.0
gfx950,256,16384,7168,1792,torch.float8_e4m3fn,flydsl,1000025,0,200.5727,flydsl_bpreshuffle_8w_256x256x128_F8_F8_B16_1x4,2098.52,1381.48,0.0
gfx950,256,16384,7168,4224,torch.float8_e4m3fn,flydsl,607,0,398.2907,flydsl_bpreshuflle_128x256x128_F8_F8_B16_0x2x4x2_default,2490.99,839.5,0.0
gfx950,256,32768,7168,768,torch.float8_e4m3fn,flydsl,1883,0,219.3054,flydsl_bpreshuflle_128x256x128_F8_F8_B16_1x2x4x1_default,1645.09,2281.9,0.0
gfx950,256,32768,7168,1024,torch.float8_e4m3fn,flydsl,1763,0,261.5419,flydsl_bpreshuflle_128x256x128_F8_F8_B16_0x2x4x1_default,1839.23,1952.48,0.0
gfx950,256,32768,7168,1536,torch.float8_e4m3fn,flydsl,1393,0,345.8884,flydsl_bpreshuflle_128x256x128_F8_F8_B16_1x0x4x1_default,2086.09,1535.48,0.0
gfx950,256,32768,7168,1792,torch.float8_e4m3fn,flydsl,1000028,0,386.6458,flydsl_bpreshuffle_8w_256x256x128_F8_F8_B16_2x4,2177.22,1400.06,0.0
gfx950,256,32768,7168,4224,torch.float8_e4m3fn,flydsl,607,0,792.805,flydsl_bpreshuflle_128x256x128_F8_F8_B16_0x2x4x2_default,2502.85,805.31,0.0
gfx950,256,1,8448,7168,torch.float8_e4m3fn,flydsl,961,0,12.7982,flydsl_bpreshuflle_16x64x512_F8_F8_B16_0x4x0x2_default,9.46,4733.43,0.0
gfx950,256,2,8448,7168,torch.float8_e4m3fn,flydsl,497,0,13.5444,flydsl_bpreshuflle_16x64x512_F8_F8_B16_0x2x0x2_default,17.88,4474.42,0.0
gfx950,256,4,8448,7168,torch.float8_e4m3fn,flydsl,1,0,13.541,flydsl_bpreshuflle_16x64x512_F8_F8_B16_0x0x0x2_default,35.78,4479.1,0.0
gfx950,256,8,8448,7168,torch.float8_e4m3fn,flydsl,1,0,13.2129,flydsl_bpreshuflle_16x64x512_F8_F8_B16_0x0x0x2_default,73.33,4597.61,0.0
gfx950,256,16,8448,7168,torch.float8_e4m3fn,flydsl,1,0,13.324,flydsl_bpreshuflle_16x64x512_F8_F8_B16_0x0x0x2_default,145.43,4573.72,0.0
gfx950,256,32,8448,7168,torch.float8_e4m3fn,flydsl,10,0,15.3828,flydsl_bpreshuflle_32x64x512_F8_F8_B16_0x0x0x2_default,251.94,3986.62,0.0
gfx950,256,64,8448,7168,torch.float8_e4m3fn,flydsl,1228,0,18.7312,flydsl_bpreshuflle_32x64x512_F8_F8_B16_0x0x4x1_default,413.81,3315.08,0.0
gfx950,256,128,8448,7168,torch.float8_e4m3fn,flydsl,1240,0,24.2685,flydsl_bpreshuflle_64x64x256_F8_F8_B16_0x0x4x1_default,638.78,2622.14,0.0
gfx950,256,256,8448,7168,torch.float8_e4m3fn,flydsl,88,0,33.9665,flydsl_bpreshuflle_64x192x256_F8_F8_B16_0x0x4x2_default,912.79,1964.16,0.0
gfx950,256,512,8448,7168,torch.float8_e4m3fn,flydsl,954,0,48.1186,flydsl_bpreshuflle_128x192x256_F8_F8_B16_1x3x4x2_default,1288.66,1514.51,0.0
gfx950,256,1024,8448,7168,torch.float8_e4m3fn,cktile,89,0,73.6841,a8w8_bpreshuffle_cktile_0x0x8x4x1x0x0x0x0x1_224x192x128_1x4x1_16x16x128_default,1683.09,1156.24,0.0
gfx950,256,1088,8448,7168,torch.float8_e4m3fn,flydsl,1000029,0,75.9837,flydsl_bpreshuffle_8w_256x256x128_F8_F8_B16_2x8,1734.16,1141.52,0.0
gfx950,256,1152,8448,7168,torch.float8_e4m3fn,ck,158,0,74.6451,a8w8_bpreshuffle_256x192x256x128_16x16_16x16_8x32x1_8x32x1_1x16x1x16_8x8x1_1x2_intrawave_v3,1869.1,1182.62,0.0
gfx950,256,1216,8448,7168,torch.float8_e4m3fn,flydsl,1000031,0,77.5167,flydsl_bpreshuffle_8w_256x256x128_F8_F8_B16_3x4,1899.85,1158.68,0.0
gfx950,256,1280,8448,7168,torch.float8_e4m3fn,flydsl,1000029,0,79.2796,flydsl_bpreshuffle_8w_256x256x128_F8_F8_B16_2x8,1955.38,1152.34,0.0
gfx950,256,1344,8448,7168,torch.float8_e4m3fn,ck,158,0,76.8255,a8w8_bpreshuffle_256x192x256x128_16x16_16x16_8x32x1_8x32x1_1x16x1x16_8x8x1_1x2_intrawave_v3,2118.73,1209.2,0.0
gfx950,256,1408,8448,7168,torch.float8_e4m3fn,flydsl,1000029,0,81.7924,flydsl_bpreshuffle_8w_256x256x128_F8_F8_B16_2x8,2084.83,1154.6,0.0
gfx950,256,1472,8448,7168,torch.float8_e4m3fn,flydsl,1000026,0,82.172,flydsl_bpreshuffle_8w_256x256x128_F8_F8_B16_1x8,2169.53,1168.01,0.0
gfx950,256,1536,8448,7168,torch.float8_e4m3fn,flydsl,1000031,0,82.476,flydsl_bpreshuffle_8w_256x256x128_F8_F8_B16_3x4,2255.51,1182.38,0.0
gfx950,256,1600,8448,7168,torch.float8_e4m3fn,flydsl,1000029,0,86.1901,flydsl_bpreshuffle_8w_256x256x128_F8_F8_B16_2x8,2248.25,1149.29,0.0
gfx950,256,1664,8448,7168,torch.float8_e4m3fn,flydsl,1000031,0,87.2493,flydsl_bpreshuffle_8w_256x256x128_F8_F8_B16_3x4,2309.79,1152.99,0.0
gfx950,256,1728,8448,7168,torch.float8_e4m3fn,flydsl,1000031,0,87.8527,flydsl_bpreshuffle_8w_256x256x128_F8_F8_B16_3x4,2382.16,1162.6,0.0
gfx950,256,1792,8448,7168,torch.float8_e4m3fn,flydsl,1000025,0,88.6793,flydsl_bpreshuffle_8w_256x256x128_F8_F8_B16_1x4,2447.36,1169.13,0.0
gfx950,256,1856,8448,7168,torch.float8_e4m3fn,flydsl,1000023,0,97.6249,flydsl_bpreshuffle_8w_128x512x128_F8_F8_B16_4x8,2302.5,1077.78,0.0
gfx950,256,1920,8448,7168,torch.float8_e4m3fn,flydsl,1000020,0,98.8522,flydsl_bpreshuffle_8w_128x512x128_F8_F8_B16_3x8,2352.32,1079.98,0.0
gfx950,256,1984,8448,7168,torch.float8_e4m3fn,cktile,55,0,128.9958,a8w8_bpreshuffle_cktile_0x0x8x4x1x0x0x0x0x2_128x192x128_1x4x1_16x16x128_default,1862.72,839.55,0.0
gfx950,256,2048,8448,7168,torch.float8_e4m3fn,flydsl,483,0,120.3638,flydsl_bpreshuflle_128x192x128_F8_F8_B16_1x1x4x2_default,2060.71,912.55,0.0
gfx950,256,2112,8448,7168,torch.float8_e4m3fn,ck,49,0,123.1684,a8w8_bpreshuffle_256x192x192x128_16x16_16x16_8x32x1_8x32x1_1x32x1x8_8x8x1_2x1_intrawave_v3,2076.71,904.28,0.0
gfx950,256,2176,8448,7168,torch.float8_e4m3fn,flydsl,235,0,128.3627,flydsl_bpreshuflle_128x192x128_F8_F8_B16_1x0x4x2_default,2053.06,879.68,0.0
gfx950,256,2240,8448,7168,torch.float8_e4m3fn,ck,54,0,127.2435,a8w8_bpreshuffle_256x160x256x128_16x16_16x16_8x32x1_8x32x1_1x32x1x8_8x8x1_2x1_intrawave_v3,2132.03,899.52,0.0
gfx950,256,2304,8448,7168,torch.float8_e4m3fn,ck,158,0,132.057,a8w8_bpreshuffle_256x192x256x128_16x16_16x16_8x32x1_8x32x1_1x16x1x16_8x8x1_1x2_intrawave_v3,2113.02,878.4,0.0
gfx950,256,2368,8448,7168,torch.float8_e4m3fn,flydsl,1000007,0,140.8642,flydsl_bpreshuffle_8w_128x256x128_F8_F8_B16_3x4,2035.93,834.41,0.0002
gfx950,256,2432,8448,7168,torch.float8_e4m3fn,flydsl,1000034,0,141.7875,flydsl_bpreshuffle_8w_256x256x128_F8_F8_B16_4x4,2077.34,839.84,0.0
gfx950,256,2496,8448,7168,torch.float8_e4m3fn,ck,158,0,138.9655,a8w8_bpreshuffle_256x192x256x128_16x16_16x16_8x32x1_8x32x1_1x16x1x16_8x8x1_1x2_intrawave_v3,2175.3,867.98,0.0
gfx950,256,2560,8448,7168,torch.float8_e4m3fn,flydsl,238,0,139.7047,flydsl_bpreshuflle_160x192x128_F8_F8_B16_1x0x4x2_default,2219.27,874.41,0.0
gfx950,256,2624,8448,7168,torch.float8_e4m3fn,flydsl,1000031,0,149.0052,flydsl_bpreshuffle_8w_256x256x128_F8_F8_B16_3x4,2132.77,830.17,0.0
gfx950,256,2688,8448,7168,torch.float8_e4m3fn,ck,158,0,143.7386,a8w8_bpreshuffle_256x192x256x128_16x16_16x16_8x32x1_8x32x1_1x16x1x16_8x8x1_1x2_intrawave_v3,2264.84,871.3,0.0
gfx950,256,2752,8448,7168,torch.float8_e4m3fn,flydsl,1000026,0,148.6104,flydsl_bpreshuffle_8w_256x256x128_F8_F8_B16_1x8,2242.75,853.1,0.0
gfx950,256,2816,8448,7168,torch.float8_e4m3fn,flydsl,1000035,0,149.5195,flydsl_bpreshuffle_8w_256x256x128_F8_F8_B16_4x8,2280.95,858.21,0.0
gfx950,256,2880,8448,7168,torch.float8_e4m3fn,ck,158,0,147.0656,a8w8_bpreshuffle_256x192x256x128_16x16_16x16_8x32x1_8x32x1_1x16x1x16_8x8x1_1x2_intrawave_v3,2371.72,883.0,0.0
gfx950,256,2944,8448,7168,torch.float8_e4m3fn,flydsl,1000025,0,153.8261,flydsl_bpreshuffle_8w_256x256x128_F8_F8_B16_1x4,2317.87,854.21,0.0
gfx950,256,3008,8448,7168,torch.float8_e4m3fn,flydsl,1000025,0,153.4569,flydsl_bpreshuffle_8w_256x256x128_F8_F8_B16_1x4,2373.96,866.3,0.0
gfx950,256,3072,8448,7168,torch.float8_e4m3fn,flydsl,1000028,0,156.9693,flydsl_bpreshuffle_8w_256x256x128_F8_F8_B16_2x4,2370.22,856.73,0.0
gfx950,256,3136,8448,7168,torch.float8_e4m3fn,flydsl,1000028,0,157.6843,flydsl_bpreshuffle_8w_256x256x128_F8_F8_B16_2x4,2408.63,862.61,0.0
gfx950,256,3200,8448,7168,torch.float8_e4m3fn,flydsl,1000029,0,159.1361,flydsl_bpreshuffle_8w_256x256x128_F8_F8_B16_2x8,2435.36,864.42,0.0
gfx950,256,3264,8448,7168,torch.float8_e4m3fn,flydsl,1000031,0,157.5983,flydsl_bpreshuffle_8w_256x256x128_F8_F8_B16_3x4,2508.31,882.62,0.0
gfx950,256,3328,8448,7168,torch.float8_e4m3fn,flydsl,1000025,0,161.2648,flydsl_bpreshuffle_8w_256x256x128_F8_F8_B16_1x4,2499.34,872.11,0.0
gfx950,256,3392,8448,7168,torch.float8_e4m3fn,flydsl,1000028,0,163.5808,flydsl_bpreshuffle_8w_256x256x128_F8_F8_B16_2x4,2511.34,869.18,0.0
gfx950,256,3456,8448,7168,torch.float8_e4m3fn,flydsl,1000032,0,163.3038,flydsl_bpreshuffle_8w_256x256x128_F8_F8_B16_3x8,2563.06,880.08,0.0
gfx950,256,3520,8448,7168,torch.float8_e4m3fn,flydsl,1000025,0,164.7884,flydsl_bpreshuffle_8w_256x256x128_F8_F8_B16_1x4,2587.01,881.5,0.0
gfx950,256,3584,8448,7168,torch.float8_e4m3fn,flydsl,1000035,0,162.894,flydsl_bpreshuffle_8w_256x256x128_F8_F8_B16_4x8,2664.68,901.2,0.0
gfx950,256,3648,8448,7168,torch.float8_e4m3fn,flydsl,1000028,0,170.4415,flydsl_bpreshuffle_8w_256x256x128_F8_F8_B16_2x4,2592.16,870.33,0.0
gfx950,256,3712,8448,7168,torch.float8_e4m3fn,flydsl,1000031,0,169.3607,flydsl_bpreshuffle_8w_256x256x128_F8_F8_B16_3x4,2654.47,884.98,0.0
gfx950,256,3776,8448,7168,torch.float8_e4m3fn,flydsl,1000026,0,172.0659,flydsl_bpreshuffle_8w_256x256x128_F8_F8_B16_1x8,2657.78,880.02,0.0
gfx950,256,3840,8448,7168,torch.float8_e4m3fn,flydsl,1000025,0,171.162,flydsl_bpreshuffle_8w_256x256x128_F8_F8_B16_1x4,2717.1,893.66,0.0
gfx950,256,3904,8448,7168,torch.float8_e4m3fn,flydsl,1000029,0,214.6744,flydsl_bpreshuffle_8w_256x256x128_F8_F8_B16_2x8,2202.48,719.7,0.0
gfx950,256,3968,8448,7168,torch.float8_e4m3fn,flydsl,1455,0,217.4552,flydsl_bpreshuflle_128x256x128_F8_F8_B16_0x1x0x1_default,2209.96,717.58,0.0
gfx950,256,4032,8448,7168,torch.float8_e4m3fn,ck,158,0,210.1268,a8w8_bpreshuffle_256x192x256x128_16x16_16x16_8x32x1_8x32x1_1x16x1x16_8x8x1_1x2_intrawave_v3,2323.92,749.93,0.0
gfx950,256,4096,8448,7168,torch.float8_e4m3fn,cktile,121,0,212.4013,a8w8_bpreshuffle_cktile_0x0x8x4x1x0x0x0x0x2_160x192x128_1x4x1_16x16x128_default,2335.53,749.15,0.0
gfx950,256,8192,8448,7168,torch.float8_e4m3fn,cktile,121,0,385.1704,a8w8_bpreshuffle_cktile_0x0x8x4x1x0x0x0x0x2_160x192x128_1x4x1_16x16x128_default,2575.84,669.02,0.0
gfx950,256,16384,8448,7168,torch.float8_e4m3fn,cktile,121,0,757.7854,a8w8_bpreshuffle_cktile_0x0x8x4x1x0x0x0x0x2_160x192x128_1x4x1_16x16x128_default,2618.52,600.2,0.0
gfx950,256,32768,8448,7168,torch.float8_e4m3fn,ck,33,0,1519.8343,a8w8_bpreshuffle_256x256x256x128_16x16_16x16_8x32x1_8x32x1_1x32x1x8_8x8x1_2x1_intrawave_v3,2611.17,558.67,0.0
