gfx,cu_num,M,N,K,libtype,kernelId,splitK,us,kernelName,tflops,bw,errRatio
gfx942,304,1,5120,6144,ck,5,2,9.3825,a8w8_blockscale_1x128x128_256x16x128x128_8x16_16x16_1x2_16x16x1_8x32x1_1x16x1x16_8_1x2_intrawave_v1,6.71,3354.49,0.0
gfx942,304,2,5120,6144,ck,8,3,14.1308,a8w8_blockscale_1x128x128_256x16x64x256_16x16_16x16_1x1_16x16x1_16x16x1_1x16x1x16_4_1x1_intrawave_v1,8.9,2228.47,0.0002
gfx942,304,4,5120,6144,ck,6,2,9.9877,a8w8_blockscale_1x128x128_256x16x64x128_8x16_16x16_1x1_16x16x1_8x32x1_1x16x1x16_4_1x1_intrawave_v1,25.2,3156.16,0.0
gfx942,304,8,5120,6144,ck,8,3,9.5907,a8w8_blockscale_1x128x128_256x16x64x256_16x16_16x16_1x1_16x16x1_16x16x1_1x16x1x16_4_1x1_intrawave_v1,52.48,3293.63,0.0
gfx942,304,16,5120,6144,ck,8,3,9.1889,a8w8_blockscale_1x128x128_256x16x64x256_16x16_16x16_1x1_16x16x1_16x16x1_1x16x1x16_4_1x1_intrawave_v1,109.55,3451.91,0.0
gfx942,304,24,5120,6144,ck,6,3,12.0349,a8w8_blockscale_1x128x128_256x16x64x128_8x16_16x16_1x1_16x16x1_8x32x1_1x16x1x16_4_1x1_intrawave_v1,125.46,2646.51,0.0
gfx942,304,32,5120,6144,ck,8,3,16.6673,a8w8_blockscale_1x128x128_256x16x64x256_16x16_16x16_1x1_16x16x1_16x16x1_1x16x1x16_4_1x1_intrawave_v1,120.79,1918.82,0.0002
gfx942,304,40,5120,6144,ck,5,2,14.6686,a8w8_blockscale_1x128x128_256x16x128x128_8x16_16x16_1x2_16x16x1_8x32x1_1x16x1x16_8_1x2_intrawave_v1,171.56,2189.2,0.0
gfx942,304,48,5120,6144,ck,8,3,15.5211,a8w8_blockscale_1x128x128_256x16x64x256_16x16_16x16_1x1_16x16x1_16x16x1_1x16x1x16_4_1x1_intrawave_v1,194.57,2077.41,0.0
gfx942,304,56,5120,6144,ck,2,2,18.5369,a8w8_blockscale_1x128x128_256x64x128x128_16x16_32x32_1x2_8x32x1_8x32x1_1x32x1x8_8_1x1_intrawave_v3,190.07,1746.51,0.0
gfx942,304,64,5120,6144,ck,18,1,19.1247,a8w8_blockscale_1x128x128_256x64x64x256_16x16_32x32_1x1_16x16x1_16x16x1_1x32x1x8_8_1x1_intrawave_v1,210.54,1699.68,0.0
gfx942,304,72,5120,6144,ck,0,2,22.9316,a8w8_blockscale_1x128x128_256x128x128x128_16x16_32x32_2x2_8x32x1_8x32x1_1x32x1x8_8_1x1_intrawave_v3,197.54,1423.23,0.0
gfx942,304,80,5120,6144,ck,13,0,23.9163,a8w8_blockscale_1x128x128_256x32x64x256_16x16_16x16_2x1_16x16x1_16x16x1_1x32x1x8_8_2x1_intrawave_v1,210.45,1370.11,0.0
gfx942,304,88,5120,6144,ck,13,0,23.9323,a8w8_blockscale_1x128x128_256x32x64x256_16x16_16x16_2x1_16x16x1_16x16x1_1x32x1x8_8_2x1_intrawave_v1,231.34,1374.67,0.0
gfx942,304,96,5120,6144,ck,13,0,23.1792,a8w8_blockscale_1x128x128_256x32x64x256_16x16_16x16_2x1_16x16x1_16x16x1_1x32x1x8_8_2x1_intrawave_v1,260.57,1424.99,0.0
gfx942,304,120,5120,6144,ck,18,0,27.5512,a8w8_blockscale_1x128x128_256x64x64x256_16x16_32x32_1x1_16x16x1_16x16x1_1x32x1x8_8_1x1_intrawave_v1,274.03,1213.14,0.0
gfx942,304,128,5120,6144,ck,18,0,27.817,a8w8_blockscale_1x128x128_256x64x64x256_16x16_32x32_1x1_16x16x1_16x16x1_1x32x1x8_8_1x1_intrawave_v1,289.5,1206.26,0.0
gfx942,304,136,5120,6144,ck,3,0,26.7034,a8w8_blockscale_1x128x128_256x64x64x128_16x16_32x32_1x1_8x32x1_8x32x1_1x32x1x8_8_1x1_intrawave_v3,320.42,1261.47,0.0
gfx942,304,144,5120,6144,ck,3,0,27.589,a8w8_blockscale_1x128x128_256x64x64x128_16x16_32x32_1x1_8x32x1_8x32x1_1x32x1x8_8_1x1_intrawave_v3,328.38,1225.73,0.0
gfx942,304,152,5120,6144,ck,3,0,28.2419,a8w8_blockscale_1x128x128_256x64x64x128_16x16_32x32_1x1_8x32x1_8x32x1_1x32x1x8_8_1x1_intrawave_v3,338.61,1202.03,0.0
gfx942,304,160,5120,6144,ck,18,0,29.0289,a8w8_blockscale_1x128x128_256x64x64x256_16x16_32x32_1x1_16x16x1_16x16x1_1x32x1x8_8_1x1_intrawave_v1,346.77,1173.96,0.0
gfx942,304,168,5120,6144,ck,18,0,29.1347,a8w8_blockscale_1x128x128_256x64x64x256_16x16_32x32_1x1_16x16x1_16x16x1_1x32x1x8_8_1x1_intrawave_v1,362.79,1174.19,0.0
gfx942,304,176,5120,6144,ck,18,0,29.3225,a8w8_blockscale_1x128x128_256x64x64x256_16x16_32x32_1x1_16x16x1_16x16x1_1x32x1x8_8_1x1_intrawave_v1,377.63,1171.14,0.0
gfx942,304,184,5120,6144,ck,18,0,29.048,a8w8_blockscale_1x128x128_256x64x64x256_16x16_32x32_1x1_16x16x1_16x16x1_1x32x1x8_8_1x1_intrawave_v1,398.52,1186.72,0.0
gfx942,304,192,5120,6144,ck,18,0,26.8755,a8w8_blockscale_1x128x128_256x64x64x256_16x16_32x32_1x1_16x16x1_16x16x1_1x32x1x8_8_1x1_intrawave_v1,449.46,1287.53,0.0
gfx942,304,200,5120,6144,ck,2,0,33.9064,a8w8_blockscale_1x128x128_256x64x128x128_16x16_32x32_1x2_8x32x1_8x32x1_1x32x1x8_8_1x1_intrawave_v3,371.11,1024.41,0.0
gfx942,304,208,5120,6144,ck,2,0,34.4472,a8w8_blockscale_1x128x128_256x64x128x128_16x16_32x32_1x2_8x32x1_8x32x1_1x32x1x8_8_1x1_intrawave_v3,379.89,1012.13,0.0
gfx942,304,216,5120,6144,ck,12,0,39.5453,a8w8_blockscale_1x128x128_256x32x128x256_16x16_32x32_1x1_16x16x1_16x16x1_1x32x1x8_8_1x1_intrawave_v1,343.65,884.97,0.0
gfx942,304,224,5120,6144,ck,12,0,33.3653,a8w8_blockscale_1x128x128_256x32x128x256_16x16_32x32_1x1_16x16x1_16x16x1_1x32x1x8_8_1x1_intrawave_v1,422.38,1052.81,0.0
gfx942,304,232,5120,6144,ck,2,0,36.4929,a8w8_blockscale_1x128x128_256x64x128x128_16x16_32x32_1x2_8x32x1_8x32x1_1x32x1x8_8_1x1_intrawave_v3,399.97,966.17,0.0
gfx942,304,240,5120,6144,ck,2,0,37.1046,a8w8_blockscale_1x128x128_256x64x128x128_16x16_32x32_1x2_8x32x1_8x32x1_1x32x1x8_8_1x1_intrawave_v3,406.94,953.78,0.0
gfx942,304,248,5120,6144,ck,3,0,45.1121,a8w8_blockscale_1x128x128_256x64x64x128_16x16_32x32_1x1_8x32x1_8x32x1_1x32x1x8_8_1x1_intrawave_v3,345.87,787.38,0.0
gfx942,304,256,5120,6144,ck,17,0,36.2965,a8w8_blockscale_1x128x128_256x64x128x256_16x16_32x32_2x1_16x16x1_16x16x1_1x32x1x8_8_1x1_intrawave_v1,443.74,982.23,0.0
gfx942,304,272,5120,6144,ck,17,0,40.788,a8w8_blockscale_1x128x128_256x64x128x256_16x16_32x32_2x1_16x16x1_16x16x1_1x32x1x8_8_1x1_intrawave_v1,419.55,880.5,0.0
gfx942,304,288,5120,6144,ck,2,0,40.8848,a8w8_blockscale_1x128x128_256x64x128x128_16x16_32x32_1x2_8x32x1_8x32x1_1x32x1x8_8_1x1_intrawave_v3,443.18,884.82,0.0
gfx942,304,304,5120,6144,ck,2,0,41.6032,a8w8_blockscale_1x128x128_256x64x128x128_16x16_32x32_1x2_8x32x1_8x32x1_1x32x1x8_8_1x1_intrawave_v3,459.73,875.85,0.0
gfx942,304,320,5120,6144,ck,17,0,41.7952,a8w8_blockscale_1x128x128_256x64x128x256_16x16_32x32_2x1_16x16x1_16x16x1_1x32x1x8_8_1x1_intrawave_v1,481.7,878.1,0.0
gfx942,304,336,5120,6144,ck,2,0,42.6315,a8w8_blockscale_1x128x128_256x64x128x128_16x16_32x32_1x2_8x32x1_8x32x1_1x32x1x8_8_1x1_intrawave_v3,495.86,867.02,0.0
gfx942,304,352,5120,6144,ck,2,0,42.3056,a8w8_blockscale_1x128x128_256x64x128x128_16x16_32x32_1x2_8x32x1_8x32x1_1x32x1x8_8_1x1_intrawave_v3,523.48,879.89,0.0
gfx942,304,368,5120,6144,ck,2,0,43.5838,a8w8_blockscale_1x128x128_256x64x128x128_16x16_32x32_1x2_8x32x1_8x32x1_1x32x1x8_8_1x1_intrawave_v3,531.22,860.1,0.0
gfx942,304,384,5120,6144,ck,17,0,41.6183,a8w8_blockscale_1x128x128_256x64x128x256_16x16_32x32_2x1_16x16x1_16x16x1_1x32x1x8_8_1x1_intrawave_v1,580.49,907.02,0.0
gfx942,304,400,5120,6144,ck,2,0,44.3576,a8w8_blockscale_1x128x128_256x64x128x128_16x16_32x32_1x2_8x32x1_8x32x1_1x32x1x8_8_1x1_intrawave_v3,567.34,856.92,0.0
gfx942,304,416,5120,6144,ck,2,0,54.5641,a8w8_blockscale_1x128x128_256x64x128x128_16x16_32x32_1x2_8x32x1_8x32x1_1x32x1x8_8_1x1_intrawave_v3,479.66,701.43,0.0
gfx942,304,432,5120,6144,ck,2,0,44.193,a8w8_blockscale_1x128x128_256x64x128x128_16x16_32x32_1x2_8x32x1_8x32x1_1x32x1x8_8_1x1_intrawave_v3,615.01,871.97,0.0
gfx942,304,448,5120,6144,ck,2,0,44.0208,a8w8_blockscale_1x128x128_256x64x128x128_16x16_32x32_1x2_8x32x1_8x32x1_1x32x1x8_8_1x1_intrawave_v3,640.28,881.34,0.0
gfx942,304,464,5120,6144,ck,0,0,53.6846,a8w8_blockscale_1x128x128_256x128x128x128_16x16_32x32_2x2_8x32x1_8x32x1_1x32x1x8_8_1x1_intrawave_v3,543.78,727.57,0.0
gfx942,304,480,5120,6144,ck,0,0,54.3981,a8w8_blockscale_1x128x128_256x128x128x128_16x16_32x32_2x2_8x32x1_8x32x1_1x32x1x8_8_1x1_intrawave_v3,555.15,722.85,0.0
gfx942,304,496,5120,6144,ck,0,0,55.1354,a8w8_blockscale_1x128x128_256x128x128x128_16x16_32x32_2x2_8x32x1_8x32x1_1x32x1x8_8_1x1_intrawave_v3,565.98,717.94,0.0
gfx942,304,512,5120,6144,ck,0,0,57.137,a8w8_blockscale_1x128x128_256x128x128x128_16x16_32x32_2x2_8x32x1_8x32x1_1x32x1x8_8_1x1_intrawave_v3,563.77,697.37,0.0
gfx942,304,907,5120,6144,ck,14,0,93.9356,a8w8_blockscale_1x128x128_256x64x256x128_16x16_32x32_2x2_8x32x1_8x32x1_1x32x1x8_8_1x1_intrawave_v1,607.47,493.08,0.0
gfx942,304,1024,5120,6144,ck,0,0,109.4572,a8w8_blockscale_1x128x128_256x128x128x128_16x16_32x32_2x2_8x32x1_8x32x1_1x32x1x8_8_1x1_intrawave_v3,588.58,440.67,0.0
gfx942,304,1027,5120,6144,ck,0,0,110.3849,a8w8_blockscale_1x128x128_256x128x128x128_16x16_32x32_2x2_8x32x1_8x32x1_1x32x1x8_8_1x1_intrawave_v3,585.35,437.41,0.0
gfx942,304,1088,5120,6144,ck,0,0,111.9148,a8w8_blockscale_1x128x128_256x128x128x128_16x16_32x32_2x2_8x32x1_8x32x1_1x32x1x8_8_1x1_intrawave_v3,611.64,440.36,0.0
gfx942,304,1151,5120,6144,ck,0,0,116.5967,a8w8_blockscale_1x128x128_256x128x128x128_16x16_32x32_2x2_8x32x1_8x32x1_1x32x1x8_8_1x1_intrawave_v3,621.07,431.53,0.0
gfx942,304,1216,5120,6144,ck,0,0,117.1012,a8w8_blockscale_1x128x128_256x128x128x128_16x16_32x32_2x2_8x32x1_8x32x1_1x32x1x8_8_1x1_intrawave_v3,653.32,438.77,0.0
gfx942,304,1594,5120,6144,ck,0,0,127.9082,a8w8_blockscale_1x128x128_256x128x128x128_16x16_32x32_2x2_8x32x1_8x32x1_1x32x1x8_8_1x1_intrawave_v3,784.05,450.11,0.0
gfx942,304,1814,5120,6144,ck,0,0,135.0145,a8w8_blockscale_1x128x128_256x128x128x128_16x16_32x32_2x2_8x32x1_8x32x1_1x32x1x8_8_1x1_intrawave_v3,845.29,453.12,0.0
gfx942,304,2048,5120,6144,ck,0,0,185.4086,a8w8_blockscale_1x128x128_256x128x128x128_16x16_32x32_2x2_8x32x1_8x32x1_1x32x1x8_8_1x1_intrawave_v3,694.95,350.64,0.0
gfx942,304,3072,5120,6144,ck,0,0,237.7559,a8w8_blockscale_1x128x128_256x128x128x128_16x16_32x32_2x2_8x32x1_8x32x1_1x32x1x8_8_1x1_intrawave_v3,812.91,344.0,0.0
gfx942,304,3073,5120,6144,ck,0,0,245.1337,a8w8_blockscale_1x128x128_256x128x128x128_16x16_32x32_2x2_8x32x1_8x32x1_1x32x1x8_8_1x1_intrawave_v3,788.7,333.72,0.0
gfx942,304,5737,5120,6144,ck,0,0,378.5045,a8w8_blockscale_1x128x128_256x128x128x128_16x16_32x32_2x2_8x32x1_8x32x1_1x32x1x8_8_1x1_intrawave_v3,953.6,331.44,0.0
gfx942,304,7169,5120,6144,ck,0,0,481.6669,a8w8_blockscale_1x128x128_256x128x128x128_16x16_32x32_2x2_8x32x1_8x32x1_1x32x1x8_8_1x1_intrawave_v3,936.4,309.16,0.0
gfx942,304,8192,5120,6144,ck,0,0,537.04,a8w8_blockscale_1x128x128_256x128x128x128_16x16_32x32_2x2_8x32x1_8x32x1_1x32x1x8_8_1x1_intrawave_v3,959.7,308.5,0.0
gfx942,304,8208,5120,6144,ck,0,0,545.9885,a8w8_blockscale_1x128x128_256x128x128x128_16x16_32x32_2x2_8x32x1_8x32x1_1x32x1x8_8_1x1_intrawave_v3,945.81,303.92,0.0
gfx942,304,8240,5120,6144,ck,0,0,538.2443,a8w8_blockscale_1x128x128_256x128x128x128_16x16_32x32_2x2_8x32x1_8x32x1_1x32x1x8_8_1x1_intrawave_v3,963.16,309.27,0.0
gfx942,304,8243,5120,6144,ck,0,0,538.9952,a8w8_blockscale_1x128x128_256x128x128x128_16x16_32x32_2x2_8x32x1_8x32x1_1x32x1x8_8_1x1_intrawave_v3,962.17,308.93,0.0
gfx942,304,8248,5120,6144,ck,0,0,539.6875,a8w8_blockscale_1x128x128_256x128x128x128_16x16_32x32_2x2_8x32x1_8x32x1_1x32x1x8_8_1x1_intrawave_v3,961.52,308.68,0.0
gfx942,304,8296,5120,6144,ck,0,0,536.6286,a8w8_blockscale_1x128x128_256x128x128x128_16x16_32x32_2x2_8x32x1_8x32x1_1x32x1x8_8_1x1_intrawave_v3,972.63,311.91,0.0
gfx942,304,8304,5120,6144,ck,0,0,536.7494,a8w8_blockscale_1x128x128_256x128x128x128_16x16_32x32_2x2_8x32x1_8x32x1_1x32x1x8_8_1x1_intrawave_v3,973.35,312.08,0.0
gfx942,304,8312,5120,6144,ck,0,0,541.9173,a8w8_blockscale_1x128x128_256x128x128x128_16x16_32x32_2x2_8x32x1_8x32x1_1x32x1x8_8_1x1_intrawave_v3,964.99,309.35,0.0
gfx942,304,8455,5120,6144,ck,0,0,552.3106,a8w8_blockscale_1x128x128_256x128x128x128_16x16_32x32_2x2_8x32x1_8x32x1_1x32x1x8_8_1x1_intrawave_v3,963.12,307.77,0.0
gfx942,304,14448,5120,6144,ck,0,0,922.1707,a8w8_blockscale_1x128x128_256x128x128x128_16x16_32x32_2x2_8x32x1_8x32x1_1x32x1x8_8_1x1_intrawave_v3,985.71,290.81,0.0
gfx942,304,14451,5120,6144,ck,0,0,937.1607,a8w8_blockscale_1x128x128_256x128x128x128_16x16_32x32_2x2_8x32x1_8x32x1_1x32x1x8_8_1x1_intrawave_v3,970.14,286.21,0.0
gfx942,304,15361,5120,6144,ck,0,0,989.3824,a8w8_blockscale_1x128x128_256x128x128x128_16x16_32x32_2x2_8x32x1_8x32x1_1x32x1x8_8_1x1_intrawave_v3,976.8,286.17,0.0
gfx942,304,16384,5120,6144,ck,0,0,1021.6622,a8w8_blockscale_1x128x128_256x128x128x128_16x16_32x32_2x2_8x32x1_8x32x1_1x32x1x8_8_1x1_intrawave_v3,1008.94,293.53,0.0
gfx942,304,16449,5120,6144,ck,0,0,1060.3637,a8w8_blockscale_1x128x128_256x128x128x128_16x16_32x32_2x2_8x32x1_8x32x1_1x32x1x8_8_1x1_intrawave_v3,975.97,283.82,0.0
gfx942,304,16612,5120,6144,ck,0,0,1079.8644,a8w8_blockscale_1x128x128_256x128x128x128_16x16_32x32_2x2_8x32x1_8x32x1_1x32x1x8_8_1x1_intrawave_v3,967.84,281.17,0.0
gfx942,304,16631,5120,6144,ck,0,0,1070.543,a8w8_blockscale_1x128x128_256x128x128x128_16x16_32x32_2x2_8x32x1_8x32x1_1x32x1x8_8_1x1_intrawave_v3,977.38,283.91,0.0
gfx942,304,24577,5120,6144,ck,0,0,1553.467,a8w8_blockscale_1x128x128_256x128x128x128_16x16_32x32_2x2_8x32x1_8x32x1_1x32x1x8_8_1x1_intrawave_v3,995.35,279.46,0.0
gfx942,304,24813,5120,6144,ck,0,0,1580.7631,a8w8_blockscale_1x128x128_256x128x128x128_16x16_32x32_2x2_8x32x1_8x32x1_1x32x1x8_8_1x1_intrawave_v3,987.56,277.08,0.0
gfx942,304,31666,5120,6144,ck,0,0,1988.6134,a8w8_blockscale_1x128x128_256x128x128x128_16x16_32x32_2x2_8x32x1_8x32x1_1x32x1x8_8_1x1_intrawave_v3,1001.83,276.71,0.0
gfx942,304,31745,5120,6144,ck,0,0,2032.9851,a8w8_blockscale_1x128x128_256x128x128x128_16x16_32x32_2x2_8x32x1_8x32x1_1x32x1x8_8_1x1_intrawave_v3,982.41,271.31,0.0
gfx942,304,31841,5120,6144,ck,0,0,2030.2386,a8w8_blockscale_1x128x128_256x128x128x128_16x16_32x32_2x2_8x32x1_8x32x1_1x32x1x8_8_1x1_intrawave_v3,986.71,272.45,0.0
gfx942,304,32833,5120,6144,ck,0,0,2061.4663,a8w8_blockscale_1x128x128_256x128x128x128_16x16_32x32_2x2_8x32x1_8x32x1_1x32x1x8_8_1x1_intrawave_v3,1002.04,276.21,0.0
gfx942,304,33000,5120,6144,ck,0,0,2103.0466,a8w8_blockscale_1x128x128_256x128x128x128_16x16_32x32_2x2_8x32x1_8x32x1_1x32x1x8_8_1x1_intrawave_v3,987.23,272.05,0.0
gfx942,304,39966,5120,6144,ck,0,0,2550.567,a8w8_blockscale_1x128x128_256x128x128x128_16x16_32x32_2x2_8x32x1_8x32x1_1x32x1x8_8_1x1_intrawave_v3,985.84,269.06,0.0
gfx942,304,46284,5120,6144,ck,0,0,2951.692,a8w8_blockscale_1x128x128_256x128x128x128_16x16_32x32_2x2_8x32x1_8x32x1_1x32x1x8_8_1x1_intrawave_v3,986.53,267.57,0.0
gfx942,304,47797,5120,6144,ck,0,0,3043.7204,a8w8_blockscale_1x128x128_256x128x128x128_16x16_32x32_2x2_8x32x1_8x32x1_1x32x1x8_8_1x1_intrawave_v3,987.98,267.62,0.0
gfx942,304,47855,5120,6144,ck,0,0,2991.9426,a8w8_blockscale_1x128x128_256x128x128x128_16x16_32x32_2x2_8x32x1_8x32x1_1x32x1x8_8_1x1_intrawave_v3,1006.29,272.57,0.0
gfx942,304,48140,5120,6144,ck,0,0,3039.7484,a8w8_blockscale_1x128x128_256x128x128x128_16x16_32x32_2x2_8x32x1_8x32x1_1x32x1x8_8_1x1_intrawave_v3,996.37,269.82,0.0
gfx942,304,48157,5120,6144,ck,0,0,3060.2592,a8w8_blockscale_1x128x128_256x128x128x128_16x16_32x32_2x2_8x32x1_8x32x1_1x32x1x8_8_1x1_intrawave_v3,990.04,268.1,0.0
gfx942,304,48164,5120,6144,ck,0,0,3067.4782,a8w8_blockscale_1x128x128_256x128x128x128_16x16_32x32_2x2_8x32x1_8x32x1_1x32x1x8_8_1x1_intrawave_v3,987.85,267.51,0.0
gfx942,304,48172,5120,6144,ck,0,0,3030.0362,a8w8_blockscale_1x128x128_256x128x128x128_16x16_32x32_2x2_8x32x1_8x32x1_1x32x1x8_8_1x1_intrawave_v3,1000.23,270.86,0.0
gfx942,304,48561,5120,6144,ck,0,0,3134.5581,a8w8_blockscale_1x128x128_256x128x128x128_16x16_32x32_2x2_8x32x1_8x32x1_1x32x1x8_8_1x1_intrawave_v3,974.68,263.86,0.0
gfx942,304,48934,5120,6144,ck,0,0,3166.8262,a8w8_blockscale_1x128x128_256x128x128x128_16x16_32x32_2x2_8x32x1_8x32x1_1x32x1x8_8_1x1_intrawave_v3,972.16,263.1,0.0
gfx942,304,51201,5120,6144,ck,0,0,3256.4015,a8w8_blockscale_1x128x128_256x128x128x128_16x16_32x32_2x2_8x32x1_8x32x1_1x32x1x8_8_1x1_intrawave_v3,989.22,267.27,0.0
gfx942,304,51624,5120,6144,ck,0,0,3282.4152,a8w8_blockscale_1x128x128_256x128x128x128_16x16_32x32_2x2_8x32x1_8x32x1_1x32x1x8_8_1x1_intrawave_v3,989.49,267.26,0.0
gfx942,304,52569,5120,6144,ck,0,0,3354.448,a8w8_blockscale_1x128x128_256x128x128x128_16x16_32x32_2x2_8x32x1_8x32x1_1x32x1x8_8_1x1_intrawave_v3,985.96,266.14,0.0
gfx942,304,53153,5120,6144,ck,0,0,3372.9846,a8w8_blockscale_1x128x128_256x128x128x128_16x16_32x32_2x2_8x32x1_8x32x1_1x32x1x8_8_1x1_intrawave_v3,991.44,267.51,0.0
gfx942,304,57345,5120,6144,ck,0,0,3650.6056,a8w8_blockscale_1x128x128_256x128x128x128_16x16_32x32_2x2_8x32x1_8x32x1_1x32x1x8_8_1x1_intrawave_v3,988.28,265.98,0.0
gfx942,304,57353,5120,6144,ck,0,0,3625.122,a8w8_blockscale_1x128x128_256x128x128x128_16x16_32x32_2x2_8x32x1_8x32x1_1x32x1x8_8_1x1_intrawave_v3,995.37,267.89,0.0
gfx942,304,57354,5120,6144,ck,0,0,3674.9069,a8w8_blockscale_1x128x128_256x128x128x128_16x16_32x32_2x2_8x32x1_8x32x1_1x32x1x8_8_1x1_intrawave_v3,981.9,264.26,0.0
gfx942,304,57386,5120,6144,ck,0,0,3673.0838,a8w8_blockscale_1x128x128_256x128x128x128_16x16_32x32_2x2_8x32x1_8x32x1_1x32x1x8_8_1x1_intrawave_v3,982.94,264.54,0.0
gfx942,304,57393,5120,6144,ck,0,0,3614.0745,a8w8_blockscale_1x128x128_256x128x128x128_16x16_32x32_2x2_8x32x1_8x32x1_1x32x1x8_8_1x1_intrawave_v3,999.11,268.89,0.0
gfx942,304,57394,5120,6144,ck,0,0,3651.5363,a8w8_blockscale_1x128x128_256x128x128x128_16x16_32x32_2x2_8x32x1_8x32x1_1x32x1x8_8_1x1_intrawave_v3,988.88,266.13,0.0
gfx942,304,57409,5120,6144,ck,0,0,3648.2462,a8w8_blockscale_1x128x128_256x128x128x128_16x16_32x32_2x2_8x32x1_8x32x1_1x32x1x8_8_1x1_intrawave_v3,990.03,266.44,0.0
gfx942,304,57449,5120,6144,ck,0,0,3676.0267,a8w8_blockscale_1x128x128_256x128x128x128_16x16_32x32_2x2_8x32x1_8x32x1_1x32x1x8_8_1x1_intrawave_v3,983.23,264.61,0.0
gfx942,304,57457,5120,6144,ck,0,0,3617.5757,a8w8_blockscale_1x128x128_256x128x128x128_16x16_32x32_2x2_8x32x1_8x32x1_1x32x1x8_8_1x1_intrawave_v3,999.26,268.92,0.0
gfx942,304,57569,5120,6144,ck,0,0,3610.0778,a8w8_blockscale_1x128x128_256x128x128x128_16x16_32x32_2x2_8x32x1_8x32x1_1x32x1x8_8_1x1_intrawave_v3,1003.28,269.99,0.0
gfx942,304,57577,5120,6144,ck,2,0,4577.6122,a8w8_blockscale_1x128x128_256x64x128x128_16x16_32x32_1x2_8x32x1_8x32x1_1x32x1x8_8_1x1_intrawave_v3,791.34,212.95,0.0
gfx942,304,57582,5120,6144,ck,0,0,3884.0426,a8w8_blockscale_1x128x128_256x128x128x128_16x16_32x32_2x2_8x32x1_8x32x1_1x32x1x8_8_1x1_intrawave_v3,932.73,251.0,0.0
gfx942,304,58305,5120,6144,ck,0,0,3891.991,a8w8_blockscale_1x128x128_256x128x128x128_16x16_32x32_2x2_8x32x1_8x32x1_1x32x1x8_8_1x1_intrawave_v3,942.51,253.53,0.0
gfx942,304,58833,5120,6144,ck,0,0,3960.8774,a8w8_blockscale_1x128x128_256x128x128x128_16x16_32x32_2x2_8x32x1_8x32x1_1x32x1x8_8_1x1_intrawave_v3,934.5,251.3,0.0
gfx942,304,60000,5120,6144,ck,0,0,4050.1698,a8w8_blockscale_1x128x128_256x128x128x128_16x16_32x32_2x2_8x32x1_8x32x1_1x32x1x8_8_1x1_intrawave_v3,932.03,250.48,0.0
gfx942,304,60008,5120,6144,ck,0,0,4073.0216,a8w8_blockscale_1x128x128_256x128x128x128_16x16_32x32_2x2_8x32x1_8x32x1_1x32x1x8_8_1x1_intrawave_v3,926.92,249.11,0.0
gfx942,304,60009,5120,6144,ck,0,0,4070.0578,a8w8_blockscale_1x128x128_256x128x128x128_16x16_32x32_2x2_8x32x1_8x32x1_1x32x1x8_8_1x1_intrawave_v3,927.61,249.29,0.0
gfx942,304,60010,5120,6144,ck,0,0,4106.9732,a8w8_blockscale_1x128x128_256x128x128x128_16x16_32x32_2x2_8x32x1_8x32x1_1x32x1x8_8_1x1_intrawave_v3,919.29,247.06,0.0
gfx942,304,60059,5120,6144,ck,0,0,4066.9222,a8w8_blockscale_1x128x128_256x128x128x128_16x16_32x32_2x2_8x32x1_8x32x1_1x32x1x8_8_1x1_intrawave_v3,929.1,249.69,0.0
gfx942,304,60060,5120,6144,ck,0,0,4070.9282,a8w8_blockscale_1x128x128_256x128x128x128_16x16_32x32_2x2_8x32x1_8x32x1_1x32x1x8_8_1x1_intrawave_v3,928.2,249.45,0.0
gfx942,304,61313,5120,6144,ck,0,0,4101.9782,a8w8_blockscale_1x128x128_256x128x128x128_16x16_32x32_2x2_8x32x1_8x32x1_1x32x1x8_8_1x1_intrawave_v3,940.4,252.56,0.0
gfx942,304,61444,5120,6144,ck,0,0,4157.459,a8w8_blockscale_1x128x128_256x128x128x128_16x16_32x32_2x2_8x32x1_8x32x1_1x32x1x8_8_1x1_intrawave_v3,929.83,249.71,0.0
gfx942,304,64513,5120,6144,ck,0,0,4379.6464,a8w8_blockscale_1x128x128_256x128x128x128_16x16_32x32_2x2_8x32x1_8x32x1_1x32x1x8_8_1x1_intrawave_v3,926.74,248.52,0.0
gfx942,304,64514,5120,6144,ck,0,0,4383.1344,a8w8_blockscale_1x128x128_256x128x128x128_16x16_32x32_2x2_8x32x1_8x32x1_1x32x1x8_8_1x1_intrawave_v3,926.02,248.33,0.0
gfx942,304,64576,5120,6144,ck,0,0,4329.4862,a8w8_blockscale_1x128x128_256x128x128x128_16x16_32x32_2x2_8x32x1_8x32x1_1x32x1x8_8_1x1_intrawave_v3,938.4,251.64,0.0
gfx942,304,64577,5120,6144,ck,0,0,4361.6916,a8w8_blockscale_1x128x128_256x128x128x128_16x16_32x32_2x2_8x32x1_8x32x1_1x32x1x8_8_1x1_intrawave_v3,931.48,249.79,0.0
gfx942,304,64590,5120,6144,ck,0,0,4341.788,a8w8_blockscale_1x128x128_256x128x128x128_16x16_32x32_2x2_8x32x1_8x32x1_1x32x1x8_8_1x1_intrawave_v3,935.94,250.98,0.0
gfx942,304,64625,5120,6144,ck,0,0,4319.993,a8w8_blockscale_1x128x128_256x128x128x128_16x16_32x32_2x2_8x32x1_8x32x1_1x32x1x8_8_1x1_intrawave_v3,941.17,252.38,0.0
gfx942,304,64628,5120,6144,ck,0,0,4374.6398,a8w8_blockscale_1x128x128_256x128x128x128_16x16_32x32_2x2_8x32x1_8x32x1_1x32x1x8_8_1x1_intrawave_v3,929.46,249.24,0.0
gfx942,304,65536,5120,6144,ck,0,0,4460.7584,a8w8_blockscale_1x128x128_256x128x128x128_16x16_32x32_2x2_8x32x1_8x32x1_1x32x1x8_8_1x1_intrawave_v3,924.32,247.76,0.0
gfx942,304,1,5120,17408,ck,7,2,28.3088,a8w8_blockscale_1x128x128_256x16x128x256_16x16_16x16_1x2_16x16x1_16x16x1_1x16x1x16_8_1x2_intrawave_v1,6.3,3149.43,0.0
gfx942,304,2,5120,17408,ck,7,2,27.9419,a8w8_blockscale_1x128x128_256x16x128x256_16x16_16x16_1x2_16x16x1_16x16x1_1x16x1x16_8_1x2_intrawave_v1,12.76,3191.77,0.0
gfx942,304,4,5120,17408,ck,7,2,28.2005,a8w8_blockscale_1x128x128_256x16x128x256_16x16_16x16_1x2_16x16x1_16x16x1_1x16x1x16_8_1x2_intrawave_v1,25.28,3164.47,0.0
gfx942,304,8,5120,17408,ck,7,2,28.7681,a8w8_blockscale_1x128x128_256x16x128x256_16x16_16x16_1x2_16x16x1_16x16x1_1x16x1x16_8_1x2_intrawave_v1,49.57,3105.88,0.0001
gfx942,304,16,5120,17408,ck,7,2,29.7452,a8w8_blockscale_1x128x128_256x16x128x256_16x16_16x16_1x2_16x16x1_16x16x1_1x16x1x16_8_1x2_intrawave_v1,95.89,3011.29,0.0001
gfx942,304,24,5120,17408,ck,2,2,30.0733,a8w8_blockscale_1x128x128_256x64x128x128_16x16_32x32_1x2_8x32x1_8x32x1_1x32x1x8_8_1x1_intrawave_v3,142.26,2985.79,0.0
gfx942,304,32,5120,17408,ck,12,2,37.5034,a8w8_blockscale_1x128x128_256x32x128x256_16x16_32x32_1x1_16x16x1_16x16x1_1x32x1x8_8_1x1_intrawave_v1,152.1,2400.15,0.0001
gfx942,304,40,5120,17408,ck,2,2,32.6464,a8w8_blockscale_1x128x128_256x64x128x128_16x16_32x32_1x2_8x32x1_8x32x1_1x32x1x8_8_1x1_intrawave_v3,218.41,2764.0,0.0
gfx942,304,48,5120,17408,ck,2,2,34.3205,a8w8_blockscale_1x128x128_256x64x128x128_16x16_32x32_1x2_8x32x1_8x32x1_1x32x1x8_8_1x1_intrawave_v3,249.31,2635.63,0.0
gfx942,304,56,5120,17408,ck,2,2,35.8135,a8w8_blockscale_1x128x128_256x64x128x128_16x16_32x32_1x2_8x32x1_8x32x1_1x32x1x8_8_1x1_intrawave_v3,278.73,2531.93,0.0
gfx942,304,64,5120,17408,ck,2,2,37.898,a8w8_blockscale_1x128x128_256x64x128x128_16x16_32x32_1x2_8x32x1_8x32x1_1x32x1x8_8_1x1_intrawave_v3,301.03,2398.5,0.0
gfx942,304,72,5120,17408,ck,0,2,62.232,a8w8_blockscale_1x128x128_256x128x128x128_16x16_32x32_2x2_8x32x1_8x32x1_1x32x1x8_8_1x1_intrawave_v3,206.24,1464.19,0.0001
gfx942,304,80,5120,17408,ck,0,2,45.8139,a8w8_blockscale_1x128x128_256x128x128x128_16x16_32x32_2x2_8x32x1_8x32x1_1x32x1x8_8_1x1_intrawave_v3,311.27,1993.74,0.0
gfx942,304,88,5120,17408,ck,0,2,47.2093,a8w8_blockscale_1x128x128_256x128x128x128_16x16_32x32_2x2_8x32x1_8x32x1_1x32x1x8_8_1x1_intrawave_v3,332.28,1939.49,0.0
gfx942,304,96,5120,17408,ck,0,2,48.9559,a8w8_blockscale_1x128x128_256x128x128x128_16x16_32x32_2x2_8x32x1_8x32x1_1x32x1x8_8_1x1_intrawave_v3,349.55,1874.81,0.0
gfx942,304,104,5120,17408,ck,0,2,50.7536,a8w8_blockscale_1x128x128_256x128x128x128_16x16_32x32_2x2_8x32x1_8x32x1_1x32x1x8_8_1x1_intrawave_v3,365.27,1812.76,0.0
gfx942,304,112,5120,17408,ck,0,2,52.4311,a8w8_blockscale_1x128x128_256x128x128x128_16x16_32x32_2x2_8x32x1_8x32x1_1x32x1x8_8_1x1_intrawave_v3,380.78,1758.99,0.0
gfx942,304,120,5120,17408,ck,0,2,75.6211,a8w8_blockscale_1x128x128_256x128x128x128_16x16_32x32_2x2_8x32x1_8x32x1_1x32x1x8_8_1x1_intrawave_v3,282.87,1222.5,0.0001
gfx942,304,128,5120,17408,ck,0,2,56.8357,a8w8_blockscale_1x128x128_256x128x128x128_16x16_32x32_2x2_8x32x1_8x32x1_1x32x1x8_8_1x1_intrawave_v3,401.46,1630.45,0.0
gfx942,304,136,5120,17408,ck,2,1,59.0239,a8w8_blockscale_1x128x128_256x64x128x128_16x16_32x32_1x2_8x32x1_8x32x1_1x32x1x8_8_1x1_intrawave_v3,410.73,1573.75,0.0
gfx942,304,144,5120,17408,ck,2,1,59.9698,a8w8_blockscale_1x128x128_256x64x128x128_16x16_32x32_1x2_8x32x1_8x32x1_1x32x1x8_8_1x1_intrawave_v3,428.03,1552.62,0.0
gfx942,304,152,5120,17408,ck,2,1,60.7256,a8w8_blockscale_1x128x128_256x64x128x128_16x16_32x32_1x2_8x32x1_8x32x1_1x32x1x8_8_1x1_intrawave_v3,446.19,1536.94,0.0
gfx942,304,160,5120,17408,ck,2,1,61.6288,a8w8_blockscale_1x128x128_256x64x128x128_16x16_32x32_1x2_8x32x1_8x32x1_1x32x1x8_8_1x1_intrawave_v3,462.79,1518.0,0.0
gfx942,304,168,5120,17408,ck,2,1,63.8425,a8w8_blockscale_1x128x128_256x64x128x128_16x16_32x32_1x2_8x32x1_8x32x1_1x32x1x8_8_1x1_intrawave_v3,469.08,1468.83,0.0
gfx942,304,176,5120,17408,ck,2,1,65.5619,a8w8_blockscale_1x128x128_256x64x128x128_16x16_32x32_1x2_8x32x1_8x32x1_1x32x1x8_8_1x1_intrawave_v3,478.53,1433.68,0.0
gfx942,304,184,5120,17408,ck,2,1,66.6316,a8w8_blockscale_1x128x128_256x64x128x128_16x16_32x32_1x2_8x32x1_8x32x1_1x32x1x8_8_1x1_intrawave_v3,492.25,1413.99,0.0
gfx942,304,192,5120,17408,ck,2,1,69.8297,a8w8_blockscale_1x128x128_256x64x128x128_16x16_32x32_1x2_8x32x1_8x32x1_1x32x1x8_8_1x1_intrawave_v3,490.13,1352.4,0.0
gfx942,304,200,5120,17408,ck,0,1,79.0933,a8w8_blockscale_1x128x128_256x128x128x128_16x16_32x32_2x2_8x32x1_8x32x1_1x32x1x8_8_1x1_intrawave_v3,450.75,1196.8,0.0
gfx942,304,208,5120,17408,ck,0,1,80.8014,a8w8_blockscale_1x128x128_256x128x128x128_16x16_32x32_2x2_8x32x1_8x32x1_1x32x1x8_8_1x1_intrawave_v3,458.87,1174.23,0.0
gfx942,304,216,5120,17408,ck,0,1,81.8114,a8w8_blockscale_1x128x128_256x128x128x128_16x16_32x32_2x2_8x32x1_8x32x1_1x32x1x8_8_1x1_intrawave_v3,470.64,1162.44,0.0
gfx942,304,224,5120,17408,ck,0,1,83.7961,a8w8_blockscale_1x128x128_256x128x128x128_16x16_32x32_2x2_8x32x1_8x32x1_1x32x1x8_8_1x1_intrawave_v3,476.51,1137.55,0.0
gfx942,304,232,5120,17408,ck,0,1,85.9101,a8w8_blockscale_1x128x128_256x128x128x128_16x16_32x32_2x2_8x32x1_8x32x1_1x32x1x8_8_1x1_intrawave_v3,481.39,1112.13,0.0
gfx942,304,240,5120,17408,ck,0,1,87.9283,a8w8_blockscale_1x128x128_256x128x128x128_16x16_32x32_2x2_8x32x1_8x32x1_1x32x1x8_8_1x1_intrawave_v3,486.55,1089.12,0.0
gfx942,304,248,5120,17408,ck,0,1,89.551,a8w8_blockscale_1x128x128_256x128x128x128_16x16_32x32_2x2_8x32x1_8x32x1_1x32x1x8_8_1x1_intrawave_v3,493.66,1071.85,0.0
gfx942,304,256,5120,17408,ck,17,0,93.8969,a8w8_blockscale_1x128x128_256x64x128x256_16x16_32x32_2x1_16x16x1_16x16x1_1x32x1x8_8_1x1_intrawave_v1,486.0,1024.6,0.0
gfx942,304,272,5120,17408,ck,0,1,106.2193,a8w8_blockscale_1x128x128_256x128x128x128_16x16_32x32_2x2_8x32x1_8x32x1_1x32x1x8_8_1x1_intrawave_v3,456.47,909.9,0.0
gfx942,304,288,5120,17408,ck,0,1,106.7927,a8w8_blockscale_1x128x128_256x128x128x128_16x16_32x32_2x2_8x32x1_8x32x1_1x32x1x8_8_1x1_intrawave_v3,480.73,909.16,0.0
gfx942,304,304,5120,17408,ck,0,1,87.0232,a8w8_blockscale_1x128x128_256x128x128x128_16x16_32x32_2x2_8x32x1_8x32x1_1x32x1x8_8_1x1_intrawave_v3,622.71,1120.78,0.0
gfx942,304,320,5120,17408,ck,0,1,89.2342,a8w8_blockscale_1x128x128_256x128x128x128_16x16_32x32_2x2_8x32x1_8x32x1_1x32x1x8_8_1x1_intrawave_v3,639.24,1097.97,0.0
gfx942,304,336,5120,17408,ck,0,1,94.5052,a8w8_blockscale_1x128x128_256x128x128x128_16x16_32x32_2x2_8x32x1_8x32x1_1x32x1x8_8_1x1_intrawave_v3,633.77,1041.41,0.0
gfx942,304,352,5120,17408,ck,0,1,96.9842,a8w8_blockscale_1x128x128_256x128x128x128_16x16_32x32_2x2_8x32x1_8x32x1_1x32x1x8_8_1x1_intrawave_v3,646.98,1019.35,0.0
gfx942,304,368,5120,17408,ck,0,1,99.9317,a8w8_blockscale_1x128x128_256x128x128x128_16x16_32x32_2x2_8x32x1_8x32x1_1x32x1x8_8_1x1_intrawave_v3,656.44,993.71,0.0
gfx942,304,384,5120,17408,ck,0,1,107.0985,a8w8_blockscale_1x128x128_256x128x128x128_16x16_32x32_2x2_8x32x1_8x32x1_1x32x1x8_8_1x1_intrawave_v3,639.14,931.35,0.0
gfx942,304,400,5120,17408,ck,2,0,117.4591,a8w8_blockscale_1x128x128_256x64x128x128_16x16_32x32_1x2_8x32x1_8x32x1_1x32x1x8_8_1x1_intrawave_v3,607.05,852.96,0.0
gfx942,304,416,5120,17408,ck,2,0,117.947,a8w8_blockscale_1x128x128_256x64x128x128_16x16_32x32_1x2_8x32x1_8x32x1_1x32x1x8_8_1x1_intrawave_v3,628.72,853.18,0.0
gfx942,304,432,5120,17408,ck,2,0,118.9855,a8w8_blockscale_1x128x128_256x64x128x128_16x16_32x32_1x2_8x32x1_8x32x1_1x32x1x8_8_1x1_intrawave_v3,647.2,849.46,0.0
gfx942,304,448,5120,17408,ck,17,0,115.7837,a8w8_blockscale_1x128x128_256x64x128x256_16x16_32x32_2x1_16x16x1_16x16x1_1x32x1x8_8_1x1_intrawave_v1,689.73,876.77,0.0
gfx942,304,464,5120,17408,ck,0,0,147.1814,a8w8_blockscale_1x128x128_256x128x128x128_16x16_32x32_2x2_8x32x1_8x32x1_1x32x1x8_8_1x1_intrawave_v3,561.97,692.73,0.0
gfx942,304,480,5120,17408,ck,0,0,144.0844,a8w8_blockscale_1x128x128_256x128x128x128_16x16_32x32_2x2_8x32x1_8x32x1_1x32x1x8_8_1x1_intrawave_v3,593.85,710.69,0.0
gfx942,304,496,5120,17408,ck,0,0,148.1107,a8w8_blockscale_1x128x128_256x128x128x128_16x16_32x32_2x2_8x32x1_8x32x1_1x32x1x8_8_1x1_intrawave_v3,596.96,694.36,0.0
gfx942,304,512,5120,17408,ck,0,0,158.2194,a8w8_blockscale_1x128x128_256x128x128x128_16x16_32x32_2x2_8x32x1_8x32x1_1x32x1x8_8_1x1_intrawave_v3,576.84,652.79,0.0
gfx942,304,907,5120,17408,ck,14,0,250.4646,a8w8_blockscale_1x128x128_256x64x256x128_16x16_32x32_2x2_8x32x1_8x32x1_1x32x1x8_8_1x1_intrawave_v1,645.52,455.98,0.0
gfx942,304,1024,5120,17408,ck,0,2,285.4435,a8w8_blockscale_1x128x128_256x128x128x128_16x16_32x32_2x2_8x32x1_8x32x1_1x32x1x8_8_1x1_intrawave_v3,639.48,411.43,0.0001
gfx942,304,1027,5120,17408,ck,0,2,272.416,a8w8_blockscale_1x128x128_256x128x128x128_16x16_32x32_2x2_8x32x1_8x32x1_1x32x1x8_8_1x1_intrawave_v3,672.03,431.41,0.0001
gfx942,304,1088,5120,17408,ck,0,1,279.1967,a8w8_blockscale_1x128x128_256x128x128x128_16x16_32x32_2x2_8x32x1_8x32x1_1x32x1x8_8_1x1_intrawave_v3,694.65,426.97,0.0
gfx942,304,1151,5120,17408,ck,0,2,294.6505,a8w8_blockscale_1x128x128_256x128x128x128_16x16_32x32_2x2_8x32x1_8x32x1_1x32x1x8_8_1x1_intrawave_v3,696.33,410.49,0.0001
gfx942,304,1216,5120,17408,ck,0,1,307.4481,a8w8_blockscale_1x128x128_256x128x128x128_16x16_32x32_2x2_8x32x1_8x32x1_1x32x1x8_8_1x1_intrawave_v3,705.03,399.25,0.0
gfx942,304,1594,5120,17408,ck,0,0,342.7658,a8w8_blockscale_1x128x128_256x128x128x128_16x16_32x32_2x2_8x32x1_8x32x1_1x32x1x8_8_1x1_intrawave_v3,828.97,388.6,0.0
gfx942,304,1814,5120,17408,ck,0,0,354.9115,a8w8_blockscale_1x128x128_256x128x128x128_16x16_32x32_2x2_8x32x1_8x32x1_1x32x1x8_8_1x1_intrawave_v3,911.1,392.44,0.0
gfx942,304,2048,5120,17408,ck,0,1,472.5342,a8w8_blockscale_1x128x128_256x128x128x128_16x16_32x32_2x2_8x32x1_8x32x1_1x32x1x8_8_1x1_intrawave_v3,772.58,308.45,0.0
gfx942,304,3072,5120,17408,ck,0,1,649.1628,a8w8_blockscale_1x128x128_256x128x128x128_16x16_32x32_2x2_8x32x1_8x32x1_1x32x1x8_8_1x1_intrawave_v3,843.56,268.14,0.0
gfx942,304,3073,5120,17408,ck,0,0,654.7132,a8w8_blockscale_1x128x128_256x128x128x128_16x16_32x32_2x2_8x32x1_8x32x1_1x32x1x8_8_1x1_intrawave_v3,836.68,265.9,0.0
gfx942,304,5737,5120,17408,ck,0,0,1086.6865,a8w8_blockscale_1x128x128_256x128x128x128_16x16_32x32_2x2_8x32x1_8x32x1_1x32x1x8_8_1x1_intrawave_v3,941.09,227.98,0.0
gfx942,304,7169,5120,17408,ck,0,0,1386.4234,a8w8_blockscale_1x128x128_256x128x128x128_16x16_32x32_2x2_8x32x1_8x32x1_1x32x1x8_8_1x1_intrawave_v3,921.75,207.25,0.0
gfx942,304,8192,5120,17408,ck,0,0,1563.5445,a8w8_blockscale_1x128x128_256x128x128x128_16x16_32x32_2x2_8x32x1_8x32x1_1x32x1x8_8_1x1_intrawave_v3,933.96,201.86,0.0
gfx942,304,8208,5120,17408,ck,0,0,1560.0147,a8w8_blockscale_1x128x128_256x128x128x128_16x16_32x32_2x2_8x32x1_8x32x1_1x32x1x8_8_1x1_intrawave_v3,937.9,202.6,0.0
gfx942,304,8240,5120,17408,ck,0,0,1573.1925,a8w8_blockscale_1x128x128_256x128x128x128_16x16_32x32_2x2_8x32x1_8x32x1_1x32x1x8_8_1x1_intrawave_v3,933.67,201.47,0.0
gfx942,304,8243,5120,17408,ck,0,0,1556.8189,a8w8_blockscale_1x128x128_256x128x128x128_16x16_32x32_2x2_8x32x1_8x32x1_1x32x1x8_8_1x1_intrawave_v3,943.83,203.64,0.0
gfx942,304,8248,5120,17408,ck,0,0,1557.1628,a8w8_blockscale_1x128x128_256x128x128x128_16x16_32x32_2x2_8x32x1_8x32x1_1x32x1x8_8_1x1_intrawave_v3,944.2,203.68,0.0
gfx942,304,8296,5120,17408,ck,0,0,1578.4318,a8w8_blockscale_1x128x128_256x128x128x128_16x16_32x32_2x2_8x32x1_8x32x1_1x32x1x8_8_1x1_intrawave_v3,936.9,201.78,0.0
gfx942,304,8304,5120,17408,ck,0,0,1557.7145,a8w8_blockscale_1x128x128_256x128x128x128_16x16_32x32_2x2_8x32x1_8x32x1_1x32x1x8_8_1x1_intrawave_v3,950.27,204.61,0.0
gfx942,304,8312,5120,17408,ck,0,0,1584.0734,a8w8_blockscale_1x128x128_256x128x128x128_16x16_32x32_2x2_8x32x1_8x32x1_1x32x1x8_8_1x1_intrawave_v3,935.36,201.34,0.0
gfx942,304,8455,5120,17408,ck,0,0,1647.8885,a8w8_blockscale_1x128x128_256x128x128x128_16x16_32x32_2x2_8x32x1_8x32x1_1x32x1x8_8_1x1_intrawave_v3,914.61,195.94,0.0
gfx942,304,14448,5120,17408,ck,0,0,2750.4001,a8w8_blockscale_1x128x128_256x128x128x128_16x16_32x32_2x2_8x32x1_8x32x1_1x32x1x8_8_1x1_intrawave_v3,936.4,177.64,0.0
gfx942,304,14451,5120,17408,ck,0,0,2811.7396,a8w8_blockscale_1x128x128_256x128x128x128_16x16_32x32_2x2_8x32x1_8x32x1_1x32x1x8_8_1x1_intrawave_v3,916.16,173.8,0.0
gfx942,304,15361,5120,17408,ck,0,0,2965.7194,a8w8_blockscale_1x128x128_256x128x128x128_16x16_32x32_2x2_8x32x1_8x32x1_1x32x1x8_8_1x1_intrawave_v3,923.29,173.26,0.0
gfx942,304,16384,5120,17408,ck,0,0,3134.5662,a8w8_blockscale_1x128x128_256x128x128x128_16x16_32x32_2x2_8x32x1_8x32x1_1x32x1x8_8_1x1_intrawave_v3,931.73,172.95,0.0
gfx942,304,16449,5120,17408,ck,0,0,3172.3577,a8w8_blockscale_1x128x128_256x128x128x128_16x16_32x32_2x2_8x32x1_8x32x1_1x32x1x8_8_1x1_intrawave_v3,924.29,171.45,0.0
gfx942,304,16612,5120,17408,ck,0,0,3199.2823,a8w8_blockscale_1x128x128_256x128x128x128_16x16_32x32_2x2_8x32x1_8x32x1_1x32x1x8_8_1x1_intrawave_v3,925.59,171.42,0.0
gfx942,304,16631,5120,17408,ck,0,0,3192.842,a8w8_blockscale_1x128x128_256x128x128x128_16x16_32x32_2x2_8x32x1_8x32x1_1x32x1x8_8_1x1_intrawave_v3,928.52,171.93,0.0
gfx942,304,24577,5120,17408,ck,0,0,4771.4913,a8w8_blockscale_1x128x128_256x128x128x128_16x16_32x32_2x2_8x32x1_8x32x1_1x32x1x8_8_1x1_intrawave_v3,918.17,161.09,0.0
gfx942,304,24813,5120,17408,ck,0,0,4824.2485,a8w8_blockscale_1x128x128_256x128x128x128_16x16_32x32_2x2_8x32x1_8x32x1_1x32x1x8_8_1x1_intrawave_v3,916.85,160.68,0.0
gfx942,304,31666,5120,17408,ck,0,0,6142.8728,a8w8_blockscale_1x128x128_256x128x128x128_16x16_32x32_2x2_8x32x1_8x32x1_1x32x1x8_8_1x1_intrawave_v3,918.9,157.03,0.0
gfx942,304,31745,5120,17408,ck,0,0,6166.4181,a8w8_blockscale_1x128x128_256x128x128x128_16x16_32x32_2x2_8x32x1_8x32x1_1x32x1x8_8_1x1_intrawave_v3,917.68,156.79,0.0
gfx942,304,31841,5120,17408,ck,0,0,6199.827,a8w8_blockscale_1x128x128_256x128x128x128_16x16_32x32_2x2_8x32x1_8x32x1_1x32x1x8_8_1x1_intrawave_v3,915.49,156.37,0.0
gfx942,304,32833,5120,17408,ck,0,0,6457.9774,a8w8_blockscale_1x128x128_256x128x128x128_16x16_32x32_2x2_8x32x1_8x32x1_1x32x1x8_8_1x1_intrawave_v3,906.28,154.37,0.0
gfx942,304,33000,5120,17408,ck,0,0,6382.2348,a8w8_blockscale_1x128x128_256x128x128x128_16x16_32x32_2x2_8x32x1_8x32x1_1x32x1x8_8_1x1_intrawave_v3,921.7,156.92,0.0
gfx942,304,39966,5120,17408,ck,0,0,7904.5646,a8w8_blockscale_1x128x128_256x128x128x128_16x16_32x32_2x2_8x32x1_8x32x1_1x32x1x8_8_1x1_intrawave_v3,901.28,151.07,0.0
gfx942,304,46284,5120,17408,ck,0,0,9127.6064,a8w8_blockscale_1x128x128_256x128x128x128_16x16_32x32_2x2_8x32x1_8x32x1_1x32x1x8_8_1x1_intrawave_v3,903.91,149.96,0.0
gfx942,304,47797,5120,17408,ck,0,0,9349.443,a8w8_blockscale_1x128x128_256x128x128x128_16x16_32x32_2x2_8x32x1_8x32x1_1x32x1x8_8_1x1_intrawave_v3,911.3,150.88,0.0
gfx942,304,47855,5120,17408,ck,0,0,9387.3015,a8w8_blockscale_1x128x128_256x128x128x128_16x16_32x32_2x2_8x32x1_8x32x1_1x32x1x8_8_1x1_intrawave_v3,908.73,150.44,0.0
gfx942,304,48140,5120,17408,ck,0,0,9536.3042,a8w8_blockscale_1x128x128_256x128x128x128_16x16_32x32_2x2_8x32x1_8x32x1_1x32x1x8_8_1x1_intrawave_v3,899.86,148.92,0.0
gfx942,304,48157,5120,17408,ck,0,0,9543.9093,a8w8_blockscale_1x128x128_256x128x128x128_16x16_32x32_2x2_8x32x1_8x32x1_1x32x1x8_8_1x1_intrawave_v3,899.46,148.85,0.0
gfx942,304,48164,5120,17408,ck,0,0,9446.5336,a8w8_blockscale_1x128x128_256x128x128x128_16x16_32x32_2x2_8x32x1_8x32x1_1x32x1x8_8_1x1_intrawave_v3,908.86,150.4,0.0
gfx942,304,48172,5120,17408,ck,0,0,9540.6346,a8w8_blockscale_1x128x128_256x128x128x128_16x16_32x32_2x2_8x32x1_8x32x1_1x32x1x8_8_1x1_intrawave_v3,900.05,148.94,0.0
gfx942,304,48561,5120,17408,ck,0,0,9499.8033,a8w8_blockscale_1x128x128_256x128x128x128_16x16_32x32_2x2_8x32x1_8x32x1_1x32x1x8_8_1x1_intrawave_v3,911.22,150.71,0.0
gfx942,304,48934,5120,17408,ck,0,0,9630.7862,a8w8_blockscale_1x128x128_256x128x128x128_16x16_32x32_2x2_8x32x1_8x32x1_1x32x1x8_8_1x1_intrawave_v3,905.73,149.73,0.0
gfx942,304,51201,5120,17408,ck,0,0,9975.9142,a8w8_blockscale_1x128x128_256x128x128x128_16x16_32x32_2x2_8x32x1_8x32x1_1x32x1x8_8_1x1_intrawave_v3,914.9,150.84,0.0
gfx942,304,51624,5120,17408,ck,0,0,10106.8649,a8w8_blockscale_1x128x128_256x128x128x128_16x16_32x32_2x2_8x32x1_8x32x1_1x32x1x8_8_1x1_intrawave_v3,910.51,150.04,0.0
gfx942,304,52569,5120,17408,ck,0,0,10321.4102,a8w8_blockscale_1x128x128_256x128x128x128_16x16_32x32_2x2_8x32x1_8x32x1_1x32x1x8_8_1x1_intrawave_v3,907.9,149.45,0.0
gfx942,304,53153,5120,17408,ck,0,0,10467.8363,a8w8_blockscale_1x128x128_256x128x128x128_16x16_32x32_2x2_8x32x1_8x32x1_1x32x1x8_8_1x1_intrawave_v3,905.15,148.9,0.0
gfx942,304,57345,5120,17408,ck,0,0,11259.4614,a8w8_blockscale_1x128x128_256x128x128x128_16x16_32x32_2x2_8x32x1_8x32x1_1x32x1x8_8_1x1_intrawave_v3,907.88,148.73,0.0
gfx942,304,57353,5120,17408,ck,0,0,11260.8223,a8w8_blockscale_1x128x128_256x128x128x128_16x16_32x32_2x2_8x32x1_8x32x1_1x32x1x8_8_1x1_intrawave_v3,907.89,148.73,0.0
gfx942,304,57354,5120,17408,ck,0,0,11276.1674,a8w8_blockscale_1x128x128_256x128x128x128_16x16_32x32_2x2_8x32x1_8x32x1_1x32x1x8_8_1x1_intrawave_v3,906.67,148.53,0.0
gfx942,304,57386,5120,17408,ck,0,0,11387.3604,a8w8_blockscale_1x128x128_256x128x128x128_16x16_32x32_2x2_8x32x1_8x32x1_1x32x1x8_8_1x1_intrawave_v3,898.32,147.16,0.0
gfx942,304,57393,5120,17408,ck,0,0,11389.357,a8w8_blockscale_1x128x128_256x128x128x128_16x16_32x32_2x2_8x32x1_8x32x1_1x32x1x8_8_1x1_intrawave_v3,898.27,147.15,0.0
gfx942,304,57394,5120,17408,ck,0,0,11194.0746,a8w8_blockscale_1x128x128_256x128x128x128_16x16_32x32_2x2_8x32x1_8x32x1_1x32x1x8_8_1x1_intrawave_v3,913.96,149.72,0.0
gfx942,304,57409,5120,17408,ck,0,0,11395.3766,a8w8_blockscale_1x128x128_256x128x128x128_16x16_32x32_2x2_8x32x1_8x32x1_1x32x1x8_8_1x1_intrawave_v3,898.05,147.11,0.0
gfx942,304,57449,5120,17408,ck,0,0,11268.4013,a8w8_blockscale_1x128x128_256x128x128x128_16x16_32x32_2x2_8x32x1_8x32x1_1x32x1x8_8_1x1_intrawave_v3,908.8,148.87,0.0
gfx942,304,57457,5120,17408,ck,0,0,11366.0129,a8w8_blockscale_1x128x128_256x128x128x128_16x16_32x32_2x2_8x32x1_8x32x1_1x32x1x8_8_1x1_intrawave_v3,901.12,147.61,0.0
gfx942,304,57569,5120,17408,ck,0,0,11333.1717,a8w8_blockscale_1x128x128_256x128x128x128_16x16_32x32_2x2_8x32x1_8x32x1_1x32x1x8_8_1x1_intrawave_v3,905.49,148.31,0.0
gfx942,304,57577,5120,17408,ck,0,0,11758.7858,a8w8_blockscale_1x128x128_256x128x128x128_16x16_32x32_2x2_8x32x1_8x32x1_1x32x1x8_8_1x1_intrawave_v3,872.84,142.96,0.0
gfx942,304,57582,5120,17408,ck,0,0,11740.7982,a8w8_blockscale_1x128x128_256x128x128x128_16x16_32x32_2x2_8x32x1_8x32x1_1x32x1x8_8_1x1_intrawave_v3,874.25,143.19,0.0
gfx942,304,58305,5120,17408,ck,0,0,12036.6622,a8w8_blockscale_1x128x128_256x128x128x128_16x16_32x32_2x2_8x32x1_8x32x1_1x32x1x8_8_1x1_intrawave_v3,863.47,141.33,0.0
gfx942,304,58833,5120,17408,ck,0,0,11973.6822,a8w8_blockscale_1x128x128_256x128x128x128_16x16_32x32_2x2_8x32x1_8x32x1_1x32x1x8_8_1x1_intrawave_v3,875.87,143.29,0.0
gfx942,304,60000,5120,17408,ck,0,0,12280.0972,a8w8_blockscale_1x128x128_256x128x128x128_16x16_32x32_2x2_8x32x1_8x32x1_1x32x1x8_8_1x1_intrawave_v3,870.96,142.34,0.0
gfx942,304,60008,5120,17408,ck,0,0,12118.123,a8w8_blockscale_1x128x128_256x128x128x128_16x16_32x32_2x2_8x32x1_8x32x1_1x32x1x8_8_1x1_intrawave_v3,882.72,144.27,0.0
gfx942,304,60009,5120,17408,ck,0,0,12267.0698,a8w8_blockscale_1x128x128_256x128x128x128_16x16_32x32_2x2_8x32x1_8x32x1_1x32x1x8_8_1x1_intrawave_v3,872.02,142.52,0.0
gfx942,304,60010,5120,17408,ck,0,0,12298.9702,a8w8_blockscale_1x128x128_256x128x128x128_16x16_32x32_2x2_8x32x1_8x32x1_1x32x1x8_8_1x1_intrawave_v3,869.77,142.15,0.0
gfx942,304,60059,5120,17408,ck,0,0,12390.507,a8w8_blockscale_1x128x128_256x128x128x128_16x16_32x32_2x2_8x32x1_8x32x1_1x32x1x8_8_1x1_intrawave_v3,864.05,141.21,0.0
gfx942,304,60060,5120,17408,ck,0,0,12307.409,a8w8_blockscale_1x128x128_256x128x128x128_16x16_32x32_2x2_8x32x1_8x32x1_1x32x1x8_8_1x1_intrawave_v3,869.9,142.16,0.0
gfx942,304,61313,5120,17408,ck,0,0,12729.7064,a8w8_blockscale_1x128x128_256x128x128x128_16x16_32x32_2x2_8x32x1_8x32x1_1x32x1x8_8_1x1_intrawave_v3,858.58,140.17,0.0
gfx942,304,61444,5120,17408,ck,0,0,12634.1448,a8w8_blockscale_1x128x128_256x128x128x128_16x16_32x32_2x2_8x32x1_8x32x1_1x32x1x8_8_1x1_intrawave_v3,866.93,141.52,0.0
gfx942,304,64513,5120,17408,ck,0,0,13252.4888,a8w8_blockscale_1x128x128_256x128x128x128_16x16_32x32_2x2_8x32x1_8x32x1_1x32x1x8_8_1x1_intrawave_v3,867.76,141.32,0.0
gfx942,304,64514,5120,17408,ck,0,0,13114.7622,a8w8_blockscale_1x128x128_256x128x128x128_16x16_32x32_2x2_8x32x1_8x32x1_1x32x1x8_8_1x1_intrawave_v3,876.88,142.8,0.0
gfx942,304,64576,5120,17408,ck,0,0,13245.5752,a8w8_blockscale_1x128x128_256x128x128x128_16x16_32x32_2x2_8x32x1_8x32x1_1x32x1x8_8_1x1_intrawave_v3,869.06,141.52,0.0
gfx942,304,64577,5120,17408,ck,0,0,13332.7384,a8w8_blockscale_1x128x128_256x128x128x128_16x16_32x32_2x2_8x32x1_8x32x1_1x32x1x8_8_1x1_intrawave_v3,863.39,140.6,0.0
gfx942,304,64590,5120,17408,ck,0,0,13273.4866,a8w8_blockscale_1x128x128_256x128x128x128_16x16_32x32_2x2_8x32x1_8x32x1_1x32x1x8_8_1x1_intrawave_v3,867.42,141.25,0.0
gfx942,304,64625,5120,17408,ck,0,0,13356.7786,a8w8_blockscale_1x128x128_256x128x128x128_16x16_32x32_2x2_8x32x1_8x32x1_1x32x1x8_8_1x1_intrawave_v3,862.48,140.44,0.0
gfx942,304,64628,5120,17408,ck,0,0,13216.8196,a8w8_blockscale_1x128x128_256x128x128x128_16x16_32x32_2x2_8x32x1_8x32x1_1x32x1x8_8_1x1_intrawave_v3,871.65,141.94,0.0
gfx942,304,65536,5120,17408,ck,0,0,13632.7636,a8w8_blockscale_1x128x128_256x128x128x128_16x16_32x32_2x2_8x32x1_8x32x1_1x32x1x8_8_1x1_intrawave_v3,856.93,139.45,0.0
gfx942,304,1,14336,5120,ck,7,0,25.0406,a8w8_blockscale_1x128x128_256x16x128x256_16x16_16x16_1x2_16x16x1_16x16x1_1x16x1x16_8_1x2_intrawave_v1,5.86,2932.6,0.0
gfx942,304,2,14336,5120,ck,5,1,17.5881,a8w8_blockscale_1x128x128_256x16x128x128_8x16_16x16_1x2_16x16x1_8x32x1_1x16x1x16_8_1x2_intrawave_v1,16.69,4177.14,0.0
gfx942,304,4,14336,5120,ck,5,1,17.5249,a8w8_blockscale_1x128x128_256x16x128x128_8x16_16x16_1x2_16x16x1_8x32x1_1x16x1x16_8_1x2_intrawave_v1,33.51,4196.06,0.0
gfx942,304,8,14336,5120,ck,5,1,18.1124,a8w8_blockscale_1x128x128_256x16x128x128_8x16_16x16_1x2_16x16x1_8x32x1_1x16x1x16_8_1x2_intrawave_v1,64.84,4067.42,0.0
gfx942,304,16,14336,5120,ck,8,0,21.2327,a8w8_blockscale_1x128x128_256x16x64x256_16x16_16x16_1x1_16x16x1_16x16x1_1x16x1x16_4_1x1_intrawave_v1,110.62,3482.41,0.0
gfx942,304,40,14336,5120,ck,18,0,27.7964,a8w8_blockscale_1x128x128_256x64x64x256_16x16_32x32_1x1_16x16x1_16x16x1_1x32x1x8_8_1x1_intrawave_v1,211.25,2689.27,0.0
gfx942,304,48,14336,5120,ck,18,0,28.2658,a8w8_blockscale_1x128x128_256x64x64x256_16x16_32x32_1x1_16x16x1_16x16x1_1x32x1x8_8_1x1_intrawave_v1,249.29,2654.17,0.0
gfx942,304,56,14336,5120,ck,18,0,25.7689,a8w8_blockscale_1x128x128_256x64x64x256_16x16_32x32_1x1_16x16x1_16x16x1_1x32x1x8_8_1x1_intrawave_v1,319.02,2921.85,0.0
gfx942,304,64,14336,5120,ck,18,0,23.7548,a8w8_blockscale_1x128x128_256x64x64x256_16x16_32x32_1x1_16x16x1_16x16x1_1x32x1x8_8_1x1_intrawave_v1,395.51,3180.96,0.0
gfx942,304,72,14336,5120,ck,2,0,44.3537,a8w8_blockscale_1x128x128_256x64x128x128_16x16_32x32_1x2_8x32x1_8x32x1_1x32x1x8_8_1x1_intrawave_v3,238.3,1709.74,0.0
gfx942,304,80,14336,5120,ck,2,0,32.2095,a8w8_blockscale_1x128x128_256x64x128x128_16x16_32x32_1x2_8x32x1_8x32x1_1x32x1x8_8_1x1_intrawave_v3,364.61,2362.77,0.0
gfx942,304,88,14336,5120,ck,2,0,46.8332,a8w8_blockscale_1x128x128_256x64x128x128_16x16_32x32_1x2_8x32x1_8x32x1_1x32x1x8_8_1x1_intrawave_v3,275.84,1630.77,0.0
gfx942,304,96,14336,5120,ck,2,0,33.0158,a8w8_blockscale_1x128x128_256x64x128x128_16x16_32x32_1x2_8x32x1_8x32x1_1x32x1x8_8_1x1_intrawave_v3,426.85,2321.44,0.0
gfx942,304,104,14336,5120,ck,2,0,49.2797,a8w8_blockscale_1x128x128_256x64x128x128_16x16_32x32_1x2_8x32x1_8x32x1_1x32x1x8_8_1x1_intrawave_v3,309.81,1560.78,0.0
gfx942,304,112,14336,5120,ck,2,0,35.7228,a8w8_blockscale_1x128x128_256x64x128x128_16x16_32x32_1x2_8x32x1_8x32x1_1x32x1x8_8_1x1_intrawave_v3,460.26,2160.67,0.0
gfx942,304,120,14336,5120,ck,2,0,35.6492,a8w8_blockscale_1x128x128_256x64x128x128_16x16_32x32_1x2_8x32x1_8x32x1_1x32x1x8_8_1x1_intrawave_v3,494.15,2172.71,0.0
gfx942,304,128,14336,5120,ck,2,0,36.6472,a8w8_blockscale_1x128x128_256x64x128x128_16x16_32x32_1x2_8x32x1_8x32x1_1x32x1x8_8_1x1_intrawave_v3,512.74,2120.92,0.0
gfx942,304,136,14336,5120,ck,0,0,46.2734,a8w8_blockscale_1x128x128_256x128x128x128_16x16_32x32_2x2_8x32x1_8x32x1_1x32x1x8_8_1x1_intrawave_v3,431.46,1685.55,0.0
gfx942,304,144,14336,5120,ck,0,0,58.0399,a8w8_blockscale_1x128x128_256x128x128x128_16x16_32x32_2x2_8x32x1_8x32x1_1x32x1x8_8_1x1_intrawave_v3,364.22,1348.49,0.0
gfx942,304,152,14336,5120,ck,0,0,45.962,a8w8_blockscale_1x128x128_256x128x128x128_16x16_32x32_2x2_8x32x1_8x32x1_1x32x1x8_8_1x1_intrawave_v3,485.48,1708.73,0.0
gfx942,304,160,14336,5120,ck,0,0,45.6081,a8w8_blockscale_1x128x128_256x128x128x128_16x16_32x32_2x2_8x32x1_8x32x1_1x32x1x8_8_1x1_intrawave_v3,515.0,1727.92,0.0
gfx942,304,168,14336,5120,ck,0,0,60.4297,a8w8_blockscale_1x128x128_256x128x128x128_16x16_32x32_2x2_8x32x1_8x32x1_1x32x1x8_8_1x1_intrawave_v3,408.12,1308.58,0.0
gfx942,304,176,14336,5120,ck,0,0,61.1207,a8w8_blockscale_1x128x128_256x128x128x128_16x16_32x32_2x2_8x32x1_8x32x1_1x32x1x8_8_1x1_intrawave_v3,422.72,1298.21,0.0
gfx942,304,184,14336,5120,ck,0,0,47.4435,a8w8_blockscale_1x128x128_256x128x128x128_16x16_32x32_2x2_8x32x1_8x32x1_1x32x1x8_8_1x1_intrawave_v3,569.34,1678.17,0.0
gfx942,304,192,14336,5120,ck,0,0,62.3457,a8w8_blockscale_1x128x128_256x128x128x128_16x16_32x32_2x2_8x32x1_8x32x1_1x32x1x8_8_1x1_intrawave_v3,452.09,1281.38,0.0
gfx942,304,200,14336,5120,ck,0,0,48.0961,a8w8_blockscale_1x128x128_256x128x128x128_16x16_32x32_2x2_8x32x1_8x32x1_1x32x1x8_8_1x1_intrawave_v3,610.45,1666.64,0.0
gfx942,304,208,14336,5120,ck,0,0,49.1862,a8w8_blockscale_1x128x128_256x128x128x128_16x16_32x32_2x2_8x32x1_8x32x1_1x32x1x8_8_1x1_intrawave_v3,620.79,1635.19,0.0
gfx942,304,216,14336,5120,ck,0,0,65.9594,a8w8_blockscale_1x128x128_256x128x128x128_16x16_32x32_2x2_8x32x1_8x32x1_1x32x1x8_8_1x1_intrawave_v3,480.73,1223.47,0.0
gfx942,304,224,14336,5120,ck,0,0,68.0737,a8w8_blockscale_1x128x128_256x128x128x128_16x16_32x32_2x2_8x32x1_8x32x1_1x32x1x8_8_1x1_intrawave_v3,483.06,1189.44,0.0
gfx942,304,232,14336,5120,ck,0,0,69.228,a8w8_blockscale_1x128x128_256x128x128x128_16x16_32x32_2x2_8x32x1_8x32x1_1x32x1x8_8_1x1_intrawave_v3,491.96,1173.51,0.0
gfx942,304,240,14336,5120,ck,0,0,53.5584,a8w8_blockscale_1x128x128_256x128x128x128_16x16_32x32_2x2_8x32x1_8x32x1_1x32x1x8_8_1x1_intrawave_v3,657.83,1521.9,0.0
gfx942,304,248,14336,5120,ck,0,0,53.0891,a8w8_blockscale_1x128x128_256x128x128x128_16x16_32x32_2x2_8x32x1_8x32x1_1x32x1x8_8_1x1_intrawave_v3,685.76,1540.44,0.0
gfx942,304,256,14336,5120,ck,0,0,54.8142,a8w8_blockscale_1x128x128_256x128x128x128_16x16_32x32_2x2_8x32x1_8x32x1_1x32x1x8_8_1x1_intrawave_v3,685.61,1496.89,0.0
gfx942,304,272,14336,5120,ck,2,0,77.6765,a8w8_blockscale_1x128x128_256x64x128x128_16x16_32x32_1x2_8x32x1_8x32x1_1x32x1x8_8_1x1_intrawave_v3,514.05,1063.28,0.0
gfx942,304,288,14336,5120,ck,2,0,78.1796,a8w8_blockscale_1x128x128_256x64x128x128_16x16_32x32_1x2_8x32x1_8x32x1_1x32x1x8_8_1x1_intrawave_v3,540.79,1063.35,0.0
gfx942,304,304,14336,5120,ck,2,0,83.0264,a8w8_blockscale_1x128x128_256x64x128x128_16x16_32x32_1x2_8x32x1_8x32x1_1x32x1x8_8_1x1_intrawave_v3,537.51,1007.79,0.0
gfx942,304,320,14336,5120,ck,14,0,73.5588,a8w8_blockscale_1x128x128_256x64x256x128_16x16_32x32_2x2_8x32x1_8x32x1_1x32x1x8_8_1x1_intrawave_v1,638.62,1144.85,0.0
gfx942,304,336,14336,5120,ck,0,0,95.8255,a8w8_blockscale_1x128x128_256x128x128x128_16x16_32x32_2x2_8x32x1_8x32x1_1x32x1x8_8_1x1_intrawave_v3,514.74,884.47,0.0
gfx942,304,352,14336,5120,ck,0,0,96.5739,a8w8_blockscale_1x128x128_256x128x128x128_16x16_32x32_2x2_8x32x1_8x32x1_1x32x1x8_8_1x1_intrawave_v3,535.07,883.21,0.0
gfx942,304,368,14336,5120,ck,0,0,97.4722,a8w8_blockscale_1x128x128_256x128x128x128_16x16_32x32_2x2_8x32x1_8x32x1_1x32x1x8_8_1x1_intrawave_v3,554.24,880.62,0.0
gfx942,304,384,14336,5120,ck,0,0,98.0394,a8w8_blockscale_1x128x128_256x128x128x128_16x16_32x32_2x2_8x32x1_8x32x1_1x32x1x8_8_1x1_intrawave_v3,574.99,881.04,0.0
gfx942,304,400,14336,5120,ck,0,0,97.6877,a8w8_blockscale_1x128x128_256x128x128x128_16x16_32x32_2x2_8x32x1_8x32x1_1x32x1x8_8_1x1_intrawave_v3,601.1,889.74,0.0
gfx942,304,416,14336,5120,ck,0,0,99.4271,a8w8_blockscale_1x128x128_256x128x128x128_16x16_32x32_2x2_8x32x1_8x32x1_1x32x1x8_8_1x1_intrawave_v3,614.21,879.62,0.0
gfx942,304,432,14336,5120,ck,0,0,100.6687,a8w8_blockscale_1x128x128_256x128x128x128_16x16_32x32_2x2_8x32x1_8x32x1_1x32x1x8_8_1x1_intrawave_v3,629.97,874.14,0.0
gfx942,304,448,14336,5120,ck,0,0,91.6168,a8w8_blockscale_1x128x128_256x128x128x128_16x16_32x32_2x2_8x32x1_8x32x1_1x32x1x8_8_1x1_intrawave_v3,717.85,966.41,0.0
gfx942,304,464,14336,5120,ck,0,0,104.9381,a8w8_blockscale_1x128x128_256x128x128x128_16x16_32x32_2x2_8x32x1_8x32x1_1x32x1x8_8_1x1_intrawave_v3,649.1,848.88,0.0
gfx942,304,480,14336,5120,ck,0,0,106.2564,a8w8_blockscale_1x128x128_256x128x128x128_16x16_32x32_2x2_8x32x1_8x32x1_1x32x1x8_8_1x1_intrawave_v3,663.15,843.44,0.0
gfx942,304,496,14336,5120,ck,0,0,109.843,a8w8_blockscale_1x128x128_256x128x128x128_16x16_32x32_2x2_8x32x1_8x32x1_1x32x1x8_8_1x1_intrawave_v3,662.88,820.82,0.0
gfx942,304,512,14336,5120,ck,0,0,97.2867,a8w8_blockscale_1x128x128_256x128x128x128_16x16_32x32_2x2_8x32x1_8x32x1_1x32x1x8_8_1x1_intrawave_v3,772.58,932.31,0.0
gfx942,304,907,14336,5120,ck,0,0,177.878,a8w8_blockscale_1x128x128_256x128x128x128_16x16_32x32_2x2_8x32x1_8x32x1_1x32x1x8_8_1x1_intrawave_v3,748.54,584.95,0.0
gfx942,304,1024,14336,5120,ck,0,0,184.6703,a8w8_blockscale_1x128x128_256x128x128x128_16x16_32x32_2x2_8x32x1_8x32x1_1x32x1x8_8_1x1_intrawave_v3,814.01,584.84,0.0
gfx942,304,1027,14336,5120,ck,0,0,199.0724,a8w8_blockscale_1x128x128_256x128x128x128_16x16_32x32_2x2_8x32x1_8x32x1_1x32x1x8_8_1x1_intrawave_v3,757.33,543.04,0.0
gfx942,304,1088,14336,5120,ck,0,0,199.6322,a8w8_blockscale_1x128x128_256x128x128x128_16x16_32x32_2x2_8x32x1_8x32x1_1x32x1x8_8_1x1_intrawave_v3,800.07,551.84,0.0
gfx942,304,1151,14336,5120,ck,0,0,204.4753,a8w8_blockscale_1x128x128_256x128x128x128_16x16_32x32_2x2_8x32x1_8x32x1_1x32x1x8_8_1x1_intrawave_v3,826.35,549.19,0.0
gfx942,304,1216,14336,5120,ck,0,0,211.5647,a8w8_blockscale_1x128x128_256x128x128x128_16x16_32x32_2x2_8x32x1_8x32x1_1x32x1x8_8_1x1_intrawave_v3,843.76,541.16,0.0
gfx942,304,1594,14336,5120,ck,0,0,274.2026,a8w8_blockscale_1x128x128_256x128x128x128_16x16_32x32_2x2_8x32x1_8x32x1_1x32x1x8_8_1x1_intrawave_v3,853.38,464.13,0.0
gfx942,304,1814,14336,5120,ck,0,0,317.3817,a8w8_blockscale_1x128x128_256x128x128x128_16x16_32x32_2x2_8x32x1_8x32x1_1x32x1x8_8_1x1_intrawave_v3,839.04,424.41,0.0
gfx942,304,2048,14336,5120,ck,0,0,320.0533,a8w8_blockscale_1x128x128_256x128x128x128_16x16_32x32_2x2_8x32x1_8x32x1_1x32x1x8_8_1x1_intrawave_v3,939.37,445.57,0.0
gfx942,304,3072,14336,5120,ck,0,0,476.3053,a8w8_blockscale_1x128x128_256x128x128x128_16x16_32x32_2x2_8x32x1_8x32x1_1x32x1x8_8_1x1_intrawave_v3,946.81,372.05,0.0
gfx942,304,3073,14336,5120,ck,0,0,499.5021,a8w8_blockscale_1x128x128_256x128x128x128_16x16_32x32_2x2_8x32x1_8x32x1_1x32x1x8_8_1x1_intrawave_v3,903.14,354.84,0.0
gfx942,304,5737,14336,5120,ck,0,0,837.6106,a8w8_blockscale_1x128x128_256x128x128x128_16x16_32x32_2x2_8x32x1_8x32x1_1x32x1x8_8_1x1_intrawave_v3,1005.47,319.08,0.0
gfx942,304,7169,14336,5120,ck,0,0,1089.5985,a8w8_blockscale_1x128x128_256x128x128x128_16x16_32x32_2x2_8x32x1_8x32x1_1x32x1x8_8_1x1_intrawave_v3,965.87,289.7,0.0
gfx942,304,8192,14336,5120,ck,0,0,1193.9812,a8w8_blockscale_1x128x128_256x128x128x128_16x16_32x32_2x2_8x32x1_8x32x1_1x32x1x8_8_1x1_intrawave_v3,1007.21,293.32,0.0
gfx942,304,8208,14336,5120,ck,0,0,1210.7895,a8w8_blockscale_1x128x128_256x128x128x128_16x16_32x32_2x2_8x32x1_8x32x1_1x32x1x8_8_1x1_intrawave_v3,995.17,289.7,0.0
gfx942,304,8240,14336,5120,ck,0,0,1207.8074,a8w8_blockscale_1x128x128_256x128x128x128_16x16_32x32_2x2_8x32x1_8x32x1_1x32x1x8_8_1x1_intrawave_v3,1001.52,291.31,0.0
gfx942,304,8243,14336,5120,ck,0,0,1216.1697,a8w8_blockscale_1x128x128_256x128x128x128_16x16_32x32_2x2_8x32x1_8x32x1_1x32x1x8_8_1x1_intrawave_v3,994.99,289.39,0.0
gfx942,304,8248,14336,5120,ck,0,0,1216.2876,a8w8_blockscale_1x128x128_256x128x128x128_16x16_32x32_2x2_8x32x1_8x32x1_1x32x1x8_8_1x1_intrawave_v3,995.5,289.5,0.0
gfx942,304,8296,14336,5120,ck,0,0,1229.7051,a8w8_blockscale_1x128x128_256x128x128x128_16x16_32x32_2x2_8x32x1_8x32x1_1x32x1x8_8_1x1_intrawave_v3,990.37,287.66,0.0
gfx942,304,8304,14336,5120,ck,0,0,1239.5471,a8w8_blockscale_1x128x128_256x128x128x128_16x16_32x32_2x2_8x32x1_8x32x1_1x32x1x8_8_1x1_intrawave_v3,983.45,285.6,0.0
gfx942,304,8312,14336,5120,ck,0,0,1234.8263,a8w8_blockscale_1x128x128_256x128x128x128_16x16_32x32_2x2_8x32x1_8x32x1_1x32x1x8_8_1x1_intrawave_v3,988.16,286.91,0.0
gfx942,304,8455,14336,5120,ck,0,0,1221.6791,a8w8_blockscale_1x128x128_256x128x128x128_16x16_32x32_2x2_8x32x1_8x32x1_1x32x1x8_8_1x1_intrawave_v3,1015.98,293.95,0.0
gfx942,304,14448,14336,5120,ck,0,0,2094.5834,a8w8_blockscale_1x128x128_256x128x128x128_16x16_32x32_2x2_8x32x1_8x32x1_1x32x1x8_8_1x1_intrawave_v3,1012.6,268.13,0.0
gfx942,304,14451,14336,5120,ck,0,0,2107.099,a8w8_blockscale_1x128x128_256x128x128x128_16x16_32x32_2x2_8x32x1_8x32x1_1x32x1x8_8_1x1_intrawave_v3,1006.79,266.59,0.0
gfx942,304,15361,14336,5120,ck,0,0,2215.8505,a8w8_blockscale_1x128x128_256x128x128x128_16x16_32x32_2x2_8x32x1_8x32x1_1x32x1x8_8_1x1_intrawave_v3,1017.67,267.38,0.0
gfx942,304,16384,14336,5120,ck,0,0,2353.9079,a8w8_blockscale_1x128x128_256x128x128x128_16x16_32x32_2x2_8x32x1_8x32x1_1x32x1x8_8_1x1_intrawave_v3,1021.78,266.39,0.0
gfx942,304,16449,14336,5120,ck,0,0,2386.2506,a8w8_blockscale_1x128x128_256x128x128x128_16x16_32x32_2x2_8x32x1_8x32x1_1x32x1x8_8_1x1_intrawave_v3,1011.93,263.7,0.0
gfx942,304,16612,14336,5120,ck,0,0,2424.8662,a8w8_blockscale_1x128x128_256x128x128x128_16x16_32x32_2x2_8x32x1_8x32x1_1x32x1x8_8_1x1_intrawave_v3,1005.69,261.77,0.0
gfx942,304,16631,14336,5120,ck,0,0,2410.9525,a8w8_blockscale_1x128x128_256x128x128x128_16x16_32x32_2x2_8x32x1_8x32x1_1x32x1x8_8_1x1_intrawave_v3,1012.65,263.55,0.0
gfx942,304,24577,14336,5120,ck,0,0,3561.3999,a8w8_blockscale_1x128x128_256x128x128x128_16x16_32x32_2x2_8x32x1_8x32x1_1x32x1x8_8_1x1_intrawave_v3,1013.06,253.81,0.0
gfx942,304,24813,14336,5120,ck,0,0,3609.4695,a8w8_blockscale_1x128x128_256x128x128x128_16x16_32x32_2x2_8x32x1_8x32x1_1x32x1x8_8_1x1_intrawave_v3,1009.17,252.64,0.0
gfx942,304,31666,14336,5120,ck,0,0,4515.5494,a8w8_blockscale_1x128x128_256x128x128x128_16x16_32x32_2x2_8x32x1_8x32x1_1x32x1x8_8_1x1_intrawave_v3,1029.46,253.23,0.0
gfx942,304,31745,14336,5120,ck,0,0,4657.6349,a8w8_blockscale_1x128x128_256x128x128x128_16x16_32x32_2x2_8x32x1_8x32x1_1x32x1x8_8_1x1_intrawave_v3,1000.55,246.07,0.0
gfx942,304,31841,14336,5120,ck,0,0,4662.5887,a8w8_blockscale_1x128x128_256x128x128x128_16x16_32x32_2x2_8x32x1_8x32x1_1x32x1x8_8_1x1_intrawave_v3,1002.51,246.51,0.0
gfx942,304,32833,14336,5120,ck,0,0,4738.0793,a8w8_blockscale_1x128x128_256x128x128x128_16x16_32x32_2x2_8x32x1_8x32x1_1x32x1x8_8_1x1_intrawave_v3,1017.27,249.66,0.0
gfx942,304,33000,14336,5120,ck,0,0,4708.8373,a8w8_blockscale_1x128x128_256x128x128x128_16x16_32x32_2x2_8x32x1_8x32x1_1x32x1x8_8_1x1_intrawave_v3,1028.79,252.41,0.0
gfx942,304,39966,14336,5120,ck,0,0,5784.8674,a8w8_blockscale_1x128x128_256x128x128x128_16x16_32x32_2x2_8x32x1_8x32x1_1x32x1x8_8_1x1_intrawave_v3,1014.2,246.15,0.0
gfx942,304,46284,14336,5120,ck,0,0,6588.8049,a8w8_blockscale_1x128x128_256x128x128x128_16x16_32x32_2x2_8x32x1_8x32x1_1x32x1x8_8_1x1_intrawave_v3,1031.22,248.52,0.0
gfx942,304,47797,14336,5120,ck,0,0,6959.6359,a8w8_blockscale_1x128x128_256x128x128x128_16x16_32x32_2x2_8x32x1_8x32x1_1x32x1x8_8_1x1_intrawave_v3,1008.19,242.62,0.0
gfx942,304,47855,14336,5120,ck,0,0,6915.7417,a8w8_blockscale_1x128x128_256x128x128x128_16x16_32x32_2x2_8x32x1_8x32x1_1x32x1x8_8_1x1_intrawave_v3,1015.82,244.44,0.0
gfx942,304,48140,14336,5120,ck,0,0,7032.7004,a8w8_blockscale_1x128x128_256x128x128x128_16x16_32x32_2x2_8x32x1_8x32x1_1x32x1x8_8_1x1_intrawave_v3,1004.87,241.75,0.0
gfx942,304,48157,14336,5120,ck,0,0,7035.9158,a8w8_blockscale_1x128x128_256x128x128x128_16x16_32x32_2x2_8x32x1_8x32x1_1x32x1x8_8_1x1_intrawave_v3,1004.77,241.72,0.0
gfx942,304,48164,14336,5120,ck,0,0,6949.0094,a8w8_blockscale_1x128x128_256x128x128x128_16x16_32x32_2x2_8x32x1_8x32x1_1x32x1x8_8_1x1_intrawave_v3,1017.48,244.78,0.0
gfx942,304,48172,14336,5120,ck,0,0,6862.871,a8w8_blockscale_1x128x128_256x128x128x128_16x16_32x32_2x2_8x32x1_8x32x1_1x32x1x8_8_1x1_intrawave_v3,1030.43,247.89,0.0
gfx942,304,48561,14336,5120,ck,0,0,7004.7575,a8w8_blockscale_1x128x128_256x128x128x128_16x16_32x32_2x2_8x32x1_8x32x1_1x32x1x8_8_1x1_intrawave_v3,1017.71,244.74,0.0
gfx942,304,48934,14336,5120,ck,0,0,7136.3581,a8w8_blockscale_1x128x128_256x128x128x128_16x16_32x32_2x2_8x32x1_8x32x1_1x32x1x8_8_1x1_intrawave_v3,1006.61,242.0,0.0
gfx942,304,51201,14336,5120,ck,0,0,7399.2282,a8w8_blockscale_1x128x128_256x128x128x128_16x16_32x32_2x2_8x32x1_8x32x1_1x32x1x8_8_1x1_intrawave_v3,1015.83,243.75,0.0
gfx942,304,51624,14336,5120,ck,0,0,7461.897,a8w8_blockscale_1x128x128_256x128x128x128_16x16_32x32_2x2_8x32x1_8x32x1_1x32x1x8_8_1x1_intrawave_v3,1015.62,243.62,0.0
gfx942,304,52569,14336,5120,ck,0,0,7477.073,a8w8_blockscale_1x128x128_256x128x128x128_16x16_32x32_2x2_8x32x1_8x32x1_1x32x1x8_8_1x1_intrawave_v3,1032.11,247.4,0.0
gfx942,304,53153,14336,5120,ck,0,0,7776.8856,a8w8_blockscale_1x128x128_256x128x128x128_16x16_32x32_2x2_8x32x1_8x32x1_1x32x1x8_8_1x1_intrawave_v3,1003.34,240.4,0.0
gfx942,304,57345,14336,5120,ck,0,0,8171.5728,a8w8_blockscale_1x128x128_256x128x128x128_16x16_32x32_2x2_8x32x1_8x32x1_1x32x1x8_8_1x1_intrawave_v3,1030.19,246.12,0.0
gfx942,304,57353,14336,5120,ck,0,0,8261.7925,a8w8_blockscale_1x128x128_256x128x128x128_16x16_32x32_2x2_8x32x1_8x32x1_1x32x1x8_8_1x1_intrawave_v3,1019.08,243.47,0.0
gfx942,304,57354,14336,5120,ck,0,0,8287.0215,a8w8_blockscale_1x128x128_256x128x128x128_16x16_32x32_2x2_8x32x1_8x32x1_1x32x1x8_8_1x1_intrawave_v3,1016.0,242.73,0.0
gfx942,304,57386,14336,5120,ck,0,0,8291.9974,a8w8_blockscale_1x128x128_256x128x128x128_16x16_32x32_2x2_8x32x1_8x32x1_1x32x1x8_8_1x1_intrawave_v3,1015.96,242.71,0.0
gfx942,304,57393,14336,5120,ck,0,0,8297.5863,a8w8_blockscale_1x128x128_256x128x128x128_16x16_32x32_2x2_8x32x1_8x32x1_1x32x1x8_8_1x1_intrawave_v3,1015.4,242.58,0.0
gfx942,304,57394,14336,5120,ck,0,0,8360.6488,a8w8_blockscale_1x128x128_256x128x128x128_16x16_32x32_2x2_8x32x1_8x32x1_1x32x1x8_8_1x1_intrawave_v3,1007.75,240.75,0.0
gfx942,304,57409,14336,5120,ck,0,0,8265.9121,a8w8_blockscale_1x128x128_256x128x128x128_16x16_32x32_2x2_8x32x1_8x32x1_1x32x1x8_8_1x1_intrawave_v3,1019.57,243.57,0.0
gfx942,304,57449,14336,5120,ck,0,0,8304.2882,a8w8_blockscale_1x128x128_256x128x128x128_16x16_32x32_2x2_8x32x1_8x32x1_1x32x1x8_8_1x1_intrawave_v3,1015.57,242.61,0.0
gfx942,304,57457,14336,5120,ck,0,0,8267.7878,a8w8_blockscale_1x128x128_256x128x128x128_16x16_32x32_2x2_8x32x1_8x32x1_1x32x1x8_8_1x1_intrawave_v3,1020.19,243.72,0.0
gfx942,304,57569,14336,5120,ck,0,0,8277.0928,a8w8_blockscale_1x128x128_256x128x128x128_16x16_32x32_2x2_8x32x1_8x32x1_1x32x1x8_8_1x1_intrawave_v3,1021.03,243.9,0.0
gfx942,304,57577,14336,5120,ck,0,0,8779.5376,a8w8_blockscale_1x128x128_256x128x128x128_16x16_32x32_2x2_8x32x1_8x32x1_1x32x1x8_8_1x1_intrawave_v3,962.73,229.97,0.0
gfx942,304,57582,14336,5120,ck,0,0,8814.4996,a8w8_blockscale_1x128x128_256x128x128x128_16x16_32x32_2x2_8x32x1_8x32x1_1x32x1x8_8_1x1_intrawave_v3,959.0,229.08,0.0
gfx942,304,58305,14336,5120,ck,0,0,8942.5088,a8w8_blockscale_1x128x128_256x128x128x128_16x16_32x32_2x2_8x32x1_8x32x1_1x32x1x8_8_1x1_intrawave_v3,957.14,228.53,0.0
gfx942,304,58833,14336,5120,ck,0,0,9132.5432,a8w8_blockscale_1x128x128_256x128x128x128_16x16_32x32_2x2_8x32x1_8x32x1_1x32x1x8_8_1x1_intrawave_v3,945.71,225.73,0.0
gfx942,304,60000,14336,5120,ck,0,0,9157.4808,a8w8_blockscale_1x128x128_256x128x128x128_16x16_32x32_2x2_8x32x1_8x32x1_1x32x1x8_8_1x1_intrawave_v3,961.84,229.42,0.0
gfx942,304,60008,14336,5120,ck,0,0,9206.5718,a8w8_blockscale_1x128x128_256x128x128x128_16x16_32x32_2x2_8x32x1_8x32x1_1x32x1x8_8_1x1_intrawave_v3,956.84,228.23,0.0
gfx942,304,60009,14336,5120,ck,0,0,9109.0496,a8w8_blockscale_1x128x128_256x128x128x128_16x16_32x32_2x2_8x32x1_8x32x1_1x32x1x8_8_1x1_intrawave_v3,967.1,230.67,0.0
gfx942,304,60010,14336,5120,ck,0,0,9168.1464,a8w8_blockscale_1x128x128_256x128x128x128_16x16_32x32_2x2_8x32x1_8x32x1_1x32x1x8_8_1x1_intrawave_v3,960.88,229.19,0.0
gfx942,304,60059,14336,5120,ck,0,0,9224.5578,a8w8_blockscale_1x128x128_256x128x128x128_16x16_32x32_2x2_8x32x1_8x32x1_1x32x1x8_8_1x1_intrawave_v3,955.79,227.97,0.0
gfx942,304,60060,14336,5120,ck,0,0,9225.5864,a8w8_blockscale_1x128x128_256x128x128x128_16x16_32x32_2x2_8x32x1_8x32x1_1x32x1x8_8_1x1_intrawave_v3,955.69,227.95,0.0
gfx942,304,61313,14336,5120,ck,0,0,9434.9958,a8w8_blockscale_1x128x128_256x128x128x128_16x16_32x32_2x2_8x32x1_8x32x1_1x32x1x8_8_1x1_intrawave_v3,953.98,227.38,0.0
gfx942,304,61444,14336,5120,ck,0,0,9597.0708,a8w8_blockscale_1x128x128_256x128x128x128_16x16_32x32_2x2_8x32x1_8x32x1_1x32x1x8_8_1x1_intrawave_v3,939.87,224.0,0.0
gfx942,304,64513,14336,5120,ck,0,0,9880.4946,a8w8_blockscale_1x128x128_256x128x128x128_16x16_32x32_2x2_8x32x1_8x32x1_1x32x1x8_8_1x1_intrawave_v3,958.51,228.07,0.0
gfx942,304,64514,14336,5120,ck,0,0,9951.5352,a8w8_blockscale_1x128x128_256x128x128x128_16x16_32x32_2x2_8x32x1_8x32x1_1x32x1x8_8_1x1_intrawave_v3,951.68,226.44,0.0
gfx942,304,64576,14336,5120,ck,0,0,9815.6798,a8w8_blockscale_1x128x128_256x128x128x128_16x16_32x32_2x2_8x32x1_8x32x1_1x32x1x8_8_1x1_intrawave_v3,965.78,229.79,0.0
gfx942,304,64577,14336,5120,ck,0,0,9859.201,a8w8_blockscale_1x128x128_256x128x128x128_16x16_32x32_2x2_8x32x1_8x32x1_1x32x1x8_8_1x1_intrawave_v3,961.53,228.78,0.0
gfx942,304,64590,14336,5120,ck,0,0,9904.1268,a8w8_blockscale_1x128x128_256x128x128x128_16x16_32x32_2x2_8x32x1_8x32x1_1x32x1x8_8_1x1_intrawave_v3,957.36,227.79,0.0
gfx942,304,64625,14336,5120,ck,0,0,9950.1682,a8w8_blockscale_1x128x128_256x128x128x128_16x16_32x32_2x2_8x32x1_8x32x1_1x32x1x8_8_1x1_intrawave_v3,953.45,226.85,0.0
gfx942,304,64628,14336,5120,ck,0,0,9781.0338,a8w8_blockscale_1x128x128_256x128x128x128_16x16_32x32_2x2_8x32x1_8x32x1_1x32x1x8_8_1x1_intrawave_v3,969.98,230.78,0.0
gfx942,304,65536,14336,5120,ck,0,0,9970.466,a8w8_blockscale_1x128x128_256x128x128x128_16x16_32x32_2x2_8x32x1_8x32x1_1x32x1x8_8_1x1_intrawave_v3,964.92,229.48,0.0
gfx942,304,1,16384,5120,ck,8,0,18.9244,a8w8_blockscale_1x128x128_256x16x64x256_16x16_16x16_1x1_16x16x1_16x16x1_1x16x1x16_4_1x1_intrawave_v1,8.87,4434.7,0.0
gfx942,304,2,16384,5120,ck,8,0,19.1766,a8w8_blockscale_1x128x128_256x16x64x256_16x16_16x16_1x1_16x16x1_16x16x1_1x16x1x16_4_1x1_intrawave_v1,17.5,4378.36,0.0
gfx942,304,4,16384,5120,ck,5,1,19.0255,a8w8_blockscale_1x128x128_256x16x128x128_8x16_16x16_1x2_16x16x1_8x32x1_1x16x1x16_8_1x2_intrawave_v1,35.27,4417.11,0.0
gfx942,304,8,16384,5120,ck,5,1,19.562,a8w8_blockscale_1x128x128_256x16x128x128_8x16_16x16_1x2_16x16x1_8x32x1_1x16x1x16_8_1x2_intrawave_v1,68.61,4303.72,0.0
gfx942,304,16,16384,5120,ck,8,0,19.8718,a8w8_blockscale_1x128x128_256x16x64x256_16x16_16x16_1x1_16x16x1_16x16x1_1x16x1x16_4_1x1_intrawave_v1,135.08,4251.86,0.0
gfx942,304,40,16384,5120,ck,18,0,30.4482,a8w8_blockscale_1x128x128_256x64x64x256_16x16_32x32_1x1_16x16x1_16x16x1_1x32x1x8_8_1x1_intrawave_v1,220.4,2804.82,0.0
gfx942,304,48,16384,5120,ck,18,0,27.0543,a8w8_blockscale_1x128x128_256x64x64x256_16x16_32x32_1x1_16x16x1_16x16x1_1x32x1x8_8_1x1_intrawave_v1,297.66,3167.87,0.0
gfx942,304,56,16384,5120,ck,18,0,27.3319,a8w8_blockscale_1x128x128_256x64x64x256_16x16_32x32_1x1_16x16x1_16x16x1_1x32x1x8_8_1x1_intrawave_v1,343.75,3146.79,0.0
gfx942,304,64,16384,5120,ck,18,0,25.2718,a8w8_blockscale_1x128x128_256x64x64x256_16x16_32x32_1x1_16x16x1_16x16x1_1x32x1x8_8_1x1_intrawave_v1,424.88,3415.31,0.0
gfx942,304,72,16384,5120,ck,2,0,45.2192,a8w8_blockscale_1x128x128_256x64x128x128_16x16_32x32_1x2_8x32x1_8x32x1_1x32x1x8_8_1x1_intrawave_v3,267.13,1915.43,0.0
gfx942,304,80,16384,5120,ck,2,0,34.6077,a8w8_blockscale_1x128x128_256x64x128x128_16x16_32x32_1x2_8x32x1_8x32x1_1x32x1x8_8_1x1_intrawave_v3,387.83,2511.5,0.0
gfx942,304,88,16384,5120,ck,2,0,35.0722,a8w8_blockscale_1x128x128_256x64x128x128_16x16_32x32_1x2_8x32x1_8x32x1_1x32x1x8_8_1x1_intrawave_v3,420.96,2486.88,0.0
gfx942,304,96,16384,5120,ck,2,0,34.2497,a8w8_blockscale_1x128x128_256x64x128x128_16x16_32x32_1x2_8x32x1_8x32x1_1x32x1x8_8_1x1_intrawave_v3,470.26,2555.45,0.0
gfx942,304,104,16384,5120,ck,2,0,50.7439,a8w8_blockscale_1x128x128_256x64x128x128_16x16_32x32_1x2_8x32x1_8x32x1_1x32x1x8_8_1x1_intrawave_v3,343.85,1730.78,0.0
gfx942,304,112,16384,5120,ck,2,0,37.9163,a8w8_blockscale_1x128x128_256x64x128x128_16x16_32x32_1x2_8x32x1_8x32x1_1x32x1x8_8_1x1_intrawave_v3,495.58,2324.32,0.0
gfx942,304,120,16384,5120,ck,2,0,37.9949,a8w8_blockscale_1x128x128_256x64x128x128_16x16_32x32_1x2_8x32x1_8x32x1_1x32x1x8_8_1x1_intrawave_v3,529.88,2327.49,0.0
gfx942,304,128,16384,5120,ck,17,0,37.8619,a8w8_blockscale_1x128x128_256x64x128x256_16x16_32x32_2x1_16x16x1_16x16x1_1x32x1x8_8_1x1_intrawave_v1,567.19,2343.67,0.0
gfx942,304,136,16384,5120,ck,0,0,47.8518,a8w8_blockscale_1x128x128_256x128x128x128_16x16_32x32_2x2_8x32x1_8x32x1_1x32x1x8_8_1x1_intrawave_v3,476.83,1860.72,0.0
gfx942,304,144,16384,5120,ck,0,0,59.1142,a8w8_blockscale_1x128x128_256x128x128x128_16x16_32x32_2x2_8x32x1_8x32x1_1x32x1x8_8_1x1_intrawave_v3,408.69,1511.35,0.0
gfx942,304,152,16384,5120,ck,0,0,59.3354,a8w8_blockscale_1x128x128_256x128x128x128_16x16_32x32_2x2_8x32x1_8x32x1_1x32x1x8_8_1x1_intrawave_v3,429.78,1510.82,0.0
gfx942,304,160,16384,5120,ck,0,0,49.717,a8w8_blockscale_1x128x128_256x128x128x128_16x16_32x32_2x2_8x32x1_8x32x1_1x32x1x8_8_1x1_intrawave_v3,539.93,1809.2,0.0
gfx942,304,168,16384,5120,ck,0,0,49.9627,a8w8_blockscale_1x128x128_256x128x128x128_16x16_32x32_2x2_8x32x1_8x32x1_1x32x1x8_8_1x1_intrawave_v3,564.13,1806.37,0.0
gfx942,304,176,16384,5120,ck,0,0,49.7286,a8w8_blockscale_1x128x128_256x128x128x128_16x16_32x32_2x2_8x32x1_8x32x1_1x32x1x8_8_1x1_intrawave_v3,593.78,1820.97,0.0
gfx942,304,184,16384,5120,ck,0,0,50.8427,a8w8_blockscale_1x128x128_256x128x128x128_16x16_32x32_2x2_8x32x1_8x32x1_1x32x1x8_8_1x1_intrawave_v3,607.17,1787.03,0.0
gfx942,304,192,16384,5120,ck,0,0,50.1602,a8w8_blockscale_1x128x128_256x128x128x128_16x16_32x32_2x2_8x32x1_8x32x1_1x32x1x8_8_1x1_intrawave_v3,642.19,1817.39,0.0
gfx942,304,200,16384,5120,ck,0,0,49.6474,a8w8_blockscale_1x128x128_256x128x128x128_16x16_32x32_2x2_8x32x1_8x32x1_1x32x1x8_8_1x1_intrawave_v3,675.85,1842.26,0.0
gfx942,304,208,16384,5120,ck,0,0,66.4704,a8w8_blockscale_1x128x128_256x128x128x128_16x16_32x32_2x2_8x32x1_8x32x1_1x32x1x8_8_1x1_intrawave_v3,524.99,1380.57,0.0
gfx942,304,216,16384,5120,ck,0,0,52.2762,a8w8_blockscale_1x128x128_256x128x128x128_16x16_32x32_2x2_8x32x1_8x32x1_1x32x1x8_8_1x1_intrawave_v3,693.22,1761.22,0.0
gfx942,304,224,16384,5120,ck,0,0,69.5915,a8w8_blockscale_1x128x128_256x128x128x128_16x16_32x32_2x2_8x32x1_8x32x1_1x32x1x8_8_1x1_intrawave_v3,540.02,1327.36,0.0
gfx942,304,232,16384,5120,ck,0,0,70.2629,a8w8_blockscale_1x128x128_256x128x128x128_16x16_32x32_2x2_8x32x1_8x32x1_1x32x1x8_8_1x1_intrawave_v3,553.96,1318.99,0.0
gfx942,304,240,16384,5120,ck,0,0,55.2959,a8w8_blockscale_1x128x128_256x128x128x128_16x16_32x32_2x2_8x32x1_8x32x1_1x32x1x8_8_1x1_intrawave_v3,728.18,1681.48,0.0
gfx942,304,248,16384,5120,ck,0,0,72.1511,a8w8_blockscale_1x128x128_256x128x128x128_16x16_32x32_2x2_8x32x1_8x32x1_1x32x1x8_8_1x1_intrawave_v3,576.67,1292.87,0.0
gfx942,304,256,16384,5120,ck,0,0,76.3482,a8w8_blockscale_1x128x128_256x128x128x128_16x16_32x32_2x2_8x32x1_8x32x1_1x32x1x8_8_1x1_intrawave_v3,562.55,1225.77,0.0
gfx942,304,272,16384,5120,ck,0,0,90.0679,a8w8_blockscale_1x128x128_256x128x128x128_16x16_32x32_2x2_8x32x1_8x32x1_1x32x1x8_8_1x1_intrawave_v3,506.66,1045.78,0.0
gfx942,304,288,16384,5120,ck,0,0,91.9728,a8w8_blockscale_1x128x128_256x128x128x128_16x16_32x32_2x2_8x32x1_8x32x1_1x32x1x8_8_1x1_intrawave_v3,525.36,1030.72,0.0
gfx942,304,304,16384,5120,ck,0,0,94.4074,a8w8_blockscale_1x128x128_256x128x128x128_16x16_32x32_2x2_8x32x1_8x32x1_1x32x1x8_8_1x1_intrawave_v3,540.24,1010.56,0.0
gfx942,304,320,16384,5120,ck,0,0,93.5137,a8w8_blockscale_1x128x128_256x128x128x128_16x16_32x32_2x2_8x32x1_8x32x1_1x32x1x8_8_1x1_intrawave_v3,574.11,1026.7,0.0
gfx942,304,336,16384,5120,ck,2,0,93.9114,a8w8_blockscale_1x128x128_256x64x128x128_16x16_32x32_1x2_8x32x1_8x32x1_1x32x1x8_8_1x1_intrawave_v3,600.26,1028.8,0.0
gfx942,304,352,16384,5120,ck,2,0,96.1554,a8w8_blockscale_1x128x128_256x64x128x128_16x16_32x32_1x2_8x32x1_8x32x1_1x32x1x8_8_1x1_intrawave_v3,614.17,1011.1,0.0
gfx942,304,368,16384,5120,ck,2,0,98.6967,a8w8_blockscale_1x128x128_256x64x128x128_16x16_32x32_1x2_8x32x1_8x32x1_1x32x1x8_8_1x1_intrawave_v3,625.55,991.21,0.0
gfx942,304,384,16384,5120,ck,2,0,98.0033,a8w8_blockscale_1x128x128_256x64x128x128_16x16_32x32_1x2_8x32x1_8x32x1_1x32x1x8_8_1x1_intrawave_v3,657.37,1004.41,0.0
gfx942,304,400,16384,5120,ck,0,0,101.4139,a8w8_blockscale_1x128x128_256x128x128x128_16x16_32x32_2x2_8x32x1_8x32x1_1x32x1x8_8_1x1_intrawave_v3,661.73,976.6,0.0
gfx942,304,416,16384,5120,ck,0,0,96.0531,a8w8_blockscale_1x128x128_256x128x128x128_16x16_32x32_2x2_8x32x1_8x32x1_1x32x1x8_8_1x1_intrawave_v3,726.61,1037.42,0.0
gfx942,304,432,16384,5120,ck,0,0,99.5693,a8w8_blockscale_1x128x128_256x128x128x128_16x16_32x32_2x2_8x32x1_8x32x1_1x32x1x8_8_1x1_intrawave_v3,727.91,1006.87,0.0
gfx942,304,448,16384,5120,ck,0,0,96.6772,a8w8_blockscale_1x128x128_256x128x128x128_16x16_32x32_2x2_8x32x1_8x32x1_1x32x1x8_8_1x1_intrawave_v3,777.45,1043.26,0.0
gfx942,304,464,16384,5120,ck,0,0,108.4514,a8w8_blockscale_1x128x128_256x128x128x128_16x16_32x32_2x2_8x32x1_8x32x1_1x32x1x8_8_1x1_intrawave_v3,717.8,935.59,0.0
gfx942,304,480,16384,5120,ck,0,0,100.5376,a8w8_blockscale_1x128x128_256x128x128x128_16x16_32x32_2x2_8x32x1_8x32x1_1x32x1x8_8_1x1_intrawave_v3,801.0,1015.26,0.0
gfx942,304,496,16384,5120,ck,0,0,111.892,a8w8_blockscale_1x128x128_256x128x128x128_16x16_32x32_2x2_8x32x1_8x32x1_1x32x1x8_8_1x1_intrawave_v3,743.71,917.66,0.0
gfx942,304,512,16384,5120,ck,0,0,115.3062,a8w8_blockscale_1x128x128_256x128x128x128_16x16_32x32_2x2_8x32x1_8x32x1_1x32x1x8_8_1x1_intrawave_v3,744.97,895.74,0.0
gfx942,304,907,16384,5120,ck,0,0,191.5768,a8w8_blockscale_1x128x128_256x128x128x128_16x16_32x32_2x2_8x32x1_8x32x1_1x32x1x8_8_1x1_intrawave_v3,794.3,617.25,0.0
gfx942,304,1024,16384,5120,ck,0,0,200.4529,a8w8_blockscale_1x128x128_256x128x128x128_16x16_32x32_2x2_8x32x1_8x32x1_1x32x1x8_8_1x1_intrawave_v3,857.05,612.03,0.0
gfx942,304,1027,16384,5120,ck,0,0,216.7393,a8w8_blockscale_1x128x128_256x128x128x128_16x16_32x32_2x2_8x32x1_8x32x1_1x32x1x8_8_1x1_intrawave_v3,794.97,566.57,0.0
gfx942,304,1088,16384,5120,ck,0,0,217.4151,a8w8_blockscale_1x128x128_256x128x128x128_16x16_32x32_2x2_8x32x1_8x32x1_1x32x1x8_8_1x1_intrawave_v3,839.57,575.43,0.0
gfx942,304,1151,16384,5120,ck,0,0,221.5313,a8w8_blockscale_1x128x128_256x128x128x128_16x16_32x32_2x2_8x32x1_8x32x1_1x32x1x8_8_1x1_intrawave_v3,871.69,575.52,0.0
gfx942,304,1216,16384,5120,ck,0,0,249.2421,a8w8_blockscale_1x128x128_256x128x128x128_16x16_32x32_2x2_8x32x1_8x32x1_1x32x1x8_8_1x1_intrawave_v3,818.53,521.41,0.0
gfx942,304,1594,16384,5120,ck,0,0,308.8036,a8w8_blockscale_1x128x128_256x128x128x128_16x16_32x32_2x2_8x32x1_8x32x1_1x32x1x8_8_1x1_intrawave_v3,866.02,467.22,0.0
gfx942,304,1814,16384,5120,ck,0,0,361.7025,a8w8_blockscale_1x128x128_256x128x128x128_16x16_32x32_2x2_8x32x1_8x32x1_1x32x1x8_8_1x1_intrawave_v3,841.41,421.93,0.0
gfx942,304,2048,16384,5120,ck,0,0,368.9156,a8w8_blockscale_1x128x128_256x128x128x128_16x16_32x32_2x2_8x32x1_8x32x1_1x32x1x8_8_1x1_intrawave_v3,931.37,437.72,0.0
gfx942,304,3072,16384,5120,ck,0,0,560.117,a8w8_blockscale_1x128x128_256x128x128x128_16x16_32x32_2x2_8x32x1_8x32x1_1x32x1x8_8_1x1_intrawave_v3,920.16,357.56,0.0
gfx942,304,3073,16384,5120,ck,0,0,564.1339,a8w8_blockscale_1x128x128_256x128x128x128_16x16_32x32_2x2_8x32x1_8x32x1_1x32x1x8_8_1x1_intrawave_v3,913.9,355.09,0.0
gfx942,304,5737,16384,5120,ck,0,0,996.4335,a8w8_blockscale_1x128x128_256x128x128x128_16x16_32x32_2x2_8x32x1_8x32x1_1x32x1x8_8_1x1_intrawave_v3,965.95,302.33,0.0
gfx942,304,7169,16384,5120,ck,0,0,1218.2996,a8w8_blockscale_1x128x128_256x128x128x128_16x16_32x32_2x2_8x32x1_8x32x1_1x32x1x8_8_1x1_intrawave_v3,987.24,291.8,0.0
gfx942,304,8192,16384,5120,ck,0,0,1361.4992,a8w8_blockscale_1x128x128_256x128x128x128_16x16_32x32_2x2_8x32x1_8x32x1_1x32x1x8_8_1x1_intrawave_v3,1009.47,289.58,0.0
gfx942,304,8208,16384,5120,ck,0,0,1387.5002,a8w8_blockscale_1x128x128_256x128x128x128_16x16_32x32_2x2_8x32x1_8x32x1_1x32x1x8_8_1x1_intrawave_v3,992.49,284.59,0.0
gfx942,304,8240,16384,5120,ck,0,0,1395.5602,a8w8_blockscale_1x128x128_256x128x128x128_16x16_32x32_2x2_8x32x1_8x32x1_1x32x1x8_8_1x1_intrawave_v3,990.6,283.82,0.0
gfx942,304,8243,16384,5120,ck,0,0,1393.1736,a8w8_blockscale_1x128x128_256x128x128x128_16x16_32x32_2x2_8x32x1_8x32x1_1x32x1x8_8_1x1_intrawave_v3,992.66,284.38,0.0
gfx942,304,8248,16384,5120,ck,0,0,1388.429,a8w8_blockscale_1x128x128_256x128x128x128_16x16_32x32_2x2_8x32x1_8x32x1_1x32x1x8_8_1x1_intrawave_v3,996.66,285.49,0.0
gfx942,304,8296,16384,5120,ck,0,0,1390.1739,a8w8_blockscale_1x128x128_256x128x128x128_16x16_32x32_2x2_8x32x1_8x32x1_1x32x1x8_8_1x1_intrawave_v3,1001.2,286.44,0.0
gfx942,304,8304,16384,5120,ck,0,0,1414.4457,a8w8_blockscale_1x128x128_256x128x128x128_16x16_32x32_2x2_8x32x1_8x32x1_1x32x1x8_8_1x1_intrawave_v3,984.97,281.74,0.0
gfx942,304,8312,16384,5120,ck,0,0,1405.9891,a8w8_blockscale_1x128x128_256x128x128x128_16x16_32x32_2x2_8x32x1_8x32x1_1x32x1x8_8_1x1_intrawave_v3,991.84,283.65,0.0
gfx942,304,8455,16384,5120,ck,0,0,1416.2868,a8w8_blockscale_1x128x128_256x128x128x128_16x16_32x32_2x2_8x32x1_8x32x1_1x32x1x8_8_1x1_intrawave_v3,1001.57,285.41,0.0
gfx942,304,14448,16384,5120,ck,0,0,2364.9943,a8w8_blockscale_1x128x128_256x128x128x128_16x16_32x32_2x2_8x32x1_8x32x1_1x32x1x8_8_1x1_intrawave_v3,1024.94,266.93,0.0
gfx942,304,14451,16384,5120,ck,0,0,2395.1612,a8w8_blockscale_1x128x128_256x128x128x128_16x16_32x32_2x2_8x32x1_8x32x1_1x32x1x8_8_1x1_intrawave_v3,1012.24,263.62,0.0
gfx942,304,15361,16384,5120,ck,0,0,2586.1812,a8w8_blockscale_1x128x128_256x128x128x128_16x16_32x32_2x2_8x32x1_8x32x1_1x32x1x8_8_1x1_intrawave_v3,996.51,257.48,0.0
gfx942,304,16384,16384,5120,ck,0,0,2692.399,a8w8_blockscale_1x128x128_256x128x128x128_16x16_32x32_2x2_8x32x1_8x32x1_1x32x1x8_8_1x1_intrawave_v3,1020.94,261.72,0.0
gfx942,304,16449,16384,5120,ck,0,0,2693.1562,a8w8_blockscale_1x128x128_256x128x128x128_16x16_32x32_2x2_8x32x1_8x32x1_1x32x1x8_8_1x1_intrawave_v3,1024.7,262.56,0.0
gfx942,304,16612,16384,5120,ck,0,0,2707.412,a8w8_blockscale_1x128x128_256x128x128x128_16x16_32x32_2x2_8x32x1_8x32x1_1x32x1x8_8_1x1_intrawave_v3,1029.41,263.46,0.0
gfx942,304,16631,16384,5120,ck,0,0,2719.5118,a8w8_blockscale_1x128x128_256x128x128x128_16x16_32x32_2x2_8x32x1_8x32x1_1x32x1x8_8_1x1_intrawave_v3,1026.0,262.55,0.0
gfx942,304,24577,16384,5120,ck,0,0,4016.6536,a8w8_blockscale_1x128x128_256x128x128x128_16x16_32x32_2x2_8x32x1_8x32x1_1x32x1x8_8_1x1_intrawave_v3,1026.56,252.71,0.0
gfx942,304,24813,16384,5120,ck,0,0,4114.3244,a8w8_blockscale_1x128x128_256x128x128x128_16x16_32x32_2x2_8x32x1_8x32x1_1x32x1x8_8_1x1_intrawave_v3,1011.81,248.89,0.0
gfx942,304,31666,16384,5120,ck,0,0,5247.2577,a8w8_blockscale_1x128x128_256x128x128x128_16x16_32x32_2x2_8x32x1_8x32x1_1x32x1x8_8_1x1_intrawave_v3,1012.47,244.63,0.0
gfx942,304,31745,16384,5120,ck,0,0,5183.5399,a8w8_blockscale_1x128x128_256x128x128x128_16x16_32x32_2x2_8x32x1_8x32x1_1x32x1x8_8_1x1_intrawave_v3,1027.47,248.22,0.0
gfx942,304,31841,16384,5120,ck,0,0,5268.2593,a8w8_blockscale_1x128x128_256x128x128x128_16x16_32x32_2x2_8x32x1_8x32x1_1x32x1x8_8_1x1_intrawave_v3,1014.0,244.92,0.0
gfx942,304,32833,16384,5120,ck,0,0,5436.9008,a8w8_blockscale_1x128x128_256x128x128x128_16x16_32x32_2x2_8x32x1_8x32x1_1x32x1x8_8_1x1_intrawave_v3,1013.16,244.23,0.0
gfx942,304,33000,16384,5120,ck,0,0,5376.1408,a8w8_blockscale_1x128x128_256x128x128x128_16x16_32x32_2x2_8x32x1_8x32x1_1x32x1x8_8_1x1_intrawave_v3,1029.82,248.17,0.0
gfx942,304,39966,16384,5120,ck,0,0,6511.838,a8w8_blockscale_1x128x128_256x128x128x128_16x16_32x32_2x2_8x32x1_8x32x1_1x32x1x8_8_1x1_intrawave_v3,1029.69,245.42,0.0
gfx942,304,46284,16384,5120,ck,0,0,7533.1296,a8w8_blockscale_1x128x128_256x128x128x128_16x16_32x32_2x2_8x32x1_8x32x1_1x32x1x8_8_1x1_intrawave_v3,1030.8,243.92,0.0
gfx942,304,47797,16384,5120,ck,0,0,7781.7925,a8w8_blockscale_1x128x128_256x128x128x128_16x16_32x32_2x2_8x32x1_8x32x1_1x32x1x8_8_1x1_intrawave_v3,1030.48,243.49,0.0
gfx942,304,47855,16384,5120,ck,0,0,7792.5783,a8w8_blockscale_1x128x128_256x128x128x128_16x16_32x32_2x2_8x32x1_8x32x1_1x32x1x8_8_1x1_intrawave_v3,1030.31,243.44,0.0
gfx942,304,48140,16384,5120,ck,0,0,7946.2862,a8w8_blockscale_1x128x128_256x128x128x128_16x16_32x32_2x2_8x32x1_8x32x1_1x32x1x8_8_1x1_intrawave_v3,1016.39,240.09,0.0
gfx942,304,48157,16384,5120,ck,0,0,7854.6158,a8w8_blockscale_1x128x128_256x128x128x128_16x16_32x32_2x2_8x32x1_8x32x1_1x32x1x8_8_1x1_intrawave_v3,1028.62,242.97,0.0
gfx942,304,48164,16384,5120,ck,0,0,7864.8086,a8w8_blockscale_1x128x128_256x128x128x128_16x16_32x32_2x2_8x32x1_8x32x1_1x32x1x8_8_1x1_intrawave_v3,1027.43,242.69,0.0
gfx942,304,48172,16384,5120,ck,0,0,7972.0502,a8w8_blockscale_1x128x128_256x128x128x128_16x16_32x32_2x2_8x32x1_8x32x1_1x32x1x8_8_1x1_intrawave_v3,1013.78,239.46,0.0
gfx942,304,48561,16384,5120,ck,0,0,7915.9921,a8w8_blockscale_1x128x128_256x128x128x128_16x16_32x32_2x2_8x32x1_8x32x1_1x32x1x8_8_1x1_intrawave_v3,1029.21,243.02,0.0
gfx942,304,48934,16384,5120,ck,0,0,8089.7379,a8w8_blockscale_1x128x128_256x128x128x128_16x16_32x32_2x2_8x32x1_8x32x1_1x32x1x8_8_1x1_intrawave_v3,1014.84,239.55,0.0
gfx942,304,51201,16384,5120,ck,0,0,8355.0309,a8w8_blockscale_1x128x128_256x128x128x128_16x16_32x32_2x2_8x32x1_8x32x1_1x32x1x8_8_1x1_intrawave_v3,1028.14,242.22,0.0
gfx942,304,51624,16384,5120,ck,0,0,8406.3264,a8w8_blockscale_1x128x128_256x128x128x128_16x16_32x32_2x2_8x32x1_8x32x1_1x32x1x8_8_1x1_intrawave_v3,1030.3,242.65,0.0
gfx942,304,52569,16384,5120,ck,0,0,8673.5488,a8w8_blockscale_1x128x128_256x128x128x128_16x16_32x32_2x2_8x32x1_8x32x1_1x32x1x8_8_1x1_intrawave_v3,1016.84,239.3,0.0
gfx942,304,53153,16384,5120,ck,0,0,8648.4029,a8w8_blockscale_1x128x128_256x128x128x128_16x16_32x32_2x2_8x32x1_8x32x1_1x32x1x8_8_1x1_intrawave_v3,1031.13,242.56,0.0
gfx942,304,57345,16384,5120,ck,0,0,9345.8188,a8w8_blockscale_1x128x128_256x128x128x128_16x16_32x32_2x2_8x32x1_8x32x1_1x32x1x8_8_1x1_intrawave_v3,1029.43,241.45,0.0
gfx942,304,57353,16384,5120,ck,0,0,9334.009,a8w8_blockscale_1x128x128_256x128x128x128_16x16_32x32_2x2_8x32x1_8x32x1_1x32x1x8_8_1x1_intrawave_v3,1030.88,241.79,0.0
gfx942,304,57354,16384,5120,ck,0,0,9489.9318,a8w8_blockscale_1x128x128_256x128x128x128_16x16_32x32_2x2_8x32x1_8x32x1_1x32x1x8_8_1x1_intrawave_v3,1013.96,237.82,0.0
gfx942,304,57386,16384,5120,ck,0,0,9500.3666,a8w8_blockscale_1x128x128_256x128x128x128_16x16_32x32_2x2_8x32x1_8x32x1_1x32x1x8_8_1x1_intrawave_v3,1013.41,237.69,0.0
gfx942,304,57393,16384,5120,ck,0,0,9495.51,a8w8_blockscale_1x128x128_256x128x128x128_16x16_32x32_2x2_8x32x1_8x32x1_1x32x1x8_8_1x1_intrawave_v3,1014.05,237.84,0.0
gfx942,304,57394,16384,5120,ck,0,0,9466.3235,a8w8_blockscale_1x128x128_256x128x128x128_16x16_32x32_2x2_8x32x1_8x32x1_1x32x1x8_8_1x1_intrawave_v3,1017.2,238.58,0.0
gfx942,304,57409,16384,5120,ck,0,0,9354.7507,a8w8_blockscale_1x128x128_256x128x128x128_16x16_32x32_2x2_8x32x1_8x32x1_1x32x1x8_8_1x1_intrawave_v3,1029.6,241.48,0.0
gfx942,304,57449,16384,5120,ck,0,0,9470.6353,a8w8_blockscale_1x128x128_256x128x128x128_16x16_32x32_2x2_8x32x1_8x32x1_1x32x1x8_8_1x1_intrawave_v3,1017.71,238.69,0.0
gfx942,304,57457,16384,5120,ck,0,0,9467.1596,a8w8_blockscale_1x128x128_256x128x128x128_16x16_32x32_2x2_8x32x1_8x32x1_1x32x1x8_8_1x1_intrawave_v3,1018.22,238.81,0.0
gfx942,304,57569,16384,5120,ck,0,0,9354.3658,a8w8_blockscale_1x128x128_256x128x128x128_16x16_32x32_2x2_8x32x1_8x32x1_1x32x1x8_8_1x1_intrawave_v3,1032.51,242.14,0.0
gfx942,304,57577,16384,5120,ck,0,0,10170.997,a8w8_blockscale_1x128x128_256x128x128x128_16x16_32x32_2x2_8x32x1_8x32x1_1x32x1x8_8_1x1_intrawave_v3,949.74,222.73,0.0
gfx942,304,57582,16384,5120,ck,0,0,10105.9668,a8w8_blockscale_1x128x128_256x128x128x128_16x16_32x32_2x2_8x32x1_8x32x1_1x32x1x8_8_1x1_intrawave_v3,955.94,224.18,0.0
gfx942,304,58305,16384,5120,ck,0,0,10229.5782,a8w8_blockscale_1x128x128_256x128x128x128_16x16_32x32_2x2_8x32x1_8x32x1_1x32x1x8_8_1x1_intrawave_v3,956.24,224.15,0.0
gfx942,304,58833,16384,5120,ck,0,0,10216.4042,a8w8_blockscale_1x128x128_256x128x128x128_16x16_32x32_2x2_8x32x1_8x32x1_1x32x1x8_8_1x1_intrawave_v3,966.15,226.4,0.0
gfx942,304,60000,16384,5120,ck,0,0,10506.8058,a8w8_blockscale_1x128x128_256x128x128x128_16x16_32x32_2x2_8x32x1_8x32x1_1x32x1x8_8_1x1_intrawave_v3,958.08,224.35,0.0
gfx942,304,60008,16384,5120,ck,0,0,10547.4576,a8w8_blockscale_1x128x128_256x128x128x128_16x16_32x32_2x2_8x32x1_8x32x1_1x32x1x8_8_1x1_intrawave_v3,954.51,223.51,0.0
gfx942,304,60009,16384,5120,ck,0,0,10553.1242,a8w8_blockscale_1x128x128_256x128x128x128_16x16_32x32_2x2_8x32x1_8x32x1_1x32x1x8_8_1x1_intrawave_v3,954.02,223.39,0.0
gfx942,304,60010,16384,5120,ck,0,0,10562.154,a8w8_blockscale_1x128x128_256x128x128x128_16x16_32x32_2x2_8x32x1_8x32x1_1x32x1x8_8_1x1_intrawave_v3,953.22,223.21,0.0
gfx942,304,60059,16384,5120,ck,0,0,10747.0608,a8w8_blockscale_1x128x128_256x128x128x128_16x16_32x32_2x2_8x32x1_8x32x1_1x32x1x8_8_1x1_intrawave_v3,937.58,219.54,0.0
gfx942,304,60060,16384,5120,ck,0,0,10561.7214,a8w8_blockscale_1x128x128_256x128x128x128_16x16_32x32_2x2_8x32x1_8x32x1_1x32x1x8_8_1x1_intrawave_v3,954.05,223.4,0.0
gfx942,304,61313,16384,5120,ck,0,0,10799.142,a8w8_blockscale_1x128x128_256x128x128x128_16x16_32x32_2x2_8x32x1_8x32x1_1x32x1x8_8_1x1_intrawave_v3,952.54,222.88,0.0
gfx942,304,61444,16384,5120,ck,0,0,10698.266,a8w8_blockscale_1x128x128_256x128x128x128_16x16_32x32_2x2_8x32x1_8x32x1_1x32x1x8_8_1x1_intrawave_v3,963.58,225.45,0.0
gfx942,304,64513,16384,5120,ck,0,0,11282.207,a8w8_blockscale_1x128x128_256x128x128x128_16x16_32x32_2x2_8x32x1_8x32x1_1x32x1x8_8_1x1_intrawave_v3,959.34,224.08,0.0
gfx942,304,64514,16384,5120,ck,0,0,11350.2882,a8w8_blockscale_1x128x128_256x128x128x128_16x16_32x32_2x2_8x32x1_8x32x1_1x32x1x8_8_1x1_intrawave_v3,953.6,222.74,0.0
gfx942,304,64576,16384,5120,ck,0,0,11382.0744,a8w8_blockscale_1x128x128_256x128x128x128_16x16_32x32_2x2_8x32x1_8x32x1_1x32x1x8_8_1x1_intrawave_v3,951.85,222.33,0.0
gfx942,304,64577,16384,5120,ck,0,0,11321.1822,a8w8_blockscale_1x128x128_256x128x128x128_16x16_32x32_2x2_8x32x1_8x32x1_1x32x1x8_8_1x1_intrawave_v3,956.99,223.53,0.0
gfx942,304,64590,16384,5120,ck,0,0,11347.6126,a8w8_blockscale_1x128x128_256x128x128x128_16x16_32x32_2x2_8x32x1_8x32x1_1x32x1x8_8_1x1_intrawave_v3,954.95,223.05,0.0
gfx942,304,64625,16384,5120,ck,0,0,11338.7608,a8w8_blockscale_1x128x128_256x128x128x128_16x16_32x32_2x2_8x32x1_8x32x1_1x32x1x8_8_1x1_intrawave_v3,956.21,223.34,0.0
gfx942,304,64628,16384,5120,ck,0,0,11361.9034,a8w8_blockscale_1x128x128_256x128x128x128_16x16_32x32_2x2_8x32x1_8x32x1_1x32x1x8_8_1x1_intrawave_v3,954.31,222.9,0.0
gfx942,304,65536,16384,5120,ck,2,0,13627.6398,a8w8_blockscale_1x128x128_256x64x128x128_16x16_32x32_1x2_8x32x1_8x32x1_1x32x1x8_8_1x1_intrawave_v3,806.82,188.36,0.0
gfx942,304,1,34816,5120,ck,7,0,42.2868,a8w8_blockscale_1x128x128_256x16x128x256_16x16_16x16_1x2_16x16x1_16x16x1_1x16x1x16_8_1x2_intrawave_v1,8.43,4217.22,0.0
gfx942,304,2,34816,5120,ck,5,0,33.6941,a8w8_blockscale_1x128x128_256x16x128x128_8x16_16x16_1x2_16x16x1_8x32x1_1x16x1x16_8_1x2_intrawave_v1,21.16,5294.91,0.0
gfx942,304,4,34816,5120,ck,5,0,33.7095,a8w8_blockscale_1x128x128_256x16x128x128_8x16_16x16_1x2_16x16x1_8x32x1_1x16x1x16_8_1x2_intrawave_v1,42.3,5296.93,0.0
gfx942,304,8,34816,5120,ck,5,0,34.0013,a8w8_blockscale_1x128x128_256x16x128x128_8x16_16x16_1x2_16x16x1_8x32x1_1x16x1x16_8_1x2_intrawave_v1,83.88,5260.27,0.0
gfx942,304,16,34816,5120,ck,5,0,34.3246,a8w8_blockscale_1x128x128_256x16x128x128_8x16_16x16_1x2_16x16x1_8x32x1_1x16x1x16_8_1x2_intrawave_v1,166.19,5228.14,0.0
gfx942,304,24,34816,5120,ck,2,0,39.0021,a8w8_blockscale_1x128x128_256x64x128x128_16x16_32x32_1x2_8x32x1_8x32x1_1x32x1x8_8_1x1_intrawave_v3,219.38,4616.47,0.0
gfx942,304,32,34816,5120,ck,2,0,39.1699,a8w8_blockscale_1x128x128_256x64x128x128_16x16_32x32_1x2_8x32x1_8x32x1_1x32x1x8_8_1x1_intrawave_v3,291.26,4611.96,0.0
gfx942,304,40,34816,5120,ck,2,0,40.7756,a8w8_blockscale_1x128x128_256x64x128x128_16x16_32x32_1x2_8x32x1_8x32x1_1x32x1x8_8_1x1_intrawave_v3,349.73,4445.01,0.0
gfx942,304,48,34816,5120,ck,2,0,42.3593,a8w8_blockscale_1x128x128_256x64x128x128_16x16_32x32_1x2_8x32x1_8x32x1_1x32x1x8_8_1x1_intrawave_v3,403.99,4292.95,0.0
gfx942,304,56,34816,5120,ck,2,0,44.1111,a8w8_blockscale_1x128x128_256x64x128x128_16x16_32x32_1x2_8x32x1_8x32x1_1x32x1x8_8_1x1_intrawave_v3,452.6,4136.01,0.0
gfx942,304,64,34816,5120,ck,2,0,45.7029,a8w8_blockscale_1x128x128_256x64x128x128_16x16_32x32_1x2_8x32x1_8x32x1_1x32x1x8_8_1x1_intrawave_v3,499.25,4005.04,0.0
gfx942,304,72,34816,5120,ck,0,0,71.3476,a8w8_blockscale_1x128x128_256x128x128x128_16x16_32x32_2x2_8x32x1_8x32x1_1x32x1x8_8_1x1_intrawave_v3,359.78,2573.88,0.0
gfx942,304,80,34816,5120,ck,0,0,72.8225,a8w8_blockscale_1x128x128_256x128x128x128_16x16_32x32_2x2_8x32x1_8x32x1_1x32x1x8_8_1x1_intrawave_v3,391.65,2529.96,0.0
gfx942,304,88,34816,5120,ck,0,0,74.1372,a8w8_blockscale_1x128x128_256x128x128x128_16x16_32x32_2x2_8x32x1_8x32x1_1x32x1x8_8_1x1_intrawave_v3,423.18,2493.16,0.0
gfx942,304,96,34816,5120,ck,0,0,74.8695,a8w8_blockscale_1x128x128_256x128x128x128_16x16_32x32_2x2_8x32x1_8x32x1_1x32x1x8_8_1x1_intrawave_v3,457.14,2476.76,0.0
gfx942,304,104,34816,5120,ck,0,0,59.0311,a8w8_blockscale_1x128x128_256x128x128x128_16x16_32x32_2x2_8x32x1_8x32x1_1x32x1x8_8_1x1_intrawave_v3,628.1,3151.43,0.0
gfx942,304,112,34816,5120,ck,0,0,78.9356,a8w8_blockscale_1x128x128_256x128x128x128_16x16_32x32_2x2_8x32x1_8x32x1_1x32x1x8_8_1x1_intrawave_v3,505.85,2364.33,0.0
gfx942,304,120,34816,5120,ck,0,0,80.698,a8w8_blockscale_1x128x128_256x128x128x128_16x16_32x32_2x2_8x32x1_8x32x1_1x32x1x8_8_1x1_intrawave_v3,530.15,2320.11,0.0
gfx942,304,128,34816,5120,ck,0,0,65.8788,a8w8_blockscale_1x128x128_256x128x128x128_16x16_32x32_2x2_8x32x1_8x32x1_1x32x1x8_8_1x1_intrawave_v3,692.7,2851.09,0.0
gfx942,304,136,34816,5120,ck,2,0,91.6494,a8w8_blockscale_1x128x128_256x64x128x128_16x16_32x32_1x2_8x32x1_8x32x1_1x32x1x8_8_1x1_intrawave_v3,529.04,2055.92,0.0
gfx942,304,144,34816,5120,ck,0,0,110.6361,a8w8_blockscale_1x128x128_256x128x128x128_16x16_32x32_2x2_8x32x1_8x32x1_1x32x1x8_8_1x1_intrawave_v3,464.03,1708.5,0.0
gfx942,304,152,34816,5120,ck,2,0,93.5353,a8w8_blockscale_1x128x128_256x64x128x128_16x16_32x32_1x2_8x32x1_8x32x1_1x32x1x8_8_1x1_intrawave_v3,579.36,2027.26,0.0
gfx942,304,160,34816,5120,ck,2,0,94.4038,a8w8_blockscale_1x128x128_256x64x128x128_16x16_32x32_1x2_8x32x1_8x32x1_1x32x1x8_8_1x1_intrawave_v3,604.24,2014.94,0.0
gfx942,304,168,34816,5120,ck,2,0,95.0373,a8w8_blockscale_1x128x128_256x64x128x128_16x16_32x32_1x2_8x32x1_8x32x1_1x32x1x8_8_1x1_intrawave_v3,630.22,2007.8,0.0
gfx942,304,176,34816,5120,ck,2,0,96.5098,a8w8_blockscale_1x128x128_256x64x128x128_16x16_32x32_1x2_8x32x1_8x32x1_1x32x1x8_8_1x1_intrawave_v3,650.16,1983.37,0.0
gfx942,304,184,34816,5120,ck,2,0,96.2538,a8w8_blockscale_1x128x128_256x64x128x128_16x16_32x32_1x2_8x32x1_8x32x1_1x32x1x8_8_1x1_intrawave_v3,681.52,1994.85,0.0
gfx942,304,192,34816,5120,ck,2,0,96.6419,a8w8_blockscale_1x128x128_256x64x128x128_16x16_32x32_1x2_8x32x1_8x32x1_1x32x1x8_8_1x1_intrawave_v3,708.3,1993.03,0.0
gfx942,304,200,34816,5120,ck,0,0,115.8978,a8w8_blockscale_1x128x128_256x128x128x128_16x16_32x32_2x2_8x32x1_8x32x1_1x32x1x8_8_1x1_intrawave_v3,615.22,1667.06,0.0
gfx942,304,208,34816,5120,ck,0,0,118.5714,a8w8_blockscale_1x128x128_256x128x128x128_16x16_32x32_2x2_8x32x1_8x32x1_1x32x1x8_8_1x1_intrawave_v3,625.41,1634.51,0.0
gfx942,304,216,34816,5120,ck,0,0,102.4553,a8w8_blockscale_1x128x128_256x128x128x128_16x16_32x32_2x2_8x32x1_8x32x1_1x32x1x8_8_1x1_intrawave_v3,751.62,1897.46,0.0
gfx942,304,224,34816,5120,ck,0,0,102.5841,a8w8_blockscale_1x128x128_256x128x128x128_16x16_32x32_2x2_8x32x1_8x32x1_1x32x1x8_8_1x1_intrawave_v3,778.48,1900.9,0.0
gfx942,304,232,34816,5120,ck,0,0,120.9527,a8w8_blockscale_1x128x128_256x128x128x128_16x16_32x32_2x2_8x32x1_8x32x1_1x32x1x8_8_1x1_intrawave_v3,683.83,1617.16,0.0
gfx942,304,240,34816,5120,ck,0,0,104.1861,a8w8_blockscale_1x128x128_256x128x128x128_16x16_32x32_2x2_8x32x1_8x32x1_1x32x1x8_8_1x1_intrawave_v3,821.26,1883.15,0.0
gfx942,304,248,34816,5120,ck,0,0,121.9151,a8w8_blockscale_1x128x128_256x128x128x128_16x16_32x32_2x2_8x32x1_8x32x1_1x32x1x8_8_1x1_intrawave_v3,725.23,1614.21,0.0
gfx942,304,256,34816,5120,ck,0,0,106.3933,a8w8_blockscale_1x128x128_256x128x128x128_16x16_32x32_2x2_8x32x1_8x32x1_1x32x1x8_8_1x1_intrawave_v3,857.84,1855.33,0.0
gfx942,304,272,34816,5120,ck,0,0,162.4532,a8w8_blockscale_1x128x128_256x128x128x128_16x16_32x32_2x2_8x32x1_8x32x1_1x32x1x8_8_1x1_intrawave_v3,596.92,1222.45,0.0
gfx942,304,288,34816,5120,ck,0,0,162.5784,a8w8_blockscale_1x128x128_256x128x128x128_16x16_32x32_2x2_8x32x1_8x32x1_1x32x1x8_8_1x1_intrawave_v3,631.55,1228.86,0.0
gfx942,304,304,34816,5120,ck,0,0,147.3873,a8w8_blockscale_1x128x128_256x128x128x128_16x16_32x32_2x2_8x32x1_8x32x1_1x32x1x8_8_1x1_intrawave_v3,735.35,1363.64,0.0
gfx942,304,320,34816,5120,ck,0,0,168.0775,a8w8_blockscale_1x128x128_256x128x128x128_16x16_32x32_2x2_8x32x1_8x32x1_1x32x1x8_8_1x1_intrawave_v3,678.76,1202.89,0.0
gfx942,304,336,34816,5120,ck,0,0,173.6891,a8w8_blockscale_1x128x128_256x128x128x128_16x16_32x32_2x2_8x32x1_8x32x1_1x32x1x8_8_1x1_intrawave_v3,689.68,1170.91,0.0
gfx942,304,352,34816,5120,ck,0,0,152.1909,a8w8_blockscale_1x128x128_256x128x128x128_16x16_32x32_2x2_8x32x1_8x32x1_1x32x1x8_8_1x1_intrawave_v3,824.58,1344.17,0.0
gfx942,304,368,34816,5120,ck,0,0,160.9248,a8w8_blockscale_1x128x128_256x128x128x128_16x16_32x32_2x2_8x32x1_8x32x1_1x32x1x8_8_1x1_intrawave_v3,815.27,1278.65,0.0
gfx942,304,384,34816,5120,ck,0,0,176.056,a8w8_blockscale_1x128x128_256x128x128x128_16x16_32x32_2x2_8x32x1_8x32x1_1x32x1x8_8_1x1_intrawave_v3,777.61,1175.55,0.0
gfx942,304,400,34816,5120,ck,0,0,208.538,a8w8_blockscale_1x128x128_256x128x128x128_16x16_32x32_2x2_8x32x1_8x32x1_1x32x1x8_8_1x1_intrawave_v3,683.84,998.18,0.0
gfx942,304,416,34816,5120,ck,0,0,204.8181,a8w8_blockscale_1x128x128_256x128x128x128_16x16_32x32_2x2_8x32x1_8x32x1_1x32x1x8_8_1x1_intrawave_v3,724.11,1022.15,0.0
gfx942,304,432,34816,5120,ck,0,0,212.2321,a8w8_blockscale_1x128x128_256x128x128x128_16x16_32x32_2x2_8x32x1_8x32x1_1x32x1x8_8_1x1_intrawave_v3,725.69,992.08,0.0
gfx942,304,448,34816,5120,ck,0,0,216.5773,a8w8_blockscale_1x128x128_256x128x128x128_16x16_32x32_2x2_8x32x1_8x32x1_1x32x1x8_8_1x1_intrawave_v3,737.47,977.7,0.0
gfx942,304,464,34816,5120,ck,0,0,220.2752,a8w8_blockscale_1x128x128_256x128x128x128_16x16_32x32_2x2_8x32x1_8x32x1_1x32x1x8_8_1x1_intrawave_v3,750.98,966.71,0.0
gfx942,304,480,34816,5120,ck,0,0,224.4522,a8w8_blockscale_1x128x128_256x128x128x128_16x16_32x32_2x2_8x32x1_8x32x1_1x32x1x8_8_1x1_intrawave_v3,762.42,954.05,0.0
gfx942,304,496,34816,5120,ck,0,0,227.3652,a8w8_blockscale_1x128x128_256x128x128x128_16x16_32x32_2x2_8x32x1_8x32x1_1x32x1x8_8_1x1_intrawave_v3,777.74,947.09,0.0
gfx942,304,512,34816,5120,ck,0,0,232.3117,a8w8_blockscale_1x128x128_256x128x128x128_16x16_32x32_2x2_8x32x1_8x32x1_1x32x1x8_8_1x1_intrawave_v3,785.74,932.07,0.0
gfx942,304,907,34816,5120,ck,0,0,383.7722,a8w8_blockscale_1x128x128_256x128x128x128_16x16_32x32_2x2_8x32x1_8x32x1_1x32x1x8_8_1x1_intrawave_v3,842.58,641.16,0.0
gfx942,304,1024,34816,5120,ck,0,0,416.4901,a8w8_blockscale_1x128x128_256x128x128x128_16x16_32x32_2x2_8x32x1_8x32x1_1x32x1x8_8_1x1_intrawave_v3,876.54,611.79,0.0
gfx942,304,1027,34816,5120,ck,0,0,458.1586,a8w8_blockscale_1x128x128_256x128x128x128_16x16_32x32_2x2_8x32x1_8x32x1_1x32x1x8_8_1x1_intrawave_v3,799.16,556.64,0.0
gfx942,304,1088,34816,5120,ck,0,0,466.6962,a8w8_blockscale_1x128x128_256x128x128x128_16x16_32x32_2x2_8x32x1_8x32x1_1x32x1x8_8_1x1_intrawave_v3,831.14,556.23,0.0
gfx942,304,1151,34816,5120,ck,0,0,480.0471,a8w8_blockscale_1x128x128_256x128x128x128_16x16_32x32_2x2_8x32x1_8x32x1_1x32x1x8_8_1x1_intrawave_v3,854.81,550.57,0.0
gfx942,304,1216,34816,5120,ck,0,0,499.2187,a8w8_blockscale_1x128x128_256x128x128x128_16x16_32x32_2x2_8x32x1_8x32x1_1x32x1x8_8_1x1_intrawave_v3,868.4,539.16,0.0
gfx942,304,1594,34816,5120,ck,0,0,618.6177,a8w8_blockscale_1x128x128_256x128x128x128_16x16_32x32_2x2_8x32x1_8x32x1_1x32x1x8_8_1x1_intrawave_v3,918.64,480.77,0.0
gfx942,304,1814,34816,5120,ck,0,0,745.9708,a8w8_blockscale_1x128x128_256x128x128x128_16x16_32x32_2x2_8x32x1_8x32x1_1x32x1x8_8_1x1_intrawave_v3,866.95,420.74,0.0
gfx942,304,2048,34816,5120,ck,0,0,767.2638,a8w8_blockscale_1x128x128_256x128x128x128_16x16_32x32_2x2_8x32x1_8x32x1_1x32x1x8_8_1x1_intrawave_v3,951.62,431.86,0.0
gfx942,304,3072,34816,5120,ck,0,0,1096.2592,a8w8_blockscale_1x128x128_256x128x128x128_16x16_32x32_2x2_8x32x1_8x32x1_1x32x1x8_8_1x1_intrawave_v3,999.05,372.08,0.0
gfx942,304,3073,34816,5120,ck,0,0,1125.0909,a8w8_blockscale_1x128x128_256x128x128x128_16x16_32x32_2x2_8x32x1_8x32x1_1x32x1x8_8_1x1_intrawave_v3,973.76,362.61,0.0
gfx942,304,5737,34816,5120,ck,0,0,2088.1488,a8w8_blockscale_1x128x128_256x128x128x128_16x16_32x32_2x2_8x32x1_8x32x1_1x32x1x8_8_1x1_intrawave_v3,979.5,290.74,0.0
gfx942,304,7169,34816,5120,ck,0,0,2598.0295,a8w8_blockscale_1x128x128_256x128x128x128_16x16_32x32_2x2_8x32x1_8x32x1_1x32x1x8_8_1x1_intrawave_v3,983.77,274.88,0.0
gfx942,304,8192,34816,5120,ck,0,0,2822.9626,a8w8_blockscale_1x128x128_256x128x128x128_16x16_32x32_2x2_8x32x1_8x32x1_1x32x1x8_8_1x1_intrawave_v3,1034.58,280.07,0.0
gfx942,304,8208,34816,5120,ck,0,0,2991.4321,a8w8_blockscale_1x128x128_256x128x128x128_16x16_32x32_2x2_8x32x1_8x32x1_1x32x1x8_8_1x1_intrawave_v3,978.22,264.7,0.0
gfx942,304,8240,34816,5120,ck,0,0,3014.0974,a8w8_blockscale_1x128x128_256x128x128x128_16x16_32x32_2x2_8x32x1_8x32x1_1x32x1x8_8_1x1_intrawave_v3,974.65,263.5,0.0
gfx942,304,8243,34816,5120,ck,0,0,2997.1145,a8w8_blockscale_1x128x128_256x128x128x128_16x16_32x32_2x2_8x32x1_8x32x1_1x32x1x8_8_1x1_intrawave_v3,980.53,265.07,0.0
gfx942,304,8248,34816,5120,ck,0,0,2947.7023,a8w8_blockscale_1x128x128_256x128x128x128_16x16_32x32_2x2_8x32x1_8x32x1_1x32x1x8_8_1x1_intrawave_v3,997.57,269.64,0.0
gfx942,304,8296,34816,5120,ck,0,0,3027.7762,a8w8_blockscale_1x128x128_256x128x128x128_16x16_32x32_2x2_8x32x1_8x32x1_1x32x1x8_8_1x1_intrawave_v3,976.84,263.69,0.0
gfx942,304,8304,34816,5120,ck,0,0,3000.7139,a8w8_blockscale_1x128x128_256x128x128x128_16x16_32x32_2x2_8x32x1_8x32x1_1x32x1x8_8_1x1_intrawave_v3,986.6,266.27,0.0
gfx942,304,8312,34816,5120,ck,0,0,2998.8485,a8w8_blockscale_1x128x128_256x128x128x128_16x16_32x32_2x2_8x32x1_8x32x1_1x32x1x8_8_1x1_intrawave_v3,988.17,266.63,0.0
gfx942,304,8455,34816,5120,ck,0,0,3084.9462,a8w8_blockscale_1x128x128_256x128x128x128_16x16_32x32_2x2_8x32x1_8x32x1_1x32x1x8_8_1x1_intrawave_v3,977.11,262.66,0.0
gfx942,304,14448,34816,5120,ck,0,0,5238.3293,a8w8_blockscale_1x128x128_256x128x128x128_16x16_32x32_2x2_8x32x1_8x32x1_1x32x1x8_8_1x1_intrawave_v3,983.32,240.21,0.0
gfx942,304,14451,34816,5120,ck,0,0,5204.1158,a8w8_blockscale_1x128x128_256x128x128x128_16x16_32x32_2x2_8x32x1_8x32x1_1x32x1x8_8_1x1_intrawave_v3,989.99,241.83,0.0
gfx942,304,15361,34816,5120,ck,0,0,5492.2221,a8w8_blockscale_1x128x128_256x128x128x128_16x16_32x32_2x2_8x32x1_8x32x1_1x32x1x8_8_1x1_intrawave_v3,997.13,241.53,0.0
gfx942,304,16384,34816,5120,ck,0,0,5787.3007,a8w8_blockscale_1x128x128_256x128x128x128_16x16_32x32_2x2_8x32x1_8x32x1_1x32x1x8_8_1x1_intrawave_v3,1009.31,242.43,0.0
gfx942,304,16449,34816,5120,ck,0,0,5875.8444,a8w8_blockscale_1x128x128_256x128x128x128_16x16_32x32_2x2_8x32x1_8x32x1_1x32x1x8_8_1x1_intrawave_v3,998.04,239.6,0.0
gfx942,304,16612,34816,5120,ck,0,0,5931.015,a8w8_blockscale_1x128x128_256x128x128x128_16x16_32x32_2x2_8x32x1_8x32x1_1x32x1x8_8_1x1_intrawave_v3,998.55,239.43,0.0
gfx942,304,16631,34816,5120,ck,0,0,6049.2661,a8w8_blockscale_1x128x128_256x128x128x128_16x16_32x32_2x2_8x32x1_8x32x1_1x32x1x8_8_1x1_intrawave_v3,980.15,234.98,0.0
gfx942,304,24577,34816,5120,ck,0,0,8766.4437,a8w8_blockscale_1x128x128_256x128x128x128_16x16_32x32_2x2_8x32x1_8x32x1_1x32x1x8_8_1x1_intrawave_v3,999.5,229.9,0.0
gfx942,304,24813,34816,5120,ck,0,0,8794.4995,a8w8_blockscale_1x128x128_256x128x128x128_16x16_32x32_2x2_8x32x1_8x32x1_1x32x1x8_8_1x1_intrawave_v3,1005.88,231.18,0.0
gfx942,304,31666,34816,5120,ck,0,1,16167.4956,a8w8_blockscale_1x128x128_256x128x128x128_16x16_32x32_2x2_8x32x1_8x32x1_1x32x1x8_8_1x1_intrawave_v3,698.28,157.44,0.0
gfx942,304,31745,34816,5120,ck,0,1,16131.6627,a8w8_blockscale_1x128x128_256x128x128x128_16x16_32x32_2x2_8x32x1_8x32x1_1x32x1x8_8_1x1_intrawave_v3,701.58,158.15,0.0
gfx942,304,31841,34816,5120,ck,0,1,16160.6309,a8w8_blockscale_1x128x128_256x128x128x128_16x16_32x32_2x2_8x32x1_8x32x1_1x32x1x8_8_1x1_intrawave_v3,702.44,158.31,0.0
gfx942,304,32833,34816,5120,ck,0,1,16624.7251,a8w8_blockscale_1x128x128_256x128x128x128_16x16_32x32_2x2_8x32x1_8x32x1_1x32x1x8_8_1x1_intrawave_v3,704.1,158.35,0.0
gfx942,304,33000,34816,5120,ck,0,1,16855.5798,a8w8_blockscale_1x128x128_256x128x128x128_16x16_32x32_2x2_8x32x1_8x32x1_1x32x1x8_8_1x1_intrawave_v3,697.99,156.93,0.0
gfx942,304,39966,34816,5120,ck,0,1,20206.7308,a8w8_blockscale_1x128x128_256x128x128x128_16x16_32x32_2x2_8x32x1_8x32x1_1x32x1x8_8_1x1_intrawave_v3,705.14,156.67,0.0
gfx942,304,46284,34816,5120,ck,0,1,23471.5208,a8w8_blockscale_1x128x128_256x128x128x128_16x16_32x32_2x2_8x32x1_8x32x1_1x32x1x8_8_1x1_intrawave_v3,703.02,155.0,0.0
gfx942,304,47797,34816,5120,ck,0,1,24174.6525,a8w8_blockscale_1x128x128_256x128x128x128_16x16_32x32_2x2_8x32x1_8x32x1_1x32x1x8_8_1x1_intrawave_v3,704.89,155.17,0.0
gfx942,304,47855,34816,5120,ck,0,1,24042.3484,a8w8_blockscale_1x128x128_256x128x128x128_16x16_32x32_2x2_8x32x1_8x32x1_1x32x1x8_8_1x1_intrawave_v3,709.63,156.2,0.0
gfx942,304,48140,34816,5120,ck,0,1,24310.9558,a8w8_blockscale_1x128x128_256x128x128x128_16x16_32x32_2x2_8x32x1_8x32x1_1x32x1x8_8_1x1_intrawave_v3,705.96,155.35,0.0
gfx942,304,48157,34816,5120,ck,0,1,24324.3104,a8w8_blockscale_1x128x128_256x128x128x128_16x16_32x32_2x2_8x32x1_8x32x1_1x32x1x8_8_1x1_intrawave_v3,705.83,155.32,0.0
gfx942,304,48164,34816,5120,ck,0,1,24305.7971,a8w8_blockscale_1x128x128_256x128x128x128_16x16_32x32_2x2_8x32x1_8x32x1_1x32x1x8_8_1x1_intrawave_v3,706.47,155.46,0.0
gfx942,304,48172,34816,5120,ck,0,1,24319.6434,a8w8_blockscale_1x128x128_256x128x128x128_16x16_32x32_2x2_8x32x1_8x32x1_1x32x1x8_8_1x1_intrawave_v3,706.18,155.4,0.0
gfx942,304,48561,34816,5120,ck,0,1,24566.5923,a8w8_blockscale_1x128x128_256x128x128x128_16x16_32x32_2x2_8x32x1_8x32x1_1x32x1x8_8_1x1_intrawave_v3,704.73,155.02,0.0
gfx942,304,48934,34816,5120,ck,0,1,24884.4514,a8w8_blockscale_1x128x128_256x128x128x128_16x16_32x32_2x2_8x32x1_8x32x1_1x32x1x8_8_1x1_intrawave_v3,701.07,154.16,0.0
gfx942,304,51201,34816,5120,ck,0,1,25778.7908,a8w8_blockscale_1x128x128_256x128x128x128_16x16_32x32_2x2_8x32x1_8x32x1_1x32x1x8_8_1x1_intrawave_v3,708.1,155.38,0.0
gfx942,304,51624,34816,5120,ck,0,1,26126.7829,a8w8_blockscale_1x128x128_256x128x128x128_16x16_32x32_2x2_8x32x1_8x32x1_1x32x1x8_8_1x1_intrawave_v3,704.44,154.53,0.0
gfx942,304,52569,34816,5120,ck,0,1,26651.4726,a8w8_blockscale_1x128x128_256x128x128x128_16x16_32x32_2x2_8x32x1_8x32x1_1x32x1x8_8_1x1_intrawave_v3,703.21,154.13,0.0
gfx942,304,53153,34816,5120,ck,0,1,26981.3458,a8w8_blockscale_1x128x128_256x128x128x128_16x16_32x32_2x2_8x32x1_8x32x1_1x32x1x8_8_1x1_intrawave_v3,702.33,153.87,0.0
gfx942,304,57345,34816,5120,ck,0,1,28982.284,a8w8_blockscale_1x128x128_256x128x128x128_16x16_32x32_2x2_8x32x1_8x32x1_1x32x1x8_8_1x1_intrawave_v3,705.41,154.06,0.0
gfx942,304,57353,34816,5120,ck,0,1,28980.2528,a8w8_blockscale_1x128x128_256x128x128x128_16x16_32x32_2x2_8x32x1_8x32x1_1x32x1x8_8_1x1_intrawave_v3,705.56,154.09,0.0
gfx942,304,57354,34816,5120,ck,0,1,29041.3122,a8w8_blockscale_1x128x128_256x128x128x128_16x16_32x32_2x2_8x32x1_8x32x1_1x32x1x8_8_1x1_intrawave_v3,704.09,153.77,0.0
gfx942,304,57386,34816,5120,ck,0,1,28786.7187,a8w8_blockscale_1x128x128_256x128x128x128_16x16_32x32_2x2_8x32x1_8x32x1_1x32x1x8_8_1x1_intrawave_v3,710.71,155.21,0.0
gfx942,304,57393,34816,5120,ck,0,1,28972.2702,a8w8_blockscale_1x128x128_256x128x128x128_16x16_32x32_2x2_8x32x1_8x32x1_1x32x1x8_8_1x1_intrawave_v3,706.24,154.23,0.0
gfx942,304,57394,34816,5120,ck,0,1,29021.0795,a8w8_blockscale_1x128x128_256x128x128x128_16x16_32x32_2x2_8x32x1_8x32x1_1x32x1x8_8_1x1_intrawave_v3,705.07,153.98,0.0
gfx942,304,57409,34816,5120,ck,0,1,28813.823,a8w8_blockscale_1x128x128_256x128x128x128_16x16_32x32_2x2_8x32x1_8x32x1_1x32x1x8_8_1x1_intrawave_v3,710.33,155.12,0.0
gfx942,304,57449,34816,5120,ck,0,1,29092.6306,a8w8_blockscale_1x128x128_256x128x128x128_16x16_32x32_2x2_8x32x1_8x32x1_1x32x1x8_8_1x1_intrawave_v3,704.01,153.74,0.0
gfx942,304,57457,34816,5120,ck,0,1,29177.2921,a8w8_blockscale_1x128x128_256x128x128x128_16x16_32x32_2x2_8x32x1_8x32x1_1x32x1x8_8_1x1_intrawave_v3,702.06,153.31,0.0
gfx942,304,57569,34816,5120,ck,0,1,29216.7304,a8w8_blockscale_1x128x128_256x128x128x128_16x16_32x32_2x2_8x32x1_8x32x1_1x32x1x8_8_1x1_intrawave_v3,702.48,153.39,0.0
gfx942,304,57577,34816,5120,ck,0,0,21346.6344,a8w8_blockscale_1x128x128_256x128x128x128_16x16_32x32_2x2_8x32x1_8x32x1_1x32x1x8_8_1x1_intrawave_v3,961.61,209.97,0.0
gfx942,304,57582,34816,5120,ck,0,0,21578.799,a8w8_blockscale_1x128x128_256x128x128x128_16x16_32x32_2x2_8x32x1_8x32x1_1x32x1x8_8_1x1_intrawave_v3,951.35,207.73,0.0
gfx942,304,58305,34816,5120,ck,0,0,22048.3118,a8w8_blockscale_1x128x128_256x128x128x128_16x16_32x32_2x2_8x32x1_8x32x1_1x32x1x8_8_1x1_intrawave_v3,942.78,205.76,0.0
gfx942,304,58833,34816,5120,ck,0,0,22174.3828,a8w8_blockscale_1x128x128_256x128x128x128_16x16_32x32_2x2_8x32x1_8x32x1_1x32x1x8_8_1x1_intrawave_v3,945.91,206.37,0.0
gfx942,304,60000,34816,5120,ck,0,0,22987.7242,a8w8_blockscale_1x128x128_256x128x128x128_16x16_32x32_2x2_8x32x1_8x32x1_1x32x1x8_8_1x1_intrawave_v3,930.54,202.86,0.0
gfx942,304,60008,34816,5120,ck,0,0,23202.083,a8w8_blockscale_1x128x128_256x128x128x128_16x16_32x32_2x2_8x32x1_8x32x1_1x32x1x8_8_1x1_intrawave_v3,922.06,201.02,0.0
gfx942,304,60009,34816,5120,ck,0,0,22715.703,a8w8_blockscale_1x128x128_256x128x128x128_16x16_32x32_2x2_8x32x1_8x32x1_1x32x1x8_8_1x1_intrawave_v3,941.82,205.32,0.0
gfx942,304,60010,34816,5120,ck,0,0,22977.6852,a8w8_blockscale_1x128x128_256x128x128x128_16x16_32x32_2x2_8x32x1_8x32x1_1x32x1x8_8_1x1_intrawave_v3,931.1,202.99,0.0
gfx942,304,60059,34816,5120,ck,0,0,22423.5478,a8w8_blockscale_1x128x128_256x128x128x128_16x16_32x32_2x2_8x32x1_8x32x1_1x32x1x8_8_1x1_intrawave_v3,954.89,208.16,0.0
gfx942,304,60060,34816,5120,ck,0,0,22565.4428,a8w8_blockscale_1x128x128_256x128x128x128_16x16_32x32_2x2_8x32x1_8x32x1_1x32x1x8_8_1x1_intrawave_v3,948.9,206.86,0.0
gfx942,304,61313,34816,5120,ck,0,0,23001.5466,a8w8_blockscale_1x128x128_256x128x128x128_16x16_32x32_2x2_8x32x1_8x32x1_1x32x1x8_8_1x1_intrawave_v3,950.33,207.01,0.0
gfx942,304,61444,34816,5120,ck,0,0,23134.2674,a8w8_blockscale_1x128x128_256x128x128x128_16x16_32x32_2x2_8x32x1_8x32x1_1x32x1x8_8_1x1_intrawave_v3,946.9,206.24,0.0
