gfx,cu_num,M,N,K,libtype,kernelId,splitK,us,kernelName,tflops,bw,errRatio
gfx950,256,2051,2048,2048,ck,0,0,29.7916,a8w8_blockscale_1x128x128_256x128x128x128_16x16_32x32_2x2_8x32x1_8x32x1_1x32x1x8_8_1x1_intrawave_v3,577.51,563.77,0.0
gfx950,256,2053,2048,2048,ck,0,0,29.5522,a8w8_blockscale_1x128x128_256x128x128x128_16x16_32x32_2x2_8x32x1_8x32x1_1x32x1x8_8_1x1_intrawave_v3,582.76,568.75,0.0
gfx950,256,2061,2048,2048,ck,0,0,29.7866,a8w8_blockscale_1x128x128_256x128x128x128_16x16_32x32_2x2_8x32x1_8x32x1_1x32x1x8_8_1x1_intrawave_v3,580.43,565.93,0.0
gfx950,256,2070,2048,2048,ck,0,0,29.7978,a8w8_blockscale_1x128x128_256x128x128x128_16x16_32x32_2x2_8x32x1_8x32x1_1x32x1x8_8_1x1_intrawave_v3,582.74,567.57,0.0
gfx950,256,2085,2048,2048,ck,0,0,29.6463,a8w8_blockscale_1x128x128_256x128x128x128_16x16_32x32_2x2_8x32x1_8x32x1_1x32x1x8_8_1x1_intrawave_v3,589.96,573.58,0.0
gfx950,256,2091,2048,2048,ck,0,0,29.8395,a8w8_blockscale_1x128x128_256x128x128x128_16x16_32x32_2x2_8x32x1_8x32x1_1x32x1x8_8_1x1_intrawave_v3,587.83,571.1,0.0
gfx950,256,2092,2048,2048,ck,0,0,29.5573,a8w8_blockscale_1x128x128_256x128x128x128_16x16_32x32_2x2_8x32x1_8x32x1_1x32x1x8_8_1x1_intrawave_v3,593.73,576.76,0.0
gfx950,256,2096,2048,2048,ck,0,0,29.4908,a8w8_blockscale_1x128x128_256x128x128x128_16x16_32x32_2x2_8x32x1_8x32x1_1x32x1x8_8_1x1_intrawave_v3,596.2,578.9,0.0
gfx950,256,2104,2048,2048,ck,0,0,29.7112,a8w8_blockscale_1x128x128_256x128x128x128_16x16_32x32_2x2_8x32x1_8x32x1_1x32x1x8_8_1x1_intrawave_v3,594.04,576.26,0.0
gfx950,256,2107,2048,2048,ck,0,0,29.5302,a8w8_blockscale_1x128x128_256x128x128x128_16x16_32x32_2x2_8x32x1_8x32x1_1x32x1x8_8_1x1_intrawave_v3,598.53,580.41,0.0
gfx950,256,2114,2048,2048,ck,0,0,29.8281,a8w8_blockscale_1x128x128_256x128x128x128_16x16_32x32_2x2_8x32x1_8x32x1_1x32x1x8_8_1x1_intrawave_v3,594.52,576.06,0.0
gfx950,256,2116,2048,2048,ck,0,0,29.8124,a8w8_blockscale_1x128x128_256x128x128x128_16x16_32x32_2x2_8x32x1_8x32x1_1x32x1x8_8_1x1_intrawave_v3,595.4,576.77,0.0
gfx950,256,2121,2048,2048,ck,0,0,29.8659,a8w8_blockscale_1x128x128_256x128x128x128_16x16_32x32_2x2_8x32x1_8x32x1_1x32x1x8_8_1x1_intrawave_v3,595.74,576.77,0.0
gfx950,256,2123,2048,2048,ck,0,0,29.5946,a8w8_blockscale_1x128x128_256x128x128x128_16x16_32x32_2x2_8x32x1_8x32x1_1x32x1x8_8_1x1_intrawave_v3,601.77,582.47,0.0
gfx950,256,2124,2048,2048,ck,0,0,29.7482,a8w8_blockscale_1x128x128_256x128x128x128_16x16_32x32_2x2_8x32x1_8x32x1_1x32x1x8_8_1x1_intrawave_v3,598.94,579.67,0.0
gfx950,256,2150,2048,2048,ck,0,0,29.6982,a8w8_blockscale_1x128x128_256x128x128x128_16x16_32x32_2x2_8x32x1_8x32x1_1x32x1x8_8_1x1_intrawave_v3,607.29,586.03,0.0
gfx950,256,2156,2048,2048,ck,0,0,29.644,a8w8_blockscale_1x128x128_256x128x128x128_16x16_32x32_2x2_8x32x1_8x32x1_1x32x1x8_8_1x1_intrawave_v3,610.1,588.34,0.0
gfx950,256,2168,2048,2048,ck,0,0,29.8496,a8w8_blockscale_1x128x128_256x128x128x128_16x16_32x32_2x2_8x32x1_8x32x1_1x32x1x8_8_1x1_intrawave_v3,609.27,586.76,0.0
gfx950,256,2177,2048,2048,ck,0,0,29.8569,a8w8_blockscale_1x128x128_256x128x128x128_16x16_32x32_2x2_8x32x1_8x32x1_1x32x1x8_8_1x1_intrawave_v3,611.65,588.47,0.0
gfx950,256,2191,2048,2048,ck,0,0,29.8477,a8w8_blockscale_1x128x128_256x128x128x128_16x16_32x32_2x2_8x32x1_8x32x1_1x32x1x8_8_1x1_intrawave_v3,615.77,591.53,0.0
gfx950,256,2199,2048,2048,ck,0,0,29.8068,a8w8_blockscale_1x128x128_256x128x128x128_16x16_32x32_2x2_8x32x1_8x32x1_1x32x1x8_8_1x1_intrawave_v3,618.87,593.99,0.0
gfx950,256,2202,2048,2048,ck,0,0,29.9535,a8w8_blockscale_1x128x128_256x128x128x128_16x16_32x32_2x2_8x32x1_8x32x1_1x32x1x8_8_1x1_intrawave_v3,616.68,591.7,0.0
gfx950,256,2203,2048,2048,ck,0,0,29.7052,a8w8_blockscale_1x128x128_256x128x128x128_16x16_32x32_2x2_8x32x1_8x32x1_1x32x1x8_8_1x1_intrawave_v3,622.12,596.85,0.0
gfx950,256,2212,2048,2048,ck,0,0,29.7704,a8w8_blockscale_1x128x128_256x128x128x128_16x16_32x32_2x2_8x32x1_8x32x1_1x32x1x8_8_1x1_intrawave_v3,623.29,597.4,0.0
gfx950,256,2213,2048,2048,ck,0,0,29.8463,a8w8_blockscale_1x128x128_256x128x128x128_16x16_32x32_2x2_8x32x1_8x32x1_1x32x1x8_8_1x1_intrawave_v3,621.99,596.09,0.0
gfx950,256,2230,2048,2048,ck,0,0,29.7873,a8w8_blockscale_1x128x128_256x128x128x128_16x16_32x32_2x2_8x32x1_8x32x1_1x32x1x8_8_1x1_intrawave_v3,628.01,600.77,0.0
gfx950,256,2231,2048,2048,ck,0,0,29.6852,a8w8_blockscale_1x128x128_256x128x128x128_16x16_32x32_2x2_8x32x1_8x32x1_1x32x1x8_8_1x1_intrawave_v3,630.45,603.05,0.0
gfx950,256,2241,2048,2048,ck,0,0,29.6922,a8w8_blockscale_1x128x128_256x128x128x128_16x16_32x32_2x2_8x32x1_8x32x1_1x32x1x8_8_1x1_intrawave_v3,633.12,604.97,0.0
gfx950,256,2248,2048,2048,ck,0,0,29.8917,a8w8_blockscale_1x128x128_256x128x128x128_16x16_32x32_2x2_8x32x1_8x32x1_1x32x1x8_8_1x1_intrawave_v3,630.86,602.38,0.0
gfx950,256,2250,2048,2048,ck,0,0,29.8037,a8w8_blockscale_1x128x128_256x128x128x128_16x16_32x32_2x2_8x32x1_8x32x1_1x32x1x8_8_1x1_intrawave_v3,633.29,604.57,0.0
gfx950,256,2267,2048,2048,ck,0,0,29.9242,a8w8_blockscale_1x128x128_256x128x128x128_16x16_32x32_2x2_8x32x1_8x32x1_1x32x1x8_8_1x1_intrawave_v3,635.5,605.62,0.0
gfx950,256,2268,2048,2048,ck,0,0,29.9108,a8w8_blockscale_1x128x128_256x128x128x128_16x16_32x32_2x2_8x32x1_8x32x1_1x32x1x8_8_1x1_intrawave_v3,636.07,606.1,0.0
gfx950,256,2279,2048,2048,ck,0,0,29.8968,a8w8_blockscale_1x128x128_256x128x128x128_16x16_32x32_2x2_8x32x1_8x32x1_1x32x1x8_8_1x1_intrawave_v3,639.45,608.64,0.0
gfx950,256,2287,2048,2048,ck,0,0,29.9811,a8w8_blockscale_1x128x128_256x128x128x128_16x16_32x32_2x2_8x32x1_8x32x1_1x32x1x8_8_1x1_intrawave_v3,639.89,608.57,0.0
gfx950,256,2296,2048,2048,ck,0,0,29.8926,a8w8_blockscale_1x128x128_256x128x128x128_16x16_32x32_2x2_8x32x1_8x32x1_1x32x1x8_8_1x1_intrawave_v3,644.31,612.22,0.0
gfx950,256,2310,2048,2048,ck,0,0,29.7874,a8w8_blockscale_1x128x128_256x128x128x128_16x16_32x32_2x2_8x32x1_8x32x1_1x32x1x8_8_1x1_intrawave_v3,650.53,617.27,0.0
gfx950,256,2315,2048,2048,ck,0,0,29.9855,a8w8_blockscale_1x128x128_256x128x128x128_16x16_32x32_2x2_8x32x1_8x32x1_1x32x1x8_8_1x1_intrawave_v3,647.63,614.22,0.0
gfx950,256,2350,2048,2048,ck,0,0,29.8386,a8w8_blockscale_1x128x128_256x128x128x128_16x16_32x32_2x2_8x32x1_8x32x1_1x32x1x8_8_1x1_intrawave_v3,660.66,624.45,0.0
gfx950,256,2353,2048,2048,ck,0,0,29.8706,a8w8_blockscale_1x128x128_256x128x128x128_16x16_32x32_2x2_8x32x1_8x32x1_1x32x1x8_8_1x1_intrawave_v3,660.8,624.4,0.0
gfx950,256,2354,2048,2048,ck,0,0,29.6766,a8w8_blockscale_1x128x128_256x128x128x128_16x16_32x32_2x2_8x32x1_8x32x1_1x32x1x8_8_1x1_intrawave_v3,665.4,628.69,0.0
gfx950,256,2374,2048,2048,ck,0,0,29.971,a8w8_blockscale_1x128x128_256x128x128x128_16x16_32x32_2x2_8x32x1_8x32x1_1x32x1x8_8_1x1_intrawave_v3,664.46,626.61,0.0
gfx950,256,2381,2048,2048,ck,0,0,29.9683,a8w8_blockscale_1x128x128_256x128x128x128_16x16_32x32_2x2_8x32x1_8x32x1_1x32x1x8_8_1x1_intrawave_v3,666.48,628.1,0.0
gfx950,256,2387,2048,2048,ck,0,0,30.1212,a8w8_blockscale_1x128x128_256x128x128x128_16x16_32x32_2x2_8x32x1_8x32x1_1x32x1x8_8_1x1_intrawave_v3,664.77,626.14,0.0
gfx950,256,2389,2048,2048,ck,0,0,30.0707,a8w8_blockscale_1x128x128_256x128x128x128_16x16_32x32_2x2_8x32x1_8x32x1_1x32x1x8_8_1x1_intrawave_v3,666.44,627.6,0.0
gfx950,256,2403,2048,2048,ck,0,0,29.8246,a8w8_blockscale_1x128x128_256x128x128x128_16x16_32x32_2x2_8x32x1_8x32x1_1x32x1x8_8_1x1_intrawave_v3,675.88,635.66,0.0
gfx950,256,2406,2048,2048,ck,0,0,30.0637,a8w8_blockscale_1x128x128_256x128x128x128_16x16_32x32_2x2_8x32x1_8x32x1_1x32x1x8_8_1x1_intrawave_v3,671.34,631.22,0.0
gfx950,256,2421,2048,2048,ck,0,0,29.9186,a8w8_blockscale_1x128x128_256x128x128x128_16x16_32x32_2x2_8x32x1_8x32x1_1x32x1x8_8_1x1_intrawave_v3,678.8,637.36,0.0
gfx950,256,2423,2048,2048,ck,0,0,30.039,a8w8_blockscale_1x128x128_256x128x128x128_16x16_32x32_2x2_8x32x1_8x32x1_1x32x1x8_8_1x1_intrawave_v3,676.64,635.21,0.0
gfx950,256,2428,2048,2048,ck,0,0,30.0622,a8w8_blockscale_1x128x128_256x128x128x128_16x16_32x32_2x2_8x32x1_8x32x1_1x32x1x8_8_1x1_intrawave_v3,677.51,635.75,0.0
gfx950,256,2433,2048,2048,ck,0,0,29.8837,a8w8_blockscale_1x128x128_256x128x128x128_16x16_32x32_2x2_8x32x1_8x32x1_1x32x1x8_8_1x1_intrawave_v3,682.96,640.57,0.0
gfx950,256,2445,2048,2048,ck,0,0,30.0003,a8w8_blockscale_1x128x128_256x128x128x128_16x16_32x32_2x2_8x32x1_8x32x1_1x32x1x8_8_1x1_intrawave_v3,683.66,640.54,0.0
gfx950,256,2455,2048,2048,ck,0,0,29.9069,a8w8_blockscale_1x128x128_256x128x128x128_16x16_32x32_2x2_8x32x1_8x32x1_1x32x1x8_8_1x1_intrawave_v3,688.6,644.59,0.0
gfx950,256,2463,2048,2048,ck,0,0,29.9839,a8w8_blockscale_1x128x128_256x128x128x128_16x16_32x32_2x2_8x32x1_8x32x1_1x32x1x8_8_1x1_intrawave_v3,689.07,644.58,0.0
gfx950,256,2467,2048,2048,ck,0,0,29.8464,a8w8_blockscale_1x128x128_256x128x128x128_16x16_32x32_2x2_8x32x1_8x32x1_1x32x1x8_8_1x1_intrawave_v3,693.37,648.37,0.0
gfx950,256,2473,2048,2048,ck,0,0,29.7654,a8w8_blockscale_1x128x128_256x128x128x128_16x16_32x32_2x2_8x32x1_8x32x1_1x32x1x8_8_1x1_intrawave_v3,696.95,651.37,0.0
gfx950,256,2478,2048,2048,ck,0,0,30.2614,a8w8_blockscale_1x128x128_256x128x128x128_16x16_32x32_2x2_8x32x1_8x32x1_1x32x1x8_8_1x1_intrawave_v3,686.91,641.71,0.0
gfx950,256,2483,2048,2048,ck,0,0,29.957,a8w8_blockscale_1x128x128_256x128x128x128_16x16_32x32_2x2_8x32x1_8x32x1_1x32x1x8_8_1x1_intrawave_v3,695.29,649.26,0.0
gfx950,256,2485,2048,2048,ck,0,0,30.1424,a8w8_blockscale_1x128x128_256x128x128x128_16x16_32x32_2x2_8x32x1_8x32x1_1x32x1x8_8_1x1_intrawave_v3,691.57,645.67,0.0
gfx950,256,2487,2048,2048,ck,0,0,29.7626,a8w8_blockscale_1x128x128_256x128x128x128_16x16_32x32_2x2_8x32x1_8x32x1_1x32x1x8_8_1x1_intrawave_v3,700.96,654.33,0.0
gfx950,256,2503,2048,2048,ck,0,0,29.9936,a8w8_blockscale_1x128x128_256x128x128x128_16x16_32x32_2x2_8x32x1_8x32x1_1x32x1x8_8_1x1_intrawave_v3,700.04,652.56,0.0
gfx950,256,2531,2048,2048,ck,0,0,30.4092,a8w8_blockscale_1x128x128_256x128x128x128_16x16_32x32_2x2_8x32x1_8x32x1_1x32x1x8_8_1x1_intrawave_v3,698.2,649.3,0.0
gfx950,256,2544,2048,2048,ck,0,0,29.9773,a8w8_blockscale_1x128x128_256x128x128x128_16x16_32x32_2x2_8x32x1_8x32x1_1x32x1x8_8_1x1_intrawave_v3,711.89,661.32,0.0
gfx950,256,2546,2048,2048,ck,0,0,30.233,a8w8_blockscale_1x128x128_256x128x128x128_16x16_32x32_2x2_8x32x1_8x32x1_1x32x1x8_8_1x1_intrawave_v3,706.43,656.13,0.0
gfx950,256,2575,2048,2048,ck,0,0,30.043,a8w8_blockscale_1x128x128_256x128x128x128_16x16_32x32_2x2_8x32x1_8x32x1_1x32x1x8_8_1x1_intrawave_v3,718.99,666.22,0.0
gfx950,256,2581,2048,2048,ck,0,0,30.15,a8w8_blockscale_1x128x128_256x128x128x128_16x16_32x32_2x2_8x32x1_8x32x1_1x32x1x8_8_1x1_intrawave_v3,718.11,665.07,0.0
gfx950,256,2582,2048,2048,ck,0,0,29.887,a8w8_blockscale_1x128x128_256x128x128x128_16x16_32x32_2x2_8x32x1_8x32x1_1x32x1x8_8_1x1_intrawave_v3,724.71,671.13,0.0
gfx950,256,2585,2048,2048,ck,0,0,30.1155,a8w8_blockscale_1x128x128_256x128x128x128_16x16_32x32_2x2_8x32x1_8x32x1_1x32x1x8_8_1x1_intrawave_v3,720.05,666.65,0.0
gfx950,256,2593,2048,2048,ck,0,0,30.3138,a8w8_blockscale_1x128x128_256x128x128x128_16x16_32x32_2x2_8x32x1_8x32x1_1x32x1x8_8_1x1_intrawave_v3,717.55,663.91,0.0
gfx950,256,2599,2048,2048,ck,0,0,30.1036,a8w8_blockscale_1x128x128_256x128x128x128_16x16_32x32_2x2_8x32x1_8x32x1_1x32x1x8_8_1x1_intrawave_v3,724.23,669.77,0.0
gfx950,256,2608,2048,2048,ck,0,0,30.0538,a8w8_blockscale_1x128x128_256x128x128x128_16x16_32x32_2x2_8x32x1_8x32x1_1x32x1x8_8_1x1_intrawave_v3,727.94,672.72,0.0
gfx950,256,2618,2048,2048,ck,0,0,30.1561,a8w8_blockscale_1x128x128_256x128x128x128_16x16_32x32_2x2_8x32x1_8x32x1_1x32x1x8_8_1x1_intrawave_v3,728.26,672.48,0.0
gfx950,256,2621,2048,2048,ck,0,0,30.1106,a8w8_blockscale_1x128x128_256x128x128x128_16x16_32x32_2x2_8x32x1_8x32x1_1x32x1x8_8_1x1_intrawave_v3,730.19,674.11,0.0
gfx950,256,2627,2048,2048,ck,0,0,30.3784,a8w8_blockscale_1x128x128_256x128x128x128_16x16_32x32_2x2_8x32x1_8x32x1_1x32x1x8_8_1x1_intrawave_v3,725.41,669.38,0.0
gfx950,256,2639,2048,2048,ck,0,0,30.0933,a8w8_blockscale_1x128x128_256x128x128x128_16x16_32x32_2x2_8x32x1_8x32x1_1x32x1x8_8_1x1_intrawave_v3,735.63,678.17,0.0
gfx950,256,2675,2048,2048,ck,0,0,30.3169,a8w8_blockscale_1x128x128_256x128x128x128_16x16_32x32_2x2_8x32x1_8x32x1_1x32x1x8_8_1x1_intrawave_v3,740.17,680.46,0.0
gfx950,256,2676,2048,2048,ck,0,0,30.0366,a8w8_blockscale_1x128x128_256x128x128x128_16x16_32x32_2x2_8x32x1_8x32x1_1x32x1x8_8_1x1_intrawave_v3,747.35,687.02,0.0
gfx950,256,2678,2048,2048,ck,0,0,30.2842,a8w8_blockscale_1x128x128_256x128x128x128_16x16_32x32_2x2_8x32x1_8x32x1_1x32x1x8_8_1x1_intrawave_v3,741.8,681.81,0.0
gfx950,256,2699,2048,2048,ck,0,0,30.2807,a8w8_blockscale_1x128x128_256x128x128x128_16x16_32x32_2x2_8x32x1_8x32x1_1x32x1x8_8_1x1_intrawave_v3,747.7,686.15,0.0
gfx950,256,2737,2048,2048,ck,0,0,30.2476,a8w8_blockscale_1x128x128_256x128x128x128_16x16_32x32_2x2_8x32x1_8x32x1_1x32x1x8_8_1x1_intrawave_v3,759.06,694.61,0.0
gfx950,256,2748,2048,2048,ck,0,0,29.9107,a8w8_blockscale_1x128x128_256x128x128x128_16x16_32x32_2x2_8x32x1_8x32x1_1x32x1x8_8_1x1_intrawave_v3,770.69,704.7,0.0
gfx950,256,2753,2048,2048,ck,0,0,30.5198,a8w8_blockscale_1x128x128_256x128x128x128_16x16_32x32_2x2_8x32x1_8x32x1_1x32x1x8_8_1x1_intrawave_v3,756.68,691.64,0.0
gfx950,256,2757,2048,2048,ck,0,0,30.2179,a8w8_blockscale_1x128x128_256x128x128x128_16x16_32x32_2x2_8x32x1_8x32x1_1x32x1x8_8_1x1_intrawave_v3,765.35,699.36,0.0
gfx950,256,2758,2048,2048,ck,0,0,30.2319,a8w8_blockscale_1x128x128_256x128x128x128_16x16_32x32_2x2_8x32x1_8x32x1_1x32x1x8_8_1x1_intrawave_v3,765.28,699.24,0.0
gfx950,256,2759,2048,2048,ck,0,0,30.3145,a8w8_blockscale_1x128x128_256x128x128x128_16x16_32x32_2x2_8x32x1_8x32x1_1x32x1x8_8_1x1_intrawave_v3,763.47,697.54,0.0
gfx950,256,2763,2048,2048,ck,0,0,30.3745,a8w8_blockscale_1x128x128_256x128x128x128_16x16_32x32_2x2_8x32x1_8x32x1_1x32x1x8_8_1x1_intrawave_v3,763.07,696.97,0.0
gfx950,256,2765,2048,2048,ck,0,0,30.3509,a8w8_blockscale_1x128x128_256x128x128x128_16x16_32x32_2x2_8x32x1_8x32x1_1x32x1x8_8_1x1_intrawave_v3,764.21,697.92,0.0
gfx950,256,2766,2048,2048,ck,0,0,29.857,a8w8_blockscale_1x128x128_256x128x128x128_16x16_32x32_2x2_8x32x1_8x32x1_1x32x1x8_8_1x1_intrawave_v3,777.13,709.67,0.0
gfx950,256,2769,2048,2048,ck,0,0,30.1966,a8w8_blockscale_1x128x128_256x128x128x128_16x16_32x32_2x2_8x32x1_8x32x1_1x32x1x8_8_1x1_intrawave_v3,769.23,702.3,0.0
gfx950,256,2816,2048,2048,ck,0,0,29.5765,a8w8_blockscale_1x128x128_256x128x128x128_16x16_32x32_2x2_8x32x1_8x32x1_1x32x1x8_8_1x1_intrawave_v3,798.69,726.79,0.0
gfx950,256,2864,2048,2048,ck,0,0,30.2352,a8w8_blockscale_1x128x128_256x128x128x128_16x16_32x32_2x2_8x32x1_8x32x1_1x32x1x8_8_1x1_intrawave_v3,794.6,720.71,0.0
gfx950,256,2872,2048,2048,ck,0,0,30.4702,a8w8_blockscale_1x128x128_256x128x128x128_16x16_32x32_2x2_8x32x1_8x32x1_1x32x1x8_8_1x1_intrawave_v3,790.68,716.76,0.0
gfx950,256,2885,2048,2048,ck,0,0,30.5867,a8w8_blockscale_1x128x128_256x128x128x128_16x16_32x32_2x2_8x32x1_8x32x1_1x32x1x8_8_1x1_intrawave_v3,791.23,716.64,0.0
gfx950,256,2890,2048,2048,ck,0,0,30.3638,a8w8_blockscale_1x128x128_256x128x128x128_16x16_32x32_2x2_8x32x1_8x32x1_1x32x1x8_8_1x1_intrawave_v3,798.42,722.92,0.0
gfx950,256,2904,2048,2048,ck,0,0,30.3909,a8w8_blockscale_1x128x128_256x128x128x128_16x16_32x32_2x2_8x32x1_8x32x1_1x32x1x8_8_1x1_intrawave_v3,801.57,725.1,0.0
gfx950,256,2913,2048,2048,ck,0,0,30.6283,a8w8_blockscale_1x128x128_256x128x128x128_16x16_32x32_2x2_8x32x1_8x32x1_1x32x1x8_8_1x1_intrawave_v3,797.82,721.29,0.0
gfx950,256,2955,2048,2048,ck,0,0,30.3659,a8w8_blockscale_1x128x128_256x128x128x128_16x16_32x32_2x2_8x32x1_8x32x1_1x32x1x8_8_1x1_intrawave_v3,816.32,736.02,0.0
gfx950,256,2961,2048,2048,ck,0,0,30.6926,a8w8_blockscale_1x128x128_256x128x128x128_16x16_32x32_2x2_8x32x1_8x32x1_1x32x1x8_8_1x1_intrawave_v3,809.27,729.38,0.0
gfx950,256,2963,2048,2048,ck,0,0,30.6884,a8w8_blockscale_1x128x128_256x128x128x128_16x16_32x32_2x2_8x32x1_8x32x1_1x32x1x8_8_1x1_intrawave_v3,809.93,729.88,0.0
gfx950,256,2975,2048,2048,ck,0,0,30.5438,a8w8_blockscale_1x128x128_256x128x128x128_16x16_32x32_2x2_8x32x1_8x32x1_1x32x1x8_8_1x1_intrawave_v3,817.06,735.75,0.0
gfx950,256,2981,2048,2048,ck,0,0,30.4654,a8w8_blockscale_1x128x128_256x128x128x128_16x16_32x32_2x2_8x32x1_8x32x1_1x32x1x8_8_1x1_intrawave_v3,820.81,738.86,0.0
gfx950,256,2993,2048,2048,ck,0,0,30.5582,a8w8_blockscale_1x128x128_256x128x128x128_16x16_32x32_2x2_8x32x1_8x32x1_1x32x1x8_8_1x1_intrawave_v3,821.62,739.03,0.0
gfx950,256,2994,2048,2048,ck,0,0,30.4201,a8w8_blockscale_1x128x128_256x128x128x128_16x16_32x32_2x2_8x32x1_8x32x1_1x32x1x8_8_1x1_intrawave_v3,825.62,742.58,0.0
gfx950,256,3004,2048,2048,ck,0,0,30.3985,a8w8_blockscale_1x128x128_256x128x128x128_16x16_32x32_2x2_8x32x1_8x32x1_1x32x1x8_8_1x1_intrawave_v3,828.97,745.13,0.0
gfx950,256,3088,2048,2048,ck,0,0,30.557,a8w8_blockscale_1x128x128_256x128x128x128_16x16_32x32_2x2_8x32x1_8x32x1_1x32x1x8_8_1x1_intrawave_v3,847.73,758.16,0.0
gfx950,256,3095,2048,2048,ck,0,0,30.6677,a8w8_blockscale_1x128x128_256x128x128x128_16x16_32x32_2x2_8x32x1_8x32x1_1x32x1x8_8_1x1_intrawave_v3,846.58,756.82,0.0
gfx950,256,3104,2048,2048,ck,0,0,30.5029,a8w8_blockscale_1x128x128_256x128x128x128_16x16_32x32_2x2_8x32x1_8x32x1_1x32x1x8_8_1x1_intrawave_v3,853.63,762.72,0.0
gfx950,256,3132,2048,2048,ck,0,0,30.4691,a8w8_blockscale_1x128x128_256x128x128x128_16x16_32x32_2x2_8x32x1_8x32x1_1x32x1x8_8_1x1_intrawave_v3,862.29,769.22,0.0
gfx950,256,3172,2048,2048,ck,0,0,31.0624,a8w8_blockscale_1x128x128_256x128x128x128_16x16_32x32_2x2_8x32x1_8x32x1_1x32x1x8_8_1x1_intrawave_v3,856.62,762.44,0.0
gfx950,256,3193,2048,2048,ck,0,0,31.4261,a8w8_blockscale_1x128x128_256x128x128x128_16x16_32x32_2x2_8x32x1_8x32x1_1x32x1x8_8_1x1_intrawave_v3,852.31,757.72,0.0
gfx950,256,3200,2048,2048,ck,0,0,30.3822,a8w8_blockscale_1x128x128_256x128x128x128_16x16_32x32_2x2_8x32x1_8x32x1_1x32x1x8_8_1x1_intrawave_v3,883.53,785.17,0.0
gfx950,256,3201,2048,2048,ck,0,0,30.7594,a8w8_blockscale_1x128x128_256x128x128x128_16x16_32x32_2x2_8x32x1_8x32x1_1x32x1x8_8_1x1_intrawave_v3,872.97,775.74,0.0
gfx950,256,3204,2048,2048,ck,0,0,30.6663,a8w8_blockscale_1x128x128_256x128x128x128_16x16_32x32_2x2_8x32x1_8x32x1_1x32x1x8_8_1x1_intrawave_v3,876.44,778.69,0.0
gfx950,256,3207,2048,2048,ck,0,0,30.5783,a8w8_blockscale_1x128x128_256x128x128x128_16x16_32x32_2x2_8x32x1_8x32x1_1x32x1x8_8_1x1_intrawave_v3,879.78,781.54,0.0
gfx950,256,3222,2048,2048,ck,0,0,30.4371,a8w8_blockscale_1x128x128_256x128x128x128_16x16_32x32_2x2_8x32x1_8x32x1_1x32x1x8_8_1x1_intrawave_v3,888.0,788.19,0.0
gfx950,256,3226,2048,2048,ck,0,0,30.3263,a8w8_blockscale_1x128x128_256x128x128x128_16x16_32x32_2x2_8x32x1_8x32x1_1x32x1x8_8_1x1_intrawave_v3,892.35,791.88,0.0
gfx950,256,3228,2048,2048,ck,0,0,30.8273,a8w8_blockscale_1x128x128_256x128x128x128_16x16_32x32_2x2_8x32x1_8x32x1_1x32x1x8_8_1x1_intrawave_v3,878.39,779.41,0.0
gfx950,256,3248,2048,2048,ck,0,0,30.7686,a8w8_blockscale_1x128x128_256x128x128x128_16x16_32x32_2x2_8x32x1_8x32x1_1x32x1x8_8_1x1_intrawave_v3,885.52,784.89,0.0
gfx950,256,3275,2048,2048,ck,0,0,30.8844,a8w8_blockscale_1x128x128_256x128x128x128_16x16_32x32_2x2_8x32x1_8x32x1_1x32x1x8_8_1x1_intrawave_v3,889.53,787.32,0.0
gfx950,256,3278,2048,2048,ck,0,0,30.657,a8w8_blockscale_1x128x128_256x128x128x128_16x16_32x32_2x2_8x32x1_8x32x1_1x32x1x8_8_1x1_intrawave_v3,896.95,793.76,0.0
gfx950,256,3306,2048,2048,ck,0,0,31.0565,a8w8_blockscale_1x128x128_256x128x128x128_16x16_32x32_2x2_8x32x1_8x32x1_1x32x1x8_8_1x1_intrawave_v3,892.98,789.09,0.0
gfx950,256,3325,2048,2048,ck,0,0,30.7269,a8w8_blockscale_1x128x128_256x128x128x128_16x16_32x32_2x2_8x32x1_8x32x1_1x32x1x8_8_1x1_intrawave_v3,907.74,801.35,0.0
gfx950,256,3334,2048,2048,ck,0,0,31.2101,a8w8_blockscale_1x128x128_256x128x128x128_16x16_32x32_2x2_8x32x1_8x32x1_1x32x1x8_8_1x1_intrawave_v3,896.11,790.72,0.0
gfx950,256,3344,2048,2048,ck,0,0,30.9541,a8w8_blockscale_1x128x128_256x128x128x128_16x16_32x32_2x2_8x32x1_8x32x1_1x32x1x8_8_1x1_intrawave_v3,906.23,799.24,0.0
gfx950,256,3345,2048,2048,ck,0,0,30.8681,a8w8_blockscale_1x128x128_256x128x128x128_16x16_32x32_2x2_8x32x1_8x32x1_1x32x1x8_8_1x1_intrawave_v3,909.03,801.67,0.0
gfx950,256,3431,2048,2048,ck,0,0,31.1682,a8w8_blockscale_1x128x128_256x128x128x128_16x16_32x32_2x2_8x32x1_8x32x1_1x32x1x8_8_1x1_intrawave_v3,923.42,810.9,0.0
gfx950,256,3433,2048,2048,ck,0,0,30.8357,a8w8_blockscale_1x128x128_256x128x128x128_16x16_32x32_2x2_8x32x1_8x32x1_1x32x1x8_8_1x1_intrawave_v3,933.92,820.04,0.0
gfx950,256,3442,2048,2048,ck,0,0,30.7458,a8w8_blockscale_1x128x128_256x128x128x128_16x16_32x32_2x2_8x32x1_8x32x1_1x32x1x8_8_1x1_intrawave_v3,939.11,824.24,0.0
gfx950,256,3466,2048,2048,ck,0,0,31.2592,a8w8_blockscale_1x128x128_256x128x128x128_16x16_32x32_2x2_8x32x1_8x32x1_1x32x1x8_8_1x1_intrawave_v3,930.12,815.42,0.0
gfx950,256,3495,2048,2048,ck,0,0,31.5666,a8w8_blockscale_1x128x128_256x128x128x128_16x16_32x32_2x2_8x32x1_8x32x1_1x32x1x8_8_1x1_intrawave_v3,928.77,813.12,0.0
gfx950,256,3506,2048,2048,ck,0,0,31.4148,a8w8_blockscale_1x128x128_256x128x128x128_16x16_32x32_2x2_8x32x1_8x32x1_1x32x1x8_8_1x1_intrawave_v3,936.2,819.21,0.0
gfx950,256,3515,2048,2048,ck,0,0,31.0808,a8w8_blockscale_1x128x128_256x128x128x128_16x16_32x32_2x2_8x32x1_8x32x1_1x32x1x8_8_1x1_intrawave_v3,948.69,829.79,0.0
gfx950,256,3582,2048,2048,ck,0,0,31.2079,a8w8_blockscale_1x128x128_256x128x128x128_16x16_32x32_2x2_8x32x1_8x32x1_1x32x1x8_8_1x1_intrawave_v3,962.83,839.6,0.0
gfx950,256,3583,2048,2048,ck,0,0,31.1775,a8w8_blockscale_1x128x128_256x128x128x128_16x16_32x32_2x2_8x32x1_8x32x1_1x32x1x8_8_1x1_intrawave_v3,964.04,840.61,0.0
gfx950,256,3634,2048,2048,cktile,27,0,31.6434,a8w8_blockscale_cktile_192x256x128_4x2x1_16x16x128_intrawave_0x1x0_2,963.37,838.14,0.0
gfx950,256,3644,2048,2048,cktile,30,0,31.8045,a8w8_blockscale_cktile_192x256x128_4x2x1_16x16x128_intrawave_0x1x0_2_aqrm,961.12,835.83,0.0
gfx950,256,3673,2048,2048,cktile,28,0,31.5833,a8w8_blockscale_cktile_192x256x128_4x2x1_16x16x128_intrawave_0x1x0_3,975.56,847.32,0.0
gfx950,256,3687,2048,2048,cktile,11,0,32.0243,a8w8_blockscale_cktile_192x256x128_4x2x1_16x16x128_intrawave_0x1x0_1,965.79,838.34,0.0
gfx950,256,3732,2048,2048,cktile,27,0,31.7065,a8w8_blockscale_cktile_192x256x128_4x2x1_16x16x128_intrawave_0x1x0_2,987.38,855.46,0.0
gfx950,256,3739,2048,2048,ck,0,0,32.2727,a8w8_blockscale_1x128x128_256x128x128x128_16x16_32x32_2x2_8x32x1_8x32x1_1x32x1x8_8_1x1_intrawave_v3,971.87,841.79,0.0
gfx950,256,3752,2048,2048,cktile,28,0,31.7936,a8w8_blockscale_cktile_192x256x128_4x2x1_16x16x128_intrawave_0x1x0_3,989.95,856.98,0.0
gfx950,256,3756,2048,2048,cktile,12,0,31.9401,a8w8_blockscale_cktile_192x256x128_4x2x1_16x16x128_intrawave_0x1x0_1_aqrm,986.46,853.82,0.0
gfx950,256,3777,2048,2048,cktile,11,0,31.8691,a8w8_blockscale_cktile_192x256x128_4x2x1_16x16x128_intrawave_0x1x0_1,994.18,859.77,0.0
gfx950,256,3786,2048,2048,cktile,29,0,32.1008,a8w8_blockscale_cktile_192x256x128_4x2x1_16x16x128_intrawave_0x1x0_4,989.36,855.29,0.0
gfx950,256,3820,2048,2048,cktile,12,0,31.8004,a8w8_blockscale_cktile_192x256x128_4x2x1_16x16x128_intrawave_0x1x0_1_aqrm,1007.68,869.94,0.0
gfx950,256,3862,2048,2048,cktile,11,0,32.0501,a8w8_blockscale_cktile_192x256x128_4x2x1_16x16x128_intrawave_0x1x0_1,1010.82,871.21,0.0
gfx950,256,3896,2048,2048,cktile,28,0,32.2113,a8w8_blockscale_cktile_192x256x128_4x2x1_16x16x128_intrawave_0x1x0_3,1014.61,873.34,0.0
gfx950,256,3912,2048,2048,cktile,27,0,31.7169,a8w8_blockscale_cktile_192x256x128_4x2x1_16x16x128_intrawave_0x1x0_2,1034.66,890.05,0.0
gfx950,256,3922,2048,2048,cktile,29,0,31.8124,a8w8_blockscale_cktile_192x256x128_4x2x1_16x16x128_intrawave_0x1x0_4,1034.19,889.31,0.0
gfx950,256,3943,2048,2048,cktile,29,0,31.9488,a8w8_blockscale_cktile_192x256x128_4x2x1_16x16x128_intrawave_0x1x0_4,1035.29,889.55,0.0
gfx950,256,3969,2048,2048,cktile,29,0,31.9463,a8w8_blockscale_cktile_192x256x128_4x2x1_16x16x128_intrawave_0x1x0_4,1042.2,894.62,0.0
gfx950,256,3985,2048,2048,cktile,28,0,32.2208,a8w8_blockscale_cktile_192x256x128_4x2x1_16x16x128_intrawave_0x1x0_3,1037.49,890.05,0.0
gfx950,256,4014,2048,2048,cktile,11,0,32.0636,a8w8_blockscale_cktile_192x256x128_4x2x1_16x16x128_intrawave_0x1x0_1,1050.16,899.97,0.0
gfx950,256,4060,2048,2048,cktile,12,0,32.1065,a8w8_blockscale_cktile_192x256x128_4x2x1_16x16x128_intrawave_0x1x0_1_aqrm,1060.77,907.57,0.0
gfx950,256,1,2624,6144,ck,8,3,7.4518,a8w8_blockscale_1x128x128_256x16x64x256_16x16_16x16_1x1_16x16x1_16x16x1_1x16x1x16_4_1x1_intrawave_v1,4.33,2165.01,0.0004
gfx950,256,2,2624,6144,ck,13,3,8.2494,a8w8_blockscale_1x128x128_256x32x64x256_16x16_16x16_2x1_16x16x1_16x16x1_1x32x1x8_8_2x1_intrawave_v1,7.82,1957.07,0.0004
gfx950,256,4,2624,6144,ck,8,3,9.1169,a8w8_blockscale_1x128x128_256x16x64x256_16x16_16x16_1x1_16x16x1_16x16x1_1x16x1x16_4_1x1_intrawave_v1,14.15,1773.35,0.0007
gfx950,256,8,2624,6144,ck,13,3,8.9004,a8w8_blockscale_1x128x128_256x32x64x256_16x16_16x16_2x1_16x16x1_16x16x1_1x32x1x8_8_2x1_intrawave_v1,28.98,1821.6,0.0002
gfx950,256,16,2624,6144,ck,8,3,8.5973,a8w8_blockscale_1x128x128_256x16x64x256_16x16_16x16_1x1_16x16x1_16x16x1_1x16x1x16_4_1x1_intrawave_v1,60.01,1896.42,0.0003
gfx950,256,24,2624,6144,ck,6,3,10.2592,a8w8_blockscale_1x128x128_256x16x64x128_8x16_16x16_1x1_16x16x1_8x32x1_1x16x1x16_4_1x1_intrawave_v1,75.43,1598.1,0.0001
gfx950,256,32,2624,6144,ck,8,3,10.822,a8w8_blockscale_1x128x128_256x16x64x256_16x16_16x16_1x1_16x16x1_16x16x1_1x16x1x16_4_1x1_intrawave_v1,95.34,1523.42,0.0001
gfx950,256,40,2624,6144,ck,8,3,12.0509,a8w8_blockscale_1x128x128_256x16x64x256_16x16_16x16_1x1_16x16x1_16x16x1_1x16x1x16_4_1x1_intrawave_v1,107.03,1375.63,0.0001
gfx950,256,48,2624,6144,ck,8,3,11.9599,a8w8_blockscale_1x128x128_256x16x64x256_16x16_16x16_1x1_16x16x1_16x16x1_1x16x1x16_4_1x1_intrawave_v1,129.41,1393.71,0.0001
gfx950,256,56,2624,6144,ck,8,3,13.6829,a8w8_blockscale_1x128x128_256x16x64x256_16x16_16x16_1x1_16x16x1_16x16x1_1x16x1x16_4_1x1_intrawave_v1,131.96,1224.87,0.0001
gfx950,256,64,2624,6144,ck,8,3,13.8737,a8w8_blockscale_1x128x128_256x16x64x256_16x16_16x16_1x1_16x16x1_16x16x1_1x16x1x16_4_1x1_intrawave_v1,148.74,1214.6,0.0002
gfx950,256,72,2624,6144,ck,8,2,16.8806,a8w8_blockscale_1x128x128_256x16x64x256_16x16_16x16_1x1_16x16x1_16x16x1_1x16x1x16_4_1x1_intrawave_v1,137.53,1003.64,0.0
gfx950,256,80,2624,6144,ck,8,3,15.9281,a8w8_blockscale_1x128x128_256x16x64x256_16x16_16x16_1x1_16x16x1_16x16x1_1x16x1x16_4_1x1_intrawave_v1,161.95,1069.38,0.0001
gfx950,256,88,2624,6144,ck,8,3,17.1338,a8w8_blockscale_1x128x128_256x16x64x256_16x16_16x16_1x1_16x16x1_16x16x1_1x16x1x16_4_1x1_intrawave_v1,165.61,999.45,0.0001
gfx950,256,96,2624,6144,ck,8,2,17.9114,a8w8_blockscale_1x128x128_256x16x64x256_16x16_16x16_1x1_16x16x1_16x16x1_1x16x1x16_4_1x1_intrawave_v1,172.82,961.15,0.0
gfx950,256,104,2624,6144,ck,8,3,19.051,a8w8_blockscale_1x128x128_256x16x64x256_16x16_16x16_1x1_16x16x1_16x16x1_1x16x1x16_4_1x1_intrawave_v1,176.02,908.44,0.0002
gfx950,256,112,2624,6144,ck,8,3,19.6988,a8w8_blockscale_1x128x128_256x16x64x256_16x16_16x16_1x1_16x16x1_16x16x1_1x16x1x16_4_1x1_intrawave_v1,183.33,883.19,0.0001
gfx950,256,120,2624,6144,ck,8,2,20.6284,a8w8_blockscale_1x128x128_256x16x64x256_16x16_16x16_1x1_16x16x1_16x16x1_1x16x1x16_4_1x1_intrawave_v1,187.57,847.81,0.0
gfx950,256,128,2624,6144,ck,18,1,21.0091,a8w8_blockscale_1x128x128_256x64x64x256_16x16_32x32_1x1_16x16x1_16x16x1_1x32x1x8_8_1x1_intrawave_v1,196.45,836.78,0.0
gfx950,256,136,2624,6144,ck,8,2,22.0702,a8w8_blockscale_1x128x128_256x16x64x256_16x16_16x16_1x1_16x16x1_16x16x1_1x16x1x16_4_1x1_intrawave_v1,198.69,800.68,0.0
gfx950,256,144,2624,6144,ck,8,2,21.4521,a8w8_blockscale_1x128x128_256x16x64x256_16x16_16x16_1x1_16x16x1_16x16x1_1x16x1x16_4_1x1_intrawave_v1,216.44,828.0,0.0
gfx950,256,152,2624,6144,ck,8,3,22.5274,a8w8_blockscale_1x128x128_256x16x64x256_16x16_16x16_1x1_16x16x1_16x16x1_1x16x1x16_4_1x1_intrawave_v1,217.56,792.52,0.0002
gfx950,256,160,2624,6144,ck,8,3,22.7751,a8w8_blockscale_1x128x128_256x16x64x256_16x16_16x16_1x1_16x16x1_16x16x1_1x16x1x16_4_1x1_intrawave_v1,226.52,787.9,0.0002
gfx950,256,168,2624,6144,ck,18,1,23.1446,a8w8_blockscale_1x128x128_256x64x64x256_16x16_32x32_1x1_16x16x1_16x16x1_1x32x1x8_8_1x1_intrawave_v1,234.05,779.26,0.0
gfx950,256,176,2624,6144,ck,18,1,23.8355,a8w8_blockscale_1x128x128_256x64x64x256_16x16_32x32_1x1_16x16x1_16x16x1_1x32x1x8_8_1x1_intrawave_v1,238.09,760.5,0.0
gfx950,256,184,2624,6144,ck,18,1,24.2862,a8w8_blockscale_1x128x128_256x64x64x256_16x16_32x32_1x1_16x16x1_16x16x1_1x32x1x8_8_1x1_intrawave_v1,244.29,750.14,0.0
gfx950,256,192,2624,6144,ck,18,0,21.4989,a8w8_blockscale_1x128x128_256x64x64x256_16x16_32x32_1x1_16x16x1_16x16x1_1x32x1x8_8_1x1_intrawave_v1,287.96,851.63,0.0
gfx950,256,200,2624,6144,ck,18,0,24.8148,a8w8_blockscale_1x128x128_256x64x64x256_16x16_32x32_1x1_16x16x1_16x16x1_1x32x1x8_8_1x1_intrawave_v1,259.87,741.5,0.0
gfx950,256,208,2624,6144,ck,18,0,24.8183,a8w8_blockscale_1x128x128_256x64x64x256_16x16_32x32_1x1_16x16x1_16x16x1_1x32x1x8_8_1x1_intrawave_v1,270.23,745.07,0.0
gfx950,256,216,2624,6144,ck,18,0,24.9534,a8w8_blockscale_1x128x128_256x64x64x256_16x16_32x32_1x1_16x16x1_16x16x1_1x32x1x8_8_1x1_intrawave_v1,279.11,744.69,0.0
gfx950,256,224,2624,6144,ck,18,0,24.7462,a8w8_blockscale_1x128x128_256x64x64x256_16x16_32x32_1x1_16x16x1_16x16x1_1x32x1x8_8_1x1_intrawave_v1,291.87,754.61,0.0
gfx950,256,232,2624,6144,ck,18,0,24.9573,a8w8_blockscale_1x128x128_256x64x64x256_16x16_32x32_1x1_16x16x1_16x16x1_1x32x1x8_8_1x1_intrawave_v1,299.73,751.88,0.0
gfx950,256,240,2624,6144,ck,18,0,24.9221,a8w8_blockscale_1x128x128_256x64x64x256_16x16_32x32_1x1_16x16x1_16x16x1_1x32x1x8_8_1x1_intrawave_v1,310.51,756.59,0.0
gfx950,256,248,2624,6144,ck,18,0,24.7855,a8w8_blockscale_1x128x128_256x64x64x256_16x16_32x32_1x1_16x16x1_16x16x1_1x32x1x8_8_1x1_intrawave_v1,322.63,764.44,0.0
gfx950,256,256,2624,6144,ck,18,0,21.5326,a8w8_blockscale_1x128x128_256x64x64x256_16x16_32x32_1x1_16x16x1_16x16x1_1x32x1x8_8_1x1_intrawave_v1,383.34,884.16,0.0
gfx950,256,272,2624,6144,ck,18,0,25.408,a8w8_blockscale_1x128x128_256x64x64x256_16x16_32x32_1x1_16x16x1_16x16x1_1x32x1x8_8_1x1_intrawave_v1,345.18,756.47,0.0
gfx950,256,288,2624,6144,ck,18,0,25.5654,a8w8_blockscale_1x128x128_256x64x64x256_16x16_32x32_1x1_16x16x1_16x16x1_1x32x1x8_8_1x1_intrawave_v1,363.23,758.95,0.0
gfx950,256,304,2624,6144,ck,18,0,25.2688,a8w8_blockscale_1x128x128_256x64x64x256_16x16_32x32_1x1_16x16x1_16x16x1_1x32x1x8_8_1x1_intrawave_v1,387.91,775.07,0.0
gfx950,256,320,2624,6144,ck,18,0,21.808,a8w8_blockscale_1x128x128_256x64x64x256_16x16_32x32_1x1_16x16x1_16x16x1_1x32x1x8_8_1x1_intrawave_v1,473.13,906.42,0.0
gfx950,256,336,2624,6144,ck,18,0,26.02,a8w8_blockscale_1x128x128_256x64x64x256_16x16_32x32_1x1_16x16x1_16x16x1_1x32x1x8_8_1x1_intrawave_v1,416.37,766.7,0.0
gfx950,256,352,2624,6144,ck,18,0,25.8823,a8w8_blockscale_1x128x128_256x64x64x256_16x16_32x32_1x1_16x16x1_16x16x1_1x32x1x8_8_1x1_intrawave_v1,438.52,777.82,0.0
gfx950,256,368,2624,6144,ck,18,0,25.892,a8w8_blockscale_1x128x128_256x64x64x256_16x16_32x32_1x1_16x16x1_16x16x1_1x32x1x8_8_1x1_intrawave_v1,458.28,784.57,0.0
gfx950,256,384,2624,6144,ck,18,0,21.9317,a8w8_blockscale_1x128x128_256x64x64x256_16x16_32x32_1x1_16x16x1_16x16x1_1x32x1x8_8_1x1_intrawave_v1,564.55,934.56,0.0
gfx950,256,400,2624,6144,ck,18,0,32.8795,a8w8_blockscale_1x128x128_256x64x64x256_16x16_32x32_1x1_16x16x1_16x16x1_1x32x1x8_8_1x1_intrawave_v1,392.27,628.92,0.0
gfx950,256,416,2624,6144,ck,18,0,33.1711,a8w8_blockscale_1x128x128_256x64x64x256_16x16_32x32_1x1_16x16x1_16x16x1_1x32x1x8_8_1x1_intrawave_v1,404.37,628.89,0.0
gfx950,256,432,2624,6144,ck,18,0,33.0461,a8w8_blockscale_1x128x128_256x64x64x256_16x16_32x32_1x1_16x16x1_16x16x1_1x32x1x8_8_1x1_intrawave_v1,421.51,636.78,0.0
gfx950,256,448,2624,6144,ck,18,0,29.7903,a8w8_blockscale_1x128x128_256x64x64x256_16x16_32x32_1x1_16x16x1_16x16x1_1x32x1x8_8_1x1_intrawave_v1,484.9,712.5,0.0
gfx950,256,464,2624,6144,ck,18,0,33.4525,a8w8_blockscale_1x128x128_256x64x64x256_16x16_32x32_1x1_16x16x1_16x16x1_1x32x1x8_8_1x1_intrawave_v1,447.23,639.94,0.0
gfx950,256,480,2624,6144,ck,18,0,33.2926,a8w8_blockscale_1x128x128_256x64x64x256_16x16_32x32_1x1_16x16x1_16x16x1_1x32x1x8_8_1x1_intrawave_v1,464.88,648.49,0.0
gfx950,256,496,2624,6144,ck,18,0,33.5701,a8w8_blockscale_1x128x128_256x64x64x256_16x16_32x32_1x1_16x16x1_16x16x1_1x32x1x8_8_1x1_intrawave_v1,476.4,648.56,0.0
gfx950,256,512,2624,6144,ck,18,0,30.9657,a8w8_blockscale_1x128x128_256x64x64x256_16x16_32x32_1x1_16x16x1_16x16x1_1x32x1x8_8_1x1_intrawave_v1,533.13,709.0,0.0
gfx950,256,513,2624,6144,ck,18,0,33.6888,a8w8_blockscale_1x128x128_256x64x64x256_16x16_32x32_1x1_16x16x1_16x16x1_1x32x1x8_8_1x1_intrawave_v1,490.99,652.03,0.0
gfx950,256,514,2624,6144,ck,18,0,33.7374,a8w8_blockscale_1x128x128_256x64x64x256_16x16_32x32_1x1_16x16x1_16x16x1_1x32x1x8_8_1x1_intrawave_v1,491.24,651.42,0.0
gfx950,256,515,2624,6144,ck,18,0,33.4684,a8w8_blockscale_1x128x128_256x64x64x256_16x16_32x32_1x1_16x16x1_16x16x1_1x32x1x8_8_1x1_intrawave_v1,496.15,657.0,0.0
gfx950,256,516,2624,6144,ck,18,0,33.5493,a8w8_blockscale_1x128x128_256x64x64x256_16x16_32x32_1x1_16x16x1_16x16x1_1x32x1x8_8_1x1_intrawave_v1,495.92,655.76,0.0
gfx950,256,517,2624,6144,ck,18,0,33.6088,a8w8_blockscale_1x128x128_256x64x64x256_16x16_32x32_1x1_16x16x1_16x16x1_1x32x1x8_8_1x1_intrawave_v1,496.0,654.93,0.0
gfx950,256,518,2624,6144,ck,18,0,33.9219,a8w8_blockscale_1x128x128_256x64x64x256_16x16_32x32_1x1_16x16x1_16x16x1_1x32x1x8_8_1x1_intrawave_v1,492.37,649.22,0.0
gfx950,256,519,2624,6144,ck,18,0,33.8023,a8w8_blockscale_1x128x128_256x64x64x256_16x16_32x32_1x1_16x16x1_16x16x1_1x32x1x8_8_1x1_intrawave_v1,495.07,651.86,0.0
gfx950,256,520,2624,6144,ck,18,0,33.7278,a8w8_blockscale_1x128x128_256x64x64x256_16x16_32x32_1x1_16x16x1_16x16x1_1x32x1x8_8_1x1_intrawave_v1,497.12,653.64,0.0
gfx950,256,521,2624,6144,ck,18,0,33.5751,a8w8_blockscale_1x128x128_256x64x64x256_16x16_32x32_1x1_16x16x1_16x16x1_1x32x1x8_8_1x1_intrawave_v1,500.34,656.95,0.0
gfx950,256,522,2624,6144,ck,18,0,33.81,a8w8_blockscale_1x128x128_256x64x64x256_16x16_32x32_1x1_16x16x1_16x16x1_1x32x1x8_8_1x1_intrawave_v1,497.82,652.72,0.0
gfx950,256,523,2624,6144,ck,18,0,33.9127,a8w8_blockscale_1x128x128_256x64x64x256_16x16_32x32_1x1_16x16x1_16x16x1_1x32x1x8_8_1x1_intrawave_v1,497.26,651.08,0.0
gfx950,256,524,2624,6144,ck,18,0,33.7683,a8w8_blockscale_1x128x128_256x64x64x256_16x16_32x32_1x1_16x16x1_16x16x1_1x32x1x8_8_1x1_intrawave_v1,500.34,654.2,0.0
gfx950,256,525,2624,6144,ck,18,0,33.8497,a8w8_blockscale_1x128x128_256x64x64x256_16x16_32x32_1x1_16x16x1_16x16x1_1x32x1x8_8_1x1_intrawave_v1,500.09,652.96,0.0
gfx950,256,526,2624,6144,ck,18,0,33.7531,a8w8_blockscale_1x128x128_256x64x64x256_16x16_32x32_1x1_16x16x1_16x16x1_1x32x1x8_8_1x1_intrawave_v1,502.48,655.17,0.0
gfx950,256,527,2624,6144,ck,18,0,33.8207,a8w8_blockscale_1x128x128_256x64x64x256_16x16_32x32_1x1_16x16x1_16x16x1_1x32x1x8_8_1x1_intrawave_v1,502.43,654.2,0.0
gfx950,256,528,2624,6144,ck,18,0,33.6612,a8w8_blockscale_1x128x128_256x64x64x256_16x16_32x32_1x1_16x16x1_16x16x1_1x32x1x8_8_1x1_intrawave_v1,505.77,657.64,0.0
gfx950,256,529,2624,6144,ck,18,0,33.9943,a8w8_blockscale_1x128x128_256x64x64x256_16x16_32x32_1x1_16x16x1_16x16x1_1x32x1x8_8_1x1_intrawave_v1,501.76,651.53,0.0
gfx950,256,530,2624,6144,ck,18,0,33.8954,a8w8_blockscale_1x128x128_256x64x64x256_16x16_32x32_1x1_16x16x1_16x16x1_1x32x1x8_8_1x1_intrawave_v1,504.17,653.76,0.0
gfx950,256,531,2624,6144,ck,18,0,33.8824,a8w8_blockscale_1x128x128_256x64x64x256_16x16_32x32_1x1_16x16x1_16x16x1_1x32x1x8_8_1x1_intrawave_v1,505.32,654.35,0.0
gfx950,256,532,2624,6144,ck,18,0,33.8247,a8w8_blockscale_1x128x128_256x64x64x256_16x16_32x32_1x1_16x16x1_16x16x1_1x32x1x8_8_1x1_intrawave_v1,507.13,655.8,0.0
gfx950,256,533,2624,6144,ck,18,0,34.0312,a8w8_blockscale_1x128x128_256x64x64x256_16x16_32x32_1x1_16x16x1_16x16x1_1x32x1x8_8_1x1_intrawave_v1,505.0,652.16,0.0
gfx950,256,534,2624,6144,ck,18,0,34.0648,a8w8_blockscale_1x128x128_256x64x64x256_16x16_32x32_1x1_16x16x1_16x16x1_1x32x1x8_8_1x1_intrawave_v1,505.45,651.85,0.0
gfx950,256,535,2624,6144,ck,18,0,34.0545,a8w8_blockscale_1x128x128_256x64x64x256_16x16_32x32_1x1_16x16x1_16x16x1_1x32x1x8_8_1x1_intrawave_v1,506.55,652.38,0.0
gfx950,256,536,2624,6144,ck,18,0,33.6776,a8w8_blockscale_1x128x128_256x64x64x256_16x16_32x32_1x1_16x16x1_16x16x1_1x32x1x8_8_1x1_intrawave_v1,513.18,660.02,0.0
gfx950,256,537,2624,6144,ck,18,0,33.8653,a8w8_blockscale_1x128x128_256x64x64x256_16x16_32x32_1x1_16x16x1_16x16x1_1x32x1x8_8_1x1_intrawave_v1,511.29,656.7,0.0
gfx950,256,538,2624,6144,ck,18,0,33.8437,a8w8_blockscale_1x128x128_256x64x64x256_16x16_32x32_1x1_16x16x1_16x16x1_1x32x1x8_8_1x1_intrawave_v1,512.57,657.46,0.0
gfx950,256,539,2624,6144,ck,18,0,33.7561,a8w8_blockscale_1x128x128_256x64x64x256_16x16_32x32_1x1_16x16x1_16x16x1_1x32x1x8_8_1x1_intrawave_v1,514.85,659.5,0.0
gfx950,256,540,2624,6144,ck,18,0,33.5981,a8w8_blockscale_1x128x128_256x64x64x256_16x16_32x32_1x1_16x16x1_16x16x1_1x32x1x8_8_1x1_intrawave_v1,518.23,662.94,0.0
gfx950,256,541,2624,6144,ck,18,0,33.8296,a8w8_blockscale_1x128x128_256x64x64x256_16x16_32x32_1x1_16x16x1_16x16x1_1x32x1x8_8_1x1_intrawave_v1,515.64,658.74,0.0
gfx950,256,542,2624,6144,ck,18,0,33.8308,a8w8_blockscale_1x128x128_256x64x64x256_16x16_32x32_1x1_16x16x1_16x16x1_1x32x1x8_8_1x1_intrawave_v1,516.57,659.05,0.0
gfx950,256,543,2624,6144,ck,18,0,33.7947,a8w8_blockscale_1x128x128_256x64x64x256_16x16_32x32_1x1_16x16x1_16x16x1_1x32x1x8_8_1x1_intrawave_v1,518.08,660.09,0.0
gfx950,256,544,2624,6144,ck,18,0,33.8559,a8w8_blockscale_1x128x128_256x64x64x256_16x16_32x32_1x1_16x16x1_16x16x1_1x32x1x8_8_1x1_intrawave_v1,518.1,659.24,0.0
gfx950,256,545,2624,6144,ck,18,0,33.57,a8w8_blockscale_1x128x128_256x64x64x256_16x16_32x32_1x1_16x16x1_16x16x1_1x32x1x8_8_1x1_intrawave_v1,523.47,665.19,0.0
gfx950,256,546,2624,6144,ck,18,0,33.9463,a8w8_blockscale_1x128x128_256x64x64x256_16x16_32x32_1x1_16x16x1_16x16x1_1x32x1x8_8_1x1_intrawave_v1,518.62,658.15,0.0
gfx950,256,547,2624,6144,ck,18,0,33.9149,a8w8_blockscale_1x128x128_256x64x64x256_16x16_32x32_1x1_16x16x1_16x16x1_1x32x1x8_8_1x1_intrawave_v1,520.05,659.1,0.0
gfx950,256,548,2624,6144,ck,18,0,34.0583,a8w8_blockscale_1x128x128_256x64x64x256_16x16_32x32_1x1_16x16x1_16x16x1_1x32x1x8_8_1x1_intrawave_v1,518.8,656.66,0.0
gfx950,256,549,2624,6144,ck,18,0,33.6711,a8w8_blockscale_1x128x128_256x64x64x256_16x16_32x32_1x1_16x16x1_16x16x1_1x32x1x8_8_1x1_intrawave_v1,525.73,664.55,0.0
gfx950,256,550,2624,6144,ck,18,0,33.9514,a8w8_blockscale_1x128x128_256x64x64x256_16x16_32x32_1x1_16x16x1_16x16x1_1x32x1x8_8_1x1_intrawave_v1,522.34,659.4,0.0
gfx950,256,551,2624,6144,ck,18,0,33.8176,a8w8_blockscale_1x128x128_256x64x64x256_16x16_32x32_1x1_16x16x1_16x16x1_1x32x1x8_8_1x1_intrawave_v1,525.36,662.34,0.0
gfx950,256,552,2624,6144,ck,18,0,33.6122,a8w8_blockscale_1x128x128_256x64x64x256_16x16_32x32_1x1_16x16x1_16x16x1_1x32x1x8_8_1x1_intrawave_v1,529.53,666.73,0.0
gfx950,256,553,2624,6144,ck,18,0,33.6329,a8w8_blockscale_1x128x128_256x64x64x256_16x16_32x32_1x1_16x16x1_16x16x1_1x32x1x8_8_1x1_intrawave_v1,530.16,666.66,0.0
gfx950,256,554,2624,6144,ck,18,0,33.615,a8w8_blockscale_1x128x128_256x64x64x256_16x16_32x32_1x1_16x16x1_16x16x1_1x32x1x8_8_1x1_intrawave_v1,531.4,667.35,0.0
gfx950,256,555,2624,6144,ck,18,0,33.7902,a8w8_blockscale_1x128x128_256x64x64x256_16x16_32x32_1x1_16x16x1_16x16x1_1x32x1x8_8_1x1_intrawave_v1,529.6,664.23,0.0
gfx950,256,556,2624,6144,ck,18,0,33.9166,a8w8_blockscale_1x128x128_256x64x64x256_16x16_32x32_1x1_16x16x1_16x16x1_1x32x1x8_8_1x1_intrawave_v1,528.58,662.09,0.0
gfx950,256,557,2624,6144,ck,18,0,34.0037,a8w8_blockscale_1x128x128_256x64x64x256_16x16_32x32_1x1_16x16x1_16x16x1_1x32x1x8_8_1x1_intrawave_v1,528.17,660.73,0.0
gfx950,256,558,2624,6144,ck,18,0,33.7395,a8w8_blockscale_1x128x128_256x64x64x256_16x16_32x32_1x1_16x16x1_16x16x1_1x32x1x8_8_1x1_intrawave_v1,533.26,666.24,0.0
gfx950,256,559,2624,6144,ck,18,0,33.5904,a8w8_blockscale_1x128x128_256x64x64x256_16x16_32x32_1x1_16x16x1_16x16x1_1x32x1x8_8_1x1_intrawave_v1,536.59,669.54,0.0
gfx950,256,560,2624,6144,ck,18,0,33.8429,a8w8_blockscale_1x128x128_256x64x64x256_16x16_32x32_1x1_16x16x1_16x16x1_1x32x1x8_8_1x1_intrawave_v1,533.54,664.88,0.0
gfx950,256,561,2624,6144,ck,18,0,33.5756,a8w8_blockscale_1x128x128_256x64x64x256_16x16_32x32_1x1_16x16x1_16x16x1_1x32x1x8_8_1x1_intrawave_v1,538.75,670.51,0.0
gfx950,256,562,2624,6144,ck,18,0,33.8818,a8w8_blockscale_1x128x128_256x64x64x256_16x16_32x32_1x1_16x16x1_16x16x1_1x32x1x8_8_1x1_intrawave_v1,534.83,664.79,0.0
gfx950,256,563,2624,6144,ck,18,0,34.0763,a8w8_blockscale_1x128x128_256x64x64x256_16x16_32x32_1x1_16x16x1_16x16x1_1x32x1x8_8_1x1_intrawave_v1,532.72,661.33,0.0
gfx950,256,564,2624,6144,ck,18,0,33.8032,a8w8_blockscale_1x128x128_256x64x64x256_16x16_32x32_1x1_16x16x1_16x16x1_1x32x1x8_8_1x1_intrawave_v1,537.98,667.01,0.0
gfx950,256,565,2624,6144,ck,18,0,34.1454,a8w8_blockscale_1x128x128_256x64x64x256_16x16_32x32_1x1_16x16x1_16x16x1_1x32x1x8_8_1x1_intrawave_v1,533.53,660.66,0.0
gfx950,256,566,2624,6144,ck,18,0,33.7618,a8w8_blockscale_1x128x128_256x64x64x256_16x16_32x32_1x1_16x16x1_16x16x1_1x32x1x8_8_1x1_intrawave_v1,540.55,668.5,0.0
gfx950,256,567,2624,6144,ck,18,0,34.1218,a8w8_blockscale_1x128x128_256x64x64x256_16x16_32x32_1x1_16x16x1_16x16x1_1x32x1x8_8_1x1_intrawave_v1,535.79,661.78,0.0
gfx950,256,568,2624,6144,ck,18,0,34.0013,a8w8_blockscale_1x128x128_256x64x64x256_16x16_32x32_1x1_16x16x1_16x16x1_1x32x1x8_8_1x1_intrawave_v1,538.64,664.46,0.0
gfx950,256,569,2624,6144,ck,18,0,33.9562,a8w8_blockscale_1x128x128_256x64x64x256_16x16_32x32_1x1_16x16x1_16x16x1_1x32x1x8_8_1x1_intrawave_v1,540.3,665.68,0.0
gfx950,256,570,2624,6144,ck,18,0,33.8028,a8w8_blockscale_1x128x128_256x64x64x256_16x16_32x32_1x1_16x16x1_16x16x1_1x32x1x8_8_1x1_intrawave_v1,543.71,669.04,0.0
gfx950,256,571,2624,6144,ck,18,0,34.0748,a8w8_blockscale_1x128x128_256x64x64x256_16x16_32x32_1x1_16x16x1_16x16x1_1x32x1x8_8_1x1_intrawave_v1,540.32,664.03,0.0
gfx950,256,572,2624,6144,ck,18,0,33.9938,a8w8_blockscale_1x128x128_256x64x64x256_16x16_32x32_1x1_16x16x1_16x16x1_1x32x1x8_8_1x1_intrawave_v1,542.55,665.95,0.0
gfx950,256,573,2624,6144,ck,18,0,33.6549,a8w8_blockscale_1x128x128_256x64x64x256_16x16_32x32_1x1_16x16x1_16x16x1_1x32x1x8_8_1x1_intrawave_v1,548.97,672.99,0.0
gfx950,256,574,2624,6144,ck,18,0,33.9295,a8w8_blockscale_1x128x128_256x64x64x256_16x16_32x32_1x1_16x16x1_16x16x1_1x32x1x8_8_1x1_intrawave_v1,545.48,667.88,0.0
gfx950,256,575,2624,6144,ck,18,0,33.9135,a8w8_blockscale_1x128x128_256x64x64x256_16x16_32x32_1x1_16x16x1_16x16x1_1x32x1x8_8_1x1_intrawave_v1,546.69,668.53,0.0
gfx950,256,576,2624,6144,ck,18,0,29.8548,a8w8_blockscale_1x128x128_256x64x64x256_16x16_32x32_1x1_16x16x1_16x16x1_1x32x1x8_8_1x1_intrawave_v1,622.09,759.8,0.0
gfx950,256,577,2624,6144,ck,18,0,34.1845,a8w8_blockscale_1x128x128_256x64x64x256_16x16_32x32_1x1_16x16x1_16x16x1_1x32x1x8_8_1x1_intrawave_v1,544.24,663.9,0.0
gfx950,256,578,2624,6144,ck,18,0,34.0559,a8w8_blockscale_1x128x128_256x64x64x256_16x16_32x32_1x1_16x16x1_16x16x1_1x32x1x8_8_1x1_intrawave_v1,547.24,666.74,0.0
gfx950,256,579,2624,6144,ck,18,0,34.2501,a8w8_blockscale_1x128x128_256x64x64x256_16x16_32x32_1x1_16x16x1_16x16x1_1x32x1x8_8_1x1_intrawave_v1,545.08,663.29,0.0
gfx950,256,580,2624,6144,ck,18,0,34.2253,a8w8_blockscale_1x128x128_256x64x64x256_16x16_32x32_1x1_16x16x1_16x16x1_1x32x1x8_8_1x1_intrawave_v1,546.42,664.11,0.0
gfx950,256,581,2624,6144,ck,18,0,34.011,a8w8_blockscale_1x128x128_256x64x64x256_16x16_32x32_1x1_16x16x1_16x16x1_1x32x1x8_8_1x1_intrawave_v1,550.81,668.63,0.0
gfx950,256,582,2624,6144,ck,18,0,34.4188,a8w8_blockscale_1x128x128_256x64x64x256_16x16_32x32_1x1_16x16x1_16x16x1_1x32x1x8_8_1x1_intrawave_v1,545.22,661.03,0.0
gfx950,256,583,2624,6144,ck,18,0,34.0367,a8w8_blockscale_1x128x128_256x64x64x256_16x16_32x32_1x1_16x16x1_16x16x1_1x32x1x8_8_1x1_intrawave_v1,552.29,668.79,0.0
gfx950,256,584,2624,6144,ck,18,0,34.1195,a8w8_blockscale_1x128x128_256x64x64x256_16x16_32x32_1x1_16x16x1_16x16x1_1x32x1x8_8_1x1_intrawave_v1,551.89,667.5,0.0
gfx950,256,585,2624,6144,ck,18,0,33.8546,a8w8_blockscale_1x128x128_256x64x64x256_16x16_32x32_1x1_16x16x1_16x16x1_1x32x1x8_8_1x1_intrawave_v1,557.16,673.06,0.0
gfx950,256,586,2624,6144,ck,18,0,34.3311,a8w8_blockscale_1x128x128_256x64x64x256_16x16_32x32_1x1_16x16x1_16x16x1_1x32x1x8_8_1x1_intrawave_v1,550.37,664.05,0.0
gfx950,256,587,2624,6144,ck,18,0,33.8981,a8w8_blockscale_1x128x128_256x64x64x256_16x16_32x32_1x1_16x16x1_16x16x1_1x32x1x8_8_1x1_intrawave_v1,558.35,672.87,0.0
gfx950,256,588,2624,6144,ck,18,0,34.5797,a8w8_blockscale_1x128x128_256x64x64x256_16x16_32x32_1x1_16x16x1_16x16x1_1x32x1x8_8_1x1_intrawave_v1,548.28,659.93,0.0
gfx950,256,589,2624,6144,ck,18,0,34.4662,a8w8_blockscale_1x128x128_256x64x64x256_16x16_32x32_1x1_16x16x1_16x16x1_1x32x1x8_8_1x1_intrawave_v1,551.02,662.44,0.0
gfx950,256,590,2624,6144,ck,18,0,34.2366,a8w8_blockscale_1x128x128_256x64x64x256_16x16_32x32_1x1_16x16x1_16x16x1_1x32x1x8_8_1x1_intrawave_v1,555.66,667.21,0.0
gfx950,256,591,2624,6144,ck,18,0,34.1372,a8w8_blockscale_1x128x128_256x64x64x256_16x16_32x32_1x1_16x16x1_16x16x1_1x32x1x8_8_1x1_intrawave_v1,558.22,669.49,0.0
gfx950,256,592,2624,6144,ck,18,0,34.3604,a8w8_blockscale_1x128x128_256x64x64x256_16x16_32x32_1x1_16x16x1_16x16x1_1x32x1x8_8_1x1_intrawave_v1,555.53,665.47,0.0
gfx950,256,593,2624,6144,ck,18,0,34.4265,a8w8_blockscale_1x128x128_256x64x64x256_16x16_32x32_1x1_16x16x1_16x16x1_1x32x1x8_8_1x1_intrawave_v1,555.4,664.53,0.0
gfx950,256,594,2624,6144,ck,18,0,34.0962,a8w8_blockscale_1x128x128_256x64x64x256_16x16_32x32_1x1_16x16x1_16x16x1_1x32x1x8_8_1x1_intrawave_v1,561.73,671.3,0.0
gfx950,256,595,2624,6144,ck,18,0,33.9832,a8w8_blockscale_1x128x128_256x64x64x256_16x16_32x32_1x1_16x16x1_16x16x1_1x32x1x8_8_1x1_intrawave_v1,564.54,673.87,0.0
gfx950,256,596,2624,6144,ck,18,0,34.1572,a8w8_blockscale_1x128x128_256x64x64x256_16x16_32x32_1x1_16x16x1_16x16x1_1x32x1x8_8_1x1_intrawave_v1,562.61,670.77,0.0
gfx950,256,597,2624,6144,ck,18,0,33.9507,a8w8_blockscale_1x128x128_256x64x64x256_16x16_32x32_1x1_16x16x1_16x16x1_1x32x1x8_8_1x1_intrawave_v1,566.98,675.18,0.0
gfx950,256,598,2624,6144,ck,18,0,34.4713,a8w8_blockscale_1x128x128_256x64x64x256_16x16_32x32_1x1_16x16x1_16x16x1_1x32x1x8_8_1x1_intrawave_v1,559.36,665.31,0.0
gfx950,256,599,2624,6144,ck,18,0,34.0122,a8w8_blockscale_1x128x128_256x64x64x256_16x16_32x32_1x1_16x16x1_16x16x1_1x32x1x8_8_1x1_intrawave_v1,567.85,674.63,0.0
gfx950,256,600,2624,6144,ck,18,0,34.2463,a8w8_blockscale_1x128x128_256x64x64x256_16x16_32x32_1x1_16x16x1_16x16x1_1x32x1x8_8_1x1_intrawave_v1,564.91,670.35,0.0
gfx950,256,601,2624,6144,ck,18,0,34.0223,a8w8_blockscale_1x128x128_256x64x64x256_16x16_32x32_1x1_16x16x1_16x16x1_1x32x1x8_8_1x1_intrawave_v1,569.58,675.1,0.0
gfx950,256,602,2624,6144,ck,18,0,34.1765,a8w8_blockscale_1x128x128_256x64x64x256_16x16_32x32_1x1_16x16x1_16x16x1_1x32x1x8_8_1x1_intrawave_v1,567.96,672.39,0.0
gfx950,256,603,2624,6144,ck,18,0,34.216,a8w8_blockscale_1x128x128_256x64x64x256_16x16_32x32_1x1_16x16x1_16x16x1_1x32x1x8_8_1x1_intrawave_v1,568.24,671.94,0.0
gfx950,256,604,2624,6144,ck,18,0,34.2224,a8w8_blockscale_1x128x128_256x64x64x256_16x16_32x32_1x1_16x16x1_16x16x1_1x32x1x8_8_1x1_intrawave_v1,569.08,672.15,0.0
gfx950,256,605,2624,6144,ck,18,0,34.3195,a8w8_blockscale_1x128x128_256x64x64x256_16x16_32x32_1x1_16x16x1_16x16x1_1x32x1x8_8_1x1_intrawave_v1,568.41,670.58,0.0
gfx950,256,607,2624,6144,ck,18,0,34.2609,a8w8_blockscale_1x128x128_256x64x64x256_16x16_32x32_1x1_16x16x1_16x16x1_1x32x1x8_8_1x1_intrawave_v1,571.26,672.39,0.0
gfx950,256,608,2624,6144,ck,18,0,33.8808,a8w8_blockscale_1x128x128_256x64x64x256_16x16_32x32_1x1_16x16x1_16x16x1_1x32x1x8_8_1x1_intrawave_v1,578.62,680.27,0.0
gfx950,256,609,2624,6144,ck,18,0,34.5395,a8w8_blockscale_1x128x128_256x64x64x256_16x16_32x32_1x1_16x16x1_16x16x1_1x32x1x8_8_1x1_intrawave_v1,568.52,667.63,0.0
gfx950,256,610,2624,6144,ck,18,0,34.1004,a8w8_blockscale_1x128x128_256x64x64x256_16x16_32x32_1x1_16x16x1_16x16x1_1x32x1x8_8_1x1_intrawave_v1,576.79,676.56,0.0
gfx950,256,611,2624,6144,ck,18,0,34.7565,a8w8_blockscale_1x128x128_256x64x64x256_16x16_32x32_1x1_16x16x1_16x16x1_1x32x1x8_8_1x1_intrawave_v1,566.83,664.12,0.0
gfx950,256,612,2624,6144,ck,18,0,33.9354,a8w8_blockscale_1x128x128_256x64x64x256_16x16_32x32_1x1_16x16x1_16x16x1_1x32x1x8_8_1x1_intrawave_v1,581.49,680.52,0.0
gfx950,256,613,2624,6144,ck,18,0,34.3172,a8w8_blockscale_1x128x128_256x64x64x256_16x16_32x32_1x1_16x16x1_16x16x1_1x32x1x8_8_1x1_intrawave_v1,575.96,673.28,0.0
gfx950,256,614,2624,6144,ck,18,0,34.3388,a8w8_blockscale_1x128x128_256x64x64x256_16x16_32x32_1x1_16x16x1_16x16x1_1x32x1x8_8_1x1_intrawave_v1,576.54,673.19,0.0
gfx950,256,615,2624,6144,ck,18,0,34.3338,a8w8_blockscale_1x128x128_256x64x64x256_16x16_32x32_1x1_16x16x1_16x16x1_1x32x1x8_8_1x1_intrawave_v1,577.56,673.62,0.0
gfx950,256,616,2624,6144,ck,18,0,34.2303,a8w8_blockscale_1x128x128_256x64x64x256_16x16_32x32_1x1_16x16x1_16x16x1_1x32x1x8_8_1x1_intrawave_v1,580.25,675.99,0.0
gfx950,256,617,2624,6144,ck,18,0,34.3181,a8w8_blockscale_1x128x128_256x64x64x256_16x16_32x32_1x1_16x16x1_16x16x1_1x32x1x8_8_1x1_intrawave_v1,579.7,674.59,0.0
gfx950,256,618,2624,6144,ck,18,0,34.2023,a8w8_blockscale_1x128x128_256x64x64x256_16x16_32x32_1x1_16x16x1_16x16x1_1x32x1x8_8_1x1_intrawave_v1,582.61,677.21,0.0
gfx950,256,619,2624,6144,ck,18,0,34.1915,a8w8_blockscale_1x128x128_256x64x64x256_16x16_32x32_1x1_16x16x1_16x16x1_1x32x1x8_8_1x1_intrawave_v1,583.74,677.76,0.0
gfx950,256,620,2624,6144,ck,18,0,34.5185,a8w8_blockscale_1x128x128_256x64x64x256_16x16_32x32_1x1_16x16x1_16x16x1_1x32x1x8_8_1x1_intrawave_v1,579.14,671.67,0.0
gfx950,256,621,2624,6144,ck,18,0,34.2938,a8w8_blockscale_1x128x128_256x64x64x256_16x16_32x32_1x1_16x16x1_16x16x1_1x32x1x8_8_1x1_intrawave_v1,583.88,676.4,0.0
gfx950,256,622,2624,6144,ck,18,0,34.0776,a8w8_blockscale_1x128x128_256x64x64x256_16x16_32x32_1x1_16x16x1_16x16x1_1x32x1x8_8_1x1_intrawave_v1,588.53,681.02,0.0
gfx950,256,623,2624,6144,ck,18,0,34.3604,a8w8_blockscale_1x128x128_256x64x64x256_16x16_32x32_1x1_16x16x1_16x16x1_1x32x1x8_8_1x1_intrawave_v1,584.62,675.75,0.0
gfx950,256,624,2624,6144,ck,18,0,34.234,a8w8_blockscale_1x128x128_256x64x64x256_16x16_32x32_1x1_16x16x1_16x16x1_1x32x1x8_8_1x1_intrawave_v1,587.72,678.58,0.0
gfx950,256,625,2624,6144,ck,18,0,34.3363,a8w8_blockscale_1x128x128_256x64x64x256_16x16_32x32_1x1_16x16x1_16x16x1_1x32x1x8_8_1x1_intrawave_v1,586.91,676.89,0.0
gfx950,256,626,2624,6144,ck,18,0,34.3537,a8w8_blockscale_1x128x128_256x64x64x256_16x16_32x32_1x1_16x16x1_16x16x1_1x32x1x8_8_1x1_intrawave_v1,587.55,676.88,0.0
gfx950,256,627,2624,6144,ck,18,0,34.5526,a8w8_blockscale_1x128x128_256x64x64x256_16x16_32x32_1x1_16x16x1_16x16x1_1x32x1x8_8_1x1_intrawave_v1,585.1,673.31,0.0
gfx950,256,628,2624,6144,ck,18,0,34.4666,a8w8_blockscale_1x128x128_256x64x64x256_16x16_32x32_1x1_16x16x1_16x16x1_1x32x1x8_8_1x1_intrawave_v1,587.5,675.32,0.0
gfx950,256,629,2624,6144,ck,18,0,34.2841,a8w8_blockscale_1x128x128_256x64x64x256_16x16_32x32_1x1_16x16x1_16x16x1_1x32x1x8_8_1x1_intrawave_v1,591.57,679.25,0.0
gfx950,256,630,2624,6144,ck,18,0,34.351,a8w8_blockscale_1x128x128_256x64x64x256_16x16_32x32_1x1_16x16x1_16x16x1_1x32x1x8_8_1x1_intrawave_v1,591.35,678.26,0.0
gfx950,256,631,2624,6144,ck,18,0,34.4571,a8w8_blockscale_1x128x128_256x64x64x256_16x16_32x32_1x1_16x16x1_16x16x1_1x32x1x8_8_1x1_intrawave_v1,590.47,676.5,0.0
gfx950,256,632,2624,6144,ck,18,0,34.2343,a8w8_blockscale_1x128x128_256x64x64x256_16x16_32x32_1x1_16x16x1_16x16x1_1x32x1x8_8_1x1_intrawave_v1,595.25,681.23,0.0
gfx950,256,633,2624,6144,ck,18,0,34.0546,a8w8_blockscale_1x128x128_256x64x64x256_16x16_32x32_1x1_16x16x1_16x16x1_1x32x1x8_8_1x1_intrawave_v1,599.34,685.16,0.0
gfx950,256,634,2624,6144,ck,18,0,34.4122,a8w8_blockscale_1x128x128_256x64x64x256_16x16_32x32_1x1_16x16x1_16x16x1_1x32x1x8_8_1x1_intrawave_v1,594.05,678.38,0.0
gfx950,256,635,2624,6144,ck,18,0,34.2831,a8w8_blockscale_1x128x128_256x64x64x256_16x16_32x32_1x1_16x16x1_16x16x1_1x32x1x8_8_1x1_intrawave_v1,597.23,681.26,0.0
gfx950,256,637,2624,6144,ck,18,0,34.2928,a8w8_blockscale_1x128x128_256x64x64x256_16x16_32x32_1x1_16x16x1_16x16x1_1x32x1x8_8_1x1_intrawave_v1,598.94,681.73,0.0
gfx950,256,638,2624,6144,ck,18,0,34.4772,a8w8_blockscale_1x128x128_256x64x64x256_16x16_32x32_1x1_16x16x1_16x16x1_1x32x1x8_8_1x1_intrawave_v1,596.67,678.42,0.0
gfx950,256,639,2624,6144,ck,18,0,34.1628,a8w8_blockscale_1x128x128_256x64x64x256_16x16_32x32_1x1_16x16x1_16x16x1_1x32x1x8_8_1x1_intrawave_v1,603.1,684.99,0.0
gfx950,256,640,2624,6144,ck,18,0,30.5737,a8w8_blockscale_1x128x128_256x64x64x256_16x16_32x32_1x1_16x16x1_16x16x1_1x32x1x8_8_1x1_intrawave_v1,674.96,765.78,0.0
gfx950,256,641,2624,6144,ck,18,0,34.3479,a8w8_blockscale_1x128x128_256x64x64x256_16x16_32x32_1x1_16x16x1_16x16x1_1x32x1x8_8_1x1_intrawave_v1,601.73,681.97,0.0
gfx950,256,642,2624,6144,ck,18,0,34.5995,a8w8_blockscale_1x128x128_256x64x64x256_16x16_32x32_1x1_16x16x1_16x16x1_1x32x1x8_8_1x1_intrawave_v1,598.29,677.34,0.0
gfx950,256,643,2624,6144,ck,18,0,34.5847,a8w8_blockscale_1x128x128_256x64x64x256_16x16_32x32_1x1_16x16x1_16x16x1_1x32x1x8_8_1x1_intrawave_v1,599.48,677.96,0.0
gfx950,256,644,2624,6144,ck,18,0,34.5393,a8w8_blockscale_1x128x128_256x64x64x256_16x16_32x32_1x1_16x16x1_16x16x1_1x32x1x8_8_1x1_intrawave_v1,601.2,679.18,0.0
gfx950,256,645,2624,6144,ck,18,0,34.7079,a8w8_blockscale_1x128x128_256x64x64x256_16x16_32x32_1x1_16x16x1_16x16x1_1x32x1x8_8_1x1_intrawave_v1,599.21,676.21,0.0
gfx950,256,646,2624,6144,ck,18,0,34.1809,a8w8_blockscale_1x128x128_256x64x64x256_16x16_32x32_1x1_16x16x1_16x16x1_1x32x1x8_8_1x1_intrawave_v1,609.39,686.97,0.0
gfx950,256,647,2624,6144,ck,18,0,34.7927,a8w8_blockscale_1x128x128_256x64x64x256_16x16_32x32_1x1_16x16x1_16x16x1_1x32x1x8_8_1x1_intrawave_v1,599.6,675.21,0.0
gfx950,256,648,2624,6144,ck,18,0,34.5143,a8w8_blockscale_1x128x128_256x64x64x256_16x16_32x32_1x1_16x16x1_16x16x1_1x32x1x8_8_1x1_intrawave_v1,605.37,680.99,0.0
gfx950,256,649,2624,6144,ck,18,0,34.8809,a8w8_blockscale_1x128x128_256x64x64x256_16x16_32x32_1x1_16x16x1_16x16x1_1x32x1x8_8_1x1_intrawave_v1,599.93,674.16,0.0
gfx950,256,650,2624,6144,ck,18,0,35.0536,a8w8_blockscale_1x128x128_256x64x64x256_16x16_32x32_1x1_16x16x1_16x16x1_1x32x1x8_8_1x1_intrawave_v1,597.9,671.16,0.0
gfx950,256,651,2624,6144,ck,18,0,34.4277,a8w8_blockscale_1x128x128_256x64x64x256_16x16_32x32_1x1_16x16x1_16x16x1_1x32x1x8_8_1x1_intrawave_v1,609.7,683.7,0.0
gfx950,256,653,2624,6144,ck,18,0,34.5562,a8w8_blockscale_1x128x128_256x64x64x256_16x16_32x32_1x1_16x16x1_16x16x1_1x32x1x8_8_1x1_intrawave_v1,609.3,681.81,0.0
gfx950,256,654,2624,6144,ck,18,0,34.846,a8w8_blockscale_1x128x128_256x64x64x256_16x16_32x32_1x1_16x16x1_16x16x1_1x32x1x8_8_1x1_intrawave_v1,605.16,676.47,0.0
gfx950,256,655,2624,6144,ck,18,0,34.5149,a8w8_blockscale_1x128x128_256x64x64x256_16x16_32x32_1x1_16x16x1_16x16x1_1x32x1x8_8_1x1_intrawave_v1,611.9,683.29,0.0
gfx950,256,656,2624,6144,ck,18,0,34.6674,a8w8_blockscale_1x128x128_256x64x64x256_16x16_32x32_1x1_16x16x1_16x16x1_1x32x1x8_8_1x1_intrawave_v1,610.14,680.61,0.0
gfx950,256,657,2624,6144,ck,18,0,34.6513,a8w8_blockscale_1x128x128_256x64x64x256_16x16_32x32_1x1_16x16x1_16x16x1_1x32x1x8_8_1x1_intrawave_v1,611.35,681.26,0.0
gfx950,256,658,2624,6144,ck,18,0,34.6345,a8w8_blockscale_1x128x128_256x64x64x256_16x16_32x32_1x1_16x16x1_16x16x1_1x32x1x8_8_1x1_intrawave_v1,612.58,681.92,0.0
gfx950,256,659,2624,6144,ck,18,0,34.6932,a8w8_blockscale_1x128x128_256x64x64x256_16x16_32x32_1x1_16x16x1_16x16x1_1x32x1x8_8_1x1_intrawave_v1,612.47,681.09,0.0
gfx950,256,660,2624,6144,ck,18,0,34.9842,a8w8_blockscale_1x128x128_256x64x64x256_16x16_32x32_1x1_16x16x1_16x16x1_1x32x1x8_8_1x1_intrawave_v1,608.3,675.75,0.0
gfx950,256,661,2624,6144,ck,18,0,34.4182,a8w8_blockscale_1x128x128_256x64x64x256_16x16_32x32_1x1_16x16x1_16x16x1_1x32x1x8_8_1x1_intrawave_v1,619.24,687.19,0.0
gfx950,256,663,2624,6144,ck,18,0,34.5426,a8w8_blockscale_1x128x128_256x64x64x256_16x16_32x32_1x1_16x16x1_16x16x1_1x32x1x8_8_1x1_intrawave_v1,618.88,685.38,0.0
gfx950,256,664,2624,6144,ck,18,0,34.9027,a8w8_blockscale_1x128x128_256x64x64x256_16x16_32x32_1x1_16x16x1_16x16x1_1x32x1x8_8_1x1_intrawave_v1,613.41,678.63,0.0
gfx950,256,665,2624,6144,ck,18,0,34.6544,a8w8_blockscale_1x128x128_256x64x64x256_16x16_32x32_1x1_16x16x1_16x16x1_1x32x1x8_8_1x1_intrawave_v1,618.74,683.82,0.0
gfx950,256,666,2624,6144,ck,18,0,35.0933,a8w8_blockscale_1x128x128_256x64x64x256_16x16_32x32_1x1_16x16x1_16x16x1_1x32x1x8_8_1x1_intrawave_v1,611.92,675.6,0.0
gfx950,256,667,2624,6144,ck,18,0,34.9143,a8w8_blockscale_1x128x128_256x64x64x256_16x16_32x32_1x1_16x16x1_16x16x1_1x32x1x8_8_1x1_intrawave_v1,615.98,679.39,0.0
gfx950,256,668,2624,6144,ck,18,0,34.8226,a8w8_blockscale_1x128x128_256x64x64x256_16x16_32x32_1x1_16x16x1_16x16x1_1x32x1x8_8_1x1_intrawave_v1,618.53,681.5,0.0
gfx950,256,669,2624,6144,ck,18,0,34.7066,a8w8_blockscale_1x128x128_256x64x64x256_16x16_32x32_1x1_16x16x1_16x16x1_1x32x1x8_8_1x1_intrawave_v1,621.53,684.11,0.0
gfx950,256,670,2624,6144,ck,18,0,34.5309,a8w8_blockscale_1x128x128_256x64x64x256_16x16_32x32_1x1_16x16x1_16x16x1_1x32x1x8_8_1x1_intrawave_v1,625.62,687.92,0.0
gfx950,256,671,2624,6144,ck,18,0,35.2211,a8w8_blockscale_1x128x128_256x64x64x256_16x16_32x32_1x1_16x16x1_16x16x1_1x32x1x8_8_1x1_intrawave_v1,614.28,674.76,0.0
gfx950,256,672,2624,6144,ck,18,0,34.7786,a8w8_blockscale_1x128x128_256x64x64x256_16x16_32x32_1x1_16x16x1_16x16x1_1x32x1x8_8_1x1_intrawave_v1,623.02,683.68,0.0
gfx950,256,674,2624,6144,ck,18,0,34.9713,a8w8_blockscale_1x128x128_256x64x64x256_16x16_32x32_1x1_16x16x1_16x16x1_1x32x1x8_8_1x1_intrawave_v1,621.43,680.56,0.0
gfx950,256,675,2624,6144,ck,18,0,34.7349,a8w8_blockscale_1x128x128_256x64x64x256_16x16_32x32_1x1_16x16x1_16x16x1_1x32x1x8_8_1x1_intrawave_v1,626.59,685.52,0.0
gfx950,256,676,2624,6144,ck,18,0,34.5054,a8w8_blockscale_1x128x128_256x64x64x256_16x16_32x32_1x1_16x16x1_16x16x1_1x32x1x8_8_1x1_intrawave_v1,631.69,690.41,0.0
gfx950,256,678,2624,6144,ck,18,0,34.8739,a8w8_blockscale_1x128x128_256x64x64x256_16x16_32x32_1x1_16x16x1_16x16x1_1x32x1x8_8_1x1_intrawave_v1,626.87,683.77,0.0
gfx950,256,679,2624,6144,ck,18,0,34.8191,a8w8_blockscale_1x128x128_256x64x64x256_16x16_32x32_1x1_16x16x1_16x16x1_1x32x1x8_8_1x1_intrawave_v1,628.78,685.17,0.0
gfx950,256,680,2624,6144,ck,18,0,34.6938,a8w8_blockscale_1x128x128_256x64x64x256_16x16_32x32_1x1_16x16x1_16x16x1_1x32x1x8_8_1x1_intrawave_v1,631.98,687.97,0.0
gfx950,256,681,2624,6144,ck,18,0,34.1811,a8w8_blockscale_1x128x128_256x64x64x256_16x16_32x32_1x1_16x16x1_16x16x1_1x32x1x8_8_1x1_intrawave_v1,642.4,698.63,0.0
gfx950,256,682,2624,6144,ck,18,0,35.0234,a8w8_blockscale_1x128x128_256x64x64x256_16x16_32x32_1x1_16x16x1_16x16x1_1x32x1x8_8_1x1_intrawave_v1,627.87,682.15,0.0
gfx950,256,683,2624,6144,ck,18,0,34.3466,a8w8_blockscale_1x128x128_256x64x64x256_16x16_32x32_1x1_16x16x1_16x16x1_1x32x1x8_8_1x1_intrawave_v1,641.18,695.92,0.0
gfx950,256,684,2624,6144,ck,18,0,34.7752,a8w8_blockscale_1x128x128_256x64x64x256_16x16_32x32_1x1_16x16x1_16x16x1_1x32x1x8_8_1x1_intrawave_v1,634.21,687.67,0.0
gfx950,256,685,2624,6144,ck,18,0,34.9575,a8w8_blockscale_1x128x128_256x64x64x256_16x16_32x32_1x1_16x16x1_16x16x1_1x32x1x8_8_1x1_intrawave_v1,631.82,684.41,0.0
gfx950,256,686,2624,6144,ck,18,0,34.9393,a8w8_blockscale_1x128x128_256x64x64x256_16x16_32x32_1x1_16x16x1_16x16x1_1x32x1x8_8_1x1_intrawave_v1,633.07,685.1,0.0
gfx950,256,687,2624,6144,ck,18,0,34.6827,a8w8_blockscale_1x128x128_256x64x64x256_16x16_32x32_1x1_16x16x1_16x16x1_1x32x1x8_8_1x1_intrawave_v1,638.69,690.49,0.0
gfx950,256,688,2624,6144,ck,18,0,34.8674,a8w8_blockscale_1x128x128_256x64x64x256_16x16_32x32_1x1_16x16x1_16x16x1_1x32x1x8_8_1x1_intrawave_v1,636.23,687.16,0.0
gfx950,256,689,2624,6144,ck,18,0,34.8579,a8w8_blockscale_1x128x128_256x64x64x256_16x16_32x32_1x1_16x16x1_16x16x1_1x32x1x8_8_1x1_intrawave_v1,637.33,687.68,0.0
gfx950,256,690,2624,6144,ck,18,0,34.6235,a8w8_blockscale_1x128x128_256x64x64x256_16x16_32x32_1x1_16x16x1_16x16x1_1x32x1x8_8_1x1_intrawave_v1,642.57,692.66,0.0
gfx950,256,691,2624,6144,ck,18,0,34.7241,a8w8_blockscale_1x128x128_256x64x64x256_16x16_32x32_1x1_16x16x1_16x16x1_1x32x1x8_8_1x1_intrawave_v1,641.64,690.98,0.0
gfx950,256,692,2624,6144,ck,18,0,34.6867,a8w8_blockscale_1x128x128_256x64x64x256_16x16_32x32_1x1_16x16x1_16x16x1_1x32x1x8_8_1x1_intrawave_v1,643.26,692.06,0.0
gfx950,256,693,2624,6144,ck,18,0,34.768,a8w8_blockscale_1x128x128_256x64x64x256_16x16_32x32_1x1_16x16x1_16x16x1_1x32x1x8_8_1x1_intrawave_v1,642.69,690.76,0.0
gfx950,256,694,2624,6144,ck,18,0,35.0512,a8w8_blockscale_1x128x128_256x64x64x256_16x16_32x32_1x1_16x16x1_16x16x1_1x32x1x8_8_1x1_intrawave_v1,638.41,685.51,0.0
gfx950,256,695,2624,6144,ck,18,0,34.5871,a8w8_blockscale_1x128x128_256x64x64x256_16x16_32x32_1x1_16x16x1_16x16x1_1x32x1x8_8_1x1_intrawave_v1,647.91,695.04,0.0
gfx950,256,696,2624,6144,ck,18,0,34.8781,a8w8_blockscale_1x128x128_256x64x64x256_16x16_32x32_1x1_16x16x1_16x16x1_1x32x1x8_8_1x1_intrawave_v1,643.43,689.56,0.0
gfx950,256,697,2624,6144,ck,18,0,35.031,a8w8_blockscale_1x128x128_256x64x64x256_16x16_32x32_1x1_16x16x1_16x16x1_1x32x1x8_8_1x1_intrawave_v1,641.54,686.88,0.0
gfx950,256,698,2624,6144,ck,18,0,34.78,a8w8_blockscale_1x128x128_256x64x64x256_16x16_32x32_1x1_16x16x1_16x16x1_1x32x1x8_8_1x1_intrawave_v1,647.1,692.16,0.0
gfx950,256,699,2624,6144,ck,18,0,34.6404,a8w8_blockscale_1x128x128_256x64x64x256_16x16_32x32_1x1_16x16x1_16x16x1_1x32x1x8_8_1x1_intrawave_v1,650.64,695.28,0.0
gfx950,256,700,2624,6144,ck,18,0,34.6144,a8w8_blockscale_1x128x128_256x64x64x256_16x16_32x32_1x1_16x16x1_16x16x1_1x32x1x8_8_1x1_intrawave_v1,652.06,696.13,0.0
gfx950,256,701,2624,6144,ck,18,0,34.9665,a8w8_blockscale_1x128x128_256x64x64x256_16x16_32x32_1x1_16x16x1_16x16x1_1x32x1x8_8_1x1_intrawave_v1,646.41,689.45,0.0
gfx950,256,702,2624,6144,ck,18,0,35.1405,a8w8_blockscale_1x128x128_256x64x64x256_16x16_32x32_1x1_16x16x1_16x16x1_1x32x1x8_8_1x1_intrawave_v1,644.13,686.36,0.0
gfx950,256,703,2624,6144,ck,18,0,34.9958,a8w8_blockscale_1x128x128_256x64x64x256_16x16_32x32_1x1_16x16x1_16x16x1_1x32x1x8_8_1x1_intrawave_v1,647.72,689.52,0.0
gfx950,256,704,2624,6144,ck,18,0,30.6819,a8w8_blockscale_1x128x128_256x64x64x256_16x16_32x32_1x1_16x16x1_16x16x1_1x32x1x8_8_1x1_intrawave_v1,739.84,786.84,0.0
gfx950,256,705,2624,6144,ck,18,0,35.9209,a8w8_blockscale_1x128x128_256x64x64x256_16x16_32x32_1x1_16x16x1_16x16x1_1x32x1x8_8_1x1_intrawave_v1,632.83,672.4,0.0
gfx950,256,706,2624,6144,ck,18,0,35.2023,a8w8_blockscale_1x128x128_256x64x64x256_16x16_32x32_1x1_16x16x1_16x16x1_1x32x1x8_8_1x1_intrawave_v1,646.66,686.45,0.0
gfx950,256,707,2624,6144,ck,18,0,35.3879,a8w8_blockscale_1x128x128_256x64x64x256_16x16_32x32_1x1_16x16x1_16x16x1_1x32x1x8_8_1x1_intrawave_v1,644.18,683.17,0.0
gfx950,256,708,2624,6144,ck,18,0,35.1391,a8w8_blockscale_1x128x128_256x64x64x256_16x16_32x32_1x1_16x16x1_16x16x1_1x32x1x8_8_1x1_intrawave_v1,649.66,688.33,0.0
gfx950,256,709,2624,6144,ck,18,0,34.8481,a8w8_blockscale_1x128x128_256x64x64x256_16x16_32x32_1x1_16x16x1_16x16x1_1x32x1x8_8_1x1_intrawave_v1,656.01,694.41,0.0
gfx950,256,710,2624,6144,ck,18,0,35.08,a8w8_blockscale_1x128x128_256x64x64x256_16x16_32x32_1x1_16x16x1_16x16x1_1x32x1x8_8_1x1_intrawave_v1,652.6,690.14,0.0
gfx950,256,711,2624,6144,ck,18,0,35.2305,a8w8_blockscale_1x128x128_256x64x64x256_16x16_32x32_1x1_16x16x1_16x16x1_1x32x1x8_8_1x1_intrawave_v1,650.72,687.52,0.0
gfx950,256,712,2624,6144,ck,18,0,35.4177,a8w8_blockscale_1x128x128_256x64x64x256_16x16_32x32_1x1_16x16x1_16x16x1_1x32x1x8_8_1x1_intrawave_v1,648.19,684.2,0.0
gfx950,256,713,2624,6144,ck,18,0,34.793,a8w8_blockscale_1x128x128_256x64x64x256_16x16_32x32_1x1_16x16x1_16x16x1_1x32x1x8_8_1x1_intrawave_v1,660.76,696.82,0.0
gfx950,256,714,2624,6144,ck,18,0,35.3772,a8w8_blockscale_1x128x128_256x64x64x256_16x16_32x32_1x1_16x16x1_16x16x1_1x32x1x8_8_1x1_intrawave_v1,650.76,685.63,0.0
gfx950,256,715,2624,6144,ck,18,0,35.2432,a8w8_blockscale_1x128x128_256x64x64x256_16x16_32x32_1x1_16x16x1_16x16x1_1x32x1x8_8_1x1_intrawave_v1,654.15,688.56,0.0
gfx950,256,716,2624,6144,ck,18,0,35.32,a8w8_blockscale_1x128x128_256x64x64x256_16x16_32x32_1x1_16x16x1_16x16x1_1x32x1x8_8_1x1_intrawave_v1,653.64,687.39,0.0
gfx950,256,717,2624,6144,ck,18,0,35.2684,a8w8_blockscale_1x128x128_256x64x64x256_16x16_32x32_1x1_16x16x1_16x16x1_1x32x1x8_8_1x1_intrawave_v1,655.51,688.72,0.0
gfx950,256,718,2624,6144,ck,18,0,35.2177,a8w8_blockscale_1x128x128_256x64x64x256_16x16_32x32_1x1_16x16x1_16x16x1_1x32x1x8_8_1x1_intrawave_v1,657.37,690.03,0.0
gfx950,256,719,2624,6144,ck,18,0,35.2458,a8w8_blockscale_1x128x128_256x64x64x256_16x16_32x32_1x1_16x16x1_16x16x1_1x32x1x8_8_1x1_intrawave_v1,657.76,689.8,0.0
gfx950,256,720,2624,6144,ck,18,0,35.1004,a8w8_blockscale_1x128x128_256x64x64x256_16x16_32x32_1x1_16x16x1_16x16x1_1x32x1x8_8_1x1_intrawave_v1,661.4,692.99,0.0
gfx950,256,721,2624,6144,ck,18,0,35.1791,a8w8_blockscale_1x128x128_256x64x64x256_16x16_32x32_1x1_16x16x1_16x16x1_1x32x1x8_8_1x1_intrawave_v1,660.84,691.76,0.0
gfx950,256,723,2624,6144,ck,18,0,35.4678,a8w8_blockscale_1x128x128_256x64x64x256_16x16_32x32_1x1_16x16x1_16x16x1_1x32x1x8_8_1x1_intrawave_v1,657.28,686.77,0.0
gfx950,256,724,2624,6144,ck,18,0,34.9074,a8w8_blockscale_1x128x128_256x64x64x256_16x16_32x32_1x1_16x16x1_16x16x1_1x32x1x8_8_1x1_intrawave_v1,668.75,698.12,0.0
gfx950,256,725,2624,6144,ck,18,0,35.5166,a8w8_blockscale_1x128x128_256x64x64x256_16x16_32x32_1x1_16x16x1_16x16x1_1x32x1x8_8_1x1_intrawave_v1,658.19,686.47,0.0
gfx950,256,726,2624,6144,ck,18,0,35.1411,a8w8_blockscale_1x128x128_256x64x64x256_16x16_32x32_1x1_16x16x1_16x16x1_1x32x1x8_8_1x1_intrawave_v1,666.14,694.13,0.0
gfx950,256,727,2624,6144,ck,18,0,35.2344,a8w8_blockscale_1x128x128_256x64x64x256_16x16_32x32_1x1_16x16x1_16x16x1_1x32x1x8_8_1x1_intrawave_v1,665.29,692.61,0.0
gfx950,256,729,2624,6144,ck,18,0,35.3553,a8w8_blockscale_1x128x128_256x64x64x256_16x16_32x32_1x1_16x16x1_16x16x1_1x32x1x8_8_1x1_intrawave_v1,664.84,690.89,0.0
gfx950,256,730,2624,6144,ck,18,0,34.7427,a8w8_blockscale_1x128x128_256x64x64x256_16x16_32x32_1x1_16x16x1_16x16x1_1x32x1x8_8_1x1_intrawave_v1,677.49,703.4,0.0
gfx950,256,731,2624,6144,ck,18,0,34.9043,a8w8_blockscale_1x128x128_256x64x64x256_16x16_32x32_1x1_16x16x1_16x16x1_1x32x1x8_8_1x1_intrawave_v1,675.28,700.47,0.0
gfx950,256,732,2624,6144,ck,18,0,35.2118,a8w8_blockscale_1x128x128_256x64x64x256_16x16_32x32_1x1_16x16x1_16x16x1_1x32x1x8_8_1x1_intrawave_v1,670.3,694.68,0.0
gfx950,256,733,2624,6144,ck,18,0,34.9865,a8w8_blockscale_1x128x128_256x64x64x256_16x16_32x32_1x1_16x16x1_16x16x1_1x32x1x8_8_1x1_intrawave_v1,675.54,699.48,0.0
gfx950,256,734,2624,6144,ck,18,0,35.02,a8w8_blockscale_1x128x128_256x64x64x256_16x16_32x32_1x1_16x16x1_16x16x1_1x32x1x8_8_1x1_intrawave_v1,675.81,699.13,0.0
gfx950,256,735,2624,6144,ck,18,0,35.275,a8w8_blockscale_1x128x128_256x64x64x256_16x16_32x32_1x1_16x16x1_16x16x1_1x32x1x8_8_1x1_intrawave_v1,671.84,694.4,0.0
gfx950,256,736,2624,6144,ck,18,0,35.2639,a8w8_blockscale_1x128x128_256x64x64x256_16x16_32x32_1x1_16x16x1_16x16x1_1x32x1x8_8_1x1_intrawave_v1,672.97,694.94,0.0
gfx950,256,738,2624,6144,ck,18,0,35.765,a8w8_blockscale_1x128x128_256x64x64x256_16x16_32x32_1x1_16x16x1_16x16x1_1x32x1x8_8_1x1_intrawave_v1,665.34,685.84,0.0
gfx950,256,739,2624,6144,ck,18,0,35.3892,a8w8_blockscale_1x128x128_256x64x64x256_16x16_32x32_1x1_16x16x1_16x16x1_1x32x1x8_8_1x1_intrawave_v1,673.32,693.45,0.0
gfx950,256,740,2624,6144,ck,18,0,35.374,a8w8_blockscale_1x128x128_256x64x64x256_16x16_32x32_1x1_16x16x1_16x16x1_1x32x1x8_8_1x1_intrawave_v1,674.52,694.07,0.0
gfx950,256,741,2624,6144,ck,18,0,35.3878,a8w8_blockscale_1x128x128_256x64x64x256_16x16_32x32_1x1_16x16x1_16x16x1_1x32x1x8_8_1x1_intrawave_v1,675.16,694.12,0.0
gfx950,256,742,2624,6144,ck,18,0,35.5591,a8w8_blockscale_1x128x128_256x64x64x256_16x16_32x32_1x1_16x16x1_16x16x1_1x32x1x8_8_1x1_intrawave_v1,672.82,691.1,0.0
gfx950,256,743,2624,6144,ck,18,0,35.1826,a8w8_blockscale_1x128x128_256x64x64x256_16x16_32x32_1x1_16x16x1_16x16x1_1x32x1x8_8_1x1_intrawave_v1,680.94,698.81,0.0
gfx950,256,744,2624,6144,ck,18,0,35.5361,a8w8_blockscale_1x128x128_256x64x64x256_16x16_32x32_1x1_16x16x1_16x16x1_1x32x1x8_8_1x1_intrawave_v1,675.07,692.18,0.0
gfx950,256,745,2624,6144,ck,18,0,35.3508,a8w8_blockscale_1x128x128_256x64x64x256_16x16_32x32_1x1_16x16x1_16x16x1_1x32x1x8_8_1x1_intrawave_v1,679.52,696.13,0.0
gfx950,256,746,2624,6144,ck,18,0,35.233,a8w8_blockscale_1x128x128_256x64x64x256_16x16_32x32_1x1_16x16x1_16x16x1_1x32x1x8_8_1x1_intrawave_v1,682.71,698.78,0.0
gfx950,256,747,2624,6144,ck,18,0,35.1056,a8w8_blockscale_1x128x128_256x64x64x256_16x16_32x32_1x1_16x16x1_16x16x1_1x32x1x8_8_1x1_intrawave_v1,686.1,701.65,0.0
gfx950,256,749,2624,6144,ck,18,0,35.2647,a8w8_blockscale_1x128x128_256x64x64x256_16x16_32x32_1x1_16x16x1_16x16x1_1x32x1x8_8_1x1_intrawave_v1,684.84,699.13,0.0
gfx950,256,750,2624,6144,ck,18,0,35.0083,a8w8_blockscale_1x128x128_256x64x64x256_16x16_32x32_1x1_16x16x1_16x16x1_1x32x1x8_8_1x1_intrawave_v1,690.77,704.57,0.0
gfx950,256,751,2624,6144,ck,18,0,35.2523,a8w8_blockscale_1x128x128_256x64x64x256_16x16_32x32_1x1_16x16x1_16x16x1_1x32x1x8_8_1x1_intrawave_v1,686.91,700.02,0.0
gfx950,256,752,2624,6144,ck,18,0,34.9803,a8w8_blockscale_1x128x128_256x64x64x256_16x16_32x32_1x1_16x16x1_16x16x1_1x32x1x8_8_1x1_intrawave_v1,693.17,705.79,0.0
gfx950,256,753,2624,6144,ck,18,0,35.4203,a8w8_blockscale_1x128x128_256x64x64x256_16x16_32x32_1x1_16x16x1_16x16x1_1x32x1x8_8_1x1_intrawave_v1,685.47,697.34,0.0
gfx950,256,754,2624,6144,ck,18,0,35.3021,a8w8_blockscale_1x128x128_256x64x64x256_16x16_32x32_1x1_16x16x1_16x16x1_1x32x1x8_8_1x1_intrawave_v1,688.68,700.0,0.0
gfx950,256,755,2624,6144,ck,18,0,35.2866,a8w8_blockscale_1x128x128_256x64x64x256_16x16_32x32_1x1_16x16x1_16x16x1_1x32x1x8_8_1x1_intrawave_v1,689.89,700.63,0.0
gfx950,256,756,2624,6144,ck,18,0,34.9214,a8w8_blockscale_1x128x128_256x64x64x256_16x16_32x32_1x1_16x16x1_16x16x1_1x32x1x8_8_1x1_intrawave_v1,698.03,708.28,0.0
gfx950,256,757,2624,6144,ck,18,0,35.3577,a8w8_blockscale_1x128x128_256x64x64x256_16x16_32x32_1x1_16x16x1_16x16x1_1x32x1x8_8_1x1_intrawave_v1,690.33,699.86,0.0
gfx950,256,758,2624,6144,ck,18,0,35.0131,a8w8_blockscale_1x128x128_256x64x64x256_16x16_32x32_1x1_16x16x1_16x16x1_1x32x1x8_8_1x1_intrawave_v1,698.05,707.08,0.0
gfx950,256,759,2624,6144,ck,18,0,35.5243,a8w8_blockscale_1x128x128_256x64x64x256_16x16_32x32_1x1_16x16x1_16x16x1_1x32x1x8_8_1x1_intrawave_v1,688.91,697.22,0.0
gfx950,256,761,2624,6144,ck,18,0,34.975,a8w8_blockscale_1x128x128_256x64x64x256_16x16_32x32_1x1_16x16x1_16x16x1_1x32x1x8_8_1x1_intrawave_v1,701.57,708.83,0.0
gfx950,256,762,2624,6144,ck,18,0,35.3196,a8w8_blockscale_1x128x128_256x64x64x256_16x16_32x32_1x1_16x16x1_16x16x1_1x32x1x8_8_1x1_intrawave_v1,695.64,702.23,0.0
gfx950,256,763,2624,6144,ck,18,0,35.5103,a8w8_blockscale_1x128x128_256x64x64x256_16x16_32x32_1x1_16x16x1_16x16x1_1x32x1x8_8_1x1_intrawave_v1,692.81,698.78,0.0
gfx950,256,764,2624,6144,ck,18,0,35.321,a8w8_blockscale_1x128x128_256x64x64x256_16x16_32x32_1x1_16x16x1_16x16x1_1x32x1x8_8_1x1_intrawave_v1,697.44,702.85,0.0
gfx950,256,768,2624,6144,ck,18,0,30.9855,a8w8_blockscale_1x128x128_256x64x64x256_16x16_32x32_1x1_16x16x1_16x16x1_1x32x1x8_8_1x1_intrawave_v1,799.19,802.66,0.0
gfx950,256,769,2624,6144,ck,0,0,49.299,a8w8_blockscale_1x128x128_256x128x128x128_16x16_32x32_2x2_8x32x1_8x32x1_1x32x1x8_8_1x1_intrawave_v3,502.96,504.72,0.0
gfx950,256,770,2624,6144,ck,0,0,49.2294,a8w8_blockscale_1x128x128_256x128x128x128_16x16_32x32_2x2_8x32x1_8x32x1_1x32x1x8_8_1x1_intrawave_v3,504.33,505.67,0.0
gfx950,256,771,2624,6144,ck,0,0,49.1528,a8w8_blockscale_1x128x128_256x128x128x128_16x16_32x32_2x2_8x32x1_8x32x1_1x32x1x8_8_1x1_intrawave_v3,505.77,506.69,0.0
gfx950,256,772,2624,6144,ck,0,0,49.0276,a8w8_blockscale_1x128x128_256x128x128x128_16x16_32x32_2x2_8x32x1_8x32x1_1x32x1x8_8_1x1_intrawave_v3,507.72,508.21,0.0
gfx950,256,773,2624,6144,ck,3,0,49.1146,a8w8_blockscale_1x128x128_256x64x64x128_16x16_32x32_1x1_8x32x1_8x32x1_1x32x1x8_8_1x1_intrawave_v3,507.47,507.55,0.0
gfx950,256,774,2624,6144,ck,0,0,49.2307,a8w8_blockscale_1x128x128_256x128x128x128_16x16_32x32_2x2_8x32x1_8x32x1_1x32x1x8_8_1x1_intrawave_v3,506.93,506.58,0.0
gfx950,256,775,2624,6144,ck,0,0,48.7817,a8w8_blockscale_1x128x128_256x128x128x128_16x16_32x32_2x2_8x32x1_8x32x1_1x32x1x8_8_1x1_intrawave_v3,512.26,511.48,0.0
gfx950,256,776,2624,6144,ck,0,0,49.094,a8w8_blockscale_1x128x128_256x128x128x128_16x16_32x32_2x2_8x32x1_8x32x1_1x32x1x8_8_1x1_intrawave_v3,509.66,508.45,0.0
gfx950,256,777,2624,6144,ck,0,0,48.9062,a8w8_blockscale_1x128x128_256x128x128x128_16x16_32x32_2x2_8x32x1_8x32x1_1x32x1x8_8_1x1_intrawave_v3,512.27,510.64,0.0
gfx950,256,778,2624,6144,ck,0,0,49.214,a8w8_blockscale_1x128x128_256x128x128x128_16x16_32x32_2x2_8x32x1_8x32x1_1x32x1x8_8_1x1_intrawave_v3,509.73,507.68,0.0
gfx950,256,780,2624,6144,ck,0,0,49.3109,a8w8_blockscale_1x128x128_256x128x128x128_16x16_32x32_2x2_8x32x1_8x32x1_1x32x1x8_8_1x1_intrawave_v3,510.03,507.14,0.0
gfx950,256,781,2624,6144,ck,0,0,49.3232,a8w8_blockscale_1x128x128_256x128x128x128_16x16_32x32_2x2_8x32x1_8x32x1_1x32x1x8_8_1x1_intrawave_v3,510.56,507.25,0.0
gfx950,256,782,2624,6144,ck,0,0,49.0681,a8w8_blockscale_1x128x128_256x128x128x128_16x16_32x32_2x2_8x32x1_8x32x1_1x32x1x8_8_1x1_intrawave_v3,513.87,510.12,0.0
gfx950,256,783,2624,6144,ck,0,0,49.2234,a8w8_blockscale_1x128x128_256x128x128x128_16x16_32x32_2x2_8x32x1_8x32x1_1x32x1x8_8_1x1_intrawave_v3,512.9,508.74,0.0
gfx950,256,784,2624,6144,ck,0,0,49.1341,a8w8_blockscale_1x128x128_256x128x128x128_16x16_32x32_2x2_8x32x1_8x32x1_1x32x1x8_8_1x1_intrawave_v3,514.49,509.89,0.0
gfx950,256,785,2624,6144,ck,0,0,48.973,a8w8_blockscale_1x128x128_256x128x128x128_16x16_32x32_2x2_8x32x1_8x32x1_1x32x1x8_8_1x1_intrawave_v3,516.84,511.8,0.0
gfx950,256,786,2624,6144,ck,0,0,49.2242,a8w8_blockscale_1x128x128_256x128x128x128_16x16_32x32_2x2_8x32x1_8x32x1_1x32x1x8_8_1x1_intrawave_v3,514.86,509.42,0.0
gfx950,256,787,2624,6144,ck,0,0,48.9951,a8w8_blockscale_1x128x128_256x128x128x128_16x16_32x32_2x2_8x32x1_8x32x1_1x32x1x8_8_1x1_intrawave_v3,517.93,512.04,0.0
gfx950,256,788,2624,6144,ck,0,0,49.0711,a8w8_blockscale_1x128x128_256x128x128x128_16x16_32x32_2x2_8x32x1_8x32x1_1x32x1x8_8_1x1_intrawave_v3,517.78,511.48,0.0
gfx950,256,789,2624,6144,ck,3,0,49.1088,a8w8_blockscale_1x128x128_256x64x64x128_16x16_32x32_1x1_8x32x1_8x32x1_1x32x1x8_8_1x1_intrawave_v3,518.04,511.32,0.0
gfx950,256,790,2624,6144,ck,0,0,49.2635,a8w8_blockscale_1x128x128_256x128x128x128_16x16_32x32_2x2_8x32x1_8x32x1_1x32x1x8_8_1x1_intrawave_v3,517.07,509.94,0.0
gfx950,256,791,2624,6144,ck,0,0,49.052,a8w8_blockscale_1x128x128_256x128x128x128_16x16_32x32_2x2_8x32x1_8x32x1_1x32x1x8_8_1x1_intrawave_v3,519.95,512.37,0.0
gfx950,256,792,2624,6144,ck,3,0,49.1055,a8w8_blockscale_1x128x128_256x64x64x128_16x16_32x32_1x1_8x32x1_8x32x1_1x32x1x8_8_1x1_intrawave_v3,520.04,512.05,0.0
gfx950,256,793,2624,6144,ck,0,0,49.3233,a8w8_blockscale_1x128x128_256x128x128x128_16x16_32x32_2x2_8x32x1_8x32x1_1x32x1x8_8_1x1_intrawave_v3,518.4,510.02,0.0
gfx950,256,794,2624,6144,ck,0,0,49.0344,a8w8_blockscale_1x128x128_256x128x128x128_16x16_32x32_2x2_8x32x1_8x32x1_1x32x1x8_8_1x1_intrawave_v3,522.11,513.25,0.0
gfx950,256,795,2624,6144,ck,0,0,48.8418,a8w8_blockscale_1x128x128_256x128x128x128_16x16_32x32_2x2_8x32x1_8x32x1_1x32x1x8_8_1x1_intrawave_v3,524.83,515.51,0.0
gfx950,256,796,2624,6144,ck,0,0,49.152,a8w8_blockscale_1x128x128_256x128x128x128_16x16_32x32_2x2_8x32x1_8x32x1_1x32x1x8_8_1x1_intrawave_v3,522.18,512.49,0.0
gfx950,256,797,2624,6144,ck,0,0,49.2621,a8w8_blockscale_1x128x128_256x128x128x128_16x16_32x32_2x2_8x32x1_8x32x1_1x32x1x8_8_1x1_intrawave_v3,521.66,511.58,0.0
gfx950,256,798,2624,6144,ck,0,0,49.1071,a8w8_blockscale_1x128x128_256x128x128x128_16x16_32x32_2x2_8x32x1_8x32x1_1x32x1x8_8_1x1_intrawave_v3,523.97,513.42,0.0
gfx950,256,799,2624,6144,ck,0,0,49.4214,a8w8_blockscale_1x128x128_256x128x128x128_16x16_32x32_2x2_8x32x1_8x32x1_1x32x1x8_8_1x1_intrawave_v3,521.29,510.39,0.0
gfx950,256,800,2624,6144,ck,3,0,49.1547,a8w8_blockscale_1x128x128_256x64x64x128_16x16_32x32_1x1_8x32x1_8x32x1_1x32x1x8_8_1x1_intrawave_v3,524.77,513.39,0.0
gfx950,256,801,2624,6144,ck,0,0,48.7914,a8w8_blockscale_1x128x128_256x128x128x128_16x16_32x32_2x2_8x32x1_8x32x1_1x32x1x8_8_1x1_intrawave_v3,529.34,517.44,0.0
gfx950,256,802,2624,6144,ck,0,0,49.0144,a8w8_blockscale_1x128x128_256x128x128x128_16x16_32x32_2x2_8x32x1_8x32x1_1x32x1x8_8_1x1_intrawave_v3,527.59,515.32,0.0
gfx950,256,803,2624,6144,ck,0,0,49.0355,a8w8_blockscale_1x128x128_256x128x128x128_16x16_32x32_2x2_8x32x1_8x32x1_1x32x1x8_8_1x1_intrawave_v3,528.02,515.33,0.0
gfx950,256,804,2624,6144,ck,0,0,49.0553,a8w8_blockscale_1x128x128_256x128x128x128_16x16_32x32_2x2_8x32x1_8x32x1_1x32x1x8_8_1x1_intrawave_v3,528.46,515.36,0.0
gfx950,256,805,2624,6144,ck,0,0,49.3478,a8w8_blockscale_1x128x128_256x128x128x128_16x16_32x32_2x2_8x32x1_8x32x1_1x32x1x8_8_1x1_intrawave_v3,525.98,512.53,0.0
gfx950,256,806,2624,6144,ck,0,0,49.3983,a8w8_blockscale_1x128x128_256x128x128x128_16x16_32x32_2x2_8x32x1_8x32x1_1x32x1x8_8_1x1_intrawave_v3,526.1,512.24,0.0
gfx950,256,807,2624,6144,ck,0,0,49.2973,a8w8_blockscale_1x128x128_256x128x128x128_16x16_32x32_2x2_8x32x1_8x32x1_1x32x1x8_8_1x1_intrawave_v3,527.83,513.52,0.0
gfx950,256,808,2624,6144,ck,0,0,49.367,a8w8_blockscale_1x128x128_256x128x128x128_16x16_32x32_2x2_8x32x1_8x32x1_1x32x1x8_8_1x1_intrawave_v3,527.74,513.03,0.0
gfx950,256,809,2624,6144,ck,0,0,49.207,a8w8_blockscale_1x128x128_256x128x128x128_16x16_32x32_2x2_8x32x1_8x32x1_1x32x1x8_8_1x1_intrawave_v3,530.11,514.93,0.0
gfx950,256,810,2624,6144,ck,0,0,49.2034,a8w8_blockscale_1x128x128_256x128x128x128_16x16_32x32_2x2_8x32x1_8x32x1_1x32x1x8_8_1x1_intrawave_v3,530.8,515.2,0.0
gfx950,256,811,2624,6144,ck,0,0,49.614,a8w8_blockscale_1x128x128_256x128x128x128_16x16_32x32_2x2_8x32x1_8x32x1_1x32x1x8_8_1x1_intrawave_v3,527.06,511.16,0.0
gfx950,256,812,2624,6144,ck,0,0,49.1702,a8w8_blockscale_1x128x128_256x128x128x128_16x16_32x32_2x2_8x32x1_8x32x1_1x32x1x8_8_1x1_intrawave_v3,532.47,516.01,0.0
gfx950,256,813,2624,6144,ck,0,0,49.3371,a8w8_blockscale_1x128x128_256x128x128x128_16x16_32x32_2x2_8x32x1_8x32x1_1x32x1x8_8_1x1_intrawave_v3,531.33,514.49,0.0
gfx950,256,814,2624,6144,ck,0,0,49.5677,a8w8_blockscale_1x128x128_256x128x128x128_16x16_32x32_2x2_8x32x1_8x32x1_1x32x1x8_8_1x1_intrawave_v3,529.51,512.33,0.0
gfx950,256,815,2624,6144,ck,0,0,49.6645,a8w8_blockscale_1x128x128_256x128x128x128_16x16_32x32_2x2_8x32x1_8x32x1_1x32x1x8_8_1x1_intrawave_v3,529.12,511.56,0.0
gfx950,256,816,2624,6144,ck,0,0,49.4244,a8w8_blockscale_1x128x128_256x128x128x128_16x16_32x32_2x2_8x32x1_8x32x1_1x32x1x8_8_1x1_intrawave_v3,532.35,514.27,0.0
gfx950,256,817,2624,6144,ck,0,0,49.3575,a8w8_blockscale_1x128x128_256x128x128x128_16x16_32x32_2x2_8x32x1_8x32x1_1x32x1x8_8_1x1_intrawave_v3,533.72,515.2,0.0
gfx950,256,818,2624,6144,ck,0,0,49.233,a8w8_blockscale_1x128x128_256x128x128x128_16x16_32x32_2x2_8x32x1_8x32x1_1x32x1x8_8_1x1_intrawave_v3,535.73,516.74,0.0
gfx950,256,820,2624,6144,ck,0,0,49.5002,a8w8_blockscale_1x128x128_256x128x128x128_16x16_32x32_2x2_8x32x1_8x32x1_1x32x1x8_8_1x1_intrawave_v3,534.14,514.41,0.0
gfx950,256,821,2624,6144,ck,0,0,49.384,a8w8_blockscale_1x128x128_256x128x128x128_16x16_32x32_2x2_8x32x1_8x32x1_1x32x1x8_8_1x1_intrawave_v3,536.05,515.85,0.0
gfx950,256,822,2624,6144,ck,0,0,49.2328,a8w8_blockscale_1x128x128_256x128x128x128_16x16_32x32_2x2_8x32x1_8x32x1_1x32x1x8_8_1x1_intrawave_v3,538.35,517.66,0.0
gfx950,256,823,2624,6144,ck,0,0,49.4502,a8w8_blockscale_1x128x128_256x128x128x128_16x16_32x32_2x2_8x32x1_8x32x1_1x32x1x8_8_1x1_intrawave_v3,536.63,515.62,0.0
gfx950,256,824,2624,6144,ck,0,0,49.4544,a8w8_blockscale_1x128x128_256x128x128x128_16x16_32x32_2x2_8x32x1_8x32x1_1x32x1x8_8_1x1_intrawave_v3,537.24,515.81,0.0
gfx950,256,825,2624,6144,ck,0,0,49.5855,a8w8_blockscale_1x128x128_256x128x128x128_16x16_32x32_2x2_8x32x1_8x32x1_1x32x1x8_8_1x1_intrawave_v3,536.47,514.67,0.0
gfx950,256,826,2624,6144,ck,0,0,49.4357,a8w8_blockscale_1x128x128_256x128x128x128_16x16_32x32_2x2_8x32x1_8x32x1_1x32x1x8_8_1x1_intrawave_v3,538.75,516.46,0.0
gfx950,256,827,2624,6144,ck,0,0,49.9005,a8w8_blockscale_1x128x128_256x128x128x128_16x16_32x32_2x2_8x32x1_8x32x1_1x32x1x8_8_1x1_intrawave_v3,534.37,511.88,0.0
gfx950,256,828,2624,6144,ck,0,0,49.554,a8w8_blockscale_1x128x128_256x128x128x128_16x16_32x32_2x2_8x32x1_8x32x1_1x32x1x8_8_1x1_intrawave_v3,538.76,515.69,0.0
gfx950,256,830,2624,6144,ck,0,0,49.5334,a8w8_blockscale_1x128x128_256x128x128x128_16x16_32x32_2x2_8x32x1_8x32x1_1x32x1x8_8_1x1_intrawave_v3,540.29,516.36,0.0
gfx950,256,831,2624,6144,ck,0,0,49.7046,a8w8_blockscale_1x128x128_256x128x128x128_16x16_32x32_2x2_8x32x1_8x32x1_1x32x1x8_8_1x1_intrawave_v3,539.08,514.81,0.0
gfx950,256,832,2624,6144,ck,18,0,44.0302,a8w8_blockscale_1x128x128_256x64x64x256_16x16_32x32_1x1_16x16x1_16x16x1_1x32x1x8_8_1x1_intrawave_v1,609.28,581.42,0.0
gfx950,256,833,2624,6144,ck,3,0,49.3015,a8w8_blockscale_1x128x128_256x64x64x128_16x16_32x32_1x1_8x32x1_8x32x1_1x32x1x8_8_1x1_intrawave_v3,544.79,519.49,0.0
gfx950,256,834,2624,6144,ck,0,0,49.4709,a8w8_blockscale_1x128x128_256x128x128x128_16x16_32x32_2x2_8x32x1_8x32x1_1x32x1x8_8_1x1_intrawave_v3,543.58,517.94,0.0
gfx950,256,835,2624,6144,ck,0,0,49.7344,a8w8_blockscale_1x128x128_256x128x128x128_16x16_32x32_2x2_8x32x1_8x32x1_1x32x1x8_8_1x1_intrawave_v3,541.35,515.42,0.0
gfx950,256,836,2624,6144,ck,0,0,49.5828,a8w8_blockscale_1x128x128_256x128x128x128_16x16_32x32_2x2_8x32x1_8x32x1_1x32x1x8_8_1x1_intrawave_v3,543.65,517.23,0.0
gfx950,256,837,2624,6144,ck,0,0,49.4979,a8w8_blockscale_1x128x128_256x128x128x128_16x16_32x32_2x2_8x32x1_8x32x1_1x32x1x8_8_1x1_intrawave_v3,545.23,518.34,0.0
gfx950,256,839,2624,6144,ck,0,0,49.8553,a8w8_blockscale_1x128x128_256x128x128x128_16x16_32x32_2x2_8x32x1_8x32x1_1x32x1x8_8_1x1_intrawave_v3,542.62,515.09,0.0
gfx950,256,841,2624,6144,ck,0,0,49.6126,a8w8_blockscale_1x128x128_256x128x128x128_16x16_32x32_2x2_8x32x1_8x32x1_1x32x1x8_8_1x1_intrawave_v3,546.57,518.06,0.0
gfx950,256,842,2624,6144,ck,3,0,49.6873,a8w8_blockscale_1x128x128_256x64x64x128_16x16_32x32_1x1_8x32x1_8x32x1_1x32x1x8_8_1x1_intrawave_v3,546.4,517.51,0.0
gfx950,256,843,2624,6144,ck,0,0,49.6948,a8w8_blockscale_1x128x128_256x128x128x128_16x16_32x32_2x2_8x32x1_8x32x1_1x32x1x8_8_1x1_intrawave_v3,546.97,517.67,0.0
gfx950,256,845,2624,6144,ck,3,0,49.7314,a8w8_blockscale_1x128x128_256x64x64x128_16x16_32x32_1x1_8x32x1_8x32x1_1x32x1x8_8_1x1_intrawave_v3,547.86,517.74,0.0
gfx950,256,846,2624,6144,ck,0,1,45.5712,a8w8_blockscale_1x128x128_256x128x128x128_16x16_32x32_2x2_8x32x1_8x32x1_1x32x1x8_8_1x1_intrawave_v3,598.58,565.26,0.0
gfx950,256,849,2624,6144,ck,3,0,49.7272,a8w8_blockscale_1x128x128_256x64x64x128_16x16_32x32_1x1_8x32x1_8x32x1_1x32x1x8_8_1x1_intrawave_v3,550.5,518.7,0.0
gfx950,256,851,2624,6144,ck,3,0,49.3657,a8w8_blockscale_1x128x128_256x64x64x128_16x16_32x32_1x1_8x32x1_8x32x1_1x32x1x8_8_1x1_intrawave_v3,555.84,522.96,0.0
gfx950,256,852,2624,6144,ck,3,0,49.9652,a8w8_blockscale_1x128x128_256x64x64x128_16x16_32x32_1x1_8x32x1_8x32x1_1x32x1x8_8_1x1_intrawave_v3,549.82,516.92,0.0
gfx950,256,854,2624,6144,ck,3,0,49.9432,a8w8_blockscale_1x128x128_256x64x64x128_16x16_32x32_1x1_8x32x1_8x32x1_1x32x1x8_8_1x1_intrawave_v3,551.35,517.6,0.0
gfx950,256,855,2624,6144,ck,3,0,49.8027,a8w8_blockscale_1x128x128_256x64x64x128_16x16_32x32_1x1_8x32x1_8x32x1_1x32x1x8_8_1x1_intrawave_v3,553.55,519.29,0.0
gfx950,256,856,2624,6144,ck,3,0,49.8223,a8w8_blockscale_1x128x128_256x64x64x128_16x16_32x32_1x1_8x32x1_8x32x1_1x32x1x8_8_1x1_intrawave_v3,553.98,519.31,0.0
gfx950,256,857,2624,6144,ck,3,0,49.9766,a8w8_blockscale_1x128x128_256x64x64x128_16x16_32x32_1x1_8x32x1_8x32x1_1x32x1x8_8_1x1_intrawave_v3,552.92,517.94,0.0
gfx950,256,858,2624,6144,ck,3,0,49.7311,a8w8_blockscale_1x128x128_256x64x64x128_16x16_32x32_1x1_8x32x1_8x32x1_1x32x1x8_8_1x1_intrawave_v3,556.29,520.72,0.0
gfx950,256,859,2624,6144,ck,3,0,49.6387,a8w8_blockscale_1x128x128_256x64x64x128_16x16_32x32_1x1_8x32x1_8x32x1_1x32x1x8_8_1x1_intrawave_v3,557.98,521.92,0.0
gfx950,256,860,2624,6144,ck,3,0,50.1144,a8w8_blockscale_1x128x128_256x64x64x128_16x16_32x32_1x1_8x32x1_8x32x1_1x32x1x8_8_1x1_intrawave_v3,553.33,517.2,0.0
gfx950,256,861,2624,6144,ck,3,0,50.058,a8w8_blockscale_1x128x128_256x64x64x128_16x16_32x32_1x1_8x32x1_8x32x1_1x32x1x8_8_1x1_intrawave_v3,554.59,518.01,0.0
gfx950,256,862,2624,6144,ck,3,0,49.9148,a8w8_blockscale_1x128x128_256x64x64x128_16x16_32x32_1x1_8x32x1_8x32x1_1x32x1x8_8_1x1_intrawave_v3,556.83,519.72,0.0
gfx950,256,864,2624,6144,ck,3,0,49.7983,a8w8_blockscale_1x128x128_256x64x64x128_16x16_32x32_1x1_8x32x1_8x32x1_1x32x1x8_8_1x1_intrawave_v3,559.43,521.39,0.0
gfx950,256,865,2624,6144,ck,3,0,50.0299,a8w8_blockscale_1x128x128_256x64x64x128_16x16_32x32_1x1_8x32x1_8x32x1_1x32x1x8_8_1x1_intrawave_v3,557.48,519.21,0.0
gfx950,256,866,2624,6144,ck,3,0,50.0836,a8w8_blockscale_1x128x128_256x64x64x128_16x16_32x32_1x1_8x32x1_8x32x1_1x32x1x8_8_1x1_intrawave_v3,557.53,518.88,0.0
gfx950,256,867,2624,6144,ck,3,0,50.0536,a8w8_blockscale_1x128x128_256x64x64x128_16x16_32x32_1x1_8x32x1_8x32x1_1x32x1x8_8_1x1_intrawave_v3,558.51,519.42,0.0
gfx950,256,868,2624,6144,ck,3,0,49.8322,a8w8_blockscale_1x128x128_256x64x64x128_16x16_32x32_1x1_8x32x1_8x32x1_1x32x1x8_8_1x1_intrawave_v3,561.64,521.95,0.0
gfx950,256,871,2624,6144,ck,3,0,50.1068,a8w8_blockscale_1x128x128_256x64x64x128_16x16_32x32_1x1_8x32x1_8x32x1_1x32x1x8_8_1x1_intrawave_v3,560.49,519.78,0.0
gfx950,256,872,2624,6144,ck,3,0,50.1268,a8w8_blockscale_1x128x128_256x64x64x128_16x16_32x32_1x1_8x32x1_8x32x1_1x32x1x8_8_1x1_intrawave_v3,560.91,519.8,0.0
gfx950,256,873,2624,6144,ck,3,0,49.5119,a8w8_blockscale_1x128x128_256x64x64x128_16x16_32x32_1x1_8x32x1_8x32x1_1x32x1x8_8_1x1_intrawave_v3,568.53,526.48,0.0
gfx950,256,875,2624,6144,ck,3,0,50.321,a8w8_blockscale_1x128x128_256x64x64x128_16x16_32x32_1x1_8x32x1_8x32x1_1x32x1x8_8_1x1_intrawave_v3,560.67,518.47,0.0
gfx950,256,876,2624,6144,ck,3,0,50.0983,a8w8_blockscale_1x128x128_256x64x64x128_16x16_32x32_1x1_8x32x1_8x32x1_1x32x1x8_8_1x1_intrawave_v3,563.8,521.0,0.0
gfx950,256,878,2624,6144,ck,3,0,50.2761,a8w8_blockscale_1x128x128_256x64x64x128_16x16_32x32_1x1_8x32x1_8x32x1_1x32x1x8_8_1x1_intrawave_v3,563.09,519.61,0.0
gfx950,256,879,2624,6144,ck,3,0,50.3815,a8w8_blockscale_1x128x128_256x64x64x128_16x16_32x32_1x1_8x32x1_8x32x1_1x32x1x8_8_1x1_intrawave_v3,562.55,518.75,0.0
gfx950,256,880,2624,6144,ck,3,0,49.8734,a8w8_blockscale_1x128x128_256x64x64x128_16x16_32x32_1x1_8x32x1_8x32x1_1x32x1x8_8_1x1_intrawave_v3,568.93,524.26,0.0
gfx950,256,881,2624,6144,ck,3,0,49.9839,a8w8_blockscale_1x128x128_256x64x64x128_16x16_32x32_1x1_8x32x1_8x32x1_1x32x1x8_8_1x1_intrawave_v3,568.32,523.33,0.0
gfx950,256,883,2624,6144,ck,3,0,50.1821,a8w8_blockscale_1x128x128_256x64x64x128_16x16_32x32_1x1_8x32x1_8x32x1_1x32x1x8_8_1x1_intrawave_v3,567.36,521.72,0.0
gfx950,256,884,2624,6144,ck,3,0,49.8683,a8w8_blockscale_1x128x128_256x64x64x128_16x16_32x32_1x1_8x32x1_8x32x1_1x32x1x8_8_1x1_intrawave_v3,571.57,525.23,0.0
gfx950,256,885,2624,6144,ck,3,0,49.7179,a8w8_blockscale_1x128x128_256x64x64x128_16x16_32x32_1x1_8x32x1_8x32x1_1x32x1x8_8_1x1_intrawave_v3,573.95,527.05,0.0
gfx950,256,886,2624,6144,ck,3,0,50.3446,a8w8_blockscale_1x128x128_256x64x64x128_16x16_32x32_1x1_8x32x1_8x32x1_1x32x1x8_8_1x1_intrawave_v3,567.45,520.71,0.0
gfx950,256,887,2624,6144,ck,3,0,49.7927,a8w8_blockscale_1x128x128_256x64x64x128_16x16_32x32_1x1_8x32x1_8x32x1_1x32x1x8_8_1x1_intrawave_v3,574.38,526.71,0.0
gfx950,256,888,2624,6144,ck,3,0,50.3045,a8w8_blockscale_1x128x128_256x64x64x128_16x16_32x32_1x1_8x32x1_8x32x1_1x32x1x8_8_1x1_intrawave_v3,569.18,521.58,0.0
gfx950,256,889,2624,6144,ck,3,0,50.1266,a8w8_blockscale_1x128x128_256x64x64x128_16x16_32x32_1x1_8x32x1_8x32x1_1x32x1x8_8_1x1_intrawave_v3,571.85,523.66,0.0
gfx950,256,890,2624,6144,ck,3,0,50.2419,a8w8_blockscale_1x128x128_256x64x64x128_16x16_32x32_1x1_8x32x1_8x32x1_1x32x1x8_8_1x1_intrawave_v3,571.17,522.69,0.0
gfx950,256,891,2624,6144,ck,3,0,50.3636,a8w8_blockscale_1x128x128_256x64x64x128_16x16_32x32_1x1_8x32x1_8x32x1_1x32x1x8_8_1x1_intrawave_v3,570.43,521.65,0.0
gfx950,256,892,2624,6144,ck,3,0,50.3043,a8w8_blockscale_1x128x128_256x64x64x128_16x16_32x32_1x1_8x32x1_8x32x1_1x32x1x8_8_1x1_intrawave_v3,571.75,522.49,0.0
gfx950,256,894,2624,6144,ck,3,0,50.2939,a8w8_blockscale_1x128x128_256x64x64x128_16x16_32x32_1x1_8x32x1_8x32x1_1x32x1x8_8_1x1_intrawave_v3,573.15,523.05,0.0
gfx950,256,895,2624,6144,ck,3,0,50.3108,a8w8_blockscale_1x128x128_256x64x64x128_16x16_32x32_1x1_8x32x1_8x32x1_1x32x1x8_8_1x1_intrawave_v3,573.6,523.1,0.0
gfx950,256,896,2624,6144,ck,18,0,43.6174,a8w8_blockscale_1x128x128_256x64x64x256_16x16_32x32_1x1_16x16x1_16x16x1_1x32x1x8_8_1x1_intrawave_v1,662.36,603.64,0.0
gfx950,256,897,2624,6144,ck,0,0,49.6063,a8w8_blockscale_1x128x128_256x128x128x128_16x16_32x32_2x2_8x32x1_8x32x1_1x32x1x8_8_1x1_intrawave_v3,583.04,530.99,0.0
gfx950,256,898,2624,6144,ck,0,0,49.5896,a8w8_blockscale_1x128x128_256x128x128x128_16x16_32x32_2x2_8x32x1_8x32x1_1x32x1x8_8_1x1_intrawave_v3,583.89,531.4,0.0
gfx950,256,899,2624,6144,ck,0,0,49.6386,a8w8_blockscale_1x128x128_256x128x128x128_16x16_32x32_2x2_8x32x1_8x32x1_1x32x1x8_8_1x1_intrawave_v3,583.96,531.1,0.0
gfx950,256,900,2624,6144,ck,0,0,49.4486,a8w8_blockscale_1x128x128_256x128x128x128_16x16_32x32_2x2_8x32x1_8x32x1_1x32x1x8_8_1x1_intrawave_v3,586.86,533.38,0.0
gfx950,256,901,2624,6144,ck,0,0,49.5196,a8w8_blockscale_1x128x128_256x128x128x128_16x16_32x32_2x2_8x32x1_8x32x1_1x32x1x8_8_1x1_intrawave_v3,586.67,532.84,0.0
gfx950,256,902,2624,6144,ck,0,0,49.3345,a8w8_blockscale_1x128x128_256x128x128x128_16x16_32x32_2x2_8x32x1_8x32x1_1x32x1x8_8_1x1_intrawave_v3,589.52,535.07,0.0
gfx950,256,904,2624,6144,ck,0,0,49.8137,a8w8_blockscale_1x128x128_256x128x128x128_16x16_32x32_2x2_8x32x1_8x32x1_1x32x1x8_8_1x1_intrawave_v3,585.15,530.38,0.0
gfx950,256,905,2624,6144,ck,0,0,49.6159,a8w8_blockscale_1x128x128_256x128x128x128_16x16_32x32_2x2_8x32x1_8x32x1_1x32x1x8_8_1x1_intrawave_v3,588.13,532.72,0.0
gfx950,256,906,2624,6144,ck,0,0,49.4514,a8w8_blockscale_1x128x128_256x128x128x128_16x16_32x32_2x2_8x32x1_8x32x1_1x32x1x8_8_1x1_intrawave_v3,590.74,534.73,0.0
gfx950,256,907,2624,6144,ck,0,0,49.542,a8w8_blockscale_1x128x128_256x128x128x128_16x16_32x32_2x2_8x32x1_8x32x1_1x32x1x8_8_1x1_intrawave_v3,590.31,533.98,0.0
gfx950,256,908,2624,6144,ck,0,0,49.5581,a8w8_blockscale_1x128x128_256x128x128x128_16x16_32x32_2x2_8x32x1_8x32x1_1x32x1x8_8_1x1_intrawave_v3,590.77,534.04,0.0
gfx950,256,909,2624,6144,ck,0,0,49.6697,a8w8_blockscale_1x128x128_256x128x128x128_16x16_32x32_2x2_8x32x1_8x32x1_1x32x1x8_8_1x1_intrawave_v3,590.09,533.07,0.0
gfx950,256,910,2624,6144,ck,0,0,49.682,a8w8_blockscale_1x128x128_256x128x128x128_16x16_32x32_2x2_8x32x1_8x32x1_1x32x1x8_8_1x1_intrawave_v3,590.59,533.16,0.0
gfx950,256,911,2624,6144,ck,0,0,49.4338,a8w8_blockscale_1x128x128_256x128x128x128_16x16_32x32_2x2_8x32x1_8x32x1_1x32x1x8_8_1x1_intrawave_v3,594.21,536.07,0.0
gfx950,256,912,2624,6144,ck,0,0,49.5286,a8w8_blockscale_1x128x128_256x128x128x128_16x16_32x32_2x2_8x32x1_8x32x1_1x32x1x8_8_1x1_intrawave_v3,593.72,535.27,0.0
gfx950,256,913,2624,6144,ck,0,0,49.8387,a8w8_blockscale_1x128x128_256x128x128x128_16x16_32x32_2x2_8x32x1_8x32x1_1x32x1x8_8_1x1_intrawave_v3,590.68,532.17,0.0
gfx950,256,915,2624,6144,ck,0,0,49.2261,a8w8_blockscale_1x128x128_256x128x128x128_16x16_32x32_2x2_8x32x1_8x32x1_1x32x1x8_8_1x1_intrawave_v3,599.34,539.26,0.0
gfx950,256,916,2624,6144,ck,0,0,49.7953,a8w8_blockscale_1x128x128_256x128x128x128_16x16_32x32_2x2_8x32x1_8x32x1_1x32x1x8_8_1x1_intrawave_v3,593.13,533.32,0.0
gfx950,256,918,2624,6144,ck,0,0,49.7196,a8w8_blockscale_1x128x128_256x128x128x128_16x16_32x32_2x2_8x32x1_8x32x1_1x32x1x8_8_1x1_intrawave_v3,595.33,534.59,0.0
gfx950,256,919,2624,6144,ck,0,0,49.8764,a8w8_blockscale_1x128x128_256x128x128x128_16x16_32x32_2x2_8x32x1_8x32x1_1x32x1x8_8_1x1_intrawave_v3,594.11,533.14,0.0
gfx950,256,920,2624,6144,ck,0,0,49.9832,a8w8_blockscale_1x128x128_256x128x128x128_16x16_32x32_2x2_8x32x1_8x32x1_1x32x1x8_8_1x1_intrawave_v3,593.48,532.23,0.0
gfx950,256,921,2624,6144,ck,0,0,49.7399,a8w8_blockscale_1x128x128_256x128x128x128_16x16_32x32_2x2_8x32x1_8x32x1_1x32x1x8_8_1x1_intrawave_v3,597.03,535.06,0.0
gfx950,256,922,2624,6144,ck,0,0,49.4458,a8w8_blockscale_1x128x128_256x128x128x128_16x16_32x32_2x2_8x32x1_8x32x1_1x32x1x8_8_1x1_intrawave_v3,601.24,538.47,0.0
gfx950,256,923,2624,6144,ck,0,0,49.3056,a8w8_blockscale_1x128x128_256x128x128x128_16x16_32x32_2x2_8x32x1_8x32x1_1x32x1x8_8_1x1_intrawave_v3,603.6,540.24,0.0
gfx950,256,924,2624,6144,ck,0,0,49.6148,a8w8_blockscale_1x128x128_256x128x128x128_16x16_32x32_2x2_8x32x1_8x32x1_1x32x1x8_8_1x1_intrawave_v3,600.49,537.1,0.0
gfx950,256,925,2624,6144,ck,0,0,49.3887,a8w8_blockscale_1x128x128_256x128x128x128_16x16_32x32_2x2_8x32x1_8x32x1_1x32x1x8_8_1x1_intrawave_v3,603.89,539.79,0.0
gfx950,256,926,2624,6144,ck,0,0,49.7632,a8w8_blockscale_1x128x128_256x128x128x128_16x16_32x32_2x2_8x32x1_8x32x1_1x32x1x8_8_1x1_intrawave_v3,600.0,535.96,0.0
gfx950,256,927,2624,6144,ck,0,0,49.7094,a8w8_blockscale_1x128x128_256x128x128x128_16x16_32x32_2x2_8x32x1_8x32x1_1x32x1x8_8_1x1_intrawave_v3,601.29,536.76,0.0
gfx950,256,928,2624,6144,ck,0,0,49.7028,a8w8_blockscale_1x128x128_256x128x128x128_16x16_32x32_2x2_8x32x1_8x32x1_1x32x1x8_8_1x1_intrawave_v3,602.02,537.06,0.0
gfx950,256,929,2624,6144,ck,0,0,49.8406,a8w8_blockscale_1x128x128_256x128x128x128_16x16_32x32_2x2_8x32x1_8x32x1_1x32x1x8_8_1x1_intrawave_v3,601.0,535.81,0.0
gfx950,256,931,2624,6144,ck,0,0,49.7515,a8w8_blockscale_1x128x128_256x128x128x128_16x16_32x32_2x2_8x32x1_8x32x1_1x32x1x8_8_1x1_intrawave_v3,603.38,537.23,0.0
gfx950,256,932,2624,6144,ck,0,0,49.6801,a8w8_blockscale_1x128x128_256x128x128x128_16x16_32x32_2x2_8x32x1_8x32x1_1x32x1x8_8_1x1_intrawave_v3,604.89,538.23,0.0
gfx950,256,933,2624,6144,ck,0,0,49.3643,a8w8_blockscale_1x128x128_256x128x128x128_16x16_32x32_2x2_8x32x1_8x32x1_1x32x1x8_8_1x1_intrawave_v3,609.42,541.9,0.0
gfx950,256,934,2624,6144,ck,0,0,49.5485,a8w8_blockscale_1x128x128_256x128x128x128_16x16_32x32_2x2_8x32x1_8x32x1_1x32x1x8_8_1x1_intrawave_v3,607.8,540.12,0.0
gfx950,256,935,2624,6144,ck,0,0,49.7748,a8w8_blockscale_1x128x128_256x128x128x128_16x16_32x32_2x2_8x32x1_8x32x1_1x32x1x8_8_1x1_intrawave_v3,605.69,537.89,0.0
gfx950,256,936,2624,6144,ck,0,0,49.8915,a8w8_blockscale_1x128x128_256x128x128x128_16x16_32x32_2x2_8x32x1_8x32x1_1x32x1x8_8_1x1_intrawave_v3,604.91,536.86,0.0
gfx950,256,939,2624,6144,ck,0,0,49.8984,a8w8_blockscale_1x128x128_256x128x128x128_16x16_32x32_2x2_8x32x1_8x32x1_1x32x1x8_8_1x1_intrawave_v3,606.77,537.47,0.0
gfx950,256,940,2624,6144,ck,0,0,49.8054,a8w8_blockscale_1x128x128_256x128x128x128_16x16_32x32_2x2_8x32x1_8x32x1_1x32x1x8_8_1x1_intrawave_v3,608.55,538.7,0.0
gfx950,256,944,2624,6144,ck,0,0,49.984,a8w8_blockscale_1x128x128_256x128x128x128_16x16_32x32_2x2_8x32x1_8x32x1_1x32x1x8_8_1x1_intrawave_v3,608.96,537.69,0.0
gfx950,256,945,2624,6144,ck,0,0,49.8953,a8w8_blockscale_1x128x128_256x128x128x128_16x16_32x32_2x2_8x32x1_8x32x1_1x32x1x8_8_1x1_intrawave_v3,610.68,538.87,0.0
gfx950,256,946,2624,6144,ck,0,0,49.8124,a8w8_blockscale_1x128x128_256x128x128x128_16x16_32x32_2x2_8x32x1_8x32x1_1x32x1x8_8_1x1_intrawave_v3,612.35,540.0,0.0
gfx950,256,947,2624,6144,ck,0,0,49.9383,a8w8_blockscale_1x128x128_256x128x128x128_16x16_32x32_2x2_8x32x1_8x32x1_1x32x1x8_8_1x1_intrawave_v3,611.45,538.87,0.0
gfx950,256,948,2624,6144,ck,0,0,49.7922,a8w8_blockscale_1x128x128_256x128x128x128_16x16_32x32_2x2_8x32x1_8x32x1_1x32x1x8_8_1x1_intrawave_v3,613.89,540.68,0.0
gfx950,256,949,2624,6144,ck,0,0,50.0015,a8w8_blockscale_1x128x128_256x128x128x128_16x16_32x32_2x2_8x32x1_8x32x1_1x32x1x8_8_1x1_intrawave_v3,611.97,538.64,0.0
gfx950,256,950,2624,6144,ck,0,0,50.1077,a8w8_blockscale_1x128x128_256x128x128x128_16x16_32x32_2x2_8x32x1_8x32x1_1x32x1x8_8_1x1_intrawave_v3,611.31,537.73,0.0
gfx950,256,951,2624,6144,ck,0,0,49.6098,a8w8_blockscale_1x128x128_256x128x128x128_16x16_32x32_2x2_8x32x1_8x32x1_1x32x1x8_8_1x1_intrawave_v3,618.1,543.35,0.0
gfx950,256,952,2624,6144,ck,0,0,49.6243,a8w8_blockscale_1x128x128_256x128x128x128_16x16_32x32_2x2_8x32x1_8x32x1_1x32x1x8_8_1x1_intrawave_v3,618.57,543.42,0.0
gfx950,256,953,2624,6144,ck,0,0,49.9066,a8w8_blockscale_1x128x128_256x128x128x128_16x16_32x32_2x2_8x32x1_8x32x1_1x32x1x8_8_1x1_intrawave_v3,615.72,540.58,0.0
gfx950,256,954,2624,6144,ck,0,0,49.9087,a8w8_blockscale_1x128x128_256x128x128x128_16x16_32x32_2x2_8x32x1_8x32x1_1x32x1x8_8_1x1_intrawave_v3,616.34,540.78,0.0
gfx950,256,957,2624,6144,ck,0,0,50.014,a8w8_blockscale_1x128x128_256x128x128x128_16x16_32x32_2x2_8x32x1_8x32x1_1x32x1x8_8_1x1_intrawave_v3,616.97,540.33,0.0
gfx950,256,958,2624,6144,ck,0,0,50.0344,a8w8_blockscale_1x128x128_256x128x128x128_16x16_32x32_2x2_8x32x1_8x32x1_1x32x1x8_8_1x1_intrawave_v3,617.36,540.34,0.0
gfx950,256,960,2624,6144,ck,18,0,44.4104,a8w8_blockscale_1x128x128_256x64x64x256_16x16_32x32_1x1_16x16x1_16x16x1_1x32x1x8_8_1x1_intrawave_v1,697.0,609.28,0.0
gfx950,256,961,2624,6144,ck,3,0,49.6927,a8w8_blockscale_1x128x128_256x64x64x128_16x16_32x32_1x1_8x32x1_8x32x1_1x32x1x8_8_1x1_intrawave_v3,623.56,544.74,0.0
gfx950,256,962,2624,6144,ck,3,0,49.8001,a8w8_blockscale_1x128x128_256x64x64x128_16x16_32x32_1x1_8x32x1_8x32x1_1x32x1x8_8_1x1_intrawave_v3,622.86,543.79,0.0
gfx950,256,963,2624,6144,ck,0,0,50.1712,a8w8_blockscale_1x128x128_256x128x128x128_16x16_32x32_2x2_8x32x1_8x32x1_1x32x1x8_8_1x1_intrawave_v3,618.89,540.0,0.0
gfx950,256,964,2624,6144,ck,3,0,49.674,a8w8_blockscale_1x128x128_256x64x64x128_16x16_32x32_1x1_8x32x1_8x32x1_1x32x1x8_8_1x1_intrawave_v3,625.74,545.63,0.0
gfx950,256,966,2624,6144,ck,3,0,50.0119,a8w8_blockscale_1x128x128_256x64x64x128_16x16_32x32_1x1_8x32x1_8x32x1_1x32x1x8_8_1x1_intrawave_v3,622.8,542.4,0.0
gfx950,256,967,2624,6144,ck,3,0,50.2975,a8w8_blockscale_1x128x128_256x64x64x128_16x16_32x32_1x1_8x32x1_8x32x1_1x32x1x8_8_1x1_intrawave_v3,619.9,539.55,0.0
gfx950,256,968,2624,6144,ck,3,0,50.1959,a8w8_blockscale_1x128x128_256x64x64x128_16x16_32x32_1x1_8x32x1_8x32x1_1x32x1x8_8_1x1_intrawave_v3,621.8,540.87,0.0
gfx950,256,969,2624,6144,ck,0,0,50.093,a8w8_blockscale_1x128x128_256x128x128x128_16x16_32x32_2x2_8x32x1_8x32x1_1x32x1x8_8_1x1_intrawave_v3,623.72,542.21,0.0
gfx950,256,970,2624,6144,ck,3,0,50.0827,a8w8_blockscale_1x128x128_256x64x64x128_16x16_32x32_1x1_8x32x1_8x32x1_1x32x1x8_8_1x1_intrawave_v3,624.5,542.54,0.0
gfx950,256,971,2624,6144,ck,3,0,50.1665,a8w8_blockscale_1x128x128_256x64x64x128_16x16_32x32_1x1_8x32x1_8x32x1_1x32x1x8_8_1x1_intrawave_v3,624.09,541.87,0.0
gfx950,256,974,2624,6144,ck,3,0,50.4078,a8w8_blockscale_1x128x128_256x64x64x128_16x16_32x32_1x1_8x32x1_8x32x1_1x32x1x8_8_1x1_intrawave_v3,623.03,539.95,0.0
gfx950,256,976,2624,6144,ck,0,0,50.4676,a8w8_blockscale_1x128x128_256x128x128x128_16x16_32x32_2x2_8x32x1_8x32x1_1x32x1x8_8_1x1_intrawave_v3,623.57,539.76,0.0
gfx950,256,978,2624,6144,ck,0,0,50.2372,a8w8_blockscale_1x128x128_256x128x128x128_16x16_32x32_2x2_8x32x1_8x32x1_1x32x1x8_8_1x1_intrawave_v3,627.71,542.69,0.0
gfx950,256,979,2624,6144,ck,0,0,50.1957,a8w8_blockscale_1x128x128_256x128x128x128_16x16_32x32_2x2_8x32x1_8x32x1_1x32x1x8_8_1x1_intrawave_v3,628.87,543.37,0.0
gfx950,256,980,2624,6144,ck,0,0,50.2486,a8w8_blockscale_1x128x128_256x128x128x128_16x16_32x32_2x2_8x32x1_8x32x1_1x32x1x8_8_1x1_intrawave_v3,628.85,543.02,0.0
gfx950,256,981,2624,6144,ck,3,0,50.2991,a8w8_blockscale_1x128x128_256x64x64x128_16x16_32x32_1x1_8x32x1_8x32x1_1x32x1x8_8_1x1_intrawave_v3,628.86,542.7,0.0
gfx950,256,982,2624,6144,ck,0,0,50.6574,a8w8_blockscale_1x128x128_256x128x128x128_16x16_32x32_2x2_8x32x1_8x32x1_1x32x1x8_8_1x1_intrawave_v3,625.05,539.09,0.0
gfx950,256,983,2624,6144,ck,0,0,50.3717,a8w8_blockscale_1x128x128_256x128x128x128_16x16_32x32_2x2_8x32x1_8x32x1_1x32x1x8_8_1x1_intrawave_v3,629.23,542.37,0.0
gfx950,256,984,2624,6144,ck,0,0,50.3978,a8w8_blockscale_1x128x128_256x128x128x128_16x16_32x32_2x2_8x32x1_8x32x1_1x32x1x8_8_1x1_intrawave_v3,629.55,542.32,0.0
gfx950,256,985,2624,6144,ck,0,0,50.3521,a8w8_blockscale_1x128x128_256x128x128x128_16x16_32x32_2x2_8x32x1_8x32x1_1x32x1x8_8_1x1_intrawave_v3,630.76,543.04,0.0
gfx950,256,986,2624,6144,ck,0,0,50.5822,a8w8_blockscale_1x128x128_256x128x128x128_16x16_32x32_2x2_8x32x1_8x32x1_1x32x1x8_8_1x1_intrawave_v3,628.53,540.79,0.0
gfx950,256,989,2624,6144,ck,0,0,50.647,a8w8_blockscale_1x128x128_256x128x128x128_16x16_32x32_2x2_8x32x1_8x32x1_1x32x1x8_8_1x1_intrawave_v3,629.63,540.77,0.0
gfx950,256,990,2624,6144,ck,18,0,50.6592,a8w8_blockscale_1x128x128_256x64x64x256_16x16_32x32_1x1_16x16x1_16x16x1_1x32x1x8_8_1x1_intrawave_v1,630.12,540.87,0.0
gfx950,256,991,2624,6144,ck,0,0,50.7293,a8w8_blockscale_1x128x128_256x128x128x128_16x16_32x32_2x2_8x32x1_8x32x1_1x32x1x8_8_1x1_intrawave_v3,629.88,540.35,0.0
gfx950,256,992,2624,6144,ck,0,0,50.917,a8w8_blockscale_1x128x128_256x128x128x128_16x16_32x32_2x2_8x32x1_8x32x1_1x32x1x8_8_1x1_intrawave_v3,628.19,538.58,0.0
gfx950,256,993,2624,6144,ck,0,0,50.4251,a8w8_blockscale_1x128x128_256x128x128x128_16x16_32x32_2x2_8x32x1_8x32x1_1x32x1x8_8_1x1_intrawave_v3,634.96,544.06,0.0
gfx950,256,994,2624,6144,ck,0,0,50.5476,a8w8_blockscale_1x128x128_256x128x128x128_16x16_32x32_2x2_8x32x1_8x32x1_1x32x1x8_8_1x1_intrawave_v3,634.06,542.96,0.0
gfx950,256,995,2624,6144,ck,0,0,50.7488,a8w8_blockscale_1x128x128_256x128x128x128_16x16_32x32_2x2_8x32x1_8x32x1_1x32x1x8_8_1x1_intrawave_v3,632.18,541.04,0.0
gfx950,256,996,2624,6144,ck,0,0,50.5681,a8w8_blockscale_1x128x128_256x128x128x128_16x16_32x32_2x2_8x32x1_8x32x1_1x32x1x8_8_1x1_intrawave_v3,635.08,543.19,0.0
gfx950,256,997,2624,6144,ck,18,0,50.6787,a8w8_blockscale_1x128x128_256x64x64x256_16x16_32x32_1x1_16x16x1_16x16x1_1x32x1x8_8_1x1_intrawave_v1,634.33,542.23,0.0
gfx950,256,998,2624,6144,ck,0,0,50.805,a8w8_blockscale_1x128x128_256x128x128x128_16x16_32x32_2x2_8x32x1_8x32x1_1x32x1x8_8_1x1_intrawave_v3,633.39,541.11,0.0
gfx950,256,999,2624,6144,ck,0,0,50.9278,a8w8_blockscale_1x128x128_256x128x128x128_16x16_32x32_2x2_8x32x1_8x32x1_1x32x1x8_8_1x1_intrawave_v3,632.49,540.03,0.0
gfx950,256,1001,2624,6144,ck,0,0,50.9138,a8w8_blockscale_1x128x128_256x128x128x128_16x16_32x32_2x2_8x32x1_8x32x1_1x32x1x8_8_1x1_intrawave_v3,633.93,540.62,0.0
gfx950,256,1002,2624,6144,ck,18,0,51.0635,a8w8_blockscale_1x128x128_256x64x64x256_16x16_32x32_1x1_16x16x1_16x16x1_1x32x1x8_8_1x1_intrawave_v1,632.71,539.26,0.0
gfx950,256,1003,2624,6144,ck,0,0,51.0122,a8w8_blockscale_1x128x128_256x128x128x128_16x16_32x32_2x2_8x32x1_8x32x1_1x32x1x8_8_1x1_intrawave_v3,633.97,540.03,0.0
gfx950,256,1004,2624,6144,ck,0,0,50.7498,a8w8_blockscale_1x128x128_256x128x128x128_16x16_32x32_2x2_8x32x1_8x32x1_1x32x1x8_8_1x1_intrawave_v3,637.89,543.04,0.0
gfx950,256,1005,2624,6144,ck,0,0,50.86,a8w8_blockscale_1x128x128_256x128x128x128_16x16_32x32_2x2_8x32x1_8x32x1_1x32x1x8_8_1x1_intrawave_v3,637.14,542.09,0.0
gfx950,256,1007,2624,6144,ck,0,0,51.0775,a8w8_blockscale_1x128x128_256x128x128x128_16x16_32x32_2x2_8x32x1_8x32x1_1x32x1x8_8_1x1_intrawave_v3,635.69,540.23,0.0
gfx950,256,1010,2624,6144,ck,18,0,51.1347,a8w8_blockscale_1x128x128_256x64x64x256_16x16_32x32_1x1_16x16x1_16x16x1_1x32x1x8_8_1x1_intrawave_v1,636.87,540.29,0.0
gfx950,256,1011,2624,6144,ck,18,0,50.9041,a8w8_blockscale_1x128x128_256x64x64x256_16x16_32x32_1x1_16x16x1_16x16x1_1x32x1x8_8_1x1_intrawave_v1,640.39,542.97,0.0
gfx950,256,1012,2624,6144,ck,0,0,50.8772,a8w8_blockscale_1x128x128_256x128x128x128_16x16_32x32_2x2_8x32x1_8x32x1_1x32x1x8_8_1x1_intrawave_v3,641.36,543.48,0.0
gfx950,256,1013,2624,6144,ck,18,0,51.1089,a8w8_blockscale_1x128x128_256x64x64x256_16x16_32x32_1x1_16x16x1_16x16x1_1x32x1x8_8_1x1_intrawave_v1,639.08,541.24,0.0
gfx950,256,1014,2624,6144,ck,0,0,50.935,a8w8_blockscale_1x128x128_256x128x128x128_16x16_32x32_2x2_8x32x1_8x32x1_1x32x1x8_8_1x1_intrawave_v3,641.9,543.31,0.0
gfx950,256,1015,2624,6144,ck,0,0,50.8626,a8w8_blockscale_1x128x128_256x128x128x128_16x16_32x32_2x2_8x32x1_8x32x1_1x32x1x8_8_1x1_intrawave_v3,643.45,544.3,0.0
gfx950,256,1016,2624,6144,ck,0,0,50.7958,a8w8_blockscale_1x128x128_256x128x128x128_16x16_32x32_2x2_8x32x1_8x32x1_1x32x1x8_8_1x1_intrawave_v3,644.93,545.24,0.0
gfx950,256,1017,2624,6144,ck,0,0,50.9263,a8w8_blockscale_1x128x128_256x128x128x128_16x16_32x32_2x2_8x32x1_8x32x1_1x32x1x8_8_1x1_intrawave_v3,643.91,544.07,0.0
gfx950,256,1018,2624,6144,ck,0,0,51.3943,a8w8_blockscale_1x128x128_256x128x128x128_16x16_32x32_2x2_8x32x1_8x32x1_1x32x1x8_8_1x1_intrawave_v3,638.67,539.34,0.0
gfx950,256,1019,2624,6144,ck,0,0,51.019,a8w8_blockscale_1x128x128_256x128x128x128_16x16_32x32_2x2_8x32x1_8x32x1_1x32x1x8_8_1x1_intrawave_v3,644.0,543.53,0.0
gfx950,256,1020,2624,6144,ck,0,0,51.2518,a8w8_blockscale_1x128x128_256x128x128x128_16x16_32x32_2x2_8x32x1_8x32x1_1x32x1x8_8_1x1_intrawave_v3,641.71,541.28,0.0
gfx950,256,1021,2624,6144,ck,0,0,51.2618,a8w8_blockscale_1x128x128_256x128x128x128_16x16_32x32_2x2_8x32x1_8x32x1_1x32x1x8_8_1x1_intrawave_v3,642.21,541.4,0.0
gfx950,256,1022,2624,6144,ck,0,0,51.1361,a8w8_blockscale_1x128x128_256x128x128x128_16x16_32x32_2x2_8x32x1_8x32x1_1x32x1x8_8_1x1_intrawave_v3,644.42,542.95,0.0
gfx950,256,1024,2624,6144,ck,0,0,48.0487,a8w8_blockscale_1x128x128_256x128x128x128_16x16_32x32_2x2_8x32x1_8x32x1_1x32x1x8_8_1x1_intrawave_v3,687.17,578.31,0.0
gfx950,256,1025,2624,6144,ck,0,0,50.2176,a8w8_blockscale_1x128x128_256x128x128x128_16x16_32x32_2x2_8x32x1_8x32x1_1x32x1x8_8_1x1_intrawave_v3,658.13,553.56,0.0
gfx950,256,1026,2624,6144,ck,0,0,50.7822,a8w8_blockscale_1x128x128_256x128x128x128_16x16_32x32_2x2_8x32x1_8x32x1_1x32x1x8_8_1x1_intrawave_v3,651.45,547.63,0.0
gfx950,256,1028,2624,6144,ck,0,0,50.3091,a8w8_blockscale_1x128x128_256x128x128x128_16x16_32x32_2x2_8x32x1_8x32x1_1x32x1x8_8_1x1_intrawave_v3,658.86,553.24,0.0
gfx950,256,1029,2624,6144,ck,0,0,50.2365,a8w8_blockscale_1x128x128_256x128x128x128_16x16_32x32_2x2_8x32x1_8x32x1_1x32x1x8_8_1x1_intrawave_v3,660.45,554.26,0.0
gfx950,256,1030,2624,6144,ck,0,0,50.6388,a8w8_blockscale_1x128x128_256x128x128x128_16x16_32x32_2x2_8x32x1_8x32x1_1x32x1x8_8_1x1_intrawave_v3,655.84,550.08,0.0
gfx950,256,1031,2624,6144,ck,0,0,50.2852,a8w8_blockscale_1x128x128_256x128x128x128_16x16_32x32_2x2_8x32x1_8x32x1_1x32x1x8_8_1x1_intrawave_v3,661.09,554.18,0.0
gfx950,256,1033,2624,6144,ck,0,0,50.321,a8w8_blockscale_1x128x128_256x128x128x128_16x16_32x32_2x2_8x32x1_8x32x1_1x32x1x8_8_1x1_intrawave_v3,661.91,554.24,0.0
gfx950,256,1034,2624,6144,ck,0,0,50.1988,a8w8_blockscale_1x128x128_256x128x128x128_16x16_32x32_2x2_8x32x1_8x32x1_1x32x1x8_8_1x1_intrawave_v3,664.16,555.81,0.0
gfx950,256,1035,2624,6144,ck,0,0,50.5223,a8w8_blockscale_1x128x128_256x128x128x128_16x16_32x32_2x2_8x32x1_8x32x1_1x32x1x8_8_1x1_intrawave_v3,660.54,552.48,0.0
gfx950,256,1036,2624,6144,ck,0,0,50.3237,a8w8_blockscale_1x128x128_256x128x128x128_16x16_32x32_2x2_8x32x1_8x32x1_1x32x1x8_8_1x1_intrawave_v3,663.79,554.89,0.0
gfx950,256,1037,2624,6144,ck,0,0,50.0109,a8w8_blockscale_1x128x128_256x128x128x128_16x16_32x32_2x2_8x32x1_8x32x1_1x32x1x8_8_1x1_intrawave_v3,668.59,558.59,0.0
gfx950,256,1038,2624,6144,ck,0,0,50.4697,a8w8_blockscale_1x128x128_256x128x128x128_16x16_32x32_2x2_8x32x1_8x32x1_1x32x1x8_8_1x1_intrawave_v3,663.15,553.73,0.0
gfx950,256,1040,2624,6144,ck,0,0,50.272,a8w8_blockscale_1x128x128_256x128x128x128_16x16_32x32_2x2_8x32x1_8x32x1_1x32x1x8_8_1x1_intrawave_v3,667.04,556.36,0.0
gfx950,256,1043,2624,6144,ck,0,0,50.0015,a8w8_blockscale_1x128x128_256x128x128x128_16x16_32x32_2x2_8x32x1_8x32x1_1x32x1x8_8_1x1_intrawave_v3,672.58,560.06,0.0
gfx950,256,1044,2624,6144,ck,0,0,50.1376,a8w8_blockscale_1x128x128_256x128x128x128_16x16_32x32_2x2_8x32x1_8x32x1_1x32x1x8_8_1x1_intrawave_v3,671.4,558.76,0.0
gfx950,256,1045,2624,6144,ck,0,0,50.7728,a8w8_blockscale_1x128x128_256x128x128x128_16x16_32x32_2x2_8x32x1_8x32x1_1x32x1x8_8_1x1_intrawave_v3,663.64,552.0,0.0
gfx950,256,1046,2624,6144,ck,0,0,50.1916,a8w8_blockscale_1x128x128_256x128x128x128_16x16_32x32_2x2_8x32x1_8x32x1_1x32x1x8_8_1x1_intrawave_v3,671.96,558.62,0.0
gfx950,256,1049,2624,6144,ck,0,0,50.1201,a8w8_blockscale_1x128x128_256x128x128x128_16x16_32x32_2x2_8x32x1_8x32x1_1x32x1x8_8_1x1_intrawave_v3,674.85,560.1,0.0
gfx950,256,1050,2624,6144,ck,0,0,50.1323,a8w8_blockscale_1x128x128_256x128x128x128_16x16_32x32_2x2_8x32x1_8x32x1_1x32x1x8_8_1x1_intrawave_v3,675.33,560.19,0.0
gfx950,256,1051,2624,6144,ck,0,0,49.8973,a8w8_blockscale_1x128x128_256x128x128x128_16x16_32x32_2x2_8x32x1_8x32x1_1x32x1x8_8_1x1_intrawave_v3,679.16,563.05,0.0
gfx950,256,1053,2624,6144,ck,0,0,50.1538,a8w8_blockscale_1x128x128_256x128x128x128_16x16_32x32_2x2_8x32x1_8x32x1_1x32x1x8_8_1x1_intrawave_v3,676.97,560.63,0.0
gfx950,256,1054,2624,6144,ck,0,0,50.3307,a8w8_blockscale_1x128x128_256x128x128x128_16x16_32x32_2x2_8x32x1_8x32x1_1x32x1x8_8_1x1_intrawave_v3,675.23,558.88,0.0
gfx950,256,1057,2624,6144,ck,0,0,50.0381,a8w8_blockscale_1x128x128_256x128x128x128_16x16_32x32_2x2_8x32x1_8x32x1_1x32x1x8_8_1x1_intrawave_v3,681.11,562.84,0.0
gfx950,256,1059,2624,6144,ck,0,0,50.2654,a8w8_blockscale_1x128x128_256x128x128x128_16x16_32x32_2x2_8x32x1_8x32x1_1x32x1x8_8_1x1_intrawave_v3,679.32,560.74,0.0
gfx950,256,1060,2624,6144,ck,0,0,50.2792,a8w8_blockscale_1x128x128_256x128x128x128_16x16_32x32_2x2_8x32x1_8x32x1_1x32x1x8_8_1x1_intrawave_v3,679.77,560.82,0.0
gfx950,256,1061,2624,6144,ck,0,0,50.4525,a8w8_blockscale_1x128x128_256x128x128x128_16x16_32x32_2x2_8x32x1_8x32x1_1x32x1x8_8_1x1_intrawave_v3,678.07,559.12,0.0
gfx950,256,1062,2624,6144,ck,0,0,50.2387,a8w8_blockscale_1x128x128_256x128x128x128_16x16_32x32_2x2_8x32x1_8x32x1_1x32x1x8_8_1x1_intrawave_v3,681.6,561.72,0.0
gfx950,256,1063,2624,6144,ck,0,0,50.2843,a8w8_blockscale_1x128x128_256x128x128x128_16x16_32x32_2x2_8x32x1_8x32x1_1x32x1x8_8_1x1_intrawave_v3,681.63,561.44,0.0
gfx950,256,1064,2624,6144,ck,0,0,50.6237,a8w8_blockscale_1x128x128_256x128x128x128_16x16_32x32_2x2_8x32x1_8x32x1_1x32x1x8_8_1x1_intrawave_v3,677.69,557.9,0.0
gfx950,256,1066,2624,6144,ck,0,0,50.3089,a8w8_blockscale_1x128x128_256x128x128x128_16x16_32x32_2x2_8x32x1_8x32x1_1x32x1x8_8_1x1_intrawave_v3,683.22,561.84,0.0
gfx950,256,1067,2624,6144,ck,0,0,50.3801,a8w8_blockscale_1x128x128_256x128x128x128_16x16_32x32_2x2_8x32x1_8x32x1_1x32x1x8_8_1x1_intrawave_v3,682.89,561.28,0.0
gfx950,256,1069,2624,6144,ck,0,0,50.6015,a8w8_blockscale_1x128x128_256x128x128x128_16x16_32x32_2x2_8x32x1_8x32x1_1x32x1x8_8_1x1_intrawave_v3,681.18,559.27,0.0
gfx950,256,1070,2624,6144,ck,0,0,50.6371,a8w8_blockscale_1x128x128_256x128x128x128_16x16_32x32_2x2_8x32x1_8x32x1_1x32x1x8_8_1x1_intrawave_v3,681.33,559.1,0.0
gfx950,256,1071,2624,6144,ck,0,0,50.7115,a8w8_blockscale_1x128x128_256x128x128x128_16x16_32x32_2x2_8x32x1_8x32x1_1x32x1x8_8_1x1_intrawave_v3,680.97,558.51,0.0
gfx950,256,1072,2624,6144,ck,0,0,50.3832,a8w8_blockscale_1x128x128_256x128x128x128_16x16_32x32_2x2_8x32x1_8x32x1_1x32x1x8_8_1x1_intrawave_v3,686.05,562.37,0.0
gfx950,256,1074,2624,6144,ck,0,0,50.7285,a8w8_blockscale_1x128x128_256x128x128x128_16x16_32x32_2x2_8x32x1_8x32x1_1x32x1x8_8_1x1_intrawave_v3,682.65,558.99,0.0
gfx950,256,1075,2624,6144,ck,0,0,50.3808,a8w8_blockscale_1x128x128_256x128x128x128_16x16_32x32_2x2_8x32x1_8x32x1_1x32x1x8_8_1x1_intrawave_v3,688.0,563.08,0.0
gfx950,256,1082,2624,6144,ck,0,0,50.5835,a8w8_blockscale_1x128x128_256x128x128x128_16x16_32x32_2x2_8x32x1_8x32x1_1x32x1x8_8_1x1_intrawave_v3,689.71,562.4,0.0
gfx950,256,1084,2624,6144,ck,0,0,50.9386,a8w8_blockscale_1x128x128_256x128x128x128_16x16_32x32_2x2_8x32x1_8x32x1_1x32x1x8_8_1x1_intrawave_v3,686.16,558.92,0.0
gfx950,256,1085,2624,6144,ck,0,0,50.6424,a8w8_blockscale_1x128x128_256x128x128x128_16x16_32x32_2x2_8x32x1_8x32x1_1x32x1x8_8_1x1_intrawave_v3,690.81,562.42,0.0
gfx950,256,1086,2624,6144,ck,0,0,50.4801,a8w8_blockscale_1x128x128_256x128x128x128_16x16_32x32_2x2_8x32x1_8x32x1_1x32x1x8_8_1x1_intrawave_v3,693.67,564.45,0.0
gfx950,256,1089,2624,6144,ck,0,0,50.7846,a8w8_blockscale_1x128x128_256x128x128x128_16x16_32x32_2x2_8x32x1_8x32x1_1x32x1x8_8_1x1_intrawave_v3,691.42,561.74,0.0
gfx950,256,1090,2624,6144,ck,0,0,50.9434,a8w8_blockscale_1x128x128_256x128x128x128_16x16_32x32_2x2_8x32x1_8x32x1_1x32x1x8_8_1x1_intrawave_v3,689.9,560.21,0.0
gfx950,256,1092,2624,6144,ck,0,0,50.5545,a8w8_blockscale_1x128x128_256x128x128x128_16x16_32x32_2x2_8x32x1_8x32x1_1x32x1x8_8_1x1_intrawave_v3,696.48,564.97,0.0
gfx950,256,1093,2624,6144,ck,0,0,50.7224,a8w8_blockscale_1x128x128_256x128x128x128_16x16_32x32_2x2_8x32x1_8x32x1_1x32x1x8_8_1x1_intrawave_v3,694.81,563.33,0.0
gfx950,256,1094,2624,6144,ck,0,0,50.8754,a8w8_blockscale_1x128x128_256x128x128x128_16x16_32x32_2x2_8x32x1_8x32x1_1x32x1x8_8_1x1_intrawave_v3,693.35,561.86,0.0
gfx950,256,1095,2624,6144,ck,0,0,50.7548,a8w8_blockscale_1x128x128_256x128x128x128_16x16_32x32_2x2_8x32x1_8x32x1_1x32x1x8_8_1x1_intrawave_v3,695.64,563.42,0.0
gfx950,256,1096,2624,6144,ck,0,0,50.8161,a8w8_blockscale_1x128x128_256x128x128x128_16x16_32x32_2x2_8x32x1_8x32x1_1x32x1x8_8_1x1_intrawave_v3,695.43,562.96,0.0
gfx950,256,1097,2624,6144,ck,0,0,50.7285,a8w8_blockscale_1x128x128_256x128x128x128_16x16_32x32_2x2_8x32x1_8x32x1_1x32x1x8_8_1x1_intrawave_v3,697.27,564.16,0.0
gfx950,256,1098,2624,6144,ck,0,0,50.8365,a8w8_blockscale_1x128x128_256x128x128x128_16x16_32x32_2x2_8x32x1_8x32x1_1x32x1x8_8_1x1_intrawave_v3,696.42,563.18,0.0
gfx950,256,1099,2624,6144,ck,0,0,50.7441,a8w8_blockscale_1x128x128_256x128x128x128_16x16_32x32_2x2_8x32x1_8x32x1_1x32x1x8_8_1x1_intrawave_v3,698.32,564.43,0.0
gfx950,256,1100,2624,6144,ck,0,0,51.118,a8w8_blockscale_1x128x128_256x128x128x128_16x16_32x32_2x2_8x32x1_8x32x1_1x32x1x8_8_1x1_intrawave_v3,693.85,560.53,0.0
gfx950,256,1101,2624,6144,ck,0,0,50.9188,a8w8_blockscale_1x128x128_256x128x128x128_16x16_32x32_2x2_8x32x1_8x32x1_1x32x1x8_8_1x1_intrawave_v3,697.19,562.94,0.0
gfx950,256,1102,2624,6144,ck,0,0,51.1164,a8w8_blockscale_1x128x128_256x128x128x128_16x16_32x32_2x2_8x32x1_8x32x1_1x32x1x8_8_1x1_intrawave_v3,695.13,560.99,0.0
gfx950,256,1104,2624,6144,ck,0,0,50.987,a8w8_blockscale_1x128x128_256x128x128x128_16x16_32x32_2x2_8x32x1_8x32x1_1x32x1x8_8_1x1_intrawave_v3,698.16,562.86,0.0
gfx950,256,1107,2624,6144,ck,0,0,50.8142,a8w8_blockscale_1x128x128_256x128x128x128_16x16_32x32_2x2_8x32x1_8x32x1_1x32x1x8_8_1x1_intrawave_v3,702.44,565.45,0.0
gfx950,256,1108,2624,6144,ck,0,0,51.1369,a8w8_blockscale_1x128x128_256x128x128x128_16x16_32x32_2x2_8x32x1_8x32x1_1x32x1x8_8_1x1_intrawave_v3,698.64,562.1,0.0
gfx950,256,1109,2624,6144,ck,0,0,51.1763,a8w8_blockscale_1x128x128_256x128x128x128_16x16_32x32_2x2_8x32x1_8x32x1_1x32x1x8_8_1x1_intrawave_v3,698.73,561.89,0.0
gfx950,256,1110,2624,6144,ck,0,0,51.4155,a8w8_blockscale_1x128x128_256x128x128x128_16x16_32x32_2x2_8x32x1_8x32x1_1x32x1x8_8_1x1_intrawave_v3,696.1,559.5,0.0
gfx950,256,1113,2624,6144,ck,0,0,50.9285,a8w8_blockscale_1x128x128_256x128x128x128_16x16_32x32_2x2_8x32x1_8x32x1_1x32x1x8_8_1x1_intrawave_v3,704.66,565.52,0.0
gfx950,256,1114,2624,6144,ck,0,0,51.0797,a8w8_blockscale_1x128x128_256x128x128x128_16x16_32x32_2x2_8x32x1_8x32x1_1x32x1x8_8_1x1_intrawave_v3,703.2,564.07,0.0
gfx950,256,1116,2624,6144,ck,0,0,51.0294,a8w8_blockscale_1x128x128_256x128x128x128_16x16_32x32_2x2_8x32x1_8x32x1_1x32x1x8_8_1x1_intrawave_v3,705.16,565.07,0.0
gfx950,256,1118,2624,6144,ck,0,0,51.2788,a8w8_blockscale_1x128x128_256x128x128x128_16x16_32x32_2x2_8x32x1_8x32x1_1x32x1x8_8_1x1_intrawave_v3,702.99,562.77,0.0
gfx950,256,1120,2624,6144,ck,0,0,51.3788,a8w8_blockscale_1x128x128_256x128x128x128_16x16_32x32_2x2_8x32x1_8x32x1_1x32x1x8_8_1x1_intrawave_v3,702.88,562.12,0.0
gfx950,256,1121,2624,6144,ck,0,0,51.5489,a8w8_blockscale_1x128x128_256x128x128x128_16x16_32x32_2x2_8x32x1_8x32x1_1x32x1x8_8_1x1_intrawave_v3,701.18,560.48,0.0
gfx950,256,1122,2624,6144,ck,0,0,51.4186,a8w8_blockscale_1x128x128_256x128x128x128_16x16_32x32_2x2_8x32x1_8x32x1_1x32x1x8_8_1x1_intrawave_v3,703.59,562.12,0.0
gfx950,256,1123,2624,6144,ck,0,0,51.7564,a8w8_blockscale_1x128x128_256x128x128x128_16x16_32x32_2x2_8x32x1_8x32x1_1x32x1x8_8_1x1_intrawave_v3,699.62,558.68,0.0
gfx950,256,1124,2624,6144,ck,0,0,51.2212,a8w8_blockscale_1x128x128_256x128x128x128_16x16_32x32_2x2_8x32x1_8x32x1_1x32x1x8_8_1x1_intrawave_v3,707.56,564.74,0.0
gfx950,256,1126,2624,6144,ck,0,0,51.6222,a8w8_blockscale_1x128x128_256x128x128x128_16x16_32x32_2x2_8x32x1_8x32x1_1x32x1x8_8_1x1_intrawave_v3,703.31,560.79,0.0
gfx950,256,1127,2624,6144,ck,0,0,51.2964,a8w8_blockscale_1x128x128_256x128x128x128_16x16_32x32_2x2_8x32x1_8x32x1_1x32x1x8_8_1x1_intrawave_v3,708.41,564.57,0.0
gfx950,256,1128,2624,6144,ck,0,0,51.2127,a8w8_blockscale_1x128x128_256x128x128x128_16x16_32x32_2x2_8x32x1_8x32x1_1x32x1x8_8_1x1_intrawave_v3,710.19,565.72,0.0
gfx950,256,1129,2624,6144,ck,0,0,51.419,a8w8_blockscale_1x128x128_256x128x128x128_16x16_32x32_2x2_8x32x1_8x32x1_1x32x1x8_8_1x1_intrawave_v3,707.97,563.67,0.0
gfx950,256,1130,2624,6144,ck,0,0,51.2783,a8w8_blockscale_1x128x128_256x128x128x128_16x16_32x32_2x2_8x32x1_8x32x1_1x32x1x8_8_1x1_intrawave_v3,710.54,565.44,0.0
gfx950,256,1131,2624,6144,ck,0,0,51.3715,a8w8_blockscale_1x128x128_256x128x128x128_16x16_32x32_2x2_8x32x1_8x32x1_1x32x1x8_8_1x1_intrawave_v3,709.88,564.64,0.0
gfx950,256,1132,2624,6144,ck,0,0,51.3692,a8w8_blockscale_1x128x128_256x128x128x128_16x16_32x32_2x2_8x32x1_8x32x1_1x32x1x8_8_1x1_intrawave_v3,710.54,564.88,0.0
gfx950,256,1133,2624,6144,ck,0,0,51.7558,a8w8_blockscale_1x128x128_256x128x128x128_16x16_32x32_2x2_8x32x1_8x32x1_1x32x1x8_8_1x1_intrawave_v3,705.86,560.88,0.0
gfx950,256,1134,2624,6144,ck,0,0,51.6994,a8w8_blockscale_1x128x128_256x128x128x128_16x16_32x32_2x2_8x32x1_8x32x1_1x32x1x8_8_1x1_intrawave_v3,707.25,561.72,0.0
gfx950,256,1136,2624,6144,ck,0,0,51.6051,a8w8_blockscale_1x128x128_256x128x128x128_16x16_32x32_2x2_8x32x1_8x32x1_1x32x1x8_8_1x1_intrawave_v3,709.79,563.18,0.0
gfx950,256,1137,2624,6144,ck,18,0,51.7096,a8w8_blockscale_1x128x128_256x64x64x256_16x16_32x32_1x1_16x16x1_16x16x1_1x32x1x8_8_1x1_intrawave_v1,708.98,562.27,0.0
gfx950,256,1139,2624,6144,ck,0,0,51.7325,a8w8_blockscale_1x128x128_256x128x128x128_16x16_32x32_2x2_8x32x1_8x32x1_1x32x1x8_8_1x1_intrawave_v3,709.91,562.46,0.0
gfx950,256,1141,2624,6144,ck,18,0,51.5809,a8w8_blockscale_1x128x128_256x64x64x256_16x16_32x32_1x1_16x16x1_16x16x1_1x32x1x8_8_1x1_intrawave_v1,713.25,564.55,0.0
gfx950,256,1142,2624,6144,ck,0,0,52.031,a8w8_blockscale_1x128x128_256x128x128x128_16x16_32x32_2x2_8x32x1_8x32x1_1x32x1x8_8_1x1_intrawave_v3,707.7,559.89,0.0
gfx950,256,1143,2624,6144,ck,0,0,51.9235,a8w8_blockscale_1x128x128_256x128x128x128_16x16_32x32_2x2_8x32x1_8x32x1_1x32x1x8_8_1x1_intrawave_v3,709.79,561.27,0.0
gfx950,256,1144,2624,6144,ck,0,0,51.8739,a8w8_blockscale_1x128x128_256x128x128x128_16x16_32x32_2x2_8x32x1_8x32x1_1x32x1x8_8_1x1_intrawave_v3,711.09,562.02,0.0
gfx950,256,1145,2624,6144,ck,0,0,51.5439,a8w8_blockscale_1x128x128_256x128x128x128_16x16_32x32_2x2_8x32x1_8x32x1_1x32x1x8_8_1x1_intrawave_v3,716.26,565.84,0.0
gfx950,256,1146,2624,6144,ck,18,0,51.5374,a8w8_blockscale_1x128x128_256x64x64x256_16x16_32x32_1x1_16x16x1_16x16x1_1x32x1x8_8_1x1_intrawave_v1,716.98,566.13,0.0
gfx950,256,1147,2624,6144,ck,0,0,51.6,a8w8_blockscale_1x128x128_256x128x128x128_16x16_32x32_2x2_8x32x1_8x32x1_1x32x1x8_8_1x1_intrawave_v3,716.74,565.67,0.0
gfx950,256,1148,2624,6144,ck,0,0,51.5744,a8w8_blockscale_1x128x128_256x128x128x128_16x16_32x32_2x2_8x32x1_8x32x1_1x32x1x8_8_1x1_intrawave_v3,717.72,566.17,0.0
gfx950,256,1150,2624,6144,ck,18,0,51.5361,a8w8_blockscale_1x128x128_256x64x64x256_16x16_32x32_1x1_16x16x1_16x16x1_1x32x1x8_8_1x1_intrawave_v1,719.5,567.03,0.0
gfx950,256,1151,2624,6144,ck,18,0,51.6718,a8w8_blockscale_1x128x128_256x64x64x256_16x16_32x32_1x1_16x16x1_16x16x1_1x32x1x8_8_1x1_intrawave_v1,718.24,565.76,0.0
gfx950,256,1152,2624,6144,ck,18,0,45.0407,a8w8_blockscale_1x128x128_256x64x64x256_16x16_32x32_1x1_16x16x1_16x16x1_1x32x1x8_8_1x1_intrawave_v1,824.69,649.31,0.0
gfx950,256,1153,2624,6144,ck,0,0,50.4889,a8w8_blockscale_1x128x128_256x128x128x128_16x16_32x32_2x2_8x32x1_8x32x1_1x32x1x8_8_1x1_intrawave_v3,736.34,579.47,0.0
gfx950,256,1155,2624,6144,ck,0,0,51.1133,a8w8_blockscale_1x128x128_256x128x128x128_16x16_32x32_2x2_8x32x1_8x32x1_1x32x1x8_8_1x1_intrawave_v3,728.61,572.84,0.0
gfx950,256,1156,2624,6144,ck,0,0,50.5472,a8w8_blockscale_1x128x128_256x128x128x128_16x16_32x32_2x2_8x32x1_8x32x1_1x32x1x8_8_1x1_intrawave_v3,737.4,579.48,0.0
gfx950,256,1159,2624,6144,ck,0,0,50.6197,a8w8_blockscale_1x128x128_256x128x128x128_16x16_32x32_2x2_8x32x1_8x32x1_1x32x1x8_8_1x1_intrawave_v3,738.26,579.32,0.0
gfx950,256,1160,2624,6144,ck,0,0,50.5359,a8w8_blockscale_1x128x128_256x128x128x128_16x16_32x32_2x2_8x32x1_8x32x1_1x32x1x8_8_1x1_intrawave_v3,740.12,580.51,0.0
gfx950,256,1161,2624,6144,ck,0,0,50.9209,a8w8_blockscale_1x128x128_256x128x128x128_16x16_32x32_2x2_8x32x1_8x32x1_1x32x1x8_8_1x1_intrawave_v3,735.16,576.34,0.0
gfx950,256,1162,2624,6144,ck,0,0,50.858,a8w8_blockscale_1x128x128_256x128x128x128_16x16_32x32_2x2_8x32x1_8x32x1_1x32x1x8_8_1x1_intrawave_v3,736.7,577.28,0.0
gfx950,256,1163,2624,6144,ck,0,0,50.7813,a8w8_blockscale_1x128x128_256x128x128x128_16x16_32x32_2x2_8x32x1_8x32x1_1x32x1x8_8_1x1_intrawave_v3,738.45,578.38,0.0
gfx950,256,1164,2624,6144,ck,0,0,50.6123,a8w8_blockscale_1x128x128_256x128x128x128_16x16_32x32_2x2_8x32x1_8x32x1_1x32x1x8_8_1x1_intrawave_v3,741.55,580.53,0.0
gfx950,256,1165,2624,6144,ck,0,0,50.9771,a8w8_blockscale_1x128x128_256x128x128x128_16x16_32x32_2x2_8x32x1_8x32x1_1x32x1x8_8_1x1_intrawave_v3,736.88,576.6,0.0
gfx950,256,1166,2624,6144,ck,0,0,50.7924,a8w8_blockscale_1x128x128_256x128x128x128_16x16_32x32_2x2_8x32x1_8x32x1_1x32x1x8_8_1x1_intrawave_v3,740.19,578.92,0.0
gfx950,256,1167,2624,6144,ck,0,0,50.7409,a8w8_blockscale_1x128x128_256x128x128x128_16x16_32x32_2x2_8x32x1_8x32x1_1x32x1x8_8_1x1_intrawave_v3,741.58,579.74,0.0
gfx950,256,1169,2624,6144,ck,0,0,50.5374,a8w8_blockscale_1x128x128_256x128x128x128_16x16_32x32_2x2_8x32x1_8x32x1_1x32x1x8_8_1x1_intrawave_v3,745.84,582.52,0.0
gfx950,256,1170,2624,6144,ck,0,0,50.4097,a8w8_blockscale_1x128x128_256x128x128x128_16x16_32x32_2x2_8x32x1_8x32x1_1x32x1x8_8_1x1_intrawave_v3,748.37,584.22,0.0
gfx950,256,1172,2624,6144,ck,0,0,50.3564,a8w8_blockscale_1x128x128_256x128x128x128_16x16_32x32_2x2_8x32x1_8x32x1_1x32x1x8_8_1x1_intrawave_v3,750.44,585.29,0.0
gfx950,256,1173,2624,6144,ck,0,0,50.689,a8w8_blockscale_1x128x128_256x128x128x128_16x16_32x32_2x2_8x32x1_8x32x1_1x32x1x8_8_1x1_intrawave_v3,746.16,581.68,0.0
gfx950,256,1174,2624,6144,ck,0,0,50.8073,a8w8_blockscale_1x128x128_256x128x128x128_16x16_32x32_2x2_8x32x1_8x32x1_1x32x1x8_8_1x1_intrawave_v3,745.05,580.55,0.0
gfx950,256,1175,2624,6144,ck,0,0,51.212,a8w8_blockscale_1x128x128_256x128x128x128_16x16_32x32_2x2_8x32x1_8x32x1_1x32x1x8_8_1x1_intrawave_v3,739.79,576.18,0.0
gfx950,256,1177,2624,6144,ck,0,0,50.5582,a8w8_blockscale_1x128x128_256x128x128x128_16x16_32x32_2x2_8x32x1_8x32x1_1x32x1x8_8_1x1_intrawave_v3,750.64,584.08,0.0
gfx950,256,1178,2624,6144,ck,0,0,50.8778,a8w8_blockscale_1x128x128_256x128x128x128_16x16_32x32_2x2_8x32x1_8x32x1_1x32x1x8_8_1x1_intrawave_v3,746.56,580.64,0.0
gfx950,256,1179,2624,6144,ck,0,0,50.5907,a8w8_blockscale_1x128x128_256x128x128x128_16x16_32x32_2x2_8x32x1_8x32x1_1x32x1x8_8_1x1_intrawave_v3,751.43,584.16,0.0
gfx950,256,1181,2624,6144,ck,0,0,50.9071,a8w8_blockscale_1x128x128_256x128x128x128_16x16_32x32_2x2_8x32x1_8x32x1_1x32x1x8_8_1x1_intrawave_v3,748.03,580.98,0.0
gfx950,256,1182,2624,6144,ck,0,0,50.8578,a8w8_blockscale_1x128x128_256x128x128x128_16x16_32x32_2x2_8x32x1_8x32x1_1x32x1x8_8_1x1_intrawave_v3,749.38,581.76,0.0
gfx950,256,1185,2624,6144,ck,0,0,50.5951,a8w8_blockscale_1x128x128_256x128x128x128_16x16_32x32_2x2_8x32x1_8x32x1_1x32x1x8_8_1x1_intrawave_v3,755.19,585.46,0.0
gfx950,256,1186,2624,6144,ck,0,0,50.7181,a8w8_blockscale_1x128x128_256x128x128x128_16x16_32x32_2x2_8x32x1_8x32x1_1x32x1x8_8_1x1_intrawave_v3,753.99,584.26,0.0
gfx950,256,1188,2624,6144,ck,0,0,50.5691,a8w8_blockscale_1x128x128_256x128x128x128_16x16_32x32_2x2_8x32x1_8x32x1_1x32x1x8_8_1x1_intrawave_v3,757.49,586.44,0.0
gfx950,256,1189,2624,6144,ck,0,0,50.9167,a8w8_blockscale_1x128x128_256x128x128x128_16x16_32x32_2x2_8x32x1_8x32x1_1x32x1x8_8_1x1_intrawave_v3,752.95,582.66,0.0
gfx950,256,1190,2624,6144,ck,0,0,51.0176,a8w8_blockscale_1x128x128_256x128x128x128_16x16_32x32_2x2_8x32x1_8x32x1_1x32x1x8_8_1x1_intrawave_v3,752.09,581.73,0.0
gfx950,256,1191,2624,6144,ck,0,0,50.2247,a8w8_blockscale_1x128x128_256x128x128x128_16x16_32x32_2x2_8x32x1_8x32x1_1x32x1x8_8_1x1_intrawave_v3,764.61,591.14,0.0
gfx950,256,1193,2624,6144,ck,0,0,50.8234,a8w8_blockscale_1x128x128_256x128x128x128_16x16_32x32_2x2_8x32x1_8x32x1_1x32x1x8_8_1x1_intrawave_v3,756.87,584.62,0.0
gfx950,256,1194,2624,6144,ck,0,0,50.8351,a8w8_blockscale_1x128x128_256x128x128x128_16x16_32x32_2x2_8x32x1_8x32x1_1x32x1x8_8_1x1_intrawave_v3,757.33,584.71,0.0
gfx950,256,1195,2624,6144,ck,0,0,50.9691,a8w8_blockscale_1x128x128_256x128x128x128_16x16_32x32_2x2_8x32x1_8x32x1_1x32x1x8_8_1x1_intrawave_v3,755.97,583.4,0.0
gfx950,256,1196,2624,6144,ck,0,0,50.7428,a8w8_blockscale_1x128x128_256x128x128x128_16x16_32x32_2x2_8x32x1_8x32x1_1x32x1x8_8_1x1_intrawave_v3,759.98,586.22,0.0
gfx950,256,1198,2624,6144,ck,0,0,51.142,a8w8_blockscale_1x128x128_256x128x128x128_16x16_32x32_2x2_8x32x1_8x32x1_1x32x1x8_8_1x1_intrawave_v3,755.31,582.09,0.0
gfx950,256,1199,2624,6144,ck,0,0,51.2596,a8w8_blockscale_1x128x128_256x128x128x128_16x16_32x32_2x2_8x32x1_8x32x1_1x32x1x8_8_1x1_intrawave_v3,754.2,580.98,0.0
gfx950,256,1202,2624,6144,ck,0,0,50.9695,a8w8_blockscale_1x128x128_256x128x128x128_16x16_32x32_2x2_8x32x1_8x32x1_1x32x1x8_8_1x1_intrawave_v3,760.39,584.96,0.0
gfx950,256,1203,2624,6144,ck,0,0,50.7586,a8w8_blockscale_1x128x128_256x128x128x128_16x16_32x32_2x2_8x32x1_8x32x1_1x32x1x8_8_1x1_intrawave_v3,764.19,587.61,0.0
gfx950,256,1206,2624,6144,ck,0,0,51.4586,a8w8_blockscale_1x128x128_256x128x128x128_16x16_32x32_2x2_8x32x1_8x32x1_1x32x1x8_8_1x1_intrawave_v3,755.67,580.28,0.0
gfx950,256,1209,2624,6144,ck,0,0,50.8894,a8w8_blockscale_1x128x128_256x128x128x128_16x16_32x32_2x2_8x32x1_8x32x1_1x32x1x8_8_1x1_intrawave_v3,766.03,587.45,0.0
gfx950,256,1210,2624,6144,ck,0,0,50.79,a8w8_blockscale_1x128x128_256x128x128x128_16x16_32x32_2x2_8x32x1_8x32x1_1x32x1x8_8_1x1_intrawave_v3,768.16,588.82,0.0
gfx950,256,1212,2624,6144,ck,0,0,50.684,a8w8_blockscale_1x128x128_256x128x128x128_16x16_32x32_2x2_8x32x1_8x32x1_1x32x1x8_8_1x1_intrawave_v3,771.04,590.5,0.0
gfx950,256,1214,2624,6144,ck,0,0,51.1304,a8w8_blockscale_1x128x128_256x128x128x128_16x16_32x32_2x2_8x32x1_8x32x1_1x32x1x8_8_1x1_intrawave_v3,765.57,585.79,0.0
gfx950,256,1215,2624,6144,ck,0,0,51.1486,a8w8_blockscale_1x128x128_256x128x128x128_16x16_32x32_2x2_8x32x1_8x32x1_1x32x1x8_8_1x1_intrawave_v3,765.93,585.81,0.0
gfx950,256,1216,2624,6144,ck,0,0,51.1591,a8w8_blockscale_1x128x128_256x128x128x128_16x16_32x32_2x2_8x32x1_8x32x1_1x32x1x8_8_1x1_intrawave_v3,766.4,585.91,0.0
gfx950,256,1217,2624,6144,ck,0,0,50.7978,a8w8_blockscale_1x128x128_256x128x128x128_16x16_32x32_2x2_8x32x1_8x32x1_1x32x1x8_8_1x1_intrawave_v3,772.49,590.3,0.0
gfx950,256,1219,2624,6144,ck,0,0,51.1226,a8w8_blockscale_1x128x128_256x128x128x128_16x16_32x32_2x2_8x32x1_8x32x1_1x32x1x8_8_1x1_intrawave_v3,768.84,586.99,0.0
gfx950,256,1221,2624,6144,ck,0,0,51.2109,a8w8_blockscale_1x128x128_256x128x128x128_16x16_32x32_2x2_8x32x1_8x32x1_1x32x1x8_8_1x1_intrawave_v3,768.77,586.43,0.0
gfx950,256,1225,2624,6144,ck,0,0,50.44,a8w8_blockscale_1x128x128_256x128x128x128_16x16_32x32_2x2_8x32x1_8x32x1_1x32x1x8_8_1x1_intrawave_v3,783.08,596.29,0.0
gfx950,256,1231,2624,6144,ck,0,0,51.3746,a8w8_blockscale_1x128x128_256x128x128x128_16x16_32x32_2x2_8x32x1_8x32x1_1x32x1x8_8_1x1_intrawave_v3,772.6,586.78,0.0
gfx950,256,1232,2624,6144,ck,0,0,51.4544,a8w8_blockscale_1x128x128_256x128x128x128_16x16_32x32_2x2_8x32x1_8x32x1_1x32x1x8_8_1x1_intrawave_v3,772.03,586.09,0.0
gfx950,256,1235,2624,6144,ck,0,0,51.3709,a8w8_blockscale_1x128x128_256x128x128x128_16x16_32x32_2x2_8x32x1_8x32x1_1x32x1x8_8_1x1_intrawave_v3,775.17,587.71,0.0
gfx950,256,1238,2624,6144,ck,0,0,51.6469,a8w8_blockscale_1x128x128_256x128x128x128_16x16_32x32_2x2_8x32x1_8x32x1_1x32x1x8_8_1x1_intrawave_v3,772.9,585.23,0.0
gfx950,256,1239,2624,6144,ck,0,0,51.5443,a8w8_blockscale_1x128x128_256x128x128x128_16x16_32x32_2x2_8x32x1_8x32x1_1x32x1x8_8_1x1_intrawave_v3,775.06,586.61,0.0
gfx950,256,1240,2624,6144,ck,0,0,51.3739,a8w8_blockscale_1x128x128_256x128x128x128_16x16_32x32_2x2_8x32x1_8x32x1_1x32x1x8_8_1x1_intrawave_v3,778.26,588.78,0.0
gfx950,256,1241,2624,6144,ck,0,0,51.3846,a8w8_blockscale_1x128x128_256x128x128x128_16x16_32x32_2x2_8x32x1_8x32x1_1x32x1x8_8_1x1_intrawave_v3,778.72,588.88,0.0
gfx950,256,1242,2624,6144,ck,0,0,51.3613,a8w8_blockscale_1x128x128_256x128x128x128_16x16_32x32_2x2_8x32x1_8x32x1_1x32x1x8_8_1x1_intrawave_v3,779.71,589.37,0.0
gfx950,256,1244,2624,6144,ck,0,0,51.4665,a8w8_blockscale_1x128x128_256x128x128x128_16x16_32x32_2x2_8x32x1_8x32x1_1x32x1x8_8_1x1_intrawave_v3,779.36,588.61,0.0
gfx950,256,1247,2624,6144,ck,0,0,52.0279,a8w8_blockscale_1x128x128_256x128x128x128_16x16_32x32_2x2_8x32x1_8x32x1_1x32x1x8_8_1x1_intrawave_v3,772.81,582.91,0.0
gfx950,256,1250,2624,6144,ck,0,0,51.4696,a8w8_blockscale_1x128x128_256x128x128x128_16x16_32x32_2x2_8x32x1_8x32x1_1x32x1x8_8_1x1_intrawave_v3,783.08,589.9,0.0
gfx950,256,1252,2624,6144,ck,0,0,51.7294,a8w8_blockscale_1x128x128_256x128x128x128_16x16_32x32_2x2_8x32x1_8x32x1_1x32x1x8_8_1x1_intrawave_v3,780.39,587.38,0.0
gfx950,256,1255,2624,6144,ck,0,0,51.8827,a8w8_blockscale_1x128x128_256x128x128x128_16x16_32x32_2x2_8x32x1_8x32x1_1x32x1x8_8_1x1_intrawave_v3,779.95,586.3,0.0
gfx950,256,1257,2624,6144,ck,0,0,51.7465,a8w8_blockscale_1x128x128_256x128x128x128_16x16_32x32_2x2_8x32x1_8x32x1_1x32x1x8_8_1x1_intrawave_v3,783.25,588.28,0.0
gfx950,256,1258,2624,6144,ck,0,0,52.0508,a8w8_blockscale_1x128x128_256x128x128x128_16x16_32x32_2x2_8x32x1_8x32x1_1x32x1x8_8_1x1_intrawave_v3,779.29,585.06,0.0
gfx950,256,1259,2624,6144,ck,0,0,51.8912,a8w8_blockscale_1x128x128_256x128x128x128_16x16_32x32_2x2_8x32x1_8x32x1_1x32x1x8_8_1x1_intrawave_v3,782.31,587.08,0.0
gfx950,256,1262,2624,6144,ck,0,0,52.1957,a8w8_blockscale_1x128x128_256x128x128x128_16x16_32x32_2x2_8x32x1_8x32x1_1x32x1x8_8_1x1_intrawave_v3,779.6,584.31,0.0
gfx950,256,1265,2624,6144,ck,0,0,51.9503,a8w8_blockscale_1x128x128_256x128x128x128_16x16_32x32_2x2_8x32x1_8x32x1_1x32x1x8_8_1x1_intrawave_v3,785.14,587.73,0.0
gfx950,256,1266,2624,6144,ck,0,0,52.0405,a8w8_blockscale_1x128x128_256x128x128x128_16x16_32x32_2x2_8x32x1_8x32x1_1x32x1x8_8_1x1_intrawave_v3,784.4,586.93,0.0
gfx950,256,1268,2624,6144,ck,0,0,51.7458,a8w8_blockscale_1x128x128_256x128x128x128_16x16_32x32_2x2_8x32x1_8x32x1_1x32x1x8_8_1x1_intrawave_v3,790.11,590.71,0.0
gfx950,256,1276,2624,6144,ck,0,0,52.1222,a8w8_blockscale_1x128x128_256x128x128x128_16x16_32x32_2x2_8x32x1_8x32x1_1x32x1x8_8_1x1_intrawave_v3,789.36,588.2,0.0
gfx950,256,1278,2624,6144,ck,0,0,52.1463,a8w8_blockscale_1x128x128_256x128x128x128_16x16_32x32_2x2_8x32x1_8x32x1_1x32x1x8_8_1x1_intrawave_v3,790.23,588.36,0.0
gfx950,256,1281,2624,6144,ck,0,0,51.3256,a8w8_blockscale_1x128x128_256x128x128x128_16x16_32x32_2x2_8x32x1_8x32x1_1x32x1x8_8_1x1_intrawave_v3,804.75,598.43,0.0
gfx950,256,1282,2624,6144,ck,0,0,51.108,a8w8_blockscale_1x128x128_256x128x128x128_16x16_32x32_2x2_8x32x1_8x32x1_1x32x1x8_8_1x1_intrawave_v3,808.81,601.21,0.0
gfx950,256,1283,2624,6144,ck,0,0,50.9613,a8w8_blockscale_1x128x128_256x128x128x128_16x16_32x32_2x2_8x32x1_8x32x1_1x32x1x8_8_1x1_intrawave_v3,811.77,603.16,0.0
gfx950,256,1292,2624,6144,ck,0,0,51.4449,a8w8_blockscale_1x128x128_256x128x128x128_16x16_32x32_2x2_8x32x1_8x32x1_1x32x1x8_8_1x1_intrawave_v3,809.78,599.48,0.0
gfx950,256,1293,2624,6144,ck,0,0,51.1963,a8w8_blockscale_1x128x128_256x128x128x128_16x16_32x32_2x2_8x32x1_8x32x1_1x32x1x8_8_1x1_intrawave_v3,814.34,602.62,0.0
gfx950,256,1294,2624,6144,ck,0,0,50.9862,a8w8_blockscale_1x128x128_256x128x128x128_16x16_32x32_2x2_8x32x1_8x32x1_1x32x1x8_8_1x1_intrawave_v3,818.33,605.32,0.0
gfx950,256,1296,2624,6144,ck,0,0,51.1077,a8w8_blockscale_1x128x128_256x128x128x128_16x16_32x32_2x2_8x32x1_8x32x1_1x32x1x8_8_1x1_intrawave_v3,817.64,604.33,0.0
gfx950,256,1298,2624,6144,ck,0,0,51.1358,a8w8_blockscale_1x128x128_256x128x128x128_16x16_32x32_2x2_8x32x1_8x32x1_1x32x1x8_8_1x1_intrawave_v3,818.45,604.44,0.0
gfx950,256,1303,2624,6144,ck,0,0,51.1829,a8w8_blockscale_1x128x128_256x128x128x128_16x16_32x32_2x2_8x32x1_8x32x1_1x32x1x8_8_1x1_intrawave_v3,820.85,605.0,0.0
gfx950,256,1307,2624,6144,ck,0,0,51.1404,a8w8_blockscale_1x128x128_256x128x128x128_16x16_32x32_2x2_8x32x1_8x32x1_1x32x1x8_8_1x1_intrawave_v3,824.06,606.39,0.0
gfx950,256,1308,2624,6144,ck,0,0,50.7243,a8w8_blockscale_1x128x128_256x128x128x128_16x16_32x32_2x2_8x32x1_8x32x1_1x32x1x8_8_1x1_intrawave_v3,831.45,611.59,0.0
gfx950,256,1310,2624,6144,ck,0,0,50.9654,a8w8_blockscale_1x128x128_256x128x128x128_16x16_32x32_2x2_8x32x1_8x32x1_1x32x1x8_8_1x1_intrawave_v3,828.78,609.15,0.0
gfx950,256,1312,2624,6144,ck,0,0,51.485,a8w8_blockscale_1x128x128_256x128x128x128_16x16_32x32_2x2_8x32x1_8x32x1_1x32x1x8_8_1x1_intrawave_v3,821.67,603.44,0.0
gfx950,256,1314,2624,6144,ck,0,0,51.04,a8w8_blockscale_1x128x128_256x128x128x128_16x16_32x32_2x2_8x32x1_8x32x1_1x32x1x8_8_1x1_intrawave_v3,830.1,609.15,0.0
gfx950,256,1315,2624,6144,ck,0,0,51.1945,a8w8_blockscale_1x128x128_256x128x128x128_16x16_32x32_2x2_8x32x1_8x32x1_1x32x1x8_8_1x1_intrawave_v3,828.22,607.53,0.0
gfx950,256,1317,2624,6144,ck,0,0,50.96,a8w8_blockscale_1x128x128_256x128x128x128_16x16_32x32_2x2_8x32x1_8x32x1_1x32x1x8_8_1x1_intrawave_v3,833.3,610.78,0.0
gfx950,256,1320,2624,6144,ck,0,0,51.6653,a8w8_blockscale_1x128x128_256x128x128x128_16x16_32x32_2x2_8x32x1_8x32x1_1x32x1x8_8_1x1_intrawave_v3,823.8,603.1,0.0
gfx950,256,1321,2624,6144,ck,0,0,51.4013,a8w8_blockscale_1x128x128_256x128x128x128_16x16_32x32_2x2_8x32x1_8x32x1_1x32x1x8_8_1x1_intrawave_v3,828.65,606.42,0.0
gfx950,256,1322,2624,6144,ck,0,0,51.2507,a8w8_blockscale_1x128x128_256x128x128x128_16x16_32x32_2x2_8x32x1_8x32x1_1x32x1x8_8_1x1_intrawave_v3,831.72,608.42,0.0
gfx950,256,1324,2624,6144,ck,0,0,51.1917,a8w8_blockscale_1x128x128_256x128x128x128_16x16_32x32_2x2_8x32x1_8x32x1_1x32x1x8_8_1x1_intrawave_v3,833.94,609.57,0.0
gfx950,256,1326,2624,6144,ck,0,0,51.0715,a8w8_blockscale_1x128x128_256x128x128x128_16x16_32x32_2x2_8x32x1_8x32x1_1x32x1x8_8_1x1_intrawave_v3,837.16,611.45,0.0
gfx950,256,1327,2624,6144,ck,0,0,51.1699,a8w8_blockscale_1x128x128_256x128x128x128_16x16_32x32_2x2_8x32x1_8x32x1_1x32x1x8_8_1x1_intrawave_v3,836.18,610.5,0.0
gfx950,256,1328,2624,6144,ck,0,0,51.204,a8w8_blockscale_1x128x128_256x128x128x128_16x16_32x32_2x2_8x32x1_8x32x1_1x32x1x8_8_1x1_intrawave_v3,836.26,610.31,0.0
gfx950,256,1332,2624,6144,ck,0,0,50.9675,a8w8_blockscale_1x128x128_256x128x128x128_16x16_32x32_2x2_8x32x1_8x32x1_1x32x1x8_8_1x1_intrawave_v3,842.67,614.04,0.0
gfx950,256,1333,2624,6144,ck,0,0,51.5947,a8w8_blockscale_1x128x128_256x128x128x128_16x16_32x32_2x2_8x32x1_8x32x1_1x32x1x8_8_1x1_intrawave_v3,833.05,606.79,0.0
gfx950,256,1335,2624,6144,ck,0,0,51.492,a8w8_blockscale_1x128x128_256x128x128x128_16x16_32x32_2x2_8x32x1_8x32x1_1x32x1x8_8_1x1_intrawave_v3,835.96,608.45,0.0
gfx950,256,1336,2624,6144,ck,0,0,51.5843,a8w8_blockscale_1x128x128_256x128x128x128_16x16_32x32_2x2_8x32x1_8x32x1_1x32x1x8_8_1x1_intrawave_v3,835.09,607.58,0.0
gfx950,256,1338,2624,6144,ck,0,0,50.8909,a8w8_blockscale_1x128x128_256x128x128x128_16x16_32x32_2x2_8x32x1_8x32x1_1x32x1x8_8_1x1_intrawave_v3,847.74,616.31,0.0
gfx950,256,1339,2624,6144,ck,0,0,51.3057,a8w8_blockscale_1x128x128_256x128x128x128_16x16_32x32_2x2_8x32x1_8x32x1_1x32x1x8_8_1x1_intrawave_v3,841.51,611.54,0.0
gfx950,256,1341,2624,6144,ck,0,0,51.5996,a8w8_blockscale_1x128x128_256x128x128x128_16x16_32x32_2x2_8x32x1_8x32x1_1x32x1x8_8_1x1_intrawave_v3,837.97,608.5,0.0
gfx950,256,1343,2624,6144,ck,0,0,51.7519,a8w8_blockscale_1x128x128_256x128x128x128_16x16_32x32_2x2_8x32x1_8x32x1_1x32x1x8_8_1x1_intrawave_v3,836.75,607.15,0.0
gfx950,256,1344,2624,6144,ck,0,0,51.4382,a8w8_blockscale_1x128x128_256x128x128x128_16x16_32x32_2x2_8x32x1_8x32x1_1x32x1x8_8_1x1_intrawave_v3,842.48,611.08,0.0
gfx950,256,1345,2624,6144,ck,0,0,51.2525,a8w8_blockscale_1x128x128_256x128x128x128_16x16_32x32_2x2_8x32x1_8x32x1_1x32x1x8_8_1x1_intrawave_v3,846.16,613.51,0.0
gfx950,256,1346,2624,6144,ck,0,0,51.7802,a8w8_blockscale_1x128x128_256x128x128x128_16x16_32x32_2x2_8x32x1_8x32x1_1x32x1x8_8_1x1_intrawave_v3,838.16,607.48,0.0
gfx950,256,1350,2624,6144,ck,0,0,51.6964,a8w8_blockscale_1x128x128_256x128x128x128_16x16_32x32_2x2_8x32x1_8x32x1_1x32x1x8_8_1x1_intrawave_v3,842.01,609.35,0.0
gfx950,256,1351,2624,6144,ck,0,0,51.4173,a8w8_blockscale_1x128x128_256x128x128x128_16x16_32x32_2x2_8x32x1_8x32x1_1x32x1x8_8_1x1_intrawave_v3,847.21,612.88,0.0
gfx950,256,1352,2624,6144,ck,0,0,51.7495,a8w8_blockscale_1x128x128_256x128x128x128_16x16_32x32_2x2_8x32x1_8x32x1_1x32x1x8_8_1x1_intrawave_v3,842.39,609.16,0.0
gfx950,256,1355,2624,6144,ck,0,0,51.2849,a8w8_blockscale_1x128x128_256x128x128x128_16x16_32x32_2x2_8x32x1_8x32x1_1x32x1x8_8_1x1_intrawave_v3,851.91,615.35,0.0
gfx950,256,1356,2624,6144,ck,0,0,51.4905,a8w8_blockscale_1x128x128_256x128x128x128_16x16_32x32_2x2_8x32x1_8x32x1_1x32x1x8_8_1x1_intrawave_v3,849.14,613.11,0.0
gfx950,256,1357,2624,6144,ck,0,0,51.9532,a8w8_blockscale_1x128x128_256x128x128x128_16x16_32x32_2x2_8x32x1_8x32x1_1x32x1x8_8_1x1_intrawave_v3,842.19,607.87,0.0
gfx950,256,1364,2624,6144,ck,0,0,51.9095,a8w8_blockscale_1x128x128_256x128x128x128_16x16_32x32_2x2_8x32x1_8x32x1_1x32x1x8_8_1x1_intrawave_v3,847.25,609.92,0.0
gfx950,256,1365,2624,6144,ck,0,0,51.9051,a8w8_blockscale_1x128x128_256x128x128x128_16x16_32x32_2x2_8x32x1_8x32x1_1x32x1x8_8_1x1_intrawave_v3,847.94,610.19,0.0
gfx950,256,1366,2624,6144,ck,0,0,52.1011,a8w8_blockscale_1x128x128_256x128x128x128_16x16_32x32_2x2_8x32x1_8x32x1_1x32x1x8_8_1x1_intrawave_v3,845.37,608.11,0.0
gfx950,256,1367,2624,6144,ck,0,0,52.2857,a8w8_blockscale_1x128x128_256x128x128x128_16x16_32x32_2x2_8x32x1_8x32x1_1x32x1x8_8_1x1_intrawave_v3,843.01,606.18,0.0
gfx950,256,1368,2624,6144,ck,0,0,52.3794,a8w8_blockscale_1x128x128_256x128x128x128_16x16_32x32_2x2_8x32x1_8x32x1_1x32x1x8_8_1x1_intrawave_v3,842.11,605.32,0.0
gfx950,256,1369,2624,6144,ck,0,0,52.1165,a8w8_blockscale_1x128x128_256x128x128x128_16x16_32x32_2x2_8x32x1_8x32x1_1x32x1x8_8_1x1_intrawave_v3,846.98,608.59,0.0
gfx950,256,1370,2624,6144,ck,0,0,51.5191,a8w8_blockscale_1x128x128_256x128x128x128_16x16_32x32_2x2_8x32x1_8x32x1_1x32x1x8_8_1x1_intrawave_v3,857.43,615.87,0.0
gfx950,256,1372,2624,6144,ck,0,0,51.6363,a8w8_blockscale_1x128x128_256x128x128x128_16x16_32x32_2x2_8x32x1_8x32x1_1x32x1x8_8_1x1_intrawave_v3,856.73,614.91,0.0
gfx950,256,1374,2624,6144,ck,0,0,52.4753,a8w8_blockscale_1x128x128_256x128x128x128_16x16_32x32_2x2_8x32x1_8x32x1_1x32x1x8_8_1x1_intrawave_v3,844.26,605.51,0.0
gfx950,256,1376,2624,6144,ck,0,0,51.9542,a8w8_blockscale_1x128x128_256x128x128x128_16x16_32x32_2x2_8x32x1_8x32x1_1x32x1x8_8_1x1_intrawave_v3,853.97,612.02,0.0
gfx950,256,1381,2624,6144,ck,0,0,52.5079,a8w8_blockscale_1x128x128_256x128x128x128_16x16_32x32_2x2_8x32x1_8x32x1_1x32x1x8_8_1x1_intrawave_v3,848.04,606.66,0.0
gfx950,256,1382,2624,6144,ck,0,0,52.1842,a8w8_blockscale_1x128x128_256x128x128x128_16x16_32x32_2x2_8x32x1_8x32x1_1x32x1x8_8_1x1_intrawave_v3,853.91,610.64,0.0
gfx950,256,1383,2624,6144,ck,0,0,52.0839,a8w8_blockscale_1x128x128_256x128x128x128_16x16_32x32_2x2_8x32x1_8x32x1_1x32x1x8_8_1x1_intrawave_v3,856.18,612.03,0.0
gfx950,256,1385,2624,6144,ck,0,0,51.9592,a8w8_blockscale_1x128x128_256x128x128x128_16x16_32x32_2x2_8x32x1_8x32x1_1x32x1x8_8_1x1_intrawave_v3,859.47,613.94,0.0
gfx950,256,1388,2624,6144,ck,0,0,52.593,a8w8_blockscale_1x128x128_256x128x128x128_16x16_32x32_2x2_8x32x1_8x32x1_1x32x1x8_8_1x1_intrawave_v3,850.95,607.19,0.0
gfx950,256,1389,2624,6144,ck,0,0,52.6254,a8w8_blockscale_1x128x128_256x128x128x128_16x16_32x32_2x2_8x32x1_8x32x1_1x32x1x8_8_1x1_intrawave_v3,851.04,607.03,0.0
gfx950,256,1390,2624,6144,ck,0,0,52.1258,a8w8_blockscale_1x128x128_256x128x128x128_16x16_32x32_2x2_8x32x1_8x32x1_1x32x1x8_8_1x1_intrawave_v3,859.82,613.07,0.0
gfx950,256,1393,2624,6144,ck,0,0,52.2657,a8w8_blockscale_1x128x128_256x128x128x128_16x16_32x32_2x2_8x32x1_8x32x1_1x32x1x8_8_1x1_intrawave_v3,859.37,612.08,0.0
gfx950,256,1394,2624,6144,ck,0,0,52.0373,a8w8_blockscale_1x128x128_256x128x128x128_16x16_32x32_2x2_8x32x1_8x32x1_1x32x1x8_8_1x1_intrawave_v3,863.76,614.99,0.0
gfx950,256,1399,2624,6144,ck,0,0,52.7987,a8w8_blockscale_1x128x128_256x128x128x128_16x16_32x32_2x2_8x32x1_8x32x1_1x32x1x8_8_1x1_intrawave_v3,854.36,607.2,0.0
gfx950,256,1400,2624,6144,ck,0,0,52.4646,a8w8_blockscale_1x128x128_256x128x128x128_16x16_32x32_2x2_8x32x1_8x32x1_1x32x1x8_8_1x1_intrawave_v3,860.41,611.28,0.0
gfx950,256,1401,2624,6144,ck,0,0,52.4948,a8w8_blockscale_1x128x128_256x128x128x128_16x16_32x32_2x2_8x32x1_8x32x1_1x32x1x8_8_1x1_intrawave_v3,860.53,611.15,0.0
gfx950,256,1402,2624,6144,ck,0,0,52.3301,a8w8_blockscale_1x128x128_256x128x128x128_16x16_32x32_2x2_8x32x1_8x32x1_1x32x1x8_8_1x1_intrawave_v3,863.86,613.29,0.0
gfx950,256,1404,2624,6144,ck,0,0,52.5609,a8w8_blockscale_1x128x128_256x128x128x128_16x16_32x32_2x2_8x32x1_8x32x1_1x32x1x8_8_1x1_intrawave_v3,861.29,611.03,0.0
gfx950,256,1406,2624,6144,ck,0,0,52.6105,a8w8_blockscale_1x128x128_256x128x128x128_16x16_32x32_2x2_8x32x1_8x32x1_1x32x1x8_8_1x1_intrawave_v3,861.7,610.89,0.0
gfx950,256,1407,2624,6144,ck,0,0,52.4637,a8w8_blockscale_1x128x128_256x128x128x128_16x16_32x32_2x2_8x32x1_8x32x1_1x32x1x8_8_1x1_intrawave_v3,864.73,612.81,0.0
gfx950,256,1415,2624,6144,ck,0,0,52.1842,a8w8_blockscale_1x128x128_256x128x128x128_16x16_32x32_2x2_8x32x1_8x32x1_1x32x1x8_8_1x1_intrawave_v3,874.3,617.84,0.0
gfx950,256,1420,2624,6144,ck,0,0,51.2822,a8w8_blockscale_1x128x128_256x128x128x128_16x16_32x32_2x2_8x32x1_8x32x1_1x32x1x8_8_1x1_intrawave_v3,892.83,629.82,0.0
gfx950,256,1425,2624,6144,ck,0,0,51.6148,a8w8_blockscale_1x128x128_256x128x128x128_16x16_32x32_2x2_8x32x1_8x32x1_1x32x1x8_8_1x1_intrawave_v3,890.2,626.86,0.0
gfx950,256,1429,2624,6144,ck,0,0,51.6688,a8w8_blockscale_1x128x128_256x128x128x128_16x16_32x32_2x2_8x32x1_8x32x1_1x32x1x8_8_1x1_intrawave_v3,891.76,627.09,0.0
gfx950,256,1430,2624,6144,ck,0,0,51.7478,a8w8_blockscale_1x128x128_256x128x128x128_16x16_32x32_2x2_8x32x1_8x32x1_1x32x1x8_8_1x1_intrawave_v3,891.02,626.35,0.0
gfx950,256,1431,2624,6144,ck,0,0,51.4471,a8w8_blockscale_1x128x128_256x128x128x128_16x16_32x32_2x2_8x32x1_8x32x1_1x32x1x8_8_1x1_intrawave_v3,896.86,630.24,0.0
gfx950,256,1436,2624,6144,ck,0,0,51.9142,a8w8_blockscale_1x128x128_256x128x128x128_16x16_32x32_2x2_8x32x1_8x32x1_1x32x1x8_8_1x1_intrawave_v3,891.89,625.66,0.0
gfx950,256,1437,2624,6144,ck,0,0,51.8273,a8w8_blockscale_1x128x128_256x128x128x128_16x16_32x32_2x2_8x32x1_8x32x1_1x32x1x8_8_1x1_intrawave_v3,894.01,626.93,0.0
gfx950,256,1438,2624,6144,ck,0,0,51.8982,a8w8_blockscale_1x128x128_256x128x128x128_16x16_32x32_2x2_8x32x1_8x32x1_1x32x1x8_8_1x1_intrawave_v3,893.41,626.29,0.0
gfx950,256,1439,2624,6144,ck,0,0,51.5322,a8w8_blockscale_1x128x128_256x128x128x128_16x16_32x32_2x2_8x32x1_8x32x1_1x32x1x8_8_1x1_intrawave_v3,900.38,630.96,0.0
gfx950,256,1440,2624,6144,ck,0,0,51.7877,a8w8_blockscale_1x128x128_256x128x128x128_16x16_32x32_2x2_8x32x1_8x32x1_1x32x1x8_8_1x1_intrawave_v3,896.56,628.07,0.0
gfx950,256,1441,2624,6144,ck,0,0,51.552,a8w8_blockscale_1x128x128_256x128x128x128_16x16_32x32_2x2_8x32x1_8x32x1_1x32x1x8_8_1x1_intrawave_v3,901.29,631.16,0.0
gfx950,256,1446,2624,6144,ck,0,0,51.8613,a8w8_blockscale_1x128x128_256x128x128x128_16x16_32x32_2x2_8x32x1_8x32x1_1x32x1x8_8_1x1_intrawave_v3,899.02,628.5,0.0
gfx950,256,1447,2624,6144,ck,0,0,51.8378,a8w8_blockscale_1x128x128_256x128x128x128_16x16_32x32_2x2_8x32x1_8x32x1_1x32x1x8_8_1x1_intrawave_v3,900.05,629.0,0.0
gfx950,256,1455,2624,6144,ck,0,0,51.6239,a8w8_blockscale_1x128x128_256x128x128x128_16x16_32x32_2x2_8x32x1_8x32x1_1x32x1x8_8_1x1_intrawave_v3,908.78,633.37,0.0
gfx950,256,1463,2624,6144,ck,0,0,51.9785,a8w8_blockscale_1x128x128_256x128x128x128_16x16_32x32_2x2_8x32x1_8x32x1_1x32x1x8_8_1x1_intrawave_v3,907.54,630.81,0.0
gfx950,256,1466,2624,6144,ck,0,0,51.5855,a8w8_blockscale_1x128x128_256x128x128x128_16x16_32x32_2x2_8x32x1_8x32x1_1x32x1x8_8_1x1_intrawave_v3,916.33,636.27,0.0
gfx950,256,1467,2624,6144,ck,0,0,51.6044,a8w8_blockscale_1x128x128_256x128x128x128_16x16_32x32_2x2_8x32x1_8x32x1_1x32x1x8_8_1x1_intrawave_v3,916.62,636.26,0.0
gfx950,256,1469,2624,6144,ck,0,0,52.0456,a8w8_blockscale_1x128x128_256x128x128x128_16x16_32x32_2x2_8x32x1_8x32x1_1x32x1x8_8_1x1_intrawave_v3,910.09,631.31,0.0
gfx950,256,1471,2624,6144,ck,0,0,51.9996,a8w8_blockscale_1x128x128_256x128x128x128_16x16_32x32_2x2_8x32x1_8x32x1_1x32x1x8_8_1x1_intrawave_v3,912.13,632.3,0.0
gfx950,256,1473,2624,6144,ck,0,0,52.5201,a8w8_blockscale_1x128x128_256x128x128x128_16x16_32x32_2x2_8x32x1_8x32x1_1x32x1x8_8_1x1_intrawave_v3,904.32,626.47,0.0
gfx950,256,1474,2624,6144,ck,0,0,51.4649,a8w8_blockscale_1x128x128_256x128x128x128_16x16_32x32_2x2_8x32x1_8x32x1_1x32x1x8_8_1x1_intrawave_v3,923.49,639.54,0.0
gfx950,256,1476,2624,6144,ck,0,0,51.5508,a8w8_blockscale_1x128x128_256x128x128x128_16x16_32x32_2x2_8x32x1_8x32x1_1x32x1x8_8_1x1_intrawave_v3,923.2,638.91,0.0
gfx950,256,1477,2624,6144,ck,0,0,51.5887,a8w8_blockscale_1x128x128_256x128x128x128_16x16_32x32_2x2_8x32x1_8x32x1_1x32x1x8_8_1x1_intrawave_v3,923.15,638.66,0.0
gfx950,256,1483,2624,6144,ck,0,0,52.0538,a8w8_blockscale_1x128x128_256x128x128x128_16x16_32x32_2x2_8x32x1_8x32x1_1x32x1x8_8_1x1_intrawave_v3,918.62,634.27,0.0
gfx950,256,1487,2624,6144,ck,0,0,52.4848,a8w8_blockscale_1x128x128_256x128x128x128_16x16_32x32_2x2_8x32x1_8x32x1_1x32x1x8_8_1x1_intrawave_v3,913.53,629.93,0.0
gfx950,256,1489,2624,6144,ck,0,0,52.127,a8w8_blockscale_1x128x128_256x128x128x128_16x16_32x32_2x2_8x32x1_8x32x1_1x32x1x8_8_1x1_intrawave_v3,921.04,634.69,0.0
gfx950,256,1490,2624,6144,ck,0,0,52.2758,a8w8_blockscale_1x128x128_256x128x128x128_16x16_32x32_2x2_8x32x1_8x32x1_1x32x1x8_8_1x1_intrawave_v3,919.03,633.1,0.0
gfx950,256,1492,2624,6144,ck,0,0,52.1398,a8w8_blockscale_1x128x128_256x128x128x128_16x16_32x32_2x2_8x32x1_8x32x1_1x32x1x8_8_1x1_intrawave_v3,922.67,635.19,0.0
gfx950,256,1493,2624,6144,ck,0,0,52.7209,a8w8_blockscale_1x128x128_256x128x128x128_16x16_32x32_2x2_8x32x1_8x32x1_1x32x1x8_8_1x1_intrawave_v3,913.11,628.41,0.0
gfx950,256,1494,2624,6144,ck,0,0,52.437,a8w8_blockscale_1x128x128_256x128x128x128_16x16_32x32_2x2_8x32x1_8x32x1_1x32x1x8_8_1x1_intrawave_v3,918.67,632.03,0.0
gfx950,256,1498,2624,6144,ck,0,0,52.4301,a8w8_blockscale_1x128x128_256x128x128x128_16x16_32x32_2x2_8x32x1_8x32x1_1x32x1x8_8_1x1_intrawave_v3,921.25,632.98,0.0
gfx950,256,1504,2624,6144,ck,0,0,52.6211,a8w8_blockscale_1x128x128_256x128x128x128_16x16_32x32_2x2_8x32x1_8x32x1_1x32x1x8_8_1x1_intrawave_v3,921.58,631.98,0.0
gfx950,256,1507,2624,6144,ck,0,0,52.5613,a8w8_blockscale_1x128x128_256x128x128x128_16x16_32x32_2x2_8x32x1_8x32x1_1x32x1x8_8_1x1_intrawave_v3,924.47,633.35,0.0
gfx950,256,1509,2624,6144,ck,0,0,52.7965,a8w8_blockscale_1x128x128_256x128x128x128_16x16_32x32_2x2_8x32x1_8x32x1_1x32x1x8_8_1x1_intrawave_v3,921.57,630.96,0.0
gfx950,256,1510,2624,6144,ck,0,0,52.6874,a8w8_blockscale_1x128x128_256x128x128x128_16x16_32x32_2x2_8x32x1_8x32x1_1x32x1x8_8_1x1_intrawave_v3,924.09,632.48,0.0
gfx950,256,1512,2624,6144,ck,0,0,52.7717,a8w8_blockscale_1x128x128_256x128x128x128_16x16_32x32_2x2_8x32x1_8x32x1_1x32x1x8_8_1x1_intrawave_v3,923.84,631.9,0.0
gfx950,256,1515,2624,6144,ck,0,0,52.9562,a8w8_blockscale_1x128x128_256x128x128x128_16x16_32x32_2x2_8x32x1_8x32x1_1x32x1x8_8_1x1_intrawave_v3,922.45,630.35,0.0
gfx950,256,1516,2624,6144,ck,0,0,52.8304,a8w8_blockscale_1x128x128_256x128x128x128_16x16_32x32_2x2_8x32x1_8x32x1_1x32x1x8_8_1x1_intrawave_v3,925.25,632.06,0.0
gfx950,256,1517,2624,6144,ck,0,0,52.8742,a8w8_blockscale_1x128x128_256x128x128x128_16x16_32x32_2x2_8x32x1_8x32x1_1x32x1x8_8_1x1_intrawave_v3,925.1,631.75,0.0
gfx950,256,1518,2624,6144,ck,0,0,53.2673,a8w8_blockscale_1x128x128_256x128x128x128_16x16_32x32_2x2_8x32x1_8x32x1_1x32x1x8_8_1x1_intrawave_v3,918.87,627.31,0.0
gfx950,256,1521,2624,6144,ck,0,0,52.6491,a8w8_blockscale_1x128x128_256x128x128x128_16x16_32x32_2x2_8x32x1_8x32x1_1x32x1x8_8_1x1_intrawave_v3,931.5,635.32,0.0
gfx950,256,1524,2624,6144,ck,0,0,53.0153,a8w8_blockscale_1x128x128_256x128x128x128_16x16_32x32_2x2_8x32x1_8x32x1_1x32x1x8_8_1x1_intrawave_v3,926.89,631.58,0.0
gfx950,256,1528,2624,6144,ck,0,0,53.277,a8w8_blockscale_1x128x128_256x128x128x128_16x16_32x32_2x2_8x32x1_8x32x1_1x32x1x8_8_1x1_intrawave_v3,924.76,629.33,0.0
gfx950,256,1530,2624,6144,ck,0,0,52.9236,a8w8_blockscale_1x128x128_256x128x128x128_16x16_32x32_2x2_8x32x1_8x32x1_1x32x1x8_8_1x1_intrawave_v3,932.15,633.96,0.0
gfx950,256,1535,2624,6144,ck,0,0,53.6288,a8w8_blockscale_1x128x128_256x128x128x128_16x16_32x32_2x2_8x32x1_8x32x1_1x32x1x8_8_1x1_intrawave_v3,922.9,626.69,0.0
gfx950,256,1538,2624,6144,cktile,27,0,71.7695,a8w8_blockscale_cktile_192x256x128_4x2x1_16x16x128_intrawave_0x1x0_2,690.97,468.76,0.0
gfx950,256,1541,2624,6144,cktile,29,0,72.0877,a8w8_blockscale_cktile_192x256x128_4x2x1_16x16x128_intrawave_0x1x0_4,689.27,467.17,0.0
gfx950,256,1542,2624,6144,cktile,28,0,72.1479,a8w8_blockscale_cktile_192x256x128_4x2x1_16x16x128_intrawave_0x1x0_3,689.14,466.93,0.0
gfx950,256,1545,2624,6144,cktile,27,0,72.0226,a8w8_blockscale_cktile_192x256x128_4x2x1_16x16x128_intrawave_0x1x0_2,691.68,468.22,0.0
gfx950,256,1546,2624,6144,cktile,11,0,72.0837,a8w8_blockscale_cktile_192x256x128_4x2x1_16x16x128_intrawave_0x1x0_1,691.54,467.98,0.0
gfx950,256,1547,2624,6144,cktile,28,0,72.0682,a8w8_blockscale_cktile_192x256x128_4x2x1_16x16x128_intrawave_0x1x0_3,692.14,468.24,0.0
gfx950,256,1550,2624,6144,cktile,27,0,72.0973,a8w8_blockscale_cktile_192x256x128_4x2x1_16x16x128_intrawave_0x1x0_2,693.2,468.53,0.0
gfx950,256,1551,2624,6144,cktile,27,0,72.1528,a8w8_blockscale_cktile_192x256x128_4x2x1_16x16x128_intrawave_0x1x0_2,693.11,468.32,0.0
gfx950,256,1556,2624,6144,cktile,29,0,72.0116,a8w8_blockscale_cktile_192x256x128_4x2x1_16x16x128_intrawave_0x1x0_4,696.71,470.03,0.0
gfx950,256,1561,2624,6144,cktile,11,0,72.2156,a8w8_blockscale_cktile_192x256x128_4x2x1_16x16x128_intrawave_0x1x0_1,696.97,469.49,0.0
gfx950,256,1562,2624,6144,cktile,28,0,72.1836,a8w8_blockscale_cktile_192x256x128_4x2x1_16x16x128_intrawave_0x1x0_3,697.73,469.86,0.0
gfx950,256,1568,2624,6144,cktile,28,0,72.2257,a8w8_blockscale_cktile_192x256x128_4x2x1_16x16x128_intrawave_0x1x0_3,700.0,470.53,0.0
gfx950,256,1571,2624,6144,cktile,11,0,72.128,a8w8_blockscale_cktile_192x256x128_4x2x1_16x16x128_intrawave_0x1x0_1,702.29,471.64,0.0
gfx950,256,1573,2624,6144,cktile,27,0,72.2396,a8w8_blockscale_cktile_192x256x128_4x2x1_16x16x128_intrawave_0x1x0_2,702.1,471.23,0.0
gfx950,256,1574,2624,6144,cktile,28,0,72.1628,a8w8_blockscale_cktile_192x256x128_4x2x1_16x16x128_intrawave_0x1x0_3,703.29,471.89,0.0
gfx950,256,1576,2624,6144,cktile,28,0,72.2738,a8w8_blockscale_cktile_192x256x128_4x2x1_16x16x128_intrawave_0x1x0_3,703.11,471.48,0.0
gfx950,256,1578,2624,6144,cktile,27,0,72.2028,a8w8_blockscale_cktile_192x256x128_4x2x1_16x16x128_intrawave_0x1x0_2,704.69,472.26,0.0
gfx950,256,1582,2624,6144,cktile,11,0,72.0876,a8w8_blockscale_cktile_192x256x128_4x2x1_16x16x128_intrawave_0x1x0_1,707.61,473.65,0.0
gfx950,256,1583,2624,6144,cktile,28,0,72.0274,a8w8_blockscale_cktile_192x256x128_4x2x1_16x16x128_intrawave_0x1x0_3,708.64,474.2,0.0
gfx950,256,1584,2624,6144,cktile,28,0,72.189,a8w8_blockscale_cktile_192x256x128_4x2x1_16x16x128_intrawave_0x1x0_3,707.5,473.3,0.0
gfx950,256,1588,2624,6144,cktile,29,0,71.8655,a8w8_blockscale_cktile_192x256x128_4x2x1_16x16x128_intrawave_0x1x0_4,712.48,476.06,0.0
gfx950,256,1590,2624,6144,cktile,28,0,72.0589,a8w8_blockscale_cktile_192x256x128_4x2x1_16x16x128_intrawave_0x1x0_3,711.47,475.1,0.0
gfx950,256,1593,2624,6144,cktile,28,0,71.6203,a8w8_blockscale_cktile_192x256x128_4x2x1_16x16x128_intrawave_0x1x0_3,717.17,478.49,0.0
gfx950,256,1596,2624,6144,cktile,11,0,71.8485,a8w8_blockscale_cktile_192x256x128_4x2x1_16x16x128_intrawave_0x1x0_1,716.24,477.44,0.0
gfx950,256,1598,2624,6144,cktile,27,0,72.0491,a8w8_blockscale_cktile_192x256x128_4x2x1_16x16x128_intrawave_0x1x0_2,715.14,476.43,0.0
gfx950,256,1602,2624,6144,cktile,11,0,71.9821,a8w8_blockscale_cktile_192x256x128_4x2x1_16x16x128_intrawave_0x1x0_1,717.6,477.51,0.0
gfx950,256,1603,2624,6144,cktile,29,0,72.1201,a8w8_blockscale_cktile_192x256x128_4x2x1_16x16x128_intrawave_0x1x0_4,716.67,476.75,0.0
gfx950,256,1605,2624,6144,cktile,29,0,72.2731,a8w8_blockscale_cktile_192x256x128_4x2x1_16x16x128_intrawave_0x1x0_4,716.05,476.06,0.0
gfx950,256,1612,2624,6144,cktile,28,0,72.324,a8w8_blockscale_cktile_192x256x128_4x2x1_16x16x128_intrawave_0x1x0_3,718.67,476.82,0.0
gfx950,256,1614,2624,6144,cktile,27,0,72.4959,a8w8_blockscale_cktile_192x256x128_4x2x1_16x16x128_intrawave_0x1x0_2,717.85,476.01,0.0
gfx950,256,1616,2624,6144,cktile,27,0,71.8167,a8w8_blockscale_cktile_192x256x128_4x2x1_16x16x128_intrawave_0x1x0_2,725.54,480.83,0.0
gfx950,256,1618,2624,6144,cktile,27,0,72.0108,a8w8_blockscale_cktile_192x256x128_4x2x1_16x16x128_intrawave_0x1x0_2,724.48,479.85,0.0
gfx950,256,1619,2624,6144,cktile,27,0,72.3295,a8w8_blockscale_cktile_192x256x128_4x2x1_16x16x128_intrawave_0x1x0_2,721.73,477.89,0.0
gfx950,256,1620,2624,6144,cktile,27,0,72.2757,a8w8_blockscale_cktile_192x256x128_4x2x1_16x16x128_intrawave_0x1x0_2,722.72,478.4,0.0
gfx950,256,1623,2624,6144,cktile,29,0,71.9901,a8w8_blockscale_cktile_192x256x128_4x2x1_16x16x128_intrawave_0x1x0_4,726.93,480.78,0.0
gfx950,256,1635,2624,6144,cktile,29,0,72.327,a8w8_blockscale_cktile_192x256x128_4x2x1_16x16x128_intrawave_0x1x0_4,728.89,480.43,0.0
gfx950,256,1639,2624,6144,cktile,28,0,71.8876,a8w8_blockscale_cktile_192x256x128_4x2x1_16x16x128_intrawave_0x1x0_3,735.14,484.0,0.0
gfx950,256,1642,2624,6144,cktile,29,0,72.2347,a8w8_blockscale_cktile_192x256x128_4x2x1_16x16x128_intrawave_0x1x0_4,732.95,482.14,0.0
gfx950,256,1643,2624,6144,cktile,29,0,72.2024,a8w8_blockscale_cktile_192x256x128_4x2x1_16x16x128_intrawave_0x1x0_4,733.72,482.52,0.0
gfx950,256,1645,2624,6144,cktile,11,0,72.2362,a8w8_blockscale_cktile_192x256x128_4x2x1_16x16x128_intrawave_0x1x0_1,734.27,482.61,0.0
gfx950,256,1647,2624,6144,cktile,11,0,72.4049,a8w8_blockscale_cktile_192x256x128_4x2x1_16x16x128_intrawave_0x1x0_1,733.45,481.8,0.0
gfx950,256,1654,2624,6144,cktile,28,0,72.3709,a8w8_blockscale_cktile_192x256x128_4x2x1_16x16x128_intrawave_0x1x0_3,736.91,483.13,0.0
gfx950,256,1655,2624,6144,cktile,29,0,72.0634,a8w8_blockscale_cktile_192x256x128_4x2x1_16x16x128_intrawave_0x1x0_4,740.51,485.35,0.0
gfx950,256,1657,2624,6144,cktile,28,0,72.5364,a8w8_blockscale_cktile_192x256x128_4x2x1_16x16x128_intrawave_0x1x0_3,736.57,482.49,0.0
gfx950,256,1658,2624,6144,cktile,27,0,72.2506,a8w8_blockscale_cktile_192x256x128_4x2x1_16x16x128_intrawave_0x1x0_2,739.93,484.56,0.0
gfx950,256,1663,2624,6144,cktile,29,0,71.9797,a8w8_blockscale_cktile_192x256x128_4x2x1_16x16x128_intrawave_0x1x0_4,744.95,487.18,0.0
gfx950,256,1664,2624,6144,ck,18,0,67.8862,a8w8_blockscale_1x128x128_256x64x64x256_16x16_32x32_1x1_16x16x1_16x16x1_1x32x1x8_8_1x1_intrawave_v1,790.35,516.72,0.0
gfx950,256,1665,2624,6144,cktile,11,0,72.1898,a8w8_blockscale_cktile_192x256x128_4x2x1_16x16x128_intrawave_0x1x0_1,743.68,486.07,0.0
gfx950,256,1666,2624,6144,cktile,29,0,72.0068,a8w8_blockscale_cktile_192x256x128_4x2x1_16x16x128_intrawave_0x1x0_4,746.01,487.47,0.0
gfx950,256,1667,2624,6144,cktile,29,0,72.27,a8w8_blockscale_cktile_192x256x128_4x2x1_16x16x128_intrawave_0x1x0_4,743.74,485.85,0.0
gfx950,256,1672,2624,6144,cktile,28,0,72.0447,a8w8_blockscale_cktile_192x256x128_4x2x1_16x16x128_intrawave_0x1x0_3,748.31,488.16,0.0
gfx950,256,1678,2624,6144,cktile,28,0,72.3997,a8w8_blockscale_cktile_192x256x128_4x2x1_16x16x128_intrawave_0x1x0_3,747.31,486.71,0.0
gfx950,256,1682,2624,6144,cktile,27,0,72.1139,a8w8_blockscale_cktile_192x256x128_4x2x1_16x16x128_intrawave_0x1x0_2,752.06,489.27,0.0
gfx950,256,1683,2624,6144,cktile,29,0,72.0779,a8w8_blockscale_cktile_192x256x128_4x2x1_16x16x128_intrawave_0x1x0_4,752.88,489.67,0.0
gfx950,256,1685,2624,6144,cktile,29,0,72.2506,a8w8_blockscale_cktile_192x256x128_4x2x1_16x16x128_intrawave_0x1x0_4,751.98,488.82,0.0
gfx950,256,1687,2624,6144,cktile,11,0,72.4691,a8w8_blockscale_cktile_192x256x128_4x2x1_16x16x128_intrawave_0x1x0_1,750.6,487.66,0.0
gfx950,256,1692,2624,6144,cktile,29,0,72.2766,a8w8_blockscale_cktile_192x256x128_4x2x1_16x16x128_intrawave_0x1x0_4,754.83,489.75,0.0
gfx950,256,1696,2624,6144,cktile,28,0,72.3543,a8w8_blockscale_cktile_192x256x128_4x2x1_16x16x128_intrawave_0x1x0_3,755.8,489.85,0.0
gfx950,256,1700,2624,6144,cktile,28,0,72.015,a8w8_blockscale_cktile_192x256x128_4x2x1_16x16x128_intrawave_0x1x0_3,761.15,492.79,0.0
gfx950,256,1707,2624,6144,cktile,27,0,72.2393,a8w8_blockscale_cktile_192x256x128_4x2x1_16x16x128_intrawave_0x1x0_2,761.91,492.36,0.0
gfx950,256,1711,2624,6144,cktile,27,0,72.1083,a8w8_blockscale_cktile_192x256x128_4x2x1_16x16x128_intrawave_0x1x0_2,765.09,493.89,0.0
gfx950,256,1719,2624,6144,cktile,29,0,72.4315,a8w8_blockscale_cktile_192x256x128_4x2x1_16x16x128_intrawave_0x1x0_4,765.23,492.94,0.0
gfx950,256,1720,2624,6144,cktile,11,0,72.0428,a8w8_blockscale_cktile_192x256x128_4x2x1_16x16x128_intrawave_0x1x0_1,769.81,495.76,0.0
gfx950,256,1721,2624,6144,cktile,29,0,72.3905,a8w8_blockscale_cktile_192x256x128_4x2x1_16x16x128_intrawave_0x1x0_4,766.56,493.54,0.0
gfx950,256,1726,2624,6144,cktile,29,0,72.4993,a8w8_blockscale_cktile_192x256x128_4x2x1_16x16x128_intrawave_0x1x0_4,767.63,493.58,0.0
gfx950,256,1727,2624,6144,cktile,29,0,72.4693,a8w8_blockscale_cktile_192x256x128_4x2x1_16x16x128_intrawave_0x1x0_4,768.39,493.94,0.0
gfx950,256,1728,2624,6144,ck,18,0,67.9328,a8w8_blockscale_1x128x128_256x64x64x256_16x16_32x32_1x1_16x16x1_16x16x1_1x32x1x8_8_1x1_intrawave_v1,820.18,527.1,0.0
gfx950,256,1735,2624,6144,cktile,29,0,72.4455,a8w8_blockscale_cktile_192x256x128_4x2x1_16x16x128_intrawave_0x1x0_4,772.21,495.37,0.0
gfx950,256,1736,2624,6144,cktile,28,0,72.3905,a8w8_blockscale_cktile_192x256x128_4x2x1_16x16x128_intrawave_0x1x0_3,773.24,495.9,0.0
gfx950,256,1738,2624,6144,cktile,29,0,72.2373,a8w8_blockscale_cktile_192x256x128_4x2x1_16x16x128_intrawave_0x1x0_4,775.77,497.27,0.0
gfx950,256,1739,2624,6144,cktile,11,0,72.2721,a8w8_blockscale_cktile_192x256x128_4x2x1_16x16x128_intrawave_0x1x0_1,775.84,497.18,0.0
gfx950,256,1741,2624,6144,cktile,28,0,72.1855,a8w8_blockscale_cktile_192x256x128_4x2x1_16x16x128_intrawave_0x1x0_3,777.67,498.1,0.0
gfx950,256,1742,2624,6144,cktile,28,0,72.3922,a8w8_blockscale_cktile_192x256x128_4x2x1_16x16x128_intrawave_0x1x0_3,775.89,496.83,0.0
gfx950,256,1744,2624,6144,cktile,28,0,72.477,a8w8_blockscale_cktile_192x256x128_4x2x1_16x16x128_intrawave_0x1x0_3,775.87,496.56,0.0
gfx950,256,1745,2624,6144,cktile,27,0,72.2292,a8w8_blockscale_cktile_192x256x128_4x2x1_16x16x128_intrawave_0x1x0_2,778.98,498.43,0.0
gfx950,256,1747,2624,6144,cktile,11,0,72.3956,a8w8_blockscale_cktile_192x256x128_4x2x1_16x16x128_intrawave_0x1x0_1,778.08,497.59,0.0
gfx950,256,1750,2624,6144,cktile,11,0,72.3202,a8w8_blockscale_cktile_192x256x128_4x2x1_16x16x128_intrawave_0x1x0_1,780.23,498.59,0.0
gfx950,256,1756,2624,6144,cktile,28,0,72.2721,a8w8_blockscale_cktile_192x256x128_4x2x1_16x16x128_intrawave_0x1x0_3,783.43,499.86,0.0
gfx950,256,1757,2624,6144,cktile,27,0,71.9735,a8w8_blockscale_cktile_192x256x128_4x2x1_16x16x128_intrawave_0x1x0_2,787.13,502.1,0.0
gfx950,256,1758,2624,6144,cktile,29,0,72.3014,a8w8_blockscale_cktile_192x256x128_4x2x1_16x16x128_intrawave_0x1x0_4,784.0,499.98,0.0
gfx950,256,1764,2624,6144,cktile,28,0,72.1307,a8w8_blockscale_cktile_192x256x128_4x2x1_16x16x128_intrawave_0x1x0_3,788.54,502.11,0.0
gfx950,256,1765,2624,6144,cktile,28,0,72.1691,a8w8_blockscale_cktile_192x256x128_4x2x1_16x16x128_intrawave_0x1x0_3,788.57,502.0,0.0
gfx950,256,1767,2624,6144,cktile,29,0,72.5751,a8w8_blockscale_cktile_192x256x128_4x2x1_16x16x128_intrawave_0x1x0_4,785.04,499.5,0.0
gfx950,256,1778,2624,6144,cktile,28,0,72.3676,a8w8_blockscale_cktile_192x256x128_4x2x1_16x16x128_intrawave_0x1x0_3,792.2,502.67,0.0
gfx950,256,1783,2624,6144,cktile,27,0,72.1703,a8w8_blockscale_cktile_192x256x128_4x2x1_16x16x128_intrawave_0x1x0_2,796.6,504.83,0.0
gfx950,256,1796,2624,6144,cktile,29,0,72.61,a8w8_blockscale_cktile_192x256x128_4x2x1_16x16x128_intrawave_0x1x0_4,797.54,503.81,0.0
gfx950,256,1797,2624,6144,cktile,11,0,72.3714,a8w8_blockscale_cktile_192x256x128_4x2x1_16x16x128_intrawave_0x1x0_1,800.62,505.63,0.0
gfx950,256,1799,2624,6144,cktile,11,0,72.2337,a8w8_blockscale_cktile_192x256x128_4x2x1_16x16x128_intrawave_0x1x0_1,803.04,506.91,0.0
gfx950,256,1807,2624,6144,cktile,27,0,72.3453,a8w8_blockscale_cktile_192x256x128_4x2x1_16x16x128_intrawave_0x1x0_2,805.37,507.39,0.0
gfx950,256,1808,2624,6144,cktile,27,0,72.2868,a8w8_blockscale_cktile_192x256x128_4x2x1_16x16x128_intrawave_0x1x0_2,806.46,507.96,0.0
gfx950,256,1809,2624,6144,cktile,28,0,72.4102,a8w8_blockscale_cktile_192x256x128_4x2x1_16x16x128_intrawave_0x1x0_3,805.53,507.25,0.0
gfx950,256,1812,2624,6144,cktile,11,0,72.5273,a8w8_blockscale_cktile_192x256x128_4x2x1_16x16x128_intrawave_0x1x0_1,805.57,506.9,0.0
gfx950,256,1820,2624,6144,cktile,28,0,72.4595,a8w8_blockscale_cktile_192x256x128_4x2x1_16x16x128_intrawave_0x1x0_3,809.88,508.63,0.0
gfx950,256,1822,2624,6144,cktile,11,0,72.4459,a8w8_blockscale_cktile_192x256x128_4x2x1_16x16x128_intrawave_0x1x0_1,810.92,509.04,0.0
gfx950,256,1824,2624,6144,cktile,11,0,72.7356,a8w8_blockscale_cktile_192x256x128_4x2x1_16x16x128_intrawave_0x1x0_1,808.58,507.33,0.0
gfx950,256,1827,2624,6144,cktile,27,0,72.477,a8w8_blockscale_cktile_192x256x128_4x2x1_16x16x128_intrawave_0x1x0_2,812.8,509.61,0.0
gfx950,256,1834,2624,6144,cktile,11,0,72.3563,a8w8_blockscale_cktile_192x256x128_4x2x1_16x16x128_intrawave_0x1x0_1,817.27,511.56,0.0
gfx950,256,1837,2624,6144,cktile,29,0,72.6179,a8w8_blockscale_cktile_192x256x128_4x2x1_16x16x128_intrawave_0x1x0_4,815.66,510.19,0.0
gfx950,256,1851,2624,6144,cktile,11,0,72.6532,a8w8_blockscale_cktile_192x256x128_4x2x1_16x16x128_intrawave_0x1x0_1,821.48,512.14,0.0
gfx950,256,1855,2624,6144,cktile,11,0,72.2157,a8w8_blockscale_cktile_192x256x128_4x2x1_16x16x128_intrawave_0x1x0_1,828.24,515.87,0.0
gfx950,256,1856,2624,6144,ck,18,0,70.0555,a8w8_blockscale_1x128x128_256x64x64x256_16x16_32x32_1x1_16x16x1_16x16x1_1x32x1x8_8_1x1_intrawave_v1,854.24,531.94,0.0
gfx950,256,1857,2624,6144,cktile,11,0,72.5249,a8w8_blockscale_cktile_192x256x128_4x2x1_16x16x128_intrawave_0x1x0_1,825.6,513.99,0.0
gfx950,256,1860,2624,6144,cktile,11,0,72.5868,a8w8_blockscale_cktile_192x256x128_4x2x1_16x16x128_intrawave_0x1x0_1,826.23,514.02,0.0
gfx950,256,1861,2624,6144,cktile,11,0,72.5619,a8w8_blockscale_cktile_192x256x128_4x2x1_16x16x128_intrawave_0x1x0_1,826.96,514.35,0.0
gfx950,256,1864,2624,6144,cktile,27,0,72.6259,a8w8_blockscale_cktile_192x256x128_4x2x1_16x16x128_intrawave_0x1x0_2,827.56,514.37,0.0
gfx950,256,1882,2624,6144,cktile,11,0,72.521,a8w8_blockscale_cktile_192x256x128_4x2x1_16x16x128_intrawave_0x1x0_1,836.76,517.94,0.0
gfx950,256,1884,2624,6144,cktile,28,0,72.4175,a8w8_blockscale_cktile_192x256x128_4x2x1_16x16x128_intrawave_0x1x0_3,838.85,519.0,0.0
gfx950,256,1885,2624,6144,cktile,29,0,72.6925,a8w8_blockscale_cktile_192x256x128_4x2x1_16x16x128_intrawave_0x1x0_4,836.12,517.19,0.0
gfx950,256,1887,2624,6144,cktile,29,0,72.5029,a8w8_blockscale_cktile_192x256x128_4x2x1_16x16x128_intrawave_0x1x0_4,839.19,518.86,0.0
gfx950,256,1890,2624,6144,cktile,11,0,72.6103,a8w8_blockscale_cktile_192x256x128_4x2x1_16x16x128_intrawave_0x1x0_1,839.28,518.56,0.0
gfx950,256,1892,2624,6144,cktile,11,0,72.7041,a8w8_blockscale_cktile_192x256x128_4x2x1_16x16x128_intrawave_0x1x0_1,839.09,518.2,0.0
gfx950,256,1894,2624,6144,cktile,11,0,72.7546,a8w8_blockscale_cktile_192x256x128_4x2x1_16x16x128_intrawave_0x1x0_1,839.39,518.16,0.0
gfx950,256,1897,2624,6144,cktile,27,0,72.7894,a8w8_blockscale_cktile_192x256x128_4x2x1_16x16x128_intrawave_0x1x0_2,840.32,518.38,0.0
gfx950,256,1910,2624,6144,cktile,28,0,72.7568,a8w8_blockscale_cktile_192x256x128_4x2x1_16x16x128_intrawave_0x1x0_3,846.46,520.65,0.0
gfx950,256,1911,2624,6144,cktile,29,0,72.4344,a8w8_blockscale_cktile_192x256x128_4x2x1_16x16x128_intrawave_0x1x0_4,850.67,523.12,0.0
gfx950,256,1919,2624,6144,cktile,27,0,72.9511,a8w8_blockscale_cktile_192x256x128_4x2x1_16x16x128_intrawave_0x1x0_2,848.18,520.67,0.0
gfx950,256,1920,2624,6144,ck,18,0,72.0417,a8w8_blockscale_1x128x128_256x64x64x256_16x16_32x32_1x1_16x16x1_16x16x1_1x32x1x8_8_1x1_intrawave_v1,859.33,527.4,0.0
gfx950,256,1922,2624,6144,cktile,27,0,72.5997,a8w8_blockscale_cktile_192x256x128_4x2x1_16x16x128_intrawave_0x1x0_2,853.62,523.66,0.0
gfx950,256,1924,2624,6144,cktile,27,0,72.7385,a8w8_blockscale_cktile_192x256x128_4x2x1_16x16x128_intrawave_0x1x0_2,852.88,522.97,0.0
gfx950,256,1928,2624,6144,cktile,29,0,72.2232,a8w8_blockscale_cktile_192x256x128_4x2x1_16x16x128_intrawave_0x1x0_4,860.75,527.33,0.0
gfx950,256,1936,2624,6144,cktile,11,0,72.7261,a8w8_blockscale_cktile_192x256x128_4x2x1_16x16x128_intrawave_0x1x0_1,858.34,524.94,0.0
gfx950,256,1938,2624,6144,cktile,28,0,72.4963,a8w8_blockscale_cktile_192x256x128_4x2x1_16x16x128_intrawave_0x1x0_3,861.95,526.92,0.0
gfx950,256,1939,2624,6144,cktile,11,0,72.6911,a8w8_blockscale_cktile_192x256x128_4x2x1_16x16x128_intrawave_0x1x0_1,860.09,525.66,0.0
gfx950,256,1941,2624,6144,cktile,29,0,72.4998,a8w8_blockscale_cktile_192x256x128_4x2x1_16x16x128_intrawave_0x1x0_4,863.24,527.36,0.0
gfx950,256,1945,2624,6144,cktile,28,0,72.474,a8w8_blockscale_cktile_192x256x128_4x2x1_16x16x128_intrawave_0x1x0_3,865.33,528.18,0.0
gfx950,256,1963,2624,6144,cktile,29,0,72.4558,a8w8_blockscale_cktile_192x256x128_4x2x1_16x16x128_intrawave_0x1x0_4,873.56,531.14,0.0
gfx950,256,1974,2624,6144,cktile,27,0,72.4776,a8w8_blockscale_cktile_192x256x128_4x2x1_16x16x128_intrawave_0x1x0_2,878.19,532.71,0.0
gfx950,256,1980,2624,6144,cktile,29,0,72.8594,a8w8_blockscale_cktile_192x256x128_4x2x1_16x16x128_intrawave_0x1x0_4,876.24,530.86,0.0
gfx950,256,1981,2624,6144,cktile,27,0,72.5127,a8w8_blockscale_cktile_192x256x128_4x2x1_16x16x128_intrawave_0x1x0_2,880.88,533.55,0.0
gfx950,256,1992,2624,6144,cktile,27,0,72.645,a8w8_blockscale_cktile_192x256x128_4x2x1_16x16x128_intrawave_0x1x0_2,884.16,534.31,0.0
gfx950,256,1998,2624,6144,cktile,28,0,72.6507,a8w8_blockscale_cktile_192x256x128_4x2x1_16x16x128_intrawave_0x1x0_3,886.75,535.21,0.0
gfx950,256,2000,2624,6144,cktile,27,0,72.6025,a8w8_blockscale_cktile_192x256x128_4x2x1_16x16x128_intrawave_0x1x0_2,888.23,535.87,0.0
gfx950,256,2013,2624,6144,cktile,27,0,72.5166,a8w8_blockscale_cktile_192x256x128_4x2x1_16x16x128_intrawave_0x1x0_2,895.06,538.55,0.0
gfx950,256,2014,2624,6144,cktile,28,0,72.2851,a8w8_blockscale_cktile_192x256x128_4x2x1_16x16x128_intrawave_0x1x0_3,898.37,540.43,0.0
gfx950,256,2018,2624,6144,cktile,27,0,72.6936,a8w8_blockscale_cktile_192x256x128_4x2x1_16x16x128_intrawave_0x1x0_2,895.1,538.02,0.0
gfx950,256,2019,2624,6144,cktile,28,0,72.678,a8w8_blockscale_cktile_192x256x128_4x2x1_16x16x128_intrawave_0x1x0_3,895.73,538.3,0.0
gfx950,256,2021,2624,6144,cktile,27,0,72.376,a8w8_blockscale_cktile_192x256x128_4x2x1_16x16x128_intrawave_0x1x0_2,900.36,540.86,0.0
gfx950,256,2023,2624,6144,cktile,27,0,72.2633,a8w8_blockscale_cktile_192x256x128_4x2x1_16x16x128_intrawave_0x1x0_2,902.66,542.02,0.0
gfx950,256,2035,2624,6144,cktile,29,0,72.6288,a8w8_blockscale_cktile_192x256x128_4x2x1_16x16x128_intrawave_0x1x0_4,903.44,541.17,0.0
gfx950,256,2036,2624,6144,cktile,11,0,72.3405,a8w8_blockscale_cktile_192x256x128_4x2x1_16x16x128_intrawave_0x1x0_1,907.49,543.48,0.0
gfx950,256,2037,2624,6144,cktile,11,0,72.7851,a8w8_blockscale_cktile_192x256x128_4x2x1_16x16x128_intrawave_0x1x0_1,902.39,540.32,0.0
gfx950,256,2039,2624,6144,cktile,11,0,72.4757,a8w8_blockscale_cktile_192x256x128_4x2x1_16x16x128_intrawave_0x1x0_1,907.13,542.94,0.0
gfx950,256,2045,2624,6144,cktile,28,0,72.4937,a8w8_blockscale_cktile_192x256x128_4x2x1_16x16x128_intrawave_0x1x0_3,909.57,543.75,0.0
gfx950,256,2048,2624,6144,cktile,11,0,72.5268,a8w8_blockscale_cktile_192x256x128_4x2x1_16x16x128_intrawave_0x1x0_1,910.49,543.97,0.0
gfx950,256,2051,2624,6144,cktile,28,0,72.6961,a8w8_blockscale_cktile_192x256x128_4x2x1_16x16x128_intrawave_0x1x0_3,909.7,543.18,0.0
gfx950,256,2053,2624,6144,cktile,28,0,72.6224,a8w8_blockscale_cktile_192x256x128_4x2x1_16x16x128_intrawave_0x1x0_3,911.51,544.04,0.0
gfx950,256,2061,2624,6144,cktile,11,0,72.6052,a8w8_blockscale_cktile_192x256x128_4x2x1_16x16x128_intrawave_0x1x0_1,915.28,545.43,0.0
gfx950,256,2070,2624,6144,cktile,29,0,72.5207,a8w8_blockscale_cktile_192x256x128_4x2x1_16x16x128_intrawave_0x1x0_4,920.35,547.48,0.0
gfx950,256,2085,2624,6144,cktile,11,0,72.9714,a8w8_blockscale_cktile_192x256x128_4x2x1_16x16x128_intrawave_0x1x0_1,921.29,546.44,0.0
gfx950,256,2091,2624,6144,cktile,11,0,72.8016,a8w8_blockscale_cktile_192x256x128_4x2x1_16x16x128_intrawave_0x1x0_1,926.1,548.65,0.0
gfx950,256,2092,2624,6144,cktile,11,0,72.6922,a8w8_blockscale_cktile_192x256x128_4x2x1_16x16x128_intrawave_0x1x0_1,927.94,549.63,0.0
gfx950,256,2096,2624,6144,cktile,28,0,72.9124,a8w8_blockscale_cktile_192x256x128_4x2x1_16x16x128_intrawave_0x1x0_3,926.9,548.6,0.0
gfx950,256,2104,2624,6144,cktile,28,0,72.9359,a8w8_blockscale_cktile_192x256x128_4x2x1_16x16x128_intrawave_0x1x0_3,930.14,549.67,0.0
gfx950,256,2107,2624,6144,cktile,27,0,73.0553,a8w8_blockscale_cktile_192x256x128_4x2x1_16x16x128_intrawave_0x1x0_2,929.95,549.24,0.0
gfx950,256,2114,2624,6144,cktile,28,0,72.8669,a8w8_blockscale_cktile_192x256x128_4x2x1_16x16x128_intrawave_0x1x0_3,935.45,551.75,0.0
gfx950,256,2116,2624,6144,cktile,28,0,73.1264,a8w8_blockscale_cktile_192x256x128_4x2x1_16x16x128_intrawave_0x1x0_3,933.01,550.11,0.0
gfx950,256,2121,2624,6144,cktile,11,0,72.6389,a8w8_blockscale_cktile_192x256x128_4x2x1_16x16x128_intrawave_0x1x0_1,941.49,554.58,0.0
gfx950,256,2123,2624,6144,cktile,28,0,73.0458,a8w8_blockscale_cktile_192x256x128_4x2x1_16x16x128_intrawave_0x1x0_3,937.13,551.81,0.0
gfx950,256,2124,2624,6144,cktile,28,0,72.4882,a8w8_blockscale_cktile_192x256x128_4x2x1_16x16x128_intrawave_0x1x0_3,944.78,556.21,0.0
gfx950,256,2150,2624,6144,cktile,28,0,72.8632,a8w8_blockscale_cktile_192x256x128_4x2x1_16x16x128_intrawave_0x1x0_3,951.43,557.41,0.0
gfx950,256,2156,2624,6144,cktile,28,0,72.8197,a8w8_blockscale_cktile_192x256x128_4x2x1_16x16x128_intrawave_0x1x0_3,954.65,558.68,0.0
gfx950,256,2168,2624,6144,cktile,11,0,72.3721,a8w8_blockscale_cktile_192x256x128_4x2x1_16x16x128_intrawave_0x1x0_1,965.9,564.03,0.0
gfx950,256,2177,2624,6144,cktile,29,0,72.8315,a8w8_blockscale_cktile_192x256x128_4x2x1_16x16x128_intrawave_0x1x0_4,963.79,561.88,0.0
gfx950,256,2191,2624,6144,cktile,11,0,73.0858,a8w8_blockscale_cktile_192x256x128_4x2x1_16x16x128_intrawave_0x1x0_1,966.62,562.1,0.0
gfx950,256,2199,2624,6144,cktile,27,0,72.9936,a8w8_blockscale_cktile_192x256x128_4x2x1_16x16x128_intrawave_0x1x0_2,971.37,564.06,0.0
gfx950,256,2202,2624,6144,cktile,11,0,72.9804,a8w8_blockscale_cktile_192x256x128_4x2x1_16x16x128_intrawave_0x1x0_1,972.87,564.63,0.0
gfx950,256,2203,2624,6144,cktile,29,0,72.7305,a8w8_blockscale_cktile_192x256x128_4x2x1_16x16x128_intrawave_0x1x0_4,976.66,566.73,0.0
gfx950,256,2212,2624,6144,cktile,29,0,72.863,a8w8_blockscale_cktile_192x256x128_4x2x1_16x16x128_intrawave_0x1x0_4,978.87,567.1,0.0
gfx950,256,2213,2624,6144,cktile,29,0,72.913,a8w8_blockscale_cktile_192x256x128_4x2x1_16x16x128_intrawave_0x1x0_4,978.64,566.87,0.0
gfx950,256,2230,2624,6144,cktile,11,0,72.5211,a8w8_blockscale_cktile_192x256x128_4x2x1_16x16x128_intrawave_0x1x0_1,991.48,572.61,0.0
gfx950,256,2231,2624,6144,cktile,28,0,72.961,a8w8_blockscale_cktile_192x256x128_4x2x1_16x16x128_intrawave_0x1x0_3,985.95,569.31,0.0
gfx950,256,2241,2624,6144,cktile,29,0,73.2215,a8w8_blockscale_cktile_192x256x128_4x2x1_16x16x128_intrawave_0x1x0_4,986.84,568.84,0.0
gfx950,256,2248,2624,6144,cktile,27,0,72.7462,a8w8_blockscale_cktile_192x256x128_4x2x1_16x16x128_intrawave_0x1x0_2,996.39,573.65,0.0
gfx950,256,2250,2624,6144,cktile,11,0,72.8071,a8w8_blockscale_cktile_192x256x128_4x2x1_16x16x128_intrawave_0x1x0_1,996.45,573.49,0.0
gfx950,256,2267,2624,6144,cktile,11,0,73.1141,a8w8_blockscale_cktile_192x256x128_4x2x1_16x16x128_intrawave_0x1x0_1,999.76,573.73,0.0
gfx950,256,2268,2624,6144,cktile,27,0,72.8475,a8w8_blockscale_cktile_192x256x128_4x2x1_16x16x128_intrawave_0x1x0_2,1003.86,575.98,0.0
gfx950,256,2279,2624,6144,cktile,29,0,72.8225,a8w8_blockscale_cktile_192x256x128_4x2x1_16x16x128_intrawave_0x1x0_4,1009.08,577.9,0.0
gfx950,256,2287,2624,6144,cktile,29,0,73.1806,a8w8_blockscale_cktile_192x256x128_4x2x1_16x16x128_intrawave_0x1x0_4,1007.66,576.32,0.0
gfx950,256,2296,2624,6144,cktile,27,0,73.2028,a8w8_blockscale_cktile_192x256x128_4x2x1_16x16x128_intrawave_0x1x0_2,1011.32,577.54,0.0
gfx950,256,2310,2624,6144,cktile,28,0,72.7887,a8w8_blockscale_cktile_192x256x128_4x2x1_16x16x128_intrawave_0x1x0_3,1023.28,583.02,0.0
gfx950,256,2315,2624,6144,cktile,11,0,73.2158,a8w8_blockscale_cktile_192x256x128_4x2x1_16x16x128_intrawave_0x1x0_1,1019.51,580.4,0.0
gfx950,256,2350,2624,6144,cktile,27,0,72.897,a8w8_blockscale_cktile_192x256x128_4x2x1_16x16x128_intrawave_0x1x0_2,1039.45,588.41,0.0
gfx950,256,2353,2624,6144,cktile,11,0,72.9299,a8w8_blockscale_cktile_192x256x128_4x2x1_16x16x128_intrawave_0x1x0_1,1040.31,588.61,0.0
gfx950,256,2354,2624,6144,cktile,29,0,72.9685,a8w8_blockscale_cktile_192x256x128_4x2x1_16x16x128_intrawave_0x1x0_4,1040.2,588.45,0.0
gfx950,256,2374,2624,6144,cktile,29,0,72.8518,a8w8_blockscale_cktile_192x256x128_4x2x1_16x16x128_intrawave_0x1x0_4,1050.72,592.52,0.0
gfx950,256,2381,2624,6144,cktile,27,0,73.0836,a8w8_blockscale_cktile_192x256x128_4x2x1_16x16x128_intrawave_0x1x0_2,1050.47,591.74,0.0
gfx950,256,2387,2624,6144,cktile,28,0,72.9034,a8w8_blockscale_cktile_192x256x128_4x2x1_16x16x128_intrawave_0x1x0_3,1055.72,594.14,0.0
gfx950,256,2389,2624,6144,cktile,28,0,72.7105,a8w8_blockscale_cktile_192x256x128_4x2x1_16x16x128_intrawave_0x1x0_3,1059.41,596.03,0.0
gfx950,256,2403,2624,6144,cktile,29,0,73.1641,a8w8_blockscale_cktile_192x256x128_4x2x1_16x16x128_intrawave_0x1x0_4,1059.01,594.51,0.0
gfx950,256,2406,2624,6144,cktile,28,0,72.8749,a8w8_blockscale_cktile_192x256x128_4x2x1_16x16x128_intrawave_0x1x0_3,1064.54,597.34,0.0
gfx950,256,2421,2624,6144,cktile,27,0,73.1046,a8w8_blockscale_cktile_192x256x128_4x2x1_16x16x128_intrawave_0x1x0_2,1067.81,597.8,0.0
gfx950,256,2423,2624,6144,cktile,27,0,73.0858,a8w8_blockscale_cktile_192x256x128_4x2x1_16x16x128_intrawave_0x1x0_2,1068.97,598.26,0.0
gfx950,256,2428,2624,6144,cktile,27,0,72.8526,a8w8_blockscale_cktile_192x256x128_4x2x1_16x16x128_intrawave_0x1x0_2,1074.6,600.96,0.0
gfx950,256,2433,2624,6144,cktile,11,0,72.7147,a8w8_blockscale_cktile_192x256x128_4x2x1_16x16x128_intrawave_0x1x0_1,1078.86,602.88,0.0
gfx950,256,2445,2624,6144,cktile,29,0,73.2161,a8w8_blockscale_cktile_192x256x128_4x2x1_16x16x128_intrawave_0x1x0_4,1076.76,600.62,0.0
gfx950,256,2455,2624,6144,cktile,11,0,73.1257,a8w8_blockscale_cktile_192x256x128_4x2x1_16x16x128_intrawave_0x1x0_1,1082.5,602.92,0.0
gfx950,256,2463,2624,6144,cktile,11,0,73.1091,a8w8_blockscale_cktile_192x256x128_4x2x1_16x16x128_intrawave_0x1x0_1,1086.27,604.31,0.0
gfx950,256,2467,2624,6144,cktile,27,0,73.1587,a8w8_blockscale_cktile_192x256x128_4x2x1_16x16x128_intrawave_0x1x0_2,1087.3,604.52,0.0
gfx950,256,2473,2624,6144,cktile,29,0,72.9683,a8w8_blockscale_cktile_192x256x128_4x2x1_16x16x128_intrawave_0x1x0_4,1092.79,607.03,0.0
gfx950,256,2478,2624,6144,cktile,11,0,73.2001,a8w8_blockscale_cktile_192x256x128_4x2x1_16x16x128_intrawave_0x1x0_1,1091.53,605.89,0.0
gfx950,256,2483,2624,6144,cktile,27,0,73.0528,a8w8_blockscale_cktile_192x256x128_4x2x1_16x16x128_intrawave_0x1x0_2,1095.94,607.89,0.0
gfx950,256,2485,2624,6144,cktile,11,0,73.1574,a8w8_blockscale_cktile_192x256x128_4x2x1_16x16x128_intrawave_0x1x0_1,1095.25,607.33,0.0
gfx950,256,2487,2624,6144,cktile,29,0,73.1987,a8w8_blockscale_cktile_192x256x128_4x2x1_16x16x128_intrawave_0x1x0_4,1095.51,607.3,0.0
gfx950,256,2503,2624,6144,cktile,28,0,73.0897,a8w8_blockscale_cktile_192x256x128_4x2x1_16x16x128_intrawave_0x1x0_3,1104.2,610.7,0.0
gfx950,256,2531,2624,6144,cktile,11,0,73.2824,a8w8_blockscale_cktile_192x256x128_4x2x1_16x16x128_intrawave_0x1x0_1,1113.62,613.45,0.0
gfx950,256,2544,2624,6144,cktile,29,0,73.0547,a8w8_blockscale_cktile_192x256x128_4x2x1_16x16x128_intrawave_0x1x0_4,1122.83,617.39,0.0
gfx950,256,2546,2624,6144,cktile,28,0,73.327,a8w8_blockscale_cktile_192x256x128_4x2x1_16x16x128_intrawave_0x1x0_3,1119.54,615.41,0.0
gfx950,256,2575,2624,6144,cktile,11,0,73.1539,a8w8_blockscale_cktile_192x256x128_4x2x1_16x16x128_intrawave_0x1x0_1,1134.97,621.38,0.0
gfx950,256,2581,2624,6144,cktile,27,0,72.8717,a8w8_blockscale_cktile_192x256x128_4x2x1_16x16x128_intrawave_0x1x0_2,1142.02,624.72,0.0
gfx950,256,2582,2624,6144,cktile,11,0,73.2083,a8w8_blockscale_cktile_192x256x128_4x2x1_16x16x128_intrawave_0x1x0_1,1137.21,622.01,0.0
gfx950,256,2585,2624,6144,cktile,11,0,73.3214,a8w8_blockscale_cktile_192x256x128_4x2x1_16x16x128_intrawave_0x1x0_1,1136.78,621.51,0.0
gfx950,256,2593,2624,6144,cktile,28,0,73.1992,a8w8_blockscale_cktile_192x256x128_4x2x1_16x16x128_intrawave_0x1x0_3,1142.2,623.8,0.0
gfx950,256,2599,2624,6144,cktile,28,0,73.3007,a8w8_blockscale_cktile_192x256x128_4x2x1_16x16x128_intrawave_0x1x0_3,1143.26,623.86,0.0
gfx950,256,2608,2624,6144,cktile,29,0,73.5019,a8w8_blockscale_cktile_192x256x128_4x2x1_16x16x128_intrawave_0x1x0_4,1144.07,623.55,0.0
gfx950,256,2618,2624,6144,cktile,11,0,73.2998,a8w8_blockscale_cktile_192x256x128_4x2x1_16x16x128_intrawave_0x1x0_1,1151.63,626.82,0.0
gfx950,256,2621,2624,6144,cktile,11,0,73.3064,a8w8_blockscale_cktile_192x256x128_4x2x1_16x16x128_intrawave_0x1x0_1,1152.84,627.23,0.0
gfx950,256,2627,2624,6144,cktile,29,0,73.6374,a8w8_blockscale_cktile_192x256x128_4x2x1_16x16x128_intrawave_0x1x0_4,1150.29,625.34,0.0
gfx950,256,2639,2624,6144,cktile,29,0,72.7878,a8w8_blockscale_cktile_192x256x128_4x2x1_16x16x128_intrawave_0x1x0_4,1169.03,634.52,0.0
gfx950,256,2675,2624,6144,cktile,11,0,73.7016,a8w8_blockscale_cktile_192x256x128_4x2x1_16x16x128_intrawave_0x1x0_1,1170.29,632.22,0.0
gfx950,256,2676,2624,6144,cktile,27,0,73.5882,a8w8_blockscale_cktile_192x256x128_4x2x1_16x16x128_intrawave_0x1x0_2,1172.53,633.35,0.0
gfx950,256,2678,2624,6144,cktile,28,0,73.4453,a8w8_blockscale_cktile_192x256x128_4x2x1_16x16x128_intrawave_0x1x0_3,1175.69,634.89,0.0
gfx950,256,2699,2624,6144,cktile,29,0,73.7863,a8w8_blockscale_cktile_192x256x128_4x2x1_16x16x128_intrawave_0x1x0_4,1179.43,635.2,0.0
gfx950,256,2737,2624,6144,cktile,11,0,73.0596,a8w8_blockscale_cktile_192x256x128_4x2x1_16x16x128_intrawave_0x1x0_1,1207.93,647.44,0.0
gfx950,256,2748,2624,6144,cktile,11,0,73.8887,a8w8_blockscale_cktile_192x256x128_4x2x1_16x16x128_intrawave_0x1x0_1,1199.18,641.87,0.0
gfx950,256,2753,2624,6144,cktile,29,0,73.2048,a8w8_blockscale_cktile_192x256x128_4x2x1_16x16x128_intrawave_0x1x0_4,1212.58,648.65,0.0
gfx950,256,2757,2624,6144,cktile,11,0,73.8321,a8w8_blockscale_cktile_192x256x128_4x2x1_16x16x128_intrawave_0x1x0_1,1204.03,643.75,0.0
gfx950,256,2758,2624,6144,cktile,28,0,73.0685,a8w8_blockscale_cktile_192x256x128_4x2x1_16x16x128_intrawave_0x1x0_3,1217.05,650.64,0.0
gfx950,256,2759,2624,6144,cktile,28,0,73.3106,a8w8_blockscale_cktile_192x256x128_4x2x1_16x16x128_intrawave_0x1x0_3,1213.47,648.64,0.0
gfx950,256,2763,2624,6144,cktile,28,0,73.4551,a8w8_blockscale_cktile_192x256x128_4x2x1_16x16x128_intrawave_0x1x0_3,1212.84,647.99,0.0
gfx950,256,2765,2624,6144,cktile,29,0,73.4958,a8w8_blockscale_cktile_192x256x128_4x2x1_16x16x128_intrawave_0x1x0_4,1213.05,647.94,0.0
gfx950,256,2766,2624,6144,cktile,29,0,73.424,a8w8_blockscale_cktile_192x256x128_4x2x1_16x16x128_intrawave_0x1x0_4,1214.67,648.73,0.0
gfx950,256,2769,2624,6144,cktile,11,0,73.3037,a8w8_blockscale_cktile_192x256x128_4x2x1_16x16x128_intrawave_0x1x0_1,1217.99,650.26,0.0
gfx950,256,2816,2624,6144,cktile,27,0,73.6711,a8w8_blockscale_cktile_192x256x128_4x2x1_16x16x128_intrawave_0x1x0_2,1232.48,654.28,0.0
gfx950,256,2864,2624,6144,cktile,27,0,73.8126,a8w8_blockscale_cktile_192x256x128_4x2x1_16x16x128_intrawave_0x1x0_2,1251.09,660.44,0.0
gfx950,256,2872,2624,6144,cktile,28,0,73.5569,a8w8_blockscale_cktile_192x256x128_4x2x1_16x16x128_intrawave_0x1x0_3,1258.94,663.97,0.0
gfx950,256,2885,2624,6144,cktile,11,0,73.6386,a8w8_blockscale_cktile_192x256x128_4x2x1_16x16x128_intrawave_0x1x0_1,1263.24,665.25,0.0
gfx950,256,2890,2624,6144,cktile,11,0,73.9755,a8w8_blockscale_cktile_192x256x128_4x2x1_16x16x128_intrawave_0x1x0_1,1259.66,662.99,0.0
gfx950,256,2904,2624,6144,cktile,29,0,73.8369,a8w8_blockscale_cktile_192x256x128_4x2x1_16x16x128_intrawave_0x1x0_4,1268.14,666.39,0.0
gfx950,256,2913,2624,6144,cktile,11,0,73.7925,a8w8_blockscale_cktile_192x256x128_4x2x1_16x16x128_intrawave_0x1x0_1,1272.84,668.18,0.0
gfx950,256,2955,2624,6144,cktile,11,0,74.0116,a8w8_blockscale_cktile_192x256x128_4x2x1_16x16x128_intrawave_0x1x0_1,1287.37,672.67,0.0
gfx950,256,2961,2624,6144,cktile,29,0,73.9095,a8w8_blockscale_cktile_192x256x128_4x2x1_16x16x128_intrawave_0x1x0_4,1291.76,674.52,0.0
gfx950,256,2963,2624,6144,cktile,11,0,74.0146,a8w8_blockscale_cktile_192x256x128_4x2x1_16x16x128_intrawave_0x1x0_1,1290.8,673.87,0.0
gfx950,256,2975,2624,6144,cktile,11,0,74.3175,a8w8_blockscale_cktile_192x256x128_4x2x1_16x16x128_intrawave_0x1x0_1,1290.75,672.96,0.0
gfx950,256,2981,2624,6144,cktile,28,0,73.4086,a8w8_blockscale_cktile_192x256x128_4x2x1_16x16x128_intrawave_0x1x0_3,1309.36,682.23,0.0
gfx950,256,2993,2624,6144,cktile,27,0,74.1601,a8w8_blockscale_cktile_192x256x128_4x2x1_16x16x128_intrawave_0x1x0_2,1301.31,677.16,0.0
gfx950,256,2994,2624,6144,cktile,27,0,73.9481,a8w8_blockscale_cktile_192x256x128_4x2x1_16x16x128_intrawave_0x1x0_2,1305.48,679.25,0.0
gfx950,256,3004,2624,6144,cktile,11,0,73.8603,a8w8_blockscale_cktile_192x256x128_4x2x1_16x16x128_intrawave_0x1x0_1,1311.4,681.6,0.0
gfx950,256,3010,2624,6144,cktile,28,0,73.9664,a8w8_blockscale_cktile_192x256x128_4x2x1_16x16x128_intrawave_0x1x0_3,1312.13,681.55,0.0
gfx950,256,3023,2624,6144,cktile,28,0,73.9722,a8w8_blockscale_cktile_192x256x128_4x2x1_16x16x128_intrawave_0x1x0_3,1317.69,683.5,0.0
gfx950,256,3065,2624,6144,cktile,28,0,74.3384,a8w8_blockscale_cktile_192x256x128_4x2x1_16x16x128_intrawave_0x1x0_3,1329.42,686.57,0.0
gfx950,256,3067,2624,6144,cktile,28,0,74.1715,a8w8_blockscale_cktile_192x256x128_4x2x1_16x16x128_intrawave_0x1x0_3,1333.28,688.42,0.0
gfx950,256,3078,2624,6144,cktile,29,0,74.4473,a8w8_blockscale_cktile_192x256x128_4x2x1_16x16x128_intrawave_0x1x0_4,1333.11,687.55,0.0
gfx950,256,3088,2624,6144,cktile,11,0,74.2712,a8w8_blockscale_cktile_192x256x128_4x2x1_16x16x128_intrawave_0x1x0_1,1340.61,690.72,0.0
gfx950,256,3095,2624,6144,cktile,29,0,74.0681,a8w8_blockscale_cktile_192x256x128_4x2x1_16x16x128_intrawave_0x1x0_4,1347.33,693.69,0.0
gfx950,256,3104,2624,6144,cktile,11,0,74.445,a8w8_blockscale_cktile_192x256x128_4x2x1_16x16x128_intrawave_0x1x0_1,1344.41,691.55,0.0
gfx950,256,3132,2624,6144,cktile,11,0,73.4942,a8w8_blockscale_cktile_192x256x128_4x2x1_16x16x128_intrawave_0x1x0_1,1374.09,704.84,0.0
gfx950,256,3172,2624,6144,cktile,11,0,74.3896,a8w8_blockscale_cktile_192x256x128_4x2x1_16x16x128_intrawave_0x1x0_1,1374.88,702.48,0.0
gfx950,256,3193,2624,6144,cktile,27,0,74.0134,a8w8_blockscale_cktile_192x256x128_4x2x1_16x16x128_intrawave_0x1x0_2,1391.02,709.28,0.0
gfx950,256,3200,2624,6144,cktile,28,0,74.3074,a8w8_blockscale_cktile_192x256x128_4x2x1_16x16x128_intrawave_0x1x0_3,1388.55,707.55,0.0
gfx950,256,3201,2624,6144,cktile,27,0,74.4558,a8w8_blockscale_cktile_192x256x128_4x2x1_16x16x128_intrawave_0x1x0_2,1386.22,706.29,0.0
gfx950,256,3204,2624,6144,cktile,11,0,74.4465,a8w8_blockscale_cktile_192x256x128_4x2x1_16x16x128_intrawave_0x1x0_1,1387.69,706.84,0.0
gfx950,256,3207,2624,6144,cktile,28,0,74.3697,a8w8_blockscale_cktile_192x256x128_4x2x1_16x16x128_intrawave_0x1x0_3,1390.43,708.03,0.0
gfx950,256,3222,2624,6144,cktile,29,0,74.2896,a8w8_blockscale_cktile_192x256x128_4x2x1_16x16x128_intrawave_0x1x0_4,1398.44,711.09,0.0
gfx950,256,3226,2624,6144,cktile,11,0,74.4894,a8w8_blockscale_cktile_192x256x128_4x2x1_16x16x128_intrawave_0x1x0_1,1396.42,709.8,0.0
gfx950,256,3228,2624,6144,cktile,11,0,74.5645,a8w8_blockscale_cktile_192x256x128_4x2x1_16x16x128_intrawave_0x1x0_1,1395.87,709.39,0.0
gfx950,256,3248,2624,6144,cktile,29,0,74.6806,a8w8_blockscale_cktile_192x256x128_4x2x1_16x16x128_intrawave_0x1x0_4,1402.34,711.34,0.0
gfx950,256,3275,2624,6144,cktile,29,0,74.6334,a8w8_blockscale_cktile_192x256x128_4x2x1_16x16x128_intrawave_0x1x0_4,1414.89,715.91,0.0
gfx950,256,3278,2624,6144,cktile,27,0,74.7248,a8w8_blockscale_cktile_192x256x128_4x2x1_16x16x128_intrawave_0x1x0_2,1414.46,715.49,0.0
gfx950,256,3306,2624,6144,cktile,28,0,74.1134,a8w8_blockscale_cktile_192x256x128_4x2x1_16x16x128_intrawave_0x1x0_3,1438.31,725.7,0.0
gfx950,256,3325,2624,6144,cktile,11,0,74.7784,a8w8_blockscale_cktile_192x256x128_4x2x1_16x16x128_intrawave_0x1x0_1,1433.71,722.14,0.0
gfx950,256,3334,2624,6144,cktile,29,0,74.6362,a8w8_blockscale_cktile_192x256x128_4x2x1_16x16x128_intrawave_0x1x0_4,1440.33,724.89,0.0
gfx950,256,3344,2624,6144,cktile,27,0,74.3834,a8w8_blockscale_cktile_192x256x128_4x2x1_16x16x128_intrawave_0x1x0_2,1449.56,728.88,0.0
gfx950,256,3345,2624,6144,cktile,28,0,74.6845,a8w8_blockscale_cktile_192x256x128_4x2x1_16x16x128_intrawave_0x1x0_3,1444.14,726.1,0.0
gfx950,256,3431,2624,6144,cktile,27,0,74.8555,a8w8_blockscale_cktile_192x256x128_4x2x1_16x16x128_intrawave_0x1x0_2,1477.89,737.53,0.0
gfx950,256,3433,2624,6144,cktile,27,0,75.1223,a8w8_blockscale_cktile_192x256x128_4x2x1_16x16x128_intrawave_0x1x0_2,1473.5,735.21,0.0
gfx950,256,3442,2624,6144,cktile,29,0,74.5628,a8w8_blockscale_cktile_192x256x128_4x2x1_16x16x128_intrawave_0x1x0_4,1488.45,742.1,0.0
gfx950,256,3466,2624,6144,cktile,11,0,75.2006,a8w8_blockscale_cktile_192x256x128_4x2x1_16x16x128_intrawave_0x1x0_1,1486.11,739.44,0.0
gfx950,256,3495,2624,6144,cktile,27,0,74.9744,a8w8_blockscale_cktile_192x256x128_4x2x1_16x16x128_intrawave_0x1x0_2,1503.07,746.08,0.0
gfx950,256,3506,2624,6144,cktile,27,0,75.1528,a8w8_blockscale_cktile_192x256x128_4x2x1_16x16x128_intrawave_0x1x0_2,1504.22,745.98,0.0
gfx950,256,3515,2624,6144,cktile,27,0,75.147,a8w8_blockscale_cktile_192x256x128_4x2x1_16x16x128_intrawave_0x1x0_2,1508.2,747.4,0.0
gfx950,256,3582,2624,6144,cktile,27,0,75.404,a8w8_blockscale_cktile_192x256x128_4x2x1_16x16x128_intrawave_0x1x0_2,1531.71,754.97,0.0
gfx950,256,3583,2624,6144,cktile,28,0,75.1457,a8w8_blockscale_cktile_192x256x128_4x2x1_16x16x128_intrawave_0x1x0_3,1537.4,757.72,0.0
gfx950,256,3634,2624,6144,cktile,11,0,75.0148,a8w8_blockscale_cktile_192x256x128_4x2x1_16x16x128_intrawave_0x1x0_1,1562.01,766.79,0.0
gfx950,256,3644,2624,6144,cktile,29,0,75.0811,a8w8_blockscale_cktile_192x256x128_4x2x1_16x16x128_intrawave_0x1x0_4,1564.92,767.63,0.0
gfx950,256,3673,2624,6144,cktile,29,0,75.4257,a8w8_blockscale_cktile_192x256x128_4x2x1_16x16x128_intrawave_0x1x0_4,1570.17,768.5,0.0
gfx950,256,3687,2624,6144,cktile,27,0,75.3877,a8w8_blockscale_cktile_192x256x128_4x2x1_16x16x128_intrawave_0x1x0_2,1576.95,771.0,0.0
gfx950,256,3732,2624,6144,cktile,28,0,75.6385,a8w8_blockscale_cktile_192x256x128_4x2x1_16x16x128_intrawave_0x1x0_3,1590.9,775.22,0.0
gfx950,256,3739,2624,6144,cktile,29,0,75.1112,a8w8_blockscale_cktile_192x256x128_4x2x1_16x16x128_intrawave_0x1x0_4,1605.08,781.73,0.0
gfx950,256,3752,2624,6144,cktile,11,0,75.1799,a8w8_blockscale_cktile_192x256x128_4x2x1_16x16x128_intrawave_0x1x0_1,1609.19,782.98,0.0
gfx950,256,3756,2624,6144,cktile,27,0,75.2518,a8w8_blockscale_cktile_192x256x128_4x2x1_16x16x128_intrawave_0x1x0_2,1609.36,782.84,0.0
gfx950,256,3777,2624,6144,cktile,29,0,75.0415,a8w8_blockscale_cktile_192x256x128_4x2x1_16x16x128_intrawave_0x1x0_4,1622.9,788.22,0.0
gfx950,256,3786,2624,6144,cktile,11,0,75.4878,a8w8_blockscale_cktile_192x256x128_4x2x1_16x16x128_intrawave_0x1x0_1,1617.14,784.92,0.0
gfx950,256,3820,2624,6144,cktile,28,0,75.6436,a8w8_blockscale_cktile_192x256x128_4x2x1_16x16x128_intrawave_0x1x0_3,1628.31,788.42,0.0
gfx950,256,3862,2624,6144,cktile,28,0,75.8226,a8w8_blockscale_cktile_192x256x128_4x2x1_16x16x128_intrawave_0x1x0_3,1642.32,792.87,0.0
gfx950,256,3896,2624,6144,cktile,11,0,75.9654,a8w8_blockscale_cktile_192x256x128_4x2x1_16x16x128_intrawave_0x1x0_1,1653.67,796.48,0.0
gfx950,256,3912,2624,6144,cktile,28,0,75.4019,a8w8_blockscale_cktile_192x256x128_4x2x1_16x16x128_intrawave_0x1x0_3,1672.87,804.85,0.0
gfx950,256,3922,2624,6144,cktile,28,0,75.7873,a8w8_blockscale_cktile_192x256x128_4x2x1_16x16x128_intrawave_0x1x0_3,1668.62,802.26,0.0
gfx950,256,3943,2624,6144,cktile,27,0,76.2211,a8w8_blockscale_cktile_192x256x128_4x2x1_16x16x128_intrawave_0x1x0_2,1668.0,800.83,0.0
gfx950,256,3969,2624,6144,cktile,29,0,75.5211,a8w8_blockscale_cktile_192x256x128_4x2x1_16x16x128_intrawave_0x1x0_4,1694.56,812.18,0.0
gfx950,256,3985,2624,6144,cktile,29,0,75.5458,a8w8_blockscale_cktile_192x256x128_4x2x1_16x16x128_intrawave_0x1x0_4,1700.84,814.33,0.0
gfx950,256,4014,2624,6144,cktile,11,0,75.8265,a8w8_blockscale_cktile_192x256x128_4x2x1_16x16x128_intrawave_0x1x0_1,1706.87,815.67,0.0
gfx950,256,4060,2624,6144,cktile,29,0,75.9794,a8w8_blockscale_cktile_192x256x128_4x2x1_16x16x128_intrawave_0x1x0_4,1722.96,820.92,0.0
gfx950,256,4162,2624,6144,cktile,29,0,76.0389,a8w8_blockscale_cktile_192x256x128_4x2x1_16x16x128_intrawave_0x1x0_4,1764.86,835.56,0.0
gfx950,256,4164,2624,6144,cktile,11,0,76.5162,a8w8_blockscale_cktile_192x256x128_4x2x1_16x16x128_intrawave_0x1x0_1,1754.7,830.65,0.0
gfx950,256,4305,2624,6144,cktile,11,0,76.7388,a8w8_blockscale_cktile_192x256x128_4x2x1_16x16x128_intrawave_0x1x0_1,1808.85,849.17,0.0
gfx950,256,4395,2624,6144,cktile,27,0,76.9585,a8w8_blockscale_cktile_192x256x128_4x2x1_16x16x128_intrawave_0x1x0_2,1841.4,860.07,0.0
gfx950,256,4460,2624,6144,cktile,11,0,119.6385,a8w8_blockscale_cktile_192x256x128_4x2x1_16x16x128_intrawave_0x1x0_1,1202.01,559.44,0.0
gfx950,256,4552,2624,6144,cktile,27,0,120.1678,a8w8_blockscale_cktile_192x256x128_4x2x1_16x16x128_intrawave_0x1x0_2,1221.4,565.69,0.0
gfx950,256,4564,2624,6144,ck,0,0,120.1142,a8w8_blockscale_1x128x128_256x128x128x128_16x16_32x32_2x2_8x32x1_8x32x1_1x32x1x8_8_1x1_intrawave_v3,1225.17,567.08,0.0
gfx950,256,4569,2624,6144,ck,0,0,118.1624,a8w8_blockscale_1x128x128_256x128x128x128_16x16_32x32_2x2_8x32x1_8x32x1_1x32x1x8_8_1x1_intrawave_v3,1246.77,576.93,0.0
gfx950,256,4579,2624,6144,cktile,27,0,120.5615,a8w8_blockscale_cktile_192x256x128_4x2x1_16x16x128_intrawave_0x1x0_2,1224.64,566.4,0.0
gfx950,256,4606,2624,6144,cktile,29,0,120.5644,a8w8_blockscale_cktile_192x256x128_4x2x1_16x16x128_intrawave_0x1x0_4,1231.83,568.94,0.0
gfx950,256,4615,2624,6144,cktile,28,0,124.1395,a8w8_blockscale_cktile_192x256x128_4x2x1_16x16x128_intrawave_0x1x0_3,1198.69,553.38,0.0
gfx950,256,4640,2624,6144,cktile,27,0,126.7027,a8w8_blockscale_cktile_192x256x128_4x2x1_16x16x128_intrawave_0x1x0_2,1180.8,544.43,0.0
gfx950,256,4641,2624,6144,cktile,29,0,128.0875,a8w8_blockscale_cktile_192x256x128_4x2x1_16x16x128_intrawave_0x1x0_4,1168.29,538.63,0.0
gfx950,256,4806,2624,6144,cktile,28,0,140.0429,a8w8_blockscale_cktile_192x256x128_4x2x1_16x16x128_intrawave_0x1x0_3,1106.54,506.07,0.0
gfx950,256,4838,2624,6144,cktile,29,0,139.9567,a8w8_blockscale_cktile_192x256x128_4x2x1_16x16x128_intrawave_0x1x0_4,1114.6,508.99,0.0
gfx950,256,4873,2624,6144,cktile,11,0,140.8083,a8w8_blockscale_cktile_192x256x128_4x2x1_16x16x128_intrawave_0x1x0_1,1115.87,508.74,0.0
gfx950,256,4901,2624,6144,cktile,27,0,140.1705,a8w8_blockscale_cktile_192x256x128_4x2x1_16x16x128_intrawave_0x1x0_2,1127.39,513.33,0.0
gfx950,256,4918,2624,6144,cktile,29,0,140.0399,a8w8_blockscale_cktile_192x256x128_4x2x1_16x16x128_intrawave_0x1x0_4,1132.35,515.19,0.0
gfx950,256,4938,2624,6144,cktile,11,0,140.7616,a8w8_blockscale_cktile_192x256x128_4x2x1_16x16x128_intrawave_0x1x0_1,1131.13,514.17,0.0
gfx950,256,5015,2624,6144,cktile,27,0,140.3104,a8w8_blockscale_cktile_192x256x128_4x2x1_16x16x128_intrawave_0x1x0_2,1152.46,522.08,0.0
gfx950,256,5031,2624,6144,cktile,29,0,140.2057,a8w8_blockscale_cktile_192x256x128_4x2x1_16x16x128_intrawave_0x1x0_4,1157.0,523.77,0.0
gfx950,256,5033,2624,6144,cktile,29,0,140.3762,a8w8_blockscale_cktile_192x256x128_4x2x1_16x16x128_intrawave_0x1x0_4,1156.05,523.29,0.0
gfx950,256,5051,2624,6144,cktile,27,0,140.4614,a8w8_blockscale_cktile_192x256x128_4x2x1_16x16x128_intrawave_0x1x0_2,1159.49,524.43,0.0
gfx950,256,5164,2624,6144,cktile,27,0,140.1145,a8w8_blockscale_cktile_192x256x128_4x2x1_16x16x128_intrawave_0x1x0_2,1188.36,534.92,0.0
gfx950,256,5207,2624,6144,cktile,29,0,140.0445,a8w8_blockscale_cktile_192x256x128_4x2x1_16x16x128_intrawave_0x1x0_4,1198.85,538.69,0.0
gfx950,256,5298,2624,6144,cktile,28,0,140.975,a8w8_blockscale_cktile_192x256x128_4x2x1_16x16x128_intrawave_0x1x0_3,1211.76,542.48,0.0
gfx950,256,5307,2624,6144,cktile,29,0,140.695,a8w8_blockscale_cktile_192x256x128_4x2x1_16x16x128_intrawave_0x1x0_4,1216.23,544.29,0.0
gfx950,256,5343,2624,6144,cktile,29,0,140.6716,a8w8_blockscale_cktile_192x256x128_4x2x1_16x16x128_intrawave_0x1x0_4,1224.68,547.3,0.0
gfx950,256,5564,2624,6144,cktile,11,0,141.4354,a8w8_blockscale_cktile_192x256x128_4x2x1_16x16x128_intrawave_0x1x0_1,1268.45,562.14,0.0
gfx950,256,5607,2624,6144,cktile,11,0,141.5183,a8w8_blockscale_cktile_192x256x128_4x2x1_16x16x128_intrawave_0x1x0_1,1277.51,565.28,0.0
gfx950,256,5737,2624,6144,cktile,29,0,141.2952,a8w8_blockscale_cktile_192x256x128_4x2x1_16x16x128_intrawave_0x1x0_4,1309.19,576.65,0.0
gfx950,256,5918,2624,6144,cktile,27,0,142.8654,a8w8_blockscale_cktile_192x256x128_4x2x1_16x16x128_intrawave_0x1x0_2,1335.65,584.74,0.0
gfx950,256,5959,2624,6144,cktile,29,0,142.5512,a8w8_blockscale_cktile_192x256x128_4x2x1_16x16x128_intrawave_0x1x0_4,1347.87,589.31,0.0
gfx950,256,5989,2624,6144,cktile,27,0,142.1216,a8w8_blockscale_cktile_192x256x128_4x2x1_16x16x128_intrawave_0x1x0_2,1358.75,593.5,0.0
gfx950,256,6012,2624,6144,cktile,11,0,141.7987,a8w8_blockscale_cktile_192x256x128_4x2x1_16x16x128_intrawave_0x1x0_1,1367.07,596.69,0.0
gfx950,256,6296,2624,6144,cktile,11,0,142.074,a8w8_blockscale_cktile_192x256x128_4x2x1_16x16x128_intrawave_0x1x0_1,1428.88,618.31,0.0
gfx950,256,6310,2624,6144,cktile,11,0,142.3471,a8w8_blockscale_cktile_192x256x128_4x2x1_16x16x128_intrawave_0x1x0_1,1429.31,618.24,0.0
gfx950,256,6340,2624,6144,cktile,11,0,142.4862,a8w8_blockscale_cktile_192x256x128_4x2x1_16x16x128_intrawave_0x1x0_1,1434.7,620.04,0.0
gfx950,256,6540,2624,6144,cktile,27,0,143.0396,a8w8_blockscale_cktile_192x256x128_4x2x1_16x16x128_intrawave_0x1x0_2,1474.23,633.57,0.0
gfx950,256,6547,2624,6144,cktile,27,0,142.4482,a8w8_blockscale_cktile_192x256x128_4x2x1_16x16x128_intrawave_0x1x0_2,1481.94,636.76,0.0
gfx950,256,6628,2624,6144,cktile,27,0,143.4383,a8w8_blockscale_cktile_192x256x128_4x2x1_16x16x128_intrawave_0x1x0_2,1489.92,638.8,0.0
gfx950,256,6784,2624,6144,cktile,11,0,143.045,a8w8_blockscale_cktile_192x256x128_4x2x1_16x16x128_intrawave_0x1x0_1,1529.18,652.98,0.0
gfx950,256,6927,2624,6144,cktile,27,0,143.494,a8w8_blockscale_cktile_192x256x128_4x2x1_16x16x128_intrawave_0x1x0_2,1556.53,662.29,0.0
gfx950,256,7026,2624,6144,cktile,28,0,143.2179,a8w8_blockscale_cktile_192x256x128_4x2x1_16x16x128_intrawave_0x1x0_3,1581.82,671.44,0.0
gfx950,256,7228,2624,6144,cktile,27,0,144.0067,a8w8_blockscale_cktile_192x256x128_4x2x1_16x16x128_intrawave_0x1x0_2,1618.38,683.74,0.0
gfx950,256,7456,2624,6144,cktile,29,0,144.9563,a8w8_blockscale_cktile_192x256x128_4x2x1_16x16x128_intrawave_0x1x0_4,1658.49,697.18,0.0
gfx950,256,7501,2624,6144,cktile,27,0,144.2675,a8w8_blockscale_cktile_192x256x128_4x2x1_16x16x128_intrawave_0x1x0_2,1676.47,704.06,0.0
gfx950,256,7703,2624,6144,cktile,28,0,144.5714,a8w8_blockscale_cktile_192x256x128_4x2x1_16x16x128_intrawave_0x1x0_3,1718.0,718.5,0.0
gfx950,256,7861,2624,6144,cktile,29,0,145.293,a8w8_blockscale_cktile_192x256x128_4x2x1_16x16x128_intrawave_0x1x0_4,1744.53,727.32,0.0
gfx950,256,8051,2624,6144,cktile,11,0,145.7983,a8w8_blockscale_cktile_192x256x128_4x2x1_16x16x128_intrawave_0x1x0_1,1780.5,739.64,0.0
gfx950,256,8150,2624,6144,cktile,27,0,143.8635,a8w8_blockscale_cktile_192x256x128_4x2x1_16x16x128_intrawave_0x1x0_2,1826.64,757.43,0.0
gfx950,256,8192,2624,6144,cktile,29,0,144.7186,a8w8_blockscale_cktile_192x256x128_4x2x1_16x16x128_intrawave_0x1x0_4,1825.2,756.26,0.0
gfx950,256,2051,6144,2048,cktile,27,0,50.7545,a8w8_blockscale_cktile_192x256x128_4x2x1_16x16x128_intrawave_0x1x0_2,1016.96,827.24,0.0
gfx950,256,2053,6144,2048,cktile,27,0,50.7798,a8w8_blockscale_cktile_192x256x128_4x2x1_16x16x128_intrawave_0x1x0_2,1017.44,827.39,0.0
gfx950,256,2061,6144,2048,cktile,29,0,50.769,a8w8_blockscale_cktile_192x256x128_4x2x1_16x16x128_intrawave_0x1x0_4,1021.62,829.83,0.0
gfx950,256,2070,6144,2048,cktile,27,0,50.8738,a8w8_blockscale_cktile_192x256x128_4x2x1_16x16x128_intrawave_0x1x0_2,1023.97,830.65,0.0
gfx950,256,2085,6144,2048,cktile,28,0,50.8929,a8w8_blockscale_cktile_192x256x128_4x2x1_16x16x128_intrawave_0x1x0_3,1031.0,834.57,0.0
gfx950,256,2091,6144,2048,cktile,28,0,50.8114,a8w8_blockscale_cktile_192x256x128_4x2x1_16x16x128_intrawave_0x1x0_3,1035.63,837.6,0.0
gfx950,256,2092,6144,2048,cktile,29,0,50.9878,a8w8_blockscale_cktile_192x256x128_4x2x1_16x16x128_intrawave_0x1x0_4,1032.54,834.98,0.0
gfx950,256,2096,6144,2048,cktile,27,0,50.7673,a8w8_blockscale_cktile_192x256x128_4x2x1_16x16x128_intrawave_0x1x0_2,1039.01,839.74,0.0
gfx950,256,2104,6144,2048,cktile,27,0,50.9026,a8w8_blockscale_cktile_192x256x128_4x2x1_16x16x128_intrawave_0x1x0_2,1040.2,839.76,0.0
gfx950,256,2107,6144,2048,cktile,27,0,51.1224,a8w8_blockscale_cktile_192x256x128_4x2x1_16x16x128_intrawave_0x1x0_2,1037.2,836.99,0.0
gfx950,256,2114,6144,2048,cktile,28,0,50.9276,a8w8_blockscale_cktile_192x256x128_4x2x1_16x16x128_intrawave_0x1x0_3,1044.63,842.16,0.0
gfx950,256,2116,6144,2048,cktile,27,0,50.7472,a8w8_blockscale_cktile_192x256x128_4x2x1_16x16x128_intrawave_0x1x0_2,1049.34,845.72,0.0
gfx950,256,2121,6144,2048,cktile,27,0,51.592,a8w8_blockscale_cktile_192x256x128_4x2x1_16x16x128_intrawave_0x1x0_2,1034.59,833.26,0.0
gfx950,256,2123,6144,2048,cktile,27,0,52.0293,a8w8_blockscale_cktile_192x256x128_4x2x1_16x16x128_intrawave_0x1x0_2,1026.86,826.81,0.0
gfx950,256,2124,6144,2048,cktile,29,0,51.8189,a8w8_blockscale_cktile_192x256x128_4x2x1_16x16x128_intrawave_0x1x0_4,1031.52,830.44,0.0
gfx950,256,2150,6144,2048,cktile,29,0,53.9817,a8w8_blockscale_cktile_192x256x128_4x2x1_16x16x128_intrawave_0x1x0_4,1002.31,804.07,0.0
gfx950,256,2156,6144,2048,cktile,29,0,54.4755,a8w8_blockscale_cktile_192x256x128_4x2x1_16x16x128_intrawave_0x1x0_4,996.0,798.36,0.0
gfx950,256,2168,6144,2048,cktile,27,0,55.1648,a8w8_blockscale_cktile_192x256x128_4x2x1_16x16x128_intrawave_0x1x0_2,989.03,791.51,0.0
gfx950,256,2177,6144,2048,cktile,28,0,55.2314,a8w8_blockscale_cktile_192x256x128_4x2x1_16x16x128_intrawave_0x1x0_3,991.94,792.89,0.0
gfx950,256,2191,6144,2048,cktile,27,0,55.326,a8w8_blockscale_cktile_192x256x128_4x2x1_16x16x128_intrawave_0x1x0_2,996.61,795.16,0.0
gfx950,256,2199,6144,2048,cktile,27,0,55.6594,a8w8_blockscale_cktile_192x256x128_4x2x1_16x16x128_intrawave_0x1x0_2,994.26,792.46,0.0
gfx950,256,2202,6144,2048,cktile,27,0,55.6163,a8w8_blockscale_cktile_192x256x128_4x2x1_16x16x128_intrawave_0x1x0_2,996.38,793.85,0.0
gfx950,256,2203,6144,2048,cktile,27,0,55.2216,a8w8_blockscale_cktile_192x256x128_4x2x1_16x16x128_intrawave_0x1x0_2,1003.96,799.78,0.0
gfx950,256,2212,6144,2048,cktile,28,0,55.8347,a8w8_blockscale_cktile_192x256x128_4x2x1_16x16x128_intrawave_0x1x0_3,996.99,793.31,0.0
gfx950,256,2213,6144,2048,cktile,11,0,55.8957,a8w8_blockscale_cktile_192x256x128_4x2x1_16x16x128_intrawave_0x1x0_1,996.36,792.7,0.0
gfx950,256,2230,6144,2048,cktile,28,0,55.9587,a8w8_blockscale_cktile_192x256x128_4x2x1_16x16x128_intrawave_0x1x0_3,1002.88,796.16,0.0
gfx950,256,2231,6144,2048,cktile,27,0,56.0837,a8w8_blockscale_cktile_192x256x128_4x2x1_16x16x128_intrawave_0x1x0_2,1001.09,794.64,0.0
gfx950,256,2241,6144,2048,cktile,27,0,56.2601,a8w8_blockscale_cktile_192x256x128_4x2x1_16x16x128_intrawave_0x1x0_2,1002.43,794.7,0.0
gfx950,256,2248,6144,2048,cktile,28,0,56.4792,a8w8_blockscale_cktile_192x256x128_4x2x1_16x16x128_intrawave_0x1x0_3,1001.66,793.39,0.0
gfx950,256,2250,6144,2048,cktile,28,0,56.4266,a8w8_blockscale_cktile_192x256x128_4x2x1_16x16x128_intrawave_0x1x0_3,1003.48,794.64,0.0
gfx950,256,2267,6144,2048,cktile,27,0,56.7949,a8w8_blockscale_cktile_192x256x128_4x2x1_16x16x128_intrawave_0x1x0_2,1004.51,793.78,0.0
gfx950,256,2268,6144,2048,cktile,29,0,56.5941,a8w8_blockscale_cktile_192x256x128_4x2x1_16x16x128_intrawave_0x1x0_4,1008.52,796.85,0.0
gfx950,256,2279,6144,2048,cktile,27,0,57.0572,a8w8_blockscale_cktile_192x256x128_4x2x1_16x16x128_intrawave_0x1x0_2,1005.18,793.15,0.0
gfx950,256,2287,6144,2048,cktile,27,0,56.9286,a8w8_blockscale_cktile_192x256x128_4x2x1_16x16x128_intrawave_0x1x0_2,1010.99,796.95,0.0
gfx950,256,2296,6144,2048,cktile,11,0,56.9712,a8w8_blockscale_cktile_192x256x128_4x2x1_16x16x128_intrawave_0x1x0_1,1014.21,798.62,0.0
gfx950,256,2310,6144,2048,cktile,29,0,56.6948,a8w8_blockscale_cktile_192x256x128_4x2x1_16x16x128_intrawave_0x1x0_4,1025.37,806.05,0.0
gfx950,256,2315,6144,2048,cktile,27,0,57.2305,a8w8_blockscale_cktile_192x256x128_4x2x1_16x16x128_intrawave_0x1x0_2,1017.97,799.76,0.0
gfx950,256,2350,6144,2048,cktile,11,0,57.2332,a8w8_blockscale_cktile_192x256x128_4x2x1_16x16x128_intrawave_0x1x0_1,1033.31,808.49,0.0
gfx950,256,2353,6144,2048,cktile,29,0,57.0293,a8w8_blockscale_cktile_192x256x128_4x2x1_16x16x128_intrawave_0x1x0_4,1038.33,812.14,0.0
gfx950,256,2354,6144,2048,cktile,28,0,57.4831,a8w8_blockscale_cktile_192x256x128_4x2x1_16x16x128_intrawave_0x1x0_3,1030.57,805.97,0.0
gfx950,256,2374,6144,2048,cktile,28,0,56.9489,a8w8_blockscale_cktile_192x256x128_4x2x1_16x16x128_intrawave_0x1x0_3,1049.07,818.57,0.0
gfx950,256,2381,6144,2048,cktile,29,0,57.1778,a8w8_blockscale_cktile_192x256x128_4x2x1_16x16x128_intrawave_0x1x0_4,1047.96,817.05,0.0
gfx950,256,2387,6144,2048,cktile,11,0,57.0914,a8w8_blockscale_cktile_192x256x128_4x2x1_16x16x128_intrawave_0x1x0_1,1052.19,819.79,0.0
gfx950,256,2389,6144,2048,cktile,29,0,57.2682,a8w8_blockscale_cktile_192x256x128_4x2x1_16x16x128_intrawave_0x1x0_4,1049.82,817.76,0.0
gfx950,256,2403,6144,2048,cktile,29,0,57.0521,a8w8_blockscale_cktile_192x256x128_4x2x1_16x16x128_intrawave_0x1x0_4,1059.97,824.37,0.0
gfx950,256,2406,6144,2048,cktile,11,0,57.0765,a8w8_blockscale_cktile_192x256x128_4x2x1_16x16x128_intrawave_0x1x0_1,1060.84,824.78,0.0
gfx950,256,2421,6144,2048,cktile,27,0,56.8949,a8w8_blockscale_cktile_192x256x128_4x2x1_16x16x128_intrawave_0x1x0_2,1070.86,831.19,0.0
gfx950,256,2423,6144,2048,cktile,29,0,56.987,a8w8_blockscale_cktile_192x256x128_4x2x1_16x16x128_intrawave_0x1x0_4,1070.01,830.35,0.0
gfx950,256,2428,6144,2048,cktile,11,0,56.9209,a8w8_blockscale_cktile_192x256x128_4x2x1_16x16x128_intrawave_0x1x0_1,1073.47,832.57,0.0
gfx950,256,2433,6144,2048,cktile,28,0,57.1416,a8w8_blockscale_cktile_192x256x128_4x2x1_16x16x128_intrawave_0x1x0_3,1071.52,830.61,0.0
gfx950,256,2445,6144,2048,cktile,28,0,57.1416,a8w8_blockscale_cktile_192x256x128_4x2x1_16x16x128_intrawave_0x1x0_3,1076.81,833.62,0.0
gfx950,256,2455,6144,2048,cktile,11,0,57.1631,a8w8_blockscale_cktile_192x256x128_4x2x1_16x16x128_intrawave_0x1x0_1,1080.8,835.82,0.0
gfx950,256,2463,6144,2048,cktile,27,0,56.8955,a8w8_blockscale_cktile_192x256x128_4x2x1_16x16x128_intrawave_0x1x0_2,1089.43,841.76,0.0
gfx950,256,2467,6144,2048,cktile,27,0,56.938,a8w8_blockscale_cktile_192x256x128_4x2x1_16x16x128_intrawave_0x1x0_2,1090.38,842.14,0.0
gfx950,256,2473,6144,2048,cktile,28,0,56.9628,a8w8_blockscale_cktile_192x256x128_4x2x1_16x16x128_intrawave_0x1x0_3,1092.56,843.28,0.0
gfx950,256,2478,6144,2048,cktile,29,0,56.9576,a8w8_blockscale_cktile_192x256x128_4x2x1_16x16x128_intrawave_0x1x0_4,1094.87,844.62,0.0
gfx950,256,2483,6144,2048,cktile,29,0,57.6433,a8w8_blockscale_cktile_192x256x128_4x2x1_16x16x128_intrawave_0x1x0_4,1084.02,835.82,0.0
gfx950,256,2485,6144,2048,cktile,11,0,57.3769,a8w8_blockscale_cktile_192x256x128_4x2x1_16x16x128_intrawave_0x1x0_1,1089.93,840.2,0.0
gfx950,256,2487,6144,2048,cktile,28,0,57.4147,a8w8_blockscale_cktile_192x256x128_4x2x1_16x16x128_intrawave_0x1x0_3,1090.09,840.14,0.0
gfx950,256,2503,6144,2048,cktile,11,0,57.0605,a8w8_blockscale_cktile_192x256x128_4x2x1_16x16x128_intrawave_0x1x0_1,1103.92,849.38,0.0
gfx950,256,2531,6144,2048,cktile,28,0,57.5118,a8w8_blockscale_cktile_192x256x128_4x2x1_16x16x128_intrawave_0x1x0_3,1107.51,849.69,0.0
gfx950,256,2544,6144,2048,cktile,11,0,57.3223,a8w8_blockscale_cktile_192x256x128_4x2x1_16x16x128_intrawave_0x1x0_1,1116.88,855.75,0.0
gfx950,256,2546,6144,2048,cktile,27,0,57.364,a8w8_blockscale_cktile_192x256x128_4x2x1_16x16x128_intrawave_0x1x0_2,1116.94,855.63,0.0
gfx950,256,2575,6144,2048,cktile,28,0,57.4059,a8w8_blockscale_cktile_192x256x128_4x2x1_16x16x128_intrawave_0x1x0_3,1128.84,862.25,0.0
gfx950,256,2581,6144,2048,cktile,29,0,57.2855,a8w8_blockscale_cktile_192x256x128_4x2x1_16x16x128_intrawave_0x1x0_4,1133.85,865.56,0.0
gfx950,256,2582,6144,2048,cktile,11,0,57.405,a8w8_blockscale_cktile_192x256x128_4x2x1_16x16x128_intrawave_0x1x0_1,1131.93,864.01,0.0
gfx950,256,2585,6144,2048,cktile,29,0,57.3543,a8w8_blockscale_cktile_192x256x128_4x2x1_16x16x128_intrawave_0x1x0_4,1134.24,865.52,0.0
gfx950,256,2593,6144,2048,cktile,27,0,57.7188,a8w8_blockscale_cktile_192x256x128_4x2x1_16x16x128_intrawave_0x1x0_2,1130.57,862.04,0.0
gfx950,256,2599,6144,2048,cktile,28,0,57.3833,a8w8_blockscale_cktile_192x256x128_4x2x1_16x16x128_intrawave_0x1x0_3,1139.81,868.58,0.0
gfx950,256,2608,6144,2048,cktile,29,0,57.3783,a8w8_blockscale_cktile_192x256x128_4x2x1_16x16x128_intrawave_0x1x0_4,1143.86,870.91,0.0
gfx950,256,2618,6144,2048,cktile,29,0,57.1893,a8w8_blockscale_cktile_192x256x128_4x2x1_16x16x128_intrawave_0x1x0_4,1152.04,876.29,0.0
gfx950,256,2621,6144,2048,cktile,28,0,57.5233,a8w8_blockscale_cktile_192x256x128_4x2x1_16x16x128_intrawave_0x1x0_3,1146.66,871.95,0.0
gfx950,256,2627,6144,2048,cktile,29,0,56.9496,a8w8_blockscale_cktile_192x256x128_4x2x1_16x16x128_intrawave_0x1x0_4,1160.86,882.25,0.0
gfx950,256,2639,6144,2048,cktile,29,0,57.2339,a8w8_blockscale_cktile_192x256x128_4x2x1_16x16x128_intrawave_0x1x0_4,1160.37,880.87,0.0
gfx950,256,2675,6144,2048,cktile,27,0,57.6345,a8w8_blockscale_cktile_192x256x128_4x2x1_16x16x128_intrawave_0x1x0_2,1168.03,883.7,0.0
gfx950,256,2676,6144,2048,cktile,11,0,57.5698,a8w8_blockscale_cktile_192x256x128_4x2x1_16x16x128_intrawave_0x1x0_1,1169.78,884.94,0.0
gfx950,256,2678,6144,2048,cktile,27,0,57.3338,a8w8_blockscale_cktile_192x256x128_4x2x1_16x16x128_intrawave_0x1x0_2,1175.47,889.09,0.0
gfx950,256,2699,6144,2048,cktile,28,0,57.7307,a8w8_blockscale_cktile_192x256x128_4x2x1_16x16x128_intrawave_0x1x0_3,1176.54,888.19,0.0
gfx950,256,2737,6144,2048,cktile,29,0,57.4645,a8w8_blockscale_cktile_192x256x128_4x2x1_16x16x128_intrawave_0x1x0_4,1198.63,901.78,0.0
gfx950,256,2748,6144,2048,cktile,29,0,57.6515,a8w8_blockscale_cktile_192x256x128_4x2x1_16x16x128_intrawave_0x1x0_4,1199.55,901.59,0.0
gfx950,256,2753,6144,2048,cktile,11,0,58.0313,a8w8_blockscale_cktile_192x256x128_4x2x1_16x16x128_intrawave_0x1x0_1,1193.86,896.93,0.0
gfx950,256,2757,6144,2048,cktile,28,0,57.9359,a8w8_blockscale_cktile_192x256x128_4x2x1_16x16x128_intrawave_0x1x0_3,1197.57,899.4,0.0
gfx950,256,2758,6144,2048,cktile,27,0,57.5856,a8w8_blockscale_cktile_192x256x128_4x2x1_16x16x128_intrawave_0x1x0_2,1205.29,905.12,0.0
gfx950,256,2759,6144,2048,cktile,29,0,58.1303,a8w8_blockscale_cktile_192x256x128_4x2x1_16x16x128_intrawave_0x1x0_4,1194.43,896.88,0.0
gfx950,256,2763,6144,2048,cktile,28,0,57.9922,a8w8_blockscale_cktile_192x256x128_4x2x1_16x16x128_intrawave_0x1x0_3,1199.01,900.01,0.0
gfx950,256,2765,6144,2048,cktile,27,0,57.7545,a8w8_blockscale_cktile_192x256x128_4x2x1_16x16x128_intrawave_0x1x0_2,1204.82,904.21,0.0
gfx950,256,2766,6144,2048,cktile,11,0,57.7971,a8w8_blockscale_cktile_192x256x128_4x2x1_16x16x128_intrawave_0x1x0_1,1204.36,903.79,0.0
gfx950,256,2769,6144,2048,cktile,29,0,57.6027,a8w8_blockscale_cktile_192x256x128_4x2x1_16x16x128_intrawave_0x1x0_4,1209.74,907.58,0.0
gfx950,256,2816,6144,2048,cktile,29,0,57.4465,a8w8_blockscale_cktile_192x256x128_4x2x1_16x16x128_intrawave_0x1x0_4,1233.62,921.78,0.0
gfx950,256,2864,6144,2048,cktile,29,0,57.7456,a8w8_blockscale_cktile_192x256x128_4x2x1_16x16x128_intrawave_0x1x0_4,1248.15,928.92,0.0
gfx950,256,2872,6144,2048,cktile,11,0,57.6829,a8w8_blockscale_cktile_192x256x128_4x2x1_16x16x128_intrawave_0x1x0_1,1252.99,931.92,0.0
gfx950,256,2885,6144,2048,cktile,27,0,57.916,a8w8_blockscale_cktile_192x256x128_4x2x1_16x16x128_intrawave_0x1x0_2,1253.6,931.39,0.0
gfx950,256,2890,6144,2048,cktile,29,0,57.8101,a8w8_blockscale_cktile_192x256x128_4x2x1_16x16x128_intrawave_0x1x0_4,1258.07,934.33,0.0
gfx950,256,2904,6144,2048,cktile,11,0,58.2495,a8w8_blockscale_cktile_192x256x128_4x2x1_16x16x128_intrawave_0x1x0_1,1254.63,930.73,0.0
gfx950,256,2913,6144,2048,cktile,29,0,57.7743,a8w8_blockscale_cktile_192x256x128_4x2x1_16x16x128_intrawave_0x1x0_4,1268.87,940.62,0.0
gfx950,256,2955,6144,2048,cktile,29,0,57.7751,a8w8_blockscale_cktile_192x256x128_4x2x1_16x16x128_intrawave_0x1x0_4,1287.15,951.03,0.0
gfx950,256,2961,6144,2048,cktile,27,0,58.0755,a8w8_blockscale_cktile_192x256x128_4x2x1_16x16x128_intrawave_0x1x0_2,1283.09,947.59,0.0
gfx950,256,2963,6144,2048,cktile,29,0,57.7946,a8w8_blockscale_cktile_192x256x128_4x2x1_16x16x128_intrawave_0x1x0_4,1290.2,952.69,0.0
gfx950,256,2975,6144,2048,cktile,29,0,58.1827,a8w8_blockscale_cktile_192x256x128_4x2x1_16x16x128_intrawave_0x1x0_4,1286.78,949.29,0.0
gfx950,256,2981,6144,2048,cktile,27,0,58.0546,a8w8_blockscale_cktile_192x256x128_4x2x1_16x16x128_intrawave_0x1x0_2,1292.22,952.87,0.0
gfx950,256,2993,6144,2048,cktile,27,0,57.9169,a8w8_blockscale_cktile_192x256x128_4x2x1_16x16x128_intrawave_0x1x0_2,1300.51,958.11,0.0
gfx950,256,2994,6144,2048,cktile,29,0,57.9561,a8w8_blockscale_cktile_192x256x128_4x2x1_16x16x128_intrawave_0x1x0_4,1300.06,957.71,0.0
gfx950,256,3004,6144,2048,cktile,27,0,57.9975,a8w8_blockscale_cktile_192x256x128_4x2x1_16x16x128_intrawave_0x1x0_2,1303.47,959.49,0.0
gfx950,256,3088,6144,2048,cktile,29,0,57.8401,a8w8_blockscale_cktile_192x256x128_4x2x1_16x16x128_intrawave_0x1x0_4,1343.57,982.92,0.0
gfx950,256,3095,6144,2048,cktile,28,0,58.3677,a8w8_blockscale_cktile_192x256x128_4x2x1_16x16x128_intrawave_0x1x0_3,1334.44,975.76,0.0
gfx950,256,3104,6144,2048,cktile,11,0,58.2188,a8w8_blockscale_cktile_192x256x128_4x2x1_16x16x128_intrawave_0x1x0_1,1341.74,980.47,0.0
gfx950,256,3132,6144,2048,cktile,27,0,58.497,a8w8_blockscale_cktile_192x256x128_4x2x1_16x16x128_intrawave_0x1x0_2,1347.41,982.67,0.0
gfx950,256,3172,6144,2048,cktile,11,0,58.0266,a8w8_blockscale_cktile_192x256x128_4x2x1_16x16x128_intrawave_0x1x0_1,1375.68,1000.52,0.0
gfx950,256,3193,6144,2048,cktile,27,0,57.7889,a8w8_blockscale_cktile_192x256x128_4x2x1_16x16x128_intrawave_0x1x0_2,1390.48,1009.84,0.0
gfx950,256,3200,6144,2048,cktile,11,0,57.9477,a8w8_blockscale_cktile_192x256x128_4x2x1_16x16x128_intrawave_0x1x0_1,1389.71,1008.81,0.0
gfx950,256,3201,6144,2048,cktile,29,0,58.3056,a8w8_blockscale_cktile_192x256x128_4x2x1_16x16x128_intrawave_0x1x0_4,1381.61,1002.86,0.0
gfx950,256,3204,6144,2048,cktile,28,0,57.8183,a8w8_blockscale_cktile_192x256x128_4x2x1_16x16x128_intrawave_0x1x0_3,1394.56,1012.06,0.0
gfx950,256,3207,6144,2048,cktile,29,0,58.464,a8w8_blockscale_cktile_192x256x128_4x2x1_16x16x128_intrawave_0x1x0_4,1380.45,1001.62,0.0
gfx950,256,3222,6144,2048,cktile,29,0,58.2108,a8w8_blockscale_cktile_192x256x128_4x2x1_16x16x128_intrawave_0x1x0_4,1392.94,1009.67,0.0
gfx950,256,3226,6144,2048,cktile,27,0,58.1302,a8w8_blockscale_cktile_192x256x128_4x2x1_16x16x128_intrawave_0x1x0_2,1396.61,1012.05,0.0
gfx950,256,3228,6144,2048,cktile,27,0,58.5133,a8w8_blockscale_cktile_192x256x128_4x2x1_16x16x128_intrawave_0x1x0_2,1388.32,1005.92,0.0
gfx950,256,3248,6144,2048,cktile,29,0,57.9074,a8w8_blockscale_cktile_192x256x128_4x2x1_16x16x128_intrawave_0x1x0_4,1411.54,1021.39,0.0
gfx950,256,3275,6144,2048,cktile,28,0,58.7061,a8w8_blockscale_cktile_192x256x128_4x2x1_16x16x128_intrawave_0x1x0_3,1403.91,1014.09,0.0
gfx950,256,3278,6144,2048,cktile,27,0,58.6465,a8w8_blockscale_cktile_192x256x128_4x2x1_16x16x128_intrawave_0x1x0_2,1406.62,1015.85,0.0
gfx950,256,3306,6144,2048,cktile,27,0,58.6511,a8w8_blockscale_cktile_192x256x128_4x2x1_16x16x128_intrawave_0x1x0_2,1418.53,1022.62,0.0
gfx950,256,3325,6144,2048,cktile,28,0,58.7614,a8w8_blockscale_cktile_192x256x128_4x2x1_16x16x128_intrawave_0x1x0_3,1424.0,1025.33,0.0
gfx950,256,3334,6144,2048,cktile,27,0,58.1902,a8w8_blockscale_cktile_192x256x128_4x2x1_16x16x128_intrawave_0x1x0_2,1441.87,1037.62,0.0
gfx950,256,3344,6144,2048,cktile,28,0,58.3565,a8w8_blockscale_cktile_192x256x128_4x2x1_16x16x128_intrawave_0x1x0_3,1442.08,1037.12,0.0
gfx950,256,3345,6144,2048,cktile,27,0,58.5972,a8w8_blockscale_cktile_192x256x128_4x2x1_16x16x128_intrawave_0x1x0_2,1436.58,1033.1,0.0
gfx950,256,3431,6144,2048,cktile,27,0,58.5951,a8w8_blockscale_cktile_192x256x128_4x2x1_16x16x128_intrawave_0x1x0_2,1473.57,1054.18,0.0
gfx950,256,3433,6144,2048,cktile,27,0,58.6829,a8w8_blockscale_cktile_192x256x128_4x2x1_16x16x128_intrawave_0x1x0_2,1472.22,1053.09,0.0
gfx950,256,3442,6144,2048,cktile,28,0,58.6054,a8w8_blockscale_cktile_192x256x128_4x2x1_16x16x128_intrawave_0x1x0_3,1478.03,1056.68,0.0
gfx950,256,3466,6144,2048,cktile,11,0,58.9008,a8w8_blockscale_cktile_192x256x128_4x2x1_16x16x128_intrawave_0x1x0_1,1480.88,1057.23,0.0
gfx950,256,3495,6144,2048,cktile,27,0,58.9206,a8w8_blockscale_cktile_192x256x128_4x2x1_16x16x128_intrawave_0x1x0_2,1492.76,1063.93,0.0
gfx950,256,3506,6144,2048,cktile,27,0,58.9476,a8w8_blockscale_cktile_192x256x128_4x2x1_16x16x128_intrawave_0x1x0_2,1496.78,1066.12,0.0
gfx950,256,3515,6144,2048,cktile,11,0,58.6089,a8w8_blockscale_cktile_192x256x128_4x2x1_16x16x128_intrawave_0x1x0_1,1509.29,1074.48,0.0
gfx950,256,3582,6144,2048,cktile,27,0,58.8667,a8w8_blockscale_cktile_192x256x128_4x2x1_16x16x128_intrawave_0x1x0_2,1531.32,1086.09,0.0
gfx950,256,3583,6144,2048,cktile,28,0,58.8265,a8w8_blockscale_cktile_192x256x128_4x2x1_16x16x128_intrawave_0x1x0_3,1532.8,1087.07,0.0
gfx950,256,3634,6144,2048,cktile,28,0,58.8132,a8w8_blockscale_cktile_192x256x128_4x2x1_16x16x128_intrawave_0x1x0_3,1554.97,1099.75,0.0
gfx950,256,3644,6144,2048,cktile,28,0,58.6541,a8w8_blockscale_cktile_192x256x128_4x2x1_16x16x128_intrawave_0x1x0_3,1563.48,1105.18,0.0
gfx950,256,3673,6144,2048,cktile,29,0,59.1713,a8w8_blockscale_cktile_192x256x128_4x2x1_16x16x128_intrawave_0x1x0_4,1562.14,1102.55,0.0
gfx950,256,3687,6144,2048,cktile,28,0,59.1607,a8w8_blockscale_cktile_192x256x128_4x2x1_16x16x128_intrawave_0x1x0_3,1568.38,1106.14,0.0
gfx950,256,3732,6144,2048,cktile,27,0,59.0828,a8w8_blockscale_cktile_192x256x128_4x2x1_16x16x128_intrawave_0x1x0_2,1589.61,1118.51,0.0
gfx950,256,3739,6144,2048,cktile,11,0,59.3008,a8w8_blockscale_cktile_192x256x128_4x2x1_16x16x128_intrawave_0x1x0_1,1586.74,1116.09,0.0
gfx950,256,3752,6144,2048,cktile,11,0,58.9548,a8w8_blockscale_cktile_192x256x128_4x2x1_16x16x128_intrawave_0x1x0_1,1601.6,1125.8,0.0
gfx950,256,3756,6144,2048,cktile,28,0,59.3113,a8w8_blockscale_cktile_192x256x128_4x2x1_16x16x128_intrawave_0x1x0_3,1593.67,1120.0,0.0
gfx950,256,3777,6144,2048,cktile,11,0,59.1959,a8w8_blockscale_cktile_192x256x128_4x2x1_16x16x128_intrawave_0x1x0_1,1605.71,1127.27,0.0
gfx950,256,3786,6144,2048,cktile,27,0,59.227,a8w8_blockscale_cktile_192x256x128_4x2x1_16x16x128_intrawave_0x1x0_2,1608.69,1128.86,0.0
gfx950,256,3820,6144,2048,cktile,29,0,59.9638,a8w8_blockscale_cktile_192x256x128_4x2x1_16x16x128_intrawave_0x1x0_4,1603.19,1123.12,0.0
gfx950,256,3862,6144,2048,cktile,11,0,59.7615,a8w8_blockscale_cktile_192x256x128_4x2x1_16x16x128_intrawave_0x1x0_1,1626.3,1137.0,0.0
gfx950,256,3896,6144,2048,cktile,27,0,59.8723,a8w8_blockscale_cktile_192x256x128_4x2x1_16x16x128_intrawave_0x1x0_2,1637.59,1143.03,0.0
gfx950,256,3912,6144,2048,cktile,27,0,59.9695,a8w8_blockscale_cktile_192x256x128_4x2x1_16x16x128_intrawave_0x1x0_2,1641.65,1145.0,0.0
gfx950,256,3922,6144,2048,cktile,29,0,59.5438,a8w8_blockscale_cktile_192x256x128_4x2x1_16x16x128_intrawave_0x1x0_4,1657.61,1155.6,0.0
gfx950,256,3943,6144,2048,cktile,11,0,59.8425,a8w8_blockscale_cktile_192x256x128_4x2x1_16x16x128_intrawave_0x1x0_1,1658.17,1154.86,0.0
gfx950,256,3969,6144,2048,cktile,29,0,59.5588,a8w8_blockscale_cktile_192x256x128_4x2x1_16x16x128_intrawave_0x1x0_4,1677.05,1166.62,0.0
gfx950,256,3985,6144,2048,cktile,11,0,60.0722,a8w8_blockscale_cktile_192x256x128_4x2x1_16x16x128_intrawave_0x1x0_1,1669.42,1160.47,0.0
gfx950,256,4014,6144,2048,cktile,28,0,59.8341,a8w8_blockscale_cktile_192x256x128_4x2x1_16x16x128_intrawave_0x1x0_3,1688.26,1172.03,0.0
gfx950,256,4060,6144,2048,cktile,29,0,77.0269,a8w8_blockscale_cktile_192x256x128_4x2x1_16x16x128_intrawave_0x1x0_4,1326.46,918.99,0.0
