gfx,cu_num,M,N,K,bias,dtype,outdtype,scaleAB,bpreshuffle,libtype,solidx,splitK,us,kernelName,err_ratio,tflops,bw
gfx950,256,64,256,5120,False,torch.bfloat16,torch.float32,False,False,asm,5,13,7.9191,_ZN5aiter39bf16gemm_fp32bf16_tn_64x64_splitk_cleanE,0.0,21.19,417.92
gfx950,256,80,256,5120,False,torch.bfloat16,torch.float32,False,False,asm,7,13,7.9676,_ZN5aiter39bf16gemm_fp32bf16_tn_80x64_splitk_cleanE,0.0,26.32,436.97
gfx950,256,128,256,5120,False,torch.bfloat16,torch.float32,False,False,asm,5,10,9.0259,_ZN5aiter39bf16gemm_fp32bf16_tn_64x64_splitk_cleanE,0.0,37.18,442.91
gfx950,256,150,256,5120,False,torch.bfloat16,torch.float32,False,False,asm,7,10,9.3334,_ZN5aiter39bf16gemm_fp32bf16_tn_80x64_splitk_cleanE,0.0,42.13,453.67
gfx950,256,192,256,5120,False,torch.bfloat16,torch.float32,False,False,asm,8,10,9.8147,_ZN5aiter39bf16gemm_fp32bf16_tn_96x64_splitk_cleanE,0.0,51.28,477.43
gfx950,256,220,256,5120,False,torch.bfloat16,torch.float32,False,False,asm,7,8,10.8546,_ZN5aiter39bf16gemm_fp32bf16_tn_80x64_splitk_cleanE,0.0,53.13,459.43
gfx950,256,256,256,5120,False,torch.bfloat16,torch.float32,False,False,opus,1202,4,10.8124,opus_gemm_flatmm_splitk_256x32x32x128_2x1_16x16x32_0x0x0_wgpcu2_nooob,0.0,62.07,497.02
gfx950,256,384,256,5120,False,torch.bfloat16,torch.float32,False,False,asm,3,6,12.0049,_ZN5aiter39bf16gemm_fp32bf16_tn_48x64_splitk_cleanE,0.0,83.85,562.29
gfx950,256,448,256,5120,False,torch.bfloat16,torch.float32,False,False,asm,3,5,12.1134,_ZN5aiter39bf16gemm_fp32bf16_tn_48x64_splitk_cleanE,0.0,96.95,614.06
gfx950,256,512,256,5120,False,torch.bfloat16,torch.float32,False,False,asm,3,5,12.4844,_ZN5aiter39bf16gemm_fp32bf16_tn_48x64_splitk_cleanE,0.0,107.51,650.93
gfx950,256,1,128,6144,False,torch.bfloat16,torch.float32,False,False,asm,1,13,5.5249,_ZN5aiter39bf16gemm_fp32bf16_tn_32x64_splitk_cleanE,0.0,0.28,286.96
gfx950,256,1,2048,6144,False,torch.bfloat16,torch.float32,False,False,asm,1,6,12.8405,_ZN5aiter39bf16gemm_fp32bf16_tn_32x64_splitk_cleanE,0.0,1.96,1961.15
gfx950,256,1,3072,6144,False,torch.bfloat16,torch.float32,False,False,asm,1,5,13.6048,_ZN5aiter39bf16gemm_fp32bf16_tn_32x64_splitk_cleanE,0.0,2.77,2776.02
gfx950,256,1,50016,6144,False,torch.bfloat16,torch.float32,False,False,opus,5008,0,122.4478,opus_gemm_512x128x256x64_2x4_16x16x32_0x0x0_4g_safe,0.0,5.02,5020.17
gfx950,256,1,6144,2048,False,torch.bfloat16,torch.float32,False,False,flydsl,87,1,6.9521,flydsl_hgemm_abf16_wbf16_fp32_t16x16x128x5_ks1_w1x1x1_bias0_ktail0_gm4_pft_gfx950,0.0,3.62,3622.24
gfx950,256,1,6144,3072,False,torch.bfloat16,torch.float32,False,False,asm,1,2,13.5868,_ZN5aiter39bf16gemm_fp32bf16_tn_32x64_splitk_cleanE,0.0,2.78,2779.7
gfx950,256,2,128,6144,False,torch.bfloat16,torch.float32,False,False,asm,1,16,5.2543,_ZN5aiter39bf16gemm_fp32bf16_tn_32x64_splitk_cleanE,0.0,0.6,304.12
gfx950,256,2,2048,6144,False,torch.bfloat16,torch.float32,False,False,asm,1,6,12.8459,_ZN5aiter39bf16gemm_fp32bf16_tn_32x64_splitk_cleanE,0.0,3.92,1961.61
gfx950,256,2,3072,6144,False,torch.bfloat16,torch.float32,False,False,asm,1,5,13.6222,_ZN5aiter39bf16gemm_fp32bf16_tn_32x64_splitk_cleanE,0.0,5.54,2773.83
gfx950,256,2,50016,6144,False,torch.bfloat16,torch.float32,False,False,opus,204,5,123.4256,opus_gemm_flatmm_splitk_256x32x128x64_2x1_16x16x32_0x0x0_wgpcu2,0.0,9.96,4981.31
gfx950,256,2,6144,2048,False,torch.bfloat16,torch.float32,False,False,asm,1,2,10.7908,_ZN5aiter39bf16gemm_fp32bf16_tn_32x64_splitk_cleanE,0.0,4.66,2335.19
gfx950,256,2,6144,3072,False,torch.bfloat16,torch.float32,False,False,asm,1,2,13.6185,_ZN5aiter39bf16gemm_fp32bf16_tn_32x64_splitk_cleanE,0.0,5.54,2774.58
gfx950,256,4,128,6144,False,torch.bfloat16,torch.float32,False,False,asm,3,13,5.329,_ZN5aiter39bf16gemm_fp32bf16_tn_48x64_splitk_cleanE,0.0,1.18,304.57
gfx950,256,4,2048,6144,False,torch.bfloat16,torch.float32,False,False,asm,1,5,12.9009,_ZN5aiter39bf16gemm_fp32bf16_tn_32x64_splitk_cleanE,0.0,7.8,1955.78
gfx950,256,4,3072,6144,False,torch.bfloat16,torch.float32,False,False,asm,1,5,13.5136,_ZN5aiter39bf16gemm_fp32bf16_tn_32x64_splitk_cleanE,0.0,11.17,2798.84
gfx950,256,4,50016,6144,False,torch.bfloat16,torch.float32,False,False,opus,2008,0,123.6511,opus_gemm_512x128x256x64_2x4_16x16x32_0x0x0_cA1cB17,0.0,19.88,4974.04
gfx950,256,4,6144,2048,False,torch.bfloat16,torch.float32,False,False,flydsl,91,1,7.2059,flydsl_hgemm_abf16_wbf16_fp32_t16x16x128x6_ks1_w1x1x1_bias0_ktail0_gm4_pft_gfx950,0.0,13.97,3501.49
gfx950,256,4,6144,3072,False,torch.bfloat16,torch.float32,False,False,flydsl,251,1,8.6647,flydsl_hgemm_abf16_wbf16_fp32_t16x32x128x6_ks1_w1x2x1_bias0_ktail0_gm0_pft_gfx950,0.0,17.43,4365.12
gfx950,256,8,128,6144,False,torch.bfloat16,torch.float32,False,False,asm,1,16,5.25,_ZN5aiter39bf16gemm_fp32bf16_tn_32x64_splitk_cleanE,0.0,2.4,318.71
gfx950,256,8,2048,6144,False,torch.bfloat16,torch.float32,False,False,asm,1,6,12.8808,_ZN5aiter39bf16gemm_fp32bf16_tn_32x64_splitk_cleanE,0.0,15.63,1963.92
gfx950,256,8,3072,6144,False,torch.bfloat16,torch.float32,False,False,asm,1,5,13.7111,_ZN5aiter39bf16gemm_fp32bf16_tn_32x64_splitk_cleanE,0.0,22.03,2763.91
gfx950,256,8,50016,6144,False,torch.bfloat16,torch.float32,False,False,opus,2008,0,124.408,opus_gemm_512x128x256x64_2x4_16x16x32_0x0x0_cA1cB17,0.0,39.52,4947.39
gfx950,256,8,6144,2048,False,torch.bfloat16,torch.float32,False,False,asm,1,2,10.8198,_ZN5aiter39bf16gemm_fp32bf16_tn_32x64_splitk_cleanE,0.0,18.61,2338.02
gfx950,256,8,6144,3072,False,torch.bfloat16,torch.float32,False,False,flydsl,241,1,8.6517,flydsl_hgemm_abf16_wbf16_fp32_t16x32x128x5_ks1_w1x2x1_bias0_ktail0_gm0_pft_gfx950,0.0,34.91,4380.2
gfx950,256,16,128,6144,False,torch.bfloat16,torch.float32,False,False,asm,1,13,5.3721,_ZN5aiter39bf16gemm_fp32bf16_tn_32x64_splitk_cleanE,0.0,4.68,330.14
gfx950,256,16,2048,6144,False,torch.bfloat16,torch.float32,False,False,asm,3,6,13.0667,_ZN5aiter39bf16gemm_fp32bf16_tn_48x64_splitk_cleanE,0.0,30.82,1946.01
gfx950,256,16,3072,6144,False,torch.bfloat16,torch.float32,False,False,asm,1,5,13.7282,_ZN5aiter39bf16gemm_fp32bf16_tn_32x64_splitk_cleanE,0.0,44.0,2771.2
gfx950,256,16,50016,6144,False,torch.bfloat16,torch.float32,False,False,opus,204,2,131.0394,opus_gemm_flatmm_splitk_256x32x128x64_2x1_16x16x32_0x0x0_wgpcu2,0.0,75.04,4703.88
gfx950,256,16,6144,2048,False,torch.bfloat16,torch.float32,False,False,asm,1,2,10.987,_ZN5aiter39bf16gemm_fp32bf16_tn_32x64_splitk_cleanE,0.0,36.65,2314.37
gfx950,256,16,6144,3072,False,torch.bfloat16,torch.float32,False,False,flydsl,270,1,9.2768,flydsl_hgemm_abf16_wbf16_fp32_t16x32x128x8_ks1_w1x2x1_bias0_ktail0_gm0_pft_gfx950,0.0,65.11,4100.95
gfx950,256,32,128,6144,False,torch.bfloat16,torch.float32,False,False,asm,1,16,5.6787,_ZN5aiter39bf16gemm_fp32bf16_tn_32x64_splitk_cleanE,0.0,8.86,347.66
gfx950,256,32,2048,6144,False,torch.bfloat16,torch.float32,False,False,asm,1,6,13.2436,_ZN5aiter39bf16gemm_fp32bf16_tn_32x64_splitk_cleanE,0.0,60.81,1939.81
gfx950,256,32,3072,6144,False,torch.bfloat16,torch.float32,False,False,asm,3,5,14.302,_ZN5aiter39bf16gemm_fp32bf16_tn_48x64_splitk_cleanE,0.0,84.46,2680.64
gfx950,256,32,50016,6144,False,torch.bfloat16,torch.float32,False,False,opus,2008,0,128.2024,opus_gemm_512x128x256x64_2x4_16x16x32_0x0x0_cA1cB17,0.0,153.41,4821.99
gfx950,256,32,6144,2048,False,torch.bfloat16,torch.float32,False,False,asm,1,2,11.3329,_ZN5aiter39bf16gemm_fp32bf16_tn_32x64_splitk_cleanE,0.0,71.06,2266.86
gfx950,256,32,6144,3072,False,torch.bfloat16,torch.float32,False,False,asm,1,2,14.2522,_ZN5aiter39bf16gemm_fp32bf16_tn_32x64_splitk_cleanE,0.0,84.76,2690.01
gfx950,256,64,128,6144,False,torch.bfloat16,torch.float32,False,False,asm,5,13,6.4183,_ZN5aiter39bf16gemm_fp32bf16_tn_64x64_splitk_cleanE,0.0,15.68,370.14
gfx950,256,64,2048,6144,False,torch.bfloat16,torch.float32,False,False,asm,5,6,14.1526,_ZN5aiter39bf16gemm_fp32bf16_tn_64x64_splitk_cleanE,0.0,113.8,1852.27
gfx950,256,64,3072,6144,False,torch.bfloat16,torch.float32,False,False,asm,5,5,15.4448,_ZN5aiter39bf16gemm_fp32bf16_tn_64x64_splitk_cleanE,0.0,156.42,2520.48
gfx950,256,64,50016,6144,False,torch.bfloat16,torch.float32,False,False,opus,5008,0,134.9217,opus_gemm_512x128x256x64_2x4_16x16x32_0x0x0_4g_safe,0.0,291.53,4608.49
gfx950,256,64,6144,2048,False,torch.bfloat16,torch.float32,False,False,asm,5,2,12.9832,_ZN5aiter39bf16gemm_fp32bf16_tn_64x64_splitk_cleanE,0.0,124.05,2019.1
gfx950,256,64,6144,3072,False,torch.bfloat16,torch.float32,False,False,asm,5,2,15.7811,_ZN5aiter39bf16gemm_fp32bf16_tn_64x64_splitk_cleanE,0.0,153.09,2466.77
gfx950,256,128,128,6144,False,torch.bfloat16,torch.float32,False,False,asm,5,16,8.0383,_ZN5aiter39bf16gemm_fp32bf16_tn_64x64_splitk_cleanE,0.0,25.05,395.42
gfx950,256,128,2048,6144,False,torch.bfloat16,torch.float32,False,False,asm,5,4,16.6413,_ZN5aiter39bf16gemm_fp32bf16_tn_64x64_splitk_cleanE,0.0,193.57,1638.27
gfx950,256,128,3072,6144,False,torch.bfloat16,torch.float32,False,False,opus,214,4,21.8944,opus_gemm_flatmm_splitk_256x64x96x64_2x1_16x16x32_0x0x0_wgpcu1,0.0,220.69,1831.89
gfx950,256,128,50016,6144,False,torch.bfloat16,torch.float32,False,False,opus,5008,0,154.6488,opus_gemm_512x128x256x64_2x4_16x16x32_0x0x0_4g_safe,0.0,508.69,4067.11
gfx950,256,128,6144,2048,False,torch.bfloat16,torch.float32,False,False,asm,6,1,15.8927,_ZN5aiter37bf16gemm_fp32bf16_tn_64x64_pf3_splitkE,0.0,202.69,1715.44
gfx950,256,128,6144,3072,False,torch.bfloat16,torch.float32,False,False,asm,6,1,21.6024,_ZN5aiter37bf16gemm_fp32bf16_tn_64x64_pf3_splitkE,0.0,223.67,1856.65
gfx950,256,192,128,6144,False,torch.bfloat16,torch.float32,False,False,asm,8,16,8.4339,_ZN5aiter39bf16gemm_fp32bf16_tn_96x64_splitk_cleanE,0.0,35.81,472.06
gfx950,256,192,2048,6144,False,torch.bfloat16,torch.float32,False,False,asm,8,4,19.6129,_ZN5aiter39bf16gemm_fp32bf16_tn_96x64_splitk_cleanE,0.0,246.36,1443.52
gfx950,256,192,3072,6144,False,torch.bfloat16,torch.float32,False,False,opus,1221,5,26.8207,opus_gemm_flatmm_splitk_256x96x64x64_2x1_16x16x32_0x0x0_wgpcu2_nooob,0.0,270.23,1539.4
gfx950,256,192,50016,6144,False,torch.bfloat16,torch.float32,False,False,opus,2009,0,173.9381,opus_gemm_512x256x256x64_2x4_16x16x32_0x0x0_cA1cB17,0.0,678.42,3657.4
gfx950,256,192,6144,2048,False,torch.bfloat16,torch.float32,False,False,asm,9,1,17.5401,_ZN5aiter37bf16gemm_fp32bf16_tn_96x64_pf3_splitkE,0.0,275.47,1614.1
gfx950,256,192,6144,3072,False,torch.bfloat16,torch.float32,False,False,asm,9,1,23.5272,_ZN5aiter37bf16gemm_fp32bf16_tn_96x64_pf3_splitkE,0.0,308.06,1754.89
gfx950,256,256,128,6144,False,torch.bfloat16,torch.float32,False,False,asm,8,12,9.442,_ZN5aiter39bf16gemm_fp32bf16_tn_96x64_splitk_cleanE,0.0,42.64,506.69
gfx950,256,256,2048,6144,False,torch.bfloat16,torch.float32,False,False,opus,1200,4,23.881,opus_gemm_flatmm_splitk_256x64x64x64_2x1_16x16x32_0x0x0_wgpcu2_nooob,0.0,269.77,1229.43
gfx950,256,256,3072,6144,False,torch.bfloat16,torch.float32,False,False,opus,1215,4,30.8967,opus_gemm_flatmm_splitk_256x64x96x64_2x1_16x16x32_0x0x0_wgpcu2_nooob,0.0,312.77,1374.49
gfx950,256,256,50016,6144,False,torch.bfloat16,torch.float32,False,False,opus,2009,0,187.2472,opus_gemm_512x256x256x64_2x4_16x16x32_0x0x0_cA1cB17,0.0,840.26,3435.84
gfx950,256,256,6144,2048,False,torch.bfloat16,torch.float32,False,False,opus,1216,1,24.8166,opus_gemm_flatmm_splitk_256x64x96x128_2x1_16x16x32_0x0x0_wgpcu1_nooob,0.0,259.6,1183.08
gfx950,256,256,6144,3072,False,torch.bfloat16,torch.float32,False,False,opus,1216,1,33.872,opus_gemm_flatmm_splitk_256x64x96x128_2x1_16x16x32_0x0x0_wgpcu1_nooob,0.0,285.3,1253.76
gfx950,256,320,128,6144,False,torch.bfloat16,torch.float32,False,False,asm,7,12,10.0395,_ZN5aiter39bf16gemm_fp32bf16_tn_80x64_splitk_cleanE,0.0,50.13,556.5
gfx950,256,320,2048,6144,False,torch.bfloat16,torch.float32,False,False,asm,7,2,26.3911,_ZN5aiter39bf16gemm_fp32bf16_tn_80x64_splitk_cleanE,0.0,305.14,1152.23
gfx950,256,320,3072,6144,False,torch.bfloat16,torch.float32,False,False,asm,6,1,38.3991,_ZN5aiter37bf16gemm_fp32bf16_tn_64x64_pf3_splitkE,0.0,314.58,1136.67
gfx950,256,320,50016,6144,False,torch.bfloat16,torch.float32,False,False,opus,5009,0,291.4036,opus_gemm_512x256x256x64_2x4_16x16x32_0x0x0_4g_safe,0.0,674.91,2232.43
gfx950,256,320,6144,2048,False,torch.bfloat16,torch.float32,False,False,asm,6,1,28.1672,_ZN5aiter37bf16gemm_fp32bf16_tn_64x64_pf3_splitkE,0.0,285.9,1079.58
gfx950,256,320,6144,3072,False,torch.bfloat16,torch.float32,False,False,asm,6,1,39.364,_ZN5aiter37bf16gemm_fp32bf16_tn_64x64_pf3_splitkE,0.0,306.87,1108.8
gfx950,256,512,128,6144,False,torch.bfloat16,torch.float32,False,False,opus,1202,4,11.9914,opus_gemm_flatmm_splitk_256x32x32x128_2x1_16x16x32_0x0x0_wgpcu2_nooob,0.0,67.16,666.76
gfx950,256,512,2048,6144,False,torch.bfloat16,torch.float32,False,False,asm,6,1,38.084,_ZN5aiter37bf16gemm_fp32bf16_tn_64x64_pf3_splitkE,0.0,338.33,881.06
gfx950,256,512,3072,6144,False,torch.bfloat16,torch.float32,False,False,opus,1215,2,49.9841,opus_gemm_flatmm_splitk_256x64x96x64_2x1_16x16x32_0x0x0_wgpcu2_nooob,0.0,386.67,944.02
gfx950,256,512,50016,6144,False,torch.bfloat16,torch.float32,False,False,opus,5009,0,339.6587,opus_gemm_512x256x256x64_2x4_16x16x32_0x0x0_4g_safe,0.0,926.44,1978.76
gfx950,256,512,6144,2048,False,torch.bfloat16,torch.float32,False,False,asm,9,1,39.0731,_ZN5aiter37bf16gemm_fp32bf16_tn_96x64_pf3_splitkE,0.0,329.76,858.76
gfx950,256,512,6144,3072,False,torch.bfloat16,torch.float32,False,False,opus,4006,0,46.0144,opus_gemm_512x128x128x64_2x4_16x16x32_0x0x0_nooob_cA17cB1,0.0,420.03,1025.46
gfx950,256,1024,128,6144,False,torch.bfloat16,torch.float32,False,False,asm,3,5,13.2957,_ZN5aiter39bf16gemm_fp32bf16_tn_48x64_splitk_cleanE,0.0,121.14,1084.4
gfx950,256,1024,2048,6144,False,torch.bfloat16,torch.float32,False,False,opus,1200,1,64.8432,opus_gemm_flatmm_splitk_256x64x64x64_2x1_16x16x32_0x0x0_wgpcu2_nooob,0.0,397.42,646.84
gfx950,256,1024,3072,6144,False,torch.bfloat16,torch.float32,False,False,opus,6006,0,76.1704,opus_gemm_512x128x128x64_2x4_16x16x32_0x0x0_nooob_4g_safe,0.0,507.48,743.37
gfx950,256,1024,50016,6144,False,torch.bfloat16,torch.float32,False,False,opus,5009,0,642.1795,opus_gemm_512x256x256x64_2x4_16x16x32_0x0x0_4g_safe,0.0,980.02,1136.15
gfx950,256,1024,6144,2048,False,torch.bfloat16,torch.float32,False,False,opus,303,0,46.6113,opus_gemm_persistent_512x128x128x64_2x4_16x16x32_0x0x0,0.0,552.87,899.85
gfx950,256,1024,6144,3072,False,torch.bfloat16,torch.float32,False,False,opus,2007,0,62.0624,opus_gemm_512x256x128x64_2x4_16x16x32_0x0x0_cA1cB17,0.0,622.84,912.36
gfx950,256,2048,128,6144,False,torch.bfloat16,torch.float32,False,False,asm,8,5,16.7988,_ZN5aiter39bf16gemm_fp32bf16_tn_96x64_splitk_cleanE,0.0,191.75,1622.91
gfx950,256,2048,2048,6144,False,torch.bfloat16,torch.float32,False,False,opus,315,0,77.4126,opus_gemm_persistent_512x128x128x64_2x4_16x16x32_0x0x0_cA0cB0,0.0,665.78,758.54
gfx950,256,2048,3072,6144,False,torch.bfloat16,torch.float32,False,False,opus,6007,0,99.6679,opus_gemm_512x256x128x64_2x4_16x16x32_0x0x0_nooob_4g_safe,0.0,775.67,757.49
gfx950,256,2048,50016,6144,False,torch.bfloat16,torch.float32,False,False,opus,2009,0,1036.457,opus_gemm_512x256x256x64_2x4_16x16x32_0x0x0_cA1cB17,0.0,1214.42,814.92
gfx950,256,2048,6144,2048,False,torch.bfloat16,torch.float32,False,False,asm,10,1,58.7492,_ZN5aiter24bf16gemm_bf16_tn_256x256E,0.0,877.28,999.51
gfx950,256,2048,6144,3072,False,torch.bfloat16,torch.float32,False,False,asm,10,1,77.3258,_ZN5aiter24bf16gemm_bf16_tn_256x256E,0.0,999.79,976.36
gfx950,256,4096,128,6144,False,torch.bfloat16,torch.float32,False,False,asm,5,2,25.5426,_ZN5aiter39bf16gemm_fp32bf16_tn_64x64_splitk_cleanE,0.0,252.22,2073.13
gfx950,256,4096,2048,6144,False,torch.bfloat16,torch.float32,False,False,opus,1301,0,99.2269,opus_gemm_persistent_512x128x256x64_2x4_16x16x32_0x0x0_nooob,0.0,1038.82,929.94
gfx950,256,4096,3072,6144,False,torch.bfloat16,torch.float32,False,False,asm,10,1,138.0331,_ZN5aiter24bf16gemm_bf16_tn_256x256E,0.0,1120.16,820.43
gfx950,256,4096,50016,6144,False,torch.bfloat16,torch.float32,False,False,opus,9,0,1980.2913,opus_gemm_512x256x256x64_2x4_16x16x32_0x0x0,0.0,1271.22,542.68
gfx950,256,4096,6144,2048,False,torch.bfloat16,torch.float32,False,False,asm,10,1,109.5022,_ZN5aiter24bf16gemm_bf16_tn_256x256E,0.0,941.34,842.67
gfx950,256,4096,6144,3072,False,torch.bfloat16,torch.float32,False,False,asm,10,1,147.9731,_ZN5aiter24bf16gemm_bf16_tn_256x256E,0.0,1044.91,765.32
gfx950,256,8192,128,6144,False,torch.bfloat16,torch.float32,False,False,asm,6,1,42.5995,_ZN5aiter37bf16gemm_fp32bf16_tn_64x64_pf3_splitkE,0.0,302.47,2449.17
gfx950,256,8192,2048,6144,False,torch.bfloat16,torch.float32,False,False,opus,1300,0,156.1796,opus_gemm_persistent_512x256x256x64_2x4_16x16x32_0x0x0_nooob,0.0,1320.01,1020.51
gfx950,256,8192,3072,6144,False,torch.bfloat16,torch.float32,False,False,asm,10,1,262.1828,_ZN5aiter24bf16gemm_bf16_tn_256x256E,0.0,1179.47,719.89
gfx950,256,8192,50016,6144,False,torch.bfloat16,torch.float32,False,False,opus,2009,0,3931.0983,opus_gemm_512x256x256x64_2x4_16x16x32_0x0x0_cA1cB17,0.0,1280.76,390.41
gfx950,256,8192,6144,2048,False,torch.bfloat16,torch.float32,False,False,asm,10,1,184.6449,_ZN5aiter24bf16gemm_bf16_tn_256x256E,0.0,1116.51,863.19
gfx950,256,8192,6144,3072,False,torch.bfloat16,torch.float32,False,False,asm,10,1,245.0526,_ZN5aiter24bf16gemm_bf16_tn_256x256E,0.0,1261.92,770.22
gfx950,256,16384,128,6144,False,torch.bfloat16,torch.float32,False,False,asm,6,1,81.0635,_ZN5aiter37bf16gemm_fp32bf16_tn_64x64_pf3_splitkE,0.0,317.9,2554.71
gfx950,256,16384,2048,6144,False,torch.bfloat16,torch.float32,False,False,opus,4009,0,311.994,opus_gemm_512x256x256x64_2x4_16x16x32_0x0x0_nooob_cA17cB1,0.0,1321.55,941.05
gfx950,256,16384,3072,6144,False,torch.bfloat16,torch.float32,False,False,asm,10,1,448.6444,_ZN5aiter24bf16gemm_bf16_tn_256x256E,0.0,1378.54,757.26
gfx950,256,16384,50016,6144,False,torch.bfloat16,torch.float32,False,False,opus,9,0,7715.4348,opus_gemm_512x256x256x64_2x4_16x16x32_0x0x0,0.0,1305.12,318.17
gfx950,256,16384,6144,2048,False,torch.bfloat16,torch.float32,False,False,asm,10,1,341.6912,_ZN5aiter24bf16gemm_bf16_tn_256x256E,0.0,1206.69,859.26
gfx950,256,16384,6144,3072,False,torch.bfloat16,torch.float32,False,False,asm,10,1,467.8675,_ZN5aiter24bf16gemm_bf16_tn_256x256E,0.0,1321.9,726.14
gfx1250,96,1,64,4096,False,torch.bfloat16,torch.bfloat16,False,False,triton,0,0,11.8923,auto,0.0,0.04,44.79
gfx1250,96,2,64,4096,False,torch.bfloat16,torch.bfloat16,False,False,triton,0,0,11.9398,auto,0.0,0.09,45.3
gfx1250,96,4,64,4096,False,torch.bfloat16,torch.bfloat16,False,False,triton,0,0,12.0185,auto,0.0,0.17,46.39
gfx1250,96,8,64,4096,False,torch.bfloat16,torch.bfloat16,False,False,triton,0,0,11.8571,auto,0.0,0.35,49.83
gfx1250,96,16,64,4096,False,torch.bfloat16,torch.bfloat16,False,False,triton,0,0,12.2505,auto,0.0,0.68,53.66
gfx1250,96,32,64,4096,False,torch.bfloat16,torch.bfloat16,False,False,triton,0,0,11.7548,auto,0.0,1.43,67.25
gfx1250,96,48,64,4096,False,torch.bfloat16,torch.bfloat16,False,False,triton,0,0,11.5709,auto,0.0,2.17,79.83
gfx1250,96,64,64,4096,False,torch.bfloat16,torch.bfloat16,False,False,triton,0,0,11.8166,auto,0.0,2.84,89.43
gfx1250,96,80,64,4096,False,torch.bfloat16,torch.bfloat16,False,False,triton,0,0,16.438,auto,0.0,2.55,72.39
gfx1250,96,96,64,4096,False,torch.bfloat16,torch.bfloat16,False,False,triton,0,0,16.3529,auto,0.0,3.08,80.9
gfx1250,96,112,64,4096,False,torch.bfloat16,torch.bfloat16,False,False,triton,0,0,16.5258,auto,0.0,3.55,88.11
gfx1250,96,128,64,4096,False,torch.bfloat16,torch.bfloat16,False,False,triton,0,0,16.2703,auto,0.0,4.12,97.68
gfx1250,96,144,64,4096,False,torch.bfloat16,torch.bfloat16,False,False,triton,0,0,16.9302,auto,0.0,4.46,101.73
gfx1250,96,160,64,4096,False,torch.bfloat16,torch.bfloat16,False,False,triton,0,0,16.1171,auto,0.0,5.2,115.13
gfx1250,96,176,64,4096,False,torch.bfloat16,torch.bfloat16,False,False,triton,0,0,16.2257,auto,0.0,5.69,122.56
gfx1250,96,192,64,4096,False,torch.bfloat16,torch.bfloat16,False,False,triton,0,0,16.2581,auto,0.0,6.19,130.5
gfx1250,96,208,64,4096,False,torch.bfloat16,torch.bfloat16,False,False,triton,0,0,16.2198,auto,0.0,6.72,139.02
gfx1250,96,224,64,4096,False,torch.bfloat16,torch.bfloat16,False,False,triton,0,0,16.275,auto,0.0,7.22,146.73
gfx1250,96,240,64,4096,False,torch.bfloat16,torch.bfloat16,False,False,triton,0,0,16.4726,auto,0.0,7.64,153.05
gfx1250,96,256,64,4096,False,torch.bfloat16,torch.bfloat16,False,False,triton,0,0,16.3251,auto,0.0,8.22,162.58
gfx1250,96,1024,64,4096,False,torch.bfloat16,torch.bfloat16,False,False,triton,0,0,20.0973,auto,0.0,26.71,450.01
gfx1250,96,2048,64,4096,False,torch.bfloat16,torch.bfloat16,False,False,triton,0,0,36.6541,auto,0.0,29.29,479.17
gfx1250,96,4096,64,4096,False,torch.bfloat16,torch.bfloat16,False,False,triton,0,0,56.3812,auto,0.0,38.09,613.73
gfx1250,96,8192,64,4096,False,torch.bfloat16,torch.bfloat16,False,False,triton,0,0,100.7057,auto,0.0,42.65,682.0
gfx1250,96,1,256,4096,False,torch.bfloat16,torch.bfloat16,False,False,triton,0,0,13.1179,auto,0.0,0.16,160.53
gfx1250,96,2,256,4096,False,torch.bfloat16,torch.bfloat16,False,False,triton,0,0,12.7617,auto,0.0,0.33,165.7
gfx1250,96,4,256,4096,False,torch.bfloat16,torch.bfloat16,False,False,triton,0,0,12.0158,auto,0.0,0.7,177.43
gfx1250,96,8,256,4096,False,torch.bfloat16,torch.bfloat16,False,False,triton,0,0,13.1136,auto,0.0,1.28,165.23
gfx1250,96,16,256,4096,False,torch.bfloat16,torch.bfloat16,False,False,triton,0,0,11.739,auto,0.0,2.86,190.51
gfx1250,96,32,256,4096,False,torch.bfloat16,torch.bfloat16,False,False,triton,0,0,12.0756,auto,0.0,5.56,196.73
gfx1250,96,48,256,4096,False,torch.bfloat16,torch.bfloat16,False,False,triton,0,0,12.4719,auto,0.0,8.07,201.65
gfx1250,96,64,256,4096,False,torch.bfloat16,torch.bfloat16,False,False,triton,0,0,12.9432,auto,0.0,10.37,205.07
gfx1250,96,80,256,4096,False,torch.bfloat16,torch.bfloat16,False,False,triton,0,0,16.7487,auto,0.0,10.02,166.79
gfx1250,96,96,256,4096,False,torch.bfloat16,torch.bfloat16,False,False,triton,0,0,16.5496,auto,0.0,12.17,177.21
gfx1250,96,112,256,4096,False,torch.bfloat16,torch.bfloat16,False,False,triton,0,0,16.7796,auto,0.0,14.0,183.08
gfx1250,96,128,256,4096,False,torch.bfloat16,torch.bfloat16,False,False,triton,0,0,16.5351,auto,0.0,16.23,194.21
gfx1250,96,144,256,4096,False,torch.bfloat16,torch.bfloat16,False,False,triton,0,0,17.1054,auto,0.0,17.65,195.88
gfx1250,96,160,256,4096,False,torch.bfloat16,torch.bfloat16,False,False,triton,0,0,17.1005,auto,0.0,19.62,204.08
gfx1250,96,176,256,4096,False,torch.bfloat16,torch.bfloat16,False,False,triton,0,0,17.4754,auto,0.0,21.12,207.67
gfx1250,96,192,256,4096,False,torch.bfloat16,torch.bfloat16,False,False,triton,0,0,17.4719,auto,0.0,23.05,215.68
gfx1250,96,208,256,4096,False,torch.bfloat16,torch.bfloat16,False,False,triton,0,0,18.2849,auto,0.0,23.86,213.71
gfx1250,96,224,256,4096,False,torch.bfloat16,torch.bfloat16,False,False,triton,0,0,17.6962,auto,0.0,26.55,228.68
gfx1250,96,240,256,4096,False,torch.bfloat16,torch.bfloat16,False,False,triton,0,0,18.0529,auto,0.0,27.88,231.88
gfx1250,96,256,256,4096,False,torch.bfloat16,torch.bfloat16,False,False,triton,0,0,18.5459,auto,0.0,28.95,233.23
gfx1250,96,1024,256,4096,False,torch.bfloat16,torch.bfloat16,False,False,triton,0,0,52.9544,auto,0.0,40.55,207.92
gfx1250,96,2048,256,4096,False,torch.bfloat16,torch.bfloat16,False,False,triton,0,0,98.6258,auto,0.0,43.55,202.01
gfx1250,96,4096,256,4096,False,torch.bfloat16,torch.bfloat16,False,False,triton,0,0,181.0713,auto,0.0,47.44,208.47
gfx1250,96,8192,256,4096,False,torch.bfloat16,torch.bfloat16,False,False,triton,0,0,348.9739,auto,0.0,49.23,210.33
gfx1250,96,1,512,4096,False,torch.bfloat16,torch.bfloat16,False,False,triton,0,0,13.671,auto,0.0,0.31,307.48
gfx1250,96,2,512,4096,False,torch.bfloat16,torch.bfloat16,False,False,triton,0,0,14.0056,auto,0.0,0.6,300.79
gfx1250,96,4,512,4096,False,torch.bfloat16,torch.bfloat16,False,False,triton,0,0,12.6058,auto,0.0,1.33,335.65
gfx1250,96,8,512,4096,False,torch.bfloat16,torch.bfloat16,False,False,triton,0,0,12.07,auto,0.0,2.78,353.61
gfx1250,96,16,512,4096,False,torch.bfloat16,torch.bfloat16,False,False,triton,0,0,11.9677,auto,0.0,5.61,362.79
gfx1250,96,32,512,4096,False,torch.bfloat16,torch.bfloat16,False,False,triton,0,0,13.0084,auto,0.0,10.32,345.1
gfx1250,96,48,512,4096,False,torch.bfloat16,torch.bfloat16,False,False,triton,0,0,13.7198,auto,0.0,14.67,337.95
gfx1250,96,64,512,4096,False,torch.bfloat16,torch.bfloat16,False,False,triton,0,0,16.5518,auto,0.0,16.22,289.04
gfx1250,96,80,512,4096,False,torch.bfloat16,torch.bfloat16,False,False,triton,0,0,23.4084,auto,0.0,14.33,210.68
gfx1250,96,96,512,4096,False,torch.bfloat16,torch.bfloat16,False,False,triton,0,0,22.3889,auto,0.0,17.98,226.86
gfx1250,96,112,512,4096,False,torch.bfloat16,torch.bfloat16,False,False,triton,0,0,22.8825,auto,0.0,20.53,228.41
gfx1250,96,128,512,4096,False,torch.bfloat16,torch.bfloat16,False,False,triton,0,0,22.5502,auto,0.0,23.81,238.31
gfx1250,96,144,512,4096,False,torch.bfloat16,torch.bfloat16,False,False,triton,0,0,22.8229,auto,0.0,26.46,241.92
gfx1250,96,160,512,4096,False,torch.bfloat16,torch.bfloat16,False,False,triton,0,0,23.7136,auto,0.0,28.3,239.06
gfx1250,96,176,512,4096,False,torch.bfloat16,torch.bfloat16,False,False,triton,0,0,23.6938,auto,0.0,31.16,245.48
gfx1250,96,192,512,4096,False,torch.bfloat16,torch.bfloat16,False,False,triton,0,0,23.1777,auto,0.0,34.74,257.31
gfx1250,96,208,512,4096,False,torch.bfloat16,torch.bfloat16,False,False,triton,0,0,24.0783,auto,0.0,36.23,253.81
gfx1250,96,224,512,4096,False,torch.bfloat16,torch.bfloat16,False,False,triton,0,0,24.0395,auto,0.0,39.08,260.35
gfx1250,96,240,512,4096,False,torch.bfloat16,torch.bfloat16,False,False,triton,0,0,24.2807,auto,0.0,41.46,263.84
gfx1250,96,256,512,4096,False,torch.bfloat16,torch.bfloat16,False,False,triton,0,0,23.7524,auto,0.0,45.21,275.91
gfx1250,96,1024,512,4096,False,torch.bfloat16,torch.bfloat16,False,False,triton,0,0,73.4511,auto,0.0,58.47,185.59
gfx1250,96,2048,512,4096,False,torch.bfloat16,torch.bfloat16,False,False,triton,0,0,138.5309,auto,0.0,62.01,166.52
gfx1250,96,4096,512,4096,False,torch.bfloat16,torch.bfloat16,False,False,triton,0,0,255.5595,auto,0.0,67.22,164.12
gfx1250,96,8192,512,4096,False,torch.bfloat16,torch.bfloat16,False,False,triton,0,0,492.983,auto,0.0,69.7,161.65
gfx1250,96,1,1024,4096,False,torch.bfloat16,torch.bfloat16,False,False,triton,0,0,13.7687,auto,0.0,0.61,610.0
gfx1250,96,2,1024,4096,False,torch.bfloat16,torch.bfloat16,False,False,triton,0,0,13.5272,auto,0.0,1.24,621.64
gfx1250,96,4,1024,4096,False,torch.bfloat16,torch.bfloat16,False,False,triton,0,0,12.844,auto,0.0,2.61,656.3
gfx1250,96,8,1024,4096,False,torch.bfloat16,torch.bfloat16,False,False,triton,0,0,13.3854,auto,0.0,5.01,632.82
gfx1250,96,16,1024,4096,False,torch.bfloat16,torch.bfloat16,False,False,triton,0,0,13.0854,auto,0.0,10.26,653.59
gfx1250,96,32,1024,4096,False,torch.bfloat16,torch.bfloat16,False,False,triton,0,0,16.5871,auto,0.0,16.18,525.49
gfx1250,96,48,1024,4096,False,torch.bfloat16,torch.bfloat16,False,False,triton,0,0,21.8265,auto,0.0,18.45,406.85
gfx1250,96,64,1024,4096,False,torch.bfloat16,torch.bfloat16,False,False,triton,0,0,26.7737,auto,0.0,20.05,337.79
gfx1250,96,80,1024,4096,False,torch.bfloat16,torch.bfloat16,False,False,triton,0,0,31.5477,auto,0.0,21.27,291.87
gfx1250,96,96,1024,4096,False,torch.bfloat16,torch.bfloat16,False,False,triton,0,0,32.2675,auto,0.0,24.96,290.44
gfx1250,96,112,1024,4096,False,torch.bfloat16,torch.bfloat16,False,False,triton,0,0,32.2318,auto,0.0,29.15,295.84
gfx1250,96,128,1024,4096,False,torch.bfloat16,torch.bfloat16,False,False,triton,0,0,32.5048,auto,0.0,33.03,298.4
gfx1250,96,144,1024,4096,False,torch.bfloat16,torch.bfloat16,False,False,triton,0,0,33.6796,auto,0.0,35.87,292.85
gfx1250,96,160,1024,4096,False,torch.bfloat16,torch.bfloat16,False,False,triton,0,0,33.9201,auto,0.0,39.57,295.61
gfx1250,96,176,1024,4096,False,torch.bfloat16,torch.bfloat16,False,False,triton,0,0,33.2587,auto,0.0,44.39,306.41
gfx1250,96,192,1024,4096,False,torch.bfloat16,torch.bfloat16,False,False,triton,0,0,33.4061,auto,0.0,48.21,309.96
gfx1250,96,208,1024,4096,False,torch.bfloat16,torch.bfloat16,False,False,triton,0,0,33.5207,auto,0.0,52.05,313.79
gfx1250,96,224,1024,4096,False,torch.bfloat16,torch.bfloat16,False,False,triton,0,0,33.6243,auto,0.0,55.88,317.7
gfx1250,96,240,1024,4096,False,torch.bfloat16,torch.bfloat16,False,False,triton,0,0,33.4845,auto,0.0,60.13,323.92
gfx1250,96,256,1024,4096,False,torch.bfloat16,torch.bfloat16,False,False,triton,0,0,34.6053,auto,0.0,62.06,318.16
gfx1250,96,1024,1024,4096,False,torch.bfloat16,torch.bfloat16,False,False,triton,0,0,96.6955,auto,0.0,88.83,195.19
gfx1250,96,2048,1024,4096,False,torch.bfloat16,torch.bfloat16,False,False,triton,0,0,185.94,auto,0.0,92.39,157.9
gfx1250,96,4096,1024,4096,False,torch.bfloat16,torch.bfloat16,False,False,triton,0,0,343.6915,auto,0.0,99.97,146.44
gfx1250,96,8192,1024,4096,False,torch.bfloat16,torch.bfloat16,False,False,triton,0,0,674.0741,auto,0.0,101.95,136.89
gfx1250,96,1,2048,4096,False,torch.bfloat16,torch.bfloat16,False,False,triton,0,0,16.6206,auto,0.0,1.01,1010.16
gfx1250,96,2,2048,4096,False,torch.bfloat16,torch.bfloat16,False,False,triton,0,0,17.9057,auto,0.0,1.87,938.35
gfx1250,96,4,2048,4096,False,torch.bfloat16,torch.bfloat16,False,False,triton,0,0,16.3426,auto,0.0,4.11,1029.6
gfx1250,96,8,2048,4096,False,torch.bfloat16,torch.bfloat16,False,False,triton,0,0,16.8129,auto,0.0,7.98,1003.72
gfx1250,96,16,2048,4096,False,torch.bfloat16,torch.bfloat16,False,False,triton,0,0,19.4356,auto,0.0,13.81,873.34
gfx1250,96,32,2048,4096,False,torch.bfloat16,torch.bfloat16,False,False,triton,0,0,27.713,auto,0.0,19.37,619.58
gfx1250,96,48,2048,4096,False,torch.bfloat16,torch.bfloat16,False,False,triton,0,0,41.6228,auto,0.0,19.35,417.25
gfx1250,96,64,2048,4096,False,torch.bfloat16,torch.bfloat16,False,False,triton,0,0,48.2911,auto,0.0,22.23,363.7
gfx1250,96,80,2048,4096,False,torch.bfloat16,torch.bfloat16,False,False,triton,0,0,44.0733,auto,0.0,30.45,402.97
gfx1250,96,96,2048,4096,False,torch.bfloat16,torch.bfloat16,False,False,triton,0,0,44.0379,auto,0.0,36.57,407.76
gfx1250,96,112,2048,4096,False,torch.bfloat16,torch.bfloat16,False,False,triton,0,0,44.1056,auto,0.0,42.6,411.59
gfx1250,96,128,2048,4096,False,torch.bfloat16,torch.bfloat16,False,False,triton,0,0,44.2044,auto,0.0,48.58,415.12
gfx1250,96,144,2048,4096,False,torch.bfloat16,torch.bfloat16,False,False,triton,0,0,44.9521,auto,0.0,53.74,412.59
gfx1250,96,160,2048,4096,False,torch.bfloat16,torch.bfloat16,False,False,triton,0,0,44.5092,auto,0.0,60.31,421.11
gfx1250,96,176,2048,4096,False,torch.bfloat16,torch.bfloat16,False,False,triton,0,0,46.0722,auto,0.0,64.09,411.09
gfx1250,96,192,2048,4096,False,torch.bfloat16,torch.bfloat16,False,False,triton,0,0,44.3265,auto,0.0,72.67,431.72
gfx1250,96,208,2048,4096,False,torch.bfloat16,torch.bfloat16,False,False,triton,0,0,45.5203,auto,0.0,76.66,424.71
gfx1250,96,224,2048,4096,False,torch.bfloat16,torch.bfloat16,False,False,triton,0,0,43.9548,auto,0.0,85.5,444.31
gfx1250,96,240,2048,4096,False,torch.bfloat16,torch.bfloat16,False,False,triton,0,0,44.3294,auto,0.0,90.83,444.99
gfx1250,96,256,2048,4096,False,torch.bfloat16,torch.bfloat16,False,False,triton,0,0,45.318,auto,0.0,94.77,439.63
gfx1250,96,1024,2048,4096,False,torch.bfloat16,torch.bfloat16,False,False,triton,0,0,141.402,auto,0.0,121.5,207.64
gfx1250,96,2048,2048,4096,False,torch.bfloat16,torch.bfloat16,False,False,triton,0,0,277.3816,auto,0.0,123.87,151.21
gfx1250,96,4096,2048,4096,False,torch.bfloat16,torch.bfloat16,False,False,triton,0,0,513.2535,auto,0.0,133.89,130.75
gfx1250,96,8192,2048,4096,False,torch.bfloat16,torch.bfloat16,False,False,triton,0,0,998.2229,auto,0.0,137.68,117.65
gfx950,256,1,2304,16384,False,torch.bfloat16,torch.bfloat16,False,False,flydsl,720,8,16.9209,flydsl_hgemm_abf16_wbf16_bf16_t16x96x256x2_ks8_w1x2x1_bias0_ktail0_gm0_pft_gfx950,0.0243,4.46,4464.0
gfx950,256,16,2304,16384,False,torch.bfloat16,torch.bfloat16,False,False,flydsl,720,8,17.6071,flydsl_hgemm_abf16_wbf16_bf16_t16x96x256x2_ks8_w1x2x1_bias0_ktail0_gm0_pft_gfx950,0.0243,68.61,4321.86
gfx950,256,32,2304,16384,False,torch.bfloat16,torch.bfloat16,False,False,flydsl,2300,8,19.2864,flydsl_hgemm_abf16_wbf16_bf16_t32x96x256x2_ks8_w1x2x1_bias0_ktail0_gm0_pft_gfx950,0.0245,125.27,3976.56
gfx950,256,64,2304,16384,False,torch.bfloat16,torch.bfloat16,False,False,flydsl,4558,8,21.9368,flydsl_hgemm_abf16_wbf16_bf16_t64x96x64x4_ks8_w2x2x1_bias0_ktail0_gm0_pft_gfx950,0.024,220.26,3550.63
gfx950,256,128,2304,16384,False,torch.bfloat16,torch.bfloat16,False,False,flydsl,747,8,29.3423,flydsl_hgemm_abf16_wbf16_bf16_t128x96x64x4_ks8_w2x2x1_bias0_ktail0_gm0_pft_gfx950,0.0242,329.34,2736.04
gfx950,256,256,2304,16384,False,torch.bfloat16,torch.bfloat16,False,False,torch,0,0,42.4581,native,0.0,455.21,2003.52
gfx950,256,512,2304,16384,False,torch.bfloat16,torch.bfloat16,False,False,torch,0,0,56.6703,native,0.0,682.1,1669.9
gfx950,256,1024,2304,16384,False,torch.bfloat16,torch.bfloat16,False,False,torch,0,0,90.7703,native,0.0,851.7,1253.39
gfx950,256,2048,2304,16384,False,torch.bfloat16,torch.bfloat16,False,False,torch,0,0,178.5356,native,0.0,866.04,851.61
gfx950,256,4096,2304,16384,False,torch.bfloat16,torch.bfloat16,False,False,torch,0,0,258.081,native,0.0,1198.22,885.73
gfx950,256,8192,2304,16384,False,torch.bfloat16,torch.bfloat16,False,False,torch,0,0,514.657,native,0.0,1201.72,741.62
gfx950,256,16384,2304,16384,False,torch.bfloat16,torch.bfloat16,False,False,torch,0,0,914.9679,native,0.0,1351.91,751.79
gfx950,256,32768,2304,16384,False,torch.bfloat16,torch.bfloat16,False,False,flydsl,83,1,1742.2826,flydsl_hgemm_abf16_wbf16_bf16_t256x256x64x2_ks1_w2x4x1_bias0_ktail0_gm4_pht_gfx950,0.0,1419.92,746.28
gfx950,256,1,4608,16384,False,torch.bfloat16,torch.bfloat16,False,False,flydsl,253,4,29.3536,flydsl_hgemm_abf16_wbf16_bf16_t16x32x256x2_ks4_w1x1x1_bias0_ktail0_gm0_pft_gfx950,0.0132,5.14,5145.43
gfx950,256,16,4608,16384,False,torch.bfloat16,torch.bfloat16,False,False,flydsl,664,4,30.2983,flydsl_hgemm_abf16_wbf16_bf16_t16x96x256x2_ks4_w1x2x1_bias0_ktail0_gm0_pft_gfx950,0.0156,79.74,5005.78
gfx950,256,32,4608,16384,False,torch.bfloat16,torch.bfloat16,False,False,flydsl,1984,4,32.5577,flydsl_hgemm_abf16_wbf16_bf16_t32x96x256x2_ks4_w1x2x1_bias0_ktail0_gm0_pft_gfx950,0.0161,148.41,4679.03
gfx950,256,64,4608,16384,False,torch.bfloat16,torch.bfloat16,False,False,flydsl,3290,4,31.9358,flydsl_hgemm_abf16_wbf16_bf16_t64x64x64x3_ks4_w1x2x1_bias0_ktail0_gm0_pft_gfx950,0.0158,302.6,4812.21
gfx950,256,128,4608,16384,False,torch.bfloat16,torch.bfloat16,False,False,flydsl,137,4,50.5621,flydsl_hgemm_abf16_wbf16_bf16_t128x128x64x5_ks4_w2x4x2_bias0_ktail0_gm0_pft_gfx950,0.0243,382.25,3092.61
gfx950,256,256,4608,16384,False,torch.bfloat16,torch.bfloat16,False,False,flydsl,2598,2,94.3406,flydsl_hgemm_abf16_wbf16_bf16_t96x64x128x3_ks2_w2x2x2_bias0_ktail0_gm0_pft_gfx950,0.0164,409.74,1714.46
gfx950,256,512,4608,16384,False,torch.bfloat16,torch.bfloat16,False,False,flydsl,1148,1,155.2603,flydsl_hgemm_abf16_wbf16_bf16_t64x64x64x3_ks1_w1x1x1_bias0_ktail0_gm4_pft_gfx950,0.0,497.93,1110.98
gfx950,256,1024,4608,16384,False,torch.bfloat16,torch.bfloat16,False,False,flydsl,25,1,241.007,flydsl_hgemm_abf16_wbf16_bf16_t128x128x64x2_ks1_w4x2x1_bias0_ktail0_gm4_pft_gfx950,0.0,641.55,804.9
gfx950,256,2048,4608,16384,False,torch.bfloat16,torch.bfloat16,False,False,flydsl,91,1,436.6575,flydsl_hgemm_abf16_wbf16_bf16_t256x128x64x3_ks1_w4x2x1_bias0_ktail0_gm4_pft_gfx950,0.0,708.19,542.71
gfx950,256,4096,4608,16384,False,torch.bfloat16,torch.bfloat16,False,False,torch,0,0,521.3048,native,0.0,1186.4,619.53
gfx950,256,8192,4608,16384,False,torch.bfloat16,torch.bfloat16,False,False,torch,0,0,911.5314,native,0.0,1357.0,542.96
gfx950,256,16384,4608,16384,False,torch.bfloat16,torch.bfloat16,False,False,flydsl,1,1,1721.3831,flydsl_hgemm_abf16_wbf16_bf16_t256x256x64x2_ks1_w2x4x1_bias0_ktail0_gm4_pht_gfx950,0.0,1437.16,487.32
gfx950,256,32768,4608,16384,False,torch.bfloat16,torch.bfloat16,False,False,torch,0,0,3117.3269,native,0.0,1587.19,489.76
gfx950,256,1,9216,16384,False,torch.bfloat16,torch.bfloat16,False,False,flydsl,504,1,57.8187,flydsl_hgemm_abf16_wbf16_bf16_t16x64x64x7_ks1_w1x2x1_bias0_ktail0_gm0_pft_gfx950,0.0,5.22,5223.93
gfx950,256,16,9216,16384,False,torch.bfloat16,torch.bfloat16,False,False,flydsl,554,4,59.4097,flydsl_hgemm_abf16_wbf16_bf16_t16x96x64x4_ks4_w1x2x1_bias0_ktail0_gm0_pft_gfx950,0.0149,81.33,5096.96
gfx950,256,32,9216,16384,False,torch.bfloat16,torch.bfloat16,False,False,torch,0,0,58.2016,native,0.0,166.04,5216.84
gfx950,256,64,9216,16384,False,torch.bfloat16,torch.bfloat16,False,False,flydsl,2659,2,64.8326,flydsl_hgemm_abf16_wbf16_bf16_t64x96x256x2_ks2_w2x2x2_bias0_ktail0_gm0_pft_gfx950,0.0164,298.11,4708.54
gfx950,256,128,9216,16384,False,torch.bfloat16,torch.bfloat16,False,False,flydsl,81,4,97.2676,flydsl_hgemm_abf16_wbf16_bf16_t128x128x64x3_ks4_w4x4x1_bias0_ktail0_gm0_pft_gfx950,0.016,397.41,3172.11
gfx950,256,256,9216,16384,False,torch.bfloat16,torch.bfloat16,False,False,flydsl,60,4,138.9503,flydsl_hgemm_abf16_wbf16_bf16_t128x128x64x3_ks4_w4x2x1_bias0_ktail0_gm0_pft_gfx950,0.0158,556.38,2267.7
gfx950,256,512,9216,16384,False,torch.bfloat16,torch.bfloat16,False,False,flydsl,204,1,240.6998,flydsl_hgemm_abf16_wbf16_bf16_t256x128x64x2_ks1_w2x2x1_bias0_ktail0_gm0_pht_gfx950,0.0,642.37,1363.54
gfx950,256,1024,9216,16384,False,torch.bfloat16,torch.bfloat16,False,False,flydsl,59,1,450.4648,flydsl_hgemm_abf16_wbf16_bf16_t128x256x64x2_ks1_w2x4x1_bias0_ktail0_gm0_pht_gfx950,0.0,686.49,786.78
gfx950,256,2048,9216,16384,False,torch.bfloat16,torch.bfloat16,False,False,flydsl,3,1,671.6306,flydsl_hgemm_abf16_wbf16_bf16_t128x128x128x2_ks1_w2x2x1_bias0_ktail0_gm4_pht_gfx950,0.0,920.86,605.76
gfx950,256,4096,9216,16384,False,torch.bfloat16,torch.bfloat16,False,False,torch,0,0,920.8556,native,0.0,1343.26,555.68
gfx950,256,8192,9216,16384,False,torch.bfloat16,torch.bfloat16,False,False,flydsl,0,1,1711.4707,flydsl_hgemm_abf16_wbf16_bf16_t256x256x64x2_ks1_w2x4x1_bias0_ktail0_gm0_pht_gfx950,0.0,1445.48,421.52
gfx950,256,16384,9216,16384,False,torch.bfloat16,torch.bfloat16,False,False,flydsl,1,1,3255.0115,flydsl_hgemm_abf16_wbf16_bf16_t256x256x64x2_ks1_w2x4x1_bias0_ktail0_gm4_pht_gfx950,0.0,1520.06,350.49
gfx950,256,32768,9216,16384,False,torch.bfloat16,torch.bfloat16,False,False,asm,10,1,6449.8071,_ZN5aiter24bf16gemm_bf16_tn_256x256E,0.0,1534.25,306.94
gfx950,256,1,13312,16384,False,torch.bfloat16,torch.bfloat16,False,False,flydsl,401,2,80.1104,flydsl_hgemm_abf16_wbf16_bf16_t16x64x64x3_ks2_w1x1x2_bias0_ktail0_gm0_pft_gfx950,0.0171,5.45,5445.82
gfx950,256,16,13312,16384,False,torch.bfloat16,torch.bfloat16,False,False,flydsl,106,1,80.078,flydsl_hgemm_abf16_wbf16_bf16_t16x16x256x5_ks1_w1x1x2_bias0_ktail0_gm0_pft_gfx950,0.0073,87.16,5459.15
gfx950,256,32,13312,16384,False,torch.bfloat16,torch.bfloat16,False,False,flydsl,1180,1,78.5128,flydsl_hgemm_abf16_wbf16_bf16_t32x64x64x5_ks1_w1x1x2_bias0_ktail0_gm0_pft_gfx950,0.0075,177.79,5580.09
gfx950,256,64,13312,16384,False,torch.bfloat16,torch.bfloat16,False,False,flydsl,2332,4,95.2653,flydsl_hgemm_abf16_wbf16_bf16_t64x96x64x5_ks4_w2x2x1_bias0_ktail0_gm0_pft_gfx950,0.0158,293.05,4618.77
gfx950,256,128,13312,16384,False,torch.bfloat16,torch.bfloat16,False,False,flydsl,374,2,124.0362,flydsl_hgemm_abf16_wbf16_bf16_t128x64x64x4_ks2_w2x1x2_bias0_ktail0_gm0_pft_gfx950,0.0165,450.15,3578.07
gfx950,256,256,13312,16384,False,torch.bfloat16,torch.bfloat16,False,False,flydsl,611,1,204.2476,flydsl_hgemm_abf16_wbf16_bf16_t64x128x64x2_ks1_w1x4x1_bias0_ktail0_gm0_pft_gfx950,0.0,546.73,2210.12
gfx950,256,512,13312,16384,False,torch.bfloat16,torch.bfloat16,False,False,flydsl,354,1,411.3068,flydsl_hgemm_abf16_wbf16_bf16_t64x128x64x5_ks1_w1x2x2_bias0_ktail0_gm4_pft_gfx950,0.0075,543.0,1134.47
gfx950,256,1024,13312,16384,False,torch.bfloat16,torch.bfloat16,False,False,asm,10,1,331.6928,_ZN5aiter24bf16gemm_bf16_tn_256x256E,0.0,1346.66,1498.45
gfx950,256,2048,13312,16384,False,torch.bfloat16,torch.bfloat16,False,False,flydsl,83,1,634.0638,flydsl_hgemm_abf16_wbf16_bf16_t256x256x64x2_ks1_w2x4x1_bias0_ktail0_gm4_pht_gfx950,0.0,1408.93,879.79
gfx950,256,4096,13312,16384,False,torch.bfloat16,torch.bfloat16,False,False,flydsl,1,1,1288.0164,flydsl_hgemm_abf16_wbf16_bf16_t256x256x64x2_ks1_w2x4x1_bias0_ktail0_gm4_pht_gfx950,0.0,1387.18,527.54
gfx950,256,8192,13312,16384,False,torch.bfloat16,torch.bfloat16,False,False,flydsl,1,1,2450.4808,flydsl_hgemm_abf16_wbf16_bf16_t256x256x64x2_ks1_w2x4x1_bias0_ktail0_gm4_pht_gfx950,0.0,1458.25,376.56
gfx950,256,16384,13312,16384,False,torch.bfloat16,torch.bfloat16,False,False,asm,10,1,4620.6259,_ZN5aiter24bf16gemm_bf16_tn_256x256E,0.0,1546.72,305.0
gfx950,256,32768,13312,16384,False,torch.bfloat16,torch.bfloat16,False,False,asm,10,1,9425.8806,_ZN5aiter24bf16gemm_bf16_tn_256x256E,0.0,1516.43,252.75
gfx950,256,1,16384,2048,False,torch.bfloat16,torch.bfloat16,False,False,flydsl,410,1,11.0957,flydsl_hgemm_abf16_wbf16_bf16_t16x64x64x4_ks1_w1x2x1_bias0_ktail0_gm0_pft_gfx950,0.0,6.05,6051.51
gfx950,256,1,16384,4096,False,torch.bfloat16,torch.bfloat16,False,False,flydsl,435,1,20.3148,flydsl_hgemm_abf16_wbf16_bf16_t16x64x64x8_ks1_w1x2x1_bias0_ktail0_gm4_pft_gfx950,0.0,6.61,6608.91
gfx950,256,1,16384,6656,False,torch.bfloat16,torch.bfloat16,False,False,flydsl,163,1,30.6849,flydsl_hgemm_abf16_wbf16_bf16_t16x32x128x4_ks1_w1x1x1_bias0_ktail0_gm0_pft_gfx950,0.0,7.11,7109.36
gfx950,256,1,16384,8192,False,torch.bfloat16,torch.bfloat16,False,False,flydsl,165,1,52.438,flydsl_hgemm_abf16_wbf16_bf16_t16x32x128x3_ks1_w1x2x1_bias0_ktail0_gm4_pft_gfx950,0.0,5.12,5120.04
gfx950,256,1,16384,13312,False,torch.bfloat16,torch.bfloat16,False,False,flydsl,425,1,73.1304,flydsl_hgemm_abf16_wbf16_bf16_t16x64x64x7_ks1_w1x1x1_bias0_ktail0_gm4_pft_gfx950,0.0,5.96,5965.6
gfx950,256,1,16384,26624,False,torch.bfloat16,torch.bfloat16,False,False,flydsl,324,1,146.8954,flydsl_hgemm_abf16_wbf16_bf16_t16x64x128x4_ks1_w1x4x1_bias0_ktail0_gm0_pft_gfx950,0.0,5.94,5939.61
gfx950,256,16,16384,2048,False,torch.bfloat16,torch.bfloat16,False,False,flydsl,124,1,11.2969,flydsl_hgemm_abf16_wbf16_bf16_t16x16x64x4_ks1_w1x1x1_bias0_ktail0_gm0_pft_gfx950,0.0,95.05,5992.68
gfx950,256,16,16384,4096,False,torch.bfloat16,torch.bfloat16,False,False,flydsl,289,1,30.1106,flydsl_hgemm_abf16_wbf16_bf16_t16x32x64x8_ks1_w1x2x1_bias0_ktail0_gm4_pft_gfx950,0.0,71.32,4479.26
gfx950,256,16,16384,6656,False,torch.bfloat16,torch.bfloat16,False,False,flydsl,24,4,33.7626,flydsl_hgemm_abf16_wbf16_bf16_t16x128x128x4_ks4_w1x2x1_bias0_ktail0_gm0_pft_gfx950,0.0131,103.36,6481.76
gfx950,256,16,16384,8192,False,torch.bfloat16,torch.bfloat16,False,False,flydsl,260,1,43.8049,flydsl_hgemm_abf16_wbf16_bf16_t16x32x64x4_ks1_w1x1x1_bias0_ktail0_gm0_pft_gfx950,0.0,98.05,6145.93
gfx950,256,16,16384,13312,False,torch.bfloat16,torch.bfloat16,False,False,flydsl,429,1,74.0151,flydsl_hgemm_abf16_wbf16_bf16_t16x64x64x7_ks1_w1x2x1_bias0_ktail0_gm4_pft_gfx950,0.0,94.3,5906.33
gfx950,256,16,16384,26624,False,torch.bfloat16,torch.bfloat16,False,False,flydsl,51,1,188.6381,flydsl_hgemm_abf16_wbf16_bf16_t16x128x64x6_ks1_w1x2x1_bias0_ktail0_gm0_pft_gfx950,0.0,74.0,4632.11
gfx950,256,32,16384,2048,False,torch.bfloat16,torch.bfloat16,False,False,asm,2,1,11.4621,_ZN5aiter37bf16gemm_fp32bf16_tn_32x64_pf3_splitkE,0.0,187.36,5957.77
gfx950,256,32,16384,4096,False,torch.bfloat16,torch.bfloat16,False,False,flydsl,789,1,28.7878,flydsl_hgemm_abf16_wbf16_bf16_t32x32x256x2_ks1_w1x1x2_bias0_ktail0_gm4_pft_gfx950,0.0047,149.19,4707.84
gfx950,256,32,16384,6656,False,torch.bfloat16,torch.bfloat16,False,False,flydsl,999,1,32.5025,flydsl_hgemm_abf16_wbf16_bf16_t32x64x128x4_ks1_w1x4x1_bias0_ktail0_gm4_pft_gfx950,0.0,214.73,6755.74
gfx950,256,32,16384,8192,False,torch.bfloat16,torch.bfloat16,False,False,flydsl,379,4,41.8092,flydsl_hgemm_abf16_wbf16_bf16_t32x128x128x3_ks4_w1x4x2_bias0_ktail0_gm0_pft_gfx950,0.0216,205.46,6458.11
gfx950,256,32,16384,13312,False,torch.bfloat16,torch.bfloat16,False,False,flydsl,1089,1,74.1819,flydsl_hgemm_abf16_wbf16_bf16_t32x64x256x3_ks1_w1x2x1_bias0_ktail0_gm4_pft_gfx950,0.0,188.17,5905.86
gfx950,256,32,16384,26624,False,torch.bfloat16,torch.bfloat16,False,False,flydsl,418,2,150.6346,flydsl_hgemm_abf16_wbf16_bf16_t32x128x256x2_ks2_w2x4x1_bias0_ktail0_gm0_pft_gfx950,0.0085,185.33,5809.87
gfx950,256,64,16384,2048,False,torch.bfloat16,torch.bfloat16,False,False,flydsl,2112,1,12.9689,flydsl_hgemm_abf16_wbf16_bf16_t64x64x64x7_ks1_w2x2x2_bias0_ktail0_gm0_pft_gfx950,0.0035,331.17,5356.52
gfx950,256,64,16384,4096,False,torch.bfloat16,torch.bfloat16,False,False,flydsl,2100,1,31.2207,flydsl_hgemm_abf16_wbf16_bf16_t64x64x64x7_ks1_w1x2x2_bias0_ktail0_gm0_pft_gfx950,0.0048,275.14,4382.96
gfx950,256,64,16384,6656,False,torch.bfloat16,torch.bfloat16,False,False,flydsl,1862,1,42.7459,flydsl_hgemm_abf16_wbf16_bf16_t64x64x128x4_ks1_w1x2x2_bias0_ktail0_gm4_pft_gfx950,0.0059,326.55,5171.32
gfx950,256,64,16384,8192,False,torch.bfloat16,torch.bfloat16,False,False,flydsl,288,1,56.8113,flydsl_hgemm_abf16_wbf16_bf16_t32x128x64x6_ks1_w1x2x1_bias0_ktail0_gm0_pft_gfx950,0.0,302.4,4780.41
gfx950,256,64,16384,13312,False,torch.bfloat16,torch.bfloat16,False,False,flydsl,2125,1,83.2243,flydsl_hgemm_abf16_wbf16_bf16_t64x64x64x8_ks1_w1x2x2_bias0_ktail0_gm4_pft_gfx950,0.007,335.45,5287.02
gfx950,256,64,16384,26624,False,torch.bfloat16,torch.bfloat16,False,False,flydsl,2260,2,172.2295,flydsl_hgemm_abf16_wbf16_bf16_t96x128x128x2_ks2_w2x2x1_bias0_ktail0_gm0_pft_gfx950,0.0084,324.19,5097.39
gfx950,256,128,16384,2048,False,torch.bfloat16,torch.bfloat16,False,False,flydsl,357,1,15.364,flydsl_hgemm_abf16_wbf16_bf16_t128x64x64x4_ks1_w4x1x2_bias0_ktail0_gm4_pft_gfx950,0.0035,559.09,4675.05
gfx950,256,128,16384,4096,False,torch.bfloat16,torch.bfloat16,False,False,flydsl,367,1,37.2406,flydsl_hgemm_abf16_wbf16_bf16_t128x64x64x5_ks1_w2x2x2_bias0_ktail0_gm4_pft_gfx950,0.0048,461.32,3744.85
gfx950,256,128,16384,6656,False,torch.bfloat16,torch.bfloat16,False,False,flydsl,12,2,61.8478,flydsl_hgemm_abf16_wbf16_bf16_t128x128x128x2_ks2_w2x4x1_bias0_ktail0_gm0_pft_gfx950,0.0059,451.39,3621.83
gfx950,256,128,16384,8192,False,torch.bfloat16,torch.bfloat16,False,False,flydsl,60,4,80.3052,flydsl_hgemm_abf16_wbf16_bf16_t128x128x64x3_ks4_w4x2x1_bias0_ktail0_gm0_pft_gfx950,0.0141,427.86,3421.04
gfx950,256,128,16384,13312,False,torch.bfloat16,torch.bfloat16,False,False,flydsl,45,1,136.3181,flydsl_hgemm_abf16_wbf16_bf16_t128x128x64x3_ks1_w2x2x1_bias0_ktail0_gm0_pft_gfx950,0.0,409.59,3255.69
gfx950,256,128,16384,26624,False,torch.bfloat16,torch.bfloat16,False,False,flydsl,368,1,216.1401,flydsl_hgemm_abf16_wbf16_bf16_t128x64x64x5_ks1_w2x4x1_bias0_ktail0_gm0_pft_gfx950,0.0,516.65,4087.28
gfx950,256,256,16384,2048,False,torch.bfloat16,torch.bfloat16,False,False,flydsl,577,1,23.4745,flydsl_hgemm_abf16_wbf16_bf16_t64x128x64x2_ks1_w4x2x1_bias0_ktail0_gm0_pft_gfx950,0.0,731.85,3260.82
gfx950,256,256,16384,4096,False,torch.bfloat16,torch.bfloat16,False,False,flydsl,41,1,48.3872,flydsl_hgemm_abf16_wbf16_bf16_t128x128x64x4_ks1_w2x2x2_bias0_ktail0_gm4_pft_gfx950,0.0049,710.1,2990.53
gfx950,256,256,16384,6656,False,torch.bfloat16,torch.bfloat16,False,False,flydsl,72,1,99.8011,flydsl_hgemm_abf16_wbf16_bf16_t128x256x64x3_ks1_w2x4x2_bias0_ktail0_gm0_pft_gfx950,0.0058,559.46,2303.58
gfx950,256,256,16384,8192,False,torch.bfloat16,torch.bfloat16,False,False,flydsl,354,1,116.7494,flydsl_hgemm_abf16_wbf16_bf16_t256x64x128x2_ks1_w4x1x1_bias0_ktail0_gm4_pft_gfx950,0.0,588.61,2407.02
gfx950,256,256,16384,13312,False,torch.bfloat16,torch.bfloat16,False,False,flydsl,346,1,244.22,flydsl_hgemm_abf16_wbf16_bf16_t256x32x64x2_ks1_w4x1x1_bias0_ktail0_gm4_pft_gfx950,0.0,457.25,1848.38
gfx950,256,256,16384,26624,False,torch.bfloat16,torch.bfloat16,False,False,flydsl,375,1,323.7118,flydsl_hgemm_abf16_wbf16_bf16_t256x64x64x4_ks1_w4x1x1_bias0_ktail0_gm0_pft_gfx950,0.0,689.93,2763.06
gfx950,256,512,16384,2048,False,torch.bfloat16,torch.bfloat16,False,False,flydsl,40,1,47.5056,flydsl_hgemm_abf16_wbf16_bf16_t128x128x64x4_ks1_w2x4x1_bias0_ktail0_gm0_pft_gfx950,0.0,723.28,1809.96
gfx950,256,512,16384,4096,False,torch.bfloat16,torch.bfloat16,False,False,flydsl,131,1,109.7396,flydsl_hgemm_abf16_wbf16_bf16_t128x64x64x3_ks1_w4x2x1_bias0_ktail0_gm4_pft_gfx950,0.0,626.2,1414.16
gfx950,256,512,16384,6656,False,torch.bfloat16,torch.bfloat16,False,False,flydsl,55,1,128.1646,flydsl_hgemm_abf16_wbf16_bf16_t128x128x64x5_ks1_w4x4x1_bias0_ktail0_gm4_pft_gfx950,0.0,871.29,1885.83
gfx950,256,512,16384,8192,False,torch.bfloat16,torch.bfloat16,False,False,flydsl,171,1,216.5601,flydsl_hgemm_abf16_wbf16_bf16_t128x64x64x6_ks1_w2x2x2_bias0_ktail0_gm4_pft_gfx950,0.0062,634.65,1355.75
gfx950,256,512,16384,13312,False,torch.bfloat16,torch.bfloat16,False,False,flydsl,10,1,310.4278,flydsl_hgemm_abf16_wbf16_bf16_t128x128x128x2_ks1_w4x2x1_bias0_ktail0_gm0_pft_gfx950,0.0,719.45,1503.14
gfx950,256,512,16384,26624,False,torch.bfloat16,torch.bfloat16,False,False,flydsl,109,1,676.4562,flydsl_hgemm_abf16_wbf16_bf16_t128x64x64x2_ks1_w2x1x2_bias0_ktail0_gm4_pft_gfx950,0.0083,660.32,1354.79
gfx950,256,1024,16384,2048,False,torch.bfloat16,torch.bfloat16,False,False,flydsl,97,1,82.8184,flydsl_hgemm_abf16_wbf16_bf16_t256x64x64x2_ks1_w2x2x1_bias0_ktail0_gm4_pht_gfx950,0.0,829.76,1266.11
gfx950,256,1024,16384,4096,False,torch.bfloat16,torch.bfloat16,False,False,flydsl,32,1,173.5923,flydsl_hgemm_abf16_wbf16_bf16_t128x128x64x3_ks1_w4x2x1_bias0_ktail0_gm0_pft_gfx950,0.0,791.73,1014.8
gfx950,256,1024,16384,6656,False,torch.bfloat16,torch.bfloat16,False,False,asm,6,1,513.5847,_ZN5aiter37bf16gemm_fp32bf16_tn_64x64_pf3_splitkE,0.0,434.86,516.55
gfx950,256,1024,16384,8192,False,torch.bfloat16,torch.bfloat16,False,False,torch,0,0,194.4399,native,0.0,1413.69,1639.41
gfx950,256,1024,16384,13312,False,torch.bfloat16,torch.bfloat16,False,False,asm,10,1,311.0184,_ZN5aiter24bf16gemm_bf16_tn_256x256E,0.0,1436.17,1598.06
gfx950,256,1024,16384,26624,False,torch.bfloat16,torch.bfloat16,False,False,flydsl,93,1,1145.9317,flydsl_hgemm_abf16_wbf16_bf16_t256x64x128x2_ks1_w4x2x1_bias0_ktail0_gm4_pft_gfx950,0.0,779.59,838.18
gfx950,256,2048,16384,2048,False,torch.bfloat16,torch.bfloat16,False,False,flydsl,84,1,140.0659,flydsl_hgemm_abf16_wbf16_bf16_t256x256x64x2_ks1_w4x4x1_bias0_ktail0_gm0_pft_gfx950,0.0,981.24,1018.14
gfx950,256,2048,16384,4096,False,torch.bfloat16,torch.bfloat16,False,False,flydsl,83,1,194.3755,flydsl_hgemm_abf16_wbf16_bf16_t256x256x64x2_ks1_w2x4x1_bias0_ktail0_gm4_pht_gfx950,0.0,1414.16,1122.07
gfx950,256,2048,16384,6656,False,torch.bfloat16,torch.bfloat16,False,False,asm,10,1,308.385,_ZN5aiter24bf16gemm_bf16_tn_256x256E,0.0,1448.44,1013.26
gfx950,256,2048,16384,8192,False,torch.bfloat16,torch.bfloat16,False,False,asm,10,1,365.3121,_ZN5aiter24bf16gemm_bf16_tn_256x256E,0.0,1504.89,1010.37
gfx950,256,2048,16384,13312,False,torch.bfloat16,torch.bfloat16,False,False,flydsl,18,1,872.3704,flydsl_hgemm_abf16_wbf16_bf16_t128x128x64x2_ks1_w2x4x1_bias0_ktail0_gm0_pft_gfx950,0.0,1024.05,639.46
gfx950,256,2048,16384,26624,False,torch.bfloat16,torch.bfloat16,False,False,flydsl,38,1,2123.4745,flydsl_hgemm_abf16_wbf16_bf16_t128x128x64x4_ks1_w2x2x2_bias0_ktail0_gm0_pft_gfx950,0.0082,841.41,493.8
gfx950,256,4096,16384,2048,False,torch.bfloat16,torch.bfloat16,False,False,flydsl,101,1,322.1169,flydsl_hgemm_abf16_wbf16_bf16_t256x64x64x2_ks1_w4x2x1_bias0_ktail0_gm4_pft_gfx950,0.0,853.35,677.1
gfx950,256,4096,16384,4096,False,torch.bfloat16,torch.bfloat16,False,False,flydsl,0,1,376.2459,flydsl_hgemm_abf16_wbf16_bf16_t256x256x64x2_ks1_w2x4x1_bias0_ktail0_gm0_pht_gfx950,0.0,1461.16,802.64
gfx950,256,4096,16384,6656,False,torch.bfloat16,torch.bfloat16,False,False,torch,0,0,590.9506,native,0.0,1511.72,688.46
gfx950,256,4096,16384,8192,False,torch.bfloat16,torch.bfloat16,False,False,flydsl,1,1,712.5516,flydsl_hgemm_abf16_wbf16_bf16_t256x256x64x2_ks1_w2x4x1_bias0_ktail0_gm4_pht_gfx950,0.0,1543.06,659.27
gfx950,256,4096,16384,13312,False,torch.bfloat16,torch.bfloat16,False,False,flydsl,1,1,1157.1815,flydsl_hgemm_abf16_wbf16_bf16_t256x256x64x2_ks1_w2x4x1_bias0_ktail0_gm4_pht_gfx950,0.0,1544.02,587.18
gfx950,256,4096,16384,26624,False,torch.bfloat16,torch.bfloat16,False,False,flydsl,1,1,2302.7588,flydsl_hgemm_abf16_wbf16_bf16_t256x256x64x2_ks1_w2x4x1_bias0_ktail0_gm4_pht_gfx950,0.0,1551.8,531.86
gfx950,256,8192,16384,2048,False,torch.bfloat16,torch.bfloat16,False,False,triton,0,0,521.6644,auto,0.0,1053.85,707.54
gfx950,256,8192,16384,4096,False,torch.bfloat16,torch.bfloat16,False,False,torch,0,0,728.5995,native,0.0,1509.08,644.75
gfx950,256,8192,16384,6656,False,torch.bfloat16,torch.bfloat16,False,False,asm,10,1,1147.808,_ZN5aiter24bf16gemm_bf16_tn_256x256E,0.0,1556.62,518.89
gfx950,256,8192,16384,8192,False,torch.bfloat16,torch.bfloat16,False,False,asm,10,1,1404.6077,_ZN5aiter24bf16gemm_bf16_tn_256x256E,0.0,1565.58,477.78
gfx950,256,8192,16384,13312,False,torch.bfloat16,torch.bfloat16,False,False,flydsl,1,1,2349.1371,flydsl_hgemm_abf16_wbf16_bf16_t256x256x64x2_ks1_w2x4x1_bias0_ktail0_gm4_pht_gfx950,0.0,1521.16,392.8
gfx950,256,8192,16384,26624,False,torch.bfloat16,torch.bfloat16,False,False,asm,4,1,29479.4399,_ZN5aiter37bf16gemm_fp32bf16_tn_48x64_pf3_splitkE,0.0,242.43,53.5
gfx950,256,16384,16384,2048,False,torch.bfloat16,torch.bfloat16,False,False,flydsl,15,1,1110.6508,flydsl_hgemm_abf16_wbf16_bf16_t128x128x64x2_ks1_w2x2x1_bias0_ktail0_gm0_pht_gfx950,0.0,989.97,604.23
gfx950,256,16384,16384,4096,False,torch.bfloat16,torch.bfloat16,False,False,torch,0,0,1437.447,native,0.0,1529.81,560.23
gfx950,256,16384,16384,6656,False,torch.bfloat16,torch.bfloat16,False,False,asm,10,1,2340.5142,_ZN5aiter24bf16gemm_bf16_tn_256x256E,0.0,1526.76,415.75
gfx950,256,16384,16384,8192,False,torch.bfloat16,torch.bfloat16,False,False,asm,10,1,2756.0397,_ZN5aiter24bf16gemm_bf16_tn_256x256E,0.0,1595.78,389.6
gfx950,256,16384,16384,13312,False,torch.bfloat16,torch.bfloat16,False,False,asm,10,1,4681.9623,_ZN5aiter24bf16gemm_bf16_tn_256x256E,0.0,1526.46,301.0
gfx950,256,16384,16384,26624,False,torch.bfloat16,torch.bfloat16,False,False,asm,10,1,9068.5145,_ZN5aiter24bf16gemm_bf16_tn_256x256E,0.0,1576.18,251.61
gfx950,256,32768,16384,2048,False,torch.bfloat16,torch.bfloat16,False,False,flydsl,27,1,2526.506,flydsl_hgemm_abf16_wbf16_bf16_t128x128x64x3_ks1_w2x2x1_bias0_ktail0_gm4_pft_gfx950,0.0,870.38,504.68
gfx950,256,32768,16384,4096,False,torch.bfloat16,torch.bfloat16,False,False,flydsl,0,1,2879.8831,flydsl_hgemm_abf16_wbf16_bf16_t256x256x64x2_ks1_w2x4x1_bias0_ktail0_gm0_pht_gfx950,0.0,1527.16,512.66
gfx950,256,32768,16384,6656,False,torch.bfloat16,torch.bfloat16,False,False,asm,4,1,24294.0641,_ZN5aiter37bf16gemm_fp32bf16_tn_48x64_pf3_splitkE,0.0,294.18,71.13
gfx950,256,32768,16384,8192,False,torch.bfloat16,torch.bfloat16,False,False,asm,10,1,5559.1534,_ZN5aiter24bf16gemm_bf16_tn_256x256E,0.0,1582.27,338.01
gfx950,256,32768,16384,13312,False,torch.bfloat16,torch.bfloat16,False,False,flydsl,1,1,9358.8836,flydsl_hgemm_abf16_wbf16_bf16_t256x256x64x2_ks1_w2x4x1_bias0_ktail0_gm4_pht_gfx950,0.0,1527.28,254.56
gfx950,256,32768,16384,26624,False,torch.bfloat16,torch.bfloat16,False,False,asm,10,1,18418.3169,_ZN5aiter24bf16gemm_bf16_tn_256x256E,0.0,1552.11,200.4
gfx950,256,1,26624,16384,False,torch.bfloat16,torch.bfloat16,False,False,flydsl,260,1,138.9933,flydsl_hgemm_abf16_wbf16_bf16_t16x64x256x2_ks1_w1x4x1_bias0_ktail0_gm4_pft_gfx950,0.0,6.28,6277.29
gfx950,256,16,26624,16384,False,torch.bfloat16,torch.bfloat16,False,False,flydsl,262,1,137.8894,flydsl_hgemm_abf16_wbf16_bf16_t16x64x256x2_ks1_w1x4x2_bias0_ktail0_gm4_pft_gfx950,0.0073,101.23,6336.9
gfx950,256,32,26624,16384,False,torch.bfloat16,torch.bfloat16,False,False,flydsl,247,1,140.7014,flydsl_hgemm_abf16_wbf16_bf16_t32x128x256x2_ks1_w1x4x2_bias0_ktail0_gm0_pft_gfx950,0.0074,198.42,6220.04
gfx950,256,64,26624,16384,False,torch.bfloat16,torch.bfloat16,False,False,flydsl,693,1,151.9766,flydsl_hgemm_abf16_wbf16_bf16_t64x128x64x4_ks1_w4x2x1_bias0_ktail0_gm0_pft_gfx950,0.0,367.39,5776.68
gfx950,256,128,26624,16384,False,torch.bfloat16,torch.bfloat16,False,False,flydsl,35,1,191.0067,flydsl_hgemm_abf16_wbf16_bf16_t128x128x64x3_ks1_w2x4x2_bias0_ktail0_gm0_pft_gfx950,0.0075,584.63,4625.1
gfx950,256,256,26624,16384,False,torch.bfloat16,torch.bfloat16,False,False,flydsl,213,4,317.6314,flydsl_hgemm_abf16_wbf16_bf16_t256x256x64x2_ks4_w4x4x1_bias0_ktail0_gm0_pft_gfx950,0.0159,703.14,2815.95
gfx950,256,512,26624,16384,False,torch.bfloat16,torch.bfloat16,False,False,flydsl,63,1,579.7995,flydsl_hgemm_abf16_wbf16_bf16_t128x256x64x2_ks1_w4x4x1_bias0_ktail0_gm4_pft_gfx950,0.0,770.4,1580.64
gfx950,256,1024,26624,16384,False,torch.bfloat16,torch.bfloat16,False,False,flydsl,65,1,911.1212,flydsl_hgemm_abf16_wbf16_bf16_t128x256x64x3_ks1_w2x4x1_bias0_ktail0_gm4_pft_gfx950,0.0,980.5,1054.19
gfx950,256,2048,26624,16384,False,torch.bfloat16,torch.bfloat16,False,False,flydsl,37,1,1881.9524,flydsl_hgemm_abf16_wbf16_bf16_t128x128x64x4_ks1_w2x2x1_bias0_ktail0_gm4_pft_gfx950,0.0,949.39,557.17
gfx950,256,4096,26624,16384,False,torch.bfloat16,torch.bfloat16,False,False,flydsl,1,1,2329.4621,flydsl_hgemm_abf16_wbf16_bf16_t256x256x64x2_ks1_w2x4x1_bias0_ktail0_gm4_pht_gfx950,0.0,1534.01,525.76
gfx950,256,8192,26624,16384,False,torch.bfloat16,torch.bfloat16,False,False,flydsl,1,1,4677.5978,flydsl_hgemm_abf16_wbf16_bf16_t256x256x64x2_ks1_w2x4x1_bias0_ktail0_gm4_pht_gfx950,0.0,1527.88,337.15
gfx950,256,16384,26624,16384,False,torch.bfloat16,torch.bfloat16,False,False,flydsl,1,1,9185.445,flydsl_hgemm_abf16_wbf16_bf16_t256x256x64x2_ks1_w2x4x1_bias0_ktail0_gm4_pht_gfx950,0.0,1556.12,248.4
gfx950,256,32768,26624,16384,False,torch.bfloat16,torch.bfloat16,False,False,flydsl,1,1,18806.4715,flydsl_hgemm_abf16_wbf16_bf16_t256x256x64x2_ks1_w2x4x1_bias0_ktail0_gm4_pht_gfx950,0.0,1520.08,196.26
gfx950,256,1,53248,16384,False,torch.bfloat16,torch.bfloat16,False,False,flydsl,24,1,273.2699,flydsl_hgemm_abf16_wbf16_bf16_t16x128x256x2_ks1_w1x4x2_bias0_ktail0_gm0_pft_gfx950,0.0079,6.39,6385.52
gfx950,256,16,53248,16384,False,torch.bfloat16,torch.bfloat16,False,False,triton,0,0,272.2832,auto,0.0,102.53,6416.33
gfx950,256,32,53248,16384,False,torch.bfloat16,torch.bfloat16,False,False,torch,0,0,281.5629,native,0.0,198.3,6212.77
gfx950,256,64,53248,16384,False,torch.bfloat16,torch.bfloat16,False,False,flydsl,297,1,293.2637,flydsl_hgemm_abf16_wbf16_bf16_t64x256x64x4_ks1_w1x4x1_bias0_ktail0_gm0_pft_gfx950,0.0,380.78,5980.09
gfx950,256,128,53248,16384,False,torch.bfloat16,torch.bfloat16,False,False,flydsl,141,1,457.972,flydsl_hgemm_abf16_wbf16_bf16_t128x64x64x4_ks1_w2x2x1_bias0_ktail0_gm4_pft_gfx950,0.0,487.67,3848.83
gfx950,256,256,53248,16384,False,torch.bfloat16,torch.bfloat16,False,False,asm,9,1,1194.0156,_ZN5aiter37bf16gemm_fp32bf16_tn_96x64_pf3_splitkE,0.0,374.1,1491.17
gfx950,256,512,53248,16384,False,torch.bfloat16,torch.bfloat16,False,False,flydsl,19,1,1363.1016,flydsl_hgemm_abf16_wbf16_bf16_t128x128x64x2_ks1_w2x4x1_bias0_ktail0_gm0_pht_gfx950,0.0,655.38,1332.35
gfx950,256,1024,53248,16384,False,torch.bfloat16,torch.bfloat16,False,False,triton,0,0,1834.8184,auto,0.0,973.78,1028.68
gfx950,256,2048,53248,16384,False,torch.bfloat16,torch.bfloat16,False,False,flydsl,64,1,4413.9572,flydsl_hgemm_abf16_wbf16_bf16_t128x256x64x3_ks1_w2x4x1_bias0_ktail0_gm0_pft_gfx950,0.0,809.57,459.91
gfx950,256,4096,53248,16384,False,torch.bfloat16,torch.bfloat16,False,False,flydsl,1,1,4476.1829,flydsl_hgemm_abf16_wbf16_bf16_t256x256x64x2_ks1_w2x4x1_bias0_ktail0_gm4_pht_gfx950,0.0,1596.63,517.24
gfx950,256,8192,53248,16384,False,torch.bfloat16,torch.bfloat16,False,False,flydsl,1,1,9362.3837,flydsl_hgemm_abf16_wbf16_bf16_t256x256x64x2_ks1_w2x4x1_bias0_ktail0_gm4_pht_gfx950,0.0,1526.71,308.22
gfx950,256,16384,53248,16384,False,torch.bfloat16,torch.bfloat16,False,False,asm,10,1,18900.7121,_ZN5aiter24bf16gemm_bf16_tn_256x256E,0.0,1512.5,213.04
gfx950,256,32768,53248,16384,False,torch.bfloat16,torch.bfloat16,False,False,flydsl,1,1,38443.2567,flydsl_hgemm_abf16_wbf16_bf16_t256x256x64x2_ks1_w2x4x1_bias0_ktail0_gm4_pht_gfx950,0.0,1487.25,164.09
gfx950,256,1,128,4096,False,torch.bfloat16,torch.bfloat16,False,False,skinny,2,0,3.8636,sol2,0.0,0.27,273.59
gfx950,256,2,128,4096,False,torch.bfloat16,torch.bfloat16,False,False,skinny,2,0,4.001,sol2,0.0,0.52,266.3
gfx950,256,4,128,4096,False,torch.bfloat16,torch.bfloat16,False,False,skinny,2,0,4.8198,sol2,0.0,0.87,224.57
gfx950,256,8,128,4096,False,torch.bfloat16,torch.bfloat16,False,False,asm,1,16,4.8091,_ZN5aiter39bf16gemm_fp32bf16_tn_32x64_splitk_cleanE,0.0332,1.74,232.09
gfx950,256,16,128,4096,False,torch.bfloat16,torch.bfloat16,False,False,asm,1,16,4.915,_ZN5aiter39bf16gemm_fp32bf16_tn_32x64_splitk_cleanE,0.0249,3.41,240.84
gfx950,256,32,128,4096,False,torch.bfloat16,torch.bfloat16,False,False,asm,1,16,5.1796,_ZN5aiter39bf16gemm_fp32bf16_tn_32x64_splitk_cleanE,0.0293,6.48,254.64
gfx950,256,48,128,4096,False,torch.bfloat16,torch.bfloat16,False,False,asm,3,16,5.015,_ZN5aiter39bf16gemm_fp32bf16_tn_48x64_splitk_cleanE,0.0283,10.04,289.95
gfx950,256,64,128,4096,False,torch.bfloat16,torch.bfloat16,False,False,asm,5,16,5.5321,_ZN5aiter39bf16gemm_fp32bf16_tn_64x64_splitk_cleanE,0.0297,12.13,287.28
gfx950,256,96,128,4096,False,torch.bfloat16,torch.bfloat16,False,False,asm,8,16,6.1484,_ZN5aiter39bf16gemm_fp32bf16_tn_96x64_splitk_cleanE,0.0283,16.37,302.45
gfx950,256,128,128,4096,False,torch.bfloat16,torch.bfloat16,False,False,asm,5,9,6.4639,_ZN5aiter39bf16gemm_fp32bf16_tn_64x64_splitk_cleanE,0.021,20.76,329.51
gfx950,256,192,128,4096,False,torch.bfloat16,torch.bfloat16,False,False,asm,8,16,7.2309,_ZN5aiter39bf16gemm_fp32bf16_tn_96x64_splitk_cleanE,0.028,27.84,369.33
gfx950,256,256,128,4096,False,torch.bfloat16,torch.bfloat16,False,False,torch,0,0,8.4722,native,0.0,31.68,379.04
gfx950,256,384,128,4096,False,torch.bfloat16,torch.bfloat16,False,False,torch,0,0,8.3549,native,0.0,48.19,513.78
gfx950,256,512,128,4096,False,torch.bfloat16,torch.bfloat16,False,False,torch,0,0,8.7791,native,0.0,61.15,612.13
gfx950,256,768,128,4096,False,torch.bfloat16,torch.bfloat16,False,False,torch,0,0,10.609,native,0.0,75.91,710.4
gfx950,256,1024,128,4096,False,torch.bfloat16,torch.bfloat16,False,False,torch,0,0,10.7162,native,0.0,100.2,905.11
gfx950,256,2048,128,4096,False,torch.bfloat16,torch.bfloat16,False,False,asm,8,5,12.5434,_ZN5aiter39bf16gemm_fp32bf16_tn_96x64_splitk_cleanE,0.0145,171.2,1462.93
gfx950,256,4096,128,4096,False,torch.bfloat16,torch.bfloat16,False,False,torch,0,0,16.8783,native,0.0,254.47,2112.27
gfx950,256,8192,128,4096,False,torch.bfloat16,torch.bfloat16,False,False,torch,0,0,23.2307,native,0.0,369.77,3024.21
gfx950,256,16384,128,4096,False,torch.bfloat16,torch.bfloat16,False,False,torch,0,0,35.2464,native,0.0,487.42,3956.73
gfx950,256,32768,128,4096,False,torch.bfloat16,torch.bfloat16,False,False,torch,0,0,58.3096,native,0.0,589.26,4765.47
gfx950,256,1,18992,4096,False,torch.bfloat16,torch.bfloat16,False,False,torch,0,0,32.8945,native,0.0,4.73,4731.14
gfx950,256,2,18992,4096,False,torch.bfloat16,torch.bfloat16,False,False,torch,0,0,32.9096,native,0.0,9.46,4730.38
gfx950,256,4,18992,4096,False,torch.bfloat16,torch.bfloat16,False,False,torch,0,0,32.2979,native,0.0,19.27,4822.83
gfx950,256,8,18992,4096,False,torch.bfloat16,torch.bfloat16,False,False,torch,0,0,32.1031,native,0.0,38.77,4857.84
gfx950,256,16,18992,4096,False,torch.bfloat16,torch.bfloat16,False,False,torch,0,0,33.8489,native,0.0,73.54,4618.21
gfx950,256,32,18992,4096,False,torch.bfloat16,torch.bfloat16,False,False,torch,0,0,29.7264,native,0.0,167.48,5283.52
gfx950,256,48,18992,4096,False,torch.bfloat16,torch.bfloat16,False,False,torch,0,0,33.029,native,0.0,226.1,4777.59
gfx950,256,64,18992,4096,False,torch.bfloat16,torch.bfloat16,False,False,torch,0,0,35.2202,native,0.0,282.71,4501.33
gfx950,256,96,18992,4096,False,torch.bfloat16,torch.bfloat16,False,False,torch,0,0,37.8692,native,0.0,394.41,4225.48
gfx950,256,128,18992,4096,False,torch.bfloat16,torch.bfloat16,False,False,torch,0,0,41.5005,native,0.0,479.86,3891.35
gfx950,256,192,18992,4096,False,torch.bfloat16,torch.bfloat16,False,False,torch,0,0,49.9404,native,0.0,598.15,3292.89
gfx950,256,256,18992,4096,False,torch.bfloat16,torch.bfloat16,False,False,torch,0,0,55.062,native,0.0,723.35,3040.27
gfx950,256,384,18992,4096,False,torch.bfloat16,torch.bfloat16,False,False,torch,0,0,83.7105,native,0.0,713.69,2070.4
gfx950,256,512,18992,4096,False,torch.bfloat16,torch.bfloat16,False,False,torch,0,0,79.2885,native,0.0,1004.66,2260.41
gfx950,256,768,18992,4096,False,torch.bfloat16,torch.bfloat16,False,False,torch,0,0,102.8658,native,0.0,1161.58,1857.23
gfx950,256,1024,18992,4096,False,torch.bfloat16,torch.bfloat16,False,False,torch,0,0,150.84,native,0.0,1056.19,1344.91
gfx950,256,2048,18992,4096,False,torch.bfloat16,torch.bfloat16,False,False,torch,0,0,287.3163,native,0.0,1109.0,870.65
gfx950,256,4096,18992,4096,False,torch.bfloat16,torch.bfloat16,False,False,torch,0,0,505.7165,native,0.0,1260.12,681.65
gfx950,256,8192,18992,4096,False,torch.bfloat16,torch.bfloat16,False,False,torch,0,0,985.9996,native,0.0,1292.63,541.44
gfx950,256,1,37984,4096,False,torch.bfloat16,torch.bfloat16,False,False,torch,0,0,59.1797,native,0.0,5.26,5259.39
gfx950,256,2,37984,4096,False,torch.bfloat16,torch.bfloat16,False,False,torch,0,0,60.5411,native,0.0,10.28,5142.51
gfx950,256,4,37984,4096,False,torch.bfloat16,torch.bfloat16,False,False,torch,0,0,62.1306,native,0.0,20.03,5013.66
gfx950,256,8,37984,4096,False,torch.bfloat16,torch.bfloat16,False,False,torch,0,0,60.0029,native,0.0,41.49,5197.05
gfx950,256,16,37984,4096,False,torch.bfloat16,torch.bfloat16,False,False,triton,0,0,57.5791,auto,0.0,86.47,5427.52
gfx950,256,32,37984,4096,False,torch.bfloat16,torch.bfloat16,False,False,torch,0,0,61.4344,native,0.0,162.08,5108.83
gfx950,256,48,37984,4096,False,torch.bfloat16,torch.bfloat16,False,False,torch,0,0,62.051,native,0.0,240.7,5079.77
gfx950,256,64,37984,4096,False,torch.bfloat16,torch.bfloat16,False,False,torch,0,0,65.0519,native,0.0,306.13,4866.13
gfx950,256,96,37984,4096,False,torch.bfloat16,torch.bfloat16,False,False,torch,0,0,66.8805,native,0.0,446.64,4773.35
gfx950,256,128,37984,4096,False,torch.bfloat16,torch.bfloat16,False,False,torch,0,0,70.0081,native,0.0,568.92,4598.57
gfx950,256,192,37984,4096,False,torch.bfloat16,torch.bfloat16,False,False,torch,0,0,84.6442,native,0.0,705.82,3867.05
gfx950,256,256,37984,4096,False,torch.bfloat16,torch.bfloat16,False,False,torch,0,0,87.5934,native,0.0,909.41,3798.34
gfx950,256,384,37984,4096,False,torch.bfloat16,torch.bfloat16,False,False,torch,0,0,126.5183,native,0.0,944.43,2714.88
gfx950,256,512,37984,4096,False,torch.bfloat16,torch.bfloat16,False,False,torch,0,0,155.5432,native,0.0,1024.26,2277.53
gfx950,256,768,37984,4096,False,torch.bfloat16,torch.bfloat16,False,False,torch,0,0,203.7386,native,0.0,1172.95,1844.52
gfx950,256,1024,37984,4096,False,torch.bfloat16,torch.bfloat16,False,False,torch,0,0,294.283,native,0.0,1082.74,1350.21
gfx950,256,2048,37984,4096,False,torch.bfloat16,torch.bfloat16,False,False,torch,0,0,529.477,native,0.0,1203.58,913.21
gfx950,256,4096,37984,4096,False,torch.bfloat16,torch.bfloat16,False,False,torch,0,0,1028.6209,native,0.0,1239.07,637.63
gfx950,256,8192,37984,4096,False,torch.bfloat16,torch.bfloat16,False,False,torch,0,0,1779.3662,native,0.0,1432.57,562.34
gfx950,256,1,75968,4096,False,torch.bfloat16,torch.bfloat16,False,False,torch,0,0,103.8791,native,0.0,5.99,5992.45
gfx950,256,2,75968,4096,False,torch.bfloat16,torch.bfloat16,False,False,torch,0,0,125.9475,native,0.0,9.88,4943.73
gfx950,256,4,75968,4096,False,torch.bfloat16,torch.bfloat16,False,False,torch,0,0,104.2185,native,0.0,23.89,5977.54
gfx950,256,8,75968,4096,False,torch.bfloat16,torch.bfloat16,False,False,torch,0,0,105.0673,native,0.0,47.39,5935.35
gfx950,256,16,75968,4096,False,torch.bfloat16,torch.bfloat16,False,False,triton,0,0,106.0011,auto,0.0,93.94,5895.15
gfx950,256,32,75968,4096,False,torch.bfloat16,torch.bfloat16,False,False,torch,0,0,109.5777,native,0.0,181.74,5726.11
gfx950,256,48,75968,4096,False,torch.bfloat16,torch.bfloat16,False,False,torch,0,0,118.5092,native,0.0,252.06,5316.18
gfx950,256,64,75968,4096,False,torch.bfloat16,torch.bfloat16,False,False,torch,0,0,118.7147,native,0.0,335.5,5328.56
gfx950,256,96,75968,4096,False,torch.bfloat16,torch.bfloat16,False,False,torch,0,0,138.4704,native,0.0,431.45,4605.33
gfx950,256,128,75968,4096,False,torch.bfloat16,torch.bfloat16,False,False,torch,0,0,144.2132,native,0.0,552.36,4457.47
gfx950,256,192,75968,4096,False,torch.bfloat16,torch.bfloat16,False,False,torch,0,0,136.0198,native,0.0,878.46,4801.32
gfx950,256,256,75968,4096,False,torch.bfloat16,torch.bfloat16,False,False,torch,0,0,169.8308,native,0.0,938.09,3905.79
gfx950,256,384,75968,4096,False,torch.bfloat16,torch.bfloat16,False,False,torch,0,0,244.7013,native,0.0,976.6,2794.51
gfx950,256,512,75968,4096,False,torch.bfloat16,torch.bfloat16,False,False,torch,0,0,296.8942,native,0.0,1073.22,2372.28
gfx950,256,768,75968,4096,False,torch.bfloat16,torch.bfloat16,False,False,torch,0,0,392.1684,native,0.0,1218.73,1900.48
gfx950,256,1024,75968,4096,False,torch.bfloat16,torch.bfloat16,False,False,torch,0,0,538.0489,native,0.0,1184.4,1461.39
gfx950,256,2048,75968,4096,False,torch.bfloat16,torch.bfloat16,False,False,torch,0,0,1049.3129,native,0.0,1214.63,905.61
gfx950,256,4096,75968,4096,False,torch.bfloat16,torch.bfloat16,False,False,torch,0,0,1800.032,native,0.0,1416.12,710.11
gfx950,256,8192,75968,4096,False,torch.bfloat16,torch.bfloat16,False,False,torch,0,0,3632.374,native,0.0,1403.52,532.46
gfx950,256,32,151936,4096,False,torch.bfloat16,torch.bfloat16,False,False,torch,0,0,202.3053,native,0.0,196.88,6201.74
gfx950,256,48,151936,4096,False,torch.bfloat16,torch.bfloat16,False,False,torch,0,0,219.4066,native,0.0,272.3,5741.12
gfx950,256,64,151936,4096,False,torch.bfloat16,torch.bfloat16,False,False,torch,0,0,208.4996,native,0.0,382.05,6065.39
gfx950,256,96,151936,4096,False,torch.bfloat16,torch.bfloat16,False,False,torch,0,0,243.9448,native,0.0,489.81,5225.03
gfx950,256,128,151936,4096,False,torch.bfloat16,torch.bfloat16,False,False,torch,0,0,273.0289,native,0.0,583.51,4705.01
gfx950,256,192,151936,4096,False,torch.bfloat16,torch.bfloat16,False,False,torch,0,0,260.864,native,0.0,916.09,5000.98
gfx950,256,256,151936,4096,False,torch.bfloat16,torch.bfloat16,False,False,torch,0,0,340.6509,native,0.0,935.36,3888.29
gfx950,256,384,151936,4096,False,torch.bfloat16,torch.bfloat16,False,False,torch,0,0,473.0159,native,0.0,1010.43,2884.66
gfx950,256,512,151936,4096,False,torch.bfloat16,torch.bfloat16,False,False,torch,0,0,553.982,native,0.0,1150.34,2535.17
gfx950,256,768,151936,4096,False,torch.bfloat16,torch.bfloat16,False,False,torch,0,0,693.2038,native,0.0,1378.96,2141.25
gfx950,256,1024,151936,4096,False,torch.bfloat16,torch.bfloat16,False,False,torch,0,0,1047.6991,native,0.0,1216.51,1493.0
gfx950,256,2048,151936,4096,False,torch.bfloat16,torch.bfloat16,False,False,torch,0,0,1839.3069,native,0.0,1385.88,1024.17
gfx950,256,4096,151936,4096,False,torch.bfloat16,torch.bfloat16,False,False,torch,0,0,3666.6959,native,0.0,1390.39,688.05
gfx950,256,8192,151936,4096,False,torch.bfloat16,torch.bfloat16,False,False,torch,0,0,8120.7936,native,0.0,1255.57,468.07
gfx1250,96,1,18432,6144,False,torch.bfloat16,torch.bfloat16,False,False,torch,0,0,60.9554,native,0.0,3.72,3716.51
gfx1250,96,1,36864,6144,False,torch.bfloat16,torch.bfloat16,False,False,torch,0,0,128.7791,native,0.0,3.52,3518.2
gfx1250,96,512,36864,6144,False,torch.bfloat16,torch.bfloat16,False,False,triton,0,0,494.2028,auto,0.0,469.3,1005.71
gfx1250,96,512,6144,15360,False,torch.bfloat16,torch.bfloat16,False,False,triton,0,0,341.544,auto,0.0,282.94,617.09
gfx1250,96,512,6144,18432,False,torch.bfloat16,torch.bfloat16,False,False,triton,0,0,243.7013,auto,0.0,475.85,1032.65
gfx1250,96,512,6144,6144,False,torch.bfloat16,torch.bfloat16,False,False,triton,0,0,97.3679,auto,0.0,397.0,904.61
gfx1250,96,1024,128,6144,False,torch.bfloat16,torch.bfloat16,False,False,torch,0,0,34.666,native,0.0,46.46,415.91
gfx1250,96,1024,36864,6144,False,torch.bfloat16,torch.bfloat16,False,False,triton,0,0,782.5129,auto,0.0,592.78,691.45
gfx1250,96,1024,6144,128,False,torch.bfloat16,torch.bfloat16,False,False,torch,0,0,39.8437,native,0.0,40.42,361.86
gfx1250,96,1024,6144,18432,False,torch.bfloat16,torch.bfloat16,False,False,triton,0,0,441.9144,auto,0.0,524.83,626.42
gfx1250,96,1024,6144,6144,False,torch.bfloat16,torch.bfloat16,False,False,triton,0,0,148.5026,auto,0.0,520.59,677.86
gfx1250,96,1536,55296,6144,False,torch.bfloat16,torch.bfloat16,False,False,triton,0,0,1784.7193,auto,0.0,584.78,486.47
gfx1250,96,1536,6144,24576,False,torch.bfloat16,torch.bfloat16,False,False,triton,0,0,875.2379,auto,0.0,529.98,452.86
gfx1250,96,4096,128,6144,False,torch.bfloat16,torch.bfloat16,False,False,triton,0,0,76.9794,auto,0.0,83.69,687.89
gfx1250,96,4096,36864,6144,False,torch.bfloat16,torch.bfloat16,False,False,triton,0,0,3065.1705,auto,0.0,605.33,262.73
gfx1250,96,4096,6144,128,False,torch.bfloat16,torch.bfloat16,False,False,triton,0,0,77.1136,auto,0.0,83.54,686.69
gfx1250,96,4096,6144,18432,False,torch.bfloat16,torch.bfloat16,False,False,triton,0,0,1528.2608,auto,0.0,607.04,279.94
gfx1250,96,4096,6144,6144,False,torch.bfloat16,torch.bfloat16,False,False,triton,0,0,518.1767,auto,0.0,596.78,339.96
gfx1250,96,4608,55296,6144,False,torch.bfloat16,torch.bfloat16,False,False,triton,0,0,5107.0831,auto,0.0,613.08,243.92
gfx1250,96,4608,6144,24576,False,torch.bfloat16,torch.bfloat16,False,False,triton,0,0,2485.0147,auto,0.0,559.98,235.45
gfx1250,96,16384,128,6144,False,torch.bfloat16,torch.bfloat16,False,False,triton,0,0,109.7685,auto,0.0,234.76,1886.64
gfx1250,96,16384,36864,6144,False,torch.bfloat16,torch.bfloat16,False,False,triton,0,0,12784.9678,auto,0.0,580.5,145.66
gfx1250,96,16384,6144,128,False,torch.bfloat16,torch.bfloat16,False,False,triton,0,0,194.4275,auto,0.0,132.54,1065.15
gfx1250,96,16384,6144,18432,False,torch.bfloat16,torch.bfloat16,False,False,triton,0,0,6294.2268,auto,0.0,589.56,163.93
gfx1250,96,16384,6144,6144,False,torch.bfloat16,torch.bfloat16,False,False,triton,0,0,2134.211,auto,0.0,579.58,224.04
gfx1250,96,16896,55296,6144,False,torch.bfloat16,torch.bfloat16,False,False,triton,0,0,19781.6559,auto,0.0,580.36,139.3
gfx1250,96,16896,6144,24576,False,torch.bfloat16,torch.bfloat16,False,False,triton,0,0,8853.8658,auto,0.0,576.29,151.36
gfx950,256,1,24576,4096,False,torch.bfloat16,torch.bfloat16,False,False,triton,0,0,34.1279,auto,0.0,5.9,5900.86
gfx950,256,2,24576,4096,False,torch.bfloat16,torch.bfloat16,False,False,triton,0,0,33.5058,auto,0.0,12.02,6012.13
gfx950,256,4,24576,4096,False,torch.bfloat16,torch.bfloat16,False,False,triton,0,0,32.9163,auto,0.0,24.47,6123.29
gfx950,256,8,24576,4096,False,torch.bfloat16,torch.bfloat16,False,False,triton,0,0,32.1489,auto,0.0,50.1,6276.59
gfx950,256,16,24576,4096,False,torch.bfloat16,torch.bfloat16,False,False,triton,0,0,35.4337,auto,0.0,90.91,5707.68
gfx950,256,1,151936,4096,False,torch.bfloat16,torch.bfloat16,False,False,triton,0,0,182.8682,auto,0.0,6.81,6808.03
gfx950,256,2,151936,4096,False,torch.bfloat16,torch.bfloat16,False,False,triton,0,0,182.3328,auto,0.0,13.65,6829.73
gfx950,256,4,151936,4096,False,torch.bfloat16,torch.bfloat16,False,False,triton,0,0,183.6787,auto,0.0,27.11,6783.08
gfx950,256,8,151936,4096,False,torch.bfloat16,torch.bfloat16,False,False,triton,0,0,183.7932,auto,0.0,54.18,6785.65
gfx950,256,16,151936,4096,False,torch.bfloat16,torch.bfloat16,False,False,torch,0,0,195.536,native,0.0,101.85,6390.91
gfx950,256,1,2304,6144,False,torch.bfloat16,torch.bfloat16,False,False,flydsl,639,6,8.1543,flydsl_hgemm_abf16_wbf16_bf16_t16x64x128x3_ks6_w1x2x1_bias0_ktail0_gm0_pft_gfx950,0.0152,3.47,3474.05
gfx950,256,1,2560,6144,False,torch.bfloat16,torch.bfloat16,False,False,flydsl,861,6,8.7483,flydsl_hgemm_abf16_wbf16_bf16_t16x64x64x4_ks6_w1x2x1_bias0_ktail0_gm0_pft_gfx950,0.0141,3.6,3597.81
gfx950,256,1,6144,2048,False,torch.bfloat16,torch.bfloat16,False,False,flydsl,155,1,7.0929,flydsl_hgemm_abf16_wbf16_bf16_t16x16x64x8_ks1_w1x1x1_bias0_ktail0_gm4_pft_gfx950,0.0,3.55,3550.34
gfx950,256,1,6144,4608,False,torch.bfloat16,torch.bfloat16,False,False,flydsl,249,1,11.4025,flydsl_hgemm_abf16_wbf16_bf16_t16x32x128x5_ks1_w1x2x1_bias0_ktail0_gm0_pft_gfx950,0.0,4.97,4967.74
gfx950,256,1,6144,12288,False,torch.bfloat16,torch.bfloat16,False,False,flydsl,763,4,27.5159,flydsl_hgemm_abf16_wbf16_bf16_t16x96x128x3_ks4_w1x2x1_bias0_ktail0_gm0_pft_gfx950,0.0148,5.49,5488.89
gfx950,256,1,6144,18432,False,torch.bfloat16,torch.bfloat16,False,False,flydsl,482,2,38.9865,flydsl_hgemm_abf16_wbf16_bf16_t16x64x128x4_ks2_w1x2x1_bias0_ktail0_gm0_pft_gfx950,0.0076,5.81,5810.77
gfx950,256,1,9216,6144,False,torch.bfloat16,torch.bfloat16,False,False,flydsl,698,2,21.8152,flydsl_hgemm_abf16_wbf16_bf16_t16x96x64x8_ks2_w1x2x1_bias0_ktail0_gm0_pft_gfx950,0.0048,5.19,5192.57
gfx950,256,1,50016,6144,False,torch.bfloat16,torch.bfloat16,False,False,flydsl,0,1,113.6213,flydsl_hgemm_abf16_wbf16_bf16_t16x128x128x2_ks1_w1x2x1_bias0_ktail0_gm0_pft_gfx950,0.0,5.41,5410.16
gfx950,256,2,2304,6144,False,torch.bfloat16,torch.bfloat16,False,False,flydsl,639,6,8.1108,flydsl_hgemm_abf16_wbf16_bf16_t16x64x128x3_ks6_w1x2x1_bias0_ktail0_gm0_pft_gfx950,0.0143,6.98,3494.77
gfx950,256,2,2560,6144,False,torch.bfloat16,torch.bfloat16,False,False,flydsl,618,6,8.7411,flydsl_hgemm_abf16_wbf16_bf16_t16x64x128x4_ks6_w1x2x1_bias0_ktail0_gm0_pft_gfx950,0.0148,7.2,3602.76
gfx950,256,2,6144,2048,False,torch.bfloat16,torch.bfloat16,False,False,flydsl,87,1,7.1784,flydsl_hgemm_abf16_wbf16_bf16_t16x16x128x5_ks1_w1x1x1_bias0_ktail0_gm4_pft_gfx950,0.0,7.01,3510.34
gfx950,256,2,6144,4608,False,torch.bfloat16,torch.bfloat16,False,False,flydsl,248,1,11.5554,flydsl_hgemm_abf16_wbf16_bf16_t16x32x128x5_ks1_w1x1x2_bias0_ktail0_gm0_pft_gfx950,0.0045,9.8,4903.86
gfx950,256,2,6144,12288,False,torch.bfloat16,torch.bfloat16,False,False,flydsl,814,4,27.4176,flydsl_hgemm_abf16_wbf16_bf16_t16x96x64x6_ks4_w1x2x1_bias0_ktail0_gm0_pft_gfx950,0.0153,11.01,5509.92
gfx950,256,2,6144,18432,False,torch.bfloat16,torch.bfloat16,False,False,flydsl,484,2,39.2008,flydsl_hgemm_abf16_wbf16_bf16_t16x64x128x4_ks2_w1x4x1_bias0_ktail0_gm0_pft_gfx950,0.0075,11.56,5780.26
gfx950,256,2,9216,6144,False,torch.bfloat16,torch.bfloat16,False,False,flydsl,645,2,21.8518,flydsl_hgemm_abf16_wbf16_bf16_t16x96x128x3_ks2_w1x2x1_bias0_ktail0_gm0_pft_gfx950,0.005,10.36,5185.28
gfx950,256,2,50016,6144,False,torch.bfloat16,torch.bfloat16,False,False,flydsl,0,1,113.9346,flydsl_hgemm_abf16_wbf16_bf16_t16x128x128x2_ks1_w1x2x1_bias0_ktail0_gm0_pft_gfx950,0.0,10.79,5396.26
gfx950,256,4,2304,6144,False,torch.bfloat16,torch.bfloat16,False,False,flydsl,669,6,8.2325,flydsl_hgemm_abf16_wbf16_bf16_t16x64x128x4_ks6_w1x2x1_bias0_ktail0_gm0_pft_gfx950,0.0151,13.76,3447.21
gfx950,256,4,2560,6144,False,torch.bfloat16,torch.bfloat16,False,False,flydsl,648,6,8.7883,flydsl_hgemm_abf16_wbf16_bf16_t16x64x128x5_ks6_w1x2x1_bias0_ktail0_gm0_pft_gfx950,0.0159,14.32,3587.37
gfx950,256,4,6144,2048,False,torch.bfloat16,torch.bfloat16,False,False,flydsl,87,1,7.2113,flydsl_hgemm_abf16_wbf16_bf16_t16x16x128x5_ks1_w1x1x1_bias0_ktail0_gm4_pft_gfx950,0.0,13.96,3498.86
gfx950,256,4,6144,4608,False,torch.bfloat16,torch.bfloat16,False,False,flydsl,259,1,11.4477,flydsl_hgemm_abf16_wbf16_bf16_t16x32x128x6_ks1_w1x2x1_bias0_ktail0_gm0_pft_gfx950,0.0,19.78,4953.76
gfx950,256,4,6144,12288,False,torch.bfloat16,torch.bfloat16,False,False,flydsl,832,4,27.8506,flydsl_hgemm_abf16_wbf16_bf16_t16x96x64x9_ks4_w1x2x1_bias0_ktail0_gm0_pft_gfx950,0.0147,21.69,5426.9
gfx950,256,4,6144,18432,False,torch.bfloat16,torch.bfloat16,False,False,flydsl,32,4,39.0212,flydsl_hgemm_abf16_wbf16_bf16_t16x128x128x3_ks4_w1x4x1_bias0_ktail0_gm0_pft_gfx950,0.0153,23.22,5809.38
gfx950,256,4,9216,6144,False,torch.bfloat16,torch.bfloat16,False,False,flydsl,683,2,22.0647,flydsl_hgemm_abf16_wbf16_bf16_t16x96x64x5_ks2_w1x2x1_bias0_ktail0_gm0_pft_gfx950,0.0055,20.53,5138.03
gfx950,256,4,50016,6144,False,torch.bfloat16,torch.bfloat16,False,False,flydsl,1,1,114.4487,flydsl_hgemm_abf16_wbf16_bf16_t16x128x128x2_ks1_w1x2x2_bias0_ktail0_gm0_pft_gfx950,0.0059,21.48,5373.99
gfx950,256,8,2304,6144,False,torch.bfloat16,torch.bfloat16,False,False,flydsl,669,6,8.3334,flydsl_hgemm_abf16_wbf16_bf16_t16x64x128x4_ks6_w1x2x1_bias0_ktail0_gm0_pft_gfx950,0.0176,27.18,3413.58
gfx950,256,8,2560,6144,False,torch.bfloat16,torch.bfloat16,False,False,flydsl,590,6,8.9077,flydsl_hgemm_abf16_wbf16_bf16_t16x64x128x3_ks6_w1x4x1_bias0_ktail0_gm0_pft_gfx950,0.0178,28.25,3547.1
gfx950,256,8,6144,2048,False,torch.bfloat16,torch.bfloat16,False,False,flydsl,159,1,7.3434,flydsl_hgemm_abf16_wbf16_bf16_t16x16x64x9_ks1_w1x1x1_bias0_ktail0_gm4_pft_gfx950,0.0,27.42,3444.85
gfx950,256,8,6144,4608,False,torch.bfloat16,torch.bfloat16,False,False,flydsl,259,1,11.6443,flydsl_hgemm_abf16_wbf16_bf16_t16x32x128x6_ks1_w1x2x1_bias0_ktail0_gm0_pft_gfx950,0.0,38.9,4877.51
gfx950,256,8,6144,6144,False,torch.bfloat16,torch.bfloat16,False,False,flydsl,687,2,15.8369,flydsl_hgemm_abf16_wbf16_bf16_t16x64x64x5_ks2_w1x2x1_bias0_ktail0_gm0_pft_gfx950,0.0058,38.14,4779.6
gfx950,256,8,6144,12288,False,torch.bfloat16,torch.bfloat16,False,False,flydsl,826,4,27.8178,flydsl_hgemm_abf16_wbf16_bf16_t16x96x64x8_ks4_w1x2x1_bias0_ktail0_gm0_pft_gfx950,0.0152,43.42,5438.6
gfx950,256,8,6144,18432,False,torch.bfloat16,torch.bfloat16,False,False,flydsl,32,4,39.397,flydsl_hgemm_abf16_wbf16_bf16_t16x128x128x3_ks4_w1x4x1_bias0_ktail0_gm0_pft_gfx950,0.016,45.99,5758.96
gfx950,256,8,9216,6144,False,torch.bfloat16,torch.bfloat16,False,False,flydsl,688,2,22.2152,flydsl_hgemm_abf16_wbf16_bf16_t16x96x64x6_ks2_w1x2x1_bias0_ktail0_gm0_pft_gfx950,0.0055,40.78,5108.75
gfx950,256,8,50016,6144,False,torch.bfloat16,torch.bfloat16,False,False,flydsl,0,1,115.5488,flydsl_hgemm_abf16_wbf16_bf16_t16x128x128x2_ks1_w1x2x1_bias0_ktail0_gm0_pft_gfx950,0.0,42.55,5326.71
gfx950,256,16,2304,6144,False,torch.bfloat16,torch.bfloat16,False,False,flydsl,966,6,8.7244,flydsl_hgemm_abf16_wbf16_bf16_t16x64x64x7_ks6_w1x2x1_bias0_ktail0_gm0_pft_gfx950,0.0177,51.92,3276.09
gfx950,256,16,2560,6144,False,torch.bfloat16,torch.bfloat16,False,False,flydsl,650,6,9.3033,flydsl_hgemm_abf16_wbf16_bf16_t16x64x128x5_ks6_w1x4x1_bias0_ktail0_gm0_pft_gfx950,0.0171,54.1,3411.24
gfx950,256,16,6144,2048,False,torch.bfloat16,torch.bfloat16,False,False,flydsl,95,1,7.7614,flydsl_hgemm_abf16_wbf16_bf16_t16x16x128x7_ks1_w1x1x1_bias0_ktail0_gm4_pft_gfx950,0.0,51.88,3276.21
gfx950,256,16,6144,4608,False,torch.bfloat16,torch.bfloat16,False,False,flydsl,313,1,12.5004,flydsl_hgemm_abf16_wbf16_bf16_t16x32x256x4_ks1_w1x2x1_bias0_ktail0_gm0_pft_gfx950,0.0,72.48,4557.23
gfx950,256,16,6144,12288,False,torch.bfloat16,torch.bfloat16,False,False,flydsl,808,4,28.4879,flydsl_hgemm_abf16_wbf16_bf16_t16x96x64x5_ks4_w1x2x1_bias0_ktail0_gm0_pft_gfx950,0.0154,84.81,5321.02
gfx950,256,16,6144,18432,False,torch.bfloat16,torch.bfloat16,False,False,flydsl,30,4,39.9566,flydsl_hgemm_abf16_wbf16_bf16_t16x128x128x3_ks4_w1x2x1_bias0_ktail0_gm0_pft_gfx950,0.016,90.7,5688.14
gfx950,256,16,9216,6144,False,torch.bfloat16,torch.bfloat16,False,False,flydsl,645,2,22.7674,flydsl_hgemm_abf16_wbf16_bf16_t16x96x128x3_ks2_w1x2x1_bias0_ktail0_gm0_pft_gfx950,0.0054,79.58,4995.64
gfx950,256,16,50016,6144,False,torch.bfloat16,torch.bfloat16,False,False,triton,0,0,111.3208,auto,0.0,88.34,5537.09
gfx950,256,32,2304,6144,False,torch.bfloat16,torch.bfloat16,False,False,flydsl,2568,6,9.6148,flydsl_hgemm_abf16_wbf16_bf16_t32x64x128x4_ks6_w2x2x1_bias0_ktail0_gm0_pft_gfx950,0.0183,94.23,3000.81
gfx950,256,32,2560,6144,False,torch.bfloat16,torch.bfloat16,False,False,flydsl,2934,6,10.2222,flydsl_hgemm_abf16_wbf16_bf16_t32x64x64x7_ks6_w2x2x1_bias0_ktail0_gm0_pft_gfx950,0.0173,98.48,3131.84
gfx950,256,32,6144,2048,False,torch.bfloat16,torch.bfloat16,False,False,triton,0,0,8.2386,auto,0.0,97.75,3118.26
gfx950,256,32,6144,4608,False,torch.bfloat16,torch.bfloat16,False,False,flydsl,1193,1,14.461,flydsl_hgemm_abf16_wbf16_bf16_t32x32x128x4_ks1_w2x2x1_bias0_ktail0_gm0_pft_gfx950,0.0,125.3,3963.16
gfx950,256,32,6144,12288,False,torch.bfloat16,torch.bfloat16,False,False,flydsl,2253,4,29.2836,flydsl_hgemm_abf16_wbf16_bf16_t32x96x128x3_ks4_w2x2x1_bias0_ktail0_gm0_pft_gfx950,0.0153,165.0,5196.58
gfx950,256,32,6144,18432,False,torch.bfloat16,torch.bfloat16,False,False,flydsl,2445,4,40.7004,flydsl_hgemm_abf16_wbf16_bf16_t32x96x64x5_ks4_w2x2x1_bias0_ktail0_gm0_pft_gfx950,0.0166,178.08,5603.51
gfx950,256,32,9216,6144,False,torch.bfloat16,torch.bfloat16,False,False,flydsl,1795,2,23.7462,flydsl_hgemm_abf16_wbf16_bf16_t32x96x128x3_ks2_w2x2x1_bias0_ktail0_gm0_pft_gfx950,0.0056,152.61,4810.42
gfx950,256,32,50016,6144,False,torch.bfloat16,torch.bfloat16,False,False,flydsl,88,2,114.9483,flydsl_hgemm_abf16_wbf16_bf16_t32x256x64x2_ks2_w1x4x1_bias0_ktail0_gm0_pft_gfx950,0.0057,171.1,5377.99
gfx950,256,64,2304,6144,False,torch.bfloat16,torch.bfloat16,False,False,flydsl,6021,6,11.9461,flydsl_hgemm_abf16_wbf16_bf16_t64x64x64x6_ks6_w2x4x1_bias0_ktail0_gm0_pft_gfx950,0.0174,151.68,2460.46
gfx950,256,64,2560,6144,False,torch.bfloat16,torch.bfloat16,False,False,flydsl,1698,2,12.5574,flydsl_hgemm_abf16_wbf16_bf16_t32x32x64x8_ks2_w2x1x1_bias0_ktail0_gm0_pft_gfx950,0.0056,160.33,2593.8
gfx950,256,64,6144,2048,False,torch.bfloat16,torch.bfloat16,False,False,triton,0,0,9.5969,auto,0.0,167.83,2731.55
gfx950,256,64,6144,4608,False,torch.bfloat16,torch.bfloat16,False,False,flydsl,3852,4,17.5819,flydsl_hgemm_abf16_wbf16_bf16_t64x64x64x5_ks4_w2x4x1_bias0_ktail0_gm0_pft_gfx950,0.0125,206.11,3298.81
gfx950,256,64,6144,12288,False,torch.bfloat16,torch.bfloat16,False,False,flydsl,4573,4,29.1236,flydsl_hgemm_abf16_wbf16_bf16_t96x64x128x2_ks4_w2x2x2_bias0_ktail0_gm0_pft_gfx950,0.0232,331.82,5265.63
gfx950,256,64,6144,18432,False,torch.bfloat16,torch.bfloat16,False,False,flydsl,1652,3,44.0827,flydsl_hgemm_abf16_wbf16_bf16_t32x96x64x4_ks3_w1x2x2_bias0_ktail0_gm0_pft_gfx950,0.0211,328.83,5209.26
gfx950,256,64,9216,6144,False,torch.bfloat16,torch.bfloat16,False,False,flydsl,2852,3,22.7521,flydsl_hgemm_abf16_wbf16_bf16_t64x64x64x5_ks3_w1x2x2_bias0_ktail0_gm0_pft_gfx950,0.0178,318.55,5063.81
gfx950,256,64,50016,6144,False,torch.bfloat16,torch.bfloat16,False,False,flydsl,65,1,162.1881,flydsl_hgemm_abf16_wbf16_bf16_t32x256x64x3_ks1_w1x4x1_bias0_ktail0_gm4_pft_gfx950,0.0,242.52,3833.73
gfx950,256,128,2304,6144,False,torch.bfloat16,torch.bfloat16,False,False,flydsl,4718,2,16.3459,flydsl_hgemm_abf16_wbf16_bf16_t64x32x64x6_ks2_w2x1x1_bias0_ktail0_gm0_pft_gfx950,0.0059,221.7,1864.34
gfx950,256,128,2560,6144,False,torch.bfloat16,torch.bfloat16,False,False,flydsl,4797,3,16.5086,flydsl_hgemm_abf16_wbf16_bf16_t64x64x128x3_ks3_w2x4x1_bias0_ktail0_gm0_pft_gfx950,0.0101,243.91,2040.48
gfx950,256,128,6144,2048,False,torch.bfloat16,torch.bfloat16,False,False,flydsl,2778,1,12.0508,flydsl_hgemm_abf16_wbf16_bf16_t64x64x64x6_ks1_w4x2x1_bias0_ktail0_gm0_pft_gfx950,0.0,267.3,2262.34
gfx950,256,128,6144,4608,False,torch.bfloat16,torch.bfloat16,False,False,flydsl,3600,2,22.3121,flydsl_hgemm_abf16_wbf16_bf16_t64x96x128x3_ks2_w2x2x2_bias0_ktail0_gm0_pft_gfx950,0.0126,324.84,2661.14
gfx950,256,128,6144,12288,False,torch.bfloat16,torch.bfloat16,False,False,flydsl,2381,2,37.3048,flydsl_hgemm_abf16_wbf16_bf16_t64x128x64x4_ks2_w2x4x1_bias0_ktail0_gm0_pft_gfx950,0.007,518.09,4174.09
gfx950,256,128,6144,18432,False,torch.bfloat16,torch.bfloat16,False,False,flydsl,105,8,54.3694,flydsl_hgemm_abf16_wbf16_bf16_t128x128x64x2_ks8_w4x2x1_bias0_ktail0_gm0_pft_gfx950,0.0243,533.22,4281.52
gfx950,256,128,9216,6144,False,torch.bfloat16,torch.bfloat16,False,False,flydsl,151,3,30.4674,flydsl_hgemm_abf16_wbf16_bf16_t128x128x64x4_ks3_w4x4x1_bias0_ktail0_gm0_pft_gfx950,0.0102,475.77,3846.02
gfx950,256,128,50016,6144,False,torch.bfloat16,torch.bfloat16,False,False,flydsl,62,1,178.5828,flydsl_hgemm_abf16_wbf16_bf16_t128x64x128x3_ks1_w2x2x2_bias0_ktail0_gm0_pft_gfx950,0.0057,440.51,3522.03
gfx950,256,196,128,6144,False,torch.bfloat16,torch.bfloat16,False,False,flydsl,3837,8,6.5571,flydsl_hgemm_abf16_wbf16_bf16_t32x32x64x9_ks8_w2x1x1_bias0_ktail0_gm0_pft_gfx950,0.021,47.01,614.83
gfx950,256,196,2304,6144,False,torch.bfloat16,torch.bfloat16,False,False,flydsl,830,3,19.9384,flydsl_hgemm_abf16_wbf16_bf16_t128x64x64x5_ks3_w4x2x1_bias0_ktail0_gm0_pft_gfx950,0.0101,278.31,1586.04
gfx950,256,196,2560,6144,False,torch.bfloat16,torch.bfloat16,False,False,flydsl,750,3,20.2379,flydsl_hgemm_abf16_wbf16_bf16_t128x64x64x4_ks3_w4x2x1_bias0_ktail0_gm0_pft_gfx950,0.01,304.66,1722.97
gfx950,256,196,6144,2048,False,torch.bfloat16,torch.bfloat16,False,False,flydsl,2232,1,13.7134,flydsl_hgemm_abf16_wbf16_bf16_t64x96x64x4_ks1_w2x2x1_bias0_ktail0_gm0_pft_gfx950,0.0,359.68,2069.3
gfx950,256,196,6144,3072,False,torch.bfloat16,torch.bfloat16,False,False,flydsl,2528,1,19.2844,flydsl_hgemm_abf16_wbf16_bf16_t64x96x64x4_ks1_w2x2x1_bias0_ktail0_gm0_pft_gfx950,0.0,383.67,2144.81
gfx950,256,196,6144,4608,False,torch.bfloat16,torch.bfloat16,False,False,flydsl,2532,1,26.5513,flydsl_hgemm_abf16_wbf16_bf16_t64x96x64x4_ks1_w2x2x1_bias0_ktail0_gm0_pft_gfx950,0.0,417.99,2291.33
gfx950,256,196,6144,6144,False,torch.bfloat16,torch.bfloat16,False,False,flydsl,2499,1,34.4316,flydsl_hgemm_abf16_wbf16_bf16_t64x96x128x4_ks1_w2x2x2_bias0_ktail0_gm4_pft_gfx950,0.0057,429.77,2332.58
gfx950,256,196,6144,12288,False,torch.bfloat16,torch.bfloat16,False,False,flydsl,561,2,61.7025,flydsl_hgemm_abf16_wbf16_bf16_t128x96x64x4_ks2_w2x2x1_bias0_ktail0_gm0_pft_gfx950,0.007,479.64,2564.24
gfx950,256,196,6144,18432,False,torch.bfloat16,torch.bfloat16,False,False,flydsl,148,2,81.7664,flydsl_hgemm_abf16_wbf16_bf16_t128x128x64x5_ks2_w4x4x1_bias0_ktail0_gm0_pft_gfx950,0.0076,542.92,2887.81
gfx950,256,196,9216,6144,False,torch.bfloat16,torch.bfloat16,False,False,flydsl,50,3,39.469,flydsl_hgemm_abf16_wbf16_bf16_t128x128x64x2_ks3_w2x4x1_bias0_ktail0_gm0_pht_gfx950,0.0101,562.37,3021.8
gfx950,256,196,50016,6144,False,torch.bfloat16,torch.bfloat16,False,False,torch,0,0,168.4091,native,0.0,715.29,3780.15
gfx950,256,256,2304,6144,False,torch.bfloat16,torch.bfloat16,False,False,flydsl,4872,4,22.1077,flydsl_hgemm_abf16_wbf16_bf16_t96x64x64x4_ks4_w2x2x1_bias0_ktail0_gm0_pft_gfx950,0.013,327.84,1476.27
gfx950,256,256,2560,6144,False,torch.bfloat16,torch.bfloat16,False,False,flydsl,3948,3,23.2499,flydsl_hgemm_abf16_wbf16_bf16_t64x64x64x4_ks3_w2x2x1_bias0_ktail0_gm0_pft_gfx950,0.0101,346.37,1544.68
gfx950,256,256,6144,2048,False,torch.bfloat16,torch.bfloat16,False,False,flydsl,2067,1,14.804,flydsl_hgemm_abf16_wbf16_bf16_t64x96x128x3_ks1_w2x2x2_bias0_ktail0_gm4_pft_gfx950,0.0034,435.18,1983.26
gfx950,256,256,6144,4608,False,torch.bfloat16,torch.bfloat16,False,False,flydsl,2354,1,28.0503,flydsl_hgemm_abf16_wbf16_bf16_t64x96x128x3_ks1_w2x2x2_bias0_ktail0_gm0_pft_gfx950,0.0052,516.77,2214.88
gfx950,256,256,6144,12288,False,torch.bfloat16,torch.bfloat16,False,False,torch,0,0,55.3701,native,0.0,698.12,2897.45
gfx950,256,256,6144,18432,False,torch.bfloat16,torch.bfloat16,False,False,flydsl,694,4,90.3536,flydsl_hgemm_abf16_wbf16_bf16_t256x128x64x3_ks4_w4x2x2_bias0_ktail0_gm0_pft_gfx950,0.0241,641.72,2646.0
gfx950,256,256,9216,6144,False,torch.bfloat16,torch.bfloat16,False,False,flydsl,4,1,43.9979,flydsl_hgemm_abf16_wbf16_bf16_t128x128x128x2_ks1_w2x4x1_bias0_ktail0_gm0_pht_gfx950,0.0,658.92,2752.64
gfx950,256,256,50016,6144,False,torch.bfloat16,torch.bfloat16,False,False,flydsl,30,1,289.9357,flydsl_hgemm_abf16_wbf16_bf16_t128x256x64x2_ks1_w2x4x1_bias0_ktail0_gm0_pft_gfx950,0.0,542.66,2218.94
gfx950,256,320,128,6144,False,torch.bfloat16,torch.bfloat16,False,False,flydsl,3602,6,7.4924,flydsl_hgemm_abf16_wbf16_bf16_t32x32x64x6_ks6_w2x1x1_bias0_ktail0_gm0_pft_gfx950,0.0182,67.18,745.68
gfx950,256,320,2304,6144,False,torch.bfloat16,torch.bfloat16,False,False,flydsl,3949,4,24.684,flydsl_hgemm_abf16_wbf16_bf16_t64x96x64x4_ks4_w2x2x1_bias0_ktail0_gm0_pft_gfx950,0.0131,367.03,1366.0
gfx950,256,320,2560,6144,False,torch.bfloat16,torch.bfloat16,False,False,flydsl,4028,3,26.4287,flydsl_hgemm_abf16_wbf16_bf16_t96x64x64x4_ks3_w2x2x1_bias0_ktail0_gm0_pft_gfx950,0.01,380.89,1401.05
gfx950,256,320,6144,2048,False,torch.bfloat16,torch.bfloat16,False,False,flydsl,1212,1,16.5227,flydsl_hgemm_abf16_wbf16_bf16_t64x128x64x5_ks1_w2x4x1_bias0_ktail0_gm0_pft_gfx950,0.0,487.39,1840.42
gfx950,256,320,6144,3072,False,torch.bfloat16,torch.bfloat16,False,False,flydsl,2369,1,22.9678,flydsl_hgemm_abf16_wbf16_bf16_t96x96x64x5_ks1_w2x2x1_bias0_ktail0_gm0_pft_gfx950,0.0,525.94,1900.36
gfx950,256,320,6144,4608,False,torch.bfloat16,torch.bfloat16,False,False,flydsl,2364,1,32.2221,flydsl_hgemm_abf16_wbf16_bf16_t96x96x64x5_ks1_w2x2x1_bias0_ktail0_gm0_pft_gfx950,0.0,562.33,1970.83
gfx950,256,320,6144,6144,False,torch.bfloat16,torch.bfloat16,False,False,flydsl,2369,1,42.347,flydsl_hgemm_abf16_wbf16_bf16_t96x96x64x5_ks1_w2x2x1_bias0_ktail0_gm0_pft_gfx950,0.0,570.51,1968.54
gfx950,256,320,6144,12288,False,torch.bfloat16,torch.bfloat16,False,False,torch,0,0,77.6609,native,0.0,622.17,2096.18
gfx950,256,320,6144,18432,False,torch.bfloat16,torch.bfloat16,False,False,flydsl,159,3,109.7259,flydsl_hgemm_abf16_wbf16_bf16_t128x256x64x3_ks3_w2x4x2_bias0_ktail0_gm0_pft_gfx950,0.0211,660.53,2207.51
gfx950,256,320,9216,6144,False,torch.bfloat16,torch.bfloat16,False,False,flydsl,68,1,52.0432,flydsl_hgemm_abf16_wbf16_bf16_t128x128x64x4_ks1_w4x4x1_bias0_ktail0_gm0_pft_gfx950,0.0,696.32,2364.89
gfx950,256,320,50016,6144,False,torch.bfloat16,torch.bfloat16,False,False,flydsl,11,1,390.0761,flydsl_hgemm_abf16_wbf16_bf16_t128x128x64x2_ks1_w4x2x1_bias0_ktail0_gm0_pft_gfx950,0.0,504.19,1667.72
gfx950,256,512,128,6144,False,torch.bfloat16,torch.bfloat16,False,False,flydsl,3720,8,8.8595,flydsl_hgemm_abf16_wbf16_bf16_t32x64x128x4_ks8_w2x2x1_bias0_ktail0_gm0_pft_gfx950,0.0211,90.9,902.47
gfx950,256,512,2304,6144,False,torch.bfloat16,torch.bfloat16,False,False,flydsl,3051,3,33.2429,flydsl_hgemm_abf16_wbf16_bf16_t96x96x64x3_ks3_w2x2x1_bias0_ktail0_gm0_pft_gfx950,0.01,436.05,1111.89
gfx950,256,512,2560,6144,False,torch.bfloat16,torch.bfloat16,False,False,torch,0,0,34.1339,native,0.0,471.85,1182.7
gfx950,256,512,6144,2048,False,torch.bfloat16,torch.bfloat16,False,False,flydsl,329,1,21.1644,flydsl_hgemm_abf16_wbf16_bf16_t128x96x64x4_ks1_w2x2x1_bias0_ktail0_gm4_pft_gfx950,0.0,608.8,1585.42
gfx950,256,512,6144,3072,False,torch.bfloat16,torch.bfloat16,False,False,flydsl,368,1,30.0491,flydsl_hgemm_abf16_wbf16_bf16_t128x96x64x4_ks1_w2x2x1_bias0_ktail0_gm0_pft_gfx950,0.0,643.19,1570.29
gfx950,256,512,6144,4608,False,torch.bfloat16,torch.bfloat16,False,False,flydsl,369,1,42.1618,flydsl_hgemm_abf16_wbf16_bf16_t128x96x64x4_ks1_w2x2x1_bias0_ktail0_gm4_pft_gfx950,0.0,687.61,1604.13
gfx950,256,512,6144,6144,False,torch.bfloat16,torch.bfloat16,False,False,flydsl,368,1,56.7814,flydsl_hgemm_abf16_wbf16_bf16_t128x96x64x4_ks1_w2x2x1_bias0_ktail0_gm0_pft_gfx950,0.0,680.76,1551.22
gfx950,256,512,6144,12288,False,torch.bfloat16,torch.bfloat16,False,False,torch,0,0,102.3686,native,0.0,755.21,1659.39
gfx950,256,512,6144,18432,False,torch.bfloat16,torch.bfloat16,False,False,flydsl,122,2,146.4444,flydsl_hgemm_abf16_wbf16_bf16_t128x256x64x3_ks2_w2x4x2_bias0_ktail0_gm0_pft_gfx950,0.0166,791.86,1718.46
gfx950,256,512,9216,6144,False,torch.bfloat16,torch.bfloat16,False,False,flydsl,60,1,70.3498,flydsl_hgemm_abf16_wbf16_bf16_t128x256x64x2_ks1_w2x4x1_bias0_ktail0_gm0_pht_gfx950,0.0,824.2,1833.34
gfx950,256,512,50016,6144,False,torch.bfloat16,torch.bfloat16,False,False,flydsl,8,1,486.3952,flydsl_hgemm_abf16_wbf16_bf16_t128x128x64x2_ks1_w2x2x1_bias0_ktail0_gm0_pht_gfx950,0.0,646.95,1381.81
gfx950,256,1024,128,6144,False,torch.bfloat16,torch.bfloat16,False,False,flydsl,3100,4,10.946,flydsl_hgemm_abf16_wbf16_bf16_t32x64x128x4_ks4_w2x4x1_bias0_ktail0_gm0_pft_gfx950,0.0135,147.14,1317.19
gfx950,256,1024,2304,6144,False,torch.bfloat16,torch.bfloat16,False,False,torch,0,0,49.5306,native,0.0,585.32,920.91
gfx950,256,1024,2560,6144,False,torch.bfloat16,torch.bfloat16,False,False,torch,0,0,48.3072,native,0.0,666.82,1020.2
gfx950,256,1024,6144,2048,False,torch.bfloat16,torch.bfloat16,False,False,flydsl,208,1,33.8501,flydsl_hgemm_abf16_wbf16_bf16_t256x128x64x3_ks1_w4x2x2_bias0_ktail0_gm0_pft_gfx950,0.0034,761.29,1239.08
gfx950,256,1024,6144,3072,False,torch.bfloat16,torch.bfloat16,False,False,flydsl,218,1,47.9152,flydsl_hgemm_abf16_wbf16_bf16_t256x128x64x3_ks1_w4x2x2_bias0_ktail0_gm0_pft_gfx950,0.0043,806.73,1181.74
gfx950,256,1024,6144,4608,False,torch.bfloat16,torch.bfloat16,False,False,torch,0,0,70.0587,native,0.0,827.62,1122.53
gfx950,256,1024,6144,6144,False,torch.bfloat16,torch.bfloat16,False,False,torch,0,0,82.7204,native,0.0,934.59,1216.91
gfx950,256,1024,6144,12288,False,torch.bfloat16,torch.bfloat16,False,False,torch,0,0,142.5679,native,0.0,1084.53,1323.89
gfx950,256,1024,6144,18432,False,torch.bfloat16,torch.bfloat16,False,False,torch,0,0,203.1557,native,0.0,1141.63,1362.62
gfx950,256,1024,9216,6144,False,torch.bfloat16,torch.bfloat16,False,False,torch,0,0,114.6004,native,0.0,1011.9,1262.68
gfx950,256,1024,50016,6144,False,torch.bfloat16,torch.bfloat16,False,False,flydsl,77,1,528.8908,flydsl_hgemm_abf16_wbf16_bf16_t256x256x64x2_ks1_w2x4x1_bias0_ktail0_gm4_pht_gfx950,0.0,1189.94,1379.51
gfx950,256,2048,128,6144,False,torch.bfloat16,torch.bfloat16,False,False,flydsl,5526,4,14.8409,flydsl_hgemm_abf16_wbf16_bf16_t64x64x64x7_ks4_w4x2x1_bias0_ktail0_gm0_pft_gfx950,0.0128,217.05,1837.02
gfx950,256,2048,2304,6144,False,torch.bfloat16,torch.bfloat16,False,False,torch,0,0,73.6943,native,0.0,786.79,853.72
gfx950,256,2048,2560,6144,False,torch.bfloat16,torch.bfloat16,False,False,torch,0,0,76.0439,native,0.0,847.2,882.5
gfx950,256,2048,6144,2048,False,torch.bfloat16,torch.bfloat16,False,False,flydsl,95,1,48.5934,flydsl_hgemm_abf16_wbf16_bf16_t256x256x64x2_ks1_w2x4x1_bias0_ktail0_gm0_pht_gfx950,0.0,1060.63,1208.4
gfx950,256,2048,6144,3072,False,torch.bfloat16,torch.bfloat16,False,False,flydsl,95,1,71.5495,flydsl_hgemm_abf16_wbf16_bf16_t256x256x64x2_ks1_w2x4x1_bias0_ktail0_gm0_pht_gfx950,0.0,1080.5,1055.18
gfx950,256,2048,6144,4608,False,torch.bfloat16,torch.bfloat16,False,False,flydsl,95,1,102.225,flydsl_hgemm_abf16_wbf16_bf16_t256x256x64x2_ks1_w2x4x1_bias0_ktail0_gm0_pht_gfx950,0.0,1134.4,984.72
gfx950,256,2048,6144,6144,False,torch.bfloat16,torch.bfloat16,False,False,torch,0,0,128.9112,native,0.0,1199.42,976.09
gfx950,256,2048,6144,12288,False,torch.bfloat16,torch.bfloat16,False,False,torch,0,0,237.2523,native,0.0,1303.41,954.65
gfx950,256,2048,6144,18432,False,torch.bfloat16,torch.bfloat16,False,False,torch,0,0,347.3928,native,0.0,1335.25,941.75
gfx950,256,2048,9216,6144,False,torch.bfloat16,torch.bfloat16,False,False,torch,0,0,213.2205,native,0.0,1087.74,826.19
gfx950,256,2048,50016,6144,False,torch.bfloat16,torch.bfloat16,False,False,flydsl,83,1,920.3902,flydsl_hgemm_abf16_wbf16_bf16_t256x256x64x2_ks1_w2x4x1_bias0_ktail0_gm4_pht_gfx950,0.0,1367.57,917.68
gfx950,256,4096,128,6144,False,torch.bfloat16,torch.bfloat16,False,False,flydsl,3600,2,21.7275,flydsl_hgemm_abf16_wbf16_bf16_t64x64x128x4_ks2_w2x2x2_bias0_ktail0_gm0_pft_gfx950,0.0133,296.51,2437.15
gfx950,256,4096,2304,6144,False,torch.bfloat16,torch.bfloat16,False,False,flydsl,42,1,172.0023,flydsl_hgemm_abf16_wbf16_bf16_t128x128x64x4_ks1_w4x2x1_bias0_ktail0_gm0_pft_gfx950,0.0,674.2,566.96
gfx950,256,4096,2560,6144,False,torch.bfloat16,torch.bfloat16,False,False,flydsl,123,1,206.8969,flydsl_hgemm_abf16_wbf16_bf16_t256x64x64x3_ks1_w4x1x1_bias0_ktail0_gm4_pft_gfx950,0.0,622.77,496.67
gfx950,256,4096,6144,2048,False,torch.bfloat16,torch.bfloat16,False,False,flydsl,21,1,121.8269,flydsl_hgemm_abf16_wbf16_bf16_t128x128x64x2_ks1_w2x4x1_bias0_ktail0_gm4_pht_gfx950,0.0,846.11,757.42
gfx950,256,4096,6144,3072,False,torch.bfloat16,torch.bfloat16,False,False,flydsl,17,1,174.9351,flydsl_hgemm_abf16_wbf16_bf16_t128x128x64x2_ks1_w2x2x1_bias0_ktail0_gm4_pht_gfx950,0.0,883.86,647.36
gfx950,256,4096,6144,4608,False,torch.bfloat16,torch.bfloat16,False,False,torch,0,0,189.3417,native,0.0,1224.92,764.25
gfx950,256,4096,6144,6144,False,torch.bfloat16,torch.bfloat16,False,False,torch,0,0,250.8791,native,0.0,1232.62,702.17
gfx950,256,4096,6144,12288,False,torch.bfloat16,torch.bfloat16,False,False,torch,0,0,467.3625,native,0.0,1323.33,646.16
gfx950,256,4096,6144,18432,False,torch.bfloat16,torch.bfloat16,False,False,torch,0,0,688.675,native,0.0,1347.1,621.22
gfx950,256,4096,9216,6144,False,torch.bfloat16,torch.bfloat16,False,False,torch,0,0,357.3922,native,0.0,1297.89,668.94
gfx950,256,4096,50016,6144,False,torch.bfloat16,torch.bfloat16,False,False,flydsl,1,1,1741.9579,flydsl_hgemm_abf16_wbf16_bf16_t256x256x64x2_ks1_w2x4x1_bias0_ktail0_gm4_pht_gfx950,0.0,1445.15,616.93
gfx950,256,8192,128,6144,False,torch.bfloat16,torch.bfloat16,False,False,torch,0,0,32.9137,native,0.0,391.48,3169.91
gfx950,256,8192,2304,6144,False,torch.bfloat16,torch.bfloat16,False,False,torch,0,0,213.6392,native,0.0,1085.61,780.4
gfx950,256,8192,2560,6144,False,torch.bfloat16,torch.bfloat16,False,False,asm,6,1,627.1803,_ZN5aiter37bf16gemm_fp32bf16_tn_64x64_pf3_splitkE,0.0,410.88,277.53
gfx950,256,8192,6144,2048,False,torch.bfloat16,torch.bfloat16,False,False,flydsl,38,1,253.5936,flydsl_hgemm_abf16_wbf16_bf16_t128x128x64x4_ks1_w2x2x2_bias0_ktail0_gm0_pft_gfx950,0.0035,812.95,628.5
gfx950,256,8192,6144,3072,False,torch.bfloat16,torch.bfloat16,False,False,flydsl,142,1,393.9894,flydsl_hgemm_abf16_wbf16_bf16_t64x256x64x4_ks1_w2x4x1_bias0_ktail0_gm0_pft_gfx950,0.0,784.89,479.06
gfx950,256,8192,6144,4608,False,torch.bfloat16,torch.bfloat16,False,False,torch,0,0,316.2476,native,0.0,1466.75,736.08
gfx950,256,8192,6144,6144,False,torch.bfloat16,torch.bfloat16,False,False,torch,0,0,449.2372,native,0.0,1376.72,616.21
gfx950,256,8192,6144,12288,False,torch.bfloat16,torch.bfloat16,False,False,torch,0,0,804.1958,native,0.0,1538.12,563.28
gfx950,256,8192,6144,18432,False,torch.bfloat16,torch.bfloat16,False,False,torch,0,0,1202.4584,native,0.0,1543.03,523.22
gfx950,256,8192,9216,6144,False,torch.bfloat16,torch.bfloat16,False,False,asm,10,1,640.7399,_ZN5aiter24bf16gemm_bf16_tn_256x256E,0.0,1447.88,569.5
gfx950,256,8192,50016,6144,False,torch.bfloat16,torch.bfloat16,False,False,flydsl,1,1,3335.0686,flydsl_hgemm_abf16_wbf16_bf16_t256x256x64x2_ks1_w2x4x1_bias0_ktail0_gm4_pht_gfx950,0.0,1509.65,460.18
gfx950,256,16384,2304,6144,False,torch.bfloat16,torch.bfloat16,False,False,torch,0,0,375.504,native,0.0,1235.29,812.6
gfx950,256,16384,2560,6144,False,torch.bfloat16,torch.bfloat16,False,False,torch,0,0,415.2341,native,0.0,1241.22,762.63
gfx950,256,16384,6144,2048,False,torch.bfloat16,torch.bfloat16,False,False,torch,0,0,323.7636,native,0.0,1273.51,906.84
gfx950,256,16384,6144,4608,False,torch.bfloat16,torch.bfloat16,False,False,torch,0,0,614.0018,native,0.0,1510.93,666.03
gfx950,256,16384,6144,12288,False,torch.bfloat16,torch.bfloat16,False,False,torch,0,0,1582.0014,native,0.0,1563.78,477.23
gfx950,256,16384,6144,18432,False,torch.bfloat16,torch.bfloat16,False,False,asm,10,1,2407.5911,_ZN5aiter24bf16gemm_bf16_tn_256x256E,0.0,1541.31,428.56
gfx950,256,16384,9216,6144,False,torch.bfloat16,torch.bfloat16,False,False,torch,0,0,1202.579,native,0.0,1542.87,512.7
gfx950,256,16384,50016,6144,False,torch.bfloat16,torch.bfloat16,False,False,flydsl,1,1,6619.4015,flydsl_hgemm_abf16_wbf16_bf16_t256x256x64x2_ks1_w2x4x1_bias0_ktail0_gm4_pht_gfx950,0.0,1521.22,370.86
gfx950,256,32768,128,6144,False,torch.bfloat16,torch.bfloat16,False,False,torch,0,0,87.6368,native,0.0,588.1,4708.24
gfx950,256,32768,2304,6144,False,torch.bfloat16,torch.bfloat16,False,False,flydsl,124,1,1381.353,flydsl_hgemm_abf16_wbf16_bf16_t64x256x128x2_ks1_w4x4x1_bias0_ktail0_gm0_pft_gfx950,0.0,671.6,421.3
gfx950,256,32768,2560,6144,False,torch.bfloat16,torch.bfloat16,False,False,flydsl,83,1,709.8024,flydsl_hgemm_abf16_wbf16_bf16_t256x256x64x2_ks1_w2x4x1_bias0_ktail0_gm4_pht_gfx950,0.0,1452.22,847.96
gfx950,256,32768,6144,2048,False,torch.bfloat16,torch.bfloat16,False,False,flydsl,76,1,791.4872,flydsl_hgemm_abf16_wbf16_bf16_t256x128x64x3_ks1_w4x2x1_bias0_ktail0_gm0_pft_gfx950,0.0,1041.88,710.1
gfx950,256,32768,6144,3072,False,torch.bfloat16,torch.bfloat16,False,False,flydsl,38,1,1425.1617,flydsl_hgemm_abf16_wbf16_bf16_t128x128x64x4_ks1_w2x2x2_bias0_ktail0_gm0_pft_gfx950,0.0043,867.94,450.28
gfx950,256,32768,6144,4608,False,torch.bfloat16,torch.bfloat16,False,False,torch,0,0,1209.6803,native,0.0,1533.82,629.31
gfx950,256,32768,6144,6144,False,torch.bfloat16,torch.bfloat16,False,False,torch,0,0,1830.3061,native,0.0,1351.63,481.23
gfx950,256,32768,6144,12288,False,torch.bfloat16,torch.bfloat16,False,False,asm,10,1,3137.6083,_ZN5aiter24bf16gemm_bf16_tn_256x256E,0.0,1576.93,433.12
gfx950,256,32768,6144,18432,False,torch.bfloat16,torch.bfloat16,False,False,asm,10,1,4739.2465,_ZN5aiter24bf16gemm_bf16_tn_256x256E,0.0,1566.01,387.64
gfx950,256,32768,9216,6144,False,torch.bfloat16,torch.bfloat16,False,False,torch,0,0,2372.4539,native,0.0,1564.14,472.03
gfx950,256,32768,50016,6144,False,torch.bfloat16,torch.bfloat16,False,False,flydsl,1,1,13305.0767,flydsl_hgemm_abf16_wbf16_bf16_t256x256x64x2_ks1_w2x4x1_bias0_ktail0_gm4_pht_gfx950,0.0,1513.64,322.82
gfx950,256,1,64,4096,False,torch.bfloat16,torch.bfloat16,False,False,skinny,2,0,3.0851,sol2,0.0,0.17,172.64
gfx950,256,2,64,4096,False,torch.bfloat16,torch.bfloat16,False,False,skinny,2,0,3.4962,sol2,0.0,0.3,154.72
gfx950,256,4,64,4096,False,torch.bfloat16,torch.bfloat16,False,False,flydsl,19,8,3.783,flydsl_hgemm_abf16_wbf16_bf16_t16x16x128x5_ks8_w1x1x1_bias0_ktail0_gm0_pft_gfx950,0.0273,0.55,147.39
gfx950,256,8,64,4096,False,torch.bfloat16,torch.bfloat16,False,False,flydsl,19,8,3.8011,flydsl_hgemm_abf16_wbf16_bf16_t16x16x128x5_ks8_w1x1x1_bias0_ktail0_gm0_pft_gfx950,0.0312,1.1,155.44
gfx950,256,1,256,4096,False,torch.bfloat16,torch.bfloat16,False,False,skinny,2,0,3.7272,sol2,0.0,0.56,565.0
gfx950,256,2,256,4096,False,torch.bfloat16,torch.bfloat16,False,False,skinny,2,0,3.4456,sol2,0.0,1.22,613.7
gfx950,256,4,256,4096,False,torch.bfloat16,torch.bfloat16,False,False,flydsl,409,8,4.1958,flydsl_hgemm_abf16_wbf16_bf16_t16x32x64x9_ks8_w1x1x1_bias0_ktail0_gm0_pft_gfx950,0.0225,2.0,508.12
gfx950,256,8,256,4096,False,torch.bfloat16,torch.bfloat16,False,False,flydsl,409,8,4.2055,flydsl_hgemm_abf16_wbf16_bf16_t16x32x64x9_ks8_w1x1x1_bias0_ktail0_gm0_pft_gfx950,0.0229,3.99,515.23
gfx950,256,1,512,4096,False,torch.bfloat16,torch.bfloat16,False,False,skinny,2,0,4.7147,sol2,0.0,0.89,891.58
gfx950,256,2,512,4096,False,torch.bfloat16,torch.bfloat16,False,False,flydsl,469,8,5.0314,flydsl_hgemm_abf16_wbf16_bf16_t16x64x128x4_ks8_w1x2x1_bias0_ktail0_gm0_pft_gfx950,0.0254,1.67,837.29
gfx950,256,4,512,4096,False,torch.bfloat16,torch.bfloat16,False,False,flydsl,111,4,5.0782,flydsl_hgemm_abf16_wbf16_bf16_t16x16x128x8_ks4_w1x1x1_bias0_ktail0_gm0_pft_gfx950,0.0122,3.3,833.2
gfx950,256,8,512,4096,False,torch.bfloat16,torch.bfloat16,False,False,flydsl,471,8,5.2023,flydsl_hgemm_abf16_wbf16_bf16_t16x64x128x4_ks8_w1x4x1_bias0_ktail0_gm0_pft_gfx950,0.021,6.45,820.41
gfx950,256,1,1024,4096,False,torch.bfloat16,torch.bfloat16,False,False,flydsl,243,4,5.7255,flydsl_hgemm_abf16_wbf16_bf16_t16x32x128x6_ks4_w1x2x1_bias0_ktail0_gm0_pft_gfx950,0.0156,1.47,1466.92
gfx950,256,2,1024,4096,False,torch.bfloat16,torch.bfloat16,False,False,flydsl,267,4,5.7747,flydsl_hgemm_abf16_wbf16_bf16_t16x32x128x9_ks4_w1x2x1_bias0_ktail0_gm0_pft_gfx950,0.0117,2.91,1456.19
gfx950,256,4,1024,4096,False,torch.bfloat16,torch.bfloat16,False,False,flydsl,260,4,5.8263,flydsl_hgemm_abf16_wbf16_bf16_t16x32x128x8_ks4_w1x2x1_bias0_ktail0_gm0_pft_gfx950,0.0117,5.76,1446.81
gfx950,256,8,1024,4096,False,torch.bfloat16,torch.bfloat16,False,False,flydsl,243,4,5.9114,flydsl_hgemm_abf16_wbf16_bf16_t16x32x128x6_ks4_w1x2x1_bias0_ktail0_gm0_pft_gfx950,0.0115,11.35,1432.91
gfx950,256,1,4096,512,False,torch.bfloat16,torch.bfloat16,False,False,triton,0,0,4.1167,auto,0.0,1.02,1021.09
gfx950,256,1,4096,4096,False,torch.bfloat16,torch.bfloat16,False,False,flydsl,127,1,8.135,flydsl_hgemm_abf16_wbf16_bf16_t16x16x256x5_ks1_w1x1x2_bias0_ktail0_gm4_pft_gfx950,0.0066,4.12,4126.71
gfx950,256,1,4096,8192,False,torch.bfloat16,torch.bfloat16,False,False,flydsl,127,1,13.8273,flydsl_hgemm_abf16_wbf16_bf16_t16x16x256x5_ks1_w1x1x2_bias0_ktail0_gm4_pft_gfx950,0.0049,4.85,4855.14
gfx950,256,2,4096,512,False,torch.bfloat16,torch.bfloat16,False,False,triton,0,0,4.1119,auto,0.0,2.04,1024.52
gfx950,256,2,4096,4096,False,torch.bfloat16,torch.bfloat16,False,False,flydsl,123,1,8.3397,flydsl_hgemm_abf16_wbf16_bf16_t16x16x256x4_ks1_w1x1x2_bias0_ktail0_gm4_pft_gfx950,0.0049,8.05,4027.39
gfx950,256,2,4096,8192,False,torch.bfloat16,torch.bfloat16,False,False,flydsl,123,1,13.6013,flydsl_hgemm_abf16_wbf16_bf16_t16x16x256x4_ks1_w1x1x2_bias0_ktail0_gm4_pft_gfx950,0.0055,9.87,4937.62
gfx950,256,4,4096,512,False,torch.bfloat16,torch.bfloat16,False,False,flydsl,52,1,3.8978,flydsl_hgemm_abf16_wbf16_bf16_t16x16x128x5_ks1_w1x1x1_bias0_ktail0_gm0_pft_gfx950,0.0,4.3,1085.53
gfx950,256,4,4096,4096,False,torch.bfloat16,torch.bfloat16,False,False,flydsl,123,1,8.5809,flydsl_hgemm_abf16_wbf16_bf16_t16x16x256x4_ks1_w1x1x2_bias0_ktail0_gm4_pft_gfx950,0.0055,15.64,3918.0
gfx950,256,4,4096,8192,False,torch.bfloat16,torch.bfloat16,False,False,flydsl,123,1,13.5886,flydsl_hgemm_abf16_wbf16_bf16_t16x16x256x4_ks1_w1x1x2_bias0_ktail0_gm4_pft_gfx950,0.0059,19.75,4945.85
gfx950,256,8,4096,512,False,torch.bfloat16,torch.bfloat16,False,False,flydsl,53,1,3.9029,flydsl_hgemm_abf16_wbf16_bf16_t16x16x128x5_ks1_w1x1x1_bias0_ktail0_gm4_pft_gfx950,0.0,8.6,1093.55
gfx950,256,8,4096,4096,False,torch.bfloat16,torch.bfloat16,False,False,flydsl,123,1,8.5,flydsl_hgemm_abf16_wbf16_bf16_t16x16x256x4_ks1_w1x1x2_bias0_ktail0_gm4_pft_gfx950,0.0051,31.58,3963.0
gfx950,256,8,4096,8192,False,torch.bfloat16,torch.bfloat16,False,False,flydsl,123,1,13.7811,flydsl_hgemm_abf16_wbf16_bf16_t16x16x256x4_ks1_w1x1x2_bias0_ktail0_gm4_pft_gfx950,0.0055,38.96,4883.9
gfx950,256,16,4096,512,False,torch.bfloat16,torch.bfloat16,False,False,triton,0,0,3.7122,auto,0.0,18.08,1169.59
gfx950,256,16,4096,4096,False,torch.bfloat16,torch.bfloat16,False,False,flydsl,127,1,8.8217,flydsl_hgemm_abf16_wbf16_bf16_t16x16x256x5_ks1_w1x1x2_bias0_ktail0_gm4_pft_gfx950,0.005,60.86,3833.34
gfx950,256,16,4096,8192,False,torch.bfloat16,torch.bfloat16,False,False,flydsl,123,1,14.3949,flydsl_hgemm_abf16_wbf16_bf16_t16x16x256x4_ks1_w1x1x2_bias0_ktail0_gm4_pft_gfx950,0.0058,74.59,4689.31
gfx950,256,32,4096,512,False,torch.bfloat16,torch.bfloat16,False,False,flydsl,193,1,3.9934,flydsl_hgemm_abf16_wbf16_bf16_t16x32x64x9_ks1_w1x2x1_bias0_ktail0_gm0_pft_gfx950,0.0,33.61,1124.16
gfx950,256,32,4096,4096,False,torch.bfloat16,torch.bfloat16,False,False,flydsl,1876,4,10.4506,flydsl_hgemm_abf16_wbf16_bf16_t32x64x64x8_ks4_w1x4x1_bias0_ktail0_gm0_pft_gfx950,0.0116,102.74,3260.93
gfx950,256,32,4096,8192,False,torch.bfloat16,torch.bfloat16,False,False,flydsl,1162,2,16.1422,flydsl_hgemm_abf16_wbf16_bf16_t32x32x256x3_ks2_w1x2x2_bias0_ktail0_gm0_pft_gfx950,0.0145,133.04,4206.07
gfx950,256,48,4096,512,False,torch.bfloat16,torch.bfloat16,False,False,flydsl,730,1,4.204,flydsl_hgemm_abf16_wbf16_bf16_t32x32x64x9_ks1_w1x2x1_bias0_ktail0_gm0_pft_gfx950,0.0,47.89,1102.92
gfx950,256,48,4096,4096,False,torch.bfloat16,torch.bfloat16,False,False,flydsl,3591,4,11.5944,flydsl_hgemm_abf16_wbf16_bf16_t64x64x64x5_ks4_w1x4x1_bias0_ktail0_gm0_pft_gfx950,0.0118,138.91,2961.85
gfx950,256,48,4096,8192,False,torch.bfloat16,torch.bfloat16,False,False,flydsl,2750,2,18.7651,flydsl_hgemm_abf16_wbf16_bf16_t64x32x128x4_ks2_w2x2x2_bias0_ktail0_gm0_pft_gfx950,0.0148,171.66,3639.12
gfx950,256,64,4096,512,False,torch.bfloat16,torch.bfloat16,False,False,flydsl,755,1,4.2218,flydsl_hgemm_abf16_wbf16_bf16_t32x32x64x9_ks1_w1x2x1_bias0_ktail0_gm0_pft_gfx950,0.0,63.58,1133.2
gfx950,256,64,4096,4096,False,torch.bfloat16,torch.bfloat16,False,False,flydsl,922,1,12.5338,flydsl_hgemm_abf16_wbf16_bf16_t32x32x128x5_ks1_w2x1x2_bias0_ktail0_gm4_pft_gfx950,0.0048,171.34,2760.78
gfx950,256,64,4096,8192,False,torch.bfloat16,torch.bfloat16,False,False,flydsl,514,4,19.8277,flydsl_hgemm_abf16_wbf16_bf16_t32x128x128x3_ks4_w1x4x2_bias0_ktail0_gm0_pft_gfx950,0.0221,216.61,3463.93
gfx950,256,96,4096,512,False,torch.bfloat16,torch.bfloat16,False,False,flydsl,1111,1,4.6307,flydsl_hgemm_abf16_wbf16_bf16_t32x32x64x7_ks1_w2x1x1_bias0_ktail0_gm0_pft_gfx950,0.0,86.95,1096.82
gfx950,256,96,4096,4096,False,torch.bfloat16,torch.bfloat16,False,False,flydsl,3592,2,14.3627,flydsl_hgemm_abf16_wbf16_bf16_t64x64x64x6_ks2_w4x2x1_bias0_ktail0_gm0_pft_gfx950,0.0048,224.28,2445.73
gfx950,256,96,4096,8192,False,torch.bfloat16,torch.bfloat16,False,False,flydsl,3294,2,22.1993,flydsl_hgemm_abf16_wbf16_bf16_t64x64x128x4_ks2_w2x2x2_bias0_ktail0_gm0_pft_gfx950,0.0144,290.21,3129.3
gfx950,256,128,4096,512,False,torch.bfloat16,torch.bfloat16,False,False,flydsl,1370,1,4.7507,flydsl_hgemm_abf16_wbf16_bf16_t32x64x64x7_ks1_w2x2x1_bias0_ktail0_gm0_pft_gfx950,0.0,113.01,1131.19
gfx950,256,128,4096,4096,False,torch.bfloat16,torch.bfloat16,False,False,flydsl,2862,1,15.9219,flydsl_hgemm_abf16_wbf16_bf16_t64x32x128x4_ks1_w4x1x2_bias0_ktail0_gm4_pft_gfx950,0.0049,269.75,2239.15
gfx950,256,128,4096,8192,False,torch.bfloat16,torch.bfloat16,False,False,flydsl,2516,4,24.5093,flydsl_hgemm_abf16_wbf16_bf16_t64x128x64x4_ks4_w2x4x1_bias0_ktail0_gm0_pft_gfx950,0.014,350.48,2866.45
gfx950,256,192,4096,512,False,torch.bfloat16,torch.bfloat16,False,False,flydsl,1209,1,5.4611,flydsl_hgemm_abf16_wbf16_bf16_t32x64x64x6_ks1_w1x2x1_bias0_ktail0_gm0_pft_gfx950,0.0,147.46,1092.05
gfx950,256,192,4096,4096,False,torch.bfloat16,torch.bfloat16,False,False,torch,0,0,18.8617,native,0.0,341.56,1945.75
gfx950,256,192,4096,8192,False,torch.bfloat16,torch.bfloat16,False,False,flydsl,3282,2,29.7586,flydsl_hgemm_abf16_wbf16_bf16_t96x64x128x4_ks2_w2x2x2_bias0_ktail0_gm0_pft_gfx950,0.0143,432.98,2413.67
gfx950,256,256,4096,4096,False,torch.bfloat16,torch.bfloat16,False,False,flydsl,2767,1,20.152,flydsl_hgemm_abf16_wbf16_bf16_t64x64x64x5_ks1_w2x4x1_bias0_ktail0_gm0_pft_gfx950,0.0,426.26,1873.2
gfx950,256,256,4096,8192,False,torch.bfloat16,torch.bfloat16,False,False,flydsl,1908,2,34.3124,flydsl_hgemm_abf16_wbf16_bf16_t64x128x128x3_ks2_w2x2x2_bias0_ktail0_gm0_pft_gfx950,0.0143,500.69,2139.18
gfx950,256,384,4096,512,False,torch.bfloat16,torch.bfloat16,False,False,flydsl,2208,1,6.6723,flydsl_hgemm_abf16_wbf16_bf16_t96x64x64x4_ks1_w2x2x1_bias0_ktail0_gm0_pft_gfx950,0.0,241.39,1159.01
gfx950,256,384,4096,4096,False,torch.bfloat16,torch.bfloat16,False,False,flydsl,2293,1,25.321,flydsl_hgemm_abf16_wbf16_bf16_t96x64x128x4_ks1_w2x2x2_bias0_ktail0_gm0_pft_gfx950,0.0049,508.86,1573.63
gfx950,256,384,4096,8192,False,torch.bfloat16,torch.bfloat16,False,False,flydsl,2140,2,44.6301,flydsl_hgemm_abf16_wbf16_bf16_t96x128x64x4_ks2_w2x2x1_bias0_ktail0_gm0_pft_gfx950,0.0061,577.41,1715.12
gfx950,256,512,4096,512,False,torch.bfloat16,torch.bfloat16,False,False,triton,0,0,7.0835,auto,0.0,303.17,1258.26
gfx950,256,512,4096,4096,False,torch.bfloat16,torch.bfloat16,False,False,flydsl,358,1,28.198,flydsl_hgemm_abf16_wbf16_bf16_t128x64x64x4_ks1_w4x2x1_bias0_ktail0_gm0_pft_gfx950,0.0,609.26,1487.45
gfx950,256,512,4096,8192,False,torch.bfloat16,torch.bfloat16,False,False,flydsl,73,2,50.0098,flydsl_hgemm_abf16_wbf16_bf16_t128x128x64x4_ks2_w4x4x1_bias0_ktail0_gm0_pft_gfx950,0.0062,687.06,1593.52
gfx950,256,768,4096,512,False,torch.bfloat16,torch.bfloat16,False,False,flydsl,1214,1,9.025,flydsl_hgemm_abf16_wbf16_bf16_t96x128x64x3_ks1_w2x2x1_bias0_ktail0_gm4_pft_gfx950,0.0,356.92,1249.0
gfx950,256,768,4096,4096,False,torch.bfloat16,torch.bfloat16,False,False,flydsl,1218,1,37.1104,flydsl_hgemm_abf16_wbf16_bf16_t96x128x64x4_ks1_w2x2x1_bias0_ktail0_gm4_pft_gfx950,0.0,694.41,1243.25
gfx950,256,768,4096,8192,False,torch.bfloat16,torch.bfloat16,False,False,flydsl,38,1,71.1938,flydsl_hgemm_abf16_wbf16_bf16_t128x128x64x3_ks1_w4x4x1_bias0_ktail0_gm0_pft_gfx950,0.0,723.93,1207.73
gfx950,256,1024,4096,4096,False,torch.bfloat16,torch.bfloat16,False,False,flydsl,46,1,39.8182,flydsl_hgemm_abf16_wbf16_bf16_t128x128x64x4_ks1_w4x4x1_bias0_ktail0_gm0_pft_gfx950,0.0,862.92,1264.04
gfx950,256,1024,4096,8192,False,torch.bfloat16,torch.bfloat16,False,False,flydsl,46,1,81.5384,flydsl_hgemm_abf16_wbf16_bf16_t128x128x64x4_ks1_w4x4x1_bias0_ktail0_gm0_pft_gfx950,0.0,842.79,1131.67
gfx950,256,2048,4096,512,False,torch.bfloat16,torch.bfloat16,False,False,torch,0,0,14.7878,native,0.0,580.88,1559.98
gfx950,256,2048,4096,4096,False,torch.bfloat16,torch.bfloat16,False,False,opus,1401,0,66.999,opus_gemm_mono_tile_512x128x256x64_2x4_16x16x32_0x0x0_nooob,0.0,1025.68,1001.64
gfx950,256,2048,4096,8192,False,torch.bfloat16,torch.bfloat16,False,False,opus,6401,0,127.6634,opus_gemm_mono_tile_512x128x256x64_2x4_16x16x32_0x0x0_nooob_4g_safe,0.0,1076.57,919.92
gfx950,256,4096,4096,4096,False,torch.bfloat16,torch.bfloat16,False,False,flydsl,1,1,105.2071,flydsl_hgemm_abf16_wbf16_bf16_t256x256x64x2_ks1_w2x4x1_bias0_ktail0_gm4_pht_gfx950,0.0,1306.37,956.81
gfx950,256,4096,4096,8192,False,torch.bfloat16,torch.bfloat16,False,False,torch,0,0,196.2718,native,0.0,1400.5,854.8
gfx950,256,8192,4096,512,False,torch.bfloat16,torch.bfloat16,False,False,flydsl,82,1,40.7032,flydsl_hgemm_abf16_wbf16_bf16_t256x256x64x2_ks1_w2x4x1_bias0_ktail0_gm0_pht_gfx950,0.0,844.15,1957.87
gfx950,256,8192,4096,4096,False,torch.bfloat16,torch.bfloat16,False,False,flydsl,1,1,197.0553,flydsl_hgemm_abf16_wbf16_bf16_t256x256x64x2_ks1_w2x4x1_bias0_ktail0_gm4_pht_gfx950,0.0,1394.93,851.4
gfx950,256,8192,4096,8192,False,torch.bfloat16,torch.bfloat16,False,False,torch,0,0,367.9418,native,0.0,1494.14,729.56
gfx950,256,1,8192,4096,False,torch.bfloat16,torch.bfloat16,False,False,flydsl,189,1,13.4454,flydsl_hgemm_abf16_wbf16_bf16_t16x32x128x4_ks1_w1x1x1_bias0_ktail0_gm4_pft_gfx950,0.0,4.99,4993.04
gfx950,256,2,8192,4096,False,torch.bfloat16,torch.bfloat16,False,False,flydsl,189,1,13.5983,flydsl_hgemm_abf16_wbf16_bf16_t16x32x128x4_ks1_w1x1x1_bias0_ktail0_gm4_pft_gfx950,0.0,9.87,4938.71
gfx950,256,4,8192,4096,False,torch.bfloat16,torch.bfloat16,False,False,flydsl,241,1,13.366,flydsl_hgemm_abf16_wbf16_bf16_t16x32x256x3_ks1_w1x1x1_bias0_ktail0_gm4_pft_gfx950,0.0,20.08,5028.22
gfx950,256,8,8192,4096,False,torch.bfloat16,torch.bfloat16,False,False,flydsl,245,1,13.4998,flydsl_hgemm_abf16_wbf16_bf16_t16x32x256x3_ks1_w1x2x1_bias0_ktail0_gm4_pft_gfx950,0.0,39.77,4985.66
gfx950,256,16,8192,4096,False,torch.bfloat16,torch.bfloat16,False,False,triton,0,0,13.4371,auto,0.0,79.91,5023.56
gfx950,256,32,8192,4096,False,torch.bfloat16,torch.bfloat16,False,False,triton,0,0,13.6959,auto,0.0,156.8,4957.34
gfx950,256,48,8192,4096,False,torch.bfloat16,torch.bfloat16,False,False,flydsl,1470,1,16.0622,flydsl_hgemm_abf16_wbf16_bf16_t48x32x128x5_ks1_w1x2x2_bias0_ktail0_gm4_pft_gfx950,0.0049,200.55,4251.5
gfx950,256,64,8192,4096,False,torch.bfloat16,torch.bfloat16,False,False,triton,0,0,17.0093,auto,0.0,252.51,4037.89
gfx950,256,96,8192,4096,False,torch.bfloat16,torch.bfloat16,False,False,flydsl,2738,1,20.2067,flydsl_hgemm_abf16_wbf16_bf16_t64x64x64x6_ks1_w4x2x1_bias0_ktail0_gm4_pft_gfx950,0.0,318.83,3437.88
gfx950,256,128,8192,4096,False,torch.bfloat16,torch.bfloat16,False,False,triton,0,0,22.0195,auto,0.0,390.11,3190.56
gfx950,256,192,8192,4096,False,torch.bfloat16,torch.bfloat16,False,False,flydsl,2256,1,26.1065,flydsl_hgemm_abf16_wbf16_bf16_t96x64x128x3_ks1_w2x2x2_bias0_ktail0_gm4_pft_gfx950,0.0049,493.55,2751.32
gfx950,256,256,8192,4096,False,torch.bfloat16,torch.bfloat16,False,False,flydsl,359,1,29.4108,flydsl_hgemm_abf16_wbf16_bf16_t128x64x64x4_ks1_w4x2x1_bias0_ktail0_gm4_pft_gfx950,0.0,584.13,2495.69
gfx950,256,384,8192,4096,False,torch.bfloat16,torch.bfloat16,False,False,flydsl,1214,1,38.0544,flydsl_hgemm_abf16_wbf16_bf16_t96x128x64x4_ks1_w2x2x1_bias0_ktail0_gm0_pft_gfx950,0.0,677.18,2011.49
gfx950,256,512,8192,4096,False,torch.bfloat16,torch.bfloat16,False,False,flydsl,47,1,40.5329,flydsl_hgemm_abf16_wbf16_bf16_t128x128x64x4_ks1_w4x4x1_bias0_ktail0_gm4_pft_gfx950,0.0,847.7,1966.1
gfx950,256,768,8192,4096,False,torch.bfloat16,torch.bfloat16,False,False,torch,0,0,62.9969,native,0.0,818.13,1364.88
gfx950,256,1024,8192,4096,False,torch.bfloat16,torch.bfloat16,False,False,flydsl,59,1,69.8645,flydsl_hgemm_abf16_wbf16_bf16_t128x256x64x2_ks1_w2x4x1_bias0_ktail0_gm0_pht_gfx950,0.0,983.61,1320.77
gfx950,256,2048,8192,4096,False,torch.bfloat16,torch.bfloat16,False,False,flydsl,82,1,105.5259,flydsl_hgemm_abf16_wbf16_bf16_t256x256x64x2_ks1_w2x4x1_bias0_ktail0_gm0_pht_gfx950,0.0,1302.42,1112.91
gfx950,256,4096,8192,4096,False,torch.bfloat16,torch.bfloat16,False,False,asm,10,1,194.6241,_ZN5aiter24bf16gemm_bf16_tn_256x256E,0.0,1412.35,862.03
gfx950,256,8192,8192,4096,False,torch.bfloat16,torch.bfloat16,False,False,asm,10,1,369.9218,_ZN5aiter24bf16gemm_bf16_tn_256x256E,0.0,1486.14,725.65
gfx950,256,1,8704,4096,False,torch.bfloat16,torch.bfloat16,False,False,flydsl,149,1,15.5335,flydsl_hgemm_abf16_wbf16_bf16_t16x16x64x5_ks1_w1x1x1_bias0_ktail0_gm4_pft_gfx950,0.0,4.59,4591.93
gfx950,256,2,8704,4096,False,torch.bfloat16,torch.bfloat16,False,False,flydsl,431,1,15.4325,flydsl_hgemm_abf16_wbf16_bf16_t16x64x256x3_ks1_w1x2x2_bias0_ktail0_gm0_pft_gfx950,0.0046,9.24,4623.64
gfx950,256,4,8704,4096,False,torch.bfloat16,torch.bfloat16,False,False,flydsl,151,1,15.3807,flydsl_hgemm_abf16_wbf16_bf16_t16x16x64x5_ks1_w1x1x2_bias0_ktail0_gm4_pft_gfx950,0.0051,18.54,4642.54
gfx950,256,8,8704,4096,False,torch.bfloat16,torch.bfloat16,False,False,flydsl,87,1,15.7669,flydsl_hgemm_abf16_wbf16_bf16_t16x16x128x3_ks1_w1x1x2_bias0_ktail0_gm4_pft_gfx950,0.0045,36.18,4535.32
gfx950,256,16,8704,4096,False,torch.bfloat16,torch.bfloat16,False,False,flydsl,149,1,16.1534,flydsl_hgemm_abf16_wbf16_bf16_t16x16x64x5_ks1_w1x1x1_bias0_ktail0_gm4_pft_gfx950,0.0,70.63,4439.48
gfx950,256,32,8704,4096,False,torch.bfloat16,torch.bfloat16,False,False,flydsl,232,1,17.7474,flydsl_hgemm_abf16_wbf16_bf16_t16x64x128x4_ks1_w1x2x1_bias0_ktail0_gm0_pft_gfx950,0.0,128.57,4063.83
gfx950,256,48,8704,4096,False,torch.bfloat16,torch.bfloat16,False,False,flydsl,2946,4,19.6746,flydsl_hgemm_abf16_wbf16_bf16_t64x96x64x3_ks4_w2x2x1_bias0_ktail0_gm0_pft_gfx950,0.0116,173.96,3686.58
gfx950,256,64,8704,4096,False,torch.bfloat16,torch.bfloat16,False,False,flydsl,700,1,20.3214,flydsl_hgemm_abf16_wbf16_bf16_t32x64x128x3_ks1_w1x1x2_bias0_ktail0_gm0_pft_gfx950,0.0049,224.56,3589.4
gfx950,256,96,8704,4096,False,torch.bfloat16,torch.bfloat16,False,False,flydsl,1675,1,23.7113,flydsl_hgemm_abf16_wbf16_bf16_t48x64x64x4_ks1_w1x2x1_bias0_ktail0_gm0_pft_gfx950,0.0,288.69,3110.79
gfx950,256,128,8704,4096,False,torch.bfloat16,torch.bfloat16,False,False,flydsl,2050,1,25.2698,flydsl_hgemm_abf16_wbf16_bf16_t64x64x64x5_ks1_w2x1x1_bias0_ktail0_gm0_pft_gfx950,0.0,361.17,2951.35
gfx950,256,192,8704,4096,False,torch.bfloat16,torch.bfloat16,False,False,torch,0,0,31.1939,native,0.0,438.87,2443.37
gfx950,256,256,8704,4096,False,torch.bfloat16,torch.bfloat16,False,False,flydsl,1365,1,36.5833,flydsl_hgemm_abf16_wbf16_bf16_t96x128x64x4_ks1_w2x2x1_bias0_ktail0_gm0_pft_gfx950,0.0,498.96,2128.21
gfx950,256,384,8704,4096,False,torch.bfloat16,torch.bfloat16,False,False,flydsl,50,1,40.1426,flydsl_hgemm_abf16_wbf16_bf16_t128x128x64x4_ks1_w4x4x1_bias0_ktail0_gm0_pft_gfx950,0.0,682.08,2021.13
gfx950,256,512,8704,4096,False,torch.bfloat16,torch.bfloat16,False,False,torch,0,0,50.7856,native,0.0,718.85,1662.09
gfx950,256,768,8704,4096,False,torch.bfloat16,torch.bfloat16,False,False,flydsl,201,1,66.3988,flydsl_hgemm_abf16_wbf16_bf16_t256x128x64x3_ks1_w4x2x2_bias0_ktail0_gm0_pft_gfx950,0.0049,824.73,1369.96
gfx950,256,1024,8704,4096,False,torch.bfloat16,torch.bfloat16,False,False,torch,0,0,75.8608,native,0.0,962.48,1285.48
gfx950,256,2048,8704,4096,False,torch.bfloat16,torch.bfloat16,False,False,torch,0,0,142.2919,native,0.0,1026.26,869.56
gfx950,256,4096,8704,4096,False,torch.bfloat16,torch.bfloat16,False,False,torch,0,0,240.9955,native,0.0,1211.88,730.97
gfx950,256,8192,8704,4096,False,torch.bfloat16,torch.bfloat16,False,False,asm,10,1,431.0857,_ZN5aiter24bf16gemm_bf16_tn_256x256E,0.0,1354.99,651.89
gfx950,256,1,10240,4096,False,torch.bfloat16,torch.bfloat16,False,False,flydsl,68,1,16.3895,flydsl_hgemm_abf16_wbf16_bf16_t16x16x128x4_ks1_w1x1x1_bias0_ktail0_gm0_pft_gfx950,0.0,5.12,5120.03
gfx950,256,2,10240,4096,False,torch.bfloat16,torch.bfloat16,False,False,flydsl,95,1,16.6912,flydsl_hgemm_abf16_wbf16_bf16_t16x16x256x2_ks1_w1x1x2_bias0_ktail0_gm4_pft_gfx950,0.0048,10.05,5029.2
gfx950,256,4,10240,4096,False,torch.bfloat16,torch.bfloat16,False,False,flydsl,95,1,16.8524,flydsl_hgemm_abf16_wbf16_bf16_t16x16x256x2_ks1_w1x1x2_bias0_ktail0_gm4_pft_gfx950,0.0052,19.91,4984.5
gfx950,256,8,10240,4096,False,torch.bfloat16,torch.bfloat16,False,False,flydsl,129,1,16.976,flydsl_hgemm_abf16_wbf16_bf16_t16x16x64x5_ks1_w1x1x1_bias0_ktail0_gm4_pft_gfx950,0.0,39.53,4954.96
gfx950,256,16,10240,4096,False,torch.bfloat16,torch.bfloat16,False,False,flydsl,95,1,17.3313,flydsl_hgemm_abf16_wbf16_bf16_t16x16x256x2_ks1_w1x1x2_bias0_ktail0_gm4_pft_gfx950,0.0049,77.44,4866.62
gfx950,256,32,10240,4096,False,torch.bfloat16,torch.bfloat16,False,False,flydsl,1506,4,19.0252,flydsl_hgemm_abf16_wbf16_bf16_t32x96x64x5_ks4_w2x2x1_bias0_ktail0_gm0_pft_gfx950,0.0117,141.09,4457.43
gfx950,256,48,10240,4096,False,torch.bfloat16,torch.bfloat16,False,False,flydsl,2880,4,20.5953,flydsl_hgemm_abf16_wbf16_bf16_t64x96x64x4_ks4_w2x2x1_bias0_ktail0_gm0_pft_gfx950,0.0115,195.51,4139.89
gfx950,256,64,10240,4096,False,torch.bfloat16,torch.bfloat16,False,False,flydsl,696,1,21.182,flydsl_hgemm_abf16_wbf16_bf16_t32x64x128x3_ks1_w1x2x1_bias0_ktail0_gm0_pft_gfx950,0.0,253.46,4046.88
gfx950,256,96,10240,4096,False,torch.bfloat16,torch.bfloat16,False,False,flydsl,1644,1,24.561,flydsl_hgemm_abf16_wbf16_bf16_t48x64x64x4_ks1_w1x1x2_bias0_ktail0_gm0_pft_gfx950,0.0048,327.88,3527.49
gfx950,256,128,10240,4096,False,torch.bfloat16,torch.bfloat16,False,False,flydsl,1979,1,27.2959,flydsl_hgemm_abf16_wbf16_bf16_t64x64x64x4_ks1_w2x1x1_bias0_ktail0_gm0_pft_gfx950,0.0,393.37,3207.66
gfx950,256,192,10240,4096,False,torch.bfloat16,torch.bfloat16,False,False,flydsl,1093,1,31.2094,flydsl_hgemm_abf16_wbf16_bf16_t64x128x128x3_ks1_w2x4x2_bias0_ktail0_gm0_pft_gfx950,0.0048,516.07,2864.24
gfx950,256,256,10240,4096,False,torch.bfloat16,torch.bfloat16,False,False,torch,0,0,34.3861,native,0.0,624.52,2652.99
gfx950,256,384,10240,4096,False,torch.bfloat16,torch.bfloat16,False,False,flydsl,49,1,40.8942,flydsl_hgemm_abf16_wbf16_bf16_t128x128x64x4_ks1_w4x2x2_bias0_ktail0_gm0_pft_gfx950,0.0049,787.7,2320.53
gfx950,256,512,10240,4096,False,torch.bfloat16,torch.bfloat16,False,False,torch,0,0,53.2297,native,0.0,806.87,1851.71
gfx950,256,768,10240,4096,False,torch.bfloat16,torch.bfloat16,False,False,flydsl,60,1,67.2263,flydsl_hgemm_abf16_wbf16_bf16_t128x256x64x2_ks1_w2x4x1_bias0_ktail0_gm0_pht_gfx950,0.0,958.32,1575.37
gfx950,256,1024,10240,4096,False,torch.bfloat16,torch.bfloat16,False,False,torch,0,0,82.1069,native,0.0,1046.19,1379.25
gfx950,256,2048,10240,4096,False,torch.bfloat16,torch.bfloat16,False,False,torch,0,0,152.1333,native,0.0,1129.26,937.38
gfx950,256,4096,10240,4096,False,torch.bfloat16,torch.bfloat16,False,False,flydsl,1,1,263.455,flydsl_hgemm_abf16_wbf16_bf16_t256x256x64x2_ks1_w2x4x1_bias0_ktail0_gm4_pht_gfx950,0.0,1304.2,764.18
gfx950,256,8192,10240,4096,False,torch.bfloat16,torch.bfloat16,False,False,torch,0,0,457.306,native,0.0,1502.7,697.05
gfx950,256,8,16,2048,False,torch.bfloat16,torch.bfloat16,False,False,skinny,2,0,3.8786,sol2,0.0,0.14,25.41
gfx950,256,196,37888,5120,False,torch.bfloat16,torch.bfloat16,False,False,torch,0,0,98.8649,native,0.0,769.16,4094.8
gfx950,256,198,37888,5120,False,torch.bfloat16,torch.bfloat16,False,False,torch,0,0,101.8476,native,0.0,754.25,3976.57
gfx950,256,203,37888,5120,False,torch.bfloat16,torch.bfloat16,False,False,torch,0,0,99.946,native,0.0,788.01,4056.53
gfx950,256,204,37888,5120,False,torch.bfloat16,torch.bfloat16,False,False,torch,0,0,99.2666,native,0.0,797.31,4085.16
gfx950,256,208,37888,5120,False,torch.bfloat16,torch.bfloat16,False,False,torch,0,0,100.2706,native,0.0,804.81,4047.69
gfx950,256,217,37888,5120,False,torch.bfloat16,torch.bfloat16,False,False,torch,0,0,102.1571,native,0.0,824.12,3980.52
gfx950,256,223,37888,5120,False,torch.bfloat16,torch.bfloat16,False,False,torch,0,0,103.1272,native,0.0,838.94,3948.08
gfx950,256,242,37888,5120,False,torch.bfloat16,torch.bfloat16,False,False,torch,0,0,107.5849,native,0.0,872.7,3799.69
gfx950,256,450,37888,5120,False,torch.bfloat16,torch.bfloat16,False,False,torch,0,0,173.1332,native,0.0,1008.4,2464.46
gfx950,256,451,37888,5120,False,torch.bfloat16,torch.bfloat16,False,False,torch,0,0,173.1725,native,0.0,1010.41,2464.4
gfx950,256,454,37888,5120,False,torch.bfloat16,torch.bfloat16,False,False,torch,0,0,174.3899,native,0.0,1010.03,2448.68
gfx950,256,465,37888,5120,False,torch.bfloat16,torch.bfloat16,False,False,torch,0,0,174.9116,native,0.0,1031.42,2446.78
gfx950,256,472,37888,5120,False,torch.bfloat16,torch.bfloat16,False,False,torch,0,0,178.496,native,0.0,1025.92,2401.02
gfx950,256,475,37888,5120,False,torch.bfloat16,torch.bfloat16,False,False,torch,0,0,176.5478,native,0.0,1043.84,2428.98
gfx950,256,484,37888,5120,False,torch.bfloat16,torch.bfloat16,False,False,torch,0,0,189.0678,native,0.0,993.18,2272.23
gfx950,256,491,37888,5120,False,torch.bfloat16,torch.bfloat16,False,False,torch,0,0,192.4852,native,0.0,989.66,2235.01
gfx950,256,497,37888,5120,False,torch.bfloat16,torch.bfloat16,False,False,torch,0,0,193.182,native,0.0,998.14,2229.62
gfx950,256,498,37888,5120,False,torch.bfloat16,torch.bfloat16,False,False,torch,0,0,196.8276,native,0.0,981.62,2188.76
gfx950,256,499,37888,5120,False,torch.bfloat16,torch.bfloat16,False,False,torch,0,0,191.3345,native,0.0,1011.83,2252.05
gfx950,256,500,37888,5120,False,torch.bfloat16,torch.bfloat16,False,False,torch,0,0,192.9984,native,0.0,1005.12,2233.08
gfx950,256,504,37888,5120,False,torch.bfloat16,torch.bfloat16,False,False,torch,0,0,193.0303,native,0.0,1012.99,2234.49
gfx950,256,506,37888,5120,False,torch.bfloat16,torch.bfloat16,False,False,torch,0,0,191.5912,native,0.0,1024.65,2252.18
gfx950,256,510,37888,5120,False,torch.bfloat16,torch.bfloat16,False,False,torch,0,0,198.1217,native,0.0,998.71,2179.68
gfx950,256,511,37888,5120,False,torch.bfloat16,torch.bfloat16,False,False,torch,0,0,194.9595,native,0.0,1016.9,2215.47
gfx950,256,512,37888,5120,False,torch.bfloat16,torch.bfloat16,False,False,torch,0,0,190.1071,native,0.0,1044.9,2272.47
gfx950,256,535,37888,5120,False,torch.bfloat16,torch.bfloat16,False,False,torch,0,0,197.0949,native,0.0,1053.13,2201.94
gfx950,256,541,37888,5120,False,torch.bfloat16,torch.bfloat16,False,False,torch,0,0,194.9863,native,0.0,1076.45,2228.4
gfx950,256,543,37888,5120,False,torch.bfloat16,torch.bfloat16,False,False,torch,0,0,197.2505,native,0.0,1068.03,2203.69
gfx950,256,549,37888,5120,False,torch.bfloat16,torch.bfloat16,False,False,torch,0,0,202.0451,native,0.0,1054.21,2153.95
gfx950,256,552,37888,5120,False,torch.bfloat16,torch.bfloat16,False,False,torch,0,0,202.2522,native,0.0,1058.88,2153.02
gfx950,256,555,37888,5120,False,torch.bfloat16,torch.bfloat16,False,False,torch,0,0,198.4694,native,0.0,1084.93,2195.36
gfx950,256,557,37888,5120,False,torch.bfloat16,torch.bfloat16,False,False,torch,0,0,198.9533,native,0.0,1086.19,2190.89
gfx950,256,562,37888,5120,False,torch.bfloat16,torch.bfloat16,False,False,torch,0,0,202.925,native,0.0,1074.49,2150.12
gfx950,256,568,37888,5120,False,torch.bfloat16,torch.bfloat16,False,False,torch,0,0,198.2273,native,0.0,1111.7,2203.68
gfx950,256,570,37888,5120,False,torch.bfloat16,torch.bfloat16,False,False,torch,0,0,198.5394,native,0.0,1113.86,2201.09
gfx950,256,571,37888,5120,False,torch.bfloat16,torch.bfloat16,False,False,torch,0,0,199.9142,native,0.0,1108.14,2186.38
gfx950,256,573,37888,5120,False,torch.bfloat16,torch.bfloat16,False,False,torch,0,0,204.8991,native,0.0,1084.97,2134.03
gfx950,256,574,37888,5120,False,torch.bfloat16,torch.bfloat16,False,False,torch,0,0,200.4664,native,0.0,1110.89,2181.64
gfx950,256,593,37888,5120,False,torch.bfloat16,torch.bfloat16,False,False,asm,10,1,220.4235,_ZN5aiter24bf16gemm_bf16_tn_256x256E,0.0,1043.75,1991.53
gfx950,256,594,37888,5120,False,torch.bfloat16,torch.bfloat16,False,False,asm,10,1,222.4923,_ZN5aiter24bf16gemm_bf16_tn_256x256E,0.0,1035.79,1973.4
gfx950,256,603,37888,5120,False,torch.bfloat16,torch.bfloat16,False,False,asm,10,1,218.3088,_ZN5aiter24bf16gemm_bf16_tn_256x256E,0.0,1071.64,2014.76
gfx950,256,630,37888,5120,False,torch.bfloat16,torch.bfloat16,False,False,torch,0,0,222.7632,native,0.0,1097.23,1984.9
gfx950,256,646,37888,5120,False,torch.bfloat16,torch.bfloat16,False,False,torch,0,0,223.3759,native,0.0,1122.01,1985.62
gfx950,256,654,37888,5120,False,torch.bfloat16,torch.bfloat16,False,False,torch,0,0,223.2083,native,0.0,1136.76,1990.19
gfx950,256,671,37888,5120,False,torch.bfloat16,torch.bfloat16,False,False,torch,0,0,224.1078,native,0.0,1161.63,1988.73
gfx950,256,718,37888,5120,False,torch.bfloat16,torch.bfloat16,False,False,asm,10,1,231.0899,_ZN5aiter24bf16gemm_bf16_tn_256x256E,0.0,1205.44,1946.14
gfx950,256,961,37888,5120,False,torch.bfloat16,torch.bfloat16,False,False,asm,10,1,328.1985,_ZN5aiter24bf16gemm_bf16_tn_256x256E,0.0,1136.03,1433.99
gfx950,256,972,37888,5120,False,torch.bfloat16,torch.bfloat16,False,False,asm,10,1,327.9232,_ZN5aiter24bf16gemm_bf16_tn_256x256E,0.0,1149.99,1438.08
gfx950,256,989,37888,5120,False,torch.bfloat16,torch.bfloat16,False,False,asm,10,1,330.817,_ZN5aiter24bf16gemm_bf16_tn_256x256E,0.0,1159.87,1429.92
gfx950,256,997,37888,5120,False,torch.bfloat16,torch.bfloat16,False,False,asm,10,1,327.7604,_ZN5aiter24bf16gemm_bf16_tn_256x256E,0.0,1180.16,1445.36
gfx950,256,998,37888,5120,False,torch.bfloat16,torch.bfloat16,False,False,asm,10,1,329.4208,_ZN5aiter24bf16gemm_bf16_tn_256x256E,0.0,1175.39,1438.33
gfx950,256,1000,37888,5120,False,torch.bfloat16,torch.bfloat16,False,False,asm,10,1,329.96,_ZN5aiter24bf16gemm_bf16_tn_256x256E,0.0,1175.82,1436.5
gfx950,256,1008,37888,5120,False,torch.bfloat16,torch.bfloat16,False,False,asm,10,1,329.8595,_ZN5aiter24bf16gemm_bf16_tn_256x256E,0.0,1185.59,1439.03
gfx950,256,1013,37888,5120,False,torch.bfloat16,torch.bfloat16,False,False,asm,10,1,328.7808,_ZN5aiter24bf16gemm_bf16_tn_256x256E,0.0049,1195.38,1445.06
gfx950,256,1016,37888,5120,False,torch.bfloat16,torch.bfloat16,False,False,asm,10,1,331.1322,_ZN5aiter24bf16gemm_bf16_tn_256x256E,0.0,1190.4,1435.58
gfx950,256,1,128,2880,True,torch.bfloat16,torch.bfloat16,False,False,flydsl,108,9,3.9077,flydsl_hgemm_abf16_wbf16_bf16_t16x32x64x5_ks9_w1x1x1_bias1_ktail0_gm0_pft_gfx950,0.0078,0.19,190.21
gfx950,256,2,128,2880,True,torch.bfloat16,torch.bfloat16,False,False,flydsl,110,9,3.7512,flydsl_hgemm_abf16_wbf16_bf16_t16x32x64x5_ks9_w1x2x1_bias1_ktail0_gm0_pft_gfx950,0.0117,0.39,199.75
gfx950,256,4,128,2880,True,torch.bfloat16,torch.bfloat16,False,False,flydsl,120,9,3.6905,flydsl_hgemm_abf16_wbf16_bf16_t16x32x64x6_ks9_w1x1x1_bias1_ktail0_gm0_pft_gfx950,0.0176,0.8,206.3
gfx950,256,8,128,2880,True,torch.bfloat16,torch.bfloat16,False,False,flydsl,120,9,3.752,flydsl_hgemm_abf16_wbf16_bf16_t16x32x64x6_ks9_w1x1x1_bias1_ktail0_gm0_pft_gfx950,0.0205,1.57,209.33
gfx950,256,16,128,2880,True,torch.bfloat16,torch.bfloat16,False,False,flydsl,120,9,3.8816,flydsl_hgemm_abf16_wbf16_bf16_t16x32x64x6_ks9_w1x1x1_bias1_ktail0_gm0_pft_gfx950,0.0156,3.04,214.74
gfx950,256,32,128,2880,True,torch.bfloat16,torch.bfloat16,False,False,flydsl,562,9,3.9661,flydsl_hgemm_abf16_wbf16_bf16_t32x32x64x6_ks9_w2x1x1_bias1_ktail0_gm0_pft_gfx950,0.0193,5.95,234.43
gfx950,256,48,128,2880,True,torch.bfloat16,torch.bfloat16,False,False,flydsl,1447,9,4.2739,flydsl_hgemm_abf16_wbf16_bf16_t64x32x64x5_ks9_w4x1x1_bias1_ktail0_gm0_pft_gfx950,0.0163,8.28,240.07
gfx950,256,64,128,2880,True,torch.bfloat16,torch.bfloat16,False,False,flydsl,593,9,4.4494,flydsl_hgemm_abf16_wbf16_bf16_t32x32x64x6_ks9_w2x2x1_bias1_ktail0_gm0_pft_gfx950,0.0173,10.61,252.24
gfx950,256,80,128,2880,True,torch.bfloat16,torch.bfloat16,False,False,flydsl,1878,9,4.6221,flydsl_hgemm_abf16_wbf16_bf16_t64x32x64x5_ks9_w4x1x1_bias1_ktail0_gm0_pft_gfx950,0.0182,12.76,263.64
gfx950,256,96,128,2880,True,torch.bfloat16,torch.bfloat16,False,False,flydsl,1958,9,4.6851,flydsl_hgemm_abf16_wbf16_bf16_t64x32x64x4_ks9_w2x2x1_bias1_ktail0_gm0_pft_gfx950,0.0166,15.11,280.64
gfx950,256,112,128,2880,True,torch.bfloat16,torch.bfloat16,False,False,flydsl,1878,9,4.9309,flydsl_hgemm_abf16_wbf16_bf16_t64x32x64x5_ks9_w4x1x1_bias1_ktail0_gm0_pft_gfx950,0.018,16.75,286.17
gfx950,256,128,128,2880,True,torch.bfloat16,torch.bfloat16,False,False,flydsl,2298,9,4.9983,flydsl_hgemm_abf16_wbf16_bf16_t64x64x64x5_ks9_w4x2x1_bias1_ktail0_gm0_pft_gfx950,0.0175,18.88,301.57
gfx950,256,192,128,2880,True,torch.bfloat16,torch.bfloat16,False,False,flydsl,2057,9,5.3708,flydsl_hgemm_abf16_wbf16_bf16_t64x32x64x5_ks9_w2x2x1_bias1_ktail0_gm0_pft_gfx950,0.0178,26.36,352.34
gfx950,256,256,128,2880,True,torch.bfloat16,torch.bfloat16,False,False,flydsl,1082,5,5.6556,flydsl_hgemm_abf16_wbf16_bf16_t32x32x64x8_ks5_w2x2x1_bias1_ktail0_gm0_pft_gfx950,0.0127,33.37,402.68
gfx950,256,320,128,2880,True,torch.bfloat16,torch.bfloat16,False,False,flydsl,1066,5,5.8545,flydsl_hgemm_abf16_wbf16_bf16_t32x32x64x8_ks5_w2x2x1_bias1_ktail0_gm0_pft_gfx950,0.0129,40.3,454.76
gfx950,256,512,128,2880,True,torch.bfloat16,torch.bfloat16,False,False,flydsl,961,3,6.9146,flydsl_hgemm_abf16_wbf16_bf16_t32x32x64x9_ks3_w2x2x1_bias1_ktail0_gm0_pft_gfx950,0.0094,54.59,552.09
gfx950,256,1024,128,2880,True,torch.bfloat16,torch.bfloat16,False,False,flydsl,1914,5,8.7303,flydsl_hgemm_abf16_wbf16_bf16_t64x64x64x6_ks5_w4x2x1_bias1_ktail0_gm0_pft_gfx950,0.0136,86.48,790.08
gfx950,256,2048,128,2880,True,torch.bfloat16,torch.bfloat16,False,False,flydsl,811,1,9.6051,flydsl_hgemm_abf16_wbf16_bf16_t32x32x64x8_ks1_w2x2x1_bias1_ktail0_gm4_pft_gfx950,0.0,157.2,1359.49
gfx950,256,4096,128,2880,True,torch.bfloat16,torch.bfloat16,False,False,flydsl,796,1,12.788,flydsl_hgemm_abf16_wbf16_bf16_t32x64x64x8_ks1_w2x2x1_bias1_ktail0_gm4_pft_gfx950,0.0,236.15,1984.58
gfx950,256,8192,128,2880,True,torch.bfloat16,torch.bfloat16,False,False,flydsl,1054,1,17.7975,flydsl_hgemm_abf16_wbf16_bf16_t64x64x64x6_ks1_w2x4x1_bias1_ktail0_gm4_pft_gfx950,0.0,339.36,2810.53
gfx950,256,16384,128,2880,True,torch.bfloat16,torch.bfloat16,False,False,flydsl,496,1,26.5764,flydsl_hgemm_abf16_wbf16_bf16_t64x128x64x4_ks1_w2x4x1_bias1_ktail0_gm4_pft_gfx950,0.0,454.52,3736.53
gfx950,256,1,640,2880,True,torch.bfloat16,torch.bfloat16,False,False,flydsl,195,9,5.3166,flydsl_hgemm_abf16_wbf16_bf16_t16x64x64x5_ks9_w1x1x1_bias1_ktail0_gm0_pft_gfx950,0.0125,0.69,694.7
gfx950,256,2,640,2880,True,torch.bfloat16,torch.bfloat16,False,False,flydsl,197,9,5.1046,flydsl_hgemm_abf16_wbf16_bf16_t16x64x64x5_ks9_w1x2x1_bias1_ktail0_gm0_pft_gfx950,0.018,1.44,724.93
gfx950,256,4,640,2880,True,torch.bfloat16,torch.bfloat16,False,False,flydsl,209,9,5.0845,flydsl_hgemm_abf16_wbf16_bf16_t16x64x64x6_ks9_w1x2x1_bias1_ktail0_gm0_pft_gfx950,0.0168,2.9,730.57
gfx950,256,8,640,2880,True,torch.bfloat16,torch.bfloat16,False,False,flydsl,209,9,5.1302,flydsl_hgemm_abf16_wbf16_bf16_t16x64x64x6_ks9_w1x2x1_bias1_ktail0_gm0_pft_gfx950,0.0154,5.75,729.55
gfx950,256,16,640,2880,True,torch.bfloat16,torch.bfloat16,False,False,flydsl,140,5,5.4133,flydsl_hgemm_abf16_wbf16_bf16_t16x32x64x8_ks5_w1x2x1_bias1_ktail0_gm0_pft_gfx950,0.0136,10.9,701.8
gfx950,256,32,640,2880,True,torch.bfloat16,torch.bfloat16,False,False,flydsl,114,5,5.5599,flydsl_hgemm_abf16_wbf16_bf16_t16x32x64x6_ks5_w1x2x1_bias1_ktail0_gm0_pft_gfx950,0.0131,21.22,703.55
gfx950,256,48,640,2880,True,torch.bfloat16,torch.bfloat16,False,False,flydsl,594,5,5.8544,flydsl_hgemm_abf16_wbf16_bf16_t32x32x64x7_ks5_w2x2x1_bias1_ktail0_gm0_pft_gfx950,0.0137,30.22,687.4
gfx950,256,64,640,2880,True,torch.bfloat16,torch.bfloat16,False,False,flydsl,579,5,6.1542,flydsl_hgemm_abf16_wbf16_bf16_t32x32x64x7_ks5_w1x2x1_bias1_ktail0_gm0_pft_gfx950,0.0131,38.34,672.22
gfx950,256,80,640,2880,True,torch.bfloat16,torch.bfloat16,False,False,flydsl,1964,5,6.6637,flydsl_hgemm_abf16_wbf16_bf16_t64x32x64x6_ks5_w4x1x1_bias1_ktail0_gm0_pft_gfx950,0.0131,44.26,637.72
gfx950,256,96,640,2880,True,torch.bfloat16,torch.bfloat16,False,False,flydsl,2040,5,6.7293,flydsl_hgemm_abf16_wbf16_bf16_t64x32x64x6_ks5_w4x1x1_bias1_ktail0_gm0_pft_gfx950,0.0133,52.59,648.25
gfx950,256,112,640,2880,True,torch.bfloat16,torch.bfloat16,False,False,flydsl,949,3,6.8841,flydsl_hgemm_abf16_wbf16_bf16_t32x32x64x8_ks3_w2x2x1_bias1_ktail0_gm0_pft_gfx950,0.0089,59.98,650.03
gfx950,256,128,640,2880,True,torch.bfloat16,torch.bfloat16,False,False,flydsl,970,3,7.0579,flydsl_hgemm_abf16_wbf16_bf16_t32x32x64x9_ks3_w2x2x1_bias1_ktail0_gm0_pft_gfx950,0.0089,66.86,649.98
gfx950,256,256,640,2880,True,torch.bfloat16,torch.bfloat16,False,False,flydsl,943,3,8.6895,flydsl_hgemm_abf16_wbf16_bf16_t32x32x64x8_ks3_w2x1x1_bias1_ktail0_gm0_pft_gfx950,0.0091,108.6,631.64
gfx950,256,1,2560,2880,True,torch.bfloat16,torch.bfloat16,False,False,flydsl,109,3,6.4835,flydsl_hgemm_abf16_wbf16_bf16_t16x32x64x8_ks3_w1x2x1_bias1_ktail0_gm0_pft_gfx950,0.0094,2.27,2276.01
gfx950,256,2,2560,2880,True,torch.bfloat16,torch.bfloat16,False,False,flydsl,178,5,6.4942,flydsl_hgemm_abf16_wbf16_bf16_t16x64x64x6_ks5_w1x2x1_bias1_ktail0_gm0_pft_gfx950,0.0129,4.54,2273.93
gfx950,256,4,2560,2880,True,torch.bfloat16,torch.bfloat16,False,False,flydsl,178,5,6.4551,flydsl_hgemm_abf16_wbf16_bf16_t16x64x64x6_ks5_w1x2x1_bias1_ktail0_gm0_pft_gfx950,0.0143,9.14,2291.08
gfx950,256,8,2560,2880,True,torch.bfloat16,torch.bfloat16,False,False,flydsl,199,5,6.6124,flydsl_hgemm_abf16_wbf16_bf16_t16x64x64x8_ks5_w1x2x1_bias1_ktail0_gm0_pft_gfx950,0.013,17.84,2243.16
gfx950,256,16,2560,2880,True,torch.bfloat16,torch.bfloat16,False,False,flydsl,178,5,6.9956,flydsl_hgemm_abf16_wbf16_bf16_t16x64x64x6_ks5_w1x2x1_bias1_ktail0_gm0_pft_gfx950,0.0128,33.73,2132.72
gfx950,256,32,2560,2880,True,torch.bfloat16,torch.bfloat16,False,False,flydsl,528,3,7.4591,flydsl_hgemm_abf16_wbf16_bf16_t32x32x64x9_ks3_w2x2x1_bias1_ktail0_gm0_pft_gfx950,0.0089,63.26,2023.54
gfx950,256,48,2560,2880,True,torch.bfloat16,torch.bfloat16,False,False,flydsl,1367,3,8.5255,flydsl_hgemm_abf16_wbf16_bf16_t64x32x64x8_ks3_w4x1x1_bias1_ktail0_gm0_pft_gfx950,0.0093,83.02,1790.84
gfx950,256,64,2560,2880,True,torch.bfloat16,torch.bfloat16,False,False,flydsl,416,3,8.9858,flydsl_hgemm_abf16_wbf16_bf16_t32x32x64x7_ks3_w2x1x1_bias1_ktail0_gm0_pft_gfx950,0.0092,105.02,1718.48
gfx950,256,80,2560,2880,True,torch.bfloat16,torch.bfloat16,False,False,flydsl,811,1,8.962,flydsl_hgemm_abf16_wbf16_bf16_t32x32x64x8_ks1_w2x2x1_bias1_ktail0_gm0_pft_gfx950,0.0,131.63,1742.47
gfx950,256,96,2560,2880,True,torch.bfloat16,torch.bfloat16,False,False,flydsl,813,1,9.6751,flydsl_hgemm_abf16_wbf16_bf16_t32x32x64x7_ks1_w2x2x1_bias1_ktail0_gm0_pft_gfx950,0.0,146.31,1632.03
gfx950,256,112,2560,2880,True,torch.bfloat16,torch.bfloat16,False,False,flydsl,766,1,10.7531,flydsl_hgemm_abf16_wbf16_bf16_t32x32x64x8_ks1_w1x2x1_bias1_ktail0_gm0_pft_gfx950,0.0,153.58,1484.61
gfx950,256,128,2560,2880,True,torch.bfloat16,torch.bfloat16,False,False,flydsl,766,1,10.6867,flydsl_hgemm_abf16_wbf16_bf16_t32x32x64x8_ks1_w1x2x1_bias1_ktail0_gm0_pft_gfx950,0.0,176.62,1510.12
gfx950,256,256,2560,2880,True,torch.bfloat16,torch.bfloat16,False,False,flydsl,1248,1,13.8916,flydsl_hgemm_abf16_wbf16_bf16_t64x32x64x5_ks1_w4x1x1_bias1_ktail0_gm0_pft_gfx950,0.0,271.74,1261.98
gfx950,256,1,2880,512,True,torch.bfloat16,torch.bfloat16,False,False,flydsl,53,1,3.9631,flydsl_hgemm_abf16_wbf16_bf16_t16x32x128x4_ks1_w1x1x2_bias1_ktail0_gm0_pft_gfx950,0.0003,0.74,745.86
gfx950,256,2,2880,512,True,torch.bfloat16,torch.bfloat16,False,False,flydsl,8,1,3.7226,flydsl_hgemm_abf16_wbf16_bf16_t16x16x128x5_ks1_w1x1x1_bias1_ktail0_gm0_pft_gfx950,0.0,1.58,795.87
gfx950,256,4,2880,512,True,torch.bfloat16,torch.bfloat16,False,False,triton,0,0,3.717,auto,0.0,3.17,800.71
gfx950,256,8,2880,512,True,torch.bfloat16,torch.bfloat16,False,False,triton,0,0,3.6402,auto,0.0,6.48,825.06
gfx950,256,16,2880,512,True,torch.bfloat16,torch.bfloat16,False,False,triton,0,0,3.0102,auto,0.0,15.68,1015.77
gfx950,256,32,2880,512,True,torch.bfloat16,torch.bfloat16,False,False,triton,0,0,3.6734,auto,0.0,25.69,861.93
gfx950,256,48,2880,512,True,torch.bfloat16,torch.bfloat16,False,False,flydsl,613,1,4.2519,flydsl_hgemm_abf16_wbf16_bf16_t32x32x64x8_ks1_w2x2x1_bias1_ktail0_gm0_pft_gfx950,0.0,33.29,770.19
gfx950,256,64,2880,512,True,torch.bfloat16,torch.bfloat16,False,False,triton,0,0,3.8765,auto,0.0,48.69,872.77
gfx950,256,80,2880,512,True,torch.bfloat16,torch.bfloat16,False,False,flydsl,1009,1,4.618,flydsl_hgemm_abf16_wbf16_bf16_t32x64x64x5_ks1_w1x4x1_bias1_ktail0_gm0_pft_gfx950,0.0,51.09,756.14
gfx950,256,96,2880,512,True,torch.bfloat16,torch.bfloat16,False,False,flydsl,1086,1,4.7335,flydsl_hgemm_abf16_wbf16_bf16_t32x64x64x5_ks1_w1x4x1_bias1_ktail0_gm0_pft_gfx950,0.0,59.81,760.62
gfx950,256,112,2880,512,True,torch.bfloat16,torch.bfloat16,False,False,flydsl,2011,1,4.8558,flydsl_hgemm_abf16_wbf16_bf16_t64x32x64x5_ks1_w2x2x1_bias1_ktail0_gm0_pft_gfx950,0.0,68.02,763.81
gfx950,256,128,2880,512,True,torch.bfloat16,torch.bfloat16,False,False,triton,0,0,4.4398,auto,0.0,85.02,859.83
gfx950,256,256,2880,512,True,torch.bfloat16,torch.bfloat16,False,False,triton,0,0,5.4214,auto,0.0,139.26,864.32
gfx950,256,1,2880,2048,True,torch.bfloat16,torch.bfloat16,False,False,flydsl,34,1,5.9581,flydsl_hgemm_abf16_wbf16_bf16_t16x16x256x5_ks1_w1x1x2_bias1_ktail0_gm0_pft_gfx950,0.0028,1.98,1981.56
gfx950,256,2,2880,2048,True,torch.bfloat16,torch.bfloat16,False,False,flydsl,31,1,6.077,flydsl_hgemm_abf16_wbf16_bf16_t16x16x256x4_ks1_w1x1x2_bias1_ktail0_gm0_pft_gfx950,0.0016,3.88,1944.41
gfx950,256,4,2880,2048,True,torch.bfloat16,torch.bfloat16,False,False,flydsl,108,1,6.1123,flydsl_hgemm_abf16_wbf16_bf16_t16x16x256x5_ks1_w1x1x2_bias1_ktail0_gm0_pft_gfx950,0.0034,7.72,1936.41
gfx950,256,8,2880,2048,True,torch.bfloat16,torch.bfloat16,False,False,flydsl,108,1,6.2274,flydsl_hgemm_abf16_wbf16_bf16_t16x16x256x5_ks1_w1x1x2_bias1_ktail0_gm0_pft_gfx950,0.0038,15.15,1906.95
gfx950,256,16,2880,2048,True,torch.bfloat16,torch.bfloat16,False,False,triton,0,0,5.7456,auto,0.0,32.85,2080.58
gfx950,256,32,2880,2048,True,torch.bfloat16,torch.bfloat16,False,False,flydsl,189,1,7.005,flydsl_hgemm_abf16_wbf16_bf16_t16x32x128x5_ks1_w1x2x1_bias1_ktail0_gm0_pft_gfx950,0.0,53.89,1729.03
gfx950,256,48,2880,2048,True,torch.bfloat16,torch.bfloat16,False,False,flydsl,78,1,7.5297,flydsl_hgemm_abf16_wbf16_bf16_t16x16x128x4_ks1_w1x1x1_bias1_ktail0_gm0_pft_gfx950,0.0,75.2,1629.49
gfx950,256,64,2880,2048,True,torch.bfloat16,torch.bfloat16,False,False,flydsl,893,1,7.9247,flydsl_hgemm_abf16_wbf16_bf16_t32x32x128x4_ks1_w2x2x1_bias1_ktail0_gm0_pft_gfx950,0.0,95.27,1568.17
gfx950,256,80,2880,2048,True,torch.bfloat16,torch.bfloat16,False,False,flydsl,1950,1,8.5096,flydsl_hgemm_abf16_wbf16_bf16_t48x32x128x4_ks1_w1x2x2_bias1_ktail0_gm0_pft_gfx950,0.0034,110.9,1478.91
gfx950,256,96,2880,2048,True,torch.bfloat16,torch.bfloat16,False,False,flydsl,2012,1,8.9238,flydsl_hgemm_abf16_wbf16_bf16_t48x32x128x4_ks1_w1x2x2_bias1_ktail0_gm0_pft_gfx950,0.0034,126.9,1427.94
gfx950,256,112,2880,2048,True,torch.bfloat16,torch.bfloat16,False,False,flydsl,2761,1,9.4816,flydsl_hgemm_abf16_wbf16_bf16_t64x32x128x4_ks1_w2x1x2_bias1_ktail0_gm0_pft_gfx950,0.0034,139.34,1360.57
gfx950,256,128,2880,2048,True,torch.bfloat16,torch.bfloat16,False,False,flydsl,2888,1,9.7201,flydsl_hgemm_abf16_wbf16_bf16_t64x32x128x4_ks1_w4x1x1_bias1_ktail0_gm0_pft_gfx950,0.0,155.34,1343.41
gfx950,256,256,2880,2048,True,torch.bfloat16,torch.bfloat16,False,False,flydsl,2765,1,12.0538,flydsl_hgemm_abf16_wbf16_bf16_t64x64x64x5_ks1_w2x4x1_bias1_ktail0_gm0_pft_gfx950,0.0,250.54,1187.98
gfx950,256,1,2880,4096,True,torch.bfloat16,torch.bfloat16,False,False,flydsl,555,8,7.8818,flydsl_hgemm_abf16_wbf16_bf16_t16x96x64x5_ks8_w1x2x1_bias1_ktail0_gm0_pft_gfx950,0.0219,2.99,2995.12
gfx950,256,2,2880,4096,True,torch.bfloat16,torch.bfloat16,False,False,flydsl,555,8,7.9263,flydsl_hgemm_abf16_wbf16_bf16_t16x96x64x5_ks8_w1x2x1_bias1_ktail0_gm0_pft_gfx950,0.0191,5.95,2980.06
gfx950,256,4,2880,4096,True,torch.bfloat16,torch.bfloat16,False,False,flydsl,404,4,7.8745,flydsl_hgemm_abf16_wbf16_bf16_t16x64x128x5_ks4_w1x2x1_bias1_ktail0_gm0_pft_gfx950,0.0131,11.98,3003.21
gfx950,256,8,2880,4096,True,torch.bfloat16,torch.bfloat16,False,False,flydsl,386,4,8.0486,flydsl_hgemm_abf16_wbf16_bf16_t16x64x128x4_ks4_w1x4x1_bias1_ktail0_gm0_pft_gfx950,0.0131,23.45,2945.18
gfx950,256,16,2880,4096,True,torch.bfloat16,torch.bfloat16,False,False,flydsl,390,4,8.4351,flydsl_hgemm_abf16_wbf16_bf16_t16x64x128x4_ks4_w1x4x1_bias1_ktail0_gm0_pft_gfx950,0.0133,44.75,2823.46
gfx950,256,32,2880,4096,True,torch.bfloat16,torch.bfloat16,False,False,flydsl,1485,4,9.3524,flydsl_hgemm_abf16_wbf16_bf16_t32x64x128x4_ks4_w2x2x1_bias1_ktail0_gm0_pft_gfx950,0.0132,80.73,2570.4
gfx950,256,48,2880,4096,True,torch.bfloat16,torch.bfloat16,False,False,flydsl,3719,4,10.2166,flydsl_hgemm_abf16_wbf16_bf16_t64x64x64x7_ks4_w4x2x1_bias1_ktail0_gm0_pft_gfx950,0.0132,110.85,2374.83
gfx950,256,64,2880,4096,True,torch.bfloat16,torch.bfloat16,False,False,flydsl,3620,4,11.2214,flydsl_hgemm_abf16_wbf16_bf16_t64x64x64x6_ks4_w4x2x1_bias1_ktail0_gm0_pft_gfx950,0.0131,134.56,2182.07
gfx950,256,80,2880,4096,True,torch.bfloat16,torch.bfloat16,False,False,flydsl,3635,4,12.6401,flydsl_hgemm_abf16_wbf16_bf16_t96x64x128x3_ks4_w2x2x2_bias1_ktail0_gm0_pft_gfx950,0.0202,149.32,1954.82
gfx950,256,96,2880,4096,True,torch.bfloat16,torch.bfloat16,False,False,flydsl,4021,4,13.4578,flydsl_hgemm_abf16_wbf16_bf16_t96x64x128x3_ks4_w2x2x2_bias1_ktail0_gm0_pft_gfx950,0.0201,168.3,1852.63
gfx950,256,112,2880,4096,True,torch.bfloat16,torch.bfloat16,False,False,flydsl,3447,2,14.2545,flydsl_hgemm_abf16_wbf16_bf16_t64x64x64x6_ks2_w4x2x1_bias1_ktail0_gm0_pft_gfx950,0.0067,185.37,1764.75
gfx950,256,128,2880,4096,True,torch.bfloat16,torch.bfloat16,False,False,flydsl,3571,2,14.8665,flydsl_hgemm_abf16_wbf16_bf16_t64x64x64x6_ks2_w4x2x1_bias1_ktail0_gm0_pft_gfx950,0.0067,203.13,1707.11
gfx950,256,192,2880,4096,True,torch.bfloat16,torch.bfloat16,False,False,flydsl,3074,2,18.4618,flydsl_hgemm_abf16_wbf16_bf16_t96x64x128x3_ks2_w2x2x2_bias1_ktail0_gm0_pft_gfx950,0.0138,245.36,1423.03
gfx950,256,256,2880,4096,True,torch.bfloat16,torch.bfloat16,False,False,triton,0,0,20.523,auto,0.0,294.29,1323.62
gfx950,256,320,2880,4096,True,torch.bfloat16,torch.bfloat16,False,False,flydsl,1971,1,22.5042,flydsl_hgemm_abf16_wbf16_bf16_t64x64x64x5_ks1_w1x4x1_bias1_ktail0_gm0_pft_gfx950,0.0,335.48,1246.77
gfx950,256,512,2880,4096,True,torch.bfloat16,torch.bfloat16,False,False,flydsl,2063,1,25.3644,flydsl_hgemm_abf16_wbf16_bf16_t64x96x128x3_ks1_w2x2x2_bias1_ktail0_gm0_pft_gfx950,0.0049,476.24,1211.79
gfx950,256,1024,2880,4096,True,torch.bfloat16,torch.bfloat16,False,False,flydsl,328,1,36.7809,flydsl_hgemm_abf16_wbf16_bf16_t128x96x64x4_ks1_w2x2x1_bias1_ktail0_gm0_pft_gfx950,0.0,656.84,1029.88
gfx950,256,2048,2880,4096,True,torch.bfloat16,torch.bfloat16,False,False,torch,0,0,61.2613,native,0.0,788.73,851.54
gfx950,256,4096,2880,4096,True,torch.bfloat16,torch.bfloat16,False,False,torch,0,0,93.2769,native,0.0,1036.02,865.6
gfx950,256,8192,2880,4096,True,torch.bfloat16,torch.bfloat16,False,False,torch,0,0,171.1534,native,0.0,1129.24,805.64
gfx950,256,16384,2880,4096,True,torch.bfloat16,torch.bfloat16,False,False,torch,0,0,301.2366,native,0.0,1283.2,837.16
gfx950,256,1,5120,2880,True,torch.bfloat16,torch.bfloat16,False,False,flydsl,105,3,8.3709,flydsl_hgemm_abf16_wbf16_bf16_t16x32x64x9_ks3_w1x2x1_bias1_ktail0_gm0_pft_gfx950,0.0092,3.52,3524.97
gfx950,256,2,5120,2880,True,torch.bfloat16,torch.bfloat16,False,False,flydsl,99,3,8.2351,flydsl_hgemm_abf16_wbf16_bf16_t16x32x64x8_ks3_w1x2x1_bias1_ktail0_gm0_pft_gfx950,0.0089,7.16,3585.04
gfx950,256,4,5120,2880,True,torch.bfloat16,torch.bfloat16,False,False,flydsl,99,3,8.387,flydsl_hgemm_abf16_wbf16_bf16_t16x32x64x8_ks3_w1x2x1_bias1_ktail0_gm0_pft_gfx950,0.0087,14.07,3523.93
gfx950,256,8,5120,2880,True,torch.bfloat16,torch.bfloat16,False,False,flydsl,103,3,8.4756,flydsl_hgemm_abf16_wbf16_bf16_t16x32x64x9_ks3_w1x1x1_bias1_ktail0_gm0_pft_gfx950,0.0093,27.84,3494.64
gfx950,256,16,5120,2880,True,torch.bfloat16,torch.bfloat16,False,False,flydsl,85,3,8.8891,flydsl_hgemm_abf16_wbf16_bf16_t16x32x64x6_ks3_w1x1x1_bias1_ktail0_gm0_pft_gfx950,0.0096,53.08,3346.48
gfx950,256,32,5120,2880,True,torch.bfloat16,torch.bfloat16,False,False,flydsl,93,1,9.6796,flydsl_hgemm_abf16_wbf16_bf16_t16x32x64x8_ks1_w1x2x1_bias1_ktail0_gm0_pft_gfx950,0.0,97.5,3099.63
gfx950,256,48,5120,2880,True,torch.bfloat16,torch.bfloat16,False,False,flydsl,399,1,10.7303,flydsl_hgemm_abf16_wbf16_bf16_t32x32x64x8_ks1_w2x1x1_bias1_ktail0_gm0_pft_gfx950,0.0,131.92,2819.98
gfx950,256,64,5120,2880,True,torch.bfloat16,torch.bfloat16,False,False,flydsl,374,1,11.2633,flydsl_hgemm_abf16_wbf16_bf16_t32x32x64x9_ks1_w2x1x1_bias1_ktail0_gm0_pft_gfx950,0.0,167.57,2709.26
gfx950,256,80,5120,2880,True,torch.bfloat16,torch.bfloat16,False,False,flydsl,758,1,12.8196,flydsl_hgemm_abf16_wbf16_bf16_t32x64x64x6_ks1_w1x4x1_bias1_ktail0_gm0_pft_gfx950,0.0,184.04,2400.32
gfx950,256,96,5120,2880,True,torch.bfloat16,torch.bfloat16,False,False,flydsl,808,1,13.3123,flydsl_hgemm_abf16_wbf16_bf16_t32x64x64x8_ks1_w2x2x1_bias1_ktail0_gm0_pft_gfx950,0.0,212.67,2330.72
gfx950,256,112,5120,2880,True,torch.bfloat16,torch.bfloat16,False,False,flydsl,1167,1,13.9087,flydsl_hgemm_abf16_wbf16_bf16_t64x32x64x5_ks1_w4x1x1_bias1_ktail0_gm0_pft_gfx950,0.0,237.48,2249.18
gfx950,256,128,5120,2880,True,torch.bfloat16,torch.bfloat16,False,False,flydsl,1185,1,13.8837,flydsl_hgemm_abf16_wbf16_bf16_t64x32x64x6_ks1_w2x1x1_bias1_ktail0_gm0_pft_gfx950,0.0,271.89,2271.67
gfx950,256,192,5120,2880,True,torch.bfloat16,torch.bfloat16,False,False,flydsl,1240,1,16.2134,flydsl_hgemm_abf16_wbf16_bf16_t64x64x64x5_ks1_w2x4x1_bias1_ktail0_gm0_pft_gfx950,0.0,349.24,2008.41
gfx950,256,256,5120,2880,True,torch.bfloat16,torch.bfloat16,False,False,flydsl,1017,1,18.1285,flydsl_hgemm_abf16_wbf16_bf16_t64x64x64x5_ks1_w2x1x1_bias1_ktail0_gm0_pft_gfx950,0.0,416.46,1852.73
gfx950,256,320,5120,2880,True,torch.bfloat16,torch.bfloat16,False,False,flydsl,208,1,21.134,flydsl_hgemm_abf16_wbf16_bf16_t128x64x64x5_ks1_w4x2x1_bias1_ktail0_gm0_pft_gfx950,0.0,446.54,1637.7
gfx950,256,512,5120,2880,True,torch.bfloat16,torch.bfloat16,False,False,flydsl,140,1,26.4647,flydsl_hgemm_abf16_wbf16_bf16_t128x64x64x3_ks1_w2x2x1_bias1_ktail0_gm0_pft_gfx950,0.0,570.55,1423.9
gfx950,256,1024,5120,2880,True,torch.bfloat16,torch.bfloat16,False,False,torch,0,0,38.6487,native,0.0,781.37,1186.98
gfx950,256,2048,5120,2880,True,torch.bfloat16,torch.bfloat16,False,False,torch,0,0,60.4429,native,0.0,999.26,1030.05
gfx950,256,4096,5120,2880,True,torch.bfloat16,torch.bfloat16,False,False,torch,0,0,134.3794,native,0.0,898.92,707.16
gfx950,256,8192,5120,2880,True,torch.bfloat16,torch.bfloat16,False,False,torch,0,0,193.413,native,0.0,1249.1,830.16
gfx950,256,16384,5120,2880,True,torch.bfloat16,torch.bfloat16,False,False,torch,0,0,337.1908,native,0.0,1432.97,864.9
gfx950,256,1,201088,2880,False,torch.bfloat16,torch.bfloat16,False,False,torch,0,0,175.0245,native,0.0,6.62,6620.07
gfx950,256,2,201088,2880,False,torch.bfloat16,torch.bfloat16,False,False,torch,0,0,184.8072,native,0.0,12.53,6271.85
gfx950,256,4,201088,2880,False,torch.bfloat16,torch.bfloat16,False,False,torch,0,0,183.5519,native,0.0,25.24,6319.19
gfx950,256,8,201088,2880,False,torch.bfloat16,torch.bfloat16,False,False,torch,0,0,180.4239,native,0.0,51.36,6437.79
gfx950,256,16,201088,2880,False,torch.bfloat16,torch.bfloat16,False,False,torch,0,0,170.779,native,0.0,108.52,6820.47
gfx950,256,32,201088,2880,False,torch.bfloat16,torch.bfloat16,False,False,torch,0,0,177.8338,native,0.0,208.42,6586.6
gfx950,256,64,201088,2880,False,torch.bfloat16,torch.bfloat16,False,False,torch,0,0,191.3972,native,0.0,387.3,6188.05
gfx950,256,128,201088,2880,False,torch.bfloat16,torch.bfloat16,False,False,torch,0,0,197.1678,native,0.0,751.94,6139.35
gfx950,256,192,201088,2880,False,torch.bfloat16,torch.bfloat16,False,False,torch,0,0,301.6296,native,0.0,737.29,4099.7
gfx950,256,256,201088,2880,False,torch.bfloat16,torch.bfloat16,False,False,torch,0,0,314.2339,native,0.0,943.62,4018.34
gfx950,256,320,201088,2880,False,torch.bfloat16,torch.bfloat16,False,False,torch,0,0,424.1063,native,0.0,873.94,3038.88
gfx950,256,512,201088,2880,False,torch.bfloat16,torch.bfloat16,False,False,torch,0,0,540.1801,native,0.0,1097.84,2530.88
gfx950,256,1024,201088,2880,False,torch.bfloat16,torch.bfloat16,False,False,torch,0,0,917.3596,native,0.0,1292.91,1717.97
gfx950,256,2048,201088,2880,False,torch.bfloat16,torch.bfloat16,False,False,flydsl,1,1,2286.3228,flydsl_hgemm_abf16_wbf16_bf16_t128x128x64x2_ks1_w2x2x1_bias0_ktail0_gm4_pft_gfx950,0.0,1037.53,872.02
gfx950,256,4096,201088,2880,False,torch.bfloat16,torch.bfloat16,False,False,torch,0,0,3438.546,native,0.0,1379.73,822.78
gfx950,256,8192,201088,2880,False,torch.bfloat16,torch.bfloat16,False,False,torch,0,0,6800.5377,native,0.0,1395.26,661.72
gfx950,256,16384,201088,2880,False,torch.bfloat16,torch.bfloat16,False,False,torch,0,0,14144.383,native,0.0,1341.67,554.42
gfx1250,256,1,128,2880,True,torch.bfloat16,torch.bfloat16,False,False,triton,0,0,0.0,auto,0.0,0.0,0.0
gfx1250,256,2,128,2880,True,torch.bfloat16,torch.bfloat16,False,False,triton,0,0,0.0,auto,0.0,0.0,0.0
gfx1250,256,4,128,2880,True,torch.bfloat16,torch.bfloat16,False,False,triton,0,0,0.0,auto,0.0,0.0,0.0
gfx1250,256,8,128,2880,True,torch.bfloat16,torch.bfloat16,False,False,triton,0,0,0.0,auto,0.0,0.0,0.0
gfx1250,256,16,128,2880,True,torch.bfloat16,torch.bfloat16,False,False,triton,0,0,0.0,auto,0.0,0.0,0.0
gfx1250,256,32,128,2880,True,torch.bfloat16,torch.bfloat16,False,False,triton,0,0,0.0,auto,0.0,0.0,0.0
gfx1250,256,48,128,2880,True,torch.bfloat16,torch.bfloat16,False,False,triton,0,0,0.0,auto,0.0,0.0,0.0
gfx1250,256,64,128,2880,True,torch.bfloat16,torch.bfloat16,False,False,triton,0,0,0.0,auto,0.0,0.0,0.0
gfx1250,256,128,128,2880,True,torch.bfloat16,torch.bfloat16,False,False,triton,0,0,0.0,auto,0.0,0.0,0.0
gfx1250,256,256,128,2880,True,torch.bfloat16,torch.bfloat16,False,False,triton,0,0,0.0,auto,0.0,0.0,0.0
gfx1250,256,512,128,2880,True,torch.bfloat16,torch.bfloat16,False,False,triton,0,0,0.0,auto,0.0,0.0,0.0
gfx1250,256,1024,128,2880,True,torch.bfloat16,torch.bfloat16,False,False,triton,0,0,0.0,auto,0.0,0.0,0.0
gfx1250,256,2048,128,2880,True,torch.bfloat16,torch.bfloat16,False,False,triton,0,0,0.0,auto,0.0,0.0,0.0
gfx1250,256,4096,128,2880,True,torch.bfloat16,torch.bfloat16,False,False,triton,0,0,0.0,auto,0.0,0.0,0.0
gfx1250,256,8192,128,2880,True,torch.bfloat16,torch.bfloat16,False,False,triton,0,0,0.0,auto,0.0,0.0,0.0
gfx1250,256,16384,128,2880,True,torch.bfloat16,torch.bfloat16,False,False,triton,0,0,0.0,auto,0.0,0.0,0.0
gfx1250,256,1,2880,4096,True,torch.bfloat16,torch.bfloat16,False,False,triton,0,0,0.0,auto,0.0,0.0,0.0
gfx1250,256,2,2880,4096,True,torch.bfloat16,torch.bfloat16,False,False,triton,0,0,0.0,auto,0.0,0.0,0.0
gfx1250,256,4,2880,4096,True,torch.bfloat16,torch.bfloat16,False,False,triton,0,0,0.0,auto,0.0,0.0,0.0
gfx1250,256,8,2880,4096,True,torch.bfloat16,torch.bfloat16,False,False,triton,0,0,0.0,auto,0.0,0.0,0.0
gfx1250,256,16,2880,4096,True,torch.bfloat16,torch.bfloat16,False,False,triton,0,0,0.0,auto,0.0,0.0,0.0
gfx1250,256,32,2880,4096,True,torch.bfloat16,torch.bfloat16,False,False,triton,0,0,0.0,auto,0.0,0.0,0.0
gfx1250,256,48,2880,4096,True,torch.bfloat16,torch.bfloat16,False,False,triton,0,0,0.0,auto,0.0,0.0,0.0
gfx1250,256,64,2880,4096,True,torch.bfloat16,torch.bfloat16,False,False,triton,0,0,0.0,auto,0.0,0.0,0.0
gfx1250,256,128,2880,4096,True,torch.bfloat16,torch.bfloat16,False,False,triton,0,0,0.0,auto,0.0,0.0,0.0
gfx1250,256,256,2880,4096,True,torch.bfloat16,torch.bfloat16,False,False,triton,0,0,0.0,auto,0.0,0.0,0.0
gfx1250,256,512,2880,4096,True,torch.bfloat16,torch.bfloat16,False,False,triton,0,0,0.0,auto,0.0,0.0,0.0
gfx1250,256,1024,2880,4096,True,torch.bfloat16,torch.bfloat16,False,False,triton,0,0,0.0,auto,0.0,0.0,0.0
gfx1250,256,2048,2880,4096,True,torch.bfloat16,torch.bfloat16,False,False,triton,0,0,0.0,auto,0.0,0.0,0.0
gfx1250,256,4096,2880,4096,True,torch.bfloat16,torch.bfloat16,False,False,triton,0,0,0.0,auto,0.0,0.0,0.0
gfx1250,256,8192,2880,4096,True,torch.bfloat16,torch.bfloat16,False,False,triton,0,0,0.0,auto,0.0,0.0,0.0
gfx1250,256,16384,2880,4096,True,torch.bfloat16,torch.bfloat16,False,False,triton,0,0,0.0,auto,0.0,0.0,0.0
gfx1250,256,1,5120,2880,True,torch.bfloat16,torch.bfloat16,False,False,triton,0,0,0.0,auto,0.0,0.0,0.0
gfx1250,256,2,5120,2880,True,torch.bfloat16,torch.bfloat16,False,False,triton,0,0,0.0,auto,0.0,0.0,0.0
gfx1250,256,4,5120,2880,True,torch.bfloat16,torch.bfloat16,False,False,triton,0,0,0.0,auto,0.0,0.0,0.0
gfx1250,256,8,5120,2880,True,torch.bfloat16,torch.bfloat16,False,False,triton,0,0,0.0,auto,0.0,0.0,0.0
gfx1250,256,16,5120,2880,True,torch.bfloat16,torch.bfloat16,False,False,triton,0,0,0.0,auto,0.0,0.0,0.0
gfx1250,256,32,5120,2880,True,torch.bfloat16,torch.bfloat16,False,False,triton,0,0,0.0,auto,0.0,0.0,0.0
gfx1250,256,48,5120,2880,True,torch.bfloat16,torch.bfloat16,False,False,triton,0,0,0.0,auto,0.0,0.0,0.0
gfx1250,256,64,5120,2880,True,torch.bfloat16,torch.bfloat16,False,False,triton,0,0,0.0,auto,0.0,0.0,0.0
gfx1250,256,128,5120,2880,True,torch.bfloat16,torch.bfloat16,False,False,triton,0,0,0.0,auto,0.0,0.0,0.0
gfx1250,256,256,5120,2880,True,torch.bfloat16,torch.bfloat16,False,False,triton,0,0,0.0,auto,0.0,0.0,0.0
gfx1250,256,512,5120,2880,True,torch.bfloat16,torch.bfloat16,False,False,triton,0,0,0.0,auto,0.0,0.0,0.0
gfx1250,256,1024,5120,2880,True,torch.bfloat16,torch.bfloat16,False,False,triton,0,0,0.0,auto,0.0,0.0,0.0
gfx1250,256,2048,5120,2880,True,torch.bfloat16,torch.bfloat16,False,False,triton,0,0,0.0,auto,0.0,0.0,0.0
gfx1250,256,4096,5120,2880,True,torch.bfloat16,torch.bfloat16,False,False,triton,0,0,0.0,auto,0.0,0.0,0.0
gfx1250,256,8192,5120,2880,True,torch.bfloat16,torch.bfloat16,False,False,triton,0,0,0.0,auto,0.0,0.0,0.0
gfx1250,256,16384,5120,2880,True,torch.bfloat16,torch.bfloat16,False,False,triton,0,0,0.0,auto,0.0,0.0,0.0
gfx1250,256,1,201088,2880,False,torch.bfloat16,torch.bfloat16,False,False,triton,0,0,0.0,auto,0.0,0.0,0.0
gfx1250,256,2,201088,2880,False,torch.bfloat16,torch.bfloat16,False,False,triton,0,0,0.0,auto,0.0,0.0,0.0
gfx1250,256,4,201088,2880,False,torch.bfloat16,torch.bfloat16,False,False,triton,0,0,0.0,auto,0.0,0.0,0.0
gfx1250,256,8,201088,2880,False,torch.bfloat16,torch.bfloat16,False,False,triton,0,0,0.0,auto,0.0,0.0,0.0
gfx1250,256,16,201088,2880,False,torch.bfloat16,torch.bfloat16,False,False,triton,0,0,0.0,auto,0.0,0.0,0.0
gfx1250,256,32,201088,2880,False,torch.bfloat16,torch.bfloat16,False,False,triton,0,0,0.0,auto,0.0,0.0,0.0
gfx1250,256,48,201088,2880,False,torch.bfloat16,torch.bfloat16,False,False,triton,0,0,0.0,auto,0.0,0.0,0.0
gfx1250,256,64,201088,2880,False,torch.bfloat16,torch.bfloat16,False,False,triton,0,0,0.0,auto,0.0,0.0,0.0
gfx1250,256,128,201088,2880,False,torch.bfloat16,torch.bfloat16,False,False,triton,0,0,0.0,auto,0.0,0.0,0.0
gfx1250,256,256,201088,2880,False,torch.bfloat16,torch.bfloat16,False,False,triton,0,0,0.0,auto,0.0,0.0,0.0
gfx1250,256,512,201088,2880,False,torch.bfloat16,torch.bfloat16,False,False,triton,0,0,0.0,auto,0.0,0.0,0.0
gfx1250,256,1024,201088,2880,False,torch.bfloat16,torch.bfloat16,False,False,triton,0,0,0.0,auto,0.0,0.0,0.0
gfx1250,256,2048,201088,2880,False,torch.bfloat16,torch.bfloat16,False,False,triton,0,0,0.0,auto,0.0,0.0,0.0
gfx1250,256,4096,201088,2880,False,torch.bfloat16,torch.bfloat16,False,False,triton,0,0,0.0,auto,0.0,0.0,0.0
gfx1250,256,8192,201088,2880,False,torch.bfloat16,torch.bfloat16,False,False,triton,0,0,0.0,auto,0.0,0.0,0.0
gfx1250,256,16384,201088,2880,False,torch.bfloat16,torch.bfloat16,False,False,triton,0,0,0.0,auto,0.0,0.0,0.0
gfx1250,96,1,128,2880,True,torch.bfloat16,torch.bfloat16,False,False,triton,0,0,0.0,auto,0.0,0.0,0.0
gfx1250,96,2,128,2880,True,torch.bfloat16,torch.bfloat16,False,False,triton,0,0,0.0,auto,0.0,0.0,0.0
gfx1250,96,4,128,2880,True,torch.bfloat16,torch.bfloat16,False,False,triton,0,0,0.0,auto,0.0,0.0,0.0
gfx1250,96,8,128,2880,True,torch.bfloat16,torch.bfloat16,False,False,triton,0,0,0.0,auto,0.0,0.0,0.0
gfx1250,96,16,128,2880,True,torch.bfloat16,torch.bfloat16,False,False,triton,0,0,0.0,auto,0.0,0.0,0.0
gfx1250,96,32,128,2880,True,torch.bfloat16,torch.bfloat16,False,False,triton,0,0,0.0,auto,0.0,0.0,0.0
gfx1250,96,48,128,2880,True,torch.bfloat16,torch.bfloat16,False,False,triton,0,0,0.0,auto,0.0,0.0,0.0
gfx1250,96,64,128,2880,True,torch.bfloat16,torch.bfloat16,False,False,triton,0,0,0.0,auto,0.0,0.0,0.0
gfx1250,96,128,128,2880,True,torch.bfloat16,torch.bfloat16,False,False,triton,0,0,0.0,auto,0.0,0.0,0.0
gfx1250,96,256,128,2880,True,torch.bfloat16,torch.bfloat16,False,False,triton,0,0,0.0,auto,0.0,0.0,0.0
gfx1250,96,512,128,2880,True,torch.bfloat16,torch.bfloat16,False,False,triton,0,0,0.0,auto,0.0,0.0,0.0
gfx1250,96,1024,128,2880,True,torch.bfloat16,torch.bfloat16,False,False,triton,0,0,0.0,auto,0.0,0.0,0.0
gfx1250,96,2048,128,2880,True,torch.bfloat16,torch.bfloat16,False,False,triton,0,0,0.0,auto,0.0,0.0,0.0
gfx1250,96,4096,128,2880,True,torch.bfloat16,torch.bfloat16,False,False,triton,0,0,0.0,auto,0.0,0.0,0.0
gfx1250,96,8192,128,2880,True,torch.bfloat16,torch.bfloat16,False,False,triton,0,0,0.0,auto,0.0,0.0,0.0
gfx1250,96,16384,128,2880,True,torch.bfloat16,torch.bfloat16,False,False,triton,0,0,0.0,auto,0.0,0.0,0.0
gfx1250,96,1,2880,4096,True,torch.bfloat16,torch.bfloat16,False,False,triton,0,0,0.0,auto,0.0,0.0,0.0
gfx1250,96,2,2880,4096,True,torch.bfloat16,torch.bfloat16,False,False,triton,0,0,0.0,auto,0.0,0.0,0.0
gfx1250,96,4,2880,4096,True,torch.bfloat16,torch.bfloat16,False,False,triton,0,0,0.0,auto,0.0,0.0,0.0
gfx1250,96,8,2880,4096,True,torch.bfloat16,torch.bfloat16,False,False,triton,0,0,0.0,auto,0.0,0.0,0.0
gfx1250,96,16,2880,4096,True,torch.bfloat16,torch.bfloat16,False,False,triton,0,0,0.0,auto,0.0,0.0,0.0
gfx1250,96,32,2880,4096,True,torch.bfloat16,torch.bfloat16,False,False,triton,0,0,0.0,auto,0.0,0.0,0.0
gfx1250,96,48,2880,4096,True,torch.bfloat16,torch.bfloat16,False,False,triton,0,0,0.0,auto,0.0,0.0,0.0
gfx1250,96,64,2880,4096,True,torch.bfloat16,torch.bfloat16,False,False,triton,0,0,0.0,auto,0.0,0.0,0.0
gfx1250,96,128,2880,4096,True,torch.bfloat16,torch.bfloat16,False,False,triton,0,0,0.0,auto,0.0,0.0,0.0
gfx1250,96,256,2880,4096,True,torch.bfloat16,torch.bfloat16,False,False,triton,0,0,0.0,auto,0.0,0.0,0.0
gfx1250,96,512,2880,4096,True,torch.bfloat16,torch.bfloat16,False,False,triton,0,0,0.0,auto,0.0,0.0,0.0
gfx1250,96,1024,2880,4096,True,torch.bfloat16,torch.bfloat16,False,False,triton,0,0,0.0,auto,0.0,0.0,0.0
gfx1250,96,2048,2880,4096,True,torch.bfloat16,torch.bfloat16,False,False,triton,0,0,0.0,auto,0.0,0.0,0.0
gfx1250,96,4096,2880,4096,True,torch.bfloat16,torch.bfloat16,False,False,triton,0,0,0.0,auto,0.0,0.0,0.0
gfx1250,96,8192,2880,4096,True,torch.bfloat16,torch.bfloat16,False,False,triton,0,0,0.0,auto,0.0,0.0,0.0
gfx1250,96,16384,2880,4096,True,torch.bfloat16,torch.bfloat16,False,False,triton,0,0,0.0,auto,0.0,0.0,0.0
gfx1250,96,1,5120,2880,True,torch.bfloat16,torch.bfloat16,False,False,triton,0,0,0.0,auto,0.0,0.0,0.0
gfx1250,96,2,5120,2880,True,torch.bfloat16,torch.bfloat16,False,False,triton,0,0,0.0,auto,0.0,0.0,0.0
gfx1250,96,4,5120,2880,True,torch.bfloat16,torch.bfloat16,False,False,triton,0,0,0.0,auto,0.0,0.0,0.0
gfx1250,96,8,5120,2880,True,torch.bfloat16,torch.bfloat16,False,False,triton,0,0,0.0,auto,0.0,0.0,0.0
gfx1250,96,16,5120,2880,True,torch.bfloat16,torch.bfloat16,False,False,triton,0,0,0.0,auto,0.0,0.0,0.0
gfx1250,96,32,5120,2880,True,torch.bfloat16,torch.bfloat16,False,False,triton,0,0,0.0,auto,0.0,0.0,0.0
gfx1250,96,48,5120,2880,True,torch.bfloat16,torch.bfloat16,False,False,triton,0,0,0.0,auto,0.0,0.0,0.0
gfx1250,96,64,5120,2880,True,torch.bfloat16,torch.bfloat16,False,False,triton,0,0,0.0,auto,0.0,0.0,0.0
gfx1250,96,128,5120,2880,True,torch.bfloat16,torch.bfloat16,False,False,triton,0,0,0.0,auto,0.0,0.0,0.0
gfx1250,96,256,5120,2880,True,torch.bfloat16,torch.bfloat16,False,False,triton,0,0,0.0,auto,0.0,0.0,0.0
gfx1250,96,512,5120,2880,True,torch.bfloat16,torch.bfloat16,False,False,triton,0,0,0.0,auto,0.0,0.0,0.0
gfx1250,96,1024,5120,2880,True,torch.bfloat16,torch.bfloat16,False,False,triton,0,0,0.0,auto,0.0,0.0,0.0
gfx1250,96,2048,5120,2880,True,torch.bfloat16,torch.bfloat16,False,False,triton,0,0,0.0,auto,0.0,0.0,0.0
gfx1250,96,4096,5120,2880,True,torch.bfloat16,torch.bfloat16,False,False,triton,0,0,0.0,auto,0.0,0.0,0.0
gfx1250,96,8192,5120,2880,True,torch.bfloat16,torch.bfloat16,False,False,triton,0,0,0.0,auto,0.0,0.0,0.0
gfx1250,96,16384,5120,2880,True,torch.bfloat16,torch.bfloat16,False,False,triton,0,0,0.0,auto,0.0,0.0,0.0
gfx1250,96,1,201088,2880,False,torch.bfloat16,torch.bfloat16,False,False,triton,0,0,0.0,auto,0.0,0.0,0.0
gfx1250,96,2,201088,2880,False,torch.bfloat16,torch.bfloat16,False,False,triton,0,0,0.0,auto,0.0,0.0,0.0
gfx1250,96,4,201088,2880,False,torch.bfloat16,torch.bfloat16,False,False,triton,0,0,0.0,auto,0.0,0.0,0.0
gfx1250,96,8,201088,2880,False,torch.bfloat16,torch.bfloat16,False,False,triton,0,0,0.0,auto,0.0,0.0,0.0
gfx1250,96,16,201088,2880,False,torch.bfloat16,torch.bfloat16,False,False,triton,0,0,0.0,auto,0.0,0.0,0.0
gfx1250,96,32,201088,2880,False,torch.bfloat16,torch.bfloat16,False,False,triton,0,0,0.0,auto,0.0,0.0,0.0
gfx1250,96,48,201088,2880,False,torch.bfloat16,torch.bfloat16,False,False,triton,0,0,0.0,auto,0.0,0.0,0.0
gfx1250,96,64,201088,2880,False,torch.bfloat16,torch.bfloat16,False,False,triton,0,0,0.0,auto,0.0,0.0,0.0
gfx1250,96,128,201088,2880,False,torch.bfloat16,torch.bfloat16,False,False,triton,0,0,0.0,auto,0.0,0.0,0.0
gfx1250,96,256,201088,2880,False,torch.bfloat16,torch.bfloat16,False,False,triton,0,0,0.0,auto,0.0,0.0,0.0
gfx1250,96,512,201088,2880,False,torch.bfloat16,torch.bfloat16,False,False,triton,0,0,0.0,auto,0.0,0.0,0.0
gfx1250,96,1024,201088,2880,False,torch.bfloat16,torch.bfloat16,False,False,triton,0,0,0.0,auto,0.0,0.0,0.0
gfx1250,96,2048,201088,2880,False,torch.bfloat16,torch.bfloat16,False,False,triton,0,0,0.0,auto,0.0,0.0,0.0
gfx1250,96,4096,201088,2880,False,torch.bfloat16,torch.bfloat16,False,False,triton,0,0,0.0,auto,0.0,0.0,0.0
gfx1250,96,8192,201088,2880,False,torch.bfloat16,torch.bfloat16,False,False,triton,0,0,0.0,auto,0.0,0.0,0.0
gfx1250,96,16384,201088,2880,False,torch.bfloat16,torch.bfloat16,False,False,triton,0,0,0.0,auto,0.0,0.0,0.0
gfx950,256,1024,384,7168,False,torch.bfloat16,torch.bfloat16,False,False,flydsl,4127,4,19.604,flydsl_hgemm_abf16_wbf16_bf16_t64x96x64x4_ks4_w2x2x1_bias0_ktail0_gm0_pft_gfx950,0.0136,287.55,1069.76
gfx950,256,96,1024,7168,False,torch.bfloat16,torch.bfloat16,False,False,flydsl,5076,4,10.2444,flydsl_hgemm_abf16_wbf16_bf16_t64x32x64x6_ks4_w4x1x1_bias0_ktail0_gm0_pft_gfx950,0.0143,137.57,1586.52
gfx950,256,32,2112,7168,False,torch.bfloat16,torch.bfloat16,False,False,flydsl,2548,7,9.8732,flydsl_hgemm_abf16_wbf16_bf16_t32x64x64x8_ks7_w1x4x1_bias0_ktail0_gm0_pft_gfx950,0.0192,98.13,3126.8
gfx950,256,64,2112,7168,False,torch.bfloat16,torch.bfloat16,False,False,flydsl,4818,7,12.2852,flydsl_hgemm_abf16_wbf16_bf16_t64x64x64x5_ks7_w4x2x1_bias0_ktail0_gm0_pft_gfx950,0.0197,157.73,2561.25
gfx950,256,1024,2112,7168,False,torch.bfloat16,torch.bfloat16,False,False,flydsl,1455,1,50.5887,flydsl_hgemm_abf16_wbf16_bf16_t96x96x128x3_ks1_w2x2x2_bias0_ktail0_gm0_pft_gfx950,0.006,612.87,974.19
gfx950,256,4096,2112,7168,False,torch.bfloat16,torch.bfloat16,False,False,torch,0,0,117.4832,native,0.0,1055.62,904.81
gfx950,256,16384,2112,7168,False,torch.bfloat16,torch.bfloat16,False,False,torch,0,0,486.1703,native,0.0,1020.36,687.75
gfx950,256,1024,3072,1536,False,torch.bfloat16,torch.bfloat16,False,False,flydsl,369,1,17.6248,flydsl_hgemm_abf16_wbf16_bf16_t128x96x64x4_ks1_w2x2x1_bias0_ktail0_gm4_pft_gfx950,0.0,548.3,1070.9
gfx950,256,4096,3072,1536,False,torch.bfloat16,torch.bfloat16,False,False,flydsl,95,1,40.7327,flydsl_hgemm_abf16_wbf16_bf16_t256x256x64x2_ks1_w2x4x1_bias0_ktail0_gm0_pht_gfx950,0.0,948.98,1158.43
gfx950,256,16384,3072,1536,False,torch.bfloat16,torch.bfloat16,False,False,torch,0,0,130.0381,native,0.0,1189.03,1233.73
gfx950,256,256,4096,512,False,torch.bfloat16,torch.bfloat16,False,False,flydsl,2376,1,5.7059,flydsl_hgemm_abf16_wbf16_bf16_t64x64x64x5_ks1_w2x2x1_bias0_ktail0_gm0_pft_gfx950,0.0,188.18,1148.57
gfx950,256,1024,4096,512,False,torch.bfloat16,torch.bfloat16,False,False,flydsl,36,1,10.166,flydsl_hgemm_abf16_wbf16_bf16_t128x128x64x3_ks1_w4x4x1_bias0_ktail0_gm0_pft_gfx950,0.0,422.48,1340.89
gfx950,256,4096,4096,512,False,torch.bfloat16,torch.bfloat16,False,False,torch,0,0,21.3007,native,0.0,806.54,1969.09
gfx950,256,16384,4096,512,False,torch.bfloat16,torch.bfloat16,False,False,torch,0,0,79.7147,native,0.0,862.07,1946.81
gfx950,256,96,7168,512,False,torch.bfloat16,torch.bfloat16,False,False,flydsl,2331,1,5.5819,flydsl_hgemm_abf16_wbf16_bf16_t64x64x64x6_ks1_w2x2x1_bias0_ktail0_gm0_pft_gfx950,0.0,126.24,1579.14
gfx950,256,128,7168,512,False,torch.bfloat16,torch.bfloat16,False,False,triton,0,0,5.5346,auto,0.0,169.75,1681.44
gfx950,256,256,7168,512,False,torch.bfloat16,torch.bfloat16,False,False,flydsl,354,1,7.3191,flydsl_hgemm_abf16_wbf16_bf16_t128x64x64x4_ks1_w4x1x1_bias0_ktail0_gm0_pft_gfx950,0.0,256.73,1540.11
gfx950,256,1024,7168,512,False,torch.bfloat16,torch.bfloat16,False,False,flydsl,24,1,14.3488,flydsl_hgemm_abf16_wbf16_bf16_t128x128x64x2_ks1_w4x2x1_bias0_ktail0_gm0_pft_gfx950,0.0,523.82,1607.71
gfx950,256,4096,7168,512,False,torch.bfloat16,torch.bfloat16,False,False,flydsl,82,1,38.4207,flydsl_hgemm_abf16_wbf16_bf16_t256x256x64x2_ks1_w2x4x1_bias0_ktail0_gm0_pht_gfx950,0.0,782.51,1828.56
gfx950,256,16384,7168,512,False,torch.bfloat16,torch.bfloat16,False,False,torch,0,0,131.333,native,0.0,915.68,1972.07
gfx942,80,128,7168,512,False,torch.bfloat16,torch.bfloat16,False,False,opus,10000,0,14.1933,opus_gemm_gfx942_512x128x128x64_2x4_16x16x16_0x0x0,0.0,66.19,655.67
gfx942,80,256,7168,512,False,torch.bfloat16,torch.bfloat16,False,False,opus,10000,0,27.0618,opus_gemm_gfx942_512x128x128x64_2x4_16x16x16_0x0x0,0.0,69.44,416.54
gfx942,80,1024,7168,512,False,torch.bfloat16,torch.bfloat16,False,False,opus,10000,0,74.6028,opus_gemm_gfx942_512x128x128x64_2x4_16x16x16_0x0x0,0.0,100.75,309.22
gfx942,80,8,32,6144,False,torch.bfloat16,torch.bfloat16,False,False,opus,10300,0,8.4056,opus_gemm_gfx942_wkc_512x16x16x64_1x1_16x16x16_0x0x0,0.0,0.37,58.54
gfx942,80,16,32,6144,False,torch.bfloat16,torch.bfloat16,False,False,opus,10300,0,8.8163,opus_gemm_gfx942_wkc_512x16x16x64_1x1_16x16x16_0x0x0,0.0,0.71,67.02
gfx942,80,48,32,6144,False,torch.bfloat16,torch.bfloat16,False,False,opus,10300,0,9.7083,opus_gemm_gfx942_wkc_512x16x16x64_1x1_16x16x16_0x0x0,0.0,1.94,101.57
gfx942,80,64,32,6144,False,torch.bfloat16,torch.bfloat16,False,False,opus,10300,0,9.5767,opus_gemm_gfx942_wkc_512x16x16x64_1x1_16x16x16_0x0x0,0.0,2.63,123.61
gfx942,80,128,32,6144,False,torch.bfloat16,torch.bfloat16,False,False,opus,10300,0,10.2587,opus_gemm_gfx942_wkc_512x16x16x64_1x1_16x16x16_0x0x0,0.0,4.91,192.45
gfx942,80,16384,32,6144,False,torch.bfloat16,torch.bfloat16,False,False,opus,10302,0,156.3505,opus_gemm_gfx942_wkc_512x32x16x64_1x1_16x16x16_0x0x0,0.0,41.21,1296.88
gfx942,80,1,160,6144,False,torch.bfloat16,torch.bfloat16,False,False,skinny,2,0,6.0738,sol2,0.0,0.32,325.77
gfx942,80,2,160,6144,False,torch.bfloat16,torch.bfloat16,False,False,opus,10300,0,7.0128,opus_gemm_gfx942_wkc_512x16x16x64_1x1_16x16x16_0x0x0,0.0,0.56,283.95
gfx942,80,4,160,6144,False,torch.bfloat16,torch.bfloat16,False,False,opus,10300,0,7.03,opus_gemm_gfx942_wkc_512x16x16x64_1x1_16x16x16_0x0x0,0.0,1.12,286.84
gfx942,80,8,160,6144,False,torch.bfloat16,torch.bfloat16,False,False,opus,10300,0,7.0799,opus_gemm_gfx942_wkc_512x16x16x64_1x1_16x16x16_0x0x0,0.0,2.22,291.95
gfx942,80,16,160,6144,False,torch.bfloat16,torch.bfloat16,False,False,torch,0,0,9.0034,native,0.0,3.49,240.78
gfx942,80,24,160,6144,False,torch.bfloat16,torch.bfloat16,False,False,opus,10300,0,9.2424,opus_gemm_gfx942_wkc_512x16x16x64_1x1_16x16x16_0x0x0,0.0,5.11,245.46
gfx942,80,32,160,6144,False,torch.bfloat16,torch.bfloat16,False,False,opus,10300,0,9.7899,opus_gemm_gfx942_wkc_512x16x16x64_1x1_16x16x16_0x0x0,0.0,6.43,242.04
gfx942,80,48,160,6144,False,torch.bfloat16,torch.bfloat16,False,False,opus,10300,0,10.0646,opus_gemm_gfx942_wkc_512x16x16x64_1x1_16x16x16_0x0x0,0.0,9.38,255.48
gfx942,80,64,160,6144,False,torch.bfloat16,torch.bfloat16,False,False,opus,10300,0,9.1916,opus_gemm_gfx942_wkc_512x16x16x64_1x1_16x16x16_0x0x0,0.0,13.69,301.69
gfx942,80,96,160,6144,False,torch.bfloat16,torch.bfloat16,False,False,opus,10300,0,9.2498,opus_gemm_gfx942_wkc_512x16x16x64_1x1_16x16x16_0x0x0,0.0,20.41,343.41
gfx942,80,128,160,6144,False,torch.bfloat16,torch.bfloat16,False,False,opus,10305,0,11.3174,opus_gemm_gfx942_wkc_512x16x32x64_1x1_16x16x16_0x0x0,0.0,22.24,316.32
gfx942,80,192,160,6144,False,torch.bfloat16,torch.bfloat16,False,False,opus,10302,0,11.223,opus_gemm_gfx942_wkc_512x32x16x64_1x1_16x16x16_0x0x0,0.0,33.64,390.88
gfx942,80,256,160,6144,False,torch.bfloat16,torch.bfloat16,False,False,opus,10302,0,11.6386,opus_gemm_gfx942_wkc_512x32x16x64_1x1_16x16x16_0x0x0,0.0,43.25,446.25
gfx942,80,384,160,6144,False,torch.bfloat16,torch.bfloat16,False,False,opus,10302,0,21.0876,opus_gemm_gfx942_wkc_512x32x16x64_1x1_16x16x16_0x0x0,0.0,35.8,322.82
gfx942,80,512,160,6144,False,torch.bfloat16,torch.bfloat16,False,False,torch,0,0,22.271,native,0.0,45.2,378.13
gfx942,80,768,160,6144,False,torch.bfloat16,torch.bfloat16,False,False,opus,10204,6,25.9411,opus_gemm_gfx942_splitk_em3en4_lds1_pgr2_256x128x96x128_2x2_16x16x16_0x0x0,0.0,58.21,449.06
gfx942,80,1024,160,6144,False,torch.bfloat16,torch.bfloat16,False,False,opus,10204,5,29.3571,opus_gemm_gfx942_splitk_em3en4_lds1_pgr2_256x128x96x128_2x2_16x16x16_0x0x0,0.0,68.58,506.75
gfx942,80,1536,160,6144,False,torch.bfloat16,torch.bfloat16,False,False,opus,10204,3,39.0517,opus_gemm_gfx942_splitk_em3en4_lds1_pgr2_256x128x96x128_2x2_16x16x16_0x0x0,0.0,77.33,546.25
gfx942,80,2048,160,6144,False,torch.bfloat16,torch.bfloat16,False,False,opus,10204,5,52.586,opus_gemm_gfx942_splitk_em3en4_lds1_pgr2_256x128x96x128_2x2_16x16x16_0x0x0,0.0003,76.57,528.42
gfx942,80,3072,160,6144,False,torch.bfloat16,torch.bfloat16,False,False,opus,10204,3,70.6337,opus_gemm_gfx942_splitk_em3en4_lds1_pgr2_256x128x96x128_2x2_16x16x16_0x0x0,0.0,85.51,576.18
gfx942,80,4096,160,6144,False,torch.bfloat16,torch.bfloat16,False,False,opus,10204,1,93.8685,opus_gemm_gfx942_splitk_em3en4_lds1_pgr2_256x128x96x128_2x2_16x16x16_0x0x0,0.0,85.79,571.1
gfx942,80,8192,160,6144,False,torch.bfloat16,torch.bfloat16,False,False,torch,0,0,151.3114,native,0.0,106.44,695.59
gfx942,80,16384,160,6144,False,torch.bfloat16,torch.bfloat16,False,False,torch,0,0,200.1622,native,0.0,160.93,1041.83
gfx942,80,32768,160,6144,False,torch.bfloat16,torch.bfloat16,False,False,torch,0,0,420.4288,native,0.0,153.24,987.34
gfx942,80,1,256,6144,False,torch.bfloat16,torch.bfloat16,False,False,opus,10311,0,4.9398,opus_gemm_gfx942_wkc_accum_512x16x32x32_1x1_16x16x16_0x0x0,0.0234,0.64,639.4
gfx942,80,2,256,6144,False,torch.bfloat16,torch.bfloat16,False,False,opus,10311,0,4.9586,opus_gemm_gfx942_wkc_accum_512x16x32x32_1x1_16x16x16_0x0x0,0.0195,1.27,639.56
gfx942,80,4,256,6144,False,torch.bfloat16,torch.bfloat16,False,False,opus,10311,0,5.3272,opus_gemm_gfx942_wkc_accum_512x16x32x32_1x1_16x16x16_0x0x0,0.0186,2.36,600.11
gfx942,80,8,256,6144,False,torch.bfloat16,torch.bfloat16,False,False,opus,10310,0,4.9466,opus_gemm_gfx942_wkc_accum_256x16x16x64_1x1_16x16x16_0x0x0,0.0181,5.09,656.64
gfx942,80,16,256,6144,False,torch.bfloat16,torch.bfloat16,False,False,opus,10311,0,5.2814,opus_gemm_gfx942_wkc_accum_512x16x32x32_1x1_16x16x16_0x0x0,0.021,9.53,634.4
gfx942,80,24,256,6144,False,torch.bfloat16,torch.bfloat16,False,False,opus,10313,0,6.2673,opus_gemm_gfx942_wkc_accum_256x32x32x64_1x1_16x16x16_0x0x0,0.02,12.05,550.94
gfx942,80,32,256,6144,False,torch.bfloat16,torch.bfloat16,False,False,asm,1,16,7.9053,_ZN5aiter39bf16gemm_fp32bf16_tn_32x64_splitk_cleanE,0.0308,12.73,449.74
gfx942,80,48,256,6144,False,torch.bfloat16,torch.bfloat16,False,False,asm,3,16,8.3769,_ZN5aiter39bf16gemm_fp32bf16_tn_48x64_splitk_cleanE,0.0295,18.03,448.87
gfx942,80,64,256,6144,False,torch.bfloat16,torch.bfloat16,False,False,asm,5,16,9.0858,_ZN5aiter39bf16gemm_fp32bf16_tn_64x64_splitk_cleanE,0.03,22.16,436.39
gfx942,80,96,256,6144,False,torch.bfloat16,torch.bfloat16,False,False,asm,3,10,11.0574,_ZN5aiter39bf16gemm_fp32bf16_tn_48x64_splitk_cleanE,0.0231,27.31,395.62
gfx942,80,128,256,6144,False,torch.bfloat16,torch.bfloat16,False,False,opus,10302,0,11.7008,opus_gemm_gfx942_wkc_512x32x16x64_1x1_16x16x16_0x0x0,0.0,34.41,408.87
gfx942,80,192,256,6144,False,torch.bfloat16,torch.bfloat16,False,False,torch,769,6,14.7299,native,0.0248,41.0,380.41
gfx942,80,256,256,6144,False,torch.bfloat16,torch.bfloat16,False,False,asm,5,5,16.6326,_ZN5aiter39bf16gemm_fp32bf16_tn_64x64_splitk_cleanE,0.0156,48.42,386.14
gfx942,80,384,256,6144,False,torch.bfloat16,torch.bfloat16,False,False,asm,8,5,22.1138,_ZN5aiter39bf16gemm_fp32bf16_tn_96x64_splitk_cleanE,0.0146,54.62,364.52
gfx942,80,512,256,6144,False,torch.bfloat16,torch.bfloat16,False,False,opus,10204,6,25.2282,opus_gemm_gfx942_splitk_em3en4_lds1_pgr2_256x128x96x128_2x2_16x16x16_0x0x0,0.0,63.84,384.46
gfx942,80,768,256,6144,False,torch.bfloat16,torch.bfloat16,False,False,opus,10201,3,34.5862,opus_gemm_gfx942_splitk_p1_256x64x64x64_2x2_16x16x16_0x0x0,0.0,69.85,375.18
gfx942,80,1024,256,6144,False,torch.bfloat16,torch.bfloat16,False,False,torch,0,0,35.7927,native,0.0,90.0,454.08
gfx942,80,1536,256,6144,False,torch.bfloat16,torch.bfloat16,False,False,opus,10216,11,47.8542,opus_gemm_gfx942_splitk_quad_mfma32_bf16ws_256x256x256x32_2x2_32x32x8_6x0x0,0.0123,100.97,476.58
gfx942,80,2048,256,6144,False,torch.bfloat16,torch.bfloat16,False,False,opus,10216,0,52.3827,opus_gemm_gfx942_splitk_quad_mfma32_bf16ws_256x256x256x32_2x2_32x32x8_6x0x0,0.012,122.99,560.49
gfx942,80,3072,256,6144,False,torch.bfloat16,torch.bfloat16,False,False,opus,10216,6,78.0534,opus_gemm_gfx942_splitk_quad_mfma32_bf16ws_256x256x256x32_2x2_32x32x8_6x0x0,0.0113,123.81,544.08
gfx942,80,4096,256,6144,False,torch.bfloat16,torch.bfloat16,False,False,opus,10216,10,97.7382,opus_gemm_gfx942_splitk_quad_mfma32_bf16ws_256x256x256x32_2x2_32x32x8_6x0x0,0.012,131.83,568.61
gfx942,80,8192,256,6144,False,torch.bfloat16,torch.bfloat16,False,False,opus,10216,7,178.447,opus_gemm_gfx942_splitk_quad_mfma32_bf16ws_256x256x256x32_2x2_32x32x8_6x0x0,0.0116,144.41,605.24
gfx942,80,16384,256,6144,False,torch.bfloat16,torch.bfloat16,False,False,triton,0,0,336.8619,auto,0.0,153.0,631.89
gfx942,80,32768,256,6144,False,torch.bfloat16,torch.bfloat16,False,False,triton,0,0,650.7827,auto,0.0,158.39,649.34
gfx942,80,4,6144,6144,False,torch.bfloat16,torch.bfloat16,False,False,opus,10300,0,47.3828,opus_gemm_gfx942_wkc_512x16x16x64_1x1_16x16x16_0x0x0,0.0,6.37,1595.43
gfx942,80,8,6144,4096,False,torch.bfloat16,torch.bfloat16,False,False,opus,10301,0,34.4629,opus_gemm_gfx942_wkc_512x16x32x32_1x1_16x16x16_0x0x0,0.0,11.68,1465.21
gfx942,80,16,6144,3072,False,torch.bfloat16,torch.bfloat16,False,False,opus,10301,0,27.883,opus_gemm_gfx942_wkc_512x16x32x32_1x1_16x16x16_0x0x0,0.0,21.66,1364.4
gfx942,80,16,6144,4096,False,torch.bfloat16,torch.bfloat16,False,False,opus,10301,0,34.8629,opus_gemm_gfx942_wkc_512x16x32x32_1x1_16x16x16_0x0x0,0.0,23.1,1453.1
gfx950,256,1,32,6144,False,torch.bfloat16,torch.bfloat16,False,False,skinny,2,0,3.5315,sol2,0.0,0.11,114.84
gfx950,256,2,32,6144,False,torch.bfloat16,torch.bfloat16,False,False,flydsl,34,8,3.957,flydsl_hgemm_abf16_wbf16_bf16_t16x16x128x6_ks8_w1x1x1_bias0_ktail0_gm0_pft_gfx950,0.0156,0.2,105.62
gfx950,256,4,32,6144,False,torch.bfloat16,torch.bfloat16,False,False,flydsl,41,8,4.0269,flydsl_hgemm_abf16_wbf16_bf16_t16x16x128x7_ks8_w1x1x1_bias0_ktail0_gm0_pft_gfx950,0.0234,0.39,109.92
gfx950,256,8,32,6144,False,torch.bfloat16,torch.bfloat16,False,False,flydsl,216,8,4.201,flydsl_hgemm_abf16_wbf16_bf16_t16x32x128x5_ks8_w1x2x1_bias0_ktail0_gm0_pft_gfx950,0.0234,0.75,117.12
gfx950,256,16,32,6144,False,torch.bfloat16,torch.bfloat16,False,False,flydsl,41,8,4.1504,flydsl_hgemm_abf16_wbf16_bf16_t16x16x128x7_ks8_w1x1x1_bias0_ktail0_gm0_pft_gfx950,0.0293,1.52,142.36
gfx950,256,32,32,6144,False,torch.bfloat16,torch.bfloat16,False,False,flydsl,41,8,4.1495,flydsl_hgemm_abf16_wbf16_bf16_t16x16x128x7_ks8_w1x1x1_bias0_ktail0_gm0_pft_gfx950,0.0176,3.03,190.02
gfx950,256,48,32,6144,False,torch.bfloat16,torch.bfloat16,False,False,flydsl,216,8,4.2556,flydsl_hgemm_abf16_wbf16_bf16_t16x32x128x5_ks8_w1x2x1_bias0_ktail0_gm0_pft_gfx950,0.0215,4.44,231.72
gfx950,256,64,32,6144,False,torch.bfloat16,torch.bfloat16,False,False,flydsl,197,8,4.3247,flydsl_hgemm_abf16_wbf16_bf16_t16x32x128x4_ks8_w1x2x1_bias0_ktail0_gm0_pft_gfx950,0.0259,5.82,273.72
gfx950,256,128,32,6144,False,torch.bfloat16,torch.bfloat16,False,False,flydsl,697,8,4.6579,flydsl_hgemm_abf16_wbf16_bf16_t16x32x128x6_ks8_w1x2x1_bias0_ktail0_gm0_pft_gfx950,0.0229,10.81,423.85
gfx950,256,256,32,6144,False,torch.bfloat16,torch.bfloat16,False,False,flydsl,2154,8,5.507,flydsl_hgemm_abf16_wbf16_bf16_t32x32x64x9_ks8_w2x1x1_bias0_ktail0_gm0_pft_gfx950,0.0228,18.28,645.6
gfx950,256,16384,32,6144,False,torch.bfloat16,torch.bfloat16,False,False,flydsl,75,2,37.6374,flydsl_hgemm_abf16_wbf16_bf16_t128x32x128x3_ks2_w2x2x1_bias0_ktail0_gm0_pft_gfx950,0.0058,171.17,5387.42
gfx950,256,1,160,6144,False,torch.bfloat16,torch.bfloat16,False,False,skinny,2,0,3.5167,sol2,0.0,0.56,562.65
gfx950,256,2,160,6144,False,torch.bfloat16,torch.bfloat16,False,False,flydsl,34,8,4.4549,flydsl_hgemm_abf16_wbf16_bf16_t16x16x128x6_ks8_w1x1x1_bias0_ktail0_gm0_pft_gfx950,0.0125,0.88,446.99
gfx950,256,4,160,6144,False,torch.bfloat16,torch.bfloat16,False,False,flydsl,254,8,4.335,flydsl_hgemm_abf16_wbf16_bf16_t16x32x128x7_ks8_w1x2x1_bias0_ktail0_gm0_pft_gfx950,0.0094,1.81,465.17
gfx950,256,8,160,6144,False,torch.bfloat16,torch.bfloat16,False,False,flydsl,235,8,4.3541,flydsl_hgemm_abf16_wbf16_bf16_t16x32x128x6_ks8_w1x2x1_bias0_ktail0_gm0_pft_gfx950,0.0195,3.61,474.71
gfx950,256,16,160,6144,False,torch.bfloat16,torch.bfloat16,False,False,flydsl,74,8,4.6144,flydsl_hgemm_abf16_wbf16_bf16_t16x16x256x4_ks8_w1x1x1_bias0_ktail0_gm0_pft_gfx950,0.0242,6.82,469.79
gfx950,256,24,160,6144,False,torch.bfloat16,torch.bfloat16,False,False,flydsl,235,8,4.8819,flydsl_hgemm_abf16_wbf16_bf16_t16x32x128x6_ks8_w1x2x1_bias0_ktail0_gm0_pft_gfx950,0.0201,9.67,464.71
gfx950,256,32,160,6144,False,torch.bfloat16,torch.bfloat16,False,False,flydsl,1107,8,4.9053,flydsl_hgemm_abf16_wbf16_bf16_t32x16x128x7_ks8_w2x1x1_bias0_ktail0_gm0_pft_gfx950,0.0205,12.83,483.06
gfx950,256,48,160,6144,False,torch.bfloat16,torch.bfloat16,False,False,flydsl,2106,8,5.1513,flydsl_hgemm_abf16_wbf16_bf16_t32x32x64x8_ks8_w2x2x1_bias0_ktail0_gm0_pft_gfx950,0.0181,18.32,499.15
gfx950,256,64,160,6144,False,torch.bfloat16,torch.bfloat16,False,False,flydsl,2610,8,5.4419,flydsl_hgemm_abf16_wbf16_bf16_t32x32x64x8_ks8_w2x2x1_bias0_ktail0_gm0_pft_gfx950,0.021,23.12,509.56
gfx950,256,96,160,6144,False,torch.bfloat16,torch.bfloat16,False,False,flydsl,4232,8,6.0649,flydsl_hgemm_abf16_wbf16_bf16_t32x64x64x6_ks8_w2x2x1_bias0_ktail0_gm0_pft_gfx950,0.0207,31.12,523.74
gfx950,256,128,160,6144,False,torch.bfloat16,torch.bfloat16,False,False,flydsl,4001,8,6.4035,flydsl_hgemm_abf16_wbf16_bf16_t32x64x128x4_ks8_w2x2x1_bias0_ktail0_gm0_pft_gfx950,0.02,39.3,559.05
gfx950,256,192,160,6144,False,torch.bfloat16,torch.bfloat16,False,False,flydsl,3506,6,7.2585,flydsl_hgemm_abf16_wbf16_bf16_t32x32x64x6_ks6_w2x1x1_bias0_ktail0_gm0_pft_gfx950,0.0179,52.01,604.37
gfx950,256,256,160,6144,False,torch.bfloat16,torch.bfloat16,False,False,flydsl,4072,6,7.8159,flydsl_hgemm_abf16_wbf16_bf16_t32x64x128x4_ks6_w2x2x1_bias0_ktail0_gm0_pft_gfx950,0.0189,64.4,664.51
gfx950,256,384,160,6144,False,torch.bfloat16,torch.bfloat16,False,False,flydsl,3577,6,8.5717,flydsl_hgemm_abf16_wbf16_bf16_t32x64x64x8_ks6_w1x4x1_bias0_ktail0_gm0_pft_gfx950,0.0171,88.08,794.19
gfx950,256,512,160,6144,False,torch.bfloat16,torch.bfloat16,False,False,flydsl,3715,8,9.6684,flydsl_hgemm_abf16_wbf16_bf16_t32x96x64x5_ks8_w2x2x1_bias0_ktail0_gm0_pft_gfx950,0.0206,104.12,871.02
gfx950,256,768,160,6144,False,torch.bfloat16,torch.bfloat16,False,False,flydsl,1419,2,12.3677,flydsl_hgemm_abf16_wbf16_bf16_t32x32x64x6_ks2_w2x1x1_bias0_ktail0_gm0_pft_gfx950,0.0056,122.09,941.89
gfx950,256,1024,160,6144,False,torch.bfloat16,torch.bfloat16,False,False,flydsl,1636,2,14.5298,flydsl_hgemm_abf16_wbf16_bf16_t48x32x64x6_ks2_w1x2x1_bias0_ktail0_gm0_pft_gfx950,0.0057,138.56,1023.87
gfx950,256,1536,160,6144,False,torch.bfloat16,torch.bfloat16,False,False,flydsl,886,1,17.6866,flydsl_hgemm_abf16_wbf16_bf16_t32x32x128x4_ks1_w2x1x1_bias0_ktail0_gm0_pft_gfx950,0.0,170.75,1206.11
gfx950,256,2048,160,6144,False,torch.bfloat16,torch.bfloat16,False,False,flydsl,731,1,15.448,flydsl_hgemm_abf16_wbf16_bf16_t32x32x128x4_ks1_w1x2x2_bias0_ktail0_gm4_pft_gfx950,0.0056,260.65,1798.76
gfx950,256,3072,160,6144,False,torch.bfloat16,torch.bfloat16,False,False,flydsl,993,1,21.8877,flydsl_hgemm_abf16_wbf16_bf16_t48x32x128x4_ks1_w1x1x2_bias0_ktail0_gm4_pft_gfx950,0.0053,275.94,1859.39
gfx950,256,4096,160,6144,False,torch.bfloat16,torch.bfloat16,False,False,flydsl,1021,1,25.9325,flydsl_hgemm_abf16_wbf16_bf16_t64x32x64x5_ks1_w2x1x1_bias0_ktail0_gm4_pft_gfx950,0.0,310.54,2067.23
gfx950,256,8192,160,6144,False,torch.bfloat16,torch.bfloat16,False,False,flydsl,113,1,43.8211,flydsl_hgemm_abf16_wbf16_bf16_t128x32x64x4_ks1_w2x1x1_bias0_ktail0_gm4_pft_gfx950,0.0,367.54,2401.83
gfx950,256,16384,160,6144,False,torch.bfloat16,torch.bfloat16,False,False,torch,0,0,55.2974,native,0.0,582.53,3771.16
gfx950,256,32768,160,6144,False,torch.bfloat16,torch.bfloat16,False,False,torch,0,0,93.0041,native,0.0,692.71,4463.3
gfx950,256,1,256,6144,False,torch.bfloat16,torch.bfloat16,False,False,skinny,2,0,4.0221,sol2,0.0,0.78,785.29
gfx950,256,2,256,6144,False,torch.bfloat16,torch.bfloat16,False,False,skinny,2,0,4.536,sol2,0.0,1.39,699.15
gfx950,256,4,256,6144,False,torch.bfloat16,torch.bfloat16,False,False,flydsl,380,8,4.7905,flydsl_hgemm_abf16_wbf16_bf16_t16x32x128x7_ks8_w1x2x1_bias0_ktail0_gm0_pft_gfx950,0.0166,2.63,667.35
gfx950,256,8,256,6144,False,torch.bfloat16,torch.bfloat16,False,False,flydsl,361,8,4.8443,flydsl_hgemm_abf16_wbf16_bf16_t16x32x128x6_ks8_w1x2x1_bias0_ktail0_gm0_pft_gfx950,0.019,5.19,670.51
gfx950,256,16,256,6144,False,torch.bfloat16,torch.bfloat16,False,False,flydsl,361,8,5.0522,flydsl_hgemm_abf16_wbf16_bf16_t16x32x128x6_ks8_w1x2x1_bias0_ktail0_gm0_pft_gfx950,0.0227,9.96,663.18
gfx950,256,24,256,6144,False,torch.bfloat16,torch.bfloat16,False,False,flydsl,2608,8,5.4346,flydsl_hgemm_abf16_wbf16_bf16_t32x32x64x8_ks8_w2x1x1_bias0_ktail0_gm0_pft_gfx950,0.0228,13.89,635.36
gfx950,256,32,256,6144,False,torch.bfloat16,torch.bfloat16,False,False,flydsl,2564,8,5.4978,flydsl_hgemm_abf16_wbf16_bf16_t32x32x64x7_ks8_w1x2x1_bias0_ktail0_gm0_pft_gfx950,0.0204,18.31,646.68
gfx950,256,48,256,6144,False,torch.bfloat16,torch.bfloat16,False,False,flydsl,605,8,5.9731,flydsl_hgemm_abf16_wbf16_bf16_t16x32x64x8_ks8_w1x2x1_bias0_ktail0_gm0_pft_gfx950,0.0185,25.28,629.51
gfx950,256,64,256,6144,False,torch.bfloat16,torch.bfloat16,False,False,flydsl,361,8,6.2023,flydsl_hgemm_abf16_wbf16_bf16_t16x32x128x6_ks8_w1x2x1_bias0_ktail0_gm0_pft_gfx950,0.0206,32.46,639.27
gfx950,256,96,256,6144,False,torch.bfloat16,torch.bfloat16,False,False,flydsl,3721,8,6.639,flydsl_hgemm_abf16_wbf16_bf16_t32x32x64x7_ks8_w2x2x1_bias0_ktail0_gm0_pft_gfx950,0.0198,45.49,658.91
gfx950,256,128,256,6144,False,torch.bfloat16,torch.bfloat16,False,False,flydsl,3694,6,6.9987,flydsl_hgemm_abf16_wbf16_bf16_t32x32x64x7_ks6_w2x2x1_bias0_ktail0_gm0_pft_gfx950,0.0171,57.53,683.57
gfx950,256,192,256,6144,False,torch.bfloat16,torch.bfloat16,False,False,flydsl,4063,8,8.0281,flydsl_hgemm_abf16_wbf16_bf16_t32x64x128x4_ks8_w2x2x1_bias0_ktail0_gm0_pft_gfx950,0.0206,75.23,697.96
gfx950,256,256,256,6144,False,torch.bfloat16,torch.bfloat16,False,False,flydsl,3949,8,8.7369,flydsl_hgemm_abf16_wbf16_bf16_t32x64x128x4_ks8_w1x4x1_bias0_ktail0_gm0_pft_gfx950,0.021,92.17,735.1
gfx950,256,1536,256,6144,False,torch.bfloat16,torch.bfloat16,False,False,asm,8,4,18.469,_ZN5aiter39bf16gemm_fp32bf16_tn_96x64_splitk_cleanE,0.0127,261.62,1234.85
gfx950,256,2048,256,6144,False,torch.bfloat16,torch.bfloat16,False,False,flydsl,3081,4,21.3649,flydsl_hgemm_abf16_wbf16_bf16_t64x128x64x5_ks4_w2x4x1_bias0_ktail0_gm0_pft_gfx950,0.0133,301.54,1374.22
gfx950,256,3072,256,6144,False,torch.bfloat16,torch.bfloat16,False,False,flydsl,2173,1,26.0406,flydsl_hgemm_abf16_wbf16_bf16_t48x64x128x4_ks1_w1x4x1_bias0_ktail0_gm4_pft_gfx950,0.0,371.1,1630.81
gfx950,256,4096,256,6144,False,torch.bfloat16,torch.bfloat16,False,False,flydsl,2747,1,29.7257,flydsl_hgemm_abf16_wbf16_bf16_t64x64x128x4_ks1_w2x2x2_bias0_ktail0_gm4_pft_gfx950,0.0057,433.46,1869.58
gfx950,256,8192,256,6144,False,torch.bfloat16,torch.bfloat16,False,False,flydsl,1083,1,44.5501,flydsl_hgemm_abf16_wbf16_bf16_t64x128x128x3_ks1_w2x2x2_bias0_ktail0_gm4_pft_gfx950,0.0057,578.45,2424.31
gfx950,256,16384,256,6144,False,torch.bfloat16,torch.bfloat16,False,False,flydsl,3,1,71.843,flydsl_hgemm_abf16_wbf16_bf16_t128x128x128x2_ks1_w2x2x1_bias0_ktail0_gm4_pht_gfx950,0.0,717.39,2962.86
gfx950,256,32768,256,6144,False,torch.bfloat16,torch.bfloat16,False,False,torch,0,0,111.0283,native,0.0,928.4,3806.02
gfx950,256,1,2624,6144,False,torch.bfloat16,torch.bfloat16,False,False,flydsl,789,6,8.6795,flydsl_hgemm_abf16_wbf16_bf16_t16x64x64x7_ks6_w1x2x1_bias0_ktail0_gm0_pft_gfx950,0.0152,3.71,3716.95
gfx950,256,2,2624,6144,False,torch.bfloat16,torch.bfloat16,False,False,flydsl,771,6,8.7083,flydsl_hgemm_abf16_wbf16_bf16_t16x64x64x6_ks6_w1x2x1_bias0_ktail0_gm0_pft_gfx950,0.0145,7.41,3706.67
gfx950,256,4,2624,6144,False,torch.bfloat16,torch.bfloat16,False,False,flydsl,873,6,8.7534,flydsl_hgemm_abf16_wbf16_bf16_t16x64x64x5_ks6_w1x2x1_bias0_ktail0_gm0_pft_gfx950,0.0158,14.73,3691.58
gfx950,256,8,2624,6144,False,torch.bfloat16,torch.bfloat16,False,False,flydsl,909,6,8.9813,flydsl_hgemm_abf16_wbf16_bf16_t16x64x64x7_ks6_w1x2x1_bias0_ktail0_gm0_pft_gfx950,0.0178,28.72,3605.71
gfx950,256,16,2624,6144,False,torch.bfloat16,torch.bfloat16,False,False,flydsl,588,6,9.3541,flydsl_hgemm_abf16_wbf16_bf16_t16x64x128x3_ks6_w1x2x1_bias0_ktail0_gm0_pft_gfx950,0.0169,55.15,3477.01
gfx950,256,32,2624,6144,False,torch.bfloat16,torch.bfloat16,False,False,flydsl,3019,6,10.3778,flydsl_hgemm_abf16_wbf16_bf16_t32x64x64x9_ks6_w2x2x1_bias0_ktail0_gm0_pft_gfx950,0.0173,99.42,3161.06
gfx950,256,48,2624,6144,False,torch.bfloat16,torch.bfloat16,False,False,flydsl,5597,6,11.6031,flydsl_hgemm_abf16_wbf16_bf16_t64x64x64x5_ks6_w2x4x1_bias0_ktail0_gm0_pft_gfx950,0.0176,133.39,2851.43
gfx950,256,64,2624,6144,False,torch.bfloat16,torch.bfloat16,False,False,flydsl,5671,6,12.6749,flydsl_hgemm_abf16_wbf16_bf16_t64x64x64x6_ks6_w2x4x1_bias0_ktail0_gm0_pft_gfx950,0.0175,162.81,2632.45
gfx950,256,128,2624,6144,False,torch.bfloat16,torch.bfloat16,False,False,flydsl,5358,3,17.3121,flydsl_hgemm_abf16_wbf16_bf16_t64x64x64x6_ks3_w2x4x1_bias0_ktail0_gm0_pft_gfx950,0.0101,238.4,1992.15
gfx950,256,256,2624,6144,False,torch.bfloat16,torch.bfloat16,False,False,flydsl,4281,4,23.2273,flydsl_hgemm_abf16_wbf16_bf16_t64x96x64x4_ks4_w2x2x1_bias0_ktail0_gm0_pft_gfx950,0.013,355.37,1581.45
gfx950,256,16384,2624,6144,False,torch.bfloat16,torch.bfloat16,False,False,torch,0,0,403.9291,native,0.0,1307.86,791.11
gfx950,256,1,4096,2048,False,torch.bfloat16,torch.bfloat16,False,False,flydsl,121,1,5.8513,flydsl_hgemm_abf16_wbf16_bf16_t16x16x256x5_ks1_w1x1x2_bias0_ktail0_gm4_pft_gfx950,0.0034,2.87,2869.36
gfx950,256,2,4096,2048,False,torch.bfloat16,torch.bfloat16,False,False,flydsl,121,1,5.9699,flydsl_hgemm_abf16_wbf16_bf16_t16x16x256x5_ks1_w1x1x2_bias0_ktail0_gm4_pft_gfx950,0.0024,5.62,2814.42
gfx950,256,4,4096,2048,False,torch.bfloat16,torch.bfloat16,False,False,flydsl,117,1,5.8537,flydsl_hgemm_abf16_wbf16_bf16_t16x16x256x4_ks1_w1x1x2_bias0_ktail0_gm4_pft_gfx950,0.0034,11.46,2874.48
gfx950,256,8,4096,2048,False,torch.bfloat16,torch.bfloat16,False,False,flydsl,121,1,6.011,flydsl_hgemm_abf16_wbf16_bf16_t16x16x256x5_ks1_w1x1x2_bias0_ktail0_gm4_pft_gfx950,0.0035,22.33,2807.44
gfx950,256,16,4096,2048,False,torch.bfloat16,torch.bfloat16,False,False,triton,0,0,5.9952,auto,0.0,44.78,2831.24
gfx950,256,32,4096,2048,False,torch.bfloat16,torch.bfloat16,False,False,flydsl,202,1,7.0777,flydsl_hgemm_abf16_wbf16_bf16_t16x32x128x6_ks1_w1x2x1_bias0_ktail0_gm0_pft_gfx950,0.0,75.85,2425.99
gfx950,256,48,4096,2048,False,torch.bfloat16,torch.bfloat16,False,False,flydsl,1130,1,7.4583,flydsl_hgemm_abf16_wbf16_bf16_t32x32x64x8_ks1_w2x2x1_bias0_ktail0_gm0_pft_gfx950,0.0,107.97,2328.55
gfx950,256,64,4096,2048,False,torch.bfloat16,torch.bfloat16,False,False,flydsl,1120,1,7.9431,flydsl_hgemm_abf16_wbf16_bf16_t32x32x64x8_ks1_w2x2x1_bias0_ktail0_gm0_pft_gfx950,0.0,135.18,2211.18
gfx950,256,128,4096,2048,False,torch.bfloat16,torch.bfloat16,False,False,flydsl,2844,1,9.7014,flydsl_hgemm_abf16_wbf16_bf16_t64x32x128x4_ks1_w4x1x1_bias0_ktail0_gm4_pft_gfx950,0.0,221.36,1891.49
gfx950,256,256,4096,2048,False,torch.bfloat16,torch.bfloat16,False,False,flydsl,2799,1,11.7823,flydsl_hgemm_abf16_wbf16_bf16_t64x64x64x6_ks1_w4x2x1_bias0_ktail0_gm0_pft_gfx950,0.0,364.53,1690.92
gfx950,256,16384,4096,2048,False,torch.bfloat16,torch.bfloat16,False,False,torch,0,0,207.3129,native,0.0,1325.91,1052.05
gfx950,256,1,6144,3072,False,torch.bfloat16,torch.bfloat16,False,False,flydsl,251,1,8.3522,flydsl_hgemm_abf16_wbf16_bf16_t16x32x128x6_ks1_w1x2x1_bias0_ktail0_gm0_pft_gfx950,0.0,4.52,4521.82
gfx950,256,1,6144,4096,False,torch.bfloat16,torch.bfloat16,False,False,flydsl,101,1,11.0425,flydsl_hgemm_abf16_wbf16_bf16_t16x16x128x7_ks1_w1x1x1_bias0_ktail0_gm4_pft_gfx950,0.0,4.56,4559.85
gfx950,256,1,6144,6144,False,torch.bfloat16,torch.bfloat16,False,False,flydsl,136,1,15.4147,flydsl_hgemm_abf16_wbf16_bf16_t16x16x128x6_ks1_w1x1x1_bias0_ktail0_gm0_pft_gfx950,0.0,4.9,4899.35
gfx950,256,2,6144,3072,False,torch.bfloat16,torch.bfloat16,False,False,flydsl,251,1,8.4327,flydsl_hgemm_abf16_wbf16_bf16_t16x32x128x6_ks1_w1x2x1_bias0_ktail0_gm0_pft_gfx950,0.0,8.95,4480.84
gfx950,256,2,6144,4096,False,torch.bfloat16,torch.bfloat16,False,False,flydsl,119,1,11.0296,flydsl_hgemm_abf16_wbf16_bf16_t16x16x256x3_ks1_w1x1x2_bias0_ktail0_gm4_pft_gfx950,0.0042,9.13,4567.04
gfx950,256,2,6144,6144,False,torch.bfloat16,torch.bfloat16,False,False,flydsl,136,1,15.4605,flydsl_hgemm_abf16_wbf16_bf16_t16x16x128x6_ks1_w1x1x1_bias0_ktail0_gm0_pft_gfx950,0.0,9.77,4886.43
gfx950,256,4,6144,3072,False,torch.bfloat16,torch.bfloat16,False,False,flydsl,270,1,8.6736,flydsl_hgemm_abf16_wbf16_bf16_t16x32x128x8_ks1_w1x2x1_bias0_ktail0_gm0_pft_gfx950,0.0,17.41,4360.64
gfx950,256,4,6144,4096,False,torch.bfloat16,torch.bfloat16,False,False,flydsl,119,1,11.1635,flydsl_hgemm_abf16_wbf16_bf16_t16x16x256x3_ks1_w1x1x2_bias0_ktail0_gm4_pft_gfx950,0.0046,18.03,4515.93
gfx950,256,4,6144,6144,False,torch.bfloat16,torch.bfloat16,False,False,flydsl,136,1,15.4889,flydsl_hgemm_abf16_wbf16_bf16_t16x16x128x6_ks1_w1x1x1_bias0_ktail0_gm0_pft_gfx950,0.0,19.5,4880.64
gfx950,256,8,6144,3072,False,torch.bfloat16,torch.bfloat16,False,False,flydsl,241,1,8.7856,flydsl_hgemm_abf16_wbf16_bf16_t16x32x128x5_ks1_w1x2x1_bias0_ktail0_gm0_pft_gfx950,0.0,34.37,4313.44
gfx950,256,8,6144,4096,False,torch.bfloat16,torch.bfloat16,False,False,flydsl,93,1,11.1387,flydsl_hgemm_abf16_wbf16_bf16_t16x16x128x5_ks1_w1x1x1_bias0_ktail0_gm4_pft_gfx950,0.0,36.15,4533.34
gfx950,256,16,6144,3072,False,torch.bfloat16,torch.bfloat16,False,False,flydsl,241,1,9.2069,flydsl_hgemm_abf16_wbf16_bf16_t16x32x128x5_ks1_w1x2x1_bias0_ktail0_gm0_pft_gfx950,0.0,65.6,4132.08
gfx950,256,16,6144,4096,False,torch.bfloat16,torch.bfloat16,False,False,flydsl,93,1,12.0003,flydsl_hgemm_abf16_wbf16_bf16_t16x16x128x5_ks1_w1x1x1_bias0_ktail0_gm4_pft_gfx950,0.0,67.11,4221.51
gfx950,256,16,6144,6144,False,torch.bfloat16,torch.bfloat16,False,False,flydsl,488,2,16.1966,flydsl_hgemm_abf16_wbf16_bf16_t16x64x128x5_ks2_w1x4x1_bias0_ktail0_gm0_pft_gfx950,0.0054,74.58,4685.59
gfx950,256,32,6144,3072,False,torch.bfloat16,torch.bfloat16,False,False,triton,0,0,10.3364,auto,0.0,116.86,3709.08
gfx950,256,32,6144,4096,False,torch.bfloat16,torch.bfloat16,False,False,triton,0,0,12.7791,auto,0.0,126.03,3989.87
gfx950,256,32,6144,6144,False,torch.bfloat16,torch.bfloat16,False,False,flydsl,1660,2,17.4663,flydsl_hgemm_abf16_wbf16_bf16_t32x64x128x4_ks2_w1x4x1_bias0_ktail0_gm0_pft_gfx950,0.0056,138.32,4367.49
gfx950,256,48,6144,3072,False,torch.bfloat16,torch.bfloat16,False,False,flydsl,1909,1,12.28,flydsl_hgemm_abf16_wbf16_bf16_t48x32x128x4_ks1_w1x2x2_bias0_ktail0_gm0_pft_gfx950,0.0042,147.55,3146.05
gfx950,256,48,6144,4096,False,torch.bfloat16,torch.bfloat16,False,False,flydsl,2979,4,14.5802,flydsl_hgemm_abf16_wbf16_bf16_t64x64x64x5_ks4_w2x4x1_bias0_ktail0_gm0_pft_gfx950,0.0116,165.7,3519.48
gfx950,256,48,6144,6144,False,torch.bfloat16,torch.bfloat16,False,False,flydsl,4468,4,19.4322,flydsl_hgemm_abf16_wbf16_bf16_t64x96x64x4_ks4_w2x2x1_bias0_ktail0_gm0_pft_gfx950,0.0129,186.49,3945.88
gfx950,256,64,6144,3072,False,torch.bfloat16,torch.bfloat16,False,False,triton,0,0,12.8094,auto,0.0,188.61,3039.05
gfx950,256,64,6144,4096,False,torch.bfloat16,torch.bfloat16,False,False,triton,0,0,15.9025,auto,0.0,202.56,3247.44
gfx950,256,64,6144,6144,False,torch.bfloat16,torch.bfloat16,False,False,flydsl,4294,4,20.8891,flydsl_hgemm_abf16_wbf16_bf16_t64x96x64x5_ks4_w2x2x1_bias0_ktail0_gm0_pft_gfx950,0.0128,231.31,3689.5
gfx950,256,128,6144,3072,False,torch.bfloat16,torch.bfloat16,False,False,triton,0,0,16.748,auto,0.0,288.5,2394.8
gfx950,256,128,6144,4096,False,torch.bfloat16,torch.bfloat16,False,False,flydsl,2953,2,20.777,flydsl_hgemm_abf16_wbf16_bf16_t64x96x64x4_ks2_w2x2x1_bias0_ktail0_gm0_pft_gfx950,0.0049,310.08,2548.64
gfx950,256,128,6144,6144,False,torch.bfloat16,torch.bfloat16,False,False,flydsl,3577,2,26.7464,flydsl_hgemm_abf16_wbf16_bf16_t64x96x128x3_ks2_w2x2x2_bias0_ktail0_gm0_pft_gfx950,0.0135,361.31,2940.33
gfx950,256,256,6144,3072,False,torch.bfloat16,torch.bfloat16,False,False,flydsl,2350,1,20.283,flydsl_hgemm_abf16_wbf16_bf16_t64x96x128x3_ks1_w2x2x2_bias0_ktail0_gm0_pft_gfx950,0.0042,476.44,2093.74
gfx950,256,256,6144,4096,False,torch.bfloat16,torch.bfloat16,False,False,flydsl,2066,1,25.622,flydsl_hgemm_abf16_wbf16_bf16_t64x96x128x3_ks1_w2x2x2_bias0_ktail0_gm0_pft_gfx950,0.0049,502.88,2169.02
gfx950,256,256,6144,6144,False,torch.bfloat16,torch.bfloat16,False,False,flydsl,2350,1,37.3792,flydsl_hgemm_abf16_wbf16_bf16_t64x96x128x3_ks1_w2x2x2_bias0_ktail0_gm0_pft_gfx950,0.0057,517.06,2188.09
gfx950,256,16384,6144,3072,False,torch.bfloat16,torch.bfloat16,False,False,torch,0,0,420.6991,native,0.0,1470.11,807.56
gfx950,256,16384,6144,6144,False,torch.bfloat16,torch.bfloat16,False,False,torch,0,0,914.358,native,0.0,1352.81,522.94
gfx950,256,1,19360,6144,False,torch.bfloat16,torch.bfloat16,False,False,flydsl,231,2,42.8055,flydsl_hgemm_abf16_wbf16_bf16_t16x96x128x2_ks2_w1x2x1_bias0_ktail0_gm0_pft_gfx950,0.0051,5.56,5558.79
gfx950,256,2,19360,6144,False,torch.bfloat16,torch.bfloat16,False,False,flydsl,231,2,43.3479,flydsl_hgemm_abf16_wbf16_bf16_t16x96x128x2_ks2_w1x2x1_bias0_ktail0_gm0_pft_gfx950,0.0051,10.98,5490.41
gfx950,256,4,19360,6144,False,torch.bfloat16,torch.bfloat16,False,False,flydsl,231,2,43.2415,flydsl_hgemm_abf16_wbf16_bf16_t16x96x128x2_ks2_w1x2x1_bias0_ktail0_gm0_pft_gfx950,0.0053,22.01,5506.28
gfx950,256,8,19360,6144,False,torch.bfloat16,torch.bfloat16,False,False,flydsl,237,1,42.9406,flydsl_hgemm_abf16_wbf16_bf16_t16x96x128x4_ks1_w1x2x1_bias0_ktail0_gm0_pft_gfx950,0.0,44.32,5549.61
gfx950,256,16,19360,6144,False,torch.bfloat16,torch.bfloat16,False,False,flydsl,231,2,43.9166,flydsl_hgemm_abf16_wbf16_bf16_t16x96x128x2_ks2_w1x2x1_bias0_ktail0_gm0_pft_gfx950,0.0055,86.67,5435.57
gfx950,256,24,19360,6144,False,torch.bfloat16,torch.bfloat16,False,False,torch,0,0,43.8795,native,0.0,130.12,5449.47
gfx950,256,32,19360,6144,False,torch.bfloat16,torch.bfloat16,False,False,flydsl,670,2,46.6754,flydsl_hgemm_abf16_wbf16_bf16_t32x96x128x2_ks2_w2x2x1_bias0_ktail0_gm0_pft_gfx950,0.0057,163.1,5131.78
gfx950,256,48,19360,6144,False,torch.bfloat16,torch.bfloat16,False,False,flydsl,605,2,49.5542,flydsl_hgemm_abf16_wbf16_bf16_t48x96x128x2_ks2_w1x2x1_bias0_ktail0_gm0_pft_gfx950,0.0057,230.43,4850.12
gfx950,256,64,19360,6144,False,torch.bfloat16,torch.bfloat16,False,False,flydsl,1140,1,49.8473,flydsl_hgemm_abf16_wbf16_bf16_t64x96x128x3_ks1_w2x2x1_bias0_ktail0_gm0_pft_gfx950,0.0,305.44,4837.98
gfx950,256,96,19360,6144,False,torch.bfloat16,torch.bfloat16,False,False,torch,0,0,55.2305,native,0.0,413.5,4395.98
gfx950,256,128,19360,6144,False,torch.bfloat16,torch.bfloat16,False,False,torch,0,0,63.2918,native,0.0,481.12,3861.87
gfx950,256,192,19360,6144,False,torch.bfloat16,torch.bfloat16,False,False,torch,0,0,73.2867,native,0.0,623.25,3379.73
gfx950,256,256,19360,6144,False,torch.bfloat16,torch.bfloat16,False,False,torch,0,0,82.4756,native,0.0,738.42,3042.76
gfx950,256,384,19360,6144,False,torch.bfloat16,torch.bfloat16,False,False,flydsl,14,1,106.6148,flydsl_hgemm_abf16_wbf16_bf16_t128x128x64x2_ks1_w2x2x1_bias0_ktail0_gm0_pft_gfx950,0.0,856.84,2415.08
gfx950,256,512,19360,6144,False,torch.bfloat16,torch.bfloat16,False,False,torch,0,0,116.2432,native,0.0,1047.83,2271.2
gfx950,256,768,19360,6144,False,torch.bfloat16,torch.bfloat16,False,False,flydsl,81,1,146.3629,flydsl_hgemm_abf16_wbf16_bf16_t256x256x64x2_ks1_w2x4x1_bias0_ktail0_gm0_pht_gfx950,0.0,1248.29,1893.03
gfx950,256,1024,19360,6144,False,torch.bfloat16,torch.bfloat16,False,False,torch,0,0,217.2514,native,0.0,1121.31,1335.45
gfx950,256,1536,19360,6144,False,torch.bfloat16,torch.bfloat16,False,False,flydsl,83,1,271.2954,flydsl_hgemm_abf16_wbf16_bf16_t256x256x64x2_ks1_w2x4x1_bias0_ktail0_gm4_pht_gfx950,0.0,1346.9,1165.68
gfx950,256,2048,19360,6144,False,torch.bfloat16,torch.bfloat16,False,False,flydsl,83,1,387.1395,flydsl_hgemm_abf16_wbf16_bf16_t256x256x64x2_ks1_w2x4x1_bias0_ktail0_gm4_pht_gfx950,0.0,1258.49,884.33
gfx950,256,3072,19360,6144,False,torch.bfloat16,torch.bfloat16,False,False,flydsl,83,1,536.6091,flydsl_hgemm_abf16_wbf16_bf16_t256x256x64x2_ks1_w2x4x1_bias0_ktail0_gm4_pht_gfx950,0.0,1361.91,735.34
gfx950,256,4096,19360,6144,False,torch.bfloat16,torch.bfloat16,False,False,torch,0,0,657.2339,native,0.0,1482.61,679.86
gfx950,256,8192,19360,6144,False,torch.bfloat16,torch.bfloat16,False,False,flydsl,1,1,1312.391,flydsl_hgemm_abf16_wbf16_bf16_t256x256x64x2_ks1_w2x4x1_bias0_ktail0_gm4_pht_gfx950,0.0,1484.95,499.66
gfx950,256,16384,19360,6144,False,torch.bfloat16,torch.bfloat16,False,False,flydsl,1,1,2569.6522,flydsl_hgemm_abf16_wbf16_bf16_t256x256x64x2_ks1_w2x4x1_bias0_ktail0_gm4_pht_gfx950,0.0,1516.81,417.8
gfx950,256,32768,19360,6144,False,torch.bfloat16,torch.bfloat16,False,False,torch,0,0,5249.4725,native,0.0,1484.98,363.72
gfx950,256,1,38720,6144,False,torch.bfloat16,torch.bfloat16,False,False,flydsl,95,1,84.4443,flydsl_hgemm_abf16_wbf16_bf16_t16x96x128x2_ks1_w1x2x1_bias0_ktail0_gm0_pft_gfx950,0.0,5.63,5635.44
gfx950,256,2,38720,6144,False,torch.bfloat16,torch.bfloat16,False,False,flydsl,95,1,86.0724,flydsl_hgemm_abf16_wbf16_bf16_t16x96x128x2_ks1_w1x2x1_bias0_ktail0_gm0_pft_gfx950,0.0,11.06,5529.89
gfx950,256,4,38720,6144,False,torch.bfloat16,torch.bfloat16,False,False,flydsl,96,1,84.5629,flydsl_hgemm_abf16_wbf16_bf16_t16x96x128x2_ks1_w1x2x2_bias0_ktail0_gm0_pft_gfx950,0.0058,22.51,5630.72
gfx950,256,8,38720,6144,False,torch.bfloat16,torch.bfloat16,False,False,flydsl,108,1,83.1704,flydsl_hgemm_abf16_wbf16_bf16_t16x96x64x5_ks1_w1x2x1_bias0_ktail0_gm0_pft_gfx950,0.0,45.77,5729.31
gfx950,256,16,38720,6144,False,torch.bfloat16,torch.bfloat16,False,False,triton,0,0,85.6283,auto,0.0,88.9,5573.24
gfx950,256,24,38720,6144,False,torch.bfloat16,torch.bfloat16,False,False,flydsl,297,1,84.9735,flydsl_hgemm_abf16_wbf16_bf16_t32x96x64x4_ks1_w1x2x1_bias0_ktail0_gm0_pft_gfx950,0.0,134.38,5624.63
gfx950,256,32,38720,6144,False,torch.bfloat16,torch.bfloat16,False,False,triton,0,0,90.6569,auto,0.0,167.94,5279.94
gfx950,256,48,38720,6144,False,torch.bfloat16,torch.bfloat16,False,False,flydsl,237,1,97.5186,flydsl_hgemm_abf16_wbf16_bf16_t48x96x128x2_ks1_w1x2x2_bias0_ktail0_gm0_pft_gfx950,0.0057,234.19,4923.15
gfx950,256,64,38720,6144,False,torch.bfloat16,torch.bfloat16,False,False,torch,0,0,98.3879,native,0.0,309.5,4894.24
gfx950,256,96,38720,6144,False,torch.bfloat16,torch.bfloat16,False,False,torch,0,0,98.3404,native,0.0,464.47,4925.8
gfx950,256,128,38720,6144,False,torch.bfloat16,torch.bfloat16,False,False,torch,0,0,109.8359,native,0.0,554.48,4436.41
gfx950,256,192,38720,6144,False,torch.bfloat16,torch.bfloat16,False,False,torch,0,0,123.4004,native,0.0,740.29,3995.28
gfx950,256,256,38720,6144,False,torch.bfloat16,torch.bfloat16,False,False,torch,0,0,127.7926,native,0.0,953.13,3902.9
gfx950,256,384,38720,6144,False,torch.bfloat16,torch.bfloat16,False,False,torch,0,0,185.8461,native,0.0,983.09,2745.53
gfx950,256,512,38720,6144,False,torch.bfloat16,torch.bfloat16,False,False,torch,0,0,226.5146,native,0.0,1075.45,2303.3
gfx950,256,768,38720,6144,False,torch.bfloat16,torch.bfloat16,False,False,flydsl,49,1,280.1061,flydsl_hgemm_abf16_wbf16_bf16_t256x256x64x2_ks1_w2x4x1_bias0_ktail0_gm4_pht_gfx950,0.0,1304.53,1944.63
gfx950,256,1024,38720,6144,False,torch.bfloat16,torch.bfloat16,False,False,flydsl,77,1,395.4026,flydsl_hgemm_abf16_wbf16_bf16_t256x256x64x2_ks1_w2x4x1_bias0_ktail0_gm4_pht_gfx950,0.0,1232.19,1435.68
gfx950,256,1536,38720,6144,False,torch.bfloat16,torch.bfloat16,False,False,flydsl,49,1,543.6542,flydsl_hgemm_abf16_wbf16_bf16_t256x256x64x2_ks1_w2x4x1_bias0_ktail0_gm4_pht_gfx950,0.0,1344.27,1128.68
gfx950,256,2048,38720,6144,False,torch.bfloat16,torch.bfloat16,False,False,flydsl,83,1,667.9189,flydsl_hgemm_abf16_wbf16_bf16_t256x256x64x2_ks1_w2x4x1_bias0_ktail0_gm4_pht_gfx950,0.0,1458.89,987.48
gfx950,256,3072,38720,6144,False,torch.bfloat16,torch.bfloat16,False,False,flydsl,77,1,1068.4863,flydsl_hgemm_abf16_wbf16_bf16_t256x256x64x2_ks1_w2x4x1_bias0_ktail0_gm4_pht_gfx950,0.0,1367.95,703.27
gfx950,256,4096,38720,6144,False,torch.bfloat16,torch.bfloat16,False,False,flydsl,1,1,1335.4891,flydsl_hgemm_abf16_wbf16_bf16_t256x256x64x2_ks1_w2x4x1_bias0_ktail0_gm4_pht_gfx950,0.0,1459.27,631.47
gfx950,256,8192,38720,6144,False,torch.bfloat16,torch.bfloat16,False,False,flydsl,1,1,2511.3293,flydsl_hgemm_abf16_wbf16_bf16_t256x256x64x2_ks1_w2x4x1_bias0_ktail0_gm4_pht_gfx950,0.0,1552.04,482.15
gfx950,256,16384,38720,6144,False,torch.bfloat16,torch.bfloat16,False,False,flydsl,1,1,5126.3039,flydsl_hgemm_abf16_wbf16_bf16_t256x256x64x2_ks1_w2x4x1_bias0_ktail0_gm4_pht_gfx950,0.0,1520.66,379.59
gfx950,256,32768,38720,6144,False,torch.bfloat16,torch.bfloat16,False,False,torch,0,0,10785.3798,native,0.0,1445.54,316.72
gfx950,256,128,128,6144,False,torch.bfloat16,torch.bfloat16,False,False,flydsl,1455,6,6.2028,flydsl_hgemm_abf16_wbf16_bf16_t16x32x128x5_ks6_w1x2x1_bias0_ktail0_gm0_pft_gfx950,0.0176,32.46,512.43
gfx950,256,16384,128,6144,False,torch.bfloat16,torch.bfloat16,False,False,flydsl,91,2,52.3568,flydsl_hgemm_abf16_wbf16_bf16_t128x128x64x4_ks2_w4x2x1_bias0_ktail0_gm0_pft_gfx950,0.0058,492.2,3955.43
gfx950,256,16,128,6144,False,torch.bfloat16,torch.bfloat16,False,False,flydsl,336,8,4.225,flydsl_hgemm_abf16_wbf16_bf16_t16x32x128x5_ks8_w1x2x1_bias0_ktail0_gm0_pft_gfx950,0.0205,5.96,419.78
gfx950,256,1,128,6144,False,torch.bfloat16,torch.bfloat16,False,False,skinny,2,0,3.5864,sol2,0.0,0.44,442.06
gfx950,256,256,128,6144,False,torch.bfloat16,torch.bfloat16,False,False,flydsl,3872,6,7.103,flydsl_hgemm_abf16_wbf16_bf16_t32x32x64x9_ks6_w2x1x1_bias0_ktail0_gm0_pft_gfx950,0.0184,56.69,673.54
gfx950,256,2,128,6144,False,torch.bfloat16,torch.bfloat16,False,False,flydsl,374,8,4.1283,flydsl_hgemm_abf16_wbf16_bf16_t16x32x128x7_ks8_w1x2x1_bias0_ktail0_gm0_pft_gfx950,0.0156,0.76,387.07
gfx950,256,32,128,6144,False,torch.bfloat16,torch.bfloat16,False,False,flydsl,2401,8,4.5903,flydsl_hgemm_abf16_wbf16_bf16_t32x32x64x6_ks8_w2x2x1_bias0_ktail0_gm0_pft_gfx950,0.0173,10.96,430.1
gfx950,256,48,128,6144,False,torch.bfloat16,torch.bfloat16,False,False,flydsl,355,8,4.9776,flydsl_hgemm_abf16_wbf16_bf16_t16x32x128x6_ks8_w1x2x1_bias0_ktail0_gm0_pft_gfx950,0.019,15.17,436.95
gfx950,256,4,128,6144,False,torch.bfloat16,torch.bfloat16,False,False,flydsl,374,8,4.1889,flydsl_hgemm_abf16_wbf16_bf16_t16x32x128x7_ks8_w1x2x1_bias0_ktail0_gm0_pft_gfx950,0.0137,1.5,387.46
gfx950,256,64,128,6144,False,torch.bfloat16,torch.bfloat16,False,False,flydsl,2021,8,5.1298,flydsl_hgemm_abf16_wbf16_bf16_t32x32x128x6_ks8_w2x2x1_bias0_ktail0_gm0_pft_gfx950,0.0214,19.62,463.11
gfx950,256,8,128,6144,False,torch.bfloat16,torch.bfloat16,False,False,flydsl,355,8,4.2125,flydsl_hgemm_abf16_wbf16_bf16_t16x32x128x6_ks8_w1x2x1_bias0_ktail0_gm0_pft_gfx950,0.0186,2.99,397.2
gfx950,256,512,256,6144,False,torch.bfloat16,torch.bfloat16,False,False,flydsl,3318,4,11.2246,flydsl_hgemm_abf16_wbf16_bf16_t32x64x128x4_ks4_w2x2x1_bias0_ktail0_gm0_pft_gfx950,0.0132,143.49,864.11
gfx950,256,1024,256,6144,False,torch.bfloat16,torch.bfloat16,False,False,flydsl,5950,4,14.7865,flydsl_hgemm_abf16_wbf16_bf16_t64x64x64x6_ks4_w4x2x1_bias0_ktail0_gm0_pft_gfx950,0.0133,217.85,1099.17
gfx950,256,60,2624,6144,False,torch.bfloat16,torch.bfloat16,False,False,flydsl,5671,6,12.4688,flydsl_hgemm_abf16_wbf16_bf16_t64x64x64x6_ks6_w2x4x1_bias0_ktail0_gm0_pft_gfx950,0.0173,155.16,2670.33
gfx950,256,84,2624,6144,False,torch.bfloat16,torch.bfloat16,False,False,flydsl,6703,6,14.5864,flydsl_hgemm_abf16_wbf16_bf16_t96x64x64x5_ks6_w2x2x1_bias0_ktail0_gm0_pft_gfx950,0.0174,185.68,2311.52
gfx950,256,84,4096,2048,False,torch.bfloat16,torch.bfloat16,False,False,flydsl,2175,1,8.9181,flydsl_hgemm_abf16_wbf16_bf16_t48x32x128x5_ks1_w1x2x2_bias0_ktail0_gm4_pft_gfx950,0.0034,158.03,1997.0
gfx950,256,48,6144,2048,False,torch.bfloat16,torch.bfloat16,False,False,flydsl,1236,1,9.4211,flydsl_hgemm_abf16_wbf16_bf16_t32x64x64x6_ks1_w2x2x1_bias0_ktail0_gm0_pft_gfx950,0.0,128.22,2754.69
gfx950,256,60,6144,4096,False,torch.bfloat16,torch.bfloat16,False,False,flydsl,2906,4,15.7174,flydsl_hgemm_abf16_wbf16_bf16_t64x64x64x5_ks4_w4x1x1_bias0_ktail0_gm0_pft_gfx950,0.0116,192.14,3280.47
gfx950,256,84,6144,2048,False,torch.bfloat16,torch.bfloat16,False,False,flydsl,1459,1,10.7852,flydsl_hgemm_abf16_wbf16_bf16_t32x64x64x6_ks1_w1x2x1_bias0_ktail0_gm0_pft_gfx950,0.0,196.0,2460.97
gfx950,256,84,6144,4096,False,torch.bfloat16,torch.bfloat16,False,False,flydsl,3114,2,18.2948,flydsl_hgemm_abf16_wbf16_bf16_t64x96x64x7_ks2_w2x2x1_bias0_ktail0_gm0_pft_gfx950,0.0048,231.1,2845.18
gfx950,256,84,2048,2048,False,torch.bfloat16,torch.bfloat16,False,False,flydsl,1647,1,7.3219,flydsl_hgemm_abf16_wbf16_bf16_t32x32x128x6_ks1_w2x2x1_bias0_ktail0_gm0_pft_gfx950,0.0,96.24,1239.67
gfx950,256,24,2624,6144,False,torch.bfloat16,torch.bfloat16,False,False,flydsl,2387,6,9.8782,flydsl_hgemm_abf16_wbf16_bf16_t32x64x128x4_ks6_w2x2x1_bias0_ktail0_gm0_pft_gfx950,0.0176,78.34,3306.73
gfx950,256,60,4096,2048,False,torch.bfloat16,torch.bfloat16,False,False,flydsl,1121,1,7.722,flydsl_hgemm_abf16_wbf16_bf16_t32x32x64x8_ks1_w2x2x1_bias0_ktail0_gm4_pft_gfx950,0.0,130.36,2268.13
gfx950,256,12,6144,4096,False,torch.bfloat16,torch.bfloat16,False,False,flydsl,101,1,11.7476,flydsl_hgemm_abf16_wbf16_bf16_t16x16x128x7_ks1_w1x1x1_bias0_ktail0_gm4_pft_gfx950,0.0,51.41,4305.34
gfx950,256,24,6144,2048,False,torch.bfloat16,torch.bfloat16,False,False,triton,0,0,7.9939,auto,0.0,75.56,3197.32
gfx950,256,24,6144,4096,False,torch.bfloat16,torch.bfloat16,False,False,triton,0,0,12.4328,auto,0.0,97.16,4087.83
gfx950,256,84,7168,512,False,torch.bfloat16,torch.bfloat16,False,False,flydsl,2276,1,5.3725,flydsl_hgemm_abf16_wbf16_bf16_t64x64x64x4_ks1_w2x2x1_bias0_ktail0_gm0_pft_gfx950,0.0,114.76,1606.38
gfx950,256,48,2048,2048,False,torch.bfloat16,torch.bfloat16,False,False,flydsl,799,1,6.5523,flydsl_hgemm_abf16_wbf16_bf16_t32x16x128x8_ks1_w2x1x1_bias0_ktail0_gm4_pft_gfx950,0.0,61.45,1340.27
gfx950,256,60,2048,2048,False,torch.bfloat16,torch.bfloat16,False,False,flydsl,216,1,6.6582,flydsl_hgemm_abf16_wbf16_bf16_t16x32x128x8_ks1_w1x2x1_bias0_ktail0_gm0_pft_gfx950,0.0,75.59,1333.71
gfx950,256,12,2624,6144,False,torch.bfloat16,torch.bfloat16,False,False,flydsl,590,6,9.1737,flydsl_hgemm_abf16_wbf16_bf16_t16x64x128x3_ks6_w1x4x1_bias0_ktail0_gm0_pft_gfx950,0.0172,42.18,3537.74
gfx950,256,24,4096,2048,False,torch.bfloat16,torch.bfloat16,False,False,flydsl,837,1,6.7967,flydsl_hgemm_abf16_wbf16_bf16_t32x16x256x4_ks1_w2x1x1_bias0_ktail0_gm4_pft_gfx950,0.0,59.24,2511.83
gfx950,256,10,6144,4096,False,torch.bfloat16,torch.bfloat16,False,False,flydsl,121,1,11.4306,flydsl_hgemm_abf16_wbf16_bf16_t16x16x256x4_ks1_w1x1x1_bias0_ktail0_gm4_pft_gfx950,0.0,44.03,4421.15
gfx950,256,60,7168,512,False,torch.bfloat16,torch.bfloat16,False,False,flydsl,859,1,5.0455,flydsl_hgemm_abf16_wbf16_bf16_t32x64x64x6_ks1_w1x2x1_bias0_ktail0_gm0_pft_gfx950,0.0,87.29,1637.43
gfx950,256,84,256,6144,False,torch.bfloat16,torch.bfloat16,False,False,flydsl,3719,8,6.4787,flydsl_hgemm_abf16_wbf16_bf16_t32x32x64x7_ks8_w2x1x1_bias0_ktail0_gm0_pft_gfx950,0.019,40.79,651.51
gfx950,256,84,3584,512,False,torch.bfloat16,torch.bfloat16,False,False,flydsl,2205,1,4.388,flydsl_hgemm_abf16_wbf16_bf16_t64x32x64x6_ks1_w4x1x1_bias0_ktail0_gm0_pft_gfx950,0.0,70.26,993.2
gfx950,256,6,6144,4096,False,torch.bfloat16,torch.bfloat16,False,False,flydsl,121,1,11.048,flydsl_hgemm_abf16_wbf16_bf16_t16x16x256x4_ks1_w1x1x1_bias0_ktail0_gm4_pft_gfx950,0.0,27.33,4566.85
gfx950,256,12,6144,2048,False,torch.bfloat16,torch.bfloat16,False,False,flydsl,155,1,7.3133,flydsl_hgemm_abf16_wbf16_bf16_t16x16x64x8_ks1_w1x1x1_bias0_ktail0_gm4_pft_gfx950,0.0,41.29,3467.99
gfx950,256,24,2048,2048,False,torch.bfloat16,torch.bfloat16,False,False,flydsl,115,1,5.919,flydsl_hgemm_abf16_wbf16_bf16_t16x16x256x4_ks1_w1x1x1_bias0_ktail0_gm4_pft_gfx950,0.0,34.01,1450.45
gfx950,256,6,2624,6144,False,torch.bfloat16,torch.bfloat16,False,False,flydsl,909,6,8.8409,flydsl_hgemm_abf16_wbf16_bf16_t16x64x64x7_ks6_w1x2x1_bias0_ktail0_gm0_pft_gfx950,0.0169,21.88,3659.01
gfx950,256,60,3584,512,False,torch.bfloat16,torch.bfloat16,False,False,flydsl,675,1,4.0749,flydsl_hgemm_abf16_wbf16_bf16_t32x32x64x8_ks1_w2x1x1_bias0_ktail0_gm0_pft_gfx950,0.0,54.04,1021.26
gfx950,256,12,4096,2048,False,torch.bfloat16,torch.bfloat16,False,False,flydsl,117,1,5.8776,flydsl_hgemm_abf16_wbf16_bf16_t16x16x256x4_ks1_w1x1x2_bias0_ktail0_gm4_pft_gfx950,0.0035,34.25,2879.52
gfx950,256,10,6144,2048,False,torch.bfloat16,torch.bfloat16,False,False,triton,0,0,7.2968,auto,0.0,34.49,3471.34
gfx950,256,84,6144,6144,False,torch.bfloat16,torch.bfloat16,False,False,flydsl,4380,4,23.434,flydsl_hgemm_abf16_wbf16_bf16_t96x96x64x4_ks4_w2x2x1_bias0_ktail0_gm0_pft_gfx950,0.013,270.62,3309.8
gfx950,256,60,256,6144,False,torch.bfloat16,torch.bfloat16,False,False,flydsl,391,6,6.1554,flydsl_hgemm_abf16_wbf16_bf16_t16x32x128x8_ks6_w1x2x1_bias0_ktail0_gm0_pft_gfx950,0.0166,30.66,635.82
gfx950,256,84,3072,6144,False,torch.bfloat16,torch.bfloat16,False,False,flydsl,5741,4,15.8056,flydsl_hgemm_abf16_wbf16_bf16_t64x96x64x4_ks4_w2x2x1_bias0_ktail0_gm0_pft_gfx950,0.0128,200.62,2486.27
gfx950,256,48,3584,512,False,torch.bfloat16,torch.bfloat16,False,False,flydsl,686,1,4.0237,flydsl_hgemm_abf16_wbf16_bf16_t32x32x64x8_ks1_w2x1x1_bias0_ktail0_gm0_pft_gfx950,0.0,43.78,1009.82
gfx950,256,6,6144,2048,False,torch.bfloat16,torch.bfloat16,False,False,flydsl,91,1,7.215,flydsl_hgemm_abf16_wbf16_bf16_t16x16x128x6_ks1_w1x1x1_bias0_ktail0_gm4_pft_gfx950,0.0,20.93,3501.61
gfx950,256,84,6144,3072,False,torch.bfloat16,torch.bfloat16,False,False,flydsl,1794,1,14.7615,flydsl_hgemm_abf16_wbf16_bf16_t32x64x64x6_ks1_w1x2x1_bias0_ktail0_gm0_pft_gfx950,0.0,214.81,2662.13
gfx950,256,24,7168,512,False,torch.bfloat16,torch.bfloat16,False,False,triton,0,0,4.4184,auto,0.0,39.87,1744.67
gfx950,256,12,2048,2048,False,torch.bfloat16,torch.bfloat16,False,False,triton,0,0,5.5475,auto,0.0,18.15,1529.86
gfx950,256,14,2048,2048,False,torch.bfloat16,torch.bfloat16,False,False,flydsl,111,1,5.9461,flydsl_hgemm_abf16_wbf16_bf16_t16x16x256x4_ks1_w1x1x2_bias0_ktail0_gm0_pft_gfx950,0.0038,19.75,1430.06
gfx950,256,6,4096,2048,False,torch.bfloat16,torch.bfloat16,False,False,flydsl,117,1,5.7961,flydsl_hgemm_abf16_wbf16_bf16_t16x16x256x4_ks1_w1x1x2_bias0_ktail0_gm4_pft_gfx950,0.0037,17.37,2907.29
gfx950,256,14,7168,512,False,torch.bfloat16,torch.bfloat16,False,False,triton,0,0,4.0794,auto,0.0,25.19,1852.01
gfx950,256,60,3072,6144,False,torch.bfloat16,torch.bfloat16,False,False,flydsl,4610,4,13.8516,flydsl_hgemm_abf16_wbf16_bf16_t64x64x128x3_ks4_w2x4x1_bias0_ktail0_gm0_pft_gfx950,0.0128,163.51,2805.07
gfx950,256,24,3584,512,False,torch.bfloat16,torch.bfloat16,False,False,flydsl,167,1,3.8064,flydsl_hgemm_abf16_wbf16_bf16_t16x32x64x9_ks1_w1x2x1_bias0_ktail0_gm0_pft_gfx950,0.0,23.14,1015.82
gfx950,256,12,7168,512,False,torch.bfloat16,torch.bfloat16,False,False,flydsl,167,1,4.3802,flydsl_hgemm_abf16_wbf16_bf16_t16x32x64x9_ks1_w1x2x1_bias0_ktail0_gm0_pft_gfx950,0.0,20.11,1717.81
gfx950,256,10,2048,2048,False,torch.bfloat16,torch.bfloat16,False,False,flydsl,96,1,5.858,flydsl_hgemm_abf16_wbf16_bf16_t16x16x128x8_ks1_w1x1x1_bias0_ktail0_gm0_pft_gfx950,0.0,14.32,1445.98
gfx950,256,10,7168,512,False,torch.bfloat16,torch.bfloat16,False,False,triton,0,0,4.0459,auto,0.0,18.14,1852.15
gfx950,256,8,2048,2048,False,torch.bfloat16,torch.bfloat16,False,False,flydsl,347,4,5.9523,flydsl_hgemm_abf16_wbf16_bf16_t16x32x64x9_ks4_w1x2x1_bias0_ktail0_gm0_pft_gfx950,0.0092,11.27,1420.32
gfx950,256,48,3072,6144,False,torch.bfloat16,torch.bfloat16,False,False,flydsl,5644,4,12.8836,flydsl_hgemm_abf16_wbf16_bf16_t64x64x64x7_ks4_w4x2x1_bias0_ktail0_gm0_pft_gfx950,0.013,140.64,2998.66
gfx950,256,12,38720,6144,False,torch.bfloat16,torch.bfloat16,False,False,triton,0,0,83.3175,auto,0.0,68.53,5723.5
gfx950,256,14,3584,512,False,torch.bfloat16,torch.bfloat16,False,False,flydsl,73,1,3.8747,flydsl_hgemm_abf16_wbf16_bf16_t16x16x64x9_ks1_w1x1x1_bias0_ktail0_gm0_pft_gfx950,0.0,13.26,976.77
gfx950,256,84,6144,1536,False,torch.bfloat16,torch.bfloat16,False,False,flydsl,1751,1,9.2028,flydsl_hgemm_abf16_wbf16_bf16_t32x64x64x6_ks1_w1x2x1_bias0_ktail0_gm0_pft_gfx950,0.0,172.28,2191.14
gfx950,256,8,7168,512,False,torch.bfloat16,torch.bfloat16,False,False,flydsl,167,1,4.3329,flydsl_hgemm_abf16_wbf16_bf16_t16x32x64x9_ks1_w1x2x1_bias0_ktail0_gm0_pft_gfx950,0.0,13.55,1722.38
gfx950,256,10,38720,6144,False,torch.bfloat16,torch.bfloat16,False,False,triton,0,0,81.064,auto,0.0,58.69,5880.4
gfx950,256,12,3584,512,False,torch.bfloat16,torch.bfloat16,False,False,triton,0,0,3.8786,auto,0.0,11.35,971.57
gfx950,256,60,6144,1536,False,torch.bfloat16,torch.bfloat16,False,False,flydsl,2726,1,8.8106,flydsl_hgemm_abf16_wbf16_bf16_t64x32x128x4_ks1_w2x2x1_bias0_ktail0_gm0_pft_gfx950,0.0,128.53,2246.84
gfx950,256,10,3584,512,False,torch.bfloat16,torch.bfloat16,False,False,triton,0,0,3.3396,auto,0.0,10.99,1123.47
gfx950,256,12,256,6144,False,torch.bfloat16,torch.bfloat16,False,False,flydsl,342,8,4.9611,flydsl_hgemm_abf16_wbf16_bf16_t16x32x128x5_ks8_w1x2x1_bias0_ktail0_gm0_pft_gfx950,0.0189,7.61,665.04
gfx950,256,24,3072,6144,False,torch.bfloat16,torch.bfloat16,False,False,flydsl,2254,4,10.9995,flydsl_hgemm_abf16_wbf16_bf16_t32x64x128x4_ks4_w1x4x1_bias0_ktail0_gm0_pft_gfx950,0.0127,82.36,3472.08
gfx950,256,4,2048,2048,False,torch.bfloat16,torch.bfloat16,False,False,triton,0,0,5.6903,auto,0.0,5.9,1479.95
gfx950,256,48,6144,1536,False,torch.bfloat16,torch.bfloat16,False,False,flydsl,1846,1,8.08,flydsl_hgemm_abf16_wbf16_bf16_t48x32x128x5_ks1_w1x2x2_bias0_ktail0_gm0_pft_gfx950,0.0029,112.12,2427.18
gfx950,256,8,3584,512,False,torch.bfloat16,torch.bfloat16,False,False,triton,0,0,4.033,auto,0.0,7.28,926.25
gfx950,256,4,7168,512,False,torch.bfloat16,torch.bfloat16,False,False,flydsl,167,1,4.6154,flydsl_hgemm_abf16_wbf16_bf16_t16x32x64x9_ks1_w1x2x1_bias0_ktail0_gm0_pft_gfx950,0.0,6.36,1603.65
gfx950,256,10,19360,6144,False,torch.bfloat16,torch.bfloat16,False,False,triton,0,0,42.4135,auto,0.0,56.09,5620.99
gfx950,256,14,3072,6144,False,torch.bfloat16,torch.bfloat16,False,False,flydsl,625,4,10.2329,flydsl_hgemm_abf16_wbf16_bf16_t16x64x128x5_ks4_w1x4x1_bias0_ktail0_gm0_pft_gfx950,0.0123,51.65,3714.18
gfx950,256,12,3072,6144,False,torch.bfloat16,torch.bfloat16,False,False,flydsl,595,4,10.213,flydsl_hgemm_abf16_wbf16_bf16_t16x64x128x4_ks4_w1x4x1_bias0_ktail0_gm0_pft_gfx950,0.0126,44.35,3717.8
gfx950,256,2,2048,2048,False,torch.bfloat16,torch.bfloat16,False,False,triton,0,0,5.7403,auto,0.0,2.92,1464.21
gfx950,256,4,3584,512,False,torch.bfloat16,torch.bfloat16,False,False,flydsl,71,1,3.8519,flydsl_hgemm_abf16_wbf16_bf16_t16x16x64x8_ks1_w1x1x1_bias0_ktail0_gm0_pft_gfx950,0.0,3.81,961.29
gfx950,256,24,6144,1536,False,torch.bfloat16,torch.bfloat16,False,False,flydsl,1352,1,6.6325,flydsl_hgemm_abf16_wbf16_bf16_t32x32x64x9_ks1_w2x2x1_bias0_ktail0_gm0_pft_gfx950,0.0,68.3,2901.32
gfx950,256,10,3072,6144,False,torch.bfloat16,torch.bfloat16,False,False,flydsl,625,4,9.9892,flydsl_hgemm_abf16_wbf16_bf16_t16x64x128x5_ks4_w1x4x1_bias0_ktail0_gm0_pft_gfx950,0.0129,37.79,3797.41
gfx950,256,10,6144,3072,False,torch.bfloat16,torch.bfloat16,False,False,flydsl,241,1,8.8022,flydsl_hgemm_abf16_wbf16_bf16_t16x32x128x5_ks1_w1x2x1_bias0_ktail0_gm0_pft_gfx950,0.0,42.89,4309.5
gfx950,256,14,6144,1536,False,torch.bfloat16,torch.bfloat16,False,False,flydsl,223,1,6.0615,flydsl_hgemm_abf16_wbf16_bf16_t16x32x128x6_ks1_w1x2x1_bias0_ktail0_gm0_pft_gfx950,0.0,43.59,3149.29
gfx950,256,2,7168,512,False,torch.bfloat16,torch.bfloat16,False,False,flydsl,167,1,4.2871,flydsl_hgemm_abf16_wbf16_bf16_t16x32x64x9_ks1_w1x2x1_bias0_ktail0_gm0_pft_gfx950,0.0,3.42,1719.29
gfx950,256,1,2048,2048,False,torch.bfloat16,torch.bfloat16,False,False,flydsl,347,4,5.8591,flydsl_hgemm_abf16_wbf16_bf16_t16x32x64x9_ks4_w1x2x1_bias0_ktail0_gm0_pft_gfx950,0.0103,1.43,1433.12
gfx950,256,6,3072,6144,False,torch.bfloat16,torch.bfloat16,False,False,flydsl,623,4,9.9782,flydsl_hgemm_abf16_wbf16_bf16_t16x64x128x5_ks4_w1x2x1_bias0_ktail0_gm0_pft_gfx950,0.0129,22.7,3794.2
gfx950,256,12,6144,1536,False,torch.bfloat16,torch.bfloat16,False,False,flydsl,213,1,6.3916,flydsl_hgemm_abf16_wbf16_bf16_t16x32x128x5_ks1_w1x2x1_bias0_ktail0_gm0_pft_gfx950,0.0,35.44,2981.83
gfx950,256,2,3584,512,False,torch.bfloat16,torch.bfloat16,False,False,triton,0,0,3.4221,auto,0.0,2.14,1077.23
gfx950,256,8,6144,1536,False,torch.bfloat16,torch.bfloat16,False,False,flydsl,213,1,5.8346,flydsl_hgemm_abf16_wbf16_bf16_t16x32x128x5_ks1_w1x2x1_bias0_ktail0_gm0_pft_gfx950,0.0,25.88,3255.96
gfx950,256,10,6144,1536,False,torch.bfloat16,torch.bfloat16,False,False,flydsl,223,1,5.8739,flydsl_hgemm_abf16_wbf16_bf16_t16x32x128x6_ks1_w1x2x1_bias0_ktail0_gm0_pft_gfx950,0.0,32.13,3239.41
gfx950,256,1,3584,512,False,torch.bfloat16,torch.bfloat16,False,False,triton,0,0,3.3906,auto,0.0,1.08,1084.83
gfx950,256,1,6144,1536,False,torch.bfloat16,torch.bfloat16,False,False,flydsl,230,1,5.7665,flydsl_hgemm_abf16_wbf16_bf16_t16x32x128x7_ks1_w1x2x1_bias0_ktail0_gm0_pft_gfx950,0.0,3.27,3275.77
gfx950,256,2,6144,1536,False,torch.bfloat16,torch.bfloat16,False,False,flydsl,263,1,5.8986,flydsl_hgemm_abf16_wbf16_bf16_t16x32x256x4_ks1_w1x2x1_bias0_ktail0_gm0_pft_gfx950,0.0,6.4,3205.01
gfx950,256,4,6144,1536,False,torch.bfloat16,torch.bfloat16,False,False,flydsl,222,1,5.8762,flydsl_hgemm_abf16_wbf16_bf16_t16x32x128x6_ks1_w1x1x2_bias0_ktail0_gm0_pft_gfx950,0.0021,12.85,3222.46
gfx950,256,1,256,7168,False,torch.bfloat16,torch.bfloat16,False,False,skinny,2,0,4.3866,sol2,0.0,0.84,840.03
gfx950,256,2,256,7168,False,torch.bfloat16,torch.bfloat16,False,False,flydsl,312,7,5.1366,flydsl_hgemm_abf16_wbf16_bf16_t16x32x128x7_ks7_w1x2x1_bias0_ktail0_gm0_pft_gfx950,0.0137,1.43,720.26
gfx950,256,4,256,7168,False,torch.bfloat16,torch.bfloat16,False,False,flydsl,299,8,5.0407,flydsl_hgemm_abf16_wbf16_bf16_t16x32x128x6_ks8_w1x2x1_bias0_ktail0_gm0_pft_gfx950,0.0303,2.91,739.86
gfx950,256,8,256,7168,False,torch.bfloat16,torch.bfloat16,False,False,flydsl,315,8,5.1061,flydsl_hgemm_abf16_wbf16_bf16_t16x32x128x7_ks8_w1x2x1_bias0_ktail0_gm0_pft_gfx950,0.0205,5.75,742.01
gfx950,256,16,256,7168,False,torch.bfloat16,torch.bfloat16,False,False,flydsl,495,8,5.3978,flydsl_hgemm_abf16_wbf16_bf16_t16x32x64x8_ks8_w1x2x1_bias0_ktail0_gm0_pft_gfx950,0.0232,10.88,723.92
gfx950,256,32,256,7168,False,torch.bfloat16,torch.bfloat16,False,False,flydsl,142,7,5.8343,flydsl_hgemm_abf16_wbf16_bf16_t16x16x128x9_ks7_w1x1x1_bias0_ktail0_gm0_pft_gfx950,0.0192,20.13,710.48
gfx950,256,48,256,7168,False,torch.bfloat16,torch.bfloat16,False,False,flydsl,283,8,6.2255,flydsl_hgemm_abf16_wbf16_bf16_t16x32x128x5_ks8_w1x2x1_bias0_ktail0_gm0_pft_gfx950,0.0215,28.3,703.99
gfx950,256,64,256,7168,False,torch.bfloat16,torch.bfloat16,False,False,flydsl,296,7,6.4059,flydsl_hgemm_abf16_wbf16_bf16_t16x32x128x6_ks7_w1x2x1_bias0_ktail0_gm0_pft_gfx950,0.0206,36.67,721.26
gfx950,256,80,256,7168,False,torch.bfloat16,torch.bfloat16,False,False,flydsl,3029,7,6.7672,flydsl_hgemm_abf16_wbf16_bf16_t32x32x64x8_ks7_w2x2x1_bias0_ktail0_gm0_pft_gfx950,0.0212,43.39,717.85
gfx950,256,96,256,7168,False,torch.bfloat16,torch.bfloat16,False,False,flydsl,3044,7,6.9218,flydsl_hgemm_abf16_wbf16_bf16_t32x32x64x8_ks7_w2x2x1_bias0_ktail0_gm0_pft_gfx950,0.0209,50.9,736.14
gfx950,256,112,256,7168,False,torch.bfloat16,torch.bfloat16,False,False,flydsl,3044,7,7.0816,flydsl_hgemm_abf16_wbf16_bf16_t32x32x64x8_ks7_w2x2x1_bias0_ktail0_gm0_pft_gfx950,0.0211,58.04,753.08
gfx950,256,128,256,7168,False,torch.bfloat16,torch.bfloat16,False,False,flydsl,3007,7,7.3538,flydsl_hgemm_abf16_wbf16_bf16_t32x32x64x7_ks7_w2x1x1_bias0_ktail0_gm0_pft_gfx950,0.0203,63.88,757.51
gfx950,256,256,256,7168,False,torch.bfloat16,torch.bfloat16,False,False,flydsl,3722,8,9.089,flydsl_hgemm_abf16_wbf16_bf16_t32x64x64x9_ks8_w2x2x1_bias0_ktail0_gm0_pft_gfx950,0.0223,103.37,821.99
gfx950,256,1,2112,7168,False,torch.bfloat16,torch.bfloat16,False,False,flydsl,419,7,8.458,flydsl_hgemm_abf16_wbf16_bf16_t16x64x128x3_ks7_w1x4x1_bias0_ktail0_gm0_pft_gfx950,0.0166,3.58,3581.96
gfx950,256,2,2112,7168,False,torch.bfloat16,torch.bfloat16,False,False,flydsl,442,7,8.4404,flydsl_hgemm_abf16_wbf16_bf16_t16x64x128x4_ks7_w1x2x1_bias0_ktail0_gm0_pft_gfx950,0.0159,7.17,3591.63
gfx950,256,80,2112,7168,False,torch.bfloat16,torch.bfloat16,False,False,flydsl,5064,7,13.892,flydsl_hgemm_abf16_wbf16_bf16_t96x64x64x5_ks7_w2x2x1_bias0_ktail0_gm0_pft_gfx950,0.019,174.36,2286.38
gfx950,256,112,2112,7168,False,torch.bfloat16,torch.bfloat16,False,False,flydsl,832,7,16.3548,flydsl_hgemm_abf16_wbf16_bf16_t128x64x64x5_ks7_w4x2x1_bias0_ktail0_gm0_pft_gfx950,0.0195,207.35,1978.4
gfx950,256,128,2112,7168,False,torch.bfloat16,torch.bfloat16,False,False,flydsl,872,7,17.5338,flydsl_hgemm_abf16_wbf16_bf16_t128x64x64x6_ks7_w4x2x1_bias0_ktail0_gm0_pft_gfx950,0.02,221.03,1862.31
gfx950,256,256,2112,7168,False,torch.bfloat16,torch.bfloat16,False,False,flydsl,3985,4,25.018,flydsl_hgemm_abf16_wbf16_bf16_t96x64x64x4_ks4_w2x2x1_bias0_ktail0_gm0_pft_gfx950,0.014,309.82,1400.15
gfx950,256,1,3072,1536,False,torch.bfloat16,torch.bfloat16,False,False,flydsl,114,1,5.1704,flydsl_hgemm_abf16_wbf16_bf16_t16x16x128x8_ks1_w1x1x1_bias0_ktail0_gm0_pft_gfx950,0.0,1.83,1827.02
gfx950,256,2,3072,1536,False,torch.bfloat16,torch.bfloat16,False,False,flydsl,130,1,5.1696,flydsl_hgemm_abf16_wbf16_bf16_t16x16x256x5_ks1_w1x1x2_bias0_ktail0_gm0_pft_gfx950,0.0031,3.65,1829.08
gfx950,256,4,3072,1536,False,torch.bfloat16,torch.bfloat16,False,False,flydsl,114,1,5.2503,flydsl_hgemm_abf16_wbf16_bf16_t16x16x128x8_ks1_w1x1x1_bias0_ktail0_gm0_pft_gfx950,0.0,7.19,1804.48
gfx950,256,8,3072,1536,False,torch.bfloat16,torch.bfloat16,False,False,flydsl,130,1,5.345,flydsl_hgemm_abf16_wbf16_bf16_t16x16x256x5_ks1_w1x1x2_bias0_ktail0_gm0_pft_gfx950,0.0032,14.12,1779.4
gfx950,256,16,3072,1536,False,torch.bfloat16,torch.bfloat16,False,False,flydsl,127,1,5.4626,flydsl_hgemm_abf16_wbf16_bf16_t16x16x256x4_ks1_w1x1x2_bias0_ktail0_gm0_pft_gfx950,0.0033,27.64,1754.59
gfx950,256,32,3072,1536,False,torch.bfloat16,torch.bfloat16,False,False,flydsl,212,1,6.0358,flydsl_hgemm_abf16_wbf16_bf16_t16x32x128x5_ks1_w1x1x2_bias0_ktail0_gm0_pft_gfx950,0.0028,50.03,1612.4
gfx950,256,48,3072,1536,False,torch.bfloat16,torch.bfloat16,False,False,flydsl,1374,1,6.4427,flydsl_hgemm_abf16_wbf16_bf16_t32x32x64x8_ks1_w2x2x1_bias0_ktail0_gm0_pft_gfx950,0.0,70.31,1533.45
gfx950,256,64,3072,1536,False,torch.bfloat16,torch.bfloat16,False,False,flydsl,1310,1,6.7127,flydsl_hgemm_abf16_wbf16_bf16_t32x32x64x7_ks1_w2x2x1_bias0_ktail0_gm0_pft_gfx950,0.0,89.98,1493.74
gfx950,256,80,3072,1536,False,torch.bfloat16,torch.bfloat16,False,False,flydsl,2204,1,7.0911,flydsl_hgemm_abf16_wbf16_bf16_t32x32x64x8_ks1_w2x1x1_bias0_ktail0_gm0_pft_gfx950,0.0,106.47,1434.82
gfx950,256,96,3072,1536,False,torch.bfloat16,torch.bfloat16,False,False,flydsl,2065,1,7.1135,flydsl_hgemm_abf16_wbf16_bf16_t32x32x64x8_ks1_w2x1x1_bias0_ktail0_gm0_pft_gfx950,0.0,127.36,1451.03
gfx950,256,112,3072,1536,False,torch.bfloat16,torch.bfloat16,False,False,flydsl,4025,1,7.767,flydsl_hgemm_abf16_wbf16_bf16_t64x32x64x8_ks1_w4x1x1_bias0_ktail0_gm0_pft_gfx950,0.0,136.08,1347.93
gfx950,256,128,3072,1536,False,torch.bfloat16,torch.bfloat16,False,False,flydsl,2113,1,8.1896,flydsl_hgemm_abf16_wbf16_bf16_t32x64x128x4_ks1_w1x4x1_bias0_ktail0_gm0_pft_gfx950,0.0,147.5,1296.38
gfx950,256,256,3072,1536,False,torch.bfloat16,torch.bfloat16,False,False,flydsl,3498,1,9.6438,flydsl_hgemm_abf16_wbf16_bf16_t64x64x64x5_ks1_w4x2x1_bias0_ktail0_gm0_pft_gfx950,0.0,250.52,1223.22
gfx950,256,1,7168,2048,False,torch.bfloat16,torch.bfloat16,False,False,flydsl,155,1,7.6618,flydsl_hgemm_abf16_wbf16_bf16_t16x16x64x8_ks1_w1x1x1_bias0_ktail0_gm4_pft_gfx950,0.0,3.83,3834.42
gfx950,256,2,7168,2048,False,torch.bfloat16,torch.bfloat16,False,False,flydsl,87,1,7.645,flydsl_hgemm_abf16_wbf16_bf16_t16x16x128x5_ks1_w1x1x1_bias0_ktail0_gm4_pft_gfx950,0.0,7.68,3845.26
gfx950,256,4,7168,2048,False,torch.bfloat16,torch.bfloat16,False,False,flydsl,91,1,7.6452,flydsl_hgemm_abf16_wbf16_bf16_t16x16x128x6_ks1_w1x1x1_bias0_ktail0_gm4_pft_gfx950,0.0,15.36,3849.98
gfx950,256,8,7168,2048,False,torch.bfloat16,torch.bfloat16,False,False,flydsl,95,1,7.7659,flydsl_hgemm_abf16_wbf16_bf16_t16x16x128x7_ks1_w1x1x1_bias0_ktail0_gm4_pft_gfx950,0.0,30.25,3799.63
gfx950,256,16,7168,2048,False,torch.bfloat16,torch.bfloat16,False,False,triton,0,0,7.7467,auto,0.0,60.64,3828.09
gfx950,256,32,7168,2048,False,torch.bfloat16,torch.bfloat16,False,False,triton,0,0,8.5533,auto,0.0,109.84,3501.57
gfx950,256,48,7168,2048,False,torch.bfloat16,torch.bfloat16,False,False,flydsl,345,1,9.9481,flydsl_hgemm_abf16_wbf16_bf16_t16x64x64x8_ks1_w1x2x1_bias0_ktail0_gm0_pft_gfx950,0.0,141.66,3040.27
gfx950,256,64,7168,2048,False,torch.bfloat16,torch.bfloat16,False,False,triton,0,0,9.9336,auto,0.0,189.16,3074.39
gfx950,256,80,7168,2048,False,torch.bfloat16,torch.bfloat16,False,False,flydsl,1407,1,11.513,flydsl_hgemm_abf16_wbf16_bf16_t32x64x64x6_ks1_w1x2x1_bias0_ktail0_gm0_pft_gfx950,0.0,204.01,2678.25
gfx950,256,96,7168,2048,False,torch.bfloat16,torch.bfloat16,False,False,flydsl,2881,1,11.4677,flydsl_hgemm_abf16_wbf16_bf16_t64x64x64x6_ks1_w4x2x1_bias0_ktail0_gm0_pft_gfx950,0.0,245.78,2714.55
gfx950,256,112,7168,2048,False,torch.bfloat16,torch.bfloat16,False,False,flydsl,2681,1,12.2743,flydsl_hgemm_abf16_wbf16_bf16_t64x64x64x5_ks1_w4x2x1_bias0_ktail0_gm0_pft_gfx950,0.0,267.9,2560.19
gfx950,256,128,7168,2048,False,torch.bfloat16,torch.bfloat16,False,False,flydsl,2696,1,12.5799,flydsl_hgemm_abf16_wbf16_bf16_t64x64x64x5_ks1_w2x4x1_bias0_ktail0_gm0_pft_gfx950,0.0,298.74,2521.44
gfx950,256,256,7168,2048,False,torch.bfloat16,torch.bfloat16,False,False,triton,0,0,16.4001,auto,0.0,458.3,2077.96
gfx950,256,1,16160,7168,False,torch.bfloat16,torch.bfloat16,False,False,flydsl,190,1,39.1404,flydsl_hgemm_abf16_wbf16_bf16_t16x64x128x3_ks1_w1x4x1_bias0_ktail0_gm0_pft_gfx950,0.0,5.92,5920.13
gfx950,256,2,16160,7168,False,torch.bfloat16,torch.bfloat16,False,False,torch,0,0,37.57,native,0.0,12.33,6168.83
gfx950,256,4,16160,7168,False,torch.bfloat16,torch.bfloat16,False,False,torch,0,0,37.7811,native,0.0,24.53,6136.84
gfx950,256,8,16160,7168,False,torch.bfloat16,torch.bfloat16,False,False,torch,0,0,37.9082,native,0.0,48.89,6121.18
gfx950,256,16,16160,7168,False,torch.bfloat16,torch.bfloat16,False,False,torch,0,0,37.7911,native,0.0,98.08,6150.03
gfx950,256,32,16160,7168,False,torch.bfloat16,torch.bfloat16,False,False,flydsl,843,1,39.627,flydsl_hgemm_abf16_wbf16_bf16_t32x64x64x6_ks1_w1x4x1_bias0_ktail0_gm0_pft_gfx950,0.0,187.08,5883.94
gfx950,256,48,16160,7168,False,torch.bfloat16,torch.bfloat16,False,False,torch,0,0,40.1459,native,0.0,276.99,5826.48
gfx950,256,64,16160,7168,False,torch.bfloat16,torch.bfloat16,False,False,torch,0,0,41.9427,native,0.0,353.5,5594.67
gfx950,256,80,16160,7168,False,torch.bfloat16,torch.bfloat16,False,False,flydsl,660,2,47.72,flydsl_hgemm_abf16_wbf16_bf16_t96x128x64x5_ks2_w2x2x1_bias0_ktail0_gm0_pft_gfx950,0.0061,388.38,4932.99
gfx950,256,96,16160,7168,False,torch.bfloat16,torch.bfloat16,False,False,flydsl,1342,2,49.1794,flydsl_hgemm_abf16_wbf16_bf16_t96x128x64x4_ks2_w2x2x1_bias0_ktail0_gm0_pft_gfx950,0.0061,452.23,4801.78
gfx950,256,112,16160,7168,False,torch.bfloat16,torch.bfloat16,False,False,flydsl,80,2,52.3981,flydsl_hgemm_abf16_wbf16_bf16_t128x128x64x4_ks2_w4x2x1_bias0_ktail0_gm0_pft_gfx950,0.0061,495.19,4521.07
gfx950,256,128,16160,7168,False,torch.bfloat16,torch.bfloat16,False,False,flydsl,57,2,54.8908,flydsl_hgemm_abf16_wbf16_bf16_t128x128x64x3_ks2_w2x2x1_bias0_ktail0_gm0_pft_gfx950,0.0061,540.23,4329.35
gfx950,256,256,16160,7168,False,torch.bfloat16,torch.bfloat16,False,False,flydsl,1,1,81.8796,flydsl_hgemm_abf16_wbf16_bf16_t128x128x128x2_ks1_w2x2x1_bias0_ktail0_gm0_pht_gfx950,0.0,724.33,2975.27
gfx942,80,256,256,7168,False,torch.bfloat16,torch.bfloat16,False,False,opus,10203,10,19.9736,opus_gemm_gfx942_splitk_p1_bk128_256x64x64x128_2x2_16x16x16_0x0x0,0.0,47.04,374.05
gfx942,80,64,3072,1536,False,torch.bfloat16,torch.bfloat16,False,False,opus,10003,0,16.2504,opus_gemm_gfx942_p1_bk128_256x64x64x128_2x2_16x16x16_0x0x0,0.0,37.17,617.03
gfx942,80,80,7168,2048,False,torch.bfloat16,torch.bfloat16,False,False,opus,10000,0,42.8315,opus_gemm_gfx942_512x128x128x64_2x4_16x16x16_0x0x0,0.0,54.84,719.91
gfx942,80,112,7168,2048,False,torch.bfloat16,torch.bfloat16,False,False,opus,10000,0,49.8753,opus_gemm_gfx942_512x128x128x64_2x4_16x16x16_0x0x0,0.0,65.93,630.06
gfx1250,256,1,256,7168,False,torch.bfloat16,torch.bfloat16,False,False,opus,20129,11,4.9754,opus_gemm_gfx1250_splitk_clusterlaunch_tdm_ws_128x16x32x256_1x2_16x16x32_0x0x0_c1x4_p3w2,0.0,0.74,740.62
gfx1250,256,2,256,7168,False,torch.bfloat16,torch.bfloat16,False,False,opus,20129,13,5.1593,opus_gemm_gfx1250_splitk_clusterlaunch_tdm_ws_128x16x32x256_1x2_16x16x32_0x0x0_c1x4_p3w2,0.0,1.42,717.1
gfx1250,256,4,256,7168,False,torch.bfloat16,torch.bfloat16,False,False,opus,20121,11,5.3272,opus_gemm_gfx1250_splitk_clusterlaunch_tdm_ws_128x16x32x256_1x2_16x16x32_0x0x0_c1x2_p3w2,0.0,2.76,700.07
gfx1250,256,8,256,7168,False,torch.bfloat16,torch.bfloat16,False,False,opus,20121,13,5.3681,opus_gemm_gfx1250_splitk_clusterlaunch_tdm_ws_128x16x32x256_1x2_16x16x32_0x0x0_c1x2_p3w2,0.0,5.47,705.8
gfx1250,256,16,256,7168,False,torch.bfloat16,torch.bfloat16,False,False,opus,20121,10,5.55,opus_gemm_gfx1250_splitk_clusterlaunch_tdm_ws_128x16x32x256_1x2_16x16x32_0x0x0_c1x2_p3w2,0.0,10.58,704.07
gfx1250,256,32,256,7168,False,torch.bfloat16,torch.bfloat16,False,False,opus,20002,6,5.6137,opus_gemm_gfx1250_splitk_cluster_tdm_ws_128x16x32x512_1x2_16x16x32_0x0x0_p3w1,0.0,20.92,738.4
gfx1250,256,48,256,7168,False,torch.bfloat16,torch.bfloat16,False,False,opus,20119,6,5.6916,opus_gemm_gfx1250_splitk_clusterlaunch_tdm_ws_128x16x32x256_1x2_16x16x32_0x0x0_c3x1_p3w2,0.0,30.95,770.03
gfx1250,256,64,256,7168,False,torch.bfloat16,torch.bfloat16,False,False,opus,20120,6,5.7774,opus_gemm_gfx1250_splitk_clusterlaunch_tdm_ws_128x16x32x256_1x2_16x16x32_0x0x0_c4x1_p3w2,0.0,40.66,799.72
gfx1250,256,80,256,7168,False,torch.bfloat16,torch.bfloat16,False,False,opus,20255,10,5.8587,opus_gemm_gfx1250_splitk_clusterlaunch_tdm_ws_128x32x32x256_2x1_16x16x32_0x0x0_c1x4_p3w2,0.0,50.11,829.17
gfx1250,256,96,256,7168,False,torch.bfloat16,torch.bfloat16,False,False,opus,20119,6,5.8792,opus_gemm_gfx1250_splitk_clusterlaunch_tdm_ws_128x16x32x256_1x2_16x16x32_0x0x0_c3x1_p3w2,0.0,59.93,866.69
gfx1250,256,112,256,7168,False,torch.bfloat16,torch.bfloat16,False,False,opus,20129,6,6.0314,opus_gemm_gfx1250_splitk_clusterlaunch_tdm_ws_128x16x32x256_1x2_16x16x32_0x0x0_c1x4_p3w2,0.0,68.15,884.2
gfx1250,256,128,256,7168,False,torch.bfloat16,torch.bfloat16,False,False,opus,20124,6,6.1139,opus_gemm_gfx1250_splitk_clusterlaunch_tdm_ws_128x16x32x256_1x2_16x16x32_0x0x0_c4x2_p3w2,0.0,76.84,911.13
gfx1250,256,256,256,7168,False,torch.bfloat16,torch.bfloat16,False,False,opus,20258,6,6.6006,opus_gemm_gfx1250_splitk_clusterlaunch_tdm_ws_128x32x32x256_2x1_16x16x32_0x0x0_c4x4_p3w2,0.0,142.34,1131.88
gfx1250,256,512,256,7168,False,torch.bfloat16,torch.bfloat16,False,False,opus,20256,3,8.0343,opus_gemm_gfx1250_splitk_clusterlaunch_tdm_ws_128x32x32x256_2x1_16x16x32_0x0x0_c2x4_p3w2,0.0,233.88,1403.01
gfx1250,256,1024,256,7168,False,torch.bfloat16,torch.bfloat16,False,False,opus,20286,3,10.2302,opus_gemm_gfx1250_splitk_clusterlaunch_tdm_ws_128x32x64x256_2x1_16x16x32_0x0x0_c4x2_p3w2,0.0,367.35,1844.97
gfx1250,256,2048,256,7168,False,torch.bfloat16,torch.bfloat16,False,False,opus,21315,0,13.7767,opus_gemm_gfx1250_4wave_wl_co_128x32x64x256_4x1_16x16x32_0x0x0_w1x4_c4x4_p3_v1024w1,0.0,545.57,2473.65
gfx1250,256,4096,256,7168,False,torch.bfloat16,torch.bfloat16,False,False,opus,21310,0,15.0299,opus_gemm_gfx1250_4wave_wl_co_128x64x64x256_4x1_16x16x32_0x0x0_w2x2_c4x4_p3_v1024w1,0.0,1000.17,4290.61
gfx1250,256,8192,256,7168,False,torch.bfloat16,torch.bfloat16,False,False,opus,21148,0,27.6301,opus_gemm_gfx1250_4wave_wl_co_128x96x128x128_4x1_16x16x32_0x0x0_w2x2_c2x2_p3_v1024w1,0.0,1088.12,4535.08
gfx1250,256,16384,256,7168,False,torch.bfloat16,torch.bfloat16,False,False,opus,21177,0,37.4735,opus_gemm_gfx1250_4wave_wl_co_128x128x256x128_4x1_16x16x32_0x0x0_w2x2_c4x1_p3_v1024w1,0.0,1604.59,6589.71
gfx1250,256,1,2112,7168,False,torch.bfloat16,torch.bfloat16,False,False,opus,20129,6,6.3985,opus_gemm_gfx1250_splitk_clusterlaunch_tdm_ws_128x16x32x256_1x2_16x16x32_0x0x0_c1x4_p3w2,0.0,4.73,4734.89
gfx1250,256,2,2112,7168,False,torch.bfloat16,torch.bfloat16,False,False,opus,20129,6,6.4956,opus_gemm_gfx1250_splitk_clusterlaunch_tdm_ws_128x16x32x256_1x2_16x16x32_0x0x0_c1x4_p3w2,0.0,9.32,4666.97
gfx1250,256,4,2112,7168,False,torch.bfloat16,torch.bfloat16,False,False,opus,20121,6,6.4565,opus_gemm_gfx1250_splitk_clusterlaunch_tdm_ws_128x16x32x256_1x2_16x16x32_0x0x0_c1x2_p3w2,0.0,18.76,4700.98
gfx1250,256,8,2112,7168,False,torch.bfloat16,torch.bfloat16,False,False,opus,20129,6,6.5542,opus_gemm_gfx1250_splitk_clusterlaunch_tdm_ws_128x16x32x256_1x2_16x16x32_0x0x0_c1x4_p3w2,0.0,36.96,4642.23
gfx1250,256,16,2112,7168,False,torch.bfloat16,torch.bfloat16,False,False,opus,20129,6,6.6767,opus_gemm_gfx1250_splitk_clusterlaunch_tdm_ws_128x16x32x256_1x2_16x16x32_0x0x0_c1x4_p3w2,0.0,72.56,4579.3
gfx1250,256,32,2112,7168,False,torch.bfloat16,torch.bfloat16,False,False,opus,20255,6,7.2364,opus_gemm_gfx1250_splitk_clusterlaunch_tdm_ws_128x32x32x256_2x1_16x16x32_0x0x0_c1x4_p3w2,0.0,133.89,4266.15
gfx1250,256,48,2112,7168,False,torch.bfloat16,torch.bfloat16,False,False,opus,20256,3,8.1694,opus_gemm_gfx1250_splitk_clusterlaunch_tdm_ws_128x32x32x256_2x1_16x16x32_0x0x0_c2x4_p3w2,0.0,177.9,3815.28
gfx1250,256,64,2112,7168,False,torch.bfloat16,torch.bfloat16,False,False,opus,20252,3,8.4256,opus_gemm_gfx1250_splitk_clusterlaunch_tdm_ws_128x32x32x256_2x1_16x16x32_0x0x0_c2x3_p3w2,0.0,229.99,3734.51
gfx1250,256,80,2112,7168,False,torch.bfloat16,torch.bfloat16,False,False,opus,20249,2,9.681,opus_gemm_gfx1250_splitk_clusterlaunch_tdm_ws_128x32x32x256_2x1_16x16x32_0x0x0_c3x2_p3w2,0.0,250.2,3280.9
gfx1250,256,96,2112,7168,False,torch.bfloat16,torch.bfloat16,False,False,opus,20249,2,9.8315,opus_gemm_gfx1250_splitk_clusterlaunch_tdm_ws_128x32x32x256_2x1_16x16x32_0x0x0_c3x2_p3w2,0.0,295.65,3260.89
gfx1250,256,112,2112,7168,False,torch.bfloat16,torch.bfloat16,False,False,opus,20374,3,10.0861,opus_gemm_gfx1250_splitk_clusterlaunch_tdm_ws_128x64x32x256_2x1_16x16x32_0x0x0_c2x2_p3w2,0.0,336.21,3208.01
gfx1250,256,128,2112,7168,False,torch.bfloat16,torch.bfloat16,False,False,opus,20374,3,10.2425,opus_gemm_gfx1250_splitk_clusterlaunch_tdm_ws_128x64x32x256_2x1_16x16x32_0x0x0_c2x2_p3w2,0.0,378.38,3188.02
gfx1250,256,256,2112,7168,False,torch.bfloat16,torch.bfloat16,False,False,opus,21308,0,15.3507,opus_gemm_gfx1250_4wave_wl_co_128x64x64x256_4x1_16x16x32_0x0x0_w2x2_c4x1_p3_v1024w1,0.0,504.93,2281.91
gfx1250,256,512,2112,7168,False,torch.bfloat16,torch.bfloat16,False,False,opus,20518,3,23.8238,opus_gemm_gfx1250_splitk_clusterlaunch_tdm_ws_128x128x64x128_2x1_16x16x32_0x0x0_c2x2_p3w2,0.0,650.7,1669.77
gfx1250,256,1024,2112,7168,False,torch.bfloat16,torch.bfloat16,False,False,opus,21149,0,28.3437,opus_gemm_gfx1250_4wave_wl_co_128x96x128x128_4x1_16x16x32_0x0x0_w2x2_c4x4_p3_v1024w1,0.0,1093.87,1738.77
gfx1250,256,2048,2112,7168,False,torch.bfloat16,torch.bfloat16,False,False,opus,21170,0,35.43,opus_gemm_gfx1250_4wave_wl_co_128x128x192x128_4x1_16x16x32_0x0x0_w2x2_c1x1_p3_v1024w1,0.0,1750.17,1927.42
gfx1250,256,4096,2112,7168,False,torch.bfloat16,torch.bfloat16,False,False,opus,21046,0,72.3822,opus_gemm_gfx1250_4wave_co_128x128x192x128_4x1_16x16x32_0x0x0_c4x3_p3_v1024w1,0.0,1713.37,1468.58
gfx1250,256,8192,2112,7168,False,torch.bfloat16,torch.bfloat16,False,False,opus,21230,0,133.3386,opus_gemm_gfx1250_4wave_wl_co_128x128x192x128_4x1_16x16x32_0x0x0_w1x4_c1x1_p3_v1024w1,0.0,1860.18,1367.35
gfx1250,256,16384,2112,7168,False,torch.bfloat16,torch.bfloat16,False,False,opus,21177,0,247.3669,opus_gemm_gfx1250_4wave_wl_co_128x128x256x128_4x1_16x16x32_0x0x0_w2x2_c4x1_p3_v1024w1,0.0,2005.4,1351.7
gfx1250,256,1,3072,1536,False,torch.bfloat16,torch.bfloat16,False,False,opus,21312,0,4.6779,opus_gemm_gfx1250_4wave_wl_co_128x32x64x256_4x1_16x16x32_0x0x0_w1x4_c1x4_p3_v1024w1,0.0,2.02,2019.37
gfx1250,256,2,3072,1536,False,torch.bfloat16,torch.bfloat16,False,False,opus,21312,0,4.7064,opus_gemm_gfx1250_4wave_wl_co_128x32x64x256_4x1_16x16x32_0x0x0_w1x4_c1x4_p3_v1024w1,0.0,4.01,2009.1
gfx1250,256,4,3072,1536,False,torch.bfloat16,torch.bfloat16,False,False,opus,21312,0,4.774,opus_gemm_gfx1250_4wave_wl_co_128x32x64x256_4x1_16x16x32_0x0x0_w1x4_c1x4_p3_v1024w1,0.0,7.91,1984.51
gfx1250,256,8,3072,1536,False,torch.bfloat16,torch.bfloat16,False,False,opus,21312,0,4.8331,opus_gemm_gfx1250_4wave_wl_co_128x32x64x256_4x1_16x16x32_0x0x0_w1x4_c1x4_p3_v1024w1,0.0,15.62,1967.87
gfx1250,256,16,3072,1536,False,torch.bfloat16,torch.bfloat16,False,False,opus,21312,0,4.8627,opus_gemm_gfx1250_4wave_wl_co_128x32x64x256_4x1_16x16x32_0x0x0_w1x4_c1x4_p3_v1024w1,0.0,31.05,1971.05
gfx1250,256,32,3072,1536,False,torch.bfloat16,torch.bfloat16,False,False,opus,21312,0,4.9219,opus_gemm_gfx1250_4wave_wl_co_128x32x64x256_4x1_16x16x32_0x0x0_w1x4_c1x4_p3_v1024w1,0.0,61.36,1977.3
gfx1250,256,48,3072,1536,False,torch.bfloat16,torch.bfloat16,False,False,opus,21314,0,4.9664,opus_gemm_gfx1250_4wave_wl_co_128x32x64x256_4x1_16x16x32_0x0x0_w1x4_c2x2_p3_v1024w1,0.0,91.21,1989.28
gfx1250,256,64,3072,1536,False,torch.bfloat16,torch.bfloat16,False,False,opus,21314,0,4.9908,opus_gemm_gfx1250_4wave_wl_co_128x32x64x256_4x1_16x16x32_0x0x0_w1x4_c2x2_p3_v1024w1,0.0,121.02,2009.1
gfx1250,256,80,3072,1536,False,torch.bfloat16,torch.bfloat16,False,False,opus,21315,0,5.0753,opus_gemm_gfx1250_4wave_wl_co_128x32x64x256_4x1_16x16x32_0x0x0_w1x4_c4x4_p3_v1024w1,0.0,148.75,2004.7
gfx1250,256,96,3072,1536,False,torch.bfloat16,torch.bfloat16,False,False,opus,21315,0,5.0812,opus_gemm_gfx1250_4wave_wl_co_128x32x64x256_4x1_16x16x32_0x0x0_w1x4_c4x4_p3_v1024w1,0.0,178.3,2031.39
gfx1250,256,112,3072,1536,False,torch.bfloat16,torch.bfloat16,False,False,opus,21309,0,5.3851,opus_gemm_gfx1250_4wave_wl_co_128x64x64x256_4x1_16x16x32_0x0x0_w2x2_c2x2_p3_v1024w1,0.0,196.28,1944.14
gfx1250,256,128,3072,1536,False,torch.bfloat16,torch.bfloat16,False,False,opus,21309,0,5.421,opus_gemm_gfx1250_4wave_wl_co_128x64x64x256_4x1_16x16x32_0x0x0_w2x2_c2x2_p3_v1024w1,0.0,222.83,1958.46
gfx1250,256,256,3072,1536,False,torch.bfloat16,torch.bfloat16,False,False,opus,21309,0,6.4187,opus_gemm_gfx1250_4wave_wl_co_128x64x64x256_4x1_16x16x32_0x0x0_w2x2_c2x2_p3_v1024w1,0.0,376.39,1837.83
gfx1250,256,512,3072,1536,False,torch.bfloat16,torch.bfloat16,False,False,opus,21267,0,7.9544,opus_gemm_gfx1250_4wave_wl_co_128x64x128x128_4x1_16x16x32_0x0x0_w2x2_c1x4_p3_v1024w1,0.0,607.44,1779.62
gfx1250,256,1024,3072,1536,False,torch.bfloat16,torch.bfloat16,False,False,opus,21166,0,9.4195,opus_gemm_gfx1250_4wave_wl_co_128x128x128x128_4x1_16x16x32_0x0x0_w2x2_c1x4_p3_v1024w1,0.0,1025.92,2003.75
gfx1250,256,2048,3072,1536,False,torch.bfloat16,torch.bfloat16,False,False,opus,21178,0,13.1446,opus_gemm_gfx1250_4wave_wl_co_128x128x256x128_4x1_16x16x32_0x0x0_w2x2_c2x2_p3_v1024w1,0.0,1470.36,2153.85
gfx1250,256,4096,3072,1536,False,torch.bfloat16,torch.bfloat16,False,False,opus,21179,0,26.8447,opus_gemm_gfx1250_4wave_wl_co_128x128x256x128_4x1_16x16x32_0x0x0_w2x2_c4x4_p3_v1024w1,0.0,1439.94,1757.74
gfx1250,256,8192,3072,1536,False,torch.bfloat16,torch.bfloat16,False,False,opus,21179,0,48.8042,opus_gemm_gfx1250_4wave_wl_co_128x128x256x128_4x1_16x16x32_0x0x0_w2x2_c4x4_p3_v1024w1,0.0,1584.07,1740.31
gfx1250,256,16384,3072,1536,False,torch.bfloat16,torch.bfloat16,False,False,opus,21179,0,92.8982,opus_gemm_gfx1250_4wave_wl_co_128x128x256x128_4x1_16x16x32_0x0x0_w2x2_c4x4_p3_v1024w1,0.0,1664.39,1726.97
gfx1250,256,1,7168,2048,False,torch.bfloat16,torch.bfloat16,False,False,opus,21314,0,5.6883,opus_gemm_gfx1250_4wave_wl_co_128x32x64x256_4x1_16x16x32_0x0x0_w1x4_c2x2_p3_v1024w1,0.0,5.16,5164.73
gfx1250,256,2,7168,2048,False,torch.bfloat16,torch.bfloat16,False,False,opus,21312,0,5.7156,opus_gemm_gfx1250_4wave_wl_co_128x32x64x256_4x1_16x16x32_0x0x0_w1x4_c1x4_p3_v1024w1,0.0,10.27,5143.29
gfx1250,256,4,7168,2048,False,torch.bfloat16,torch.bfloat16,False,False,opus,21312,0,5.7473,opus_gemm_gfx1250_4wave_wl_co_128x32x64x256_4x1_16x16x32_0x0x0_w1x4_c1x4_p3_v1024w1,0.0,20.43,5121.34
gfx1250,256,8,7168,2048,False,torch.bfloat16,torch.bfloat16,False,False,opus,21312,0,5.826,opus_gemm_gfx1250_4wave_wl_co_128x32x64x256_4x1_16x16x32_0x0x0_w1x4_c1x4_p3_v1024w1,0.0,40.32,5064.81
gfx1250,256,16,7168,2048,False,torch.bfloat16,torch.bfloat16,False,False,opus,21312,0,5.9113,opus_gemm_gfx1250_4wave_wl_co_128x32x64x256_4x1_16x16x32_0x0x0_w1x4_c1x4_p3_v1024w1,0.0,79.47,5016.67
gfx1250,256,32,7168,2048,False,torch.bfloat16,torch.bfloat16,False,False,opus,21312,0,5.9927,opus_gemm_gfx1250_4wave_wl_co_128x32x64x256_4x1_16x16x32_0x0x0_w1x4_c1x4_p3_v1024w1,0.0,156.78,4997.74
gfx1250,256,48,7168,2048,False,torch.bfloat16,torch.bfloat16,False,False,opus,21307,0,6.3369,opus_gemm_gfx1250_4wave_wl_co_128x64x64x256_4x1_16x16x32_0x0x0_w2x2_c1x4_p3_v1024w1,0.0,222.39,4772.82
gfx1250,256,64,7168,2048,False,torch.bfloat16,torch.bfloat16,False,False,opus,21307,0,6.4057,opus_gemm_gfx1250_4wave_wl_co_128x64x64x256_4x1_16x16x32_0x0x0_w2x2_c1x4_p3_v1024w1,0.0,293.34,4767.59
gfx1250,256,80,7168,2048,False,torch.bfloat16,torch.bfloat16,False,False,opus,21302,0,8.0802,opus_gemm_gfx1250_4wave_wl_co_128x64x64x256_4x1_16x16x32_0x0x0_w1x4_c1x4_p3_v1024w1,0.0,290.69,3816.08
gfx1250,256,96,7168,2048,False,torch.bfloat16,torch.bfloat16,False,False,opus,21307,0,7.9772,opus_gemm_gfx1250_4wave_wl_co_128x64x64x256_4x1_16x16x32_0x0x0_w2x2_c1x4_p3_v1024w1,0.0,353.33,3902.32
gfx1250,256,112,7168,2048,False,torch.bfloat16,torch.bfloat16,False,False,opus,21307,0,7.735,opus_gemm_gfx1250_4wave_wl_co_128x64x64x256_4x1_16x16x32_0x0x0_w2x2_c1x4_p3_v1024w1,0.0,425.12,4062.64
gfx1250,256,128,7168,2048,False,torch.bfloat16,torch.bfloat16,False,False,opus,21307,0,8.2149,opus_gemm_gfx1250_4wave_wl_co_128x64x64x256_4x1_16x16x32_0x0x0_w2x2_c1x4_p3_v1024w1,0.0,457.47,3861.21
gfx1250,256,256,7168,2048,False,torch.bfloat16,torch.bfloat16,False,False,opus,21147,0,10.0856,opus_gemm_gfx1250_4wave_wl_co_128x96x128x128_4x1_16x16x32_0x0x0_w2x2_c4x1_p3_v1024w1,0.0,745.24,3378.95
gfx1250,256,512,7168,2048,False,torch.bfloat16,torch.bfloat16,False,False,opus,21159,0,12.2822,opus_gemm_gfx1250_4wave_wl_co_128x96x256x128_4x1_16x16x32_0x0x0_w2x2_c4x4_p3_v1024w1,0.0,1223.92,3158.82
gfx1250,256,1024,7168,2048,False,torch.bfloat16,torch.bfloat16,False,False,opus,21176,0,17.386,opus_gemm_gfx1250_4wave_wl_co_128x128x256x128_4x1_16x16x32_0x0x0_w2x2_c1x4_p3_v1024w1,0.0,1729.25,2774.33
gfx1250,256,2048,7168,2048,False,torch.bfloat16,torch.bfloat16,False,False,opus,21176,0,35.0549,opus_gemm_gfx1250_4wave_wl_co_128x128x256x128_4x1_16x16x32_0x0x0_w2x2_c1x4_p3_v1024w1,0.0,1715.3,1914.39
gfx1250,256,4096,7168,2048,False,torch.bfloat16,torch.bfloat16,False,False,opus,21178,0,68.3418,opus_gemm_gfx1250_4wave_wl_co_128x128x256x128_4x1_16x16x32_0x0x0_w2x2_c2x2_p3_v1024w1,0.0,1759.67,1534.31
gfx1250,256,8192,7168,2048,False,torch.bfloat16,torch.bfloat16,False,False,opus,21177,0,121.7364,opus_gemm_gfx1250_4wave_wl_co_128x128x256x128_4x1_16x16x32_0x0x0_w2x2_c4x1_p3_v1024w1,0.0,1975.73,1481.52
gfx1250,256,16384,7168,2048,False,torch.bfloat16,torch.bfloat16,False,False,opus,21177,0,232.1191,opus_gemm_gfx1250_4wave_wl_co_128x128x256x128_4x1_16x16x32_0x0x0_w2x2_c4x1_p3_v1024w1,0.0,2072.37,1427.5
gfx1250,256,1,16160,7168,False,torch.bfloat16,torch.bfloat16,False,False,opus,21312,0,16.5776,opus_gemm_gfx1250_4wave_wl_co_128x32x64x256_4x1_16x16x32_0x0x0_w1x4_c1x4_p3_v1024w1,0.0,13.97,13977.68
gfx1250,256,2,16160,7168,False,torch.bfloat16,torch.bfloat16,False,False,opus,21312,0,16.983,opus_gemm_gfx1250_4wave_wl_co_128x32x64x256_4x1_16x16x32_0x0x0_w1x4_c1x4_p3_v1024w1,0.0,27.28,13646.77
gfx1250,256,4,16160,7168,False,torch.bfloat16,torch.bfloat16,False,False,opus,21312,0,17.3328,opus_gemm_gfx1250_4wave_wl_co_128x32x64x256_4x1_16x16x32_0x0x0_w1x4_c1x4_p3_v1024w1,0.0,53.46,13376.74
gfx1250,256,8,16160,7168,False,torch.bfloat16,torch.bfloat16,False,False,opus,21312,0,16.5992,opus_gemm_gfx1250_4wave_wl_co_128x32x64x256_4x1_16x16x32_0x0x0_w1x4_c1x4_p3_v1024w1,0.0,111.65,13979.17
gfx1250,256,16,16160,7168,False,torch.bfloat16,torch.bfloat16,False,False,opus,21312,0,16.9439,opus_gemm_gfx1250_4wave_wl_co_128x32x64x256_4x1_16x16x32_0x0x0_w1x4_c1x4_p3_v1024w1,0.0,218.76,13716.81
gfx1250,256,32,16160,7168,False,torch.bfloat16,torch.bfloat16,False,False,opus,21312,0,18.5556,opus_gemm_gfx1250_4wave_wl_co_128x32x64x256_4x1_16x16x32_0x0x0_w1x4_c1x4_p3_v1024w1,0.0,399.53,12565.63
gfx1250,256,48,16160,7168,False,torch.bfloat16,torch.bfloat16,False,False,opus,21307,0,18.2464,opus_gemm_gfx1250_4wave_wl_co_128x64x64x256_4x1_16x16x32_0x0x0_w2x2_c1x4_p3_v1024w1,0.0,609.44,12819.47
gfx1250,256,64,16160,7168,False,torch.bfloat16,torch.bfloat16,False,False,opus,21306,0,21.5279,opus_gemm_gfx1250_4wave_wl_co_128x64x64x256_4x1_16x16x32_0x0x0_w2x2_c1x1_p3_v1024w1,0.0,688.73,10900.08
gfx1250,256,80,16160,7168,False,torch.bfloat16,torch.bfloat16,False,False,opus,21146,0,28.1838,opus_gemm_gfx1250_4wave_wl_co_128x96x128x128_4x1_16x16x32_0x0x0_w2x2_c1x4_p3_v1024w1,0.0,657.6,8352.4
gfx1250,256,96,16160,7168,False,torch.bfloat16,torch.bfloat16,False,False,opus,21146,0,28.1758,opus_gemm_gfx1250_4wave_wl_co_128x96x128x128_4x1_16x16x32_0x0x0_w2x2_c1x4_p3_v1024w1,0.0,789.34,8381.26
gfx1250,256,112,16160,7168,False,torch.bfloat16,torch.bfloat16,False,False,opus,21133,0,28.963,opus_gemm_gfx1250_4wave_wl_co_128x64x192x128_4x1_16x16x32_0x0x0_w2x2_c2x2_p3_v1024w1,0.0,895.87,8179.24
gfx1250,256,128,16160,7168,False,torch.bfloat16,torch.bfloat16,False,False,opus,21133,0,29.1862,opus_gemm_gfx1250_4wave_wl_co_128x64x192x128_4x1_16x16x32_0x0x0_w2x2_c2x2_p3_v1024w1,0.0,1016.02,8142.26
gfx1250,256,256,16160,7168,False,torch.bfloat16,torch.bfloat16,False,False,opus,21178,0,38.9397,opus_gemm_gfx1250_4wave_wl_co_128x128x256x128_4x1_16x16x32_0x0x0_w2x2_c2x2_p3_v1024w1,0.0,1523.06,6256.18
gfx1250,256,512,16160,7168,False,torch.bfloat16,torch.bfloat16,False,False,opus,21179,0,58.6881,opus_gemm_gfx1250_4wave_wl_co_128x128x256x128_4x1_16x16x32_0x0x0_w2x2_c4x4_p3_v1024w1,0.0,2021.11,4354.51
gfx1250,256,1024,16160,7168,False,torch.bfloat16,torch.bfloat16,False,False,opus,21239,0,118.4525,opus_gemm_gfx1250_4wave_wl_co_128x128x256x128_4x1_16x16x32_0x0x0_w1x4_c4x4_p3_v1024w1,0.0,2002.74,2359.14
gfx1250,256,2048,16160,7168,False,torch.bfloat16,torch.bfloat16,False,False,opus,21176,0,212.5675,opus_gemm_gfx1250_4wave_wl_co_128x128x256x128_4x1_16x16x32_0x0x0_w2x2_c1x4_p3_v1024w1,0.0,2232.04,1539.38
gfx1250,256,4096,16160,7168,False,torch.bfloat16,torch.bfloat16,False,False,opus,21179,0,440.4961,opus_gemm_gfx1250_4wave_wl_co_128x128x256x128_4x1_16x16x32_0x0x0_w2x2_c4x4_p3_v1024w1,0.0,2154.21,959.76
gfx1250,256,8192,16160,7168,False,torch.bfloat16,torch.bfloat16,False,False,opus,21179,0,1111.9104,opus_gemm_gfx1250_4wave_wl_co_128x128x256x128_4x1_16x16x32_0x0x0_w2x2_c4x4_p3_v1024w1,0.0,1706.83,552.09
gfx1250,256,16384,16160,7168,False,torch.bfloat16,torch.bfloat16,False,False,opus,21179,0,2535.8499,opus_gemm_gfx1250_4wave_wl_co_128x128x256x128_4x1_16x16x32_0x0x0_w2x2_c4x4_p3_v1024w1,0.0,1496.81,392.8
gfx1250,256,1,129280,7168,False,torch.bfloat16,torch.bfloat16,False,False,opus,20013,1,118.726,opus_gemm_gfx1250_splitk_cluster_tdm_ws_128x16x256x128_1x2_16x16x32_0x0x0_p3w1,0.0,15.61,15612.68
gfx1250,256,2,129280,7168,False,torch.bfloat16,torch.bfloat16,False,False,opus,20012,1,119.9692,opus_gemm_gfx1250_splitk_cluster_tdm_ws_128x16x128x256_1x2_16x16x32_0x0x0_p3w1,0.0,30.9,15453.17
gfx1250,256,4,129280,7168,False,torch.bfloat16,torch.bfloat16,False,False,opus,21195,0,106.0894,opus_gemm_gfx1250_4wave_wl_co_128x64x256x128_4x1_16x16x32_0x0x0_w1x4_c1x1_p3_v1024w1,0.0,69.88,17480.07
gfx1250,256,8,129280,7168,False,torch.bfloat16,torch.bfloat16,False,False,opus,21195,0,107.5958,opus_gemm_gfx1250_4wave_wl_co_128x64x256x128_4x1_16x16x32_0x0x0_w1x4_c1x1_p3_v1024w1,0.0,137.8,17245.48
gfx1250,256,16,129280,7168,False,torch.bfloat16,torch.bfloat16,False,False,opus,21195,0,108.409,opus_gemm_gfx1250_4wave_wl_co_128x64x256x128_4x1_16x16x32_0x0x0_w1x4_c1x1_p3_v1024w1,0.0,273.54,17136.26
gfx1250,256,32,129280,7168,False,torch.bfloat16,torch.bfloat16,False,False,opus,21195,0,110.3878,opus_gemm_gfx1250_4wave_wl_co_128x64x256x128_4x1_16x16x32_0x0x0_w1x4_c1x1_p3_v1024w1,0.0,537.26,16868.63
gfx1250,256,48,129280,7168,False,torch.bfloat16,torch.bfloat16,False,False,opus,21195,0,114.5067,opus_gemm_gfx1250_4wave_wl_co_128x64x256x128_4x1_16x16x32_0x0x0_w1x4_c1x1_p3_v1024w1,0.0,776.91,16299.98
gfx1250,256,64,129280,7168,False,torch.bfloat16,torch.bfloat16,False,False,opus,21195,0,120.8907,opus_gemm_gfx1250_4wave_wl_co_128x64x256x128_4x1_16x16x32_0x0x0_w1x4_c1x1_p3_v1024w1,0.0,981.17,15475.33
gfx1250,256,80,129280,7168,False,torch.bfloat16,torch.bfloat16,False,False,opus,21215,0,128.5281,opus_gemm_gfx1250_4wave_wl_co_128x96x256x128_4x1_16x16x32_0x0x0_w1x4_c1x1_p3_v1024w1,0.0,1153.59,14589.73
gfx1250,256,96,129280,7168,False,torch.bfloat16,torch.bfloat16,False,False,opus,21215,0,132.1492,opus_gemm_gfx1250_4wave_wl_co_128x96x256x128_4x1_16x16x32_0x0x0_w1x4_c1x1_p3_v1024w1,0.0,1346.37,14222.99
gfx1250,256,112,129280,7168,False,torch.bfloat16,torch.bfloat16,False,False,opus,21176,0,140.6899,opus_gemm_gfx1250_4wave_wl_co_128x128x256x128_4x1_16x16x32_0x0x0_w2x2_c1x4_p3_v1024w1,0.0,1475.42,13390.6
gfx1250,256,128,129280,7168,False,torch.bfloat16,torch.bfloat16,False,False,opus,21176,0,141.482,opus_gemm_gfx1250_4wave_wl_co_128x128x256x128_4x1_16x16x32_0x0x0_w2x2_c1x4_p3_v1024w1,0.0,1676.75,13346.49
gfx1250,256,256,129280,7168,False,torch.bfloat16,torch.bfloat16,False,False,opus,21178,0,226.285,opus_gemm_gfx1250_4wave_wl_co_128x128x256x128_4x1_16x16x32_0x0x0_w2x2_c2x2_p3_v1024w1,0.0,2096.73,8499.1
gfx1250,256,512,129280,7168,False,torch.bfloat16,torch.bfloat16,False,False,opus,21179,0,436.4497,opus_gemm_gfx1250_4wave_wl_co_128x128x256x128_4x1_16x16x32_0x0x0_w2x2_c4x4_p3_v1024w1,0.0,2174.18,4566.58
gfx1250,256,1024,129280,7168,False,torch.bfloat16,torch.bfloat16,False,False,opus,21179,0,1159.5609,opus_gemm_gfx1250_4wave_wl_co_128x128x256x128_4x1_16x16x32_0x0x0_w2x2_c4x4_p3_v1024w1,0.0,1636.69,1839.32
gfx1250,256,2048,129280,7168,False,torch.bfloat16,torch.bfloat16,False,False,opus,21179,0,2457.5076,opus_gemm_gfx1250_4wave_wl_co_128x128x256x128_4x1_16x16x32_0x0x0_w2x2_c4x4_p3_v1024w1,0.0,1544.52,981.58
gfx1250,256,4096,129280,7168,False,torch.bfloat16,torch.bfloat16,False,False,opus,21234,0,4731.0094,opus_gemm_gfx1250_4wave_wl_co_128x128x192x128_4x1_16x16x32_0x0x0_w1x4_c4x4_p3_v1024w1,0.0,1604.6,628.01
gfx1250,256,8192,129280,7168,False,torch.bfloat16,torch.bfloat16,False,False,opus,21234,0,9353.0764,opus_gemm_gfx1250_4wave_wl_co_128x128x192x128_4x1_16x16x32_0x0x0_w1x4_c4x4_p3_v1024w1,0.0,1623.29,437.17
gfx1250,256,16384,129280,7168,False,torch.bfloat16,torch.bfloat16,False,False,opus,21179,0,19801.9643,opus_gemm_gfx1250_4wave_wl_co_128x128x256x128_4x1_16x16x32_0x0x0_w2x2_c4x4_p3_v1024w1,0.0,1533.45,319.39
gfx950,256,96,384,7168,False,torch.bfloat16,torch.bfloat16,False,False,flydsl,3002,7,7.7009,flydsl_hgemm_abf16_wbf16_bf16_t32x32x64x8_ks7_w2x1x1_bias0_ktail0_gm0_pft_gfx950,0.0207,68.63,903.14
gfx950,256,144,384,7168,False,torch.bfloat16,torch.bfloat16,False,False,flydsl,4648,7,8.6112,flydsl_hgemm_abf16_wbf16_bf16_t64x32x64x6_ks7_w2x2x1_bias0_ktail0_gm0_pft_gfx950,0.0206,92.06,891.86
gfx950,256,192,384,7168,False,torch.bfloat16,torch.bfloat16,False,False,flydsl,5841,7,9.8581,flydsl_hgemm_abf16_wbf16_bf16_t64x32x64x7_ks7_w2x1x1_bias0_ktail0_gm0_pft_gfx950,0.0203,107.22,852.6
gfx950,256,208,384,7168,False,torch.bfloat16,torch.bfloat16,False,False,flydsl,3647,8,10.2764,flydsl_hgemm_abf16_wbf16_bf16_t32x96x64x5_ks8_w2x2x1_bias0_ktail0_gm0_pft_gfx950,0.0218,111.42,841.41
gfx950,256,256,384,7168,False,torch.bfloat16,torch.bfloat16,False,False,flydsl,6764,7,11.1671,flydsl_hgemm_abf16_wbf16_bf16_t96x32x64x5_ks7_w2x2x1_bias0_ktail0_gm0_pft_gfx950,0.0203,126.2,839.22
gfx950,256,288,384,7168,False,torch.bfloat16,torch.bfloat16,False,False,flydsl,5037,4,11.4312,flydsl_hgemm_abf16_wbf16_bf16_t64x32x64x6_ks4_w2x1x1_bias0_ktail0_gm0_pft_gfx950,0.014,138.69,862.11
gfx950,256,384,384,7168,False,torch.bfloat16,torch.bfloat16,False,False,flydsl,6332,8,12.9977,flydsl_hgemm_abf16_wbf16_bf16_t64x96x64x4_ks8_w2x2x1_bias0_ktail0_gm0_pft_gfx950,0.0216,162.64,869.77
gfx950,256,16,1024,7168,False,torch.bfloat16,torch.bfloat16,False,False,flydsl,324,7,6.8196,flydsl_hgemm_abf16_wbf16_bf16_t16x32x128x8_ks7_w1x2x1_bias0_ktail0_gm0_pft_gfx950,0.0193,34.44,2191.07
gfx950,256,24,1024,7168,False,torch.bfloat16,torch.bfloat16,False,False,flydsl,2089,8,7.1615,flydsl_hgemm_abf16_wbf16_bf16_t32x32x64x8_ks8_w2x1x1_bias0_ktail0_gm0_pft_gfx950,0.0208,49.2,2104.77
gfx950,256,40,1024,7168,False,torch.bfloat16,torch.bfloat16,False,False,flydsl,4618,8,8.0235,flydsl_hgemm_abf16_wbf16_bf16_t64x32x64x8_ks8_w4x1x1_bias0_ktail0_gm0_pft_gfx950,0.0206,73.19,1911.31
gfx950,256,56,1024,7168,False,torch.bfloat16,torch.bfloat16,False,False,flydsl,4631,7,8.7624,flydsl_hgemm_abf16_wbf16_bf16_t64x32x64x5_ks7_w2x2x1_bias0_ktail0_gm0_pft_gfx950,0.0188,93.82,1780.06
gfx950,256,120,1024,7168,False,torch.bfloat16,torch.bfloat16,False,False,flydsl,2548,4,11.2255,flydsl_hgemm_abf16_wbf16_bf16_t32x64x128x4_ks4_w2x2x1_bias0_ktail0_gm0_pft_gfx950,0.0144,156.93,1482.89
gfx950,256,144,1024,7168,False,torch.bfloat16,torch.bfloat16,False,False,flydsl,4374,8,12.3958,flydsl_hgemm_abf16_wbf16_bf16_t64x64x64x5_ks8_w4x2x1_bias0_ktail0_gm0_pft_gfx950,0.0213,170.54,1374.61
gfx950,256,192,1024,7168,False,torch.bfloat16,torch.bfloat16,False,False,flydsl,3236,4,13.6053,flydsl_hgemm_abf16_wbf16_bf16_t48x64x128x3_ks4_w1x4x1_bias0_ktail0_gm0_pft_gfx950,0.0142,207.17,1310.21
gfx950,256,200,1024,7168,False,torch.bfloat16,torch.bfloat16,False,False,flydsl,4976,4,13.8725,flydsl_hgemm_abf16_wbf16_bf16_t64x64x64x5_ks4_w4x2x1_bias0_ktail0_gm0_pft_gfx950,0.0142,211.64,1294.42
gfx950,256,208,1024,7168,False,torch.bfloat16,torch.bfloat16,False,False,flydsl,4478,4,14.0085,flydsl_hgemm_abf16_wbf16_bf16_t64x64x128x3_ks4_w2x2x2_bias0_ktail0_gm0_pft_gfx950,0.022,217.97,1291.21
gfx950,256,216,1024,7168,False,torch.bfloat16,torch.bfloat16,False,False,flydsl,5035,4,14.1108,flydsl_hgemm_abf16_wbf16_bf16_t64x64x64x6_ks4_w2x2x1_bias0_ktail0_gm0_pft_gfx950,0.014,224.71,1291.14
gfx950,256,248,1024,7168,False,torch.bfloat16,torch.bfloat16,False,False,flydsl,4902,4,15.1071,flydsl_hgemm_abf16_wbf16_bf16_t64x64x64x6_ks4_w4x2x1_bias0_ktail0_gm0_pft_gfx950,0.0142,240.99,1240.69
gfx950,256,256,1024,7168,False,torch.bfloat16,torch.bfloat16,False,False,flydsl,4340,4,15.3032,flydsl_hgemm_abf16_wbf16_bf16_t64x64x128x3_ks4_w2x2x2_bias0_ktail0_gm0_pft_gfx950,0.0219,245.58,1233.36
gfx950,256,280,1024,7168,False,torch.bfloat16,torch.bfloat16,False,False,asm,8,5,16.4717,_ZN5aiter39bf16gemm_fp32bf16_tn_96x64_splitk_cleanE,0.0163,249.54,1169.74
gfx950,256,288,1024,7168,False,torch.bfloat16,torch.bfloat16,False,False,asm,8,5,16.5059,_ZN5aiter39bf16gemm_fp32bf16_tn_96x64_splitk_cleanE,0.0164,256.14,1175.26
gfx950,256,296,1024,7168,False,torch.bfloat16,torch.bfloat16,False,False,asm,7,4,17.3016,_ZN5aiter39bf16gemm_fp32bf16_tn_80x64_splitk_cleanE,0.0138,251.15,1128.78
gfx950,256,304,1024,7168,False,torch.bfloat16,torch.bfloat16,False,False,asm,7,4,17.5848,_ZN5aiter39bf16gemm_fp32bf16_tn_80x64_splitk_cleanE,0.0136,253.78,1118.06
gfx950,256,312,1024,7168,False,torch.bfloat16,torch.bfloat16,False,False,flydsl,5202,4,17.436,flydsl_hgemm_abf16_wbf16_bf16_t96x64x64x4_ks4_w2x2x1_bias0_ktail0_gm0_pft_gfx950,0.0138,262.69,1135.12
gfx950,256,320,1024,7168,False,torch.bfloat16,torch.bfloat16,False,False,flydsl,5202,4,17.6011,flydsl_hgemm_abf16_wbf16_bf16_t96x64x64x4_ks4_w2x2x1_bias0_ktail0_gm0_pft_gfx950,0.0139,266.89,1131.91
gfx950,256,328,1024,7168,False,torch.bfloat16,torch.bfloat16,False,False,flydsl,4712,4,17.6571,flydsl_hgemm_abf16_wbf16_bf16_t96x64x64x4_ks4_w2x2x1_bias0_ktail0_gm0_pft_gfx950,0.0138,272.7,1135.75
gfx950,256,336,1024,7168,False,torch.bfloat16,torch.bfloat16,False,False,flydsl,4712,4,17.6647,flydsl_hgemm_abf16_wbf16_bf16_t96x64x64x4_ks4_w2x2x1_bias0_ktail0_gm0_pft_gfx950,0.0139,279.23,1142.68
gfx950,256,344,1024,7168,False,torch.bfloat16,torch.bfloat16,False,False,flydsl,4690,4,17.916,flydsl_hgemm_abf16_wbf16_bf16_t96x64x64x4_ks4_w2x2x1_bias0_ktail0_gm0_pft_gfx950,0.0137,281.87,1133.97
gfx950,256,384,1024,7168,False,torch.bfloat16,torch.bfloat16,False,False,asm,8,4,18.9795,_ZN5aiter39bf16gemm_fp32bf16_tn_96x64_splitk_cleanE,0.0139,297.01,1104.96
gfx950,256,8,384,7168,False,torch.bfloat16,torch.bfloat16,False,False,flydsl,294,8,5.5775,flydsl_hgemm_abf16_wbf16_bf16_t16x32x128x6_ks8_w1x2x1_bias0_ktail0_gm0_pft_gfx950,0.0199,7.9,1008.67
gfx950,256,16,384,7168,False,torch.bfloat16,torch.bfloat16,False,False,flydsl,505,8,5.755,flydsl_hgemm_abf16_wbf16_bf16_t16x32x64x9_ks8_w1x2x1_bias0_ktail0_gm0_pft_gfx950,0.0231,15.31,998.56
gfx950,256,24,384,7168,False,torch.bfloat16,torch.bfloat16,False,False,flydsl,2124,8,6.1091,flydsl_hgemm_abf16_wbf16_bf16_t32x32x64x9_ks8_w2x1x1_bias0_ktail0_gm0_pft_gfx950,0.0222,21.63,960.46
gfx950,256,32,384,7168,False,torch.bfloat16,torch.bfloat16,False,False,flydsl,2124,8,6.2811,flydsl_hgemm_abf16_wbf16_bf16_t32x32x64x9_ks8_w2x1x1_bias0_ktail0_gm0_pft_gfx950,0.0218,28.05,953.39
gfx950,256,40,384,7168,False,torch.bfloat16,torch.bfloat16,False,False,flydsl,280,7,6.5881,flydsl_hgemm_abf16_wbf16_bf16_t16x32x128x5_ks7_w1x2x1_bias0_ktail0_gm0_pft_gfx950,0.02,33.42,927.31
gfx950,256,48,384,7168,False,torch.bfloat16,torch.bfloat16,False,False,flydsl,507,7,6.7481,flydsl_hgemm_abf16_wbf16_bf16_t16x32x64x9_ks7_w1x2x1_bias0_ktail0_gm0_pft_gfx950,0.0208,39.16,923.23
gfx950,256,56,384,7168,False,torch.bfloat16,torch.bfloat16,False,False,flydsl,2082,7,6.9999,flydsl_hgemm_abf16_wbf16_bf16_t32x32x64x8_ks7_w2x1x1_bias0_ktail0_gm0_pft_gfx950,0.02,44.04,907.28
gfx950,256,64,384,7168,False,torch.bfloat16,torch.bfloat16,False,False,flydsl,2019,8,7.1315,flydsl_hgemm_abf16_wbf16_bf16_t32x32x64x6_ks8_w2x1x1_bias0_ktail0_gm0_pft_gfx950,0.0223,49.4,907.48
gfx950,256,72,384,7168,False,torch.bfloat16,torch.bfloat16,False,False,flydsl,3039,7,7.2431,flydsl_hgemm_abf16_wbf16_bf16_t32x32x64x9_ks7_w2x2x1_bias0_ktail0_gm0_pft_gfx950,0.0204,54.72,910.18
gfx950,256,80,384,7168,False,torch.bfloat16,torch.bfloat16,False,False,flydsl,2930,7,7.4155,flydsl_hgemm_abf16_wbf16_bf16_t32x32x64x6_ks7_w1x2x1_bias0_ktail0_gm0_pft_gfx950,0.02,59.39,905.31
gfx950,256,88,384,7168,False,torch.bfloat16,torch.bfloat16,False,False,flydsl,2930,7,7.526,flydsl_hgemm_abf16_wbf16_bf16_t32x32x64x6_ks7_w1x2x1_bias0_ktail0_gm0_pft_gfx950,0.0199,64.37,908.08
gfx950,256,104,384,7168,False,torch.bfloat16,torch.bfloat16,False,False,flydsl,5772,8,8.1397,flydsl_hgemm_abf16_wbf16_bf16_t64x32x64x6_ks8_w4x1x1_bias0_ktail0_gm0_pft_gfx950,0.0215,70.34,869.3
gfx950,256,112,384,7168,False,torch.bfloat16,torch.bfloat16,False,False,flydsl,4185,7,8.2856,flydsl_hgemm_abf16_wbf16_bf16_t48x32x64x8_ks7_w1x2x1_bias0_ktail0_gm0_pft_gfx950,0.0201,74.41,868.58
gfx950,256,120,384,7168,False,torch.bfloat16,torch.bfloat16,False,False,flydsl,4083,7,8.414,flydsl_hgemm_abf16_wbf16_bf16_t48x32x64x6_ks7_w1x2x1_bias0_ktail0_gm0_pft_gfx950,0.0199,78.51,869.68
gfx950,256,128,384,7168,False,torch.bfloat16,torch.bfloat16,False,False,flydsl,4083,7,8.5072,flydsl_hgemm_abf16_wbf16_bf16_t48x32x64x6_ks7_w1x2x1_bias0_ktail0_gm0_pft_gfx950,0.0203,82.83,874.36
gfx950,256,136,384,7168,False,torch.bfloat16,torch.bfloat16,False,False,flydsl,4649,7,8.6471,flydsl_hgemm_abf16_wbf16_bf16_t64x32x64x6_ks7_w4x1x1_bias0_ktail0_gm0_pft_gfx950,0.0208,86.58,874.19
gfx950,256,168,384,7168,False,torch.bfloat16,torch.bfloat16,False,False,flydsl,5803,7,9.0905,flydsl_hgemm_abf16_wbf16_bf16_t64x32x64x6_ks7_w2x2x1_bias0_ktail0_gm0_pft_gfx950,0.0197,101.74,884.71
gfx950,256,176,384,7168,False,torch.bfloat16,torch.bfloat16,False,False,flydsl,5843,7,9.4151,flydsl_hgemm_abf16_wbf16_bf16_t64x32x64x7_ks7_w2x2x1_bias0_ktail0_gm0_pft_gfx950,0.0197,102.91,867.05
gfx950,256,184,384,7168,False,torch.bfloat16,torch.bfloat16,False,False,flydsl,5764,7,9.6666,flydsl_hgemm_abf16_wbf16_bf16_t64x32x64x5_ks7_w4x1x1_bias0_ktail0_gm0_pft_gfx950,0.0204,104.79,856.99
gfx950,256,200,384,7168,False,torch.bfloat16,torch.bfloat16,False,False,flydsl,3647,8,10.0678,flydsl_hgemm_abf16_wbf16_bf16_t32x96x64x5_ks8_w2x2x1_bias0_ktail0_gm0_pft_gfx950,0.0216,109.36,846.84
gfx950,256,216,384,7168,False,torch.bfloat16,torch.bfloat16,False,False,flydsl,3702,8,10.3374,flydsl_hgemm_abf16_wbf16_bf16_t32x96x64x5_ks8_w2x2x1_bias0_ktail0_gm0_pft_gfx950,0.0211,115.03,848.13
gfx950,256,224,384,7168,False,torch.bfloat16,torch.bfloat16,False,False,flydsl,3702,8,10.5339,flydsl_hgemm_abf16_wbf16_bf16_t32x96x64x5_ks8_w2x2x1_bias0_ktail0_gm0_pft_gfx950,0.0221,117.06,843.78
gfx950,256,232,384,7168,False,torch.bfloat16,torch.bfloat16,False,False,flydsl,3381,8,10.7232,flydsl_hgemm_abf16_wbf16_bf16_t32x96x64x5_ks8_w2x2x1_bias0_ktail0_gm0_pft_gfx950,0.0216,119.1,840.16
gfx950,256,240,384,7168,False,torch.bfloat16,torch.bfloat16,False,False,flydsl,6794,7,10.657,flydsl_hgemm_abf16_wbf16_bf16_t96x32x64x7_ks7_w2x2x1_bias0_ktail0_gm0_pft_gfx950,0.0197,123.98,856.71
gfx950,256,248,384,7168,False,torch.bfloat16,torch.bfloat16,False,False,flydsl,6764,7,10.7608,flydsl_hgemm_abf16_wbf16_bf16_t96x32x64x5_ks7_w2x2x1_bias0_ktail0_gm0_pft_gfx950,0.0199,126.87,859.68
gfx950,256,264,384,7168,False,torch.bfloat16,torch.bfloat16,False,False,flydsl,3169,7,11.0981,flydsl_hgemm_abf16_wbf16_bf16_t32x96x64x5_ks7_w2x2x1_bias0_ktail0_gm0_pft_gfx950,0.0202,130.95,855.32
gfx950,256,272,384,7168,False,torch.bfloat16,torch.bfloat16,False,False,flydsl,3169,7,11.2384,flydsl_hgemm_abf16_wbf16_bf16_t32x96x64x5_ks7_w2x2x1_bias0_ktail0_gm0_pft_gfx950,0.0204,133.24,855.4
gfx950,256,280,384,7168,False,torch.bfloat16,torch.bfloat16,False,False,flydsl,5039,4,11.4322,flydsl_hgemm_abf16_wbf16_bf16_t64x32x64x6_ks4_w2x2x1_bias0_ktail0_gm0_pft_gfx950,0.0142,134.83,851.47
gfx950,256,296,384,7168,False,torch.bfloat16,torch.bfloat16,False,False,flydsl,4987,4,11.1845,flydsl_hgemm_abf16_wbf16_bf16_t64x32x64x6_ks4_w4x1x1_bias0_ktail0_gm0_pft_gfx950,0.0139,145.69,891.93
gfx950,256,304,384,7168,False,torch.bfloat16,torch.bfloat16,False,False,flydsl,4986,4,11.4699,flydsl_hgemm_abf16_wbf16_bf16_t64x32x64x6_ks4_w2x2x1_bias0_ktail0_gm0_pft_gfx950,0.0138,145.91,880.27
gfx950,256,312,384,7168,False,torch.bfloat16,torch.bfloat16,False,False,flydsl,5220,4,11.7897,flydsl_hgemm_abf16_wbf16_bf16_t64x32x64x7_ks4_w2x2x1_bias0_ktail0_gm0_pft_gfx950,0.0137,145.68,866.64
gfx950,256,320,384,7168,False,torch.bfloat16,torch.bfloat16,False,False,flydsl,2204,4,11.9078,flydsl_hgemm_abf16_wbf16_bf16_t32x32x128x4_ks4_w2x2x1_bias0_ktail0_gm0_pft_gfx950,0.0137,147.94,868.2
gfx950,256,328,384,7168,False,torch.bfloat16,torch.bfloat16,False,False,flydsl,6410,8,12.1426,flydsl_hgemm_abf16_wbf16_bf16_t64x96x64x5_ks8_w2x2x1_bias0_ktail0_gm0_pft_gfx950,0.0213,148.7,861.36
gfx950,256,336,384,7168,False,torch.bfloat16,torch.bfloat16,False,False,flydsl,6395,8,12.2025,flydsl_hgemm_abf16_wbf16_bf16_t64x96x64x4_ks8_w2x2x1_bias0_ktail0_gm0_pft_gfx950,0.0211,151.58,867.03
gfx950,256,344,384,7168,False,torch.bfloat16,torch.bfloat16,False,False,flydsl,3363,8,12.4535,flydsl_hgemm_abf16_wbf16_bf16_t32x96x64x5_ks8_w2x2x1_bias0_ktail0_gm0_pft_gfx950,0.0222,152.06,859.26
gfx950,256,360,384,7168,False,torch.bfloat16,torch.bfloat16,False,False,flydsl,6260,8,12.5846,flydsl_hgemm_abf16_wbf16_bf16_t64x96x64x4_ks8_w2x2x1_bias0_ktail0_gm0_pft_gfx950,0.0213,157.48,869.51
gfx950,256,368,384,7168,False,torch.bfloat16,torch.bfloat16,False,False,flydsl,3276,8,12.8194,flydsl_hgemm_abf16_wbf16_bf16_t32x96x64x4_ks8_w2x2x1_bias0_ktail0_gm0_pft_gfx950,0.022,158.03,863.01
gfx950,256,376,384,7168,False,torch.bfloat16,torch.bfloat16,False,False,flydsl,3363,8,12.8887,flydsl_hgemm_abf16_wbf16_bf16_t32x96x64x5_ks8_w2x2x1_bias0_ktail0_gm0_pft_gfx950,0.0215,160.6,867.75
gfx950,256,392,384,7168,False,torch.bfloat16,torch.bfloat16,False,False,flydsl,5840,7,12.7434,flydsl_hgemm_abf16_wbf16_bf16_t64x96x64x4_ks7_w2x2x1_bias0_ktail0_gm0_pft_gfx950,0.0196,169.34,896.6
gfx950,256,400,384,7168,False,torch.bfloat16,torch.bfloat16,False,False,flydsl,5835,7,12.7122,flydsl_hgemm_abf16_wbf16_bf16_t64x96x64x4_ks7_w2x2x1_bias0_ktail0_gm0_pft_gfx950,0.02,173.22,908.31
gfx950,256,408,384,7168,False,torch.bfloat16,torch.bfloat16,False,False,flydsl,5912,7,12.9231,flydsl_hgemm_abf16_wbf16_bf16_t64x96x64x4_ks7_w2x2x1_bias0_ktail0_gm0_pft_gfx950,0.0194,173.8,902.84
gfx950,256,424,384,7168,False,torch.bfloat16,torch.bfloat16,False,False,flydsl,5926,8,13.2786,flydsl_hgemm_abf16_wbf16_bf16_t64x96x64x4_ks8_w2x2x1_bias0_ktail0_gm0_pft_gfx950,0.021,175.78,896.87
gfx950,256,432,384,7168,False,torch.bfloat16,torch.bfloat16,False,False,flydsl,5938,7,13.4539,flydsl_hgemm_abf16_wbf16_bf16_t64x96x64x5_ks7_w2x2x1_bias0_ktail0_gm0_pft_gfx950,0.0199,176.76,894.16
gfx950,256,440,384,7168,False,torch.bfloat16,torch.bfloat16,False,False,flydsl,5990,7,13.7435,flydsl_hgemm_abf16_wbf16_bf16_t64x96x64x4_ks7_w2x2x1_bias0_ktail0_gm0_pft_gfx950,0.0197,176.24,884.11
gfx950,256,448,384,7168,False,torch.bfloat16,torch.bfloat16,False,False,flydsl,5896,7,13.7458,flydsl_hgemm_abf16_wbf16_bf16_t64x96x128x3_ks7_w2x2x2_bias0_ktail0_gm0_pft_gfx950,0.0273,179.42,892.75
gfx950,256,456,384,7168,False,torch.bfloat16,torch.bfloat16,False,False,flydsl,5247,7,13.4703,flydsl_hgemm_abf16_wbf16_bf16_t64x96x64x4_ks7_w2x2x1_bias0_ktail0_gm0_pft_gfx950,0.0199,186.36,919.98
gfx950,256,464,384,7168,False,torch.bfloat16,torch.bfloat16,False,False,flydsl,5250,8,13.7326,flydsl_hgemm_abf16_wbf16_bf16_t64x96x64x4_ks8_w2x2x1_bias0_ktail0_gm0_pft_gfx950,0.021,186.0,911.21
gfx950,256,472,384,7168,False,torch.bfloat16,torch.bfloat16,False,False,flydsl,5354,7,13.8229,flydsl_hgemm_abf16_wbf16_bf16_t64x96x64x4_ks7_w2x2x1_bias0_ktail0_gm0_pft_gfx950,0.0195,187.98,914.0
gfx950,256,488,384,7168,False,torch.bfloat16,torch.bfloat16,False,False,flydsl,2685,4,14.0381,flydsl_hgemm_abf16_wbf16_bf16_t32x96x64x5_ks4_w2x2x1_bias0_ktail0_gm0_pft_gfx950,0.0141,191.37,917.2
gfx950,256,496,384,7168,False,torch.bfloat16,torch.bfloat16,False,False,flydsl,2685,4,14.215,flydsl_hgemm_abf16_wbf16_bf16_t32x96x64x5_ks4_w2x2x1_bias0_ktail0_gm0_pft_gfx950,0.0139,192.09,914.29
gfx950,256,504,384,7168,False,torch.bfloat16,torch.bfloat16,False,False,flydsl,2651,4,14.346,flydsl_hgemm_abf16_wbf16_bf16_t32x96x128x3_ks4_w1x2x2_bias0_ktail0_gm0_pft_gfx950,0.0219,193.4,914.36
gfx950,256,512,384,7168,False,torch.bfloat16,torch.bfloat16,False,False,flydsl,2651,4,14.405,flydsl_hgemm_abf16_wbf16_bf16_t32x96x128x3_ks4_w1x2x2_bias0_ktail0_gm0_pft_gfx950,0.0217,195.67,919.01
gfx950,256,4,2112,7168,False,torch.bfloat16,torch.bfloat16,False,False,flydsl,417,7,8.4976,flydsl_hgemm_abf16_wbf16_bf16_t16x64x128x3_ks7_w1x2x1_bias0_ktail0_gm0_pft_gfx950,0.0182,14.25,3571.82
gfx950,256,8,2112,7168,False,torch.bfloat16,torch.bfloat16,False,False,flydsl,538,7,8.6435,flydsl_hgemm_abf16_wbf16_bf16_t16x64x128x4_ks7_w1x2x1_bias0_ktail0_gm0_pft_gfx950,0.0195,28.02,3520.11
gfx950,256,16,2112,7168,False,torch.bfloat16,torch.bfloat16,False,False,flydsl,568,7,8.9839,flydsl_hgemm_abf16_wbf16_bf16_t16x64x128x5_ks7_w1x2x1_bias0_ktail0_gm0_pft_gfx950,0.0198,53.92,3403.26
gfx950,256,24,2112,7168,False,torch.bfloat16,torch.bfloat16,False,False,flydsl,2472,7,9.5239,flydsl_hgemm_abf16_wbf16_bf16_t32x64x64x6_ks7_w1x4x1_bias0_ktail0_gm0_pft_gfx950,0.0195,76.3,3225.89
gfx950,256,40,2112,7168,False,torch.bfloat16,torch.bfloat16,False,False,flydsl,4223,7,10.7011,flydsl_hgemm_abf16_wbf16_bf16_t64x64x64x6_ks7_w2x2x1_bias0_ktail0_gm0_pft_gfx950,0.0195,113.18,2898.77
gfx950,256,48,2112,7168,False,torch.bfloat16,torch.bfloat16,False,False,flydsl,4893,7,11.2134,flydsl_hgemm_abf16_wbf16_bf16_t64x64x64x7_ks7_w4x2x1_bias0_ktail0_gm0_pft_gfx950,0.0192,129.61,2779.58
gfx950,256,56,2112,7168,False,torch.bfloat16,torch.bfloat16,False,False,flydsl,4753,7,11.7943,flydsl_hgemm_abf16_wbf16_bf16_t64x64x64x5_ks7_w2x2x1_bias0_ktail0_gm0_pft_gfx950,0.0203,143.76,2655.27
gfx950,256,72,2112,7168,False,torch.bfloat16,torch.bfloat16,False,False,flydsl,5049,7,13.1909,flydsl_hgemm_abf16_wbf16_bf16_t96x64x64x4_ks7_w2x2x1_bias0_ktail0_gm0_pft_gfx950,0.0194,165.26,2396.65
gfx950,256,88,2112,7168,False,torch.bfloat16,torch.bfloat16,False,False,flydsl,5639,7,14.3526,flydsl_hgemm_abf16_wbf16_bf16_t96x64x64x4_ks7_w2x2x1_bias0_ktail0_gm0_pft_gfx950,0.02,185.64,2223.35
gfx950,256,360,4096,512,False,torch.bfloat16,torch.bfloat16,False,False,flydsl,2226,1,6.5003,flydsl_hgemm_abf16_wbf16_bf16_t96x64x64x4_ks1_w2x2x1_bias0_ktail0_gm0_pft_gfx950,0.0,232.29,1155.65
gfx950,256,1,7168,512,False,torch.bfloat16,torch.bfloat16,False,False,triton,0,0,4.2847,auto,0.0,1.71,1716.66
gfx950,256,48,7168,512,False,torch.bfloat16,torch.bfloat16,False,False,flydsl,873,1,4.9631,flydsl_hgemm_abf16_wbf16_bf16_t32x64x64x6_ks1_w1x4x1_bias0_ktail0_gm0_pft_gfx950,0.0,70.99,1627.47
gfx950,256,72,7168,512,False,torch.bfloat16,torch.bfloat16,False,False,flydsl,2468,1,5.4335,flydsl_hgemm_abf16_wbf16_bf16_t96x32x64x6_ks1_w2x2x1_bias0_ktail0_gm0_pft_gfx950,0.0,97.26,1554.42
gfx950,256,80,7168,512,False,torch.bfloat16,torch.bfloat16,False,False,flydsl,2317,1,5.4931,flydsl_hgemm_abf16_wbf16_bf16_t64x64x64x6_ks1_w4x2x1_bias0_ktail0_gm0_pft_gfx950,0.0,106.9,1559.93
gfx950,256,120,7168,512,False,torch.bfloat16,torch.bfloat16,False,False,flydsl,2247,1,5.6904,flydsl_hgemm_abf16_wbf16_bf16_t64x64x64x5_ks1_w2x2x1_bias0_ktail0_gm0_pft_gfx950,0.0,154.79,1613.81
gfx942,80,168,384,7168,False,torch.bfloat16,torch.bfloat16,False,False,opus,10201,8,20.8034,opus_gemm_gfx942_splitk_p1_256x64x64x64_2x2_16x16x16_0x0x0,0.0,44.46,386.6
gfx942,80,176,384,7168,False,torch.bfloat16,torch.bfloat16,False,False,opus,10201,8,20.632,opus_gemm_gfx942_splitk_p1_256x64x64x64_2x2_16x16x16_0x0x0,0.0,46.96,395.66
gfx942,80,184,384,7168,False,torch.bfloat16,torch.bfloat16,False,False,opus,10201,8,21.0217,opus_gemm_gfx942_splitk_p1_256x64x64x64_2x2_16x16x16_0x0x0,0.0,48.18,394.08
gfx942,80,328,384,7168,False,torch.bfloat16,torch.bfloat16,False,False,opus,10200,8,29.3805,opus_gemm_gfx942_splitk_legacy_512x128x128x64_2x4_16x16x16_0x0x0,0.0,61.46,355.99
gfx942,80,336,384,7168,False,torch.bfloat16,torch.bfloat16,False,False,opus,10200,8,29.5682,opus_gemm_gfx942_splitk_legacy_512x128x128x64_2x4_16x16x16_0x0x0,0.0,62.56,357.82
gfx942,80,344,384,7168,False,torch.bfloat16,torch.bfloat16,False,False,opus,10200,8,29.6615,opus_gemm_gfx942_splitk_legacy_512x128x128x64_2x4_16x16x16_0x0x0,0.0,63.84,360.76
gfx942,80,360,384,7168,False,torch.bfloat16,torch.bfloat16,False,False,opus,10200,8,29.8782,opus_gemm_gfx942_splitk_legacy_512x128x128x64_2x4_16x16x16_0x0x0,0.0,66.33,366.24
gfx942,80,368,384,7168,False,torch.bfloat16,torch.bfloat16,False,False,opus,10200,8,30.0582,opus_gemm_gfx942_splitk_legacy_512x128x128x64_2x4_16x16x16_0x0x0,0.0,67.4,368.06
gfx942,80,376,384,7168,False,torch.bfloat16,torch.bfloat16,False,False,opus,10200,8,30.2422,opus_gemm_gfx942_splitk_legacy_512x128x128x64_2x4_16x16x16_0x0x0,0.0,68.44,369.82
gfx942,80,392,384,7168,False,torch.bfloat16,torch.bfloat16,False,False,opus,10204,0,34.2927,opus_gemm_gfx942_splitk_em3en4_lds1_pgr2_256x128x96x128_2x2_16x16x16_0x0x0,0.0,62.93,333.18
gfx942,80,400,384,7168,False,torch.bfloat16,torch.bfloat16,False,False,opus,10204,0,34.1729,opus_gemm_gfx942_splitk_em3en4_lds1_pgr2_256x128x96x128_2x2_16x16x16_0x0x0,0.0,64.44,337.89
gfx942,80,408,384,7168,False,torch.bfloat16,torch.bfloat16,False,False,opus,10204,0,34.7779,opus_gemm_gfx942_splitk_em3en4_lds1_pgr2_256x128x96x128_2x2_16x16x16_0x0x0,0.0,64.58,335.48
gfx942,80,424,384,7168,False,torch.bfloat16,torch.bfloat16,False,False,opus,10204,0,34.9512,opus_gemm_gfx942_splitk_em3en4_lds1_pgr2_256x128x96x128_2x2_16x16x16_0x0x0,0.0,66.78,340.74
gfx942,80,432,384,7168,False,torch.bfloat16,torch.bfloat16,False,False,opus,10200,6,34.8201,opus_gemm_gfx942_splitk_legacy_512x128x128x64_2x4_16x16x16_0x0x0,0.0,68.3,345.49
gfx942,80,440,384,7168,False,torch.bfloat16,torch.bfloat16,False,False,opus,10200,6,35.0038,opus_gemm_gfx942_splitk_legacy_512x128x128x64_2x4_16x16x16_0x0x0,0.0,69.2,347.13
gfx942,80,448,384,7168,False,torch.bfloat16,torch.bfloat16,False,False,opus,10200,6,35.004,opus_gemm_gfx942_splitk_legacy_512x128x128x64_2x4_16x16x16_0x0x0,0.0,70.46,350.58
gfx942,80,456,384,7168,False,torch.bfloat16,torch.bfloat16,False,False,opus,10200,6,35.1986,opus_gemm_gfx942_splitk_legacy_512x128x128x64_2x4_16x16x16_0x0x0,0.0,71.32,352.07
gfx942,80,464,384,7168,False,torch.bfloat16,torch.bfloat16,False,False,opus,10200,6,35.1434,opus_gemm_gfx942_splitk_legacy_512x128x128x64_2x4_16x16x16_0x0x0,0.0,72.68,356.06
gfx942,80,472,384,7168,False,torch.bfloat16,torch.bfloat16,False,False,opus,10200,6,35.3493,opus_gemm_gfx942_splitk_legacy_512x128x128x64_2x4_16x16x16_0x0x0,0.0,73.51,357.41
gfx942,80,488,384,7168,False,torch.bfloat16,torch.bfloat16,False,False,opus,10200,6,35.6812,opus_gemm_gfx942_splitk_legacy_512x128x128x64_2x4_16x16x16_0x0x0,0.0,75.29,360.86
gfx942,80,504,384,7168,False,torch.bfloat16,torch.bfloat16,False,False,opus,10204,0,37.3063,opus_gemm_gfx942_splitk_em3en4_lds1_pgr2_256x128x96x128_2x2_16x16x16_0x0x0,0.0,74.37,351.61
gfx942,80,360,4096,512,False,torch.bfloat16,torch.bfloat16,False,False,opus,10001,0,24.4607,opus_gemm_gfx942_p1_256x64x64x64_2x2_16x16x16_0x0x0,0.0,61.73,307.11
gfx942,80,1,7168,512,False,torch.bfloat16,torch.bfloat16,False,False,opus,10001,0,9.6876,opus_gemm_gfx942_p1_256x64x64x64_2x2_16x16x16_0x0x0,0.0,0.76,759.26
gfx942,80,48,7168,512,False,torch.bfloat16,torch.bfloat16,False,False,opus,10003,0,10.7835,opus_gemm_gfx942_p1_bk128_256x64x64x128_2x2_16x16x16_0x0x0,0.0,32.67,749.04
gfx942,80,72,7168,512,False,torch.bfloat16,torch.bfloat16,False,False,opus,10000,0,14.5067,opus_gemm_gfx942_512x128x128x64_2x4_16x16x16_0x0x0,0.0,36.43,582.21
gfx942,80,80,7168,512,False,torch.bfloat16,torch.bfloat16,False,False,opus,10000,0,16.2923,opus_gemm_gfx942_512x128x128x64_2x4_16x16x16_0x0x0,0.0,36.04,525.94
gfx942,80,120,7168,512,False,torch.bfloat16,torch.bfloat16,False,False,opus,10000,0,18.7699,opus_gemm_gfx942_512x128x128x64_2x4_16x16x16_0x0x0,0.0,46.93,489.25
gfx942,80,80,384,7168,False,torch.bfloat16,torch.bfloat16,False,False,opus,10302,0,15.0256,opus_gemm_gfx942_wkc_512x32x16x64_1x1_16x16x16_0x0x0,0.0,29.31,446.79
gfx942,80,88,384,7168,False,torch.bfloat16,torch.bfloat16,False,False,opus,10302,0,15.2238,opus_gemm_gfx942_wkc_512x32x16x64_1x1_16x16x16_0x0x0,0.0,31.82,448.91
gfx942,80,512,384,7168,False,torch.bfloat16,torch.bfloat16,False,False,opus,10204,0,37.4748,opus_gemm_gfx942_splitk_em3en4_lds1_pgr2_256x128x96x128_2x2_16x16x16_0x0x0,0.0,75.21,353.26
gfx942,80,24,2112,7168,False,torch.bfloat16,torch.bfloat16,False,False,opus,10303,0,24.4933,opus_gemm_gfx942_wkc_256x32x32x64_1x1_16x16x16_0x0x0,0.0,29.67,1254.35
gfx950,256,1,100,5120,False,torch.bfloat16,torch.bfloat16,False,False,flydsl,19,8,4.1223,flydsl_hgemm_abf16_wbf16_bf16_t16x16x128x6_ks8_w1x1x1_bias0_ktail0_gm0_pft_gfx950,0.04,0.25,250.94
gfx950,256,16,100,5120,False,torch.bfloat16,torch.bfloat16,False,False,flydsl,28,5,4.637,flydsl_hgemm_abf16_wbf16_bf16_t16x16x128x9_ks5_w1x1x1_bias0_ktail0_gm0_pft_gfx950,0.0106,3.53,256.86
gfx950,256,32,100,5120,False,torch.bfloat16,torch.bfloat16,False,False,flydsl,1514,8,4.6652,flydsl_hgemm_abf16_wbf16_bf16_t32x32x64x8_ks8_w2x2x1_bias0_ktail0_gm0_pft_gfx950,0.0194,7.02,291.11
gfx950,256,64,100,5120,False,torch.bfloat16,torch.bfloat16,False,False,flydsl,1512,8,5.0828,flydsl_hgemm_abf16_wbf16_bf16_t32x32x64x8_ks8_w2x1x1_bias0_ktail0_gm0_pft_gfx950,0.0187,12.89,332.92
gfx950,256,128,100,5120,False,torch.bfloat16,torch.bfloat16,False,False,flydsl,2682,8,5.6362,flydsl_hgemm_abf16_wbf16_bf16_t32x64x64x6_ks8_w2x2x1_bias0_ktail0_gm0_pft_gfx950,0.0187,23.26,418.78
gfx950,256,256,100,5120,False,torch.bfloat16,torch.bfloat16,False,False,flydsl,1966,5,6.7479,flydsl_hgemm_abf16_wbf16_bf16_t32x32x128x5_ks5_w2x2x1_bias0_ktail0_gm0_pft_gfx950,0.0137,38.85,547.82
gfx950,256,512,100,5120,False,torch.bfloat16,torch.bfloat16,False,False,flydsl,1003,4,8.1122,flydsl_hgemm_abf16_wbf16_bf16_t16x64x128x6_ks4_w1x4x1_bias0_ktail0_gm0_pft_gfx950,0.012,64.63,785.15
gfx950,256,1024,100,5120,False,torch.bfloat16,torch.bfloat16,False,False,torch,0,0,13.066,native,0.0,80.25,896.57
gfx950,256,2048,100,5120,False,torch.bfloat16,torch.bfloat16,False,False,torch,0,0,13.7192,native,0.0,152.86,1633.12
gfx950,256,4096,100,5120,False,torch.bfloat16,torch.bfloat16,False,False,torch,0,0,23.8841,native,0.0,175.61,1833.28
gfx950,256,8192,100,5120,False,torch.bfloat16,torch.bfloat16,False,False,torch,0,0,28.6136,native,0.0,293.17,3024.73
gfx950,256,16384,100,5120,False,torch.bfloat16,torch.bfloat16,False,False,torch,0,0,42.4499,native,0.0,395.22,4053.55
gfx950,256,32768,100,5120,False,torch.bfloat16,torch.bfloat16,False,False,torch,0,0,71.5359,native,0.0,469.06,4796.5
gfx950,256,1,200,5120,False,torch.bfloat16,torch.bfloat16,False,False,skinny,2,0,3.5614,sol2,0.0,0.58,578.04
gfx950,256,16,200,5120,False,torch.bfloat16,torch.bfloat16,False,False,flydsl,387,8,4.6313,flydsl_hgemm_abf16_wbf16_bf16_t16x32x64x8_ks8_w1x2x1_bias0_ktail0_gm0_pft_gfx950,0.0153,7.08,478.97
gfx950,256,32,200,5120,False,torch.bfloat16,torch.bfloat16,False,False,flydsl,2058,8,4.955,flydsl_hgemm_abf16_wbf16_bf16_t32x32x64x9_ks8_w2x1x1_bias0_ktail0_gm0_pft_gfx950,0.0198,13.23,482.03
gfx950,256,64,200,5120,False,torch.bfloat16,torch.bfloat16,False,False,flydsl,2092,8,5.6322,flydsl_hgemm_abf16_wbf16_bf16_t32x32x64x8_ks8_w2x1x1_bias0_ktail0_gm0_pft_gfx950,0.0198,23.27,484.53
gfx950,256,128,200,5120,False,torch.bfloat16,torch.bfloat16,False,False,flydsl,3032,5,6.6727,flydsl_hgemm_abf16_wbf16_bf16_t32x32x64x8_ks5_w2x1x1_bias0_ktail0_gm0_pft_gfx950,0.0138,39.29,511.03
gfx950,256,256,200,5120,False,torch.bfloat16,torch.bfloat16,False,False,flydsl,3279,5,7.9795,flydsl_hgemm_abf16_wbf16_bf16_t32x64x128x4_ks5_w2x2x1_bias0_ktail0_gm0_pft_gfx950,0.015,65.7,598.01
gfx950,256,512,200,5120,False,torch.bfloat16,torch.bfloat16,False,False,flydsl,2746,4,9.9728,flydsl_hgemm_abf16_wbf16_bf16_t32x64x128x4_ks4_w2x2x1_bias0_ktail0_gm0_pft_gfx950,0.0121,105.14,751.61
gfx950,256,1024,200,5120,False,torch.bfloat16,torch.bfloat16,False,False,torch,0,0,13.4437,native,0.0,156.0,962.78
gfx950,256,2048,200,5120,False,torch.bfloat16,torch.bfloat16,False,False,flydsl,349,1,21.3153,flydsl_hgemm_abf16_wbf16_bf16_t64x16x64x6_ks1_w2x1x1_bias0_ktail0_gm4_pft_gfx950,0.0,196.77,1118.39
gfx950,256,4096,200,5120,False,torch.bfloat16,torch.bfloat16,False,False,torch,0,0,27.3635,native,0.0,306.56,1667.53
gfx950,256,8192,200,5120,False,torch.bfloat16,torch.bfloat16,False,False,torch,0,0,38.8361,native,0.0,432.0,2297.11
gfx950,256,16384,200,5120,False,torch.bfloat16,torch.bfloat16,False,False,torch,0,0,59.1658,native,0.0,567.13,2981.01
gfx950,256,32768,200,5120,False,torch.bfloat16,torch.bfloat16,False,False,torch,0,0,90.3673,native,0.0,742.62,3880.82
gfx950,256,1,800,5120,False,torch.bfloat16,torch.bfloat16,False,False,flydsl,400,8,5.7391,flydsl_hgemm_abf16_wbf16_bf16_t16x32x64x9_ks8_w1x1x1_bias0_ktail0_gm0_pft_gfx950,0.0175,1.43,1429.46
gfx950,256,16,800,5120,False,torch.bfloat16,torch.bfloat16,False,False,flydsl,164,8,6.0751,flydsl_hgemm_abf16_wbf16_bf16_t16x32x128x4_ks8_w1x2x1_bias0_ktail0_gm0_pft_gfx950,0.0194,21.58,1379.64
gfx950,256,32,800,5120,False,torch.bfloat16,torch.bfloat16,False,False,flydsl,2081,8,6.5495,flydsl_hgemm_abf16_wbf16_bf16_t32x32x64x9_ks8_w2x2x1_bias0_ktail0_gm0_pft_gfx950,0.0186,40.03,1308.63
gfx950,256,64,800,5120,False,torch.bfloat16,torch.bfloat16,False,False,flydsl,4762,8,7.6318,flydsl_hgemm_abf16_wbf16_bf16_t64x32x64x8_ks8_w4x1x1_bias0_ktail0_gm0_pft_gfx950,0.0199,68.7,1172.69
gfx950,256,128,800,5120,False,torch.bfloat16,torch.bfloat16,False,False,flydsl,5395,5,9.6353,flydsl_hgemm_abf16_wbf16_bf16_t64x32x64x8_ks5_w4x1x1_bias0_ktail0_gm0_pft_gfx950,0.0142,108.83,1007.5
gfx950,256,256,800,5120,False,torch.bfloat16,torch.bfloat16,False,False,flydsl,6190,5,12.9126,flydsl_hgemm_abf16_wbf16_bf16_t96x64x64x4_ks5_w2x2x1_bias0_ktail0_gm0_pft_gfx950,0.0143,162.41,869.15
gfx950,256,512,800,5120,False,torch.bfloat16,torch.bfloat16,False,False,flydsl,753,4,18.5823,flydsl_hgemm_abf16_wbf16_bf16_t128x64x64x5_ks4_w4x2x1_bias0_ktail0_gm0_pft_gfx950,0.0124,225.72,767.08
gfx950,256,1024,800,5120,False,torch.bfloat16,torch.bfloat16,False,False,flydsl,2561,1,25.5136,flydsl_hgemm_abf16_wbf16_bf16_t64x64x128x3_ks1_w2x2x2_bias0_ktail0_gm0_pft_gfx950,0.0055,328.79,796.29
gfx950,256,2048,800,5120,False,torch.bfloat16,torch.bfloat16,False,False,flydsl,181,1,37.7304,flydsl_hgemm_abf16_wbf16_bf16_t128x64x128x3_ks1_w4x1x2_bias0_ktail0_gm0_pft_gfx950,0.0054,444.66,859.79
gfx950,256,4096,800,5120,False,torch.bfloat16,torch.bfloat16,False,False,torch,0,0,57.6417,native,0.0,582.12,983.47
gfx950,256,8192,800,5120,False,torch.bfloat16,torch.bfloat16,False,False,torch,0,0,86.1716,native,0.0,778.78,1220.65
gfx950,256,16384,800,5120,False,torch.bfloat16,torch.bfloat16,False,False,torch,0,0,123.8313,native,0.0,1083.88,1632.69
gfx950,256,32768,800,5120,False,torch.bfloat16,torch.bfloat16,False,False,torch,0,0,234.2754,native,0.0,1145.81,1691.02
gfx950,256,1,5120,640,False,torch.bfloat16,torch.bfloat16,False,False,flydsl,138,1,4.2422,flydsl_hgemm_abf16_wbf16_bf16_t16x32x64x9_ks1_w1x2x1_bias0_ktail0_gm0_pft_gfx950,0.0,1.54,1547.57
gfx950,256,1,5120,1280,False,torch.bfloat16,torch.bfloat16,False,False,flydsl,170,1,5.0239,flydsl_hgemm_abf16_wbf16_bf16_t16x32x128x6_ks1_w1x2x1_bias0_ktail0_gm0_pft_gfx950,0.0,2.61,2611.52
gfx950,256,1,5120,3200,False,torch.bfloat16,torch.bfloat16,False,False,flydsl,201,5,8.2307,flydsl_hgemm_abf16_wbf16_bf16_t16x64x128x3_ks5_w1x2x2_bias0_ktail0_gm0_pft_gfx950,0.0195,3.98,3983.21
gfx950,256,1,5120,5120,False,torch.bfloat16,torch.bfloat16,False,False,flydsl,232,1,11.4906,flydsl_hgemm_abf16_wbf16_bf16_t16x32x128x6_ks1_w1x2x2_bias0_ktail0_gm0_pft_gfx950,0.0063,4.56,4564.54
gfx950,256,1,5120,6400,False,torch.bfloat16,torch.bfloat16,False,False,flydsl,197,1,14.183,flydsl_hgemm_abf16_wbf16_bf16_t16x32x128x8_ks1_w1x2x1_bias0_ktail0_gm0_pft_gfx950,0.0,4.62,4622.37
gfx950,256,1,5120,25600,False,torch.bfloat16,torch.bfloat16,False,False,flydsl,548,5,48.3905,flydsl_hgemm_abf16_wbf16_bf16_t16x64x256x3_ks5_w1x4x1_bias0_ktail0_gm0_pft_gfx950,0.0211,5.42,5418.53
gfx950,256,16,5120,640,False,torch.bfloat16,torch.bfloat16,False,False,flydsl,135,1,4.5143,flydsl_hgemm_abf16_wbf16_bf16_t16x32x64x8_ks1_w1x2x1_bias0_ktail0_gm0_pft_gfx950,0.0,23.23,1492.57
gfx950,256,16,5120,1280,False,torch.bfloat16,torch.bfloat16,False,False,flydsl,190,1,5.8828,flydsl_hgemm_abf16_wbf16_bf16_t16x32x256x3_ks1_w1x1x2_bias0_ktail0_gm0_pft_gfx950,0.0024,35.65,2262.87
gfx950,256,16,5120,3200,False,torch.bfloat16,torch.bfloat16,False,False,flydsl,173,1,9.416,flydsl_hgemm_abf16_wbf16_bf16_t16x32x64x8_ks1_w1x2x1_bias0_ktail0_gm0_pft_gfx950,0.0,55.68,3508.31
gfx950,256,16,5120,5120,False,torch.bfloat16,torch.bfloat16,False,False,flydsl,39,5,12.8922,flydsl_hgemm_abf16_wbf16_bf16_t16x128x128x4_ks5_w1x2x1_bias0_ktail0_gm0_pft_gfx950,0.0148,65.07,4092.12
gfx950,256,16,5120,6400,False,torch.bfloat16,torch.bfloat16,False,False,flydsl,544,4,14.7827,flydsl_hgemm_abf16_wbf16_bf16_t16x96x64x4_ks4_w1x2x1_bias0_ktail0_gm0_pft_gfx950,0.0134,70.93,4458.23
gfx950,256,16,5120,25600,False,torch.bfloat16,torch.bfloat16,False,False,flydsl,724,4,40.9837,flydsl_hgemm_abf16_wbf16_bf16_t16x96x64x9_ks4_w1x2x1_bias0_ktail0_gm0_pft_gfx950,0.0168,102.34,6420.29
gfx950,256,32,5120,640,False,torch.bfloat16,torch.bfloat16,False,False,flydsl,166,1,4.7686,flydsl_hgemm_abf16_wbf16_bf16_t16x32x64x9_ks1_w1x2x1_bias0_ktail0_gm0_pft_gfx950,0.0,43.98,1451.63
gfx950,256,32,5120,1280,False,torch.bfloat16,torch.bfloat16,False,False,triton,0,0,6.2451,auto,0.0,67.16,2164.38
gfx950,256,32,5120,3200,False,torch.bfloat16,torch.bfloat16,False,False,flydsl,139,1,10.0626,flydsl_hgemm_abf16_wbf16_bf16_t16x32x128x6_ks1_w1x1x2_bias0_ktail0_gm0_pft_gfx950,0.0044,104.21,3309.33
gfx950,256,32,5120,5120,False,torch.bfloat16,torch.bfloat16,False,False,flydsl,2174,4,14.2854,flydsl_hgemm_abf16_wbf16_bf16_t32x96x64x8_ks4_w2x2x1_bias0_ktail0_gm0_pft_gfx950,0.0126,117.44,3715.97
gfx950,256,32,5120,6400,False,torch.bfloat16,torch.bfloat16,False,False,flydsl,1721,4,16.0063,flydsl_hgemm_abf16_wbf16_bf16_t32x96x64x6_ks4_w2x2x1_bias0_ktail0_gm0_pft_gfx950,0.0133,131.02,4140.45
gfx950,256,32,5120,25600,False,torch.bfloat16,torch.bfloat16,False,False,flydsl,789,4,42.8909,flydsl_hgemm_abf16_wbf16_bf16_t32x128x64x5_ks4_w1x2x1_bias0_ktail0_gm0_pft_gfx950,0.0165,195.58,6157.72
gfx950,256,64,5120,640,False,torch.bfloat16,torch.bfloat16,False,False,triton,0,0,5.1831,auto,0.0,80.92,1406.66
gfx950,256,64,5120,1280,False,torch.bfloat16,torch.bfloat16,False,False,flydsl,944,1,7.1208,flydsl_hgemm_abf16_wbf16_bf16_t32x32x64x7_ks1_w1x2x1_bias0_ktail0_gm0_pft_gfx950,0.0,117.8,1955.74
gfx950,256,64,5120,3200,False,torch.bfloat16,torch.bfloat16,False,False,flydsl,728,1,11.2751,flydsl_hgemm_abf16_wbf16_bf16_t32x32x64x8_ks1_w2x1x1_bias0_ktail0_gm0_pft_gfx950,0.0,186.0,3000.68
gfx950,256,64,5120,5120,False,torch.bfloat16,torch.bfloat16,False,False,flydsl,1055,1,16.5882,flydsl_hgemm_abf16_wbf16_bf16_t32x32x64x8_ks1_w2x1x1_bias0_ktail0_gm0_pft_gfx950,0.0,202.28,3239.62
gfx950,256,64,5120,6400,False,torch.bfloat16,torch.bfloat16,False,False,flydsl,1046,2,19.0349,flydsl_hgemm_abf16_wbf16_bf16_t32x64x128x3_ks2_w1x2x1_bias0_ktail0_gm0_pft_gfx950,0.0057,220.35,3520.41
gfx950,256,64,5120,25600,False,torch.bfloat16,torch.bfloat16,False,False,flydsl,3203,5,63.1299,flydsl_hgemm_abf16_wbf16_bf16_t64x64x128x4_ks5_w1x2x2_bias0_ktail0_gm0_pft_gfx950,0.0268,265.76,4214.74
gfx950,256,128,5120,640,False,torch.bfloat16,torch.bfloat16,False,False,flydsl,1717,1,6.1055,flydsl_hgemm_abf16_wbf16_bf16_t64x32x64x5_ks1_w2x1x1_bias0_ktail0_gm0_pft_gfx950,0.0,137.39,1314.91
gfx950,256,128,5120,1280,False,torch.bfloat16,torch.bfloat16,False,False,flydsl,1434,1,8.4386,flydsl_hgemm_abf16_wbf16_bf16_t32x64x64x5_ks1_w1x2x1_bias0_ktail0_gm0_pft_gfx950,0.0,198.82,1747.4
gfx950,256,128,5120,3200,False,torch.bfloat16,torch.bfloat16,False,False,flydsl,1952,1,14.7357,flydsl_hgemm_abf16_wbf16_bf16_t64x32x64x6_ks1_w2x1x1_bias0_ktail0_gm0_pft_gfx950,0.0,284.64,2368.26
gfx950,256,128,5120,5120,False,torch.bfloat16,torch.bfloat16,False,False,flydsl,3252,2,21.6316,flydsl_hgemm_abf16_wbf16_bf16_t64x64x64x5_ks2_w2x1x1_bias0_ktail0_gm0_pft_gfx950,0.0052,310.24,2544.9
gfx950,256,128,5120,6400,False,torch.bfloat16,torch.bfloat16,False,False,flydsl,2904,2,24.261,flydsl_hgemm_abf16_wbf16_bf16_t64x64x64x4_ks2_w2x1x1_bias0_ktail0_gm0_pft_gfx950,0.0057,345.77,2822.85
gfx950,256,128,5120,25600,False,torch.bfloat16,torch.bfloat16,False,False,flydsl,132,4,79.7849,flydsl_hgemm_abf16_wbf16_bf16_t128x128x64x4_ks4_w2x2x2_bias0_ktail0_gm0_pft_gfx950,0.0248,420.56,3384.2
gfx950,256,256,5120,640,False,torch.bfloat16,torch.bfloat16,False,False,flydsl,2013,1,7.5327,flydsl_hgemm_abf16_wbf16_bf16_t96x64x64x6_ks1_w2x2x1_bias0_ktail0_gm0_pft_gfx950,0.0,222.73,1261.53
gfx950,256,256,5120,1280,False,torch.bfloat16,torch.bfloat16,False,False,flydsl,2115,1,10.2942,flydsl_hgemm_abf16_wbf16_bf16_t64x64x64x4_ks1_w2x1x1_bias0_ktail0_gm0_pft_gfx950,0.0,325.95,1591.58
gfx950,256,256,5120,3200,False,torch.bfloat16,torch.bfloat16,False,False,flydsl,1704,1,19.2302,flydsl_hgemm_abf16_wbf16_bf16_t64x64x64x5_ks1_w2x1x1_bias0_ktail0_gm0_pft_gfx950,0.0,436.22,1925.5
gfx950,256,256,5120,5120,False,torch.bfloat16,torch.bfloat16,False,False,flydsl,2219,1,29.1511,flydsl_hgemm_abf16_wbf16_bf16_t64x64x64x4_ks1_w2x1x1_bias0_ktail0_gm0_pft_gfx950,0.0,460.42,1978.37
gfx950,256,256,5120,6400,False,torch.bfloat16,torch.bfloat16,False,False,flydsl,2540,1,37.169,flydsl_hgemm_abf16_wbf16_bf16_t96x64x64x4_ks1_w2x2x1_bias0_ktail0_gm0_pft_gfx950,0.0,451.38,1921.88
gfx950,256,256,5120,25600,False,torch.bfloat16,torch.bfloat16,False,False,flydsl,427,2,131.1514,flydsl_hgemm_abf16_wbf16_bf16_t128x64x64x3_ks2_w4x2x1_bias0_ktail0_gm0_pft_gfx950,0.0081,511.69,2118.72
gfx950,256,512,5120,640,False,torch.bfloat16,torch.bfloat16,False,False,flydsl,1192,1,10.3628,flydsl_hgemm_abf16_wbf16_bf16_t96x128x64x3_ks1_w2x2x1_bias0_ktail0_gm0_pft_gfx950,0.0,323.8,1201.59
gfx950,256,512,5120,1280,False,torch.bfloat16,torch.bfloat16,False,False,flydsl,1371,1,15.0064,flydsl_hgemm_abf16_wbf16_bf16_t96x128x64x4_ks1_w2x2x1_bias0_ktail0_gm0_pft_gfx950,0.0,447.2,1310.16
gfx950,256,512,5120,3200,False,torch.bfloat16,torch.bfloat16,False,False,flydsl,229,1,28.8908,flydsl_hgemm_abf16_wbf16_bf16_t128x64x64x3_ks1_w2x2x1_bias0_ktail0_gm0_pft_gfx950,0.0,580.71,1429.09
gfx950,256,512,5120,5120,False,torch.bfloat16,torch.bfloat16,False,False,torch,0,0,43.4075,native,0.0,618.41,1449.39
gfx950,256,512,5120,6400,False,torch.bfloat16,torch.bfloat16,False,False,flydsl,1362,1,63.6128,flydsl_hgemm_abf16_wbf16_bf16_t96x128x128x2_ks1_w2x2x2_bias0_ktail0_gm0_pft_gfx950,0.0059,527.48,1215.67
gfx950,256,512,5120,25600,False,torch.bfloat16,torch.bfloat16,False,False,flydsl,285,1,309.0007,flydsl_hgemm_abf16_wbf16_bf16_t128x64x64x2_ks1_w4x1x2_bias0_ktail0_gm4_pft_gfx950,0.0081,434.36,950.16
gfx950,256,1024,5120,640,False,torch.bfloat16,torch.bfloat16,False,False,torch,0,0,14.496,native,0.0,462.95,1265.87
gfx950,256,1024,5120,1280,False,torch.bfloat16,torch.bfloat16,False,False,torch,0,0,21.5302,native,0.0,623.39,1217.56
gfx950,256,1024,5120,3200,False,torch.bfloat16,torch.bfloat16,False,False,torch,0,0,42.6439,native,0.0,786.85,1167.98
gfx950,256,1024,5120,5120,False,torch.bfloat16,torch.bfloat16,False,False,torch,0,0,67.5518,native,0.0,794.75,1086.58
gfx950,256,1024,5120,6400,False,torch.bfloat16,torch.bfloat16,False,False,flydsl,44,1,113.5304,flydsl_hgemm_abf16_wbf16_bf16_t128x128x64x4_ks1_w4x2x1_bias0_ktail0_gm0_pft_gfx950,0.0,591.11,785.07
gfx950,256,1024,5120,25600,False,torch.bfloat16,torch.bfloat16,False,False,torch,0,0,232.6523,native,0.0,1153.81,1397.19
gfx950,256,2048,5120,640,False,torch.bfloat16,torch.bfloat16,False,False,flydsl,91,1,22.2018,flydsl_hgemm_abf16_wbf16_bf16_t256x256x64x2_ks1_w2x4x1_bias0_ktail0_gm0_pht_gfx950,0.0,604.54,1357.84
gfx950,256,2048,5120,1280,False,torch.bfloat16,torch.bfloat16,False,False,torch,0,0,31.9114,native,0.0,841.19,1232.21
gfx950,256,2048,5120,3200,False,torch.bfloat16,torch.bfloat16,False,False,torch,0,0,66.6566,native,0.0,1006.78,1002.85
gfx950,256,2048,5120,5120,False,torch.bfloat16,torch.bfloat16,False,False,torch,0,0,98.5253,native,0.0,1089.81,957.84
gfx950,256,2048,5120,6400,False,torch.bfloat16,torch.bfloat16,False,False,flydsl,90,1,187.2211,flydsl_hgemm_abf16_wbf16_bf16_t256x128x64x3_ks1_w4x2x1_bias0_ktail0_gm0_pft_gfx950,0.0,716.89,602.08
gfx950,256,2048,5120,25600,False,torch.bfloat16,torch.bfloat16,False,False,torch,0,0,418.4356,native,0.0,1283.04,927.2
gfx950,256,4096,5120,640,False,torch.bfloat16,torch.bfloat16,False,False,flydsl,18,1,42.7054,flydsl_hgemm_abf16_wbf16_bf16_t128x128x64x2_ks1_w4x2x1_bias0_ktail0_gm0_pft_gfx950,0.0,628.57,1258.38
gfx950,256,4096,5120,1280,False,torch.bfloat16,torch.bfloat16,False,False,torch,0,0,63.8218,native,0.0,841.2,1026.86
gfx950,256,4096,5120,3200,False,torch.bfloat16,torch.bfloat16,False,False,torch,0,0,124.5205,native,0.0,1077.88,810.51
gfx950,256,4096,5120,5120,False,torch.bfloat16,torch.bfloat16,False,False,torch,0,0,187.4756,native,0.0,1145.47,727.11
gfx950,256,4096,5120,6400,False,torch.bfloat16,torch.bfloat16,False,False,torch,0,0,228.0187,native,0.0,1177.25,701.29
gfx950,256,4096,5120,25600,False,torch.bfloat16,torch.bfloat16,False,False,torch,0,0,829.8595,native,0.0,1293.88,619.14
gfx950,256,8192,5120,640,False,torch.bfloat16,torch.bfloat16,False,False,torch,0,0,65.6074,native,0.0,818.31,1538.32
gfx950,256,8192,5120,1280,False,torch.bfloat16,torch.bfloat16,False,False,flydsl,83,1,106.5407,flydsl_hgemm_abf16_wbf16_bf16_t256x256x64x2_ks1_w2x4x1_bias0_ktail0_gm4_pht_gfx950,0.0,1007.82,1107.23
gfx950,256,8192,5120,3200,False,torch.bfloat16,torch.bfloat16,False,False,asm,10,1,213.94,_ZN5aiter24bf16gemm_bf16_tn_256x256E,0.0,1254.72,790.33
gfx950,256,8192,5120,5120,False,torch.bfloat16,torch.bfloat16,False,False,torch,0,0,325.768,native,0.0,1318.41,675.94
gfx950,256,8192,5120,6400,False,torch.bfloat16,torch.bfloat16,False,False,flydsl,1,1,394.1089,flydsl_hgemm_abf16_wbf16_bf16_t256x256x64x2_ks1_w2x4x1_bias0_ktail0_gm4_pht_gfx950,0.0,1362.24,645.2
gfx950,256,8192,5120,25600,False,torch.bfloat16,torch.bfloat16,False,False,asm,10,1,1495.4968,_ZN5aiter24bf16gemm_bf16_tn_256x256E,0.0,1435.97,511.84
gfx950,256,16384,5120,640,False,torch.bfloat16,torch.bfloat16,False,False,torch,0,0,110.6115,native,0.0,970.73,1765.61
gfx950,256,16384,5120,1280,False,torch.bfloat16,torch.bfloat16,False,False,flydsl,83,1,180.8816,flydsl_hgemm_abf16_wbf16_bf16_t256x256x64x2_ks1_w2x4x1_bias0_ktail0_gm4_pht_gfx950,0.0,1187.23,1231.87
gfx950,256,16384,5120,3200,False,torch.bfloat16,torch.bfloat16,False,False,torch,0,0,366.3889,native,0.0,1465.3,833.53
gfx950,256,16384,5120,5120,False,torch.bfloat16,torch.bfloat16,False,False,torch,0,0,570.6805,native,0.0,1505.21,679.84
gfx950,256,16384,5120,6400,False,torch.bfloat16,torch.bfloat16,False,False,torch,0,0,694.9316,native,0.0,1545.1,637.51
gfx950,256,16384,5120,25600,False,torch.bfloat16,torch.bfloat16,False,False,torch,0,0,2764.368,native,0.0,1553.69,458.98
gfx950,256,32768,5120,640,False,torch.bfloat16,torch.bfloat16,False,False,torch,0,0,210.6955,native,0.0,1019.24,1822.73
gfx950,256,32768,5120,1280,False,torch.bfloat16,torch.bfloat16,False,False,torch,0,0,344.2759,native,0.0,1247.54,1256.37
gfx950,256,32768,5120,3200,False,torch.bfloat16,torch.bfloat16,False,False,torch,0,0,715.651,native,0.0,1500.37,807.69
gfx950,256,32768,5120,5120,False,torch.bfloat16,torch.bfloat16,False,False,torch,0,0,1113.9712,native,0.0,1542.22,649.49
gfx950,256,32768,5120,6400,False,torch.bfloat16,torch.bfloat16,False,False,torch,0,0,1350.2218,native,0.0,1590.47,607.69
gfx950,256,32768,5120,25600,False,torch.bfloat16,torch.bfloat16,False,False,torch,0,0,5559.3713,native,0.0,1545.13,409.29
gfx950,256,1,6400,5120,False,torch.bfloat16,torch.bfloat16,False,False,flydsl,212,1,12.7835,flydsl_hgemm_abf16_wbf16_bf16_t16x32x128x5_ks1_w1x2x1_bias0_ktail0_gm0_pft_gfx950,0.0,5.13,5128.41
gfx950,256,16,6400,5120,False,torch.bfloat16,torch.bfloat16,False,False,flydsl,226,1,14.4247,flydsl_hgemm_abf16_wbf16_bf16_t16x32x128x7_ks1_w1x2x1_bias0_ktail0_gm0_pft_gfx950,0.0,72.69,4568.87
gfx950,256,32,6400,5120,False,torch.bfloat16,torch.bfloat16,False,False,flydsl,1314,5,15.9771,flydsl_hgemm_abf16_wbf16_bf16_t32x64x128x3_ks5_w1x4x1_bias0_ktail0_gm0_pft_gfx950,0.0148,131.26,4148.02
gfx950,256,64,6400,5120,False,torch.bfloat16,torch.bfloat16,False,False,flydsl,2722,2,19.4413,flydsl_hgemm_abf16_wbf16_bf16_t64x64x128x3_ks2_w2x2x1_bias0_ktail0_gm0_pft_gfx950,0.0052,215.74,3446.81
gfx950,256,128,6400,5120,False,torch.bfloat16,torch.bfloat16,False,False,flydsl,439,2,27.1662,flydsl_hgemm_abf16_wbf16_bf16_t128x64x128x3_ks2_w4x2x1_bias0_ktail0_gm0_pft_gfx950,0.0053,308.79,2520.97
gfx950,256,256,6400,5120,False,torch.bfloat16,torch.bfloat16,False,False,flydsl,357,1,37.2472,flydsl_hgemm_abf16_wbf16_bf16_t128x64x128x3_ks1_w4x2x2_bias0_ktail0_gm0_pft_gfx950,0.0053,450.43,1917.84
gfx950,256,512,6400,5120,False,torch.bfloat16,torch.bfloat16,False,False,flydsl,49,1,54.6862,flydsl_hgemm_abf16_wbf16_bf16_t128x128x64x4_ks1_w4x2x2_bias0_ktail0_gm0_pft_gfx950,0.0053,613.58,1414.11
gfx950,256,1024,6400,5120,False,torch.bfloat16,torch.bfloat16,False,False,flydsl,208,1,84.5788,flydsl_hgemm_abf16_wbf16_bf16_t256x128x64x3_ks1_w4x2x2_bias0_ktail0_gm0_pft_gfx950,0.0053,793.45,1053.8
gfx950,256,2048,6400,5120,False,torch.bfloat16,torch.bfloat16,False,False,flydsl,81,1,123.5885,flydsl_hgemm_abf16_wbf16_bf16_t256x256x64x2_ks1_w2x4x1_bias0_ktail0_gm0_pht_gfx950,0.0,1086.0,912.07
gfx950,256,4096,6400,5120,False,torch.bfloat16,torch.bfloat16,False,False,flydsl,1,1,220.0256,flydsl_hgemm_abf16_wbf16_bf16_t256x256x64x2_ks1_w2x4x1_bias0_ktail0_gm4_pht_gfx950,0.0,1220.02,726.77
gfx950,256,8192,6400,5120,False,torch.bfloat16,torch.bfloat16,False,False,flydsl,1,1,435.8915,flydsl_hgemm_abf16_wbf16_bf16_t256x256x64x2_ks1_w2x4x1_bias0_ktail0_gm4_pht_gfx950,0.0,1231.66,583.36
gfx950,256,16384,6400,5120,False,torch.bfloat16,torch.bfloat16,False,False,flydsl,1,1,767.4131,flydsl_hgemm_abf16_wbf16_bf16_t256x256x64x2_ks1_w2x4x1_bias0_ktail0_gm4_pht_gfx950,0.0,1399.17,577.29
gfx950,256,32768,6400,5120,False,torch.bfloat16,torch.bfloat16,False,False,torch,0,0,1397.2714,native,0.0,1536.91,587.22
gfx950,256,1,12800,5120,False,torch.bfloat16,torch.bfloat16,False,False,flydsl,426,1,19.4316,flydsl_hgemm_abf16_wbf16_bf16_t16x64x64x4_ks1_w1x2x1_bias0_ktail0_gm0_pft_gfx950,0.0,6.75,6747.15
gfx950,256,16,12800,5120,False,torch.bfloat16,torch.bfloat16,False,False,flydsl,183,1,20.0195,flydsl_hgemm_abf16_wbf16_bf16_t16x32x128x3_ks1_w1x1x2_bias0_ktail0_gm0_pft_gfx950,0.0052,104.76,6575.86
gfx950,256,32,12800,5120,False,torch.bfloat16,torch.bfloat16,False,False,flydsl,1093,1,20.876,flydsl_hgemm_abf16_wbf16_bf16_t32x64x128x4_ks1_w2x1x2_bias0_ktail0_gm0_pft_gfx950,0.0054,200.92,6333.54
gfx950,256,64,12800,5120,False,torch.bfloat16,torch.bfloat16,False,False,flydsl,2190,1,22.3201,flydsl_hgemm_abf16_wbf16_bf16_t64x64x64x4_ks1_w4x1x2_bias0_ktail0_gm0_pft_gfx950,0.0054,375.83,5975.14
gfx950,256,128,12800,5120,False,torch.bfloat16,torch.bfloat16,False,False,flydsl,393,1,30.2858,flydsl_hgemm_abf16_wbf16_bf16_t128x64x64x3_ks1_w4x2x1_bias0_ktail0_gm0_pft_gfx950,0.0,553.96,4479.31
gfx950,256,256,12800,5120,False,torch.bfloat16,torch.bfloat16,False,False,flydsl,881,1,56.4591,flydsl_hgemm_abf16_wbf16_bf16_t64x64x64x2_ks1_w1x1x1_bias0_ktail0_gm4_pft_gfx950,0.0,594.31,2484.05
gfx950,256,512,12800,5120,False,torch.bfloat16,torch.bfloat16,False,False,flydsl,41,1,92.0501,flydsl_hgemm_abf16_wbf16_bf16_t128x128x64x4_ks1_w2x2x2_bias0_ktail0_gm4_pft_gfx950,0.0053,729.05,1623.27
gfx950,256,1024,12800,5120,False,torch.bfloat16,torch.bfloat16,False,False,flydsl,34,1,178.3991,flydsl_hgemm_abf16_wbf16_bf16_t128x128x64x3_ks1_w4x4x1_bias0_ktail0_gm0_pft_gfx950,0.0,752.35,940.43
gfx950,256,2048,12800,5120,False,torch.bfloat16,torch.bfloat16,False,False,flydsl,66,1,332.6612,flydsl_hgemm_abf16_wbf16_bf16_t128x256x64x3_ks1_w4x4x1_bias0_ktail0_gm0_pft_gfx950,0.0,806.93,614.66
gfx950,256,4096,12800,5120,False,torch.bfloat16,torch.bfloat16,False,False,asm,10,1,417.7412,_ZN5aiter24bf16gemm_bf16_tn_256x256E,0.0,1285.18,665.18
gfx950,256,8192,12800,5120,False,torch.bfloat16,torch.bfloat16,False,False,asm,10,1,766.1616,_ZN5aiter24bf16gemm_bf16_tn_256x256E,0.0,1401.46,554.29
gfx950,256,16384,12800,5120,False,torch.bfloat16,torch.bfloat16,False,False,torch,0,0,1417.4974,native,0.0,1514.98,506.72
gfx950,256,32768,12800,5120,False,torch.bfloat16,torch.bfloat16,False,False,torch,0,0,2780.1878,native,0.0,1544.85,469.56
gfx950,256,1,51200,5120,False,torch.bfloat16,torch.bfloat16,False,False,torch,0,0,80.3818,native,0.0,6.52,6523.87
gfx950,256,16,51200,5120,False,torch.bfloat16,torch.bfloat16,False,False,torch,0,0,81.6541,native,0.0,102.73,6442.91
gfx950,256,32,51200,5120,False,torch.bfloat16,torch.bfloat16,False,False,torch,0,0,83.0455,native,0.0,202.02,6356.67
gfx950,256,64,51200,5120,False,torch.bfloat16,torch.bfloat16,False,False,torch,0,0,83.9845,native,0.0,399.53,6328.51
gfx950,256,128,51200,5120,False,torch.bfloat16,torch.bfloat16,False,False,torch,0,0,101.0707,native,0.0,663.98,5329.99
gfx950,256,256,51200,5120,False,torch.bfloat16,torch.bfloat16,False,False,torch,0,0,131.5842,native,0.0,1020.01,4203.57
gfx950,256,512,51200,5120,False,torch.bfloat16,torch.bfloat16,False,False,flydsl,83,1,234.4006,flydsl_hgemm_abf16_wbf16_bf16_t256x256x64x2_ks1_w2x4x1_bias0_ktail0_gm4_pht_gfx950,0.0,1145.2,2482.76
gfx950,256,1024,51200,5120,False,torch.bfloat16,torch.bfloat16,False,False,asm,10,1,448.4509,_ZN5aiter24bf16gemm_bf16_tn_256x256E,0.0,1197.17,1426.31
gfx950,256,2048,51200,5120,False,torch.bfloat16,torch.bfloat16,False,False,asm,4,1,5009.8511,_ZN5aiter37bf16gemm_fp32bf16_tn_48x64_pf3_splitkE,0.0,214.33,150.7
gfx950,256,4096,51200,5120,False,torch.bfloat16,torch.bfloat16,False,False,asm,10,1,1450.5973,_ZN5aiter24bf16gemm_bf16_tn_256x256E,0.0,1480.41,679.49
gfx950,256,8192,51200,5120,False,torch.bfloat16,torch.bfloat16,False,False,flydsl,1,1,2844.1274,flydsl_hgemm_abf16_wbf16_bf16_t256x256x64x2_ks1_w2x4x1_bias0_ktail0_gm4_pht_gfx950,0.0,1510.12,508.78
gfx950,256,16384,51200,5120,False,torch.bfloat16,torch.bfloat16,False,False,flydsl,1,1,5614.1227,flydsl_hgemm_abf16_wbf16_bf16_t256x256x64x2_ks1_w2x4x1_bias0_ktail0_gm4_pht_gfx950,0.0,1530.06,422.11
gfx950,256,32768,51200,5120,False,torch.bfloat16,torch.bfloat16,False,False,flydsl,1,1,11398.9243,flydsl_hgemm_abf16_wbf16_bf16_t256x256x64x2_ks1_w2x4x1_bias0_ktail0_gm4_pht_gfx950,0.0,1507.15,369.8
gfx942,80,1024,200,5120,False,torch.bfloat16,torch.bfloat16,False,False,opus,10200,0,33.6852,opus_gemm_gfx942_splitk_legacy_512x128x128x64_2x4_16x16x16_0x0x0,0.0,62.26,384.24
gfx942,80,64,800,5120,False,torch.bfloat16,torch.bfloat16,False,False,opus,10201,6,17.6001,opus_gemm_gfx942_splitk_p1_256x64x64x64_2x2_16x16x16_0x0x0,0.0,29.79,508.51
gfx942,80,64,5120,640,False,torch.bfloat16,torch.bfloat16,False,False,opus,10001,0,8.7885,opus_gemm_gfx942_p1_256x64x64x64_2x2_16x16x16_0x0x0,0.0,47.72,829.59
gfx942,80,128,5120,640,False,torch.bfloat16,torch.bfloat16,False,False,opus,10001,0,12.6054,opus_gemm_gfx942_p1_256x64x64x64_2x2_16x16x16_0x0x0,0.0,66.55,636.88
gfx942,80,256,5120,640,False,torch.bfloat16,torch.bfloat16,False,False,opus,10000,0,15.4867,opus_gemm_gfx942_512x128x128x64_2x4_16x16x16_0x0x0,0.0,108.33,613.61
gfx942,80,256,5120,1280,False,torch.bfloat16,torch.bfloat16,False,False,opus,10000,0,27.2009,opus_gemm_gfx942_512x128x128x64_2x4_16x16x16_0x0x0,0.0,123.36,602.33
gfx942,80,256,5120,3200,False,torch.bfloat16,torch.bfloat16,False,False,opus,10000,0,54.2552,opus_gemm_gfx942_512x128x128x64_2x4_16x16x16_0x0x0,0.0,154.61,682.48
gfx942,80,16,100,5120,False,torch.bfloat16,torch.bfloat16,False,False,opus,10300,0,8.4774,opus_gemm_gfx942_wkc_512x16x16x64_1x1_16x16x16_0x0x0,0.0,1.93,140.5
gfx942,80,32,100,5120,False,torch.bfloat16,torch.bfloat16,False,False,opus,10300,0,8.9239,opus_gemm_gfx942_wkc_512x16x16x64_1x1_16x16x16_0x0x0,0.0,3.67,152.18
gfx942,80,64,100,5120,False,torch.bfloat16,torch.bfloat16,False,False,opus,10300,0,9.477,opus_gemm_gfx942_wkc_512x16x16x64_1x1_16x16x16_0x0x0,0.0,6.92,178.55
gfx942,80,128,100,5120,False,torch.bfloat16,torch.bfloat16,False,False,opus,10300,0,9.4055,opus_gemm_gfx942_wkc_512x16x16x64_1x1_16x16x16_0x0x0,0.0,13.94,250.95
gfx942,80,256,100,5120,False,torch.bfloat16,torch.bfloat16,False,False,opus,10302,0,11.9346,opus_gemm_gfx942_wkc_512x32x16x64_1x1_16x16x16_0x0x0,0.0,21.97,309.74
gfx942,80,16,200,5120,False,torch.bfloat16,torch.bfloat16,False,False,opus,10300,0,8.6776,opus_gemm_gfx942_wkc_512x16x16x64_1x1_16x16x16_0x0x0,0.0,3.78,255.63
gfx942,80,32,200,5120,False,torch.bfloat16,torch.bfloat16,False,False,opus,10300,0,8.8999,opus_gemm_gfx942_wkc_512x16x16x64_1x1_16x16x16_0x0x0,0.0,7.36,268.37
gfx942,80,128,200,5120,False,torch.bfloat16,torch.bfloat16,False,False,opus,10302,0,12.0274,opus_gemm_gfx942_wkc_512x32x16x64_1x1_16x16x16_0x0x0,0.0,21.8,283.51
gfx942,80,1,800,5120,False,torch.bfloat16,torch.bfloat16,False,False,opus,10300,0,9.9099,opus_gemm_gfx942_wkc_512x16x16x64_1x1_16x16x16_0x0x0,0.0,0.83,827.84
gfx942,80,16,800,5120,False,torch.bfloat16,torch.bfloat16,False,False,opus,10300,0,12.4963,opus_gemm_gfx942_wkc_512x16x16x64_1x1_16x16x16_0x0x0,0.0,10.49,670.71
gfx942,80,32,800,5120,False,torch.bfloat16,torch.bfloat16,False,False,opus,10302,0,13.8459,opus_gemm_gfx942_wkc_512x32x16x64_1x1_16x16x16_0x0x0,0.0,18.93,619.02
gfx942,80,4096,200,5120,False,torch.bfloat16,torch.bfloat16,False,False,opus,10200,0,124.617,opus_gemm_gfx942_splitk_legacy_512x128x128x64_2x4_16x16x16_0x0x0,0.0,67.32,366.16
gfx950,256,64,192,1024,False,torch.bfloat16,torch.bfloat16,False,False,flydsl,90,1,3.7298,flydsl_hgemm_abf16_wbf16_bf16_t16x16x256x4_ks1_w1x1x2_bias0_ktail0_gm0_pft_gfx950,0.0019,6.75,147.16
gfx950,256,1,1280,8192,False,torch.bfloat16,torch.bfloat16,False,False,flydsl,492,8,7.2563,flydsl_hgemm_abf16_wbf16_bf16_t16x64x128x5_ks8_w1x2x1_bias0_ktail0_gm0_pft_gfx950,0.0188,2.89,2892.72
gfx950,256,16,1280,8192,False,torch.bfloat16,torch.bfloat16,False,False,flydsl,474,8,7.8529,flydsl_hgemm_abf16_wbf16_bf16_t16x64x128x4_ks8_w1x4x1_bias0_ktail0_gm0_pft_gfx950,0.0207,42.73,2709.14
gfx950,256,32,1280,8192,False,torch.bfloat16,torch.bfloat16,False,False,flydsl,2177,8,8.6337,flydsl_hgemm_abf16_wbf16_bf16_t32x64x64x7_ks8_w2x2x1_bias0_ktail0_gm0_pft_gfx950,0.022,77.73,2499.24
gfx950,256,64,1280,8192,False,torch.bfloat16,torch.bfloat16,False,False,flydsl,4348,8,10.2086,flydsl_hgemm_abf16_wbf16_bf16_t64x64x64x5_ks8_w2x4x1_bias0_ktail0_gm0_pft_gfx950,0.0219,131.48,2173.06
gfx950,256,128,1280,8192,False,torch.bfloat16,torch.bfloat16,False,False,flydsl,3003,4,13.621,flydsl_hgemm_abf16_wbf16_bf16_t48x64x128x4_ks4_w1x4x1_bias0_ktail0_gm0_pft_gfx950,0.014,197.07,1717.67
gfx950,256,256,1280,8192,False,torch.bfloat16,torch.bfloat16,False,False,flydsl,4684,4,18.5913,flydsl_hgemm_abf16_wbf16_bf16_t96x64x64x4_ks4_w2x1x2_bias0_ktail0_gm0_pft_gfx950,0.0213,288.78,1388.89
gfx950,256,512,1280,8192,False,torch.bfloat16,torch.bfloat16,False,False,torch,0,0,25.7602,native,0.0,416.82,1190.63
gfx950,256,1024,1280,8192,False,torch.bfloat16,torch.bfloat16,False,False,torch,0,0,37.6285,native,0.0,570.71,1072.86
gfx950,256,2048,1280,8192,False,torch.bfloat16,torch.bfloat16,False,False,torch,0,0,64.4464,native,0.0,666.44,927.42
gfx950,256,4096,1280,8192,False,torch.bfloat16,torch.bfloat16,False,False,torch,0,0,94.5345,native,0.0,908.66,1042.65
gfx950,256,8192,1280,8192,False,torch.bfloat16,torch.bfloat16,False,False,torch,0,0,144.7397,native,0.0,1186.95,1217.09
gfx950,256,16384,1280,8192,False,torch.bfloat16,torch.bfloat16,False,False,torch,0,0,272.9168,native,0.0,1258.98,1214.11
gfx950,256,32768,1280,8192,False,torch.bfloat16,torch.bfloat16,False,False,flydsl,83,1,511.6284,flydsl_hgemm_abf16_wbf16_bf16_t256x256x64x2_ks1_w2x4x1_bias0_ktail0_gm4_pht_gfx950,0.0,1343.15,1254.29
gfx950,256,1,2560,8192,False,torch.bfloat16,torch.bfloat16,False,False,flydsl,71,8,10.7609,flydsl_hgemm_abf16_wbf16_bf16_t16x128x64x6_ks8_w1x2x1_bias0_ktail0_gm0_pft_gfx950,0.0238,3.9,3899.72
gfx950,256,16,2560,8192,False,torch.bfloat16,torch.bfloat16,False,False,flydsl,677,8,10.9104,flydsl_hgemm_abf16_wbf16_bf16_t16x96x64x5_ks8_w1x2x1_bias0_ktail0_gm0_pft_gfx950,0.0217,61.51,3875.85
gfx950,256,32,2560,8192,False,torch.bfloat16,torch.bfloat16,False,False,flydsl,2147,8,11.7798,flydsl_hgemm_abf16_wbf16_bf16_t32x96x64x5_ks8_w2x2x1_bias0_ktail0_gm0_pft_gfx950,0.0219,113.94,3619.01
gfx950,256,64,2560,8192,False,torch.bfloat16,torch.bfloat16,False,False,flydsl,4251,8,14.5659,flydsl_hgemm_abf16_wbf16_bf16_t64x96x64x6_ks8_w2x2x1_bias0_ktail0_gm0_pft_gfx950,0.022,184.29,2974.02
gfx950,256,128,2560,8192,False,torch.bfloat16,torch.bfloat16,False,False,flydsl,3441,2,19.8822,flydsl_hgemm_abf16_wbf16_bf16_t64x32x64x6_ks2_w2x1x1_bias0_ktail0_gm0_pft_gfx950,0.006,270.03,2248.02
gfx950,256,256,2560,8192,False,torch.bfloat16,torch.bfloat16,False,False,flydsl,3707,4,27.4406,flydsl_hgemm_abf16_wbf16_bf16_t96x64x64x4_ks4_w2x2x1_bias0_ktail0_gm0_pft_gfx950,0.0139,391.3,1729.12
gfx950,256,512,2560,8192,False,torch.bfloat16,torch.bfloat16,False,False,torch,0,0,39.0996,native,0.0,549.23,1354.31
gfx950,256,1024,2560,8192,False,torch.bfloat16,torch.bfloat16,False,False,torch,0,0,59.8065,native,0.0,718.14,1069.5
gfx950,256,2048,2560,8192,False,torch.bfloat16,torch.bfloat16,False,False,torch,0,0,92.0745,native,0.0,932.93,933.84
gfx950,256,4096,2560,8192,False,torch.bfloat16,torch.bfloat16,False,False,torch,0,0,142.8103,native,0.0,1202.99,910.46
gfx950,256,8192,2560,8192,False,torch.bfloat16,torch.bfloat16,False,False,torch,0,0,277.7488,native,0.0,1237.08,785.26
gfx950,256,16384,2560,8192,False,torch.bfloat16,torch.bfloat16,False,False,flydsl,83,1,498.5218,flydsl_hgemm_abf16_wbf16_bf16_t256x256x64x2_ks1_w2x4x1_bias0_ktail0_gm4_pht_gfx950,0.0,1378.46,790.87
gfx950,256,32768,2560,8192,False,torch.bfloat16,torch.bfloat16,False,False,torch,0,0,900.7199,native,0.0,1525.88,828.88
gfx950,256,1,7168,8192,False,torch.bfloat16,torch.bfloat16,False,False,flydsl,8,4,19.1825,flydsl_hgemm_abf16_wbf16_bf16_t16x128x128x2_ks4_w1x4x1_bias0_ktail0_gm0_pft_gfx950,0.0141,6.12,6123.87
gfx950,256,16,7168,8192,False,torch.bfloat16,torch.bfloat16,False,False,flydsl,355,2,19.7673,flydsl_hgemm_abf16_wbf16_bf16_t16x64x128x5_ks2_w1x2x1_bias0_ktail0_gm0_pft_gfx950,0.006,95.06,5966.02
gfx950,256,32,7168,8192,False,torch.bfloat16,torch.bfloat16,False,False,flydsl,1585,2,21.0258,flydsl_hgemm_abf16_wbf16_bf16_t32x96x128x3_ks2_w2x2x1_bias0_ktail0_gm0_pft_gfx950,0.006,178.74,5632.3
gfx950,256,64,7168,8192,False,torch.bfloat16,torch.bfloat16,False,False,flydsl,2802,4,23.1227,flydsl_hgemm_abf16_wbf16_bf16_t64x64x64x3_ks4_w2x2x2_bias0_ktail0_gm0_pft_gfx950,0.0217,325.06,5164.04
gfx950,256,128,7168,8192,False,torch.bfloat16,torch.bfloat16,False,False,flydsl,350,2,33.528,flydsl_hgemm_abf16_wbf16_bf16_t128x64x128x2_ks2_w4x1x1_bias0_ktail0_gm0_pft_gfx950,0.0062,448.35,3620.04
gfx950,256,256,7168,8192,False,torch.bfloat16,torch.bfloat16,False,False,flydsl,97,2,48.5269,flydsl_hgemm_abf16_wbf16_bf16_t128x128x64x5_ks2_w2x4x1_bias0_ktail0_gm0_pft_gfx950,0.0062,619.55,2582.17
gfx950,256,512,7168,8192,False,torch.bfloat16,torch.bfloat16,False,False,flydsl,50,1,71.9027,flydsl_hgemm_abf16_wbf16_bf16_t128x128x64x4_ks1_w4x4x1_bias0_ktail0_gm0_pft_gfx950,0.0,836.26,1852.07
gfx950,256,1024,7168,8192,False,torch.bfloat16,torch.bfloat16,False,False,flydsl,125,1,152.7057,flydsl_hgemm_abf16_wbf16_bf16_t128x64x64x3_ks1_w2x1x1_bias0_ktail0_gm4_pft_gfx950,0.0,787.52,975.06
gfx950,256,2048,7168,8192,False,torch.bfloat16,torch.bfloat16,False,False,asm,10,1,178.5233,_ZN5aiter24bf16gemm_bf16_tn_256x256E,0.0,1347.26,1010.26
gfx950,256,4096,7168,8192,False,torch.bfloat16,torch.bfloat16,False,False,flydsl,1,1,337.8862,flydsl_hgemm_abf16_wbf16_bf16_t256x256x64x2_ks1_w2x4x1_bias0_ktail0_gm4_pht_gfx950,0.0,1423.66,719.98
gfx950,256,8192,7168,8192,False,torch.bfloat16,torch.bfloat16,False,False,asm,10,1,659.2291,_ZN5aiter24bf16gemm_bf16_tn_256x256E,0.0,1459.39,559.89
gfx950,256,16384,7168,8192,False,torch.bfloat16,torch.bfloat16,False,False,torch,0,0,1199.6941,native,0.0,1603.86,517.43
gfx950,256,32768,7168,8192,False,torch.bfloat16,torch.bfloat16,False,False,torch,0,0,2476.3279,native,0.0,1554.03,453.93
gfx950,256,1,8192,1024,False,torch.bfloat16,torch.bfloat16,False,False,flydsl,93,1,4.3011,flydsl_hgemm_abf16_wbf16_bf16_t16x16x256x2_ks1_w1x1x2_bias0_ktail0_gm0_pft_gfx950,0.0009,3.9,3904.97
gfx950,256,1,8192,2048,False,torch.bfloat16,torch.bfloat16,False,False,flydsl,332,2,8.6375,flydsl_hgemm_abf16_wbf16_bf16_t16x64x128x3_ks2_w1x2x1_bias0_ktail0_gm0_pft_gfx950,0.0028,3.88,3887.11
gfx950,256,1,8192,3584,False,torch.bfloat16,torch.bfloat16,False,False,flydsl,406,1,10.8977,flydsl_hgemm_abf16_wbf16_bf16_t16x64x128x8_ks1_w1x4x1_bias0_ktail0_gm0_pft_gfx950,0.0,5.39,5390.48
gfx950,256,1,8192,7168,False,torch.bfloat16,torch.bfloat16,False,False,flydsl,169,1,21.5389,flydsl_hgemm_abf16_wbf16_bf16_t16x16x64x6_ks1_w1x1x1_bias0_ktail0_gm4_pft_gfx950,0.0,5.45,5453.91
gfx950,256,1,8192,8192,False,torch.bfloat16,torch.bfloat16,False,False,flydsl,243,1,25.2449,flydsl_hgemm_abf16_wbf16_bf16_t16x32x256x3_ks1_w1x1x2_bias0_ktail0_gm4_pft_gfx950,0.0057,5.32,5317.93
gfx950,256,1,8192,28672,False,torch.bfloat16,torch.bfloat16,False,False,flydsl,362,4,80.5015,flydsl_hgemm_abf16_wbf16_bf16_t16x64x128x3_ks4_w1x1x1_bias0_ktail0_gm0_pft_gfx950,0.0177,5.84,5836.36
gfx950,256,16,8192,1024,False,torch.bfloat16,torch.bfloat16,False,False,flydsl,229,1,4.2507,flydsl_hgemm_abf16_wbf16_bf16_t16x32x256x5_ks1_w1x2x1_bias0_ktail0_gm0_pft_gfx950,0.0,63.15,4016.31
gfx950,256,16,8192,2048,False,torch.bfloat16,torch.bfloat16,False,False,triton,0,0,7.9982,auto,0.0,67.12,4236.22
gfx950,256,16,8192,3584,False,torch.bfloat16,torch.bfloat16,False,False,flydsl,219,1,11.7289,flydsl_hgemm_abf16_wbf16_bf16_t16x32x128x7_ks1_w1x2x1_bias0_ktail0_gm0_pft_gfx950,0.0,80.1,5038.59
gfx950,256,16,8192,7168,False,torch.bfloat16,torch.bfloat16,False,False,flydsl,170,1,23.3666,flydsl_hgemm_abf16_wbf16_bf16_t16x16x64x6_ks1_w1x1x2_bias0_ktail0_gm0_pft_gfx950,0.0059,80.42,5047.03
gfx950,256,16,8192,8192,False,torch.bfloat16,torch.bfloat16,False,False,triton,0,0,23.991,auto,0.0,89.51,5616.36
gfx950,256,16,8192,28672,False,torch.bfloat16,torch.bfloat16,False,False,flydsl,97,4,82.0966,flydsl_hgemm_abf16_wbf16_bf16_t16x128x64x8_ks4_w1x2x1_bias0_ktail0_gm0_pft_gfx950,0.0176,91.55,5736.43
gfx950,256,32,8192,1024,False,torch.bfloat16,torch.bfloat16,False,False,flydsl,1024,1,5.6716,flydsl_hgemm_abf16_wbf16_bf16_t32x32x64x6_ks1_w2x2x1_bias0_ktail0_gm0_pft_gfx950,0.0,94.66,3062.11
gfx950,256,32,8192,2048,False,torch.bfloat16,torch.bfloat16,False,False,triton,0,0,8.5527,auto,0.0,125.54,3999.88
gfx950,256,32,8192,3584,False,torch.bfloat16,torch.bfloat16,False,False,flydsl,1481,1,11.7648,flydsl_hgemm_abf16_wbf16_bf16_t32x64x64x6_ks1_w2x2x1_bias0_ktail0_gm0_pft_gfx950,0.0,159.72,5055.24
gfx950,256,32,8192,7168,False,torch.bfloat16,torch.bfloat16,False,False,flydsl,955,1,23.1507,flydsl_hgemm_abf16_wbf16_bf16_t32x32x128x4_ks1_w1x2x1_bias0_ktail0_gm0_pft_gfx950,0.0,162.33,5115.33
gfx950,256,32,8192,8192,False,torch.bfloat16,torch.bfloat16,False,False,triton,0,0,24.6462,auto,0.0,174.26,5488.32
gfx950,256,32,8192,28672,False,torch.bfloat16,torch.bfloat16,False,False,flydsl,1272,4,79.9368,flydsl_hgemm_abf16_wbf16_bf16_t32x64x128x3_ks4_w1x1x2_bias0_ktail0_gm0_pft_gfx950,0.0253,188.05,5906.18
gfx950,256,64,8192,2048,False,torch.bfloat16,torch.bfloat16,False,False,triton,0,0,10.5102,auto,0.0,204.32,3317.27
gfx950,256,64,8192,3584,False,torch.bfloat16,torch.bfloat16,False,False,flydsl,2232,1,16.2437,flydsl_hgemm_abf16_wbf16_bf16_t64x32x128x4_ks1_w2x2x2_bias0_ktail0_gm0_pft_gfx950,0.0048,231.36,3707.75
gfx950,256,64,8192,7168,False,torch.bfloat16,torch.bfloat16,False,False,flydsl,2897,2,26.5589,flydsl_hgemm_abf16_wbf16_bf16_t64x64x64x6_ks2_w2x2x1_bias0_ktail0_gm0_pft_gfx950,0.0061,283.0,4495.92
gfx950,256,64,8192,8192,False,torch.bfloat16,torch.bfloat16,False,False,flydsl,3238,2,27.9109,flydsl_hgemm_abf16_wbf16_bf16_t96x64x128x2_ks2_w2x4x1_bias0_ktail0_gm0_pft_gfx950,0.0062,307.76,4883.93
gfx950,256,64,8192,28672,False,torch.bfloat16,torch.bfloat16,False,False,flydsl,1969,4,85.8788,flydsl_hgemm_abf16_wbf16_bf16_t64x128x64x6_ks4_w1x4x1_bias0_ktail0_gm0_pft_gfx950,0.0171,350.08,5525.0
gfx950,256,128,8192,1024,False,torch.bfloat16,torch.bfloat16,False,False,flydsl,2637,1,7.8933,flydsl_hgemm_abf16_wbf16_bf16_t64x64x64x6_ks1_w2x4x1_bias0_ktail0_gm0_pft_gfx950,0.0,272.06,2424.4
gfx950,256,128,8192,2048,False,torch.bfloat16,torch.bfloat16,False,False,flydsl,2728,1,12.871,flydsl_hgemm_abf16_wbf16_bf16_t64x64x64x8_ks1_w4x2x1_bias0_ktail0_gm0_pft_gfx950,0.0,333.69,2810.65
gfx950,256,128,8192,3584,False,torch.bfloat16,torch.bfloat16,False,False,flydsl,2646,1,20.6584,flydsl_hgemm_abf16_wbf16_bf16_t64x64x64x4_ks1_w4x1x1_bias0_ktail0_gm0_pft_gfx950,0.0,363.83,2988.37
gfx950,256,128,8192,7168,False,torch.bfloat16,torch.bfloat16,False,False,flydsl,1919,2,36.4638,flydsl_hgemm_abf16_wbf16_bf16_t64x128x64x5_ks2_w4x2x1_bias0_ktail0_gm0_pft_gfx950,0.0062,412.26,3328.58
gfx950,256,128,8192,8192,False,torch.bfloat16,torch.bfloat16,False,False,flydsl,2749,1,34.8944,flydsl_hgemm_abf16_wbf16_bf16_t64x64x64x9_ks1_w2x4x1_bias0_ktail0_gm4_pft_gfx950,0.0,492.34,3966.6
gfx950,256,128,8192,28672,False,torch.bfloat16,torch.bfloat16,False,False,flydsl,32,8,127.6854,flydsl_hgemm_abf16_wbf16_bf16_t128x128x128x2_ks8_w2x2x1_bias0_ktail0_gm0_pft_gfx950,0.0252,470.92,3752.97
gfx950,256,256,8192,1024,False,torch.bfloat16,torch.bfloat16,False,False,flydsl,374,1,10.3782,flydsl_hgemm_abf16_wbf16_bf16_t128x64x64x5_ks1_w4x2x1_bias0_ktail0_gm0_pft_gfx950,0.0,413.85,2071.25
gfx950,256,256,8192,2048,False,torch.bfloat16,torch.bfloat16,False,False,flydsl,352,1,17.0232,flydsl_hgemm_abf16_wbf16_bf16_t128x64x64x4_ks1_w2x4x1_bias0_ktail0_gm0_pft_gfx950,0.0,504.6,2279.08
gfx950,256,256,8192,3584,False,torch.bfloat16,torch.bfloat16,False,False,flydsl,1178,1,27.5198,flydsl_hgemm_abf16_wbf16_bf16_t64x128x128x3_ks1_w1x4x2_bias0_ktail0_gm0_pft_gfx950,0.0047,546.24,2352.84
gfx950,256,256,8192,7168,False,torch.bfloat16,torch.bfloat16,False,False,flydsl,13,2,51.1717,flydsl_hgemm_abf16_wbf16_bf16_t128x128x128x2_ks2_w2x4x1_bias0_ktail0_gm0_pht_gfx950,0.0061,587.53,2448.71
gfx950,256,256,8192,8192,False,torch.bfloat16,torch.bfloat16,False,False,flydsl,1225,1,48.1663,flydsl_hgemm_abf16_wbf16_bf16_t64x128x64x4_ks1_w1x4x2_bias0_ktail0_gm4_pft_gfx950,0.0063,713.36,2960.71
gfx950,256,256,8192,28672,False,torch.bfloat16,torch.bfloat16,False,False,flydsl,152,7,217.8797,flydsl_hgemm_abf16_wbf16_bf16_t128x256x64x2_ks7_w2x4x1_bias0_ktail0_gm0_pht_gfx950,0.0237,551.95,2242.69
gfx950,256,512,8192,1024,False,torch.bfloat16,torch.bfloat16,False,False,flydsl,46,1,14.2657,flydsl_hgemm_abf16_wbf16_bf16_t128x128x64x4_ks1_w4x4x1_bias0_ktail0_gm0_pft_gfx950,0.0,602.14,1837.58
gfx950,256,512,8192,2048,False,torch.bfloat16,torch.bfloat16,False,False,flydsl,36,1,22.8542,flydsl_hgemm_abf16_wbf16_bf16_t128x128x64x3_ks1_w4x4x1_bias0_ktail0_gm0_pft_gfx950,0.0,751.72,1927.01
gfx950,256,512,8192,3584,False,torch.bfloat16,torch.bfloat16,False,False,flydsl,693,1,43.2511,flydsl_hgemm_abf16_wbf16_bf16_t64x256x64x4_ks1_w2x4x1_bias0_ktail0_gm4_pft_gfx950,0.0,695.12,1636.46
gfx950,256,512,8192,7168,False,torch.bfloat16,torch.bfloat16,False,False,flydsl,361,1,85.3609,flydsl_hgemm_abf16_wbf16_bf16_t256x64x128x2_ks1_w2x2x1_bias0_ktail0_gm0_pht_gfx950,0.0,704.42,1560.07
gfx950,256,512,8192,8192,False,torch.bfloat16,torch.bfloat16,False,False,flydsl,608,1,84.8612,flydsl_hgemm_abf16_wbf16_bf16_t64x128x64x3_ks1_w2x2x1_bias0_ktail0_gm4_pft_gfx950,0.0,809.79,1779.32
gfx950,256,512,8192,28672,False,torch.bfloat16,torch.bfloat16,False,False,flydsl,64,2,301.065,flydsl_hgemm_abf16_wbf16_bf16_t128x256x64x2_ks2_w2x4x1_bias0_ktail0_gm0_pft_gfx950,0.0084,798.89,1685.72
gfx950,256,1024,8192,1024,False,torch.bfloat16,torch.bfloat16,False,False,torch,0,0,22.0257,native,0.0,779.99,1618.64
gfx950,256,1024,8192,2048,False,torch.bfloat16,torch.bfloat16,False,False,flydsl,61,1,37.2428,flydsl_hgemm_abf16_wbf16_bf16_t128x256x64x2_ks1_w2x4x1_bias0_ktail0_gm4_pht_gfx950,0.0,922.59,1464.07
gfx950,256,1024,8192,3584,False,torch.bfloat16,torch.bfloat16,False,False,flydsl,53,1,79.9192,flydsl_hgemm_abf16_wbf16_bf16_t128x128x64x5_ks1_w4x2x1_bias0_ktail0_gm4_pft_gfx950,0.0,752.38,1036.52
gfx950,256,1024,8192,7168,False,torch.bfloat16,torch.bfloat16,False,False,flydsl,204,1,124.1922,flydsl_hgemm_abf16_wbf16_bf16_t256x128x64x3_ks1_w4x4x1_bias0_ktail0_gm0_pft_gfx950,0.0,968.33,1198.93
gfx950,256,1024,8192,8192,False,torch.bfloat16,torch.bfloat16,False,False,flydsl,201,1,151.8881,flydsl_hgemm_abf16_wbf16_bf16_t256x128x64x2_ks1_w4x4x1_bias0_ktail0_gm4_pft_gfx950,0.0,904.87,1104.58
gfx950,256,1024,8192,28672,False,torch.bfloat16,torch.bfloat16,False,False,triton,0,0,672.0526,auto,0.0,715.77,811.33
gfx950,256,2048,8192,1024,False,torch.bfloat16,torch.bfloat16,False,False,flydsl,82,1,31.9094,flydsl_hgemm_abf16_wbf16_bf16_t256x256x64x2_ks1_w2x4x1_bias0_ktail0_gm0_pht_gfx950,0.0,1076.79,1708.77
gfx950,256,2048,8192,2048,False,torch.bfloat16,torch.bfloat16,False,False,flydsl,83,1,56.4776,flydsl_hgemm_abf16_wbf16_bf16_t256x256x64x2_ks1_w2x4x1_bias0_ktail0_gm4_pht_gfx950,0.0,1216.76,1336.77
gfx950,256,2048,8192,3584,False,torch.bfloat16,torch.bfloat16,False,False,flydsl,82,1,94.9774,flydsl_hgemm_abf16_wbf16_bf16_t256x256x64x2_ks1_w2x4x1_bias0_ktail0_gm0_pht_gfx950,0.0,1266.19,1126.11
gfx950,256,2048,8192,7168,False,torch.bfloat16,torch.bfloat16,False,False,asm,10,1,170.0015,_ZN5aiter24bf16gemm_bf16_tn_256x256E,0.0,1414.8,1060.9
gfx950,256,2048,8192,8192,False,torch.bfloat16,torch.bfloat16,False,False,torch,0,0,190.4375,native,0.0,1443.4,1057.18
gfx950,256,2048,8192,28672,False,torch.bfloat16,torch.bfloat16,False,False,flydsl,24,1,894.4377,flydsl_hgemm_abf16_wbf16_bf16_t128x128x64x2_ks1_w4x4x1_bias0_ktail0_gm0_pft_gfx950,0.0,1075.62,694.02
gfx950,256,4096,8192,1024,False,torch.bfloat16,torch.bfloat16,False,False,asm,10,1,64.1118,_ZN5aiter24bf16gemm_bf16_tn_256x256E,0.0,1071.87,1439.28
gfx950,256,4096,8192,2048,False,torch.bfloat16,torch.bfloat16,False,False,flydsl,82,1,110.6747,flydsl_hgemm_abf16_wbf16_bf16_t256x256x64x2_ks1_w2x4x1_bias0_ktail0_gm0_pht_gfx950,0.0,1241.83,1061.13
gfx950,256,4096,8192,3584,False,torch.bfloat16,torch.bfloat16,False,False,flydsl,68,1,243.2076,flydsl_hgemm_abf16_wbf16_bf16_t256x128x64x2_ks1_w2x2x1_bias0_ktail0_gm0_pht_gfx950,0.0,988.94,638.09
gfx950,256,4096,8192,7168,False,torch.bfloat16,torch.bfloat16,False,False,flydsl,1,1,319.8043,flydsl_hgemm_abf16_wbf16_bf16_t256x256x64x2_ks1_w2x4x1_bias0_ktail0_gm4_pht_gfx950,0.0,1504.16,760.68
gfx950,256,4096,8192,8192,False,torch.bfloat16,torch.bfloat16,False,False,asm,10,1,367.0308,_ZN5aiter24bf16gemm_bf16_tn_256x256E,0.0,1497.85,731.37
gfx950,256,4096,8192,28672,False,torch.bfloat16,torch.bfloat16,False,False,flydsl,1,1,1217.1112,flydsl_hgemm_abf16_wbf16_bf16_t256x256x64x2_ks1_w2x4x1_bias0_ktail0_gm4_pht_gfx950,0.0,1580.91,634.08
gfx950,256,8192,8192,1024,False,torch.bfloat16,torch.bfloat16,False,False,asm,10,1,122.6113,_ZN5aiter24bf16gemm_bf16_tn_256x256E,0.0,1120.93,1368.33
gfx950,256,8192,8192,2048,False,torch.bfloat16,torch.bfloat16,False,False,asm,10,1,204.8185,_ZN5aiter24bf16gemm_bf16_tn_256x256E,0.0,1342.06,982.95
gfx950,256,8192,8192,3584,False,torch.bfloat16,torch.bfloat16,False,False,torch,0,0,333.1292,native,0.0,1443.99,755.44
gfx950,256,8192,8192,7168,False,torch.bfloat16,torch.bfloat16,False,False,flydsl,1,1,632.1847,flydsl_hgemm_abf16_wbf16_bf16_t256x256x64x2_ks1_w2x4x1_bias0_ktail0_gm4_pht_gfx950,0.0,1521.82,583.85
gfx950,256,8192,8192,8192,False,torch.bfloat16,torch.bfloat16,False,False,asm,10,1,701.2369,_ZN5aiter24bf16gemm_bf16_tn_256x256E,0.0,1567.96,574.2
gfx950,256,8192,8192,28672,False,torch.bfloat16,torch.bfloat16,False,False,asm,10,1,2487.4663,_ZN5aiter24bf16gemm_bf16_tn_256x256E,0.0,1547.07,431.66
gfx950,256,16384,8192,1024,False,torch.bfloat16,torch.bfloat16,False,False,torch,0,0,229.715,native,0.0,1196.6,1387.66
gfx950,256,16384,8192,2048,False,torch.bfloat16,torch.bfloat16,False,False,torch,0,0,391.0254,native,0.0,1405.93,943.93
gfx950,256,16384,8192,3584,False,torch.bfloat16,torch.bfloat16,False,False,flydsl,2,1,1148.4458,flydsl_hgemm_abf16_wbf16_bf16_t128x128x128x2_ks1_w2x2x1_bias0_ktail0_gm4_pft_gfx950,0.0,837.72,387.13
gfx950,256,16384,8192,7168,False,torch.bfloat16,torch.bfloat16,False,False,torch,0,0,1223.5516,native,0.0,1572.59,507.34
gfx950,256,16384,8192,8192,False,torch.bfloat16,torch.bfloat16,False,False,torch,0,0,1379.5658,native,0.0,1594.0,486.45
gfx950,256,16384,8192,28672,False,torch.bfloat16,torch.bfloat16,False,False,asm,10,1,4859.4214,_ZN5aiter24bf16gemm_bf16_tn_256x256E,0.0,1583.85,345.25
gfx950,256,32768,8192,1024,False,torch.bfloat16,torch.bfloat16,False,False,torch,0,0,444.3368,native,0.0,1237.25,1397.04
gfx950,256,32768,8192,2048,False,torch.bfloat16,torch.bfloat16,False,False,torch,0,0,768.7139,native,0.0,1430.33,916.65
gfx950,256,32768,8192,3584,False,torch.bfloat16,torch.bfloat16,False,False,flydsl,47,1,2149.2901,flydsl_hgemm_abf16_wbf16_bf16_t128x128x64x5_ks1_w2x2x1_bias0_ktail0_gm4_pft_gfx950,0.0,895.25,386.39
gfx950,256,32768,8192,7168,False,torch.bfloat16,torch.bfloat16,False,False,torch,0,0,2464.3896,native,0.0,1561.56,456.13
gfx950,256,32768,8192,8192,False,torch.bfloat16,torch.bfloat16,False,False,flydsl,0,1,2833.8164,flydsl_hgemm_abf16_wbf16_bf16_t256x256x64x2_ks1_w2x4x1_bias0_ktail0_gm0_pht_gfx950,0.0,1551.99,426.27
gfx950,256,32768,8192,28672,False,torch.bfloat16,torch.bfloat16,False,False,asm,10,1,9749.6175,_ZN5aiter24bf16gemm_bf16_tn_256x256E,0.0,1578.85,295.98
gfx950,256,1,10240,8192,False,torch.bfloat16,torch.bfloat16,False,False,flydsl,97,1,30.8415,flydsl_hgemm_abf16_wbf16_bf16_t16x16x256x3_ks1_w1x1x1_bias0_ktail0_gm4_pft_gfx950,0.0,5.44,5441.01
gfx950,256,16,10240,8192,False,torch.bfloat16,torch.bfloat16,False,False,flydsl,95,1,32.0123,flydsl_hgemm_abf16_wbf16_bf16_t16x16x256x2_ks1_w1x1x2_bias0_ktail0_gm4_pft_gfx950,0.0061,83.85,5259.29
gfx950,256,32,10240,8192,False,torch.bfloat16,torch.bfloat16,False,False,flydsl,1465,2,34.3982,flydsl_hgemm_abf16_wbf16_bf16_t32x96x256x2_ks2_w1x2x1_bias0_ktail0_gm0_pft_gfx950,0.006,156.08,4911.65
gfx950,256,64,10240,8192,False,torch.bfloat16,torch.bfloat16,False,False,flydsl,2546,2,38.2078,flydsl_hgemm_abf16_wbf16_bf16_t64x96x128x3_ks2_w2x2x2_bias0_ktail0_gm0_pft_gfx950,0.0148,281.03,4452.79
gfx950,256,128,10240,8192,False,torch.bfloat16,torch.bfloat16,False,False,flydsl,1361,2,40.7999,flydsl_hgemm_abf16_wbf16_bf16_t64x128x64x3_ks2_w2x2x1_bias0_ktail0_gm0_pft_gfx950,0.0062,526.35,4227.72
gfx950,256,256,10240,8192,False,torch.bfloat16,torch.bfloat16,False,False,torch,0,0,67.8839,native,0.0,632.69,2610.48
gfx950,256,512,10240,8192,False,torch.bfloat16,torch.bfloat16,False,False,flydsl,35,1,140.0083,flydsl_hgemm_abf16_wbf16_bf16_t128x128x64x3_ks1_w4x2x1_bias0_ktail0_gm4_pft_gfx950,0.0,613.53,1333.11
gfx950,256,1024,10240,8192,False,torch.bfloat16,torch.bfloat16,False,False,flydsl,29,1,215.4859,flydsl_hgemm_abf16_wbf16_bf16_t128x128x64x3_ks1_w2x2x2_bias0_ktail0_gm4_pft_gfx950,0.0062,797.26,953.76
gfx950,256,2048,10240,8192,False,torch.bfloat16,torch.bfloat16,False,False,flydsl,1,1,362.211,flydsl_hgemm_abf16_wbf16_bf16_t128x128x128x2_ks1_w2x2x1_bias0_ktail0_gm0_pht_gfx950,0.0,948.61,671.62
gfx950,256,4096,10240,8192,False,torch.bfloat16,torch.bfloat16,False,False,flydsl,1,1,493.1043,flydsl_hgemm_abf16_wbf16_bf16_t256x256x64x2_ks1_w2x4x1_bias0_ktail0_gm4_pht_gfx950,0.0,1393.61,646.45
gfx950,256,8192,10240,8192,False,torch.bfloat16,torch.bfloat16,False,False,flydsl,1,1,888.4022,flydsl_hgemm_abf16_wbf16_bf16_t256x256x64x2_ks1_w2x4x1_bias0_ktail0_gm4_pht_gfx950,0.0,1547.04,528.77
gfx950,256,16384,10240,8192,False,torch.bfloat16,torch.bfloat16,False,False,torch,0,0,1734.9447,native,0.0,1584.36,444.83
gfx950,256,32768,10240,8192,False,torch.bfloat16,torch.bfloat16,False,False,torch,0,0,3458.8181,native,0.0,1589.43,397.75
gfx950,256,1,14336,8192,False,torch.bfloat16,torch.bfloat16,False,False,asm,4,1,33.973,_ZN5aiter37bf16gemm_fp32bf16_tn_48x64_pf3_splitkE,0.0,6.91,6915.08
gfx950,256,16,14336,8192,False,torch.bfloat16,torch.bfloat16,False,False,flydsl,326,1,35.2319,flydsl_hgemm_abf16_wbf16_bf16_t16x64x128x5_ks1_w1x1x1_bias0_ktail0_gm0_pft_gfx950,0.0,106.67,6687.18
gfx950,256,32,14336,8192,False,torch.bfloat16,torch.bfloat16,False,False,flydsl,1248,2,41.5613,flydsl_hgemm_abf16_wbf16_bf16_t32x64x64x9_ks2_w1x1x2_bias0_ktail0_gm0_pft_gfx950,0.0145,180.85,5686.13
gfx950,256,64,14336,8192,False,torch.bfloat16,torch.bfloat16,False,False,flydsl,1053,1,81.2149,flydsl_hgemm_abf16_wbf16_bf16_t48x32x64x2_ks1_w1x1x2_bias0_ktail0_gm4_pft_gfx950,0.0062,185.09,2927.6
gfx950,256,128,14336,8192,False,torch.bfloat16,torch.bfloat16,False,False,torch,0,0,59.8018,native,0.0,502.74,4024.1
gfx950,256,256,14336,8192,False,torch.bfloat16,torch.bfloat16,False,False,flydsl,49,1,84.4548,flydsl_hgemm_abf16_wbf16_bf16_t128x128x64x4_ks1_w4x2x2_bias0_ktail0_gm0_pft_gfx950,0.0063,711.97,2917.72
gfx950,256,512,14336,8192,False,torch.bfloat16,torch.bfloat16,False,False,torch,0,0,121.3258,native,0.0,991.21,2126.09
gfx950,256,1024,14336,8192,False,torch.bfloat16,torch.bfloat16,False,False,flydsl,81,1,181.9405,flydsl_hgemm_abf16_wbf16_bf16_t256x256x64x2_ks1_w2x4x1_bias0_ktail0_gm0_pht_gfx950,0.0,1321.96,1544.56
gfx950,256,2048,14336,8192,False,torch.bfloat16,torch.bfloat16,False,False,flydsl,83,1,339.1106,flydsl_hgemm_abf16_wbf16_bf16_t256x256x64x2_ks1_w2x4x1_bias0_ktail0_gm4_pht_gfx950,0.0,1418.52,964.75
gfx950,256,4096,14336,8192,False,torch.bfloat16,torch.bfloat16,False,False,flydsl,1,1,665.8242,flydsl_hgemm_abf16_wbf16_bf16_t256x256x64x2_ks1_w2x4x1_bias0_ktail0_gm4_pht_gfx950,0.0,1444.93,629.94
gfx950,256,8192,14336,8192,False,torch.bfloat16,torch.bfloat16,False,False,flydsl,1,1,1212.6551,flydsl_hgemm_abf16_wbf16_bf16_t256x256x64x2_ks1_w2x4x1_bias0_ktail0_gm4_pht_gfx950,0.0,1586.72,498.06
gfx950,256,16384,14336,8192,False,torch.bfloat16,torch.bfloat16,False,False,asm,10,1,2480.2306,_ZN5aiter24bf16gemm_bf16_tn_256x256E,0.0,1551.59,392.33
gfx950,256,32768,14336,8192,False,torch.bfloat16,torch.bfloat16,False,False,asm,10,1,4950.2879,_ZN5aiter24bf16gemm_bf16_tn_256x256E,0.0,1554.77,345.69
gfx950,256,1,57344,8192,False,torch.bfloat16,torch.bfloat16,False,False,flydsl,111,1,153.7972,flydsl_hgemm_abf16_wbf16_bf16_t16x64x256x2_ks1_w1x2x1_bias0_ktail0_gm4_pft_gfx950,0.0,6.11,6109.7
gfx950,256,16,57344,8192,False,torch.bfloat16,torch.bfloat16,False,False,triton,0,0,150.0813,auto,0.0,100.16,6274.07
gfx950,256,32,57344,8192,False,torch.bfloat16,torch.bfloat16,False,False,torch,0,0,142.7766,native,0.0,210.57,6609.76
gfx950,256,64,57344,8192,False,torch.bfloat16,torch.bfloat16,False,False,torch,0,0,144.8655,native,0.0,415.07,6543.4
gfx950,256,128,57344,8192,False,torch.bfloat16,torch.bfloat16,False,False,torch,0,0,154.1289,native,0.0,780.25,6204.56
gfx950,256,256,57344,8192,False,torch.bfloat16,torch.bfloat16,False,False,torch,0,0,212.8665,native,0.0,1129.9,4571.31
gfx950,256,512,57344,8192,False,torch.bfloat16,torch.bfloat16,False,False,flydsl,83,1,369.774,flydsl_hgemm_abf16_wbf16_bf16_t256x256x64x2_ks1_w2x4x1_bias0_ktail0_gm4_pht_gfx950,0.0,1300.89,2722.29
gfx950,256,1024,57344,8192,False,torch.bfloat16,torch.bfloat16,False,False,asm,10,1,687.2108,_ZN5aiter24bf16gemm_bf16_tn_256x256E,0.0,1399.97,1562.46
gfx950,256,2048,57344,8192,False,torch.bfloat16,torch.bfloat16,False,False,flydsl,83,1,1271.1022,flydsl_hgemm_abf16_wbf16_bf16_t256x256x64x2_ks1_w2x4x1_bias0_ktail0_gm4_pht_gfx950,0.0,1513.76,950.32
gfx950,256,4096,57344,8192,False,torch.bfloat16,torch.bfloat16,False,False,flydsl,1,1,2462.0207,flydsl_hgemm_abf16_wbf16_bf16_t256x256x64x2_ks1_w2x4x1_bias0_ktail0_gm4_pht_gfx950,0.0,1563.06,599.67
gfx950,256,8192,57344,8192,False,torch.bfloat16,torch.bfloat16,False,False,asm,10,1,5081.0054,_ZN5aiter24bf16gemm_bf16_tn_256x256E,0.0,1514.78,396.23
gfx950,256,16384,57344,8192,False,torch.bfloat16,torch.bfloat16,False,False,asm,10,1,10067.8312,_ZN5aiter24bf16gemm_bf16_tn_256x256E,0.0,1528.95,306.62
gfx950,256,32768,57344,8192,False,torch.bfloat16,torch.bfloat16,False,False,asm,10,1,20149.85,_ZN5aiter24bf16gemm_bf16_tn_256x256E,0.0,1527.87,259.78
gfx942,80,64,192,1024,False,torch.bfloat16,torch.bfloat16,False,False,opus,10300,0,4.2782,opus_gemm_gfx942_wkc_512x16x16x64_1x1_16x16x16_0x0x0,0.0,5.88,128.29
gfx942,80,1,1280,8192,False,torch.bfloat16,torch.bfloat16,False,False,opus,10300,0,12.9122,opus_gemm_gfx942_wkc_512x16x16x64_1x1_16x16x16_0x0x0,0.0,1.62,1625.63
gfx950,256,1,1536,7168,False,torch.bfloat16,torch.bfloat16,False,False,flydsl,543,7,7.4267,flydsl_hgemm_abf16_wbf16_bf16_t16x64x128x4_ks7_w1x2x1_bias0_ktail0_gm0_pft_gfx950,0.0215,2.96,2967.33
gfx950,256,2,1536,7168,False,torch.bfloat16,torch.bfloat16,False,False,flydsl,807,7,7.4963,flydsl_hgemm_abf16_wbf16_bf16_t16x64x64x9_ks7_w1x2x1_bias0_ktail0_gm0_pft_gfx950,0.0192,5.87,2942.11
gfx950,256,4,1536,7168,False,torch.bfloat16,torch.bfloat16,False,False,flydsl,543,7,7.5227,flydsl_hgemm_abf16_wbf16_bf16_t16x64x128x4_ks7_w1x2x1_bias0_ktail0_gm0_pft_gfx950,0.0186,11.71,2936.41
gfx950,256,8,1536,7168,False,torch.bfloat16,torch.bfloat16,False,False,flydsl,287,4,7.6104,flydsl_hgemm_abf16_wbf16_bf16_t16x32x128x8_ks4_w1x2x1_bias0_ktail0_gm0_pft_gfx950,0.012,23.15,2911.72
gfx950,256,16,1536,7168,False,torch.bfloat16,torch.bfloat16,False,False,flydsl,550,8,8.0697,flydsl_hgemm_abf16_wbf16_bf16_t16x64x128x4_ks8_w1x4x1_bias0_ktail0_gm0_pft_gfx950,0.0216,43.66,2763.25
gfx950,256,32,1536,7168,False,torch.bfloat16,torch.bfloat16,False,False,flydsl,2499,8,8.9064,flydsl_hgemm_abf16_wbf16_bf16_t32x64x64x7_ks8_w2x2x1_bias0_ktail0_gm0_pft_gfx950,0.0221,79.12,2534.94
gfx950,256,64,1536,7168,False,torch.bfloat16,torch.bfloat16,False,False,flydsl,4897,8,10.7978,flydsl_hgemm_abf16_wbf16_bf16_t64x64x64x6_ks8_w4x2x1_bias0_ktail0_gm0_pft_gfx950,0.0211,130.52,2142.49
gfx950,256,128,1536,7168,False,torch.bfloat16,torch.bfloat16,False,False,flydsl,4984,4,14.3023,flydsl_hgemm_abf16_wbf16_bf16_t64x64x64x6_ks4_w4x2x1_bias0_ktail0_gm0_pft_gfx950,0.0139,197.07,1695.41
gfx950,256,256,1536,7168,False,torch.bfloat16,torch.bfloat16,False,False,flydsl,4207,4,19.2568,flydsl_hgemm_abf16_wbf16_bf16_t64x96x128x3_ks4_w2x2x2_bias0_ktail0_gm0_pft_gfx950,0.0217,292.74,1374.92
gfx950,256,512,1536,7168,False,torch.bfloat16,torch.bfloat16,False,False,torch,0,0,27.8128,native,0.0,405.36,1112.19
gfx950,256,1024,1536,7168,False,torch.bfloat16,torch.bfloat16,False,False,flydsl,2092,1,39.7309,flydsl_hgemm_abf16_wbf16_bf16_t64x96x128x4_ks1_w2x2x2_bias0_ktail0_gm4_pft_gfx950,0.0061,567.53,1002.89
gfx950,256,1,2304,1536,False,torch.bfloat16,torch.bfloat16,False,False,flydsl,118,1,4.9926,flydsl_hgemm_abf16_wbf16_bf16_t16x16x128x8_ks1_w1x1x2_bias0_ktail0_gm0_pft_gfx950,0.0022,1.42,1419.21
gfx950,256,2,2304,1536,False,torch.bfloat16,torch.bfloat16,False,False,triton,0,0,4.9891,auto,0.0,2.84,1421.75
gfx950,256,4,2304,1536,False,torch.bfloat16,torch.bfloat16,False,False,flydsl,133,1,5.0147,flydsl_hgemm_abf16_wbf16_bf16_t16x16x256x5_ks1_w1x1x2_bias0_ktail0_gm0_pft_gfx950,0.0034,5.65,1417.55
gfx950,256,8,2304,1536,False,torch.bfloat16,torch.bfloat16,False,False,flydsl,117,1,5.1379,flydsl_hgemm_abf16_wbf16_bf16_t16x16x128x8_ks1_w1x1x1_bias0_ktail0_gm0_pft_gfx950,0.0,11.02,1389.54
gfx950,256,16,2304,1536,False,torch.bfloat16,torch.bfloat16,False,False,triton,0,0,5.1983,auto,0.0,21.79,1385.22
gfx950,256,32,2304,1536,False,torch.bfloat16,torch.bfloat16,False,False,flydsl,222,1,5.8375,flydsl_hgemm_abf16_wbf16_bf16_t16x32x128x5_ks1_w1x2x1_bias0_ktail0_gm0_pft_gfx950,0.0,38.8,1254.59
gfx950,256,64,2304,1536,False,torch.bfloat16,torch.bfloat16,False,False,flydsl,207,1,6.4991,flydsl_hgemm_abf16_wbf16_bf16_t16x32x128x5_ks1_w1x1x2_bias0_ktail0_gm0_pft_gfx950,0.003,69.7,1164.69
gfx950,256,128,2304,1536,False,torch.bfloat16,torch.bfloat16,False,False,flydsl,2095,1,7.2671,flydsl_hgemm_abf16_wbf16_bf16_t32x32x64x8_ks1_w1x2x1_bias0_ktail0_gm0_pft_gfx950,0.0,124.67,1109.24
gfx950,256,256,2304,1536,False,torch.bfloat16,torch.bfloat16,False,False,flydsl,2472,1,8.9719,flydsl_hgemm_abf16_wbf16_bf16_t48x64x128x4_ks1_w1x4x1_bias0_ktail0_gm0_pft_gfx950,0.0,201.96,1008.03
gfx950,256,512,2304,1536,False,torch.bfloat16,torch.bfloat16,False,False,flydsl,2951,1,11.8115,flydsl_hgemm_abf16_wbf16_bf16_t96x64x64x4_ks1_w2x2x1_bias0_ktail0_gm0_pft_gfx950,0.0,306.81,932.15
gfx950,256,1024,2304,1536,False,torch.bfloat16,torch.bfloat16,False,False,torch,0,0,16.7557,native,0.0,432.55,891.77
gfx950,256,1,3072,512,False,torch.bfloat16,torch.bfloat16,False,False,flydsl,48,1,3.519,flydsl_hgemm_abf16_wbf16_bf16_t16x16x128x5_ks1_w1x1x1_bias0_ktail0_gm0_pft_gfx950,0.0,0.89,895.96
gfx950,256,2,3072,512,False,torch.bfloat16,torch.bfloat16,False,False,flydsl,53,1,3.6314,flydsl_hgemm_abf16_wbf16_bf16_t16x16x256x3_ks1_w1x1x1_bias0_ktail0_gm0_pft_gfx950,0.0,1.73,870.21
gfx950,256,4,3072,512,False,torch.bfloat16,torch.bfloat16,False,False,flydsl,73,1,3.7038,flydsl_hgemm_abf16_wbf16_bf16_t16x16x64x9_ks1_w1x1x1_bias0_ktail0_gm0_pft_gfx950,0.0,3.4,857.07
gfx950,256,8,3072,512,False,torch.bfloat16,torch.bfloat16,False,False,flydsl,152,1,3.7886,flydsl_hgemm_abf16_wbf16_bf16_t16x32x64x8_ks1_w1x2x1_bias0_ktail0_gm0_pft_gfx950,0.0,6.64,845.45
gfx950,256,16,3072,512,False,torch.bfloat16,torch.bfloat16,False,False,triton,0,0,3.6854,auto,0.0,13.66,884.68
gfx950,256,32,3072,512,False,torch.bfloat16,torch.bfloat16,False,False,flydsl,114,1,4.0263,flydsl_hgemm_abf16_wbf16_bf16_t16x32x128x4_ks1_w1x1x2_bias0_ktail0_gm0_pft_gfx950,0.0012,25.0,838.26
gfx950,256,64,3072,512,False,torch.bfloat16,torch.bfloat16,False,False,flydsl,673,1,4.1149,flydsl_hgemm_abf16_wbf16_bf16_t32x32x64x8_ks1_w1x2x1_bias0_ktail0_gm0_pft_gfx950,0.0,48.93,875.96
gfx950,256,128,3072,512,False,torch.bfloat16,torch.bfloat16,False,False,flydsl,1337,1,4.5885,flydsl_hgemm_abf16_wbf16_bf16_t32x64x64x6_ks1_w2x2x1_bias0_ktail0_gm0_pft_gfx950,0.0,87.75,885.53
gfx950,256,256,3072,512,False,torch.bfloat16,torch.bfloat16,False,False,flydsl,2427,1,5.4879,flydsl_hgemm_abf16_wbf16_bf16_t64x64x64x6_ks1_w4x2x1_bias0_ktail0_gm0_pft_gfx950,0.0,146.74,907.59
gfx950,256,512,3072,512,False,torch.bfloat16,torch.bfloat16,False,False,flydsl,2017,1,6.8583,flydsl_hgemm_abf16_wbf16_bf16_t64x96x64x4_ks1_w2x2x1_bias0_ktail0_gm0_pft_gfx950,0.0,234.84,993.79
gfx950,256,1024,3072,512,False,torch.bfloat16,torch.bfloat16,False,False,flydsl,328,1,9.1527,flydsl_hgemm_abf16_wbf16_bf16_t128x96x64x4_ks1_w2x2x1_bias0_ktail0_gm0_pft_gfx950,0.0,351.94,1145.65
gfx950,256,1,4480,7168,False,torch.bfloat16,torch.bfloat16,False,False,flydsl,39,7,13.83,flydsl_hgemm_abf16_wbf16_bf16_t16x128x128x4_ks7_w1x2x1_bias0_ktail0_gm0_pft_gfx950,0.0188,4.64,4645.59
gfx950,256,2,4480,7168,False,torch.bfloat16,torch.bfloat16,False,False,flydsl,442,7,13.8924,flydsl_hgemm_abf16_wbf16_bf16_t16x64x128x4_ks7_w1x2x2_bias0_ktail0_gm0_pft_gfx950,0.0243,9.25,4626.41
gfx950,256,4,4480,7168,False,torch.bfloat16,torch.bfloat16,False,False,flydsl,25,7,13.982,flydsl_hgemm_abf16_wbf16_bf16_t16x128x128x3_ks7_w1x2x2_bias0_ktail0_gm0_pft_gfx950,0.0263,18.37,4600.09
gfx950,256,8,4480,7168,False,torch.bfloat16,torch.bfloat16,False,False,flydsl,41,7,14.1873,flydsl_hgemm_abf16_wbf16_bf16_t16x128x128x4_ks7_w1x4x1_bias0_ktail0_gm0_pft_gfx950,0.0184,36.22,4540.09
gfx950,256,16,4480,7168,False,torch.bfloat16,torch.bfloat16,False,False,flydsl,774,4,14.7771,flydsl_hgemm_abf16_wbf16_bf16_t16x96x64x8_ks4_w1x2x1_bias0_ktail0_gm0_pft_gfx950,0.0136,69.54,4371.49
gfx950,256,32,4480,7168,False,torch.bfloat16,torch.bfloat16,False,False,flydsl,2138,4,16.0124,flydsl_hgemm_abf16_wbf16_bf16_t32x96x128x3_ks4_w2x2x1_bias0_ktail0_gm0_pft_gfx950,0.0134,128.35,4057.53
gfx950,256,48,4480,7168,False,torch.bfloat16,torch.bfloat16,False,False,flydsl,2200,4,17.7356,flydsl_hgemm_abf16_wbf16_bf16_t48x96x128x3_ks4_w1x2x1_bias0_ktail0_gm0_pft_gfx950,0.014,173.82,3684.31
gfx950,256,64,4480,7168,False,torch.bfloat16,torch.bfloat16,False,False,flydsl,4104,4,19.2784,flydsl_hgemm_abf16_wbf16_bf16_t64x96x64x6_ks4_w2x2x1_bias0_ktail0_gm0_pft_gfx950,0.0137,213.21,3408.8
gfx950,256,80,4480,7168,False,torch.bfloat16,torch.bfloat16,False,False,flydsl,3909,4,21.308,flydsl_hgemm_abf16_wbf16_bf16_t96x96x64x4_ks4_w2x2x1_bias0_ktail0_gm0_pft_gfx950,0.0138,241.13,3101.6
gfx950,256,96,4480,7168,False,torch.bfloat16,torch.bfloat16,False,False,flydsl,4249,4,22.8127,flydsl_hgemm_abf16_wbf16_bf16_t96x96x64x4_ks4_w2x2x1_bias0_ktail0_gm0_pft_gfx950,0.0139,270.27,2913.36
gfx950,256,112,4480,7168,False,torch.bfloat16,torch.bfloat16,False,False,flydsl,760,4,25.5402,flydsl_hgemm_abf16_wbf16_bf16_t128x96x64x4_ks4_w2x2x1_bias0_ktail0_gm0_pft_gfx950,0.0138,281.64,2616.83
gfx950,256,128,4480,7168,False,torch.bfloat16,torch.bfloat16,False,False,flydsl,760,4,26.6643,flydsl_hgemm_abf16_wbf16_bf16_t128x96x64x4_ks4_w2x2x1_bias0_ktail0_gm0_pft_gfx950,0.0138,308.31,2520.49
gfx950,256,160,4480,7168,False,torch.bfloat16,torch.bfloat16,False,False,flydsl,2859,2,30.9218,flydsl_hgemm_abf16_wbf16_bf16_t96x96x64x5_ks2_w2x2x1_bias0_ktail0_gm0_pft_gfx950,0.0061,332.32,2197.56
gfx950,256,192,4480,7168,False,torch.bfloat16,torch.bfloat16,False,False,flydsl,3106,2,33.8602,flydsl_hgemm_abf16_wbf16_bf16_t96x96x64x5_ks2_w2x2x1_bias0_ktail0_gm0_pft_gfx950,0.0061,364.18,2028.87
gfx950,256,1,6016,7168,False,torch.bfloat16,torch.bfloat16,False,False,flydsl,251,1,16.363,flydsl_hgemm_abf16_wbf16_bf16_t16x32x256x4_ks1_w1x1x2_bias0_ktail0_gm0_pft_gfx950,0.0053,5.27,5272.37
gfx950,256,2,6016,7168,False,torch.bfloat16,torch.bfloat16,False,False,flydsl,207,1,16.3068,flydsl_hgemm_abf16_wbf16_bf16_t16x32x128x5_ks1_w1x2x1_bias0_ktail0_gm0_pft_gfx950,0.0,10.58,5292.15
gfx950,256,4,6016,7168,False,torch.bfloat16,torch.bfloat16,False,False,flydsl,226,1,16.1489,flydsl_hgemm_abf16_wbf16_bf16_t16x32x128x7_ks1_w1x2x1_bias0_ktail0_gm0_pft_gfx950,0.0,21.36,5347.17
gfx950,256,8,6016,7168,False,torch.bfloat16,torch.bfloat16,False,False,flydsl,256,1,16.6913,flydsl_hgemm_abf16_wbf16_bf16_t16x32x256x4_ks1_w1x1x2_bias0_ktail0_gm0_pft_gfx950,0.0054,41.34,5179.72
gfx950,256,16,6016,7168,False,torch.bfloat16,torch.bfloat16,False,False,flydsl,257,1,17.7605,flydsl_hgemm_abf16_wbf16_bf16_t16x32x256x4_ks1_w1x2x1_bias0_ktail0_gm0_pft_gfx950,0.0,77.7,4879.78
gfx950,256,32,6016,7168,False,torch.bfloat16,torch.bfloat16,False,False,flydsl,1755,4,19.1205,flydsl_hgemm_abf16_wbf16_bf16_t32x96x64x5_ks4_w2x2x1_bias0_ktail0_gm0_pft_gfx950,0.0133,144.34,4554.75
gfx950,256,48,6016,7168,False,torch.bfloat16,torch.bfloat16,False,False,flydsl,3277,4,20.9374,flydsl_hgemm_abf16_wbf16_bf16_t64x96x64x7_ks4_w2x2x1_bias0_ktail0_gm0_pft_gfx950,0.0136,197.72,4179.65
gfx950,256,64,6016,7168,False,torch.bfloat16,torch.bfloat16,False,False,flydsl,3289,4,22.3822,flydsl_hgemm_abf16_wbf16_bf16_t64x96x64x5_ks4_w2x2x1_bias0_ktail0_gm0_pft_gfx950,0.0137,246.61,3928.7
gfx950,256,80,6016,7168,False,torch.bfloat16,torch.bfloat16,False,False,flydsl,2919,4,24.3893,flydsl_hgemm_abf16_wbf16_bf16_t96x96x64x4_ks4_w2x2x1_bias0_ktail0_gm0_pft_gfx950,0.0138,282.9,3622.69
gfx950,256,96,6016,7168,False,torch.bfloat16,torch.bfloat16,False,False,flydsl,3111,4,26.1259,flydsl_hgemm_abf16_wbf16_bf16_t96x96x64x5_ks4_w2x2x1_bias0_ktail0_gm0_pft_gfx950,0.0138,316.91,3398.03
gfx950,256,112,6016,7168,False,torch.bfloat16,torch.bfloat16,False,False,flydsl,581,4,28.6974,flydsl_hgemm_abf16_wbf16_bf16_t128x96x64x4_ks4_w2x2x1_bias0_ktail0_gm0_pft_gfx950,0.0138,336.6,3108.25
gfx950,256,128,6016,7168,False,torch.bfloat16,torch.bfloat16,False,False,flydsl,581,4,30.4714,flydsl_hgemm_abf16_wbf16_bf16_t128x96x64x4_ks4_w2x2x1_bias0_ktail0_gm0_pft_gfx950,0.0139,362.29,2941.13
gfx950,256,192,6016,7168,False,torch.bfloat16,torch.bfloat16,False,False,flydsl,2014,2,37.5001,flydsl_hgemm_abf16_wbf16_bf16_t96x96x64x5_ks2_w2x2x1_bias0_ktail0_gm0_pft_gfx950,0.0062,441.58,2434.87
gfx950,256,1,6144,7168,False,torch.bfloat16,torch.bfloat16,False,False,flydsl,212,1,16.5598,flydsl_hgemm_abf16_wbf16_bf16_t16x32x128x5_ks1_w1x2x1_bias0_ktail0_gm0_pft_gfx950,0.0,5.32,5320.54
gfx950,256,2,6144,7168,False,torch.bfloat16,torch.bfloat16,False,False,flydsl,213,1,16.8879,flydsl_hgemm_abf16_wbf16_bf16_t16x32x128x5_ks1_w1x2x2_bias0_ktail0_gm0_pft_gfx950,0.005,10.43,5218.74
gfx950,256,4,6144,7168,False,torch.bfloat16,torch.bfloat16,False,False,flydsl,256,1,16.6837,flydsl_hgemm_abf16_wbf16_bf16_t16x32x256x4_ks1_w1x1x2_bias0_ktail0_gm0_pft_gfx950,0.0049,21.12,5285.81
gfx950,256,8,6144,7168,False,torch.bfloat16,torch.bfloat16,False,False,flydsl,232,1,16.8125,flydsl_hgemm_abf16_wbf16_bf16_t16x32x128x8_ks1_w1x2x1_bias0_ktail0_gm0_pft_gfx950,0.0,41.91,5251.65
gfx950,256,16,6144,7168,False,torch.bfloat16,torch.bfloat16,False,False,flydsl,257,1,17.9172,flydsl_hgemm_abf16_wbf16_bf16_t16x32x256x4_ks1_w1x2x1_bias0_ktail0_gm0_pft_gfx950,0.0,78.66,4939.74
gfx950,256,32,6144,7168,False,torch.bfloat16,torch.bfloat16,False,False,flydsl,1800,4,19.3609,flydsl_hgemm_abf16_wbf16_bf16_t32x96x64x8_ks4_w2x2x1_bias0_ktail0_gm0_pft_gfx950,0.0135,145.58,4593.4
gfx950,256,64,6144,7168,False,torch.bfloat16,torch.bfloat16,False,False,flydsl,3308,4,22.8683,flydsl_hgemm_abf16_wbf16_bf16_t64x96x64x6_ks4_w2x2x1_bias0_ktail0_gm0_pft_gfx950,0.0137,246.5,3926.15
gfx950,256,128,6144,7168,False,torch.bfloat16,torch.bfloat16,False,False,flydsl,2949,2,29.6587,flydsl_hgemm_abf16_wbf16_bf16_t64x96x128x3_ks2_w2x2x2_bias0_ktail0_gm0_pft_gfx950,0.0141,380.13,3084.7
gfx950,256,256,6144,7168,False,torch.bfloat16,torch.bfloat16,False,False,flydsl,2082,1,41.5624,flydsl_hgemm_abf16_wbf16_bf16_t64x96x128x3_ks1_w2x2x2_bias0_ktail0_gm4_pft_gfx950,0.006,542.52,2283.22
gfx950,256,512,6144,7168,False,torch.bfloat16,torch.bfloat16,False,False,flydsl,328,1,65.6318,flydsl_hgemm_abf16_wbf16_bf16_t128x96x64x4_ks1_w2x2x1_bias0_ktail0_gm0_pft_gfx950,0.0,687.12,1549.73
gfx950,256,1024,6144,7168,False,torch.bfloat16,torch.bfloat16,False,False,torch,0,0,96.5949,native,0.0,933.74,1194.09
gfx950,256,1,7168,768,False,torch.bfloat16,torch.bfloat16,False,False,flydsl,156,1,4.6093,flydsl_hgemm_abf16_wbf16_bf16_t16x32x128x5_ks1_w1x1x1_bias0_ktail0_gm0_pft_gfx950,0.0,2.39,2392.1
gfx950,256,1,7168,1536,False,torch.bfloat16,torch.bfloat16,False,False,flydsl,203,1,6.2186,flydsl_hgemm_abf16_wbf16_bf16_t16x32x128x4_ks1_w1x2x1_bias0_ktail0_gm0_pft_gfx950,0.0,3.54,3543.8
gfx950,256,1,7168,3584,False,torch.bfloat16,torch.bfloat16,False,False,flydsl,163,1,10.694,flydsl_hgemm_abf16_wbf16_bf16_t16x16x64x8_ks1_w1x1x1_bias0_ktail0_gm0_pft_gfx950,0.0,4.8,4806.6
gfx950,256,1,7168,4224,False,torch.bfloat16,torch.bfloat16,False,False,flydsl,135,1,12.413,flydsl_hgemm_abf16_wbf16_bf16_t16x32x128x5_ks1_w1x2x1_bias0_ktail0_gm0_pft_gfx950,0.0,4.88,4880.21
gfx950,256,2,7168,768,False,torch.bfloat16,torch.bfloat16,False,False,flydsl,233,1,4.5662,flydsl_hgemm_abf16_wbf16_bf16_t16x32x64x8_ks1_w1x2x1_bias0_ktail0_gm0_pft_gfx950,0.0,4.82,2418.16
gfx950,256,2,7168,1536,False,torch.bfloat16,torch.bfloat16,False,False,flydsl,330,1,6.1341,flydsl_hgemm_abf16_wbf16_bf16_t16x32x64x8_ks1_w1x2x1_bias0_ktail0_gm0_pft_gfx950,0.0,7.18,3595.46
gfx950,256,2,7168,3584,False,torch.bfloat16,torch.bfloat16,False,False,flydsl,236,1,10.6225,flydsl_hgemm_abf16_wbf16_bf16_t16x32x256x3_ks1_w1x2x1_bias0_ktail0_gm0_pft_gfx950,0.0,9.67,4840.97
gfx950,256,2,7168,4224,False,torch.bfloat16,torch.bfloat16,False,False,flydsl,155,1,12.249,flydsl_hgemm_abf16_wbf16_bf16_t16x32x128x8_ks1_w1x2x1_bias0_ktail0_gm0_pft_gfx950,0.0,9.89,4947.41
gfx950,256,4,7168,768,False,torch.bfloat16,torch.bfloat16,False,False,flydsl,151,1,4.6514,flydsl_hgemm_abf16_wbf16_bf16_t16x32x128x4_ks1_w1x2x1_bias0_ktail0_gm0_pft_gfx950,0.0,9.47,2380.69
gfx950,256,4,7168,1536,False,torch.bfloat16,torch.bfloat16,False,False,flydsl,330,1,6.1595,flydsl_hgemm_abf16_wbf16_bf16_t16x32x64x8_ks1_w1x2x1_bias0_ktail0_gm0_pft_gfx950,0.0,14.3,3586.29
gfx950,256,4,7168,3584,False,torch.bfloat16,torch.bfloat16,False,False,flydsl,236,1,10.688,flydsl_hgemm_abf16_wbf16_bf16_t16x32x256x3_ks1_w1x2x1_bias0_ktail0_gm0_pft_gfx950,0.0,19.23,4815.33
gfx950,256,4,7168,4224,False,torch.bfloat16,torch.bfloat16,False,False,flydsl,149,1,12.3502,flydsl_hgemm_abf16_wbf16_bf16_t16x32x128x7_ks1_w1x2x1_bias0_ktail0_gm0_pft_gfx950,0.0,19.61,4910.56
gfx950,256,8,7168,768,False,torch.bfloat16,torch.bfloat16,False,False,flydsl,166,1,4.6236,flydsl_hgemm_abf16_wbf16_bf16_t16x32x128x7_ks1_w1x2x1_bias0_ktail0_gm0_pft_gfx950,0.0,19.05,2408.73
gfx950,256,8,7168,1536,False,torch.bfloat16,torch.bfloat16,False,False,flydsl,330,1,6.2123,flydsl_hgemm_abf16_wbf16_bf16_t16x32x64x8_ks1_w1x2x1_bias0_ktail0_gm0_pft_gfx950,0.0,28.36,3567.01
gfx950,256,8,7168,3584,False,torch.bfloat16,torch.bfloat16,False,False,flydsl,243,1,10.7643,flydsl_hgemm_abf16_wbf16_bf16_t16x32x256x4_ks1_w1x2x1_bias0_ktail0_gm0_pft_gfx950,0.0,38.19,4789.19
gfx950,256,8,7168,4224,False,torch.bfloat16,torch.bfloat16,False,False,flydsl,142,1,12.3549,flydsl_hgemm_abf16_wbf16_bf16_t16x32x128x6_ks1_w1x2x1_bias0_ktail0_gm0_pft_gfx950,0.0,39.21,4916.07
gfx950,256,16,7168,768,False,torch.bfloat16,torch.bfloat16,False,False,triton,0,0,4.696,auto,0.0,37.51,2398.64
gfx950,256,16,7168,1536,False,torch.bfloat16,torch.bfloat16,False,False,flydsl,339,1,6.3814,flydsl_hgemm_abf16_wbf16_bf16_t16x32x64x9_ks1_w1x2x1_bias0_ktail0_gm0_pft_gfx950,0.0,55.21,3494.32
gfx950,256,16,7168,3584,False,torch.bfloat16,torch.bfloat16,False,False,flydsl,218,1,10.9363,flydsl_hgemm_abf16_wbf16_bf16_t16x32x128x8_ks1_w1x2x1_bias0_ktail0_gm0_pft_gfx950,0.0,75.17,4729.6
gfx950,256,16,7168,4224,False,torch.bfloat16,torch.bfloat16,False,False,flydsl,143,1,12.6732,flydsl_hgemm_abf16_wbf16_bf16_t16x32x128x6_ks1_w1x2x2_bias0_ktail0_gm0_pft_gfx950,0.0047,76.45,4806.98
gfx950,256,32,7168,768,False,torch.bfloat16,torch.bfloat16,False,False,triton,0,0,5.0803,auto,0.0,69.35,2267.18
gfx950,256,32,7168,1536,False,torch.bfloat16,torch.bfloat16,False,False,triton,0,0,6.8576,auto,0.0,102.75,3292.28
gfx950,256,32,7168,3584,False,torch.bfloat16,torch.bfloat16,False,False,flydsl,929,1,12.3754,flydsl_hgemm_abf16_wbf16_bf16_t32x32x128x4_ks1_w2x1x2_bias0_ktail0_gm0_pft_gfx950,0.0049,132.86,4207.41
gfx950,256,32,7168,4224,False,torch.bfloat16,torch.bfloat16,False,False,triton,0,0,13.6687,auto,0.0,141.77,4483.55
gfx950,256,64,7168,768,False,torch.bfloat16,torch.bfloat16,False,False,flydsl,1112,1,6.0066,flydsl_hgemm_abf16_wbf16_bf16_t32x64x64x6_ks1_w1x4x1_bias0_ktail0_gm0_pft_gfx950,0.0,117.31,2002.11
gfx950,256,64,7168,1536,False,torch.bfloat16,torch.bfloat16,False,False,triton,0,0,8.3942,auto,0.0,167.89,2755.98
gfx950,256,64,7168,3584,False,torch.bfloat16,torch.bfloat16,False,False,triton,0,0,14.895,auto,0.0,220.77,3541.89
gfx950,256,64,7168,4224,False,torch.bfloat16,torch.bfloat16,False,False,flydsl,2433,2,17.4761,flydsl_hgemm_abf16_wbf16_bf16_t64x64x64x6_ks2_w4x2x1_bias0_ktail0_gm0_pft_gfx950,0.005,221.76,3548.47
gfx950,256,128,7168,768,False,torch.bfloat16,torch.bfloat16,False,False,flydsl,2824,1,6.8741,flydsl_hgemm_abf16_wbf16_bf16_t64x64x64x6_ks1_w2x2x1_bias0_ktail0_gm0_pft_gfx950,0.0,205.01,1897.22
gfx950,256,128,7168,1536,False,torch.bfloat16,torch.bfloat16,False,False,flydsl,3201,1,10.5058,flydsl_hgemm_abf16_wbf16_bf16_t64x64x64x6_ks1_w2x4x1_bias0_ktail0_gm0_pft_gfx950,0.0,268.29,2308.09
gfx950,256,128,7168,3584,False,torch.bfloat16,torch.bfloat16,False,False,flydsl,2787,1,19.5768,flydsl_hgemm_abf16_wbf16_bf16_t64x64x64x7_ks1_w4x2x1_bias0_ktail0_gm0_pft_gfx950,0.0,335.94,2765.15
gfx950,256,128,7168,4224,False,torch.bfloat16,torch.bfloat16,False,False,flydsl,2378,1,17.418,flydsl_hgemm_abf16_wbf16_bf16_t64x64x64x6_ks1_w4x2x1_bias0_ktail0_gm0_pft_gfx950,0.0,445.0,3644.02
gfx950,256,256,7168,768,False,torch.bfloat16,torch.bfloat16,False,False,triton,0,0,8.9502,auto,0.0,314.92,1684.13
gfx950,256,256,7168,1536,False,torch.bfloat16,torch.bfloat16,False,False,triton,0,0,13.5351,auto,0.0,416.48,1956.14
gfx950,256,256,7168,3584,False,torch.bfloat16,torch.bfloat16,False,False,triton,0,0,26.3955,auto,0.0,498.32,2155.11
gfx950,256,256,7168,4224,False,torch.bfloat16,torch.bfloat16,False,False,flydsl,2009,1,30.0604,flydsl_hgemm_abf16_wbf16_bf16_t96x64x64x4_ks1_w2x2x1_bias0_ktail0_gm0_pft_gfx950,0.0,515.7,2208.49
gfx950,256,512,7168,768,False,torch.bfloat16,torch.bfloat16,False,False,flydsl,47,1,12.1933,flydsl_hgemm_abf16_wbf16_bf16_t128x128x64x3_ks1_w4x2x1_bias0_ktail0_gm0_pft_gfx950,0.0,462.31,1569.43
gfx950,256,512,7168,1536,False,torch.bfloat16,torch.bfloat16,False,False,flydsl,49,1,18.727,flydsl_hgemm_abf16_wbf16_bf16_t128x128x64x3_ks1_w4x2x1_bias0_ktail0_gm0_pft_gfx950,0.0,602.03,1651.79
gfx950,256,512,7168,3584,False,torch.bfloat16,torch.bfloat16,False,False,flydsl,50,1,35.3194,flydsl_hgemm_abf16_wbf16_bf16_t128x128x64x4_ks1_w4x4x1_bias0_ktail0_gm0_pft_gfx950,0.0,744.82,1766.46
gfx950,256,512,7168,4224,False,torch.bfloat16,torch.bfloat16,False,False,flydsl,38,1,41.8549,flydsl_hgemm_abf16_wbf16_bf16_t128x128x64x3_ks1_w4x4x1_bias0_ktail0_gm0_pft_gfx950,0.0,740.76,1725.5
gfx950,256,1024,7168,768,False,torch.bfloat16,torch.bfloat16,False,False,flydsl,24,1,17.985,flydsl_hgemm_abf16_wbf16_bf16_t128x128x64x2_ks1_w4x2x1_bias0_ktail0_gm0_pft_gfx950,0.0,626.87,1515.87
gfx950,256,1024,7168,1536,False,torch.bfloat16,torch.bfloat16,False,False,torch,0,0,28.9537,native,0.0,778.78,1376.19
gfx950,256,1024,7168,3584,False,torch.bfloat16,torch.bfloat16,False,False,torch,0,0,57.3333,native,0.0,917.68,1280.24
gfx950,256,1024,7168,4224,False,torch.bfloat16,torch.bfloat16,False,False,flydsl,56,1,67.1678,flydsl_hgemm_abf16_wbf16_bf16_t128x256x64x2_ks1_w2x4x1_bias0_ktail0_gm0_pht_gfx950,0.0,923.19,1248.9
gfx950,256,1,8448,7168,False,torch.bfloat16,torch.bfloat16,False,False,flydsl,582,2,22.7345,flydsl_hgemm_abf16_wbf16_bf16_t16x96x64x8_ks2_w1x2x1_bias0_ktail0_gm0_pft_gfx950,0.006,5.33,5328.54
gfx950,256,2,8448,7168,False,torch.bfloat16,torch.bfloat16,False,False,flydsl,573,2,22.8156,flydsl_hgemm_abf16_wbf16_bf16_t16x96x64x5_ks2_w1x2x1_bias0_ktail0_gm0_pft_gfx950,0.006,10.62,5310.97
gfx950,256,4,8448,7168,False,torch.bfloat16,torch.bfloat16,False,False,flydsl,549,2,23.1943,flydsl_hgemm_abf16_wbf16_bf16_t16x96x128x3_ks2_w1x2x1_bias0_ktail0_gm0_pft_gfx950,0.0063,20.89,5226.95
gfx950,256,8,8448,7168,False,torch.bfloat16,torch.bfloat16,False,False,flydsl,553,2,23.4118,flydsl_hgemm_abf16_wbf16_bf16_t16x96x128x4_ks2_w1x2x1_bias0_ktail0_gm0_pft_gfx950,0.0057,41.38,5183.73
gfx950,256,16,8448,7168,False,torch.bfloat16,torch.bfloat16,False,False,flydsl,549,2,24.3028,flydsl_hgemm_abf16_wbf16_bf16_t16x96x128x3_ks2_w1x2x1_bias0_ktail0_gm0_pft_gfx950,0.0057,79.73,5003.96
gfx950,256,32,8448,7168,False,torch.bfloat16,torch.bfloat16,False,False,flydsl,1557,2,25.5313,flydsl_hgemm_abf16_wbf16_bf16_t32x96x128x4_ks2_w1x2x2_bias0_ktail0_gm0_pft_gfx950,0.014,151.8,4782.75
gfx950,256,64,8448,7168,False,torch.bfloat16,torch.bfloat16,False,False,flydsl,2722,2,29.9496,flydsl_hgemm_abf16_wbf16_bf16_t64x96x128x4_ks2_w2x2x1_bias0_ktail0_gm0_pft_gfx950,0.0061,258.8,4110.55
gfx950,256,128,8448,7168,False,torch.bfloat16,torch.bfloat16,False,False,flydsl,543,4,36.0054,flydsl_hgemm_abf16_wbf16_bf16_t128x96x64x2_ks4_w2x2x1_bias0_ktail0_gm0_pft_gfx950,0.0138,430.55,3474.71
gfx950,256,256,8448,7168,False,torch.bfloat16,torch.bfloat16,False,False,torch,0,0,57.6067,native,0.0,538.21,2241.16
gfx950,256,512,8448,7168,False,torch.bfloat16,torch.bfloat16,False,False,flydsl,23,1,94.7694,flydsl_hgemm_abf16_wbf16_bf16_t128x128x64x2_ks1_w2x4x1_bias0_ktail0_gm4_pht_gfx950,0.0,654.31,1446.68
gfx950,256,1024,8448,7168,False,torch.bfloat16,torch.bfloat16,False,False,torch,0,0,122.469,native,0.0,1012.64,1250.05
gfx950,256,512,2112,7168,False,torch.bfloat16,torch.bfloat16,False,False,flydsl,1399,1,37.3535,flydsl_hgemm_abf16_wbf16_bf16_t48x96x128x3_ks1_w1x2x2_bias0_ktail0_gm0_pft_gfx950,0.0059,415.01,1064.97
gfx950,256,10240,7168,768,False,torch.bfloat16,torch.bfloat16,False,False,opus,6301,0,274.9349,opus_gemm_persistent_512x128x256x64_2x4_16x16x32_0x0x0_nooob_4g_safe,0.0,410.07,631.2
gfx950,256,10240,7168,1536,False,torch.bfloat16,torch.bfloat16,False,False,asm,10,1,191.5485,_ZN5aiter24bf16gemm_bf16_tn_256x256E,0.0,1177.17,1045.57
gfx950,256,10240,7168,3584,False,torch.bfloat16,torch.bfloat16,False,False,flydsl,86,1,651.041,flydsl_hgemm_abf16_wbf16_bf16_t256x64x128x2_ks1_w2x2x1_bias0_ktail0_gm0_pht_gfx950,0.0,808.14,417.15
gfx950,256,10240,7168,4224,False,torch.bfloat16,torch.bfloat16,False,False,opus,1005,0,666.4179,opus_gemm_256x256x128x32_2x2_16x16x32_0x0x0_nooob,0.0,930.48,440.96
gfx950,256,10240,8448,7168,False,torch.bfloat16,torch.bfloat16,False,False,asm,10,1,886.9429,_ZN5aiter24bf16gemm_bf16_tn_256x256E,0.0,1398.25,497.13
gfx950,256,1,20480,7168,False,torch.bfloat16,torch.bfloat16,False,False,flydsl,173,1,42.5566,flydsl_hgemm_abf16_wbf16_bf16_t16x32x64x4_ks1_w1x1x1_bias0_ktail0_gm4_pft_gfx950,0.0,6.9,6900.38
gfx950,256,2,20480,7168,False,torch.bfloat16,torch.bfloat16,False,False,flydsl,373,1,48.4332,flydsl_hgemm_abf16_wbf16_bf16_t16x96x64x5_ks1_w1x2x1_bias0_ktail0_gm0_pft_gfx950,0.0,12.12,6064.27
gfx950,256,4,20480,7168,False,torch.bfloat16,torch.bfloat16,False,False,flydsl,355,1,48.435,flydsl_hgemm_abf16_wbf16_bf16_t16x96x128x3_ks1_w1x2x1_bias0_ktail0_gm0_pft_gfx950,0.0,24.25,6066.33
gfx950,256,8,20480,7168,False,torch.bfloat16,torch.bfloat16,False,False,flydsl,356,1,48.6239,flydsl_hgemm_abf16_wbf16_bf16_t16x96x128x3_ks1_w1x2x2_bias0_ktail0_gm0_pft_gfx950,0.0058,48.31,6047.31
gfx950,256,16,20480,7168,False,torch.bfloat16,torch.bfloat16,False,False,flydsl,359,1,48.9083,flydsl_hgemm_abf16_wbf16_bf16_t16x96x128x4_ks1_w1x2x2_bias0_ktail0_gm0_pft_gfx950,0.0059,96.05,6021.19
gfx950,256,32,20480,7168,False,torch.bfloat16,torch.bfloat16,False,False,torch,0,0,47.8034,native,0.0,196.54,6178.86
gfx950,256,48,20480,7168,False,torch.bfloat16,torch.bfloat16,False,False,flydsl,896,1,52.1294,flydsl_hgemm_abf16_wbf16_bf16_t48x96x128x3_ks1_w1x2x2_bias0_ktail0_gm0_pft_gfx950,0.006,270.34,5683.08
gfx950,256,64,20480,7168,False,torch.bfloat16,torch.bfloat16,False,False,flydsl,1561,2,63.0612,flydsl_hgemm_abf16_wbf16_bf16_t64x96x128x4_ks2_w2x2x1_bias0_ktail0_gm0_pft_gfx950,0.006,297.97,4711.93
gfx950,256,128,20480,7168,False,torch.bfloat16,torch.bfloat16,False,False,flydsl,83,1,80.4327,flydsl_hgemm_abf16_wbf16_bf16_t128x128x64x5_ks1_w4x2x1_bias0_ktail0_gm0_pft_gfx950,0.0,467.23,3738.27
gfx950,256,256,20480,7168,False,torch.bfloat16,torch.bfloat16,False,False,flydsl,372,1,142.8931,flydsl_hgemm_abf16_wbf16_bf16_t64x128x64x3_ks1_w2x4x1_bias0_ktail0_gm4_pft_gfx950,0.0,526.0,2153.76
gfx950,256,512,20480,7168,False,torch.bfloat16,torch.bfloat16,False,False,flydsl,95,1,151.3497,flydsl_hgemm_abf16_wbf16_bf16_t256x256x64x2_ks1_w2x4x1_bias0_ktail0_gm0_pht_gfx950,0.0,993.22,2126.95
gfx950,256,1024,20480,7168,False,torch.bfloat16,torch.bfloat16,False,False,flydsl,36,1,401.5194,flydsl_hgemm_abf16_wbf16_bf16_t128x128x64x4_ks1_w2x2x1_bias0_ktail0_gm0_pft_gfx950,0.0,748.78,872.25
gfx950,256,2048,20480,7168,False,torch.bfloat16,torch.bfloat16,False,False,flydsl,131,1,716.6345,flydsl_hgemm_abf16_wbf16_bf16_t64x256x64x2_ks1_w2x4x1_bias0_ktail0_gm4_pft_gfx950,0.0,839.05,567.72
gfx950,256,4096,20480,7168,False,torch.bfloat16,torch.bfloat16,False,False,flydsl,1,1,791.4773,flydsl_hgemm_abf16_wbf16_bf16_t256x256x64x2_ks1_w2x4x1_bias0_ktail0_gm4_pht_gfx950,0.0,1519.43,657.12
gfx950,256,8192,20480,7168,False,torch.bfloat16,torch.bfloat16,False,False,asm,10,1,1553.5807,_ZN5aiter24bf16gemm_bf16_tn_256x256E,0.0,1548.15,480.56
gfx950,256,10240,20480,7168,False,torch.bfloat16,torch.bfloat16,False,False,asm,10,1,1990.1335,_ZN5aiter24bf16gemm_bf16_tn_256x256E,0.0,1510.69,432.05
gfx950,256,16384,20480,7168,False,torch.bfloat16,torch.bfloat16,False,False,flydsl,1,1,3129.1319,flydsl_hgemm_abf16_wbf16_bf16_t256x256x64x2_ks1_w2x4x1_bias0_ktail0_gm4_pht_gfx950,0.0,1537.28,383.36
gfx950,256,32768,20480,7168,False,torch.bfloat16,torch.bfloat16,False,False,asm,10,1,6223.626,_ZN5aiter24bf16gemm_bf16_tn_256x256E,0.0,1545.84,338.31
gfx1250,256,1,24,7168,False,torch.bfloat16,torch.bfloat16,False,False,opus,20002,6,3.8541,opus_gemm_gfx1250_splitk_cluster_tdm_ws_128x16x32x512_1x2_16x16x32_0x0x0_p3w1,0.0,0.09,93.0
gfx1250,256,1,128,7168,False,torch.bfloat16,torch.bfloat16,False,False,opus,20121,10,4.2327,opus_gemm_gfx1250_splitk_clusterlaunch_tdm_ws_128x16x32x256_1x2_16x16x32_0x0x0_c1x2_p3w2,0.0078,0.43,436.98
gfx1250,256,1,576,7168,False,torch.bfloat16,torch.bfloat16,False,False,opus,20125,11,4.9812,opus_gemm_gfx1250_splitk_clusterlaunch_tdm_ws_128x16x32x256_1x2_16x16x32_0x0x0_c1x3_p3w2,0.0139,1.66,1660.85
gfx1250,256,1,896,7168,False,torch.bfloat16,torch.bfloat16,False,False,opus,20255,10,5.2648,opus_gemm_gfx1250_splitk_clusterlaunch_tdm_ws_128x32x32x256_2x1_16x16x32_0x0x0_c1x4_p3w2,0.0145,2.44,2442.86
gfx1250,256,1,1536,7168,False,torch.bfloat16,torch.bfloat16,False,False,opus,20129,10,6.103,opus_gemm_gfx1250_splitk_clusterlaunch_tdm_ws_128x16x32x256_1x2_16x16x32_0x0x0_c1x4_p3w2,0.0124,3.61,3610.93
gfx1250,256,1,3072,128,False,torch.bfloat16,torch.bfloat16,False,False,triton,0,0,4.1893,auto,0.0,0.19,189.25
gfx1250,256,1,3072,7168,False,torch.bfloat16,torch.bfloat16,False,False,opus,20129,5,8.486,opus_gemm_gfx1250_splitk_clusterlaunch_tdm_ws_128x16x32x256_1x2_16x16x32_0x0x0_c1x4_p3w2,0.0081,5.19,5192.16
gfx1250,256,1,4608,1536,False,torch.bfloat16,torch.bfloat16,False,False,opus,20129,3,8.1582,opus_gemm_gfx1250_splitk_clusterlaunch_tdm_ws_128x16x32x256_1x2_16x16x32_0x0x0_c1x4_p3w2,0.0046,1.74,1736.67
gfx1250,256,1,7168,1536,False,torch.bfloat16,torch.bfloat16,False,False,triton,0,0,9.2099,auto,0.0,2.39,2392.81
gfx1250,256,1,7168,3072,False,torch.bfloat16,torch.bfloat16,False,False,triton,0,0,12.4295,auto,0.0,3.54,3544.85
gfx1250,256,1,7168,8448,False,torch.bfloat16,torch.bfloat16,False,False,triton,0,0,23.8203,auto,0.0,5.08,5085.65
gfx1250,256,1,16896,7168,False,torch.bfloat16,torch.bfloat16,False,False,triton,0,0,25.7959,auto,0.0,9.39,9391.77
gfx1250,256,1,40960,7168,False,torch.bfloat16,torch.bfloat16,False,False,triton,0,0,52.5552,auto,0.0,11.17,11174.89
gfx1250,256,2,24,7168,False,torch.bfloat16,torch.bfloat16,False,False,opus,20002,4,4.0361,opus_gemm_gfx1250_splitk_cluster_tdm_ws_128x16x32x512_1x2_16x16x32_0x0x0_p3w1,0.0,0.17,92.37
gfx1250,256,2,128,7168,False,torch.bfloat16,torch.bfloat16,False,False,opus,20129,10,4.365,opus_gemm_gfx1250_splitk_clusterlaunch_tdm_ws_128x16x32x256_1x2_16x16x32_0x0x0_c1x4_p3w2,0.0078,0.84,427.08
gfx1250,256,2,576,7168,False,torch.bfloat16,torch.bfloat16,False,False,opus,20251,13,5.1344,opus_gemm_gfx1250_splitk_clusterlaunch_tdm_ws_128x32x32x256_2x1_16x16x32_0x0x0_c1x3_p3w2,0.0113,3.22,1614.31
gfx1250,256,2,896,7168,False,torch.bfloat16,torch.bfloat16,False,False,opus,20129,12,5.6064,opus_gemm_gfx1250_splitk_clusterlaunch_tdm_ws_128x16x32x256_1x2_16x16x32_0x0x0_c1x4_p3w2,0.01,4.58,2296.89
gfx1250,256,2,1536,7168,False,torch.bfloat16,torch.bfloat16,False,False,opus,20129,10,6.2002,opus_gemm_gfx1250_splitk_clusterlaunch_tdm_ws_128x16x32x256_1x2_16x16x32_0x0x0_c1x4_p3w2,0.0094,7.1,3557.13
gfx1250,256,2,3072,128,False,torch.bfloat16,torch.bfloat16,False,False,triton,0,0,4.4473,auto,0.0,0.35,179.71
gfx1250,256,2,3072,7168,False,torch.bfloat16,torch.bfloat16,False,False,opus,20129,5,8.6598,opus_gemm_gfx1250_splitk_clusterlaunch_tdm_ws_128x16x32x256_1x2_16x16x32_0x0x0_c1x4_p3w2,0.0096,10.17,5090.32
gfx1250,256,2,4608,1536,False,torch.bfloat16,torch.bfloat16,False,False,opus,20129,3,8.4128,opus_gemm_gfx1250_splitk_clusterlaunch_tdm_ws_128x16x32x256_1x2_16x16x32_0x0x0_c1x4_p3w2,0.0048,3.37,1685.57
gfx1250,256,2,7168,1536,False,torch.bfloat16,torch.bfloat16,False,False,triton,0,0,9.2832,auto,0.0,4.74,2375.79
gfx1250,256,2,7168,3072,False,torch.bfloat16,torch.bfloat16,False,False,triton,0,0,12.3606,auto,0.0,7.13,3566.26
gfx1250,256,2,7168,8448,False,torch.bfloat16,torch.bfloat16,False,False,triton,0,0,23.7353,auto,0.0,10.21,5105.18
gfx1250,256,2,16896,7168,False,torch.bfloat16,torch.bfloat16,False,False,triton,0,0,25.1041,auto,0.0,19.3,9652.5
gfx1250,256,2,40960,7168,False,torch.bfloat16,torch.bfloat16,False,False,triton,0,0,52.6533,auto,0.0,22.3,11155.9
gfx1250,256,4,24,7168,False,torch.bfloat16,torch.bfloat16,False,False,opus,20002,4,4.1737,opus_gemm_gfx1250_splitk_cluster_tdm_ws_128x16x32x512_1x2_16x16x32_0x0x0_p3w1,0.0104,0.33,96.22
gfx1250,256,4,128,7168,False,torch.bfloat16,torch.bfloat16,False,False,opus,20129,10,4.313,opus_gemm_gfx1250_splitk_clusterlaunch_tdm_ws_128x16x32x256_1x2_16x16x32_0x0x0_c1x4_p3w2,0.0137,1.7,438.99
gfx1250,256,4,576,7168,False,torch.bfloat16,torch.bfloat16,False,False,opus,20125,12,5.4829,opus_gemm_gfx1250_splitk_clusterlaunch_tdm_ws_128x16x32x256_1x2_16x16x32_0x0x0_c1x3_p3w2,0.0139,6.02,1517.35
gfx1250,256,4,896,7168,False,torch.bfloat16,torch.bfloat16,False,False,opus,20129,13,5.36,opus_gemm_gfx1250_splitk_clusterlaunch_tdm_ws_128x16x32x256_1x2_16x16x32_0x0x0_c1x4_p3w2,0.0123,9.59,2408.5
gfx1250,256,4,1536,7168,False,torch.bfloat16,torch.bfloat16,False,False,opus,20129,10,6.4321,opus_gemm_gfx1250_splitk_clusterlaunch_tdm_ws_128x16x32x256_1x2_16x16x32_0x0x0_c1x4_p3w2,0.0117,13.69,3434.29
gfx1250,256,4,3072,128,False,torch.bfloat16,torch.bfloat16,False,False,triton,0,0,4.6025,auto,0.0,0.68,176.43
gfx1250,256,4,3072,7168,False,torch.bfloat16,torch.bfloat16,False,False,opus,20129,5,8.7938,opus_gemm_gfx1250_splitk_clusterlaunch_tdm_ws_128x16x32x256_1x2_16x16x32_0x0x0_c1x4_p3w2,0.0089,20.03,5017.41
gfx1250,256,4,4608,1536,False,torch.bfloat16,torch.bfloat16,False,False,opus,20129,3,8.35,opus_gemm_gfx1250_splitk_clusterlaunch_tdm_ws_128x16x32x256_1x2_16x16x32_0x0x0_c1x4_p3w2,0.0045,6.78,1701.19
gfx1250,256,4,7168,1536,False,torch.bfloat16,torch.bfloat16,False,False,triton,0,0,9.1036,auto,0.0,9.68,2426.48
gfx1250,256,4,7168,3072,False,torch.bfloat16,torch.bfloat16,False,False,triton,0,0,12.2835,auto,0.0,14.34,3591.98
gfx1250,256,4,7168,8448,False,torch.bfloat16,torch.bfloat16,False,False,triton,0,0,23.6601,auto,0.0,20.48,5124.05
gfx1250,256,4,16896,7168,False,torch.bfloat16,torch.bfloat16,False,False,triton,0,0,24.4534,auto,0.0,39.62,9913.29
gfx1250,256,4,40960,7168,False,torch.bfloat16,torch.bfloat16,False,False,triton,0,0,50.4086,auto,0.0,46.6,11656.49
gfx1250,256,8,24,7168,False,torch.bfloat16,torch.bfloat16,False,False,opus,20002,6,4.3958,opus_gemm_gfx1250_splitk_cluster_tdm_ws_128x16x32x512_1x2_16x16x32_0x0x0_p3w1,0.026,0.63,104.45
gfx1250,256,8,128,7168,False,torch.bfloat16,torch.bfloat16,False,False,opus,20001,10,4.5405,opus_gemm_gfx1250_splitk_cluster_tdm_ws_128x16x32x256_1x2_16x16x32_0x0x0_p3w2,0.0088,3.23,429.85
gfx1250,256,8,576,7168,False,torch.bfloat16,torch.bfloat16,False,False,opus,20125,13,5.4886,opus_gemm_gfx1250_splitk_clusterlaunch_tdm_ws_128x16x32x256_1x2_16x16x32_0x0x0_c1x3_p3w2,0.01,12.04,1527.06
gfx1250,256,8,896,7168,False,torch.bfloat16,torch.bfloat16,False,False,opus,20129,13,5.4596,opus_gemm_gfx1250_splitk_clusterlaunch_tdm_ws_128x16x32x256_1x2_16x16x32_0x0x0_c1x4_p3w2,0.0102,18.82,2376.38
gfx1250,256,8,1536,7168,False,torch.bfloat16,torch.bfloat16,False,False,opus,20125,10,6.4536,opus_gemm_gfx1250_splitk_clusterlaunch_tdm_ws_128x16x32x256_1x2_16x16x32_0x0x0_c1x3_p3w2,0.0103,27.3,3433.64
gfx1250,256,8,3072,128,False,torch.bfloat16,torch.bfloat16,False,False,triton,0,0,4.6743,auto,0.0,1.35,179.2
gfx1250,256,8,3072,7168,False,torch.bfloat16,torch.bfloat16,False,False,opus,20129,5,8.9723,opus_gemm_gfx1250_splitk_clusterlaunch_tdm_ws_128x16x32x256_1x2_16x16x32_0x0x0_c1x4_p3w2,0.0095,39.27,4926.72
gfx1250,256,8,4608,1536,False,torch.bfloat16,torch.bfloat16,False,False,opus,20129,3,8.4195,opus_gemm_gfx1250_splitk_clusterlaunch_tdm_ws_128x16x32x256_1x2_16x16x32_0x0x0_c1x4_p3w2,0.0044,13.45,1692.98
gfx1250,256,8,7168,1536,False,torch.bfloat16,torch.bfloat16,False,False,triton,0,0,9.0811,auto,0.0,19.4,2440.16
gfx1250,256,8,7168,3072,False,torch.bfloat16,torch.bfloat16,False,False,triton,0,0,11.9882,auto,0.0,29.39,3687.3
gfx1250,256,8,7168,8448,False,torch.bfloat16,torch.bfloat16,False,False,triton,0,0,23.4346,auto,0.0,41.34,5178.68
gfx1250,256,8,16896,7168,False,torch.bfloat16,torch.bfloat16,False,False,triton,0,0,23.5834,auto,0.0,82.17,10287.15
gfx1250,256,8,40960,7168,False,torch.bfloat16,torch.bfloat16,False,False,triton,0,0,50.5856,auto,0.0,92.86,11623.32
gfx1250,256,128,24,7168,False,torch.bfloat16,torch.bfloat16,False,False,opus,20002,5,4.8644,opus_gemm_gfx1250_splitk_cluster_tdm_ws_128x16x32x512_1x2_16x16x32_0x0x0_p3w1,0.0111,9.05,449.23
gfx1250,256,128,128,7168,False,torch.bfloat16,torch.bfloat16,False,False,opus,20247,11,5.0271,opus_gemm_gfx1250_splitk_clusterlaunch_tdm_ws_128x32x32x256_2x1_16x16x32_0x0x0_c1x2_p3w2,0.0112,46.72,736.56
gfx1250,256,128,576,7168,False,torch.bfloat16,torch.bfloat16,False,False,opus,20251,6,7.5144,opus_gemm_gfx1250_splitk_clusterlaunch_tdm_ws_128x32x32x256_2x1_16x16x32_0x0x0_c1x3_p3w2,0.0104,140.66,1362.72
gfx1250,256,128,896,7168,False,torch.bfloat16,torch.bfloat16,False,False,opus,20255,4,9.0062,opus_gemm_gfx1250_splitk_clusterlaunch_tdm_ws_128x32x32x256_2x1_16x16x32_0x0x0_c1x4_p3w2,0.0098,182.56,1655.46
gfx1250,256,128,1536,7168,False,torch.bfloat16,torch.bfloat16,False,False,opus,20273,5,10.9991,opus_gemm_gfx1250_splitk_clusterlaunch_tdm_ws_128x32x64x128_2x1_16x16x32_0x0x0_c1x4_p3w2,0.0106,256.25,2204.57
gfx1250,256,128,3072,128,False,torch.bfloat16,torch.bfloat16,False,False,triton,0,0,4.8231,auto,0.0,20.87,332.9
gfx1250,256,128,3072,7168,False,torch.bfloat16,torch.bfloat16,False,False,opus,20399,5,13.9119,opus_gemm_gfx1250_splitk_clusterlaunch_tdm_ws_128x64x64x128_2x1_16x16x32_0x0x0_c1x4_p3w2,0.0105,405.2,3354.08
gfx1250,256,128,4608,1536,False,torch.bfloat16,torch.bfloat16,False,False,triton,0,0,8.9643,auto,0.0,202.13,1754.59
gfx1250,256,128,7168,1536,False,torch.bfloat16,torch.bfloat16,False,False,triton,0,0,10.5907,auto,0.0,266.14,2289.59
gfx1250,256,128,7168,3072,False,torch.bfloat16,torch.bfloat16,False,False,triton,0,0,15.9428,auto,0.0,353.59,2926.82
gfx1250,256,128,7168,8448,False,torch.bfloat16,torch.bfloat16,False,False,triton,0,0,33.5738,auto,0.0,461.73,3726.36
gfx1250,256,128,16896,7168,False,torch.bfloat16,torch.bfloat16,False,False,triton,0,0,79.5681,auto,0.0,389.66,3121.62
gfx1250,256,128,40960,7168,False,torch.bfloat16,torch.bfloat16,False,False,triton,0,0,159.4031,auto,0.0,471.52,3761.05
gfx1250,256,256,24,7168,False,torch.bfloat16,torch.bfloat16,False,False,opus,20001,12,6.0556,opus_gemm_gfx1250_splitk_cluster_tdm_ws_128x16x32x256_1x2_16x16x32_0x0x0_p3w2,0.0099,14.55,664.9
gfx1250,256,256,128,7168,False,torch.bfloat16,torch.bfloat16,False,False,opus,20255,6,6.0928,opus_gemm_gfx1250_splitk_clusterlaunch_tdm_ws_128x32x32x256_2x1_16x16x32_0x0x0_c1x4_p3w2,0.0108,77.1,914.29
gfx1250,256,256,576,7168,False,torch.bfloat16,torch.bfloat16,False,False,opus,20287,3,10.1563,opus_gemm_gfx1250_splitk_clusterlaunch_tdm_ws_128x32x64x256_2x1_16x16x32_0x0x0_c1x3_p3w2,0.0086,208.14,1203.44
gfx1250,256,256,896,7168,False,torch.bfloat16,torch.bfloat16,False,False,opus,20283,4,13.2576,opus_gemm_gfx1250_splitk_clusterlaunch_tdm_ws_128x32x64x256_2x1_16x16x32_0x0x0_c1x2_p3w2,0.0098,248.03,1280.31
gfx1250,256,256,1536,7168,False,torch.bfloat16,torch.bfloat16,False,False,opus,20399,5,13.1972,opus_gemm_gfx1250_splitk_clusterlaunch_tdm_ws_128x64x64x128_2x1_16x16x32_0x0x0_c1x4_p3w2,0.0102,427.15,2006.22
gfx1250,256,256,3072,128,False,torch.bfloat16,torch.bfloat16,False,False,triton,0,0,5.4237,auto,0.0,37.12,447.08
gfx1250,256,256,3072,7168,False,torch.bfloat16,torch.bfloat16,False,False,opus,20399,2,22.8303,opus_gemm_gfx1250_splitk_clusterlaunch_tdm_ws_128x64x64x128_2x1_16x16x32_0x0x0_c1x4_p3w2,0.006,493.83,2158.67
gfx1250,256,256,4608,1536,False,torch.bfloat16,torch.bfloat16,False,False,opus,20561,3,12.2429,opus_gemm_gfx1250_splitk_clusterlaunch_tdm_ws_128x128x128x128_2x1_16x16x32_0x0x0_c1x4_p3w1,0.0041,296.0,1413.19
gfx1250,256,256,7168,1536,False,torch.bfloat16,torch.bfloat16,False,False,opus,20561,2,15.3236,opus_gemm_gfx1250_splitk_clusterlaunch_tdm_ws_128x128x128x128_2x1_16x16x32_0x0x0_c1x4_p3w1,0.0029,367.87,1727.83
gfx1250,256,256,7168,3072,False,torch.bfloat16,torch.bfloat16,False,False,opus,20561,2,19.8229,opus_gemm_gfx1250_splitk_clusterlaunch_tdm_ws_128x128x128x128_2x1_16x16x32_0x0x0_c1x4_p3w1,0.0043,568.75,2486.17
gfx1250,256,256,7168,8448,False,torch.bfloat16,torch.bfloat16,False,False,opus,20561,2,37.5523,opus_gemm_gfx1250_splitk_clusterlaunch_tdm_ws_128x128x128x128_2x1_16x16x32_0x0x0_c1x4_p3w1,0.0063,825.63,3438.03
gfx1250,256,256,16896,7168,False,torch.bfloat16,torch.bfloat16,False,False,triton,0,0,120.1056,auto,0.0,516.28,2119.32
gfx1250,256,256,40960,7168,False,torch.bfloat16,torch.bfloat16,False,False,triton,0,0,237.1012,auto,0.0,634.01,2580.52
gfx1250,256,1024,24,7168,False,torch.bfloat16,torch.bfloat16,False,False,triton,0,0,20.3037,auto,0.0,17.35,742.39
gfx1250,256,1024,128,7168,False,torch.bfloat16,torch.bfloat16,False,False,triton,0,0,19.2915,auto,0.0,97.4,869.67
gfx1250,256,1024,576,7168,False,torch.bfloat16,torch.bfloat16,False,False,triton,0,0,25.7873,auto,0.0,327.9,935.24
gfx1250,256,1024,896,7168,False,torch.bfloat16,torch.bfloat16,False,False,triton,0,0,28.2746,auto,0.0,465.2,1038.39
gfx1250,256,1024,1536,7168,False,torch.bfloat16,torch.bfloat16,False,False,triton,0,0,41.0925,auto,0.0,548.73,969.66
gfx1250,256,1024,3072,128,False,torch.bfloat16,torch.bfloat16,False,False,triton,0,0,7.4774,auto,0.0,107.7,981.63
gfx1250,256,1024,3072,7168,False,torch.bfloat16,torch.bfloat16,False,False,triton,0,0,84.0708,auto,0.0,536.42,773.3
gfx1250,256,1024,4608,1536,False,torch.bfloat16,torch.bfloat16,False,False,triton,0,0,34.0646,auto,0.0,425.53,784.94
gfx1250,256,1024,7168,1536,False,torch.bfloat16,torch.bfloat16,False,False,triton,0,0,46.8491,auto,0.0,481.3,850.52
gfx1250,256,1024,7168,3072,False,torch.bfloat16,torch.bfloat16,False,False,triton,0,0,76.0326,auto,0.0,593.13,855.05
gfx1250,256,1024,7168,8448,False,torch.bfloat16,torch.bfloat16,False,False,triton,0,0,185.5496,auto,0.0,668.38,825.07
gfx1250,256,1024,16896,7168,False,torch.bfloat16,torch.bfloat16,False,False,triton,0,0,345.7437,auto,0.0,717.39,843.12
gfx1250,256,1024,40960,7168,False,torch.bfloat16,torch.bfloat16,False,False,triton,0,0,816.0739,auto,0.0,736.81,840.33
gfx1250,256,2048,24,7168,False,torch.bfloat16,torch.bfloat16,False,False,triton,0,0,21.9854,auto,0.0,32.05,1355.56
gfx1250,256,2048,128,7168,False,torch.bfloat16,torch.bfloat16,False,False,triton,0,0,21.5031,auto,0.0,174.77,1475.11
gfx1250,256,2048,576,7168,False,torch.bfloat16,torch.bfloat16,False,False,triton,0,0,37.0078,auto,0.0,456.97,1080.23
gfx1250,256,2048,896,7168,False,torch.bfloat16,torch.bfloat16,False,False,triton,0,0,48.533,auto,0.0,542.04,945.24
gfx1250,256,2048,1536,7168,False,torch.bfloat16,torch.bfloat16,False,False,triton,0,0,83.1181,auto,0.0,542.57,693.85
gfx1250,256,2048,3072,128,False,torch.bfloat16,torch.bfloat16,False,False,triton,0,0,11.1375,auto,0.0,144.61,1247.46
gfx1250,256,2048,3072,7168,False,torch.bfloat16,torch.bfloat16,False,False,triton,0,0,131.0566,auto,0.0,688.21,656.08
gfx1250,256,2048,4608,1536,False,torch.bfloat16,torch.bfloat16,False,False,triton,0,0,56.2693,auto,0.0,515.22,698.81
gfx1250,256,2048,7168,1536,False,torch.bfloat16,torch.bfloat16,False,False,triton,0,0,79.4626,auto,0.0,567.53,725.77
gfx1250,256,2048,7168,3072,False,torch.bfloat16,torch.bfloat16,False,False,triton,0,0,139.6569,auto,0.0,645.83,615.67
gfx1250,256,2048,7168,8448,False,torch.bfloat16,torch.bfloat16,False,False,triton,0,0,344.2289,auto,0.0,720.55,537.65
gfx1250,256,2048,16896,7168,False,torch.bfloat16,torch.bfloat16,False,False,triton,0,0,669.7579,auto,0.0,740.67,508.82
gfx1250,256,2048,40960,7168,False,torch.bfloat16,torch.bfloat16,False,False,triton,0,0,1600.718,auto,0.0,751.28,489.99
gfx1250,256,1,12,7168,False,torch.bfloat16,torch.bfloat16,False,False,opus,20002,6,3.9181,opus_gemm_gfx1250_splitk_cluster_tdm_ws_128x16x32x512_1x2_16x16x32_0x0x0_p3w1,0.0,0.04,47.57
gfx1250,256,1,1536,128,False,torch.bfloat16,torch.bfloat16,False,False,triton,0,0,3.8059,auto,0.0,0.1,104.19
gfx1250,256,1,2304,1536,False,torch.bfloat16,torch.bfloat16,False,False,opus,20129,4,5.5783,opus_gemm_gfx1250_splitk_clusterlaunch_tdm_ws_128x16x32x256_1x2_16x16x32_0x0x0_c1x4_p3w2,0.0056,1.27,1270.2
gfx1250,256,1,3072,512,False,torch.bfloat16,torch.bfloat16,False,False,triton,0,0,5.4432,auto,0.0,0.58,579.24
gfx1250,256,1,6144,512,False,torch.bfloat16,torch.bfloat16,False,False,triton,0,0,7.0526,auto,0.0,0.89,893.96
gfx1250,256,1,7168,768,False,torch.bfloat16,torch.bfloat16,False,False,triton,0,0,6.2746,auto,0.0,1.75,1757.23
gfx1250,256,1,7168,4224,False,torch.bfloat16,torch.bfloat16,False,False,triton,0,0,14.0751,auto,0.0,4.3,4303.92
gfx1250,256,1,8448,7168,False,torch.bfloat16,torch.bfloat16,False,False,opus,20147,3,15.2905,opus_gemm_gfx1250_splitk_clusterlaunch_tdm_ws_128x16x64x128_1x2_16x16x32_0x0x0_c1x4_p3w2,0.0076,7.92,7922.68
gfx1250,256,1,20480,7168,False,torch.bfloat16,torch.bfloat16,False,False,triton,0,0,26.9278,auto,0.0,10.9,10905.33
gfx1250,256,2,12,7168,False,torch.bfloat16,torch.bfloat16,False,False,opus,20002,6,4.0366,opus_gemm_gfx1250_splitk_cluster_tdm_ws_128x16x32x512_1x2_16x16x32_0x0x0_p3w1,0.0,0.09,49.73
gfx1250,256,2,1536,128,False,torch.bfloat16,torch.bfloat16,False,False,triton,0,0,3.9747,auto,0.0,0.2,100.6
gfx1250,256,2,2304,1536,False,torch.bfloat16,torch.bfloat16,False,False,opus,20129,3,5.6494,opus_gemm_gfx1250_splitk_clusterlaunch_tdm_ws_128x16x32x256_1x2_16x16x32_0x0x0_c1x4_p3w2,0.005,2.51,1255.58
gfx1250,256,2,3072,512,False,torch.bfloat16,torch.bfloat16,False,False,triton,0,0,5.7853,auto,0.0,1.09,546.22
gfx1250,256,2,6144,512,False,torch.bfloat16,torch.bfloat16,False,False,triton,0,0,5.667,auto,0.0,2.22,1114.89
gfx1250,256,2,7168,768,False,torch.bfloat16,torch.bfloat16,False,False,triton,0,0,7.0468,auto,0.0,3.12,1566.92
gfx1250,256,2,7168,4224,False,torch.bfloat16,torch.bfloat16,False,False,triton,0,0,14.1282,auto,0.0,8.57,4289.35
gfx1250,256,2,8448,7168,False,torch.bfloat16,torch.bfloat16,False,False,opus,20147,3,15.6133,opus_gemm_gfx1250_splitk_clusterlaunch_tdm_ws_128x16x64x128_1x2_16x16x32_0x0x0_c1x4_p3w2,0.0082,15.51,7760.88
gfx1250,256,2,20480,7168,False,torch.bfloat16,torch.bfloat16,False,False,triton,0,0,27.1013,auto,0.0,21.67,10837.56
gfx1250,256,4,12,7168,False,torch.bfloat16,torch.bfloat16,False,False,opus,20002,6,4.19,opus_gemm_gfx1250_splitk_cluster_tdm_ws_128x16x32x512_1x2_16x16x32_0x0x0_p3w1,0.0417,0.16,54.77
gfx1250,256,4,1536,128,False,torch.bfloat16,torch.bfloat16,False,False,triton,0,0,4.1681,auto,0.0,0.38,97.53
gfx1250,256,4,2304,1536,False,torch.bfloat16,torch.bfloat16,False,False,opus,20129,6,5.6927,opus_gemm_gfx1250_splitk_clusterlaunch_tdm_ws_128x16x32x256_1x2_16x16x32_0x0x0_c1x4_p3w2,0.0061,4.97,1248.72
gfx1250,256,4,3072,512,False,torch.bfloat16,torch.bfloat16,False,False,triton,0,0,5.217,auto,0.0,2.41,608.47
gfx1250,256,4,6144,512,False,torch.bfloat16,torch.bfloat16,False,False,triton,0,0,5.5707,auto,0.0,4.52,1138.94
gfx1250,256,4,7168,768,False,torch.bfloat16,torch.bfloat16,False,False,triton,0,0,7.2309,auto,0.0,6.09,1531.42
gfx1250,256,4,7168,4224,False,torch.bfloat16,torch.bfloat16,False,False,triton,0,0,14.1729,auto,0.0,17.09,4279.04
gfx1250,256,4,8448,7168,False,torch.bfloat16,torch.bfloat16,False,False,opus,20165,3,16.5006,opus_gemm_gfx1250_splitk_clusterlaunch_tdm_ws_128x16x64x256_1x2_16x16x32_0x0x0_c1x4_p3w2,0.0089,29.36,7347.34
gfx1250,256,4,20480,7168,False,torch.bfloat16,torch.bfloat16,False,False,triton,0,0,26.2027,auto,0.0,44.82,11213.44
gfx1250,256,8,12,7168,False,torch.bfloat16,torch.bfloat16,False,False,opus,20001,11,4.4054,opus_gemm_gfx1250_splitk_cluster_tdm_ws_128x16x32x256_1x2_16x16x32_0x0x0_p3w2,0.0104,0.31,65.13
gfx1250,256,8,1536,128,False,torch.bfloat16,torch.bfloat16,False,False,triton,0,0,4.4474,auto,0.0,0.71,94.4
gfx1250,256,8,2304,1536,False,torch.bfloat16,torch.bfloat16,False,False,opus,20129,4,5.6891,opus_gemm_gfx1250_splitk_clusterlaunch_tdm_ws_128x16x32x256_1x2_16x16x32_0x0x0_c1x4_p3w2,0.0044,9.95,1254.91
gfx1250,256,8,3072,512,False,torch.bfloat16,torch.bfloat16,False,False,triton,0,0,5.1729,auto,0.0,4.86,619.2
gfx1250,256,8,6144,512,False,torch.bfloat16,torch.bfloat16,False,False,triton,0,0,5.4787,auto,0.0,9.19,1167.79
gfx1250,256,8,7168,768,False,torch.bfloat16,torch.bfloat16,False,False,triton,0,0,6.6223,auto,0.0,13.3,1681.75
gfx1250,256,8,7168,4224,False,torch.bfloat16,torch.bfloat16,False,False,triton,0,0,14.0436,auto,0.0,34.5,4324.93
gfx1250,256,8,8448,7168,False,torch.bfloat16,torch.bfloat16,False,False,opus,20165,3,17.7494,opus_gemm_gfx1250_splitk_clusterlaunch_tdm_ws_128x16x64x256_1x2_16x16x32_0x0x0_c1x4_p3w2,0.0083,54.59,6837.44
gfx1250,256,8,20480,7168,False,torch.bfloat16,torch.bfloat16,False,False,triton,0,0,24.8229,auto,0.0,94.62,11845.66
gfx1250,256,128,12,7168,False,torch.bfloat16,torch.bfloat16,False,False,opus,20001,11,4.9881,opus_gemm_gfx1250_splitk_cluster_tdm_ws_128x16x32x256_1x2_16x16x32_0x0x0_p3w2,0.0117,4.41,402.98
gfx1250,256,128,1536,128,False,torch.bfloat16,torch.bfloat16,False,False,triton,0,0,4.4218,auto,0.0,11.38,185.26
gfx1250,256,128,2304,1536,False,torch.bfloat16,torch.bfloat16,False,False,opus,20291,3,7.3826,opus_gemm_gfx1250_splitk_clusterlaunch_tdm_ws_128x32x64x256_2x1_16x16x32_0x0x0_c1x4_p3w2,0.0041,122.72,1091.88
gfx1250,256,128,3072,512,False,torch.bfloat16,torch.bfloat16,False,False,triton,0,0,5.8065,auto,0.0,69.35,699.77
gfx1250,256,128,6144,512,False,torch.bfloat16,torch.bfloat16,False,False,triton,0,0,6.8189,auto,0.0,118.1,1172.53
gfx1250,256,128,7168,768,False,torch.bfloat16,torch.bfloat16,False,False,triton,0,0,7.4474,auto,0.0,189.23,1751.17
gfx1250,256,128,7168,4224,False,torch.bfloat16,torch.bfloat16,False,False,triton,0,0,20.6615,auto,0.0,375.15,3071.98
gfx1250,256,128,8448,7168,False,torch.bfloat16,torch.bfloat16,False,False,opus,20467,3,26.7303,opus_gemm_gfx1250_splitk_clusterlaunch_tdm_ws_128x64x256x128_2x1_16x16x32_0x0x0_c1x3_p3w1,0.0085,579.95,4680.39
gfx1250,256,128,20480,7168,False,torch.bfloat16,torch.bfloat16,False,False,triton,0,0,96.6032,auto,0.0,389.02,3112.52
gfx1250,256,256,12,7168,False,torch.bfloat16,torch.bfloat16,False,False,opus,20001,13,5.8453,opus_gemm_gfx1250_splitk_cluster_tdm_ws_128x16x32x256_1x2_16x16x32_0x0x0_p3w2,0.0101,7.53,658.34
gfx1250,256,256,1536,128,False,torch.bfloat16,torch.bfloat16,False,False,triton,0,0,4.8472,auto,0.0,20.77,256.89
gfx1250,256,256,2304,1536,False,torch.bfloat16,torch.bfloat16,False,False,opus,20399,3,9.0058,opus_gemm_gfx1250_splitk_clusterlaunch_tdm_ws_128x64x64x128_2x1_16x16x32_0x0x0_c1x4_p3w2,0.0041,201.2,1004.24
gfx1250,256,256,3072,512,False,torch.bfloat16,torch.bfloat16,False,False,triton,0,0,7.2075,auto,0.0,111.73,691.05
gfx1250,256,256,6144,512,False,torch.bfloat16,torch.bfloat16,False,False,triton,0,0,9.2073,auto,0.0,174.93,1053.44
gfx1250,256,256,7168,768,False,torch.bfloat16,torch.bfloat16,False,False,triton,0,0,11.0765,auto,0.0,254.46,1360.83
gfx1250,256,256,7168,4224,False,torch.bfloat16,torch.bfloat16,False,False,opus,20561,2,24.1183,opus_gemm_gfx1250_splitk_clusterlaunch_tdm_ws_128x128x128x128_2x1_16x16x32_0x0x0_c1x4_p3w1,0.005,642.75,2752.6
gfx1250,256,256,8448,7168,False,torch.bfloat16,torch.bfloat16,False,False,opus,20557,3,47.6967,opus_gemm_gfx1250_splitk_clusterlaunch_tdm_ws_128x128x128x128_2x1_16x16x32_0x0x0_c1x3_p3w1,0.0085,650.03,2706.81
gfx1250,256,256,20480,7168,False,torch.bfloat16,torch.bfloat16,False,False,triton,0,0,128.2885,auto,0.0,585.88,2398.95
gfx1250,256,1024,12,7168,False,torch.bfloat16,torch.bfloat16,False,False,triton,0,0,19.7634,auto,0.0,8.91,752.74
gfx1250,256,1024,1536,128,False,torch.bfloat16,torch.bfloat16,False,False,triton,0,0,6.0597,auto,0.0,66.45,627.27
gfx1250,256,1024,2304,1536,False,torch.bfloat16,torch.bfloat16,False,False,triton,0,0,21.0154,auto,0.0,344.88,711.01
gfx1250,256,1024,3072,512,False,torch.bfloat16,torch.bfloat16,False,False,triton,0,0,13.2159,auto,0.0,243.74,793.42
gfx1250,256,1024,6144,512,False,torch.bfloat16,torch.bfloat16,False,False,triton,0,0,21.1292,auto,0.0,304.91,942.91
gfx1250,256,1024,7168,768,False,torch.bfloat16,torch.bfloat16,False,False,triton,0,0,28.766,auto,0.0,391.93,947.75
gfx1250,256,1024,7168,4224,False,torch.bfloat16,torch.bfloat16,False,False,triton,0,0,104.7909,auto,0.0,591.74,800.51
gfx1250,256,1024,8448,7168,False,torch.bfloat16,torch.bfloat16,False,False,triton,0,0,182.8777,auto,0.0,678.14,837.13
gfx1250,256,1024,20480,7168,False,torch.bfloat16,torch.bfloat16,False,False,triton,0,0,416.1398,auto,0.0,722.47,841.6
gfx1250,256,2048,12,7168,False,torch.bfloat16,torch.bfloat16,False,False,triton,0,0,21.734,auto,0.0,16.21,1361.06
gfx1250,256,2048,1536,128,False,torch.bfloat16,torch.bfloat16,False,False,triton,0,0,7.8899,auto,0.0,102.07,913.69
gfx1250,256,2048,2304,1536,False,torch.bfloat16,torch.bfloat16,False,False,triton,0,0,33.405,auto,0.0,433.93,682.73
gfx1250,256,2048,3072,512,False,torch.bfloat16,torch.bfloat16,False,False,triton,0,0,21.3795,auto,0.0,301.34,833.78
gfx1250,256,2048,6144,512,False,torch.bfloat16,torch.bfloat16,False,False,triton,0,0,36.3661,auto,0.0,354.31,922.68
gfx1250,256,2048,7168,768,False,torch.bfloat16,torch.bfloat16,False,False,triton,0,0,49.8458,auto,0.0,452.37,873.01
gfx1250,256,2048,7168,4224,False,torch.bfloat16,torch.bfloat16,False,False,triton,0,0,191.247,auto,0.0,648.47,560.62
gfx1250,256,2048,8448,7168,False,torch.bfloat16,torch.bfloat16,False,False,triton,0,0,342.491,auto,0.0,724.21,540.38
gfx1250,256,2048,20480,7168,False,torch.bfloat16,torch.bfloat16,False,False,triton,0,0,807.6314,auto,0.0,744.52,503.75
gfx1250,256,4096,12,7168,False,torch.bfloat16,torch.bfloat16,False,False,triton,0,0,22.0771,auto,0.0,31.92,2672.03
gfx1250,256,4096,24,7168,False,torch.bfloat16,torch.bfloat16,False,False,triton,0,0,22.5383,auto,0.0,62.53,2629.34
gfx1250,256,4096,128,7168,False,torch.bfloat16,torch.bfloat16,False,False,triton,0,0,23.1021,auto,0.0,325.35,2666.59
gfx1250,256,4096,576,7168,False,torch.bfloat16,torch.bfloat16,False,False,triton,0,0,80.0591,auto,0.0,422.47,895.54
gfx1250,256,4096,896,7168,False,torch.bfloat16,torch.bfloat16,False,False,triton,0,0,86.3284,auto,0.0,609.46,914.01
gfx1250,256,4096,1536,128,False,torch.bfloat16,torch.bfloat16,False,False,triton,0,0,10.8957,auto,0.0,147.82,1287.18
gfx1250,256,4096,1536,7168,False,torch.bfloat16,torch.bfloat16,False,False,triton,0,0,130.7416,auto,0.0,689.87,713.8
gfx1250,256,4096,2304,1536,False,torch.bfloat16,torch.bfloat16,False,False,triton,0,0,55.7688,auto,0.0,519.84,690.98
gfx1250,256,4096,3072,128,False,torch.bfloat16,torch.bfloat16,False,False,triton,0,0,17.3565,auto,0.0,185.59,1555.66
gfx1250,256,4096,3072,512,False,torch.bfloat16,torch.bfloat16,False,False,triton,0,0,35.9489,auto,0.0,358.42,904.22
gfx1250,256,4096,3072,7168,False,torch.bfloat16,torch.bfloat16,False,False,triton,0,0,253.4866,auto,0.0,711.63,504.67
gfx1250,256,4096,4608,1536,False,torch.bfloat16,torch.bfloat16,False,False,triton,0,0,99.6911,auto,0.0,581.62,646.87
gfx1250,256,4096,6144,512,False,torch.bfloat16,torch.bfloat16,False,False,triton,0,0,61.3293,auto,0.0,420.19,991.65
gfx1250,256,4096,7168,768,False,torch.bfloat16,torch.bfloat16,False,False,triton,0,0,87.3823,auto,0.0,516.09,869.99
gfx1250,256,4096,7168,1536,False,torch.bfloat16,torch.bfloat16,False,False,triton,0,0,150.5721,auto,0.0,599.01,619.79
gfx1250,256,4096,7168,3072,False,torch.bfloat16,torch.bfloat16,False,False,triton,0,0,269.9857,auto,0.0,668.14,473.83
gfx1250,256,4096,7168,4224,False,torch.bfloat16,torch.bfloat16,False,False,triton,0,0,361.0016,auto,0.0,687.07,426.25
gfx1250,256,4096,7168,8448,False,torch.bfloat16,torch.bfloat16,False,False,triton,0,0,672.8653,auto,0.0,737.25,370.11
gfx1250,256,4096,8448,7168,False,torch.bfloat16,torch.bfloat16,False,False,triton,0,0,667.784,auto,0.0,742.86,372.93
gfx1250,256,4096,16896,7168,False,torch.bfloat16,torch.bfloat16,False,False,triton,0,0,1328.4178,auto,0.0,746.86,330.73
gfx1250,256,4096,20480,7168,False,torch.bfloat16,torch.bfloat16,False,False,triton,0,0,1600.841,auto,0.0,751.22,324.89
gfx1250,256,4096,40960,7168,False,torch.bfloat16,torch.bfloat16,False,False,triton,0,0,3193.1174,auto,0.0,753.24,307.37
gfx1250,256,8192,12,7168,False,torch.bfloat16,torch.bfloat16,False,False,triton,0,0,23.5785,auto,0.0,59.77,4996.47
gfx1250,256,8192,24,7168,False,torch.bfloat16,torch.bfloat16,False,False,triton,0,0,24.1638,auto,0.0,116.64,4890.7
gfx1250,256,8192,128,7168,False,torch.bfloat16,torch.bfloat16,False,False,triton,0,0,31.6722,auto,0.0,474.62,3832.15
gfx1250,256,8192,576,7168,False,torch.bfloat16,torch.bfloat16,False,False,triton,0,0,120.4224,auto,0.0,561.74,1122.18
gfx1250,256,8192,896,7168,False,torch.bfloat16,torch.bfloat16,False,False,triton,0,0,160.8466,auto,0.0,654.21,901.27
gfx1250,256,8192,1536,128,False,torch.bfloat16,torch.bfloat16,False,False,triton,0,0,18.4625,auto,0.0,174.47,1497.97
gfx1250,256,8192,1536,7168,False,torch.bfloat16,torch.bfloat16,False,False,triton,0,0,254.2868,auto,0.0,709.39,647.4
gfx1250,256,8192,2304,1536,False,torch.bfloat16,torch.bfloat16,False,False,triton,0,0,99.6726,auto,0.0,581.73,702.22
gfx1250,256,8192,3072,128,False,torch.bfloat16,torch.bfloat16,False,False,triton,0,0,31.3584,auto,0.0,205.45,1697.0
gfx1250,256,8192,3072,512,False,torch.bfloat16,torch.bfloat16,False,False,triton,0,0,63.7807,auto,0.0,404.04,969.98
gfx1250,256,8192,3072,7168,False,torch.bfloat16,torch.bfloat16,False,False,triton,0,0,493.6108,auto,0.0,730.89,429.11
gfx1250,256,8192,4608,1536,False,torch.bfloat16,torch.bfloat16,False,False,triton,0,0,191.4212,auto,0.0,605.81,599.82
gfx1250,256,8192,6144,512,False,torch.bfloat16,torch.bfloat16,False,False,triton,0,0,109.8766,auto,0.0,469.07,1049.75
gfx1250,256,8192,7168,768,False,torch.bfloat16,torch.bfloat16,False,False,triton,0,0,169.3787,auto,0.0,532.5,832.65
gfx1250,256,8192,7168,1536,False,torch.bfloat16,torch.bfloat16,False,False,triton,0,0,291.8862,auto,0.0,618.01,564.01
gfx1250,256,8192,7168,3072,False,torch.bfloat16,torch.bfloat16,False,False,triton,0,0,531.3959,auto,0.0,678.92,398.6
gfx1250,256,8192,7168,4224,False,torch.bfloat16,torch.bfloat16,False,False,triton,0,0,699.2416,auto,0.0,709.44,353.53
gfx1250,256,8192,7168,8448,False,torch.bfloat16,torch.bfloat16,False,False,triton,0,0,1319.1035,auto,0.0,752.13,285.77
gfx1250,256,8192,8448,7168,False,torch.bfloat16,torch.bfloat16,False,False,triton,0,0,1328.2297,auto,0.0,746.96,283.81
gfx1250,256,8192,16896,7168,False,torch.bfloat16,torch.bfloat16,False,False,triton,0,0,2661.0161,auto,0.0,745.68,239.19
gfx1250,256,8192,20480,7168,False,torch.bfloat16,torch.bfloat16,False,False,triton,0,0,3200.1673,auto,0.0,751.58,233.3
gfx1250,256,8192,40960,7168,False,torch.bfloat16,torch.bfloat16,False,False,triton,0,0,6392.6677,auto,0.0,752.48,215.2
gfx1250,256,16384,12,7168,False,torch.bfloat16,torch.bfloat16,False,False,triton,0,0,27.9218,auto,0.0,100.95,8432.35
gfx1250,256,16384,24,7168,False,torch.bfloat16,torch.bfloat16,False,False,triton,0,0,29.5059,auto,0.0,191.05,7998.79
gfx1250,256,16384,128,7168,False,torch.bfloat16,torch.bfloat16,False,False,triton,0,0,54.9906,auto,0.0,546.73,4380.94
gfx1250,256,16384,576,7168,False,torch.bfloat16,torch.bfloat16,False,False,triton,0,0,221.1471,auto,0.0,611.77,1184.79
gfx1250,256,16384,896,7168,False,torch.bfloat16,torch.bfloat16,False,False,triton,0,0,317.1442,auto,0.0,663.59,873.69
gfx1250,256,16384,1536,128,False,torch.bfloat16,torch.bfloat16,False,False,triton,0,0,33.0607,auto,0.0,194.87,1661.16
gfx1250,256,16384,1536,7168,False,torch.bfloat16,torch.bfloat16,False,False,triton,0,0,534.9372,auto,0.0,674.43,574.33
gfx1250,256,16384,2304,1536,False,torch.bfloat16,torch.bfloat16,False,False,triton,0,0,195.4261,auto,0.0,593.39,680.09
gfx1250,256,16384,3072,128,False,torch.bfloat16,torch.bfloat16,False,False,triton,0,0,58.4977,auto,0.0,220.26,1805.95
gfx1250,256,16384,3072,512,False,torch.bfloat16,torch.bfloat16,False,False,triton,0,0,117.2621,auto,0.0,439.52,1028.35
gfx1250,256,16384,3072,7168,False,torch.bfloat16,torch.bfloat16,False,False,triton,0,0,1087.1866,auto,0.0,663.69,349.14
gfx1250,256,16384,4608,1536,False,torch.bfloat16,torch.bfloat16,False,False,triton,0,0,377.7117,auto,0.0,614.04,570.49
gfx1250,256,16384,6144,512,False,torch.bfloat16,torch.bfloat16,False,False,triton,0,0,210.7113,auto,0.0,489.2,1064.94
gfx1250,256,16384,7168,768,False,torch.bfloat16,torch.bfloat16,False,False,triton,0,0,337.0032,auto,0.0,535.27,804.32
gfx1250,256,16384,7168,1536,False,torch.bfloat16,torch.bfloat16,False,False,triton,0,0,577.3735,auto,0.0,624.86,532.12
gfx1250,256,16384,7168,3072,False,torch.bfloat16,torch.bfloat16,False,False,triton,0,0,1062.2516,auto,0.0,679.27,357.34
gfx1250,256,16384,7168,4224,False,torch.bfloat16,torch.bfloat16,False,False,triton,0,0,1403.9505,auto,0.0,706.68,309.02
gfx1250,256,16384,7168,8448,False,torch.bfloat16,torch.bfloat16,False,False,triton,0,0,3122.2706,auto,0.0,635.52,202.68
gfx1250,256,16384,8448,7168,False,torch.bfloat16,torch.bfloat16,False,False,triton,0,0,3038.3694,auto,0.0,653.07,208.27
gfx1250,256,16384,16896,7168,False,torch.bfloat16,torch.bfloat16,False,False,triton,0,0,6153.9405,auto,0.0,644.88,167.49
gfx1250,256,16384,20480,7168,False,torch.bfloat16,torch.bfloat16,False,False,triton,0,0,7476.4449,auto,0.0,643.4,160.45
gfx1250,256,16384,40960,7168,False,torch.bfloat16,torch.bfloat16,False,False,triton,0,0,15026.017,auto,0.0,640.27,144.03
gfx1250,256,16,12,7168,False,torch.bfloat16,torch.bfloat16,False,False,opus,20002,6,4.3892,opus_gemm_gfx1250_splitk_cluster_tdm_ws_128x16x32x512_1x2_16x16x32_0x0x0_p3w1,0.0156,0.63,91.54
gfx1250,256,16,24,7168,False,torch.bfloat16,torch.bfloat16,False,False,opus,20001,13,4.3621,opus_gemm_gfx1250_splitk_cluster_tdm_ws_128x16x32x256_1x2_16x16x32_0x0x0_p3w2,0.0104,1.26,131.64
gfx1250,256,16,128,7168,False,torch.bfloat16,torch.bfloat16,False,False,opus,20129,12,4.5391,opus_gemm_gfx1250_splitk_clusterlaunch_tdm_ws_128x16x32x256_1x2_16x16x32_0x0x0_c1x4_p3w2,0.0112,6.47,455.7
gfx1250,256,16,576,7168,False,torch.bfloat16,torch.bfloat16,False,False,opus,20125,11,5.2173,opus_gemm_gfx1250_splitk_clusterlaunch_tdm_ws_128x16x32x256_1x2_16x16x32_0x0x0_c1x3_p3w2,0.0117,25.32,1630.22
gfx1250,256,16,896,7168,False,torch.bfloat16,torch.bfloat16,False,False,opus,20255,12,5.5953,opus_gemm_gfx1250_splitk_clusterlaunch_tdm_ws_128x32x32x256_2x1_16x16x32_0x0x0_c1x4_p3w2,0.0106,36.73,2341.81
gfx1250,256,16,1536,128,False,torch.bfloat16,torch.bfloat16,False,False,triton,0,0,4.0989,auto,0.0,1.53,108.92
gfx1250,256,16,1536,7168,False,torch.bfloat16,torch.bfloat16,False,False,opus,20129,10,6.4038,opus_gemm_gfx1250_splitk_clusterlaunch_tdm_ws_128x16x32x256_1x2_16x16x32_0x0x0_c1x4_p3w2,0.0111,55.02,3482.09
gfx1250,256,16,2304,1536,False,torch.bfloat16,torch.bfloat16,False,False,opus,20129,5,5.736,opus_gemm_gfx1250_splitk_clusterlaunch_tdm_ws_128x16x32x256_1x2_16x16x32_0x0x0_c1x4_p3w2,0.0043,19.74,1255.36
gfx1250,256,16,3072,128,False,torch.bfloat16,torch.bfloat16,False,False,triton,0,0,4.8659,auto,0.0,2.59,182.67
gfx1250,256,16,3072,512,False,torch.bfloat16,torch.bfloat16,False,False,triton,0,0,5.382,auto,0.0,9.35,605.8
gfx1250,256,16,3072,7168,False,torch.bfloat16,torch.bfloat16,False,False,opus,20129,5,9.2092,opus_gemm_gfx1250_splitk_clusterlaunch_tdm_ws_128x16x32x256_1x2_16x16x32_0x0x0_c1x4_p3w2,0.0098,76.52,4817.78
gfx1250,256,16,4608,1536,False,torch.bfloat16,torch.bfloat16,False,False,opus,20129,3,8.4549,opus_gemm_gfx1250_splitk_clusterlaunch_tdm_ws_128x16x32x256_1x2_16x16x32_0x0x0_c1x4_p3w2,0.0043,26.79,1697.52
gfx1250,256,16,6144,512,False,torch.bfloat16,torch.bfloat16,False,False,triton,0,0,5.6142,auto,0.0,17.93,1158.57
gfx1250,256,16,7168,768,False,torch.bfloat16,torch.bfloat16,False,False,triton,0,0,5.8035,auto,0.0,30.35,1940.9
gfx1250,256,16,7168,1536,False,torch.bfloat16,torch.bfloat16,False,False,triton,0,0,8.7479,auto,0.0,40.27,2549.03
gfx1250,256,16,7168,3072,False,torch.bfloat16,torch.bfloat16,False,False,triton,0,0,11.9179,auto,0.0,59.12,3722.79
gfx1250,256,16,7168,4224,False,torch.bfloat16,torch.bfloat16,False,False,triton,0,0,13.8982,auto,0.0,69.71,4383.29
gfx1250,256,16,7168,8448,False,torch.bfloat16,torch.bfloat16,False,False,triton,0,0,23.59,auto,0.0,82.14,5155.16
gfx1250,256,16,8448,7168,False,torch.bfloat16,torch.bfloat16,False,False,opus,20165,2,19.6178,opus_gemm_gfx1250_splitk_clusterlaunch_tdm_ws_128x16x64x256_1x2_16x16x32_0x0x0_c1x4_p3w2,0.0057,98.78,6198.97
gfx1250,256,16,16896,7168,False,torch.bfloat16,torch.bfloat16,False,False,triton,0,0,24.181,auto,0.0,160.27,10048.84
gfx1250,256,16,20480,7168,False,torch.bfloat16,torch.bfloat16,False,False,triton,0,0,25.2574,auto,0.0,185.99,11659.4
gfx1250,256,16,40960,7168,False,torch.bfloat16,torch.bfloat16,False,False,triton,0,0,52.1788,auto,0.0,180.06,11283.18
gfx1250,256,32,12,7168,False,torch.bfloat16,torch.bfloat16,False,False,opus,20118,11,4.7081,opus_gemm_gfx1250_splitk_clusterlaunch_tdm_ws_128x16x32x256_1x2_16x16x32_0x0x0_c2x1_p3w2,0.0182,1.17,134.14
gfx1250,256,32,24,7168,False,torch.bfloat16,torch.bfloat16,False,False,opus,20118,13,4.5231,opus_gemm_gfx1250_splitk_clusterlaunch_tdm_ws_128x16x32x256_1x2_16x16x32_0x0x0_c2x1_p3w2,0.0117,2.43,177.83
gfx1250,256,32,128,7168,False,torch.bfloat16,torch.bfloat16,False,False,opus,20121,11,4.6203,opus_gemm_gfx1250_splitk_clusterlaunch_tdm_ws_128x16x32x256_1x2_16x16x32_0x0x0_c1x2_p3w2,0.012,12.71,498.23
gfx1250,256,32,576,7168,False,torch.bfloat16,torch.bfloat16,False,False,opus,20251,13,5.3713,opus_gemm_gfx1250_splitk_clusterlaunch_tdm_ws_128x32x32x256_2x1_16x16x32_0x0x0_c1x3_p3w2,0.0114,49.2,1629.62
gfx1250,256,32,896,7168,False,torch.bfloat16,torch.bfloat16,False,False,opus,20255,12,5.8412,opus_gemm_gfx1250_splitk_clusterlaunch_tdm_ws_128x32x32x256_2x1_16x16x32_0x0x0_c1x4_p3w2,0.0115,70.37,2287.4
gfx1250,256,32,1536,128,False,torch.bfloat16,torch.bfloat16,False,False,opus,20147,0,4.5831,opus_gemm_gfx1250_splitk_clusterlaunch_tdm_ws_128x16x64x128_1x2_16x16x32_0x0x0_c1x4_p3w2,0.0,2.75,109.03
gfx1250,256,32,1536,7168,False,torch.bfloat16,torch.bfloat16,False,False,opus,20165,5,7.2444,opus_gemm_gfx1250_splitk_clusterlaunch_tdm_ws_128x16x64x256_1x2_16x16x32_0x0x0_c1x4_p3w2,0.0104,97.27,3116.5
gfx1250,256,32,2304,1536,False,torch.bfloat16,torch.bfloat16,False,False,opus,20147,7,5.7709,opus_gemm_gfx1250_splitk_clusterlaunch_tdm_ws_128x16x64x128_1x2_16x16x32_0x0x0_c1x4_p3w2,0.0052,39.25,1269.07
gfx1250,256,32,3072,128,False,torch.bfloat16,torch.bfloat16,False,False,triton,0,0,4.4922,auto,0.0,5.6,220.66
gfx1250,256,32,3072,512,False,torch.bfloat16,torch.bfloat16,False,False,triton,0,0,5.4612,auto,0.0,18.43,618.02
gfx1250,256,32,3072,7168,False,torch.bfloat16,torch.bfloat16,False,False,opus,20255,5,10.6639,opus_gemm_gfx1250_splitk_clusterlaunch_tdm_ws_128x32x32x256_2x1_16x16x32_0x0x0_c1x4_p3w2,0.01,132.15,4191.3
gfx1250,256,32,4608,1536,False,torch.bfloat16,torch.bfloat16,False,False,opus,20165,3,7.5042,opus_gemm_gfx1250_splitk_clusterlaunch_tdm_ws_128x16x64x256_1x2_16x16x32_0x0x0_c1x4_p3w2,0.0041,60.36,1938.78
gfx1250,256,32,6144,512,False,torch.bfloat16,torch.bfloat16,False,False,triton,0,0,5.3903,auto,0.0,37.35,1246.21
gfx1250,256,32,7168,768,False,torch.bfloat16,torch.bfloat16,False,False,triton,0,0,6.5268,auto,0.0,53.98,1764.72
gfx1250,256,32,7168,1536,False,torch.bfloat16,torch.bfloat16,False,False,triton,0,0,8.4721,auto,0.0,83.17,2664.88
gfx1250,256,32,7168,3072,False,torch.bfloat16,torch.bfloat16,False,False,triton,0,0,11.7045,auto,0.0,120.41,3818.66
gfx1250,256,32,7168,4224,False,torch.bfloat16,torch.bfloat16,False,False,triton,0,0,13.9249,auto,0.0,139.16,4401.06
gfx1250,256,32,7168,8448,False,torch.bfloat16,torch.bfloat16,False,False,triton,0,0,24.0977,auto,0.0,160.83,5067.29
gfx1250,256,32,8448,7168,False,torch.bfloat16,torch.bfloat16,False,False,triton,0,0,21.2255,auto,0.0,182.59,5752.98
gfx1250,256,32,16896,7168,False,torch.bfloat16,torch.bfloat16,False,False,triton,0,0,25.4454,auto,0.0,304.62,9579.77
gfx1250,256,32,20480,7168,False,torch.bfloat16,torch.bfloat16,False,False,triton,0,0,27.5013,auto,0.0,341.63,10740.25
gfx1250,256,32,40960,7168,False,torch.bfloat16,torch.bfloat16,False,False,triton,0,0,58.8963,auto,0.0,319.04,10022.41
gfx1250,256,64,12,7168,False,torch.bfloat16,torch.bfloat16,False,False,opus,20001,13,4.7446,opus_gemm_gfx1250_splitk_cluster_tdm_ws_128x16x32x256_1x2_16x16x32_0x0x0_p3w2,0.0117,2.32,229.96
gfx1250,256,64,24,7168,False,torch.bfloat16,torch.bfloat16,False,False,opus,20001,10,4.6918,opus_gemm_gfx1250_splitk_cluster_tdm_ws_128x16x32x256_1x2_16x16x32_0x0x0_p3w2,0.0098,4.69,269.54
gfx1250,256,64,128,7168,False,torch.bfloat16,torch.bfloat16,False,False,opus,20014,10,4.7277,opus_gemm_gfx1250_splitk_cluster_tdm_ws_128x32x32x256_2x1_16x16x32_0x0x0_p3w2,0.0107,24.84,585.68
gfx1250,256,64,576,7168,False,torch.bfloat16,torch.bfloat16,False,False,opus,20251,5,6.9317,opus_gemm_gfx1250_splitk_clusterlaunch_tdm_ws_128x32x32x256_2x1_16x16x32_0x0x0_c1x3_p3w2,0.0096,76.24,1334.27
gfx1250,256,64,896,7168,False,torch.bfloat16,torch.bfloat16,False,False,opus,20255,5,7.1808,opus_gemm_gfx1250_splitk_clusterlaunch_tdm_ws_128x32x32x256_2x1_16x16x32_0x0x0_c1x4_p3w2,0.0096,114.48,1932.55
gfx1250,256,64,1536,128,False,torch.bfloat16,torch.bfloat16,False,False,triton,0,0,4.5863,auto,0.0,5.49,132.18
gfx1250,256,64,1536,7168,False,torch.bfloat16,torch.bfloat16,False,False,opus,20255,5,9.1037,opus_gemm_gfx1250_splitk_clusterlaunch_tdm_ws_128x32x32x256_2x1_16x16x32_0x0x0_c1x4_p3w2,0.0103,154.8,2541.19
gfx1250,256,64,2304,1536,False,torch.bfloat16,torch.bfloat16,False,False,opus,20273,4,5.9356,opus_gemm_gfx1250_splitk_clusterlaunch_tdm_ws_128x32x64x128_2x1_16x16x32_0x0x0_c1x4_p3w2,0.0046,76.32,1275.26
gfx1250,256,64,3072,128,False,torch.bfloat16,torch.bfloat16,False,False,triton,0,0,4.9098,auto,0.0,10.25,243.6
gfx1250,256,64,3072,512,False,torch.bfloat16,torch.bfloat16,False,False,opus,20179,3,5.841,opus_gemm_gfx1250_splitk_clusterlaunch_tdm_ws_128x16x128x128_1x2_16x16x32_0x0x0_c1x3_p3w2,0.0012,34.47,617.1
gfx1250,256,64,3072,7168,False,torch.bfloat16,torch.bfloat16,False,False,opus,20273,5,11.9668,opus_gemm_gfx1250_splitk_clusterlaunch_tdm_ws_128x32x64x128_2x1_16x16x32_0x0x0_c1x4_p3w2,0.0104,235.53,3789.73
gfx1250,256,64,4608,1536,False,torch.bfloat16,torch.bfloat16,False,False,opus,20291,3,8.4366,opus_gemm_gfx1250_splitk_clusterlaunch_tdm_ws_128x32x64x256_2x1_16x16x32_0x0x0_c1x4_p3w2,0.0041,107.39,1771.12
gfx1250,256,64,6144,512,False,torch.bfloat16,torch.bfloat16,False,False,triton,0,0,6.1084,auto,0.0,65.92,1169.44
gfx1250,256,64,7168,768,False,torch.bfloat16,torch.bfloat16,False,False,triton,0,0,6.3628,auto,0.0,110.74,1890.03
gfx1250,256,64,7168,1536,False,torch.bfloat16,torch.bfloat16,False,False,triton,0,0,8.6123,auto,0.0,163.64,2686.18
gfx1250,256,64,7168,3072,False,torch.bfloat16,torch.bfloat16,False,False,triton,0,0,12.642,auto,0.0,222.95,3587.32
gfx1250,256,64,7168,4224,False,torch.bfloat16,torch.bfloat16,False,False,triton,0,0,15.239,auto,0.0,254.32,4069.39
gfx1250,256,64,7168,8448,False,torch.bfloat16,torch.bfloat16,False,False,triton,0,0,26.1535,auto,0.0,296.37,4707.19
gfx1250,256,64,8448,7168,False,torch.bfloat16,torch.bfloat16,False,False,opus,20341,3,21.2299,opus_gemm_gfx1250_splitk_clusterlaunch_tdm_ws_128x32x256x128_2x1_16x16x32_0x0x0_c1x3_p3w1,0.0084,365.1,5798.87
gfx1250,256,64,16896,7168,False,torch.bfloat16,torch.bfloat16,False,False,triton,0,0,38.0611,auto,0.0,407.3,6444.93
gfx1250,256,64,20480,7168,False,torch.bfloat16,torch.bfloat16,False,False,triton,0,0,53.9067,auto,0.0,348.57,5512.12
gfx1250,256,64,40960,7168,False,torch.bfloat16,torch.bfloat16,False,False,triton,0,0,112.4886,auto,0.0,334.09,5274.87
gfx1250,256,512,12,7168,False,torch.bfloat16,torch.bfloat16,False,False,opus,20002,6,8.7307,opus_gemm_gfx1250_splitk_cluster_tdm_ws_128x16x32x512_1x2_16x16x32_0x0x0_p3w1,0.0106,10.09,861.83
gfx1250,256,512,24,7168,False,torch.bfloat16,torch.bfloat16,False,False,opus,20002,12,9.2012,opus_gemm_gfx1250_splitk_cluster_tdm_ws_128x16x32x512_1x2_16x16x32_0x0x0_p3w1,0.0109,19.15,837.79
gfx1250,256,512,128,7168,False,torch.bfloat16,torch.bfloat16,False,False,opus,20255,5,8.5545,opus_gemm_gfx1250_splitk_clusterlaunch_tdm_ws_128x32x32x256_2x1_16x16x32_0x0x0_c1x4_p3w2,0.0107,109.83,1087.86
gfx1250,256,512,576,7168,False,torch.bfloat16,torch.bfloat16,False,False,opus,20395,6,11.9772,opus_gemm_gfx1250_splitk_clusterlaunch_tdm_ws_128x64x64x128_2x1_16x16x32_0x0x0_c1x3_p3w2,0.0107,352.99,1351.52
gfx1250,256,512,896,7168,False,torch.bfloat16,torch.bfloat16,False,False,opus,20381,2,17.1842,opus_gemm_gfx1250_splitk_clusterlaunch_tdm_ws_128x64x32x256_2x1_16x16x32_0x0x0_c1x4_p3w2,0.0061,382.72,1228.02
gfx1250,256,512,1536,128,False,torch.bfloat16,torch.bfloat16,False,False,triton,0,0,5.0241,auto,0.0,40.07,417.42
gfx1250,256,512,1536,7168,False,torch.bfloat16,torch.bfloat16,False,False,opus,20417,1,21.8335,opus_gemm_gfx1250_splitk_clusterlaunch_tdm_ws_128x64x64x256_2x1_16x16x32_0x0x0_c1x4_p3w1,0.0,516.38,1416.77
gfx1250,256,512,2304,1536,False,torch.bfloat16,torch.bfloat16,False,False,opus,20525,3,11.7456,opus_gemm_gfx1250_splitk_clusterlaunch_tdm_ws_128x128x64x128_2x1_16x16x32_0x0x0_c1x4_p3w2,0.0041,308.53,937.38
gfx1250,256,512,3072,128,False,torch.bfloat16,torch.bfloat16,False,False,triton,0,0,6.1421,auto,0.0,65.56,661.54
gfx1250,256,512,3072,512,False,torch.bfloat16,torch.bfloat16,False,False,opus,20525,0,9.627,opus_gemm_gfx1250_splitk_clusterlaunch_tdm_ws_128x128x64x128_2x1_16x16x32_0x0x0_c1x4_p3w2,0.0,167.3,707.98
gfx1250,256,512,3072,7168,False,torch.bfloat16,torch.bfloat16,False,False,opus,20561,2,31.8804,opus_gemm_gfx1250_splitk_clusterlaunch_tdm_ws_128x128x128x128_2x1_16x16x32_0x0x0_c1x4_p3w1,0.006,707.29,1710.33
gfx1250,256,512,4608,1536,False,torch.bfloat16,torch.bfloat16,False,False,opus,20561,0,17.5188,opus_gemm_gfx1250_splitk_clusterlaunch_tdm_ws_128x128x128x128_2x1_16x16x32_0x0x0_c1x4_p3w1,0.0,413.71,1167.16
gfx1250,256,512,6144,512,False,torch.bfloat16,torch.bfloat16,False,False,opus,20435,0,13.0551,opus_gemm_gfx1250_splitk_clusterlaunch_tdm_ws_128x64x128x128_2x1_16x16x32_0x0x0_c1x4_p3w2,0.0,246.74,1003.99
gfx1250,256,512,7168,768,False,torch.bfloat16,torch.bfloat16,False,False,opus,20561,1,15.6586,opus_gemm_gfx1250_splitk_clusterlaunch_tdm_ws_128x128x128x128_2x1_16x16x32_0x0x0_c1x4_p3w1,0.0,360.0,1222.11
gfx1250,256,512,7168,1536,False,torch.bfloat16,torch.bfloat16,False,False,opus,20561,0,20.2882,opus_gemm_gfx1250_splitk_clusterlaunch_tdm_ws_128x128x128x128_2x1_16x16x32_0x0x0_c1x4_p3w1,0.0,555.71,1524.68
gfx1250,256,512,7168,3072,False,torch.bfloat16,torch.bfloat16,False,False,opus,20561,0,30.5477,opus_gemm_gfx1250_splitk_clusterlaunch_tdm_ws_128x128x128x128_2x1_16x16x32_0x0x0_c1x4_p3w1,0.0,738.14,1784.94
gfx1250,256,512,7168,4224,False,torch.bfloat16,torch.bfloat16,False,False,opus,20561,0,38.3228,opus_gemm_gfx1250_splitk_clusterlaunch_tdm_ws_128x128x128x128_2x1_16x16x32_0x0x0_c1x4_p3w1,0.0,809.03,1884.54
gfx1250,256,512,7168,8448,False,torch.bfloat16,torch.bfloat16,False,False,opus,20561,0,69.7051,opus_gemm_gfx1250_splitk_clusterlaunch_tdm_ws_128x128x128x128_2x1_16x16x32_0x0x0_c1x4_p3w1,0.0,889.58,1966.88
gfx1250,256,512,8448,7168,False,torch.bfloat16,torch.bfloat16,False,False,opus,20557,3,84.4345,opus_gemm_gfx1250_splitk_clusterlaunch_tdm_ws_128x128x128x128_2x1_16x16x32_0x0x0_c1x3_p3w1,0.0084,734.4,1623.76
gfx1250,256,512,16896,7168,False,torch.bfloat16,torch.bfloat16,False,False,triton,0,0,187.8411,auto,0.0,660.22,1420.68
gfx1250,256,512,20480,7168,False,torch.bfloat16,torch.bfloat16,False,False,triton,0,0,218.987,auto,0.0,686.45,1470.01
gfx1250,256,512,40960,7168,False,torch.bfloat16,torch.bfloat16,False,False,triton,0,0,422.3545,auto,0.0,711.84,1506.99
gfx1250,256,1,12440,7168,False,torch.bfloat16,torch.bfloat16,False,False,triton,0,0,22.9227,auto,0.0,7.78,7781.76
gfx1250,256,2,12440,7168,False,torch.bfloat16,torch.bfloat16,False,False,triton,0,0,23.155,auto,0.0,15.4,7705.39
gfx1250,256,4,12440,7168,False,torch.bfloat16,torch.bfloat16,False,False,triton,0,0,23.3131,auto,0.0,30.6,7656.5
gfx1250,256,8,12440,7168,False,torch.bfloat16,torch.bfloat16,False,False,triton,0,0,23.6091,auto,0.0,60.43,7567.15
gfx1250,256,16,12440,7168,False,torch.bfloat16,torch.bfloat16,False,False,triton,0,0,25.2316,auto,0.0,113.09,7092.98
gfx1250,256,32,12440,7168,False,torch.bfloat16,torch.bfloat16,False,False,triton,0,0,26.7443,auto,0.0,213.39,6715.25
gfx1250,256,64,12440,7168,False,torch.bfloat16,torch.bfloat16,False,False,triton,0,0,34.4654,auto,0.0,331.17,5247.28
gfx1250,256,128,12440,7168,False,torch.bfloat16,torch.bfloat16,False,False,triton,0,0,57.4011,auto,0.0,397.68,3194.35
gfx1250,256,256,12440,7168,False,torch.bfloat16,torch.bfloat16,False,False,triton,0,0,99.7044,auto,0.0,457.9,1889.38
gfx1250,256,512,12440,7168,False,torch.bfloat16,torch.bfloat16,False,False,triton,0,0,164.6082,auto,0.0,554.71,1205.4
gfx1250,256,1024,12440,7168,False,torch.bfloat16,torch.bfloat16,False,False,triton,0,0,298.8241,auto,0.0,611.13,731.19
gfx1250,256,2048,12440,7168,False,torch.bfloat16,torch.bfloat16,False,False,triton,0,0,571.7798,auto,0.0,638.78,452.37
gfx1250,256,4096,12440,7168,False,torch.bfloat16,torch.bfloat16,False,False,triton,0,0,1124.254,auto,0.0,649.75,301.51
gfx1250,256,8192,12440,7168,False,torch.bfloat16,torch.bfloat16,False,False,triton,0,0,2237.2325,auto,0.0,653.02,223.31
gfx1250,256,16384,12440,7168,False,torch.bfloat16,torch.bfloat16,False,False,triton,0,0,4958.5079,auto,0.0,589.27,165.54
gfx950,256,1,896,7168,False,torch.bfloat16,torch.bfloat16,False,False,flydsl,291,7,6.0776,flydsl_hgemm_abf16_wbf16_bf16_t16x32x128x6_ks7_w1x2x1_bias0_ktail0_gm0_pft_gfx950,0.0212,2.11,2116.16
gfx950,256,2,896,7168,False,torch.bfloat16,torch.bfloat16,False,False,flydsl,307,7,6.0704,flydsl_hgemm_abf16_wbf16_bf16_t16x32x128x7_ks7_w1x2x1_bias0_ktail0_gm0_pft_gfx950,0.0184,4.23,2121.33
gfx950,256,4,896,7168,False,torch.bfloat16,torch.bfloat16,False,False,flydsl,275,7,6.0958,flydsl_hgemm_abf16_wbf16_bf16_t16x32x128x5_ks7_w1x2x1_bias0_ktail0_gm0_pft_gfx950,0.0184,8.43,2117.78
gfx950,256,8,896,7168,False,torch.bfloat16,torch.bfloat16,False,False,flydsl,291,7,6.2216,flydsl_hgemm_abf16_wbf16_bf16_t16x32x128x6_ks7_w1x2x1_bias0_ktail0_gm0_pft_gfx950,0.0188,16.52,2085.33
gfx950,256,16,896,7168,False,torch.bfloat16,torch.bfloat16,False,False,flydsl,307,7,6.5003,flydsl_hgemm_abf16_wbf16_bf16_t16x32x128x7_ks7_w1x2x1_bias0_ktail0_gm0_pft_gfx950,0.0183,31.62,2015.77
gfx950,256,32,896,7168,False,torch.bfloat16,torch.bfloat16,False,False,flydsl,2091,8,7.1501,flydsl_hgemm_abf16_wbf16_bf16_t32x32x64x8_ks8_w2x2x1_bias0_ktail0_gm0_pft_gfx950,0.0213,57.49,1868.67
gfx950,256,48,896,7168,False,torch.bfloat16,torch.bfloat16,False,False,flydsl,4744,8,7.9705,flydsl_hgemm_abf16_wbf16_bf16_t64x32x64x7_ks8_w4x1x1_bias0_ktail0_gm0_pft_gfx950,0.0205,77.36,1708.7
gfx950,256,64,896,7168,False,torch.bfloat16,torch.bfloat16,False,False,flydsl,4611,8,8.6552,flydsl_hgemm_abf16_wbf16_bf16_t64x32x64x5_ks8_w4x1x1_bias0_ktail0_gm0_pft_gfx950,0.0214,94.98,1603.34
gfx950,256,128,896,7168,False,torch.bfloat16,torch.bfloat16,False,False,flydsl,2050,4,11.37,flydsl_hgemm_abf16_wbf16_bf16_t32x32x128x4_ks4_w2x2x1_bias0_ktail0_gm0_pft_gfx950,0.0137,144.61,1311.3
gfx950,256,256,896,7168,False,torch.bfloat16,torch.bfloat16,False,False,flydsl,4015,4,15.2528,flydsl_hgemm_abf16_wbf16_bf16_t64x32x128x3_ks4_w2x2x1_bias0_ktail0_gm0_pft_gfx950,0.0142,215.59,1112.83
gfx950,256,512,896,7168,False,torch.bfloat16,torch.bfloat16,False,False,asm,8,3,21.9749,_ZN5aiter39bf16gemm_fp32bf16_tn_96x64_splitk_cleanE,0.0106,299.28,960.3
gfx950,256,1024,896,7168,False,torch.bfloat16,torch.bfloat16,False,False,torch,0,0,27.9854,native,0.0,470.01,1049.12
gfx950,256,2048,896,7168,False,torch.bfloat16,torch.bfloat16,False,False,torch,0,0,50.4335,native,0.0,521.61,909.62
gfx950,256,4096,896,7168,False,torch.bfloat16,torch.bfloat16,False,False,flydsl,1,1,77.0759,flydsl_hgemm_abf16_wbf16_bf16_t128x128x128x2_ks1_w2x2x1_bias0_ktail0_gm0_pht_gfx950,0.0,682.62,1023.74
gfx950,256,8192,896,7168,False,torch.bfloat16,torch.bfloat16,False,False,torch,0,0,108.4399,native,0.0,970.37,1336.83
gfx950,256,16384,896,7168,False,torch.bfloat16,torch.bfloat16,False,False,torch,0,0,168.4662,native,0.0,1249.23,1644.76
gfx950,256,32768,896,7168,False,torch.bfloat16,torch.bfloat16,False,False,torch,0,0,325.8305,native,0.0,1291.8,1661.38
gfx950,256,1,7168,35840,False,torch.bfloat16,torch.bfloat16,False,False,torch,0,0,82.9714,native,0.0,6.19,6193.56
gfx950,256,2,7168,35840,False,torch.bfloat16,torch.bfloat16,False,False,flydsl,94,4,85.2097,flydsl_hgemm_abf16_wbf16_bf16_t16x128x64x5_ks4_w1x2x1_bias0_ktail0_gm0_pft_gfx950,0.0184,12.06,6031.88
gfx950,256,4,7168,35840,False,torch.bfloat16,torch.bfloat16,False,False,flydsl,354,4,85.868,flydsl_hgemm_abf16_wbf16_bf16_t16x64x128x2_ks4_w1x2x2_bias0_ktail0_gm0_pft_gfx950,0.0254,23.93,5987.64
gfx950,256,8,7168,35840,False,torch.bfloat16,torch.bfloat16,False,False,flydsl,112,4,85.5868,flydsl_hgemm_abf16_wbf16_bf16_t16x128x64x8_ks4_w1x2x1_bias0_ktail0_gm0_pft_gfx950,0.0186,48.03,6011.33
gfx950,256,16,7168,35840,False,torch.bfloat16,torch.bfloat16,False,False,flydsl,82,4,85.9572,flydsl_hgemm_abf16_wbf16_bf16_t16x128x64x3_ks4_w1x2x1_bias0_ktail0_gm0_pft_gfx950,0.0181,95.64,5993.43
gfx950,256,32,7168,35840,False,torch.bfloat16,torch.bfloat16,False,False,flydsl,563,4,87.5974,flydsl_hgemm_abf16_wbf16_bf16_t32x128x128x3_ks4_w2x2x1_bias0_ktail0_gm0_pft_gfx950,0.0177,187.7,5896.92
gfx950,256,48,7168,35840,False,torch.bfloat16,torch.bfloat16,False,False,flydsl,2066,4,95.6056,flydsl_hgemm_abf16_wbf16_bf16_t64x128x128x3_ks4_w1x4x1_bias0_ktail0_gm0_pft_gfx950,0.0175,257.96,5417.37
gfx950,256,64,7168,35840,False,torch.bfloat16,torch.bfloat16,False,False,flydsl,3262,2,108.5175,flydsl_hgemm_abf16_wbf16_bf16_t64x64x64x6_ks2_w2x4x1_bias0_ktail0_gm0_pft_gfx950,0.0087,303.02,4785.47
gfx950,256,128,7168,35840,False,torch.bfloat16,torch.bfloat16,False,False,flydsl,606,4,147.8768,flydsl_hgemm_abf16_wbf16_bf16_t128x64x64x5_ks4_w4x2x1_bias0_ktail0_gm0_pft_gfx950,0.0175,444.74,3548.98
gfx950,256,256,7168,35840,False,torch.bfloat16,torch.bfloat16,False,False,flydsl,117,1,312.004,flydsl_hgemm_abf16_wbf16_bf16_t128x128x64x5_ks1_w4x4x1_bias0_ktail0_gm0_pft_gfx950,0.0,421.58,1717.36
gfx950,256,512,7168,35840,False,torch.bfloat16,torch.bfloat16,False,False,flydsl,45,1,318.9959,flydsl_hgemm_abf16_wbf16_bf16_t128x128x64x4_ks1_w2x2x2_bias0_ktail0_gm0_pft_gfx950,0.0086,824.67,1748.74
gfx950,256,1024,7168,35840,False,torch.bfloat16,torch.bfloat16,False,False,flydsl,326,1,903.7508,flydsl_hgemm_abf16_wbf16_bf16_t64x128x64x2_ks1_w2x2x1_bias0_ktail0_gm0_pft_gfx950,0.0,582.17,665.98
gfx950,256,2048,7168,35840,False,torch.bfloat16,torch.bfloat16,False,False,asm,10,1,724.5066,_ZN5aiter24bf16gemm_bf16_tn_256x256E,0.0,1452.39,952.32
gfx950,256,4096,7168,35840,False,torch.bfloat16,torch.bfloat16,False,False,flydsl,1,1,1420.5601,flydsl_hgemm_abf16_wbf16_bf16_t256x256x64x2_ks1_w2x4x1_bias0_ktail0_gm4_pht_gfx950,0.0,1481.48,609.71
gfx950,256,8192,7168,35840,False,torch.bfloat16,torch.bfloat16,False,False,asm,10,1,2909.6195,_ZN5aiter24bf16gemm_bf16_tn_256x256E,0.0,1446.6,418.76
gfx950,256,16384,7168,35840,False,torch.bfloat16,torch.bfloat16,False,False,torch,0,0,5418.9996,native,0.0,1553.45,354.88
gfx950,256,32768,7168,35840,False,torch.bfloat16,torch.bfloat16,False,False,flydsl,1,1,11074.028,flydsl_hgemm_abf16_wbf16_bf16_t256x256x64x2_ks1_w2x4x1_bias0_ktail0_gm4_pht_gfx950,0.0,1520.34,300.92
gfx950,256,1,1024,128,False,torch.bfloat16,torch.bfloat16,False,False,triton,0,0,3.0678,auto,0.0,0.09,86.2
gfx950,256,1,4096,1024,False,torch.bfloat16,torch.bfloat16,False,False,triton,0,0,4.9403,auto,0.0,1.7,1700.07
gfx950,256,1,4096,1536,False,torch.bfloat16,torch.bfloat16,False,False,triton,0,0,5.959,auto,0.0,2.11,2113.47
gfx950,256,2,288,4096,False,torch.bfloat16,torch.bfloat16,False,False,triton,0,0,6.7561,auto,0.0,0.7,351.81
gfx950,256,2,1024,128,False,torch.bfloat16,torch.bfloat16,False,False,triton,0,0,2.9474,auto,0.0,0.18,90.5
gfx950,256,2,4096,1024,False,torch.bfloat16,torch.bfloat16,False,False,triton,0,0,5.157,auto,0.0,3.25,1630.62
gfx950,256,2,4096,1536,False,torch.bfloat16,torch.bfloat16,False,False,triton,0,0,6.1528,auto,0.0,4.09,2048.73
gfx950,256,4,288,4096,False,torch.bfloat16,torch.bfloat16,False,False,triton,0,0,6.8327,auto,0.0,1.38,350.43
gfx950,256,4,1024,128,False,torch.bfloat16,torch.bfloat16,False,False,triton,0,0,3.619,auto,0.0,0.29,74.98
gfx950,256,4,4096,1024,False,torch.bfloat16,torch.bfloat16,False,False,triton,0,0,5.1619,auto,0.0,6.5,1633.04
gfx950,256,4,4096,1536,False,torch.bfloat16,torch.bfloat16,False,False,triton,0,0,5.5911,auto,0.0,9.0,2258.58
gfx950,256,8,1024,128,False,torch.bfloat16,torch.bfloat16,False,False,triton,0,0,3.067,auto,0.0,0.68,91.48
gfx950,256,8,4096,1024,False,torch.bfloat16,torch.bfloat16,False,False,triton,0,0,4.6763,auto,0.0,14.35,1811.37
gfx950,256,16,8,4096,False,torch.bfloat16,torch.bfloat16,False,False,triton,0,0,5.4545,auto,0.0,0.19,36.09
gfx950,256,16,32,4096,False,torch.bfloat16,torch.bfloat16,False,False,triton,0,0,5.6472,auto,0.0,0.74,69.81
gfx950,256,16,288,4096,False,torch.bfloat16,torch.bfloat16,False,False,triton,0,0,5.3921,auto,0.0,7.0,463.56
gfx950,256,16,1024,128,False,torch.bfloat16,torch.bfloat16,False,False,triton,0,0,2.4978,auto,0.0,1.68,119.71
gfx950,256,16,3072,4096,False,torch.bfloat16,torch.bfloat16,False,False,triton,0,0,7.2864,auto,0.0,55.26,3485.29
gfx950,256,16,4096,1024,False,torch.bfloat16,torch.bfloat16,False,False,triton,0,0,4.1553,auto,0.0,32.3,2058.2
gfx950,256,16,4096,1536,False,torch.bfloat16,torch.bfloat16,False,False,triton,0,0,5.7594,auto,0.0,34.96,2216.05
gfx950,256,32,1024,128,False,torch.bfloat16,torch.bfloat16,False,False,triton,0,0,2.6066,auto,0.0,3.22,128.85
gfx950,256,32,4096,1024,False,torch.bfloat16,torch.bfloat16,False,False,triton,0,0,4.6582,auto,0.0,57.63,1871.17
gfx950,256,32,4096,1536,False,torch.bfloat16,torch.bfloat16,False,False,triton,0,0,6.9351,auto,0.0,58.06,1866.36
gfx950,256,64,1024,128,False,torch.bfloat16,torch.bfloat16,False,False,triton,0,0,3.5094,auto,0.0,4.78,116.72
gfx950,256,64,3072,4096,False,torch.bfloat16,torch.bfloat16,False,False,asm,7,5,12.0708,_ZN5aiter39bf16gemm_fp32bf16_tn_80x64_splitk_cleanE,0.014,133.43,2160.86
gfx950,256,64,4096,1024,False,torch.bfloat16,torch.bfloat16,False,False,triton,0,0,5.5675,auto,0.0,96.43,1624.42
gfx950,256,64,4096,1536,False,torch.bfloat16,torch.bfloat16,False,False,triton,0,0,8.1939,auto,0.0,98.28,1623.62
gfx950,256,128,1024,128,False,torch.bfloat16,torch.bfloat16,False,False,triton,0,0,3.285,auto,0.0,10.21,169.58
gfx950,256,128,4096,1024,False,torch.bfloat16,torch.bfloat16,False,False,triton,0,0,7.5579,auto,0.0,142.07,1283.34
gfx950,256,1,64,7168,False,torch.bfloat16,torch.bfloat16,False,False,flydsl,35,8,4.1287,flydsl_hgemm_abf16_wbf16_bf16_t16x16x128x7_ks8_w1x1x1_bias0_ktail0_gm0_pft_gfx950,0.0,0.22,225.73
gfx950,256,2,64,7168,False,torch.bfloat16,torch.bfloat16,False,False,flydsl,46,7,4.3742,flydsl_hgemm_abf16_wbf16_bf16_t16x16x128x9_ks7_w1x1x1_bias0_ktail0_gm0_pft_gfx950,0.0,0.42,216.37
gfx950,256,4,64,7168,False,torch.bfloat16,torch.bfloat16,False,False,flydsl,40,7,4.2934,flydsl_hgemm_abf16_wbf16_bf16_t16x16x128x8_ks7_w1x1x1_bias0_ktail0_gm0_pft_gfx950,0.0156,0.85,227.18
gfx950,256,8,64,7168,False,torch.bfloat16,torch.bfloat16,False,False,flydsl,46,7,4.3015,flydsl_hgemm_abf16_wbf16_bf16_t16x16x128x9_ks7_w1x1x1_bias0_ktail0_gm0_pft_gfx950,0.0137,1.71,240.2
gfx950,256,16,64,7168,False,torch.bfloat16,torch.bfloat16,False,False,flydsl,41,8,4.215,flydsl_hgemm_abf16_wbf16_bf16_t16x16x128x8_ks8_w1x1x1_bias0_ktail0_gm0_pft_gfx950,0.0244,3.48,272.58
gfx950,256,32,64,7168,False,torch.bfloat16,torch.bfloat16,False,False,flydsl,41,8,4.5083,flydsl_hgemm_abf16_wbf16_bf16_t16x16x128x8_ks8_w1x1x1_bias0_ktail0_gm0_pft_gfx950,0.022,6.51,306.18
gfx950,256,48,64,7168,False,torch.bfloat16,torch.bfloat16,False,False,flydsl,166,8,4.6859,flydsl_hgemm_abf16_wbf16_bf16_t16x32x128x4_ks8_w1x2x1_bias0_ktail0_gm0_pft_gfx950,0.0221,9.4,343.96
gfx950,256,64,64,7168,False,torch.bfloat16,torch.bfloat16,False,False,flydsl,394,8,4.9567,flydsl_hgemm_abf16_wbf16_bf16_t16x32x64x8_ks8_w1x2x1_bias0_ktail0_gm0_pft_gfx950,0.0234,11.85,371.86
gfx950,256,80,64,7168,False,torch.bfloat16,torch.bfloat16,False,False,flydsl,2410,8,5.0455,flydsl_hgemm_abf16_wbf16_bf16_t32x32x64x8_ks8_w2x2x1_bias0_ktail0_gm0_pft_gfx950,0.0201,14.55,411.18
gfx950,256,96,64,7168,False,torch.bfloat16,torch.bfloat16,False,False,flydsl,874,8,5.2588,flydsl_hgemm_abf16_wbf16_bf16_t16x32x128x5_ks8_w1x2x1_bias0_ktail0_gm0_pft_gfx950,0.0226,16.75,438.51
gfx950,256,112,64,7168,False,torch.bfloat16,torch.bfloat16,False,False,flydsl,2445,8,5.4803,flydsl_hgemm_abf16_wbf16_bf16_t32x32x64x9_ks8_w2x2x1_bias0_ktail0_gm0_pft_gfx950,0.0199,18.75,463.02
gfx950,256,128,64,7168,False,torch.bfloat16,torch.bfloat16,False,False,flydsl,1938,8,5.5727,flydsl_hgemm_abf16_wbf16_bf16_t32x32x128x4_ks8_w2x2x1_bias0_ktail0_gm0_pft_gfx950,0.0215,21.07,496.87
gfx950,256,144,64,7168,False,torch.bfloat16,torch.bfloat16,False,False,flydsl,1716,8,5.6754,flydsl_hgemm_abf16_wbf16_bf16_t32x32x64x8_ks8_w2x1x1_bias0_ktail0_gm0_pft_gfx950,0.0214,23.28,528.65
gfx950,256,160,64,7168,False,torch.bfloat16,torch.bfloat16,False,False,flydsl,2487,8,5.8579,flydsl_hgemm_abf16_wbf16_bf16_t32x32x64x7_ks8_w2x1x1_bias0_ktail0_gm0_pft_gfx950,0.021,25.06,551.69
gfx950,256,176,64,7168,False,torch.bfloat16,torch.bfloat16,False,False,flydsl,2053,8,6.0103,flydsl_hgemm_abf16_wbf16_bf16_t32x32x128x5_ks8_w2x2x1_bias0_ktail0_gm0_pft_gfx950,0.0195,26.87,576.21
gfx950,256,192,64,7168,False,torch.bfloat16,torch.bfloat16,False,False,flydsl,917,8,6.1267,flydsl_hgemm_abf16_wbf16_bf16_t16x32x128x8_ks8_w1x2x1_bias0_ktail0_gm0_pft_gfx950,0.0214,28.75,603.03
gfx950,256,208,64,7168,False,torch.bfloat16,torch.bfloat16,False,False,flydsl,874,8,6.1096,flydsl_hgemm_abf16_wbf16_bf16_t16x32x128x5_ks8_w1x2x1_bias0_ktail0_gm0_pft_gfx950,0.0222,31.24,642.6
gfx950,256,224,64,7168,False,torch.bfloat16,torch.bfloat16,False,False,flydsl,890,8,6.1411,flydsl_hgemm_abf16_wbf16_bf16_t16x32x128x6_ks8_w1x2x1_bias0_ktail0_gm0_pft_gfx950,0.0202,33.47,676.99
gfx950,256,240,64,7168,False,torch.bfloat16,torch.bfloat16,False,False,flydsl,909,8,6.1878,flydsl_hgemm_abf16_wbf16_bf16_t16x32x128x5_ks8_w1x2x1_bias0_ktail0_gm0_pft_gfx950,0.0218,35.59,709.28
gfx950,256,256,64,7168,False,torch.bfloat16,torch.bfloat16,False,False,flydsl,906,7,6.3852,flydsl_hgemm_abf16_wbf16_bf16_t16x32x128x5_ks7_w1x2x1_bias0_ktail0_gm0_pft_gfx950,0.0203,36.79,723.59
gfx950,256,288,64,7168,False,torch.bfloat16,torch.bfloat16,False,False,flydsl,903,7,6.5491,flydsl_hgemm_abf16_wbf16_bf16_t16x32x128x7_ks7_w1x2x1_bias0_ktail0_gm0_pft_gfx950,0.0196,40.35,776.16
gfx950,256,320,64,7168,False,torch.bfloat16,torch.bfloat16,False,False,flydsl,2507,8,6.8496,flydsl_hgemm_abf16_wbf16_bf16_t32x32x64x8_ks8_w2x1x1_bias0_ktail0_gm0_pft_gfx950,0.0202,42.86,809.68
gfx950,256,352,64,7168,False,torch.bfloat16,torch.bfloat16,False,False,flydsl,2452,8,6.9251,flydsl_hgemm_abf16_wbf16_bf16_t32x32x64x7_ks8_w2x1x1_bias0_ktail0_gm0_pft_gfx950,0.0201,46.64,867.69
gfx950,256,384,64,7168,False,torch.bfloat16,torch.bfloat16,False,False,flydsl,1949,8,7.0587,flydsl_hgemm_abf16_wbf16_bf16_t32x32x128x5_ks8_w2x2x1_bias0_ktail0_gm0_pft_gfx950,0.0211,49.91,916.84
gfx950,256,416,64,7168,False,torch.bfloat16,torch.bfloat16,False,False,flydsl,2418,8,7.0535,flydsl_hgemm_abf16_wbf16_bf16_t32x32x64x8_ks8_w2x1x1_bias0_ktail0_gm0_pft_gfx950,0.0211,54.11,983.13
gfx950,256,448,64,7168,False,torch.bfloat16,torch.bfloat16,False,False,flydsl,2381,8,7.1735,flydsl_hgemm_abf16_wbf16_bf16_t32x32x64x7_ks8_w1x2x1_bias0_ktail0_gm0_pft_gfx950,0.0194,57.3,1031.21
gfx950,256,480,64,7168,False,torch.bfloat16,torch.bfloat16,False,False,flydsl,2418,8,7.2839,flydsl_hgemm_abf16_wbf16_bf16_t32x32x64x8_ks8_w2x1x1_bias0_ktail0_gm0_pft_gfx950,0.0211,60.46,1079.12
gfx950,256,512,64,7168,False,torch.bfloat16,torch.bfloat16,False,False,flydsl,2411,7,7.4971,flydsl_hgemm_abf16_wbf16_bf16_t32x32x64x8_ks7_w2x1x1_bias0_ktail0_gm0_pft_gfx950,0.0196,62.66,1110.17
gfx950,256,544,64,7168,False,torch.bfloat16,torch.bfloat16,False,False,flydsl,2262,7,7.528,flydsl_hgemm_abf16_wbf16_bf16_t32x32x64x7_ks7_w2x1x1_bias0_ktail0_gm0_pft_gfx950,0.0191,66.3,1167.1
gfx950,256,576,64,7168,False,torch.bfloat16,torch.bfloat16,False,False,flydsl,2295,7,7.6837,flydsl_hgemm_abf16_wbf16_bf16_t32x32x64x8_ks7_w1x2x1_bias0_ktail0_gm0_pft_gfx950,0.0186,68.78,1203.69
gfx950,256,608,64,7168,False,torch.bfloat16,torch.bfloat16,False,False,flydsl,3210,7,8.0849,flydsl_hgemm_abf16_wbf16_bf16_t48x32x64x6_ks7_w1x2x1_bias0_ktail0_gm0_pft_gfx950,0.0198,69.0,1201.2
gfx950,256,640,64,7168,False,torch.bfloat16,torch.bfloat16,False,False,flydsl,3327,8,8.1326,flydsl_hgemm_abf16_wbf16_bf16_t48x32x64x6_ks8_w1x2x1_bias0_ktail0_gm0_pft_gfx950,0.0213,72.2,1251.07
gfx950,256,672,64,7168,False,torch.bfloat16,torch.bfloat16,False,False,flydsl,3327,8,8.177,flydsl_hgemm_abf16_wbf16_bf16_t48x32x64x6_ks8_w1x2x1_bias0_ktail0_gm0_pft_gfx950,0.0213,75.4,1300.88
gfx950,256,704,64,7168,False,torch.bfloat16,torch.bfloat16,False,False,flydsl,3193,8,8.2787,flydsl_hgemm_abf16_wbf16_bf16_t48x32x64x6_ks8_w1x2x1_bias0_ktail0_gm0_pft_gfx950,0.0218,78.02,1340.81
gfx950,256,736,64,7168,False,torch.bfloat16,torch.bfloat16,False,False,flydsl,2785,8,8.3219,flydsl_hgemm_abf16_wbf16_bf16_t32x64x64x6_ks8_w1x4x1_bias0_ktail0_gm0_pft_gfx950,0.0215,81.15,1389.47
gfx950,256,768,64,7168,False,torch.bfloat16,torch.bfloat16,False,False,flydsl,2788,8,8.3459,flydsl_hgemm_abf16_wbf16_bf16_t32x64x64x6_ks8_w2x2x1_bias0_ktail0_gm0_pft_gfx950,0.0213,84.43,1440.93
gfx950,256,800,64,7168,False,torch.bfloat16,torch.bfloat16,False,False,flydsl,2674,8,8.4714,flydsl_hgemm_abf16_wbf16_bf16_t32x64x64x6_ks8_w2x2x1_bias0_ktail0_gm0_pft_gfx950,0.0212,86.64,1474.22
gfx950,256,832,64,7168,False,torch.bfloat16,torch.bfloat16,False,False,flydsl,2282,8,8.4436,flydsl_hgemm_abf16_wbf16_bf16_t32x64x128x4_ks8_w2x2x1_bias0_ktail0_gm0_pft_gfx950,0.0209,90.41,1533.89
gfx950,256,864,64,7168,False,torch.bfloat16,torch.bfloat16,False,False,flydsl,2714,8,8.5448,flydsl_hgemm_abf16_wbf16_bf16_t32x64x64x7_ks8_w2x2x1_bias0_ktail0_gm0_pft_gfx950,0.0213,92.77,1569.89
gfx950,256,896,64,7168,False,torch.bfloat16,torch.bfloat16,False,False,flydsl,2385,7,8.6887,flydsl_hgemm_abf16_wbf16_bf16_t32x64x128x4_ks7_w2x2x1_bias0_ktail0_gm0_pft_gfx950,0.0191,94.62,1597.16
gfx950,256,928,64,7168,False,torch.bfloat16,torch.bfloat16,False,False,flydsl,2392,8,8.7359,flydsl_hgemm_abf16_wbf16_bf16_t32x64x128x4_ks8_w1x4x1_bias0_ktail0_gm0_pft_gfx950,0.0215,97.46,1641.51
gfx950,256,960,64,7168,False,torch.bfloat16,torch.bfloat16,False,False,flydsl,2381,7,8.8615,flydsl_hgemm_abf16_wbf16_bf16_t32x64x128x4_ks7_w1x4x1_bias0_ktail0_gm0_pft_gfx950,0.0204,99.4,1670.48
gfx950,256,992,64,7168,False,torch.bfloat16,torch.bfloat16,False,False,flydsl,2381,7,8.9911,flydsl_hgemm_abf16_wbf16_bf16_t32x64x128x4_ks7_w1x4x1_bias0_ktail0_gm0_pft_gfx950,0.019,101.23,1697.88
gfx950,256,1024,64,7168,False,torch.bfloat16,torch.bfloat16,False,False,flydsl,2409,7,9.0855,flydsl_hgemm_abf16_wbf16_bf16_t32x64x128x4_ks7_w2x2x1_bias0_ktail0_gm0_pft_gfx950,0.0194,103.41,1731.18
gfx950,256,1088,64,7168,False,torch.bfloat16,torch.bfloat16,False,False,flydsl,2727,7,9.2712,flydsl_hgemm_abf16_wbf16_bf16_t32x64x64x7_ks7_w1x4x1_bias0_ktail0_gm0_pft_gfx950,0.0202,107.67,1796.35
gfx950,256,1152,64,7168,False,torch.bfloat16,torch.bfloat16,False,False,flydsl,2841,7,9.4456,flydsl_hgemm_abf16_wbf16_bf16_t32x64x64x7_ks7_w1x4x1_bias0_ktail0_gm0_pft_gfx950,0.02,111.9,1861.19
gfx950,256,1216,64,7168,False,torch.bfloat16,torch.bfloat16,False,False,flydsl,3149,8,9.7329,flydsl_hgemm_abf16_wbf16_bf16_t48x64x128x4_ks8_w1x4x1_bias0_ktail0_gm0_pft_gfx950,0.0211,114.63,1901.36
gfx950,256,1280,64,7168,False,torch.bfloat16,torch.bfloat16,False,False,flydsl,3124,8,9.8915,flydsl_hgemm_abf16_wbf16_bf16_t48x64x128x3_ks8_w1x4x1_bias0_ktail0_gm0_pft_gfx950,0.0221,118.73,1964.46
gfx950,256,1344,64,7168,False,torch.bfloat16,torch.bfloat16,False,False,flydsl,3010,8,10.1187,flydsl_hgemm_abf16_wbf16_bf16_t48x64x128x3_ks8_w1x4x1_bias0_ktail0_gm0_pft_gfx950,0.0213,121.87,2011.83
gfx950,256,1408,64,7168,False,torch.bfloat16,torch.bfloat16,False,False,flydsl,2828,8,10.267,flydsl_hgemm_abf16_wbf16_bf16_t48x64x128x4_ks8_w1x4x1_bias0_ktail0_gm0_pft_gfx950,0.021,125.83,2072.93
gfx950,256,1472,64,7168,False,torch.bfloat16,torch.bfloat16,False,False,flydsl,2823,7,10.4974,flydsl_hgemm_abf16_wbf16_bf16_t48x64x128x4_ks7_w1x4x1_bias0_ktail0_gm0_pft_gfx950,0.0203,128.66,2115.62
gfx950,256,1536,64,7168,False,torch.bfloat16,torch.bfloat16,False,False,flydsl,2798,7,10.778,flydsl_hgemm_abf16_wbf16_bf16_t48x64x128x3_ks7_w1x4x1_bias0_ktail0_gm0_pft_gfx950,0.0203,130.76,2146.43
gfx950,256,1600,64,7168,False,torch.bfloat16,torch.bfloat16,False,False,flydsl,2709,7,10.8764,flydsl_hgemm_abf16_wbf16_bf16_t48x64x128x4_ks7_w1x4x1_bias0_ktail0_gm0_pft_gfx950,0.0203,134.97,2212.12
gfx950,256,1664,64,7168,False,torch.bfloat16,torch.bfloat16,False,False,flydsl,4669,8,11.1178,flydsl_hgemm_abf16_wbf16_bf16_t64x64x64x7_ks8_w4x2x1_bias0_ktail0_gm0_pft_gfx950,0.0207,137.32,2247.35
gfx950,256,1728,64,7168,False,torch.bfloat16,torch.bfloat16,False,False,flydsl,2823,7,11.1844,flydsl_hgemm_abf16_wbf16_bf16_t48x64x128x4_ks7_w1x4x1_bias0_ktail0_gm0_pft_gfx950,0.0197,141.76,2316.74
gfx950,256,1792,64,7168,False,torch.bfloat16,torch.bfloat16,False,False,flydsl,4484,7,11.4755,flydsl_hgemm_abf16_wbf16_bf16_t64x64x64x5_ks7_w4x2x1_bias0_ktail0_gm0_pft_gfx950,0.0197,143.28,2338.63
gfx950,256,1856,64,7168,False,torch.bfloat16,torch.bfloat16,False,False,flydsl,4433,7,11.6191,flydsl_hgemm_abf16_wbf16_bf16_t64x64x64x6_ks7_w2x4x1_bias0_ktail0_gm0_pft_gfx950,0.0193,146.56,2389.4
gfx950,256,1920,64,7168,False,torch.bfloat16,torch.bfloat16,False,False,flydsl,4547,7,11.8,flydsl_hgemm_abf16_wbf16_bf16_t64x64x64x6_ks7_w2x4x1_bias0_ktail0_gm0_pft_gfx950,0.0201,149.29,2431.22
gfx950,256,1984,64,7168,False,torch.bfloat16,torch.bfloat16,False,False,flydsl,4484,7,11.9519,flydsl_hgemm_abf16_wbf16_bf16_t64x64x64x5_ks7_w4x2x1_bias0_ktail0_gm0_pft_gfx950,0.0198,152.3,2477.77
gfx950,256,2048,64,7168,False,torch.bfloat16,torch.bfloat16,False,False,flydsl,1942,4,12.0508,flydsl_hgemm_abf16_wbf16_bf16_t32x64x128x4_ks4_w2x2x1_bias0_ktail0_gm0_pft_gfx950,0.0135,155.93,2534.25
gfx950,256,4096,64,7168,False,torch.bfloat16,torch.bfloat16,False,False,flydsl,3728,4,16.994,flydsl_hgemm_abf16_wbf16_bf16_t64x64x64x9_ks4_w4x2x1_bias0_ktail0_gm0_pft_gfx950,0.0139,221.14,3540.19
gfx950,256,6144,64,7168,False,torch.bfloat16,torch.bfloat16,False,False,flydsl,1858,2,22.163,flydsl_hgemm_abf16_wbf16_bf16_t48x64x128x4_ks2_w1x4x1_bias0_ktail0_gm0_pft_gfx950,0.0059,254.35,4051.09
gfx950,256,8192,64,7168,False,torch.bfloat16,torch.bfloat16,False,False,flydsl,2318,2,26.0941,flydsl_hgemm_abf16_wbf16_bf16_t64x64x128x4_ks2_w2x4x1_bias0_ktail0_gm0_pft_gfx950,0.006,288.04,4576.0
gfx950,256,10240,64,7168,False,torch.bfloat16,torch.bfloat16,False,False,flydsl,1197,1,30.1773,flydsl_hgemm_abf16_wbf16_bf16_t32x64x64x6_ks1_w1x2x1_bias0_ktail0_gm0_pft_gfx950,0.0,311.33,4938.44
gfx950,256,12288,64,7168,False,torch.bfloat16,torch.bfloat16,False,False,flydsl,2168,1,28.2138,flydsl_hgemm_abf16_wbf16_bf16_t64x64x64x8_ks1_w4x2x1_bias0_ktail0_gm0_pft_gfx950,0.0,399.6,6332.05
gfx950,256,14336,64,7168,False,torch.bfloat16,torch.bfloat16,False,False,flydsl,1702,1,32.1637,flydsl_hgemm_abf16_wbf16_bf16_t64x64x128x3_ks1_w2x4x2_bias0_ktail0_gm0_pft_gfx950,0.0059,408.95,6475.42
gfx950,256,16384,64,7168,False,torch.bfloat16,torch.bfloat16,False,False,flydsl,1660,1,44.0395,flydsl_hgemm_abf16_wbf16_bf16_t64x64x128x3_ks1_w4x1x1_bias0_ktail0_gm0_pft_gfx950,0.0,341.34,5401.87
gfx950,256,32768,64,7168,False,torch.bfloat16,torch.bfloat16,False,False,flydsl,256,1,79.5462,flydsl_hgemm_abf16_wbf16_bf16_t128x64x64x6_ks1_w2x2x1_bias0_ktail0_gm0_pft_gfx950,0.0,377.95,5969.79
gfx950,256,1,384,7168,False,torch.bfloat16,torch.bfloat16,False,False,flydsl,321,8,5.2587,flydsl_hgemm_abf16_wbf16_bf16_t16x32x128x8_ks8_w1x2x1_bias0_ktail0_gm0_pft_gfx950,0.013,1.05,1049.71
gfx950,256,2,384,7168,False,torch.bfloat16,torch.bfloat16,False,False,flydsl,294,8,5.3467,flydsl_hgemm_abf16_wbf16_bf16_t16x32x128x6_ks8_w1x2x1_bias0_ktail0_gm0_pft_gfx950,0.0208,2.06,1035.26
gfx950,256,4,384,7168,False,torch.bfloat16,torch.bfloat16,False,False,flydsl,321,8,5.412,flydsl_hgemm_abf16_wbf16_bf16_t16x32x128x8_ks8_w1x2x1_bias0_ktail0_gm0_pft_gfx950,0.0247,4.07,1028.35
gfx950,256,160,384,7168,False,torch.bfloat16,torch.bfloat16,False,False,flydsl,5780,7,8.8715,flydsl_hgemm_abf16_wbf16_bf16_t64x32x64x6_ks7_w4x1x1_bias0_ktail0_gm0_pft_gfx950,0.0202,99.28,892.93
gfx950,256,352,384,7168,False,torch.bfloat16,torch.bfloat16,False,False,flydsl,6332,8,12.5047,flydsl_hgemm_abf16_wbf16_bf16_t64x96x64x4_ks8_w2x2x1_bias0_ktail0_gm0_pft_gfx950,0.0216,154.96,865.41
gfx950,256,416,384,7168,False,torch.bfloat16,torch.bfloat16,False,False,flydsl,5915,8,13.1171,flydsl_hgemm_abf16_wbf16_bf16_t64x96x64x4_ks8_w2x2x1_bias0_ktail0_gm0_pft_gfx950,0.0216,174.59,898.7
gfx950,256,480,384,7168,False,torch.bfloat16,torch.bfloat16,False,False,flydsl,5354,7,14.0868,flydsl_hgemm_abf16_wbf16_bf16_t64x96x64x4_ks7_w2x2x1_bias0_ktail0_gm0_pft_gfx950,0.0197,187.58,905.45
gfx950,256,544,384,7168,False,torch.bfloat16,torch.bfloat16,False,False,flydsl,5180,7,14.6699,flydsl_hgemm_abf16_wbf16_bf16_t64x96x64x4_ks7_w2x2x1_bias0_ktail0_gm0_pft_gfx950,0.0197,204.14,935.36
gfx950,256,576,384,7168,False,torch.bfloat16,torch.bfloat16,False,False,flydsl,5195,7,15.3992,flydsl_hgemm_abf16_wbf16_bf16_t64x96x64x5_ks7_w2x2x1_bias0_ktail0_gm0_pft_gfx950,0.02,205.91,922.45
gfx950,256,608,384,7168,False,torch.bfloat16,torch.bfloat16,False,False,flydsl,5639,7,16.0322,flydsl_hgemm_abf16_wbf16_bf16_t96x96x64x5_ks7_w2x2x1_bias0_ktail0_gm0_pft_gfx950,0.0196,208.77,916.17
gfx950,256,640,384,7168,False,torch.bfloat16,torch.bfloat16,False,False,flydsl,2533,4,16.2563,flydsl_hgemm_abf16_wbf16_bf16_t32x64x64x5_ks4_w1x4x1_bias0_ktail0_gm0_pft_gfx950,0.0134,216.73,933.27
gfx950,256,672,384,7168,False,torch.bfloat16,torch.bfloat16,False,False,flydsl,5224,8,16.509,flydsl_hgemm_abf16_wbf16_bf16_t64x96x64x4_ks8_w2x2x1_bias0_ktail0_gm0_pft_gfx950,0.0213,224.08,948.27
gfx950,256,704,384,7168,False,torch.bfloat16,torch.bfloat16,False,False,flydsl,5473,7,17.0016,flydsl_hgemm_abf16_wbf16_bf16_t96x96x64x4_ks7_w2x2x1_bias0_ktail0_gm0_pft_gfx950,0.0196,227.95,949.22
gfx950,256,736,384,7168,False,torch.bfloat16,torch.bfloat16,False,False,flydsl,4789,4,17.153,flydsl_hgemm_abf16_wbf16_bf16_t64x96x64x5_ks4_w2x2x1_bias0_ktail0_gm0_pft_gfx950,0.0136,236.21,969.02
gfx950,256,768,384,7168,False,torch.bfloat16,torch.bfloat16,False,False,flydsl,3056,4,17.4967,flydsl_hgemm_abf16_wbf16_bf16_t48x96x64x4_ks4_w1x2x1_bias0_ktail0_gm0_pft_gfx950,0.0135,241.64,977.61
gfx950,256,800,384,7168,False,torch.bfloat16,torch.bfloat16,False,False,flydsl,4347,4,17.6716,flydsl_hgemm_abf16_wbf16_bf16_t64x96x64x4_ks4_w2x2x1_bias0_ktail0_gm0_pft_gfx950,0.0135,249.21,995.28
gfx950,256,832,384,7168,False,torch.bfloat16,torch.bfloat16,False,False,flydsl,4565,4,18.2595,flydsl_hgemm_abf16_wbf16_bf16_t64x96x64x4_ks4_w2x2x1_bias0_ktail0_gm0_pft_gfx950,0.0137,250.84,989.71
gfx950,256,864,384,7168,False,torch.bfloat16,torch.bfloat16,False,False,flydsl,4347,4,18.27,flydsl_hgemm_abf16_wbf16_bf16_t64x96x64x4_ks4_w2x2x1_bias0_ktail0_gm0_pft_gfx950,0.0137,260.34,1015.59
gfx950,256,896,384,7168,False,torch.bfloat16,torch.bfloat16,False,False,flydsl,4707,4,18.6621,flydsl_hgemm_abf16_wbf16_bf16_t64x96x64x4_ks4_w2x2x1_bias0_ktail0_gm0_pft_gfx950,0.0136,264.31,1020.15
gfx950,256,928,384,7168,False,torch.bfloat16,torch.bfloat16,False,False,flydsl,3906,4,18.6558,flydsl_hgemm_abf16_wbf16_bf16_t64x96x64x4_ks4_w2x2x1_bias0_ktail0_gm0_pft_gfx950,0.0135,273.84,1046.41
gfx950,256,960,384,7168,False,torch.bfloat16,torch.bfloat16,False,False,flydsl,4124,4,19.1865,flydsl_hgemm_abf16_wbf16_bf16_t64x96x64x4_ks4_w2x2x1_bias0_ktail0_gm0_pft_gfx950,0.0135,275.44,1042.65
gfx950,256,992,384,7168,False,torch.bfloat16,torch.bfloat16,False,False,flydsl,3905,4,19.1579,flydsl_hgemm_abf16_wbf16_bf16_t64x96x64x4_ks4_w2x2x1_bias0_ktail0_gm0_pft_gfx950,0.0137,285.05,1069.44
gfx950,256,1088,384,7168,False,torch.bfloat16,torch.bfloat16,False,False,torch,0,0,20.9276,native,0.0,286.2,1048.29
gfx950,256,1152,384,7168,False,torch.bfloat16,torch.bfloat16,False,False,torch,0,0,21.1933,native,0.0,299.24,1080.76
gfx950,256,1216,384,7168,False,torch.bfloat16,torch.bfloat16,False,False,flydsl,4527,4,22.0604,flydsl_hgemm_abf16_wbf16_bf16_t96x96x64x4_ks4_w2x2x1_bias0_ktail0_gm0_pft_gfx950,0.0132,303.44,1082.1
gfx950,256,1280,384,7168,False,torch.bfloat16,torch.bfloat16,False,False,flydsl,4468,4,22.4913,flydsl_hgemm_abf16_wbf16_bf16_t96x96x64x4_ks4_w2x2x1_bias0_ktail0_gm0_pft_gfx950,0.0133,313.3,1104.34
gfx950,256,1344,384,7168,False,torch.bfloat16,torch.bfloat16,False,False,flydsl,4359,4,23.4489,flydsl_hgemm_abf16_wbf16_bf16_t96x96x64x5_ks4_w2x2x1_bias0_ktail0_gm0_pft_gfx950,0.0133,315.53,1100.47
gfx950,256,1408,384,7168,False,torch.bfloat16,torch.bfloat16,False,False,flydsl,3953,4,23.5206,flydsl_hgemm_abf16_wbf16_bf16_t96x96x64x5_ks4_w2x2x1_bias0_ktail0_gm0_pft_gfx950,0.0133,329.54,1138.21
gfx950,256,1472,384,7168,False,torch.bfloat16,torch.bfloat16,False,False,torch,0,0,23.3789,native,0.0,346.61,1186.46
gfx950,256,1536,384,7168,False,torch.bfloat16,torch.bfloat16,False,False,torch,0,0,24.0855,native,0.0,351.07,1191.79
gfx950,256,1600,384,7168,False,torch.bfloat16,torch.bfloat16,False,False,torch,0,0,24.364,native,0.0,361.52,1217.84
gfx950,256,1664,384,7168,False,torch.bfloat16,torch.bfloat16,False,False,torch,0,0,24.1119,native,0.0,379.91,1270.66
gfx950,256,1728,384,7168,False,torch.bfloat16,torch.bfloat16,False,False,flydsl,3180,4,26.7709,flydsl_hgemm_abf16_wbf16_bf16_t64x96x64x4_ks4_w2x2x1_bias0_ktail0_gm0_pft_gfx950,0.0137,355.34,1180.56
gfx950,256,1792,384,7168,False,torch.bfloat16,torch.bfloat16,False,False,flydsl,3474,4,27.0732,flydsl_hgemm_abf16_wbf16_bf16_t64x96x64x4_ks4_w2x2x1_bias0_ktail0_gm0_pft_gfx950,0.0136,364.38,1203.09
gfx950,256,1856,384,7168,False,torch.bfloat16,torch.bfloat16,False,False,flydsl,2588,4,27.6552,flydsl_hgemm_abf16_wbf16_bf16_t64x96x64x4_ks4_w2x2x1_bias0_ktail0_gm0_pft_gfx950,0.0136,369.45,1212.72
gfx950,256,1920,384,7168,False,torch.bfloat16,torch.bfloat16,False,False,flydsl,3078,4,28.0759,flydsl_hgemm_abf16_wbf16_bf16_t64x96x64x4_ks4_w2x2x1_bias0_ktail0_gm0_pft_gfx950,0.0136,376.47,1228.98
gfx950,256,1984,384,7168,False,torch.bfloat16,torch.bfloat16,False,False,flydsl,2784,4,28.8021,flydsl_hgemm_abf16_wbf16_bf16_t64x96x64x4_ks4_w2x2x1_bias0_ktail0_gm0_pft_gfx950,0.0136,379.21,1231.55
gfx950,256,2048,384,7168,False,torch.bfloat16,torch.bfloat16,False,False,torch,0,0,27.8888,native,0.0,404.26,1306.55
gfx950,256,4096,384,7168,False,torch.bfloat16,torch.bfloat16,False,False,flydsl,1916,1,40.387,flydsl_hgemm_abf16_wbf16_bf16_t64x96x128x4_ks1_w2x2x2_bias0_ktail0_gm4_pft_gfx950,0.0062,558.31,1668.14
gfx950,256,6144,384,7168,False,torch.bfloat16,torch.bfloat16,False,False,flydsl,1502,1,50.1807,flydsl_hgemm_abf16_wbf16_bf16_t96x96x128x3_ks1_w2x2x2_bias0_ktail0_gm4_pft_gfx950,0.006,674.02,1959.0
gfx950,256,8192,384,7168,False,torch.bfloat16,torch.bfloat16,False,False,flydsl,307,1,66.805,flydsl_hgemm_abf16_wbf16_bf16_t128x96x64x4_ks1_w2x2x1_bias0_ktail0_gm4_pft_gfx950,0.0,675.06,1934.54
gfx950,256,10240,384,7168,False,torch.bfloat16,torch.bfloat16,False,False,flydsl,1,1,78.2239,flydsl_hgemm_abf16_wbf16_bf16_t128x128x128x2_ks1_w2x2x1_bias0_ktail0_gm0_pht_gfx950,0.0,720.64,2047.58
gfx950,256,12288,384,7168,False,torch.bfloat16,torch.bfloat16,False,False,torch,0,0,82.336,native,0.0,821.58,2321.01
gfx950,256,14336,384,7168,False,torch.bfloat16,torch.bfloat16,False,False,torch,0,0,88.9696,native,0.0,887.04,2495.64
gfx950,256,16384,384,7168,False,torch.bfloat16,torch.bfloat16,False,False,torch,0,0,101.1382,native,0.0,891.79,2501.22
gfx950,256,1,512,7168,False,torch.bfloat16,torch.bfloat16,False,False,flydsl,142,7,5.7219,flydsl_hgemm_abf16_wbf16_bf16_t16x16x128x9_ks7_w1x1x1_bias0_ktail0_gm0_pft_gfx950,0.0195,1.28,1285.48
gfx950,256,2,512,7168,False,torch.bfloat16,torch.bfloat16,False,False,flydsl,142,7,5.8852,flydsl_hgemm_abf16_wbf16_bf16_t16x16x128x9_ks7_w1x1x1_bias0_ktail0_gm0_pft_gfx950,0.0244,2.49,1252.42
gfx950,256,4,512,7168,False,torch.bfloat16,torch.bfloat16,False,False,flydsl,130,7,5.8903,flydsl_hgemm_abf16_wbf16_bf16_t16x16x128x7_ks7_w1x1x1_bias0_ktail0_gm0_pft_gfx950,0.0244,4.98,1256.55
gfx950,256,8,512,7168,False,torch.bfloat16,torch.bfloat16,False,False,flydsl,136,7,5.9131,flydsl_hgemm_abf16_wbf16_bf16_t16x16x128x8_ks7_w1x1x1_bias0_ktail0_gm0_pft_gfx950,0.0178,9.93,1262.1
gfx950,256,16,512,7168,False,torch.bfloat16,torch.bfloat16,False,False,flydsl,124,7,6.1859,flydsl_hgemm_abf16_wbf16_bf16_t16x16x128x6_ks7_w1x1x1_bias0_ktail0_gm0_pft_gfx950,0.0205,18.99,1226.3
gfx950,256,32,512,7168,False,torch.bfloat16,torch.bfloat16,False,False,flydsl,495,8,6.6603,flydsl_hgemm_abf16_wbf16_bf16_t16x32x64x8_ks8_w1x2x1_bias0_ktail0_gm0_pft_gfx950,0.0212,35.27,1175.86
gfx950,256,48,512,7168,False,torch.bfloat16,torch.bfloat16,False,False,flydsl,2084,7,7.0315,flydsl_hgemm_abf16_wbf16_bf16_t32x32x64x8_ks7_w2x2x1_bias0_ktail0_gm0_pft_gfx950,0.0195,50.11,1148.73
gfx950,256,64,512,7168,False,torch.bfloat16,torch.bfloat16,False,False,flydsl,2119,7,7.3695,flydsl_hgemm_abf16_wbf16_bf16_t32x32x64x9_ks7_w2x2x1_bias0_ktail0_gm0_pft_gfx950,0.0197,63.74,1129.39
gfx950,256,80,512,7168,False,torch.bfloat16,torch.bfloat16,False,False,flydsl,4128,8,8.0938,flydsl_hgemm_abf16_wbf16_bf16_t48x32x64x6_ks8_w1x2x1_bias0_ktail0_gm0_pft_gfx950,0.0205,72.55,1058.69
gfx950,256,96,512,7168,False,torch.bfloat16,torch.bfloat16,False,False,flydsl,5775,8,8.3267,flydsl_hgemm_abf16_wbf16_bf16_t64x32x64x8_ks8_w4x1x1_bias0_ktail0_gm0_pft_gfx950,0.0215,84.62,1058.59
gfx950,256,112,512,7168,False,torch.bfloat16,torch.bfloat16,False,False,flydsl,5666,7,8.7284,flydsl_hgemm_abf16_wbf16_bf16_t64x32x64x6_ks7_w4x1x1_bias0_ktail0_gm0_pft_gfx950,0.0195,94.18,1038.03
gfx950,256,128,512,7168,False,torch.bfloat16,torch.bfloat16,False,False,flydsl,3040,7,9.1191,flydsl_hgemm_abf16_wbf16_bf16_t32x64x128x4_ks7_w2x2x1_bias0_ktail0_gm0_pft_gfx950,0.0202,103.03,1020.51
gfx950,256,144,512,7168,False,torch.bfloat16,torch.bfloat16,False,False,flydsl,6029,8,9.7755,flydsl_hgemm_abf16_wbf16_bf16_t96x32x64x6_ks8_w2x2x1_bias0_ktail0_gm0_pft_gfx950,0.022,108.12,977.12
gfx950,256,160,512,7168,False,torch.bfloat16,torch.bfloat16,False,False,flydsl,6411,8,10.0311,flydsl_hgemm_abf16_wbf16_bf16_t64x64x64x6_ks8_w2x2x1_bias0_ktail0_gm0_pft_gfx950,0.0214,117.08,976.73
gfx950,256,176,512,7168,False,torch.bfloat16,torch.bfloat16,False,False,flydsl,3855,8,10.3756,flydsl_hgemm_abf16_wbf16_bf16_t48x64x128x4_ks8_w1x4x1_bias0_ktail0_gm0_pft_gfx950,0.0217,124.51,967.98
gfx950,256,192,512,7168,False,torch.bfloat16,torch.bfloat16,False,False,flydsl,3890,8,10.6769,flydsl_hgemm_abf16_wbf16_bf16_t48x64x128x4_ks8_w1x4x1_bias0_ktail0_gm0_pft_gfx950,0.0217,131.99,963.68
gfx950,256,208,512,7168,False,torch.bfloat16,torch.bfloat16,False,False,flydsl,6047,7,10.8137,flydsl_hgemm_abf16_wbf16_bf16_t64x64x64x6_ks7_w2x2x1_bias0_ktail0_gm0_pft_gfx950,0.0198,141.18,974.22
gfx950,256,224,512,7168,False,torch.bfloat16,torch.bfloat16,False,False,flydsl,4794,4,10.9419,flydsl_hgemm_abf16_wbf16_bf16_t64x32x128x4_ks4_w4x1x1_bias0_ktail0_gm0_pft_gfx950,0.014,150.26,985.27
gfx950,256,240,512,7168,False,torch.bfloat16,torch.bfloat16,False,False,flydsl,5188,4,11.2596,flydsl_hgemm_abf16_wbf16_bf16_t64x32x64x6_ks4_w4x1x1_bias0_ktail0_gm0_pft_gfx950,0.0138,156.45,979.29
gfx950,256,256,512,7168,False,torch.bfloat16,torch.bfloat16,False,False,flydsl,5215,4,11.7401,flydsl_hgemm_abf16_wbf16_bf16_t64x32x64x8_ks4_w4x1x1_bias0_ktail0_gm0_pft_gfx950,0.0142,160.05,960.14
gfx950,256,288,512,7168,False,torch.bfloat16,torch.bfloat16,False,False,flydsl,3542,4,12.8522,flydsl_hgemm_abf16_wbf16_bf16_t48x64x128x3_ks4_w1x4x1_bias0_ktail0_gm0_pft_gfx950,0.0139,164.48,915.31
gfx950,256,320,512,7168,False,torch.bfloat16,torch.bfloat16,False,False,flydsl,3604,4,13.0295,flydsl_hgemm_abf16_wbf16_bf16_t48x64x128x4_ks4_w1x4x1_bias0_ktail0_gm0_pft_gfx950,0.0139,180.27,940.58
gfx950,256,352,512,7168,False,torch.bfloat16,torch.bfloat16,False,False,flydsl,3268,4,13.2604,flydsl_hgemm_abf16_wbf16_bf16_t48x64x128x4_ks4_w1x4x1_bias0_ktail0_gm0_pft_gfx950,0.0138,194.84,961.26
gfx950,256,384,512,7168,False,torch.bfloat16,torch.bfloat16,False,False,flydsl,3268,4,13.9343,flydsl_hgemm_abf16_wbf16_bf16_t48x64x128x4_ks4_w1x4x1_bias0_ktail0_gm0_pft_gfx950,0.0139,202.28,950.05
gfx950,256,416,512,7168,False,torch.bfloat16,torch.bfloat16,False,False,flydsl,5240,4,14.217,flydsl_hgemm_abf16_wbf16_bf16_t64x64x64x8_ks4_w4x2x1_bias0_ktail0_gm0_pft_gfx950,0.0142,214.77,965.73
gfx950,256,448,512,7168,False,torch.bfloat16,torch.bfloat16,False,False,flydsl,5067,4,15.0271,flydsl_hgemm_abf16_wbf16_bf16_t64x64x64x6_ks4_w2x4x1_bias0_ktail0_gm0_pft_gfx950,0.0141,218.83,946.38
gfx950,256,480,512,7168,False,torch.bfloat16,torch.bfloat16,False,False,flydsl,4919,4,15.0463,flydsl_hgemm_abf16_wbf16_bf16_t64x64x64x5_ks4_w2x2x1_bias0_ktail0_gm0_pft_gfx950,0.0139,234.16,977.84
gfx950,256,512,512,7168,False,torch.bfloat16,torch.bfloat16,False,False,flydsl,4902,4,15.8885,flydsl_hgemm_abf16_wbf16_bf16_t64x64x64x6_ks4_w4x2x1_bias0_ktail0_gm0_pft_gfx950,0.0139,236.53,956.94
gfx950,256,544,512,7168,False,torch.bfloat16,torch.bfloat16,False,False,asm,8,5,16.6048,_ZN5aiter39bf16gemm_fp32bf16_tn_96x64_splitk_cleanE,0.016,240.47,945.26
gfx950,256,576,512,7168,False,torch.bfloat16,torch.bfloat16,False,False,asm,8,5,17.0727,_ZN5aiter39bf16gemm_fp32bf16_tn_96x64_splitk_cleanE,0.0163,247.64,948.14
gfx950,256,608,512,7168,False,torch.bfloat16,torch.bfloat16,False,False,asm,7,4,17.5706,_ZN5aiter39bf16gemm_fp32bf16_tn_80x64_splitk_cleanE,0.0135,253.99,949.25
gfx950,256,640,512,7168,False,torch.bfloat16,torch.bfloat16,False,False,asm,8,4,18.0284,_ZN5aiter39bf16gemm_fp32bf16_tn_96x64_splitk_cleanE,0.0134,260.57,952.41
gfx950,256,672,512,7168,False,torch.bfloat16,torch.bfloat16,False,False,asm,8,4,18.5528,_ZN5aiter39bf16gemm_fp32bf16_tn_96x64_splitk_cleanE,0.0135,265.86,951.98
gfx950,256,704,512,7168,False,torch.bfloat16,torch.bfloat16,False,False,asm,8,4,18.8364,_ZN5aiter39bf16gemm_fp32bf16_tn_96x64_splitk_cleanE,0.0134,274.33,963.74
gfx950,256,736,512,7168,False,torch.bfloat16,torch.bfloat16,False,False,asm,8,4,19.1524,_ZN5aiter39bf16gemm_fp32bf16_tn_96x64_splitk_cleanE,0.0135,282.07,973.51
gfx950,256,768,512,7168,False,torch.bfloat16,torch.bfloat16,False,False,asm,8,4,19.8127,_ZN5aiter39bf16gemm_fp32bf16_tn_96x64_splitk_cleanE,0.0135,284.52,965.87
gfx950,256,800,512,7168,False,torch.bfloat16,torch.bfloat16,False,False,flydsl,2858,4,20.5837,flydsl_hgemm_abf16_wbf16_bf16_t64x128x64x6_ks4_w2x4x1_bias0_ktail0_gm0_pft_gfx950,0.0134,285.28,953.57
gfx950,256,832,512,7168,False,torch.bfloat16,torch.bfloat16,False,False,flydsl,2836,4,21.1459,flydsl_hgemm_abf16_wbf16_bf16_t64x128x64x5_ks4_w2x4x1_bias0_ktail0_gm0_pft_gfx950,0.0134,288.8,951.46
gfx950,256,864,512,7168,False,torch.bfloat16,torch.bfloat16,False,False,flydsl,2778,4,21.0905,flydsl_hgemm_abf16_wbf16_bf16_t64x128x64x4_ks4_w2x4x1_bias0_ktail0_gm0_pft_gfx950,0.0135,300.69,977.27
gfx950,256,896,512,7168,False,torch.bfloat16,torch.bfloat16,False,False,flydsl,2985,4,21.5066,flydsl_hgemm_abf16_wbf16_bf16_t64x128x64x4_ks4_w2x4x1_bias0_ktail0_gm0_pft_gfx950,0.0139,305.8,981.21
gfx950,256,928,512,7168,False,torch.bfloat16,torch.bfloat16,False,False,torch,0,0,20.9703,native,0.0,324.82,1029.75
gfx950,256,960,512,7168,False,torch.bfloat16,torch.bfloat16,False,False,torch,0,0,21.5842,native,0.0,326.46,1023.23
gfx950,256,992,512,7168,False,torch.bfloat16,torch.bfloat16,False,False,flydsl,2827,4,21.9888,flydsl_hgemm_abf16_wbf16_bf16_t64x128x64x4_ks4_w2x4x1_bias0_ktail0_gm0_pft_gfx950,0.0137,331.14,1026.76
gfx950,256,1024,512,7168,False,torch.bfloat16,torch.bfloat16,False,False,flydsl,2798,4,22.6554,flydsl_hgemm_abf16_wbf16_bf16_t64x128x64x4_ks4_w2x4x1_bias0_ktail0_gm0_pft_gfx950,0.0137,331.76,1018.24
gfx950,256,1088,512,7168,False,torch.bfloat16,torch.bfloat16,False,False,flydsl,3367,4,25.0131,flydsl_hgemm_abf16_wbf16_bf16_t96x128x64x4_ks4_w2x2x1_bias0_ktail0_gm0_pft_gfx950,0.0136,319.27,961.56
gfx950,256,1152,512,7168,False,torch.bfloat16,torch.bfloat16,False,False,flydsl,3526,4,26.2519,flydsl_hgemm_abf16_wbf16_bf16_t96x128x64x4_ks4_w2x2x1_bias0_ktail0_gm0_pft_gfx950,0.0138,322.1,953.64
gfx950,256,1216,512,7168,False,torch.bfloat16,torch.bfloat16,False,False,flydsl,3391,4,26.3533,flydsl_hgemm_abf16_wbf16_bf16_t96x128x64x4_ks4_w2x2x1_bias0_ktail0_gm0_pft_gfx950,0.0133,338.69,987.27
gfx950,256,1280,512,7168,False,torch.bfloat16,torch.bfloat16,False,False,torch,0,0,25.7614,native,0.0,364.7,1048.11
gfx950,256,1344,512,7168,False,torch.bfloat16,torch.bfloat16,False,False,flydsl,1696,1,27.3361,flydsl_hgemm_abf16_wbf16_bf16_t48x32x64x6_ks1_w1x2x1_bias0_ktail0_gm4_pft_gfx950,0.0,360.88,1023.7
gfx950,256,1408,512,7168,False,torch.bfloat16,torch.bfloat16,False,False,torch,0,0,27.2129,native,0.0,379.77,1064.46
gfx950,256,1472,512,7168,False,torch.bfloat16,torch.bfloat16,False,False,torch,0,0,27.5674,native,0.0,391.93,1086.43
gfx950,256,1536,512,7168,False,torch.bfloat16,torch.bfloat16,False,False,torch,0,0,27.9731,native,0.0,403.04,1105.81
gfx950,256,1600,512,7168,False,torch.bfloat16,torch.bfloat16,False,False,flydsl,129,4,30.9852,flydsl_hgemm_abf16_wbf16_bf16_t128x128x64x4_ks4_w4x2x1_bias0_ktail0_gm0_pft_gfx950,0.014,379.02,1030.04
gfx950,256,1664,512,7168,False,torch.bfloat16,torch.bfloat16,False,False,torch,0,0,29.9411,native,0.0,407.93,1098.79
gfx950,256,1728,512,7168,False,torch.bfloat16,torch.bfloat16,False,False,torch,0,0,29.9931,native,0.0,422.88,1129.66
gfx950,256,1792,512,7168,False,torch.bfloat16,torch.bfloat16,False,False,torch,0,0,30.0088,native,0.0,438.32,1161.83
gfx950,256,1856,512,7168,False,torch.bfloat16,torch.bfloat16,False,False,torch,0,0,31.829,native,0.0,428.01,1126.27
gfx950,256,1920,512,7168,False,torch.bfloat16,torch.bfloat16,False,False,torch,0,0,31.9295,native,0.0,441.37,1153.52
gfx950,256,1984,512,7168,False,torch.bfloat16,torch.bfloat16,False,False,torch,0,0,33.048,native,0.0,440.65,1144.22
gfx950,256,2048,512,7168,False,torch.bfloat16,torch.bfloat16,False,False,torch,0,0,30.2855,native,0.0,496.36,1281.05
gfx950,256,4096,512,7168,False,torch.bfloat16,torch.bfloat16,False,False,flydsl,1077,1,48.0416,flydsl_hgemm_abf16_wbf16_bf16_t64x128x128x3_ks1_w2x2x2_bias0_ktail0_gm4_pft_gfx950,0.0062,625.81,1462.37
gfx950,256,6144,512,7168,False,torch.bfloat16,torch.bfloat16,False,False,flydsl,1144,1,65.8434,flydsl_hgemm_abf16_wbf16_bf16_t96x128x64x4_ks1_w2x2x1_bias0_ktail0_gm4_pft_gfx950,0.0,684.92,1544.75
gfx950,256,8192,512,7168,False,torch.bfloat16,torch.bfloat16,False,False,flydsl,47,1,73.4915,flydsl_hgemm_abf16_wbf16_bf16_t128x128x64x4_ks1_w4x4x1_bias0_ktail0_gm4_pft_gfx950,0.0,818.18,1812.03
gfx950,256,10240,512,7168,False,torch.bfloat16,torch.bfloat16,False,False,torch,0,0,93.8349,native,0.0,801.0,1754.43
gfx950,256,12288,512,7168,False,torch.bfloat16,torch.bfloat16,False,False,opus,6402,0,97.4902,opus_gemm_mono_tile_512x192x128x64_2x4_16x16x32_0x0x0_nooob_4g_safe,0.0,925.16,2011.32
gfx950,256,14336,512,7168,False,torch.bfloat16,torch.bfloat16,False,False,opus,1401,0,106.0223,opus_gemm_mono_tile_512x128x256x64_2x4_16x16x32_0x0x0_nooob,0.0,992.5,2146.16
gfx950,256,16384,512,7168,False,torch.bfloat16,torch.bfloat16,False,False,opus,1401,0,112.0783,opus_gemm_mono_tile_512x128x256x64_2x4_16x16x32_0x0x0_nooob,0.0,1072.99,2310.87
gfx950,256,32768,512,7168,False,torch.bfloat16,torch.bfloat16,False,False,torch,0,0,177.5695,native,0.0,1354.5,2875.81
gfx950,256,1,1024,7168,False,torch.bfloat16,torch.bfloat16,False,False,flydsl,335,7,6.5268,flydsl_hgemm_abf16_wbf16_bf16_t16x32x128x9_ks7_w1x2x1_bias0_ktail0_gm0_pft_gfx950,0.0215,2.25,2251.71
gfx950,256,2,1024,7168,False,torch.bfloat16,torch.bfloat16,False,False,flydsl,507,7,6.5274,flydsl_hgemm_abf16_wbf16_bf16_t16x32x64x9_ks7_w1x2x1_bias0_ktail0_gm0_pft_gfx950,0.0205,4.5,2254.01
gfx950,256,4,1024,7168,False,torch.bfloat16,torch.bfloat16,False,False,flydsl,492,7,6.4589,flydsl_hgemm_abf16_wbf16_bf16_t16x32x64x8_ks7_w1x2x1_bias0_ktail0_gm0_pft_gfx950,0.0186,9.09,2282.99
gfx950,256,8,1024,7168,False,torch.bfloat16,torch.bfloat16,False,False,flydsl,492,7,6.5815,flydsl_hgemm_abf16_wbf16_bf16_t16x32x64x8_ks7_w1x2x1_bias0_ktail0_gm0_pft_gfx950,0.0198,17.84,2250.42
gfx950,256,32,1024,7168,False,torch.bfloat16,torch.bfloat16,False,False,flydsl,2054,8,7.4068,flydsl_hgemm_abf16_wbf16_bf16_t32x32x64x7_ks8_w2x1x1_bias0_ktail0_gm0_pft_gfx950,0.0215,63.42,2052.76
gfx950,256,48,1024,7168,False,torch.bfloat16,torch.bfloat16,False,False,flydsl,4807,7,8.3976,flydsl_hgemm_abf16_wbf16_bf16_t64x32x64x8_ks7_w2x2x1_bias0_ktail0_gm0_pft_gfx950,0.0197,83.91,1841.78
gfx950,256,64,1024,7168,False,torch.bfloat16,torch.bfloat16,False,False,flydsl,1914,4,9.1161,flydsl_hgemm_abf16_wbf16_bf16_t32x32x64x9_ks4_w2x2x1_bias0_ktail0_gm0_pft_gfx950,0.0141,103.06,1725.37
gfx950,256,72,1024,7168,False,torch.bfloat16,torch.bfloat16,False,False,flydsl,3784,7,9.7953,flydsl_hgemm_abf16_wbf16_bf16_t48x64x128x3_ks7_w1x4x1_bias0_ktail0_gm0_pft_gfx950,0.0206,107.91,1619.11
gfx950,256,80,1024,7168,False,torch.bfloat16,torch.bfloat16,False,False,flydsl,3784,7,9.9872,flydsl_hgemm_abf16_wbf16_bf16_t48x64x128x3_ks7_w1x4x1_bias0_ktail0_gm0_pft_gfx950,0.0202,117.59,1601.13
gfx950,256,88,1024,7168,False,torch.bfloat16,torch.bfloat16,False,False,flydsl,5931,7,10.1991,flydsl_hgemm_abf16_wbf16_bf16_t64x64x64x6_ks7_w2x2x1_bias0_ktail0_gm0_pft_gfx950,0.02,126.66,1580.71
gfx950,256,104,1024,7168,False,torch.bfloat16,torch.bfloat16,False,False,flydsl,5046,4,10.4187,flydsl_hgemm_abf16_wbf16_bf16_t64x32x64x8_ks4_w4x1x1_bias0_ktail0_gm0_pft_gfx950,0.0144,146.54,1572.56
gfx950,256,112,1024,7168,False,torch.bfloat16,torch.bfloat16,False,False,flydsl,4968,4,10.9892,flydsl_hgemm_abf16_wbf16_bf16_t64x32x64x6_ks4_w2x2x1_bias0_ktail0_gm0_pft_gfx950,0.0141,149.62,1502.85
gfx950,256,128,1024,7168,False,torch.bfloat16,torch.bfloat16,False,False,flydsl,2946,4,11.6491,flydsl_hgemm_abf16_wbf16_bf16_t32x64x64x6_ks4_w2x2x1_bias0_ktail0_gm0_pft_gfx950,0.0141,161.3,1440.22
gfx950,256,136,1024,7168,False,torch.bfloat16,torch.bfloat16,False,False,flydsl,4374,8,12.4137,flydsl_hgemm_abf16_wbf16_bf16_t64x64x64x5_ks8_w4x2x1_bias0_ktail0_gm0_pft_gfx950,0.0217,160.83,1362.07
gfx950,256,152,1024,7168,False,torch.bfloat16,torch.bfloat16,False,False,flydsl,5428,8,12.5653,flydsl_hgemm_abf16_wbf16_bf16_t64x64x64x5_ks8_w4x2x1_bias0_ktail0_gm0_pft_gfx950,0.0218,177.58,1366.5
gfx950,256,160,1024,7168,False,torch.bfloat16,torch.bfloat16,False,False,flydsl,3582,4,12.73,flydsl_hgemm_abf16_wbf16_bf16_t48x64x128x4_ks4_w1x4x1_bias0_ktail0_gm0_pft_gfx950,0.0143,184.51,1359.11
gfx950,256,168,1024,7168,False,torch.bfloat16,torch.bfloat16,False,False,flydsl,3261,4,12.9225,flydsl_hgemm_abf16_wbf16_bf16_t48x64x128x4_ks4_w1x4x1_bias0_ktail0_gm0_pft_gfx950,0.0142,190.85,1349.01
gfx950,256,176,1024,7168,False,torch.bfloat16,torch.bfloat16,False,False,flydsl,3261,4,13.1262,flydsl_hgemm_abf16_wbf16_bf16_t48x64x128x4_ks4_w1x4x1_bias0_ktail0_gm0_pft_gfx950,0.0145,196.83,1338.06
gfx950,256,184,1024,7168,False,torch.bfloat16,torch.bfloat16,False,False,flydsl,3236,4,13.3191,flydsl_hgemm_abf16_wbf16_bf16_t48x64x128x3_ks4_w1x4x1_bias0_ktail0_gm0_pft_gfx950,0.0144,202.8,1328.52
gfx950,256,224,1024,7168,False,torch.bfloat16,torch.bfloat16,False,False,flydsl,5035,4,14.083,flydsl_hgemm_abf16_wbf16_bf16_t64x64x64x6_ks4_w2x2x1_bias0_ktail0_gm0_pft_gfx950,0.0141,233.5,1303.0
gfx950,256,232,1024,7168,False,torch.bfloat16,torch.bfloat16,False,False,flydsl,5006,4,14.4166,flydsl_hgemm_abf16_wbf16_bf16_t64x64x64x6_ks4_w4x2x1_bias0_ktail0_gm0_pft_gfx950,0.0142,236.24,1281.94
gfx950,256,240,1024,7168,False,torch.bfloat16,torch.bfloat16,False,False,flydsl,5006,4,14.7328,flydsl_hgemm_abf16_wbf16_bf16_t64x64x64x6_ks4_w4x2x1_bias0_ktail0_gm0_pft_gfx950,0.014,239.14,1263.32
gfx950,256,264,1024,7168,False,torch.bfloat16,torch.bfloat16,False,False,asm,8,5,16.2383,_ZN5aiter39bf16gemm_fp32bf16_tn_96x64_splitk_cleanE,0.0162,238.67,1170.41
gfx950,256,272,1024,7168,False,torch.bfloat16,torch.bfloat16,False,False,asm,8,5,16.384,_ZN5aiter39bf16gemm_fp32bf16_tn_96x64_splitk_cleanE,0.0164,243.71,1168.0
gfx950,256,352,1024,7168,False,torch.bfloat16,torch.bfloat16,False,False,flydsl,4690,4,18.0482,flydsl_hgemm_abf16_wbf16_bf16_t96x64x64x4_ks4_w2x2x1_bias0_ktail0_gm0_pft_gfx950,0.0138,286.31,1132.92
gfx950,256,376,1024,7168,False,torch.bfloat16,torch.bfloat16,False,False,asm,8,4,18.9215,_ZN5aiter39bf16gemm_fp32bf16_tn_96x64_splitk_cleanE,0.0139,291.72,1101.42
gfx950,256,416,1024,7168,False,torch.bfloat16,torch.bfloat16,False,False,flydsl,3968,4,19.7705,flydsl_hgemm_abf16_wbf16_bf16_t64x64x64x5_ks4_w2x2x1_bias0_ktail0_gm0_pft_gfx950,0.0138,308.89,1087.27
gfx950,256,448,1024,7168,False,torch.bfloat16,torch.bfloat16,False,False,flydsl,3910,4,20.5828,flydsl_hgemm_abf16_wbf16_bf16_t64x64x64x4_ks4_w1x4x1_bias0_ktail0_gm0_pft_gfx950,0.0138,319.52,1069.83
gfx950,256,480,1024,7168,False,torch.bfloat16,torch.bfloat16,False,False,flydsl,3607,2,21.1124,flydsl_hgemm_abf16_wbf16_bf16_t64x64x128x3_ks2_w2x2x2_bias0_ktail0_gm0_pft_gfx950,0.0143,333.76,1067.83
gfx950,256,512,1024,7168,False,torch.bfloat16,torch.bfloat16,False,False,torch,0,0,20.0237,native,0.0,375.36,1152.07
gfx950,256,544,1024,7168,False,torch.bfloat16,torch.bfloat16,False,False,flydsl,3809,4,23.9315,flydsl_hgemm_abf16_wbf16_bf16_t96x64x64x4_ks4_w2x2x1_bias0_ktail0_gm0_pft_gfx950,0.0139,333.7,985.85
gfx950,256,576,1024,7168,False,torch.bfloat16,torch.bfloat16,False,False,torch,0,0,21.7179,native,0.0,389.34,1110.48
gfx950,256,608,1024,7168,False,torch.bfloat16,torch.bfloat16,False,False,flydsl,3743,4,24.5523,flydsl_hgemm_abf16_wbf16_bf16_t96x64x64x4_ks4_w2x2x1_bias0_ktail0_gm0_pft_gfx950,0.0136,363.53,1003.63
gfx950,256,640,1024,7168,False,torch.bfloat16,torch.bfloat16,False,False,flydsl,3913,4,25.1535,flydsl_hgemm_abf16_wbf16_bf16_t96x64x64x4_ks4_w2x2x1_bias0_ktail0_gm0_pft_gfx950,0.0136,373.52,1000.49
gfx950,256,672,1024,7168,False,torch.bfloat16,torch.bfloat16,False,False,flydsl,3560,4,25.898,flydsl_hgemm_abf16_wbf16_bf16_t96x64x64x4_ks4_w2x2x1_bias0_ktail0_gm0_pft_gfx950,0.0136,380.92,991.97
gfx950,256,704,1024,7168,False,torch.bfloat16,torch.bfloat16,False,False,flydsl,3454,2,26.9929,flydsl_hgemm_abf16_wbf16_bf16_t96x64x128x4_ks2_w2x2x2_bias0_ktail0_gm0_pft_gfx950,0.0142,382.87,971.16
gfx950,256,736,1024,7168,False,torch.bfloat16,torch.bfloat16,False,False,flydsl,3428,2,27.347,flydsl_hgemm_abf16_wbf16_bf16_t96x64x128x3_ks2_w2x2x2_bias0_ktail0_gm0_pft_gfx950,0.0142,395.09,977.76
gfx950,256,768,1024,7168,False,torch.bfloat16,torch.bfloat16,False,False,torch,0,0,28.0065,native,0.0,402.56,973.45
gfx950,256,800,1024,7168,False,torch.bfloat16,torch.bfloat16,False,False,flydsl,100,4,29.8714,flydsl_hgemm_abf16_wbf16_bf16_t128x128x64x3_ks4_w4x4x1_bias0_ktail0_gm0_pft_gfx950,0.0136,393.15,930.23
gfx950,256,832,1024,7168,False,torch.bfloat16,torch.bfloat16,False,False,torch,0,0,29.7453,native,0.0,410.61,951.8
gfx950,256,864,1024,7168,False,torch.bfloat16,torch.bfloat16,False,False,torch,0,0,30.682,native,0.0,413.39,939.83
gfx950,256,896,1024,7168,False,torch.bfloat16,torch.bfloat16,False,False,torch,0,0,30.1537,native,0.0,436.21,973.68
gfx950,256,928,1024,7168,False,torch.bfloat16,torch.bfloat16,False,False,flydsl,2641,1,31.9653,flydsl_hgemm_abf16_wbf16_bf16_t64x64x128x3_ks1_w2x2x2_bias0_ktail0_gm0_pft_gfx950,0.006,426.18,934.9
gfx950,256,960,1024,7168,False,torch.bfloat16,torch.bfloat16,False,False,torch,0,0,31.7527,native,0.0,443.83,957.67
gfx950,256,992,1024,7168,False,torch.bfloat16,torch.bfloat16,False,False,flydsl,2629,1,31.3998,flydsl_hgemm_abf16_wbf16_bf16_t64x64x128x3_ks1_w2x2x2_bias0_ktail0_gm4_pft_gfx950,0.0061,463.78,985.13
gfx950,256,1024,1024,7168,False,torch.bfloat16,torch.bfloat16,False,False,torch,0,0,27.6772,native,0.0,543.13,1136.58
gfx950,256,1088,1024,7168,False,torch.bfloat16,torch.bfloat16,False,False,torch,0,0,34.7004,native,0.0,460.28,936.76
gfx950,256,1152,1024,7168,False,torch.bfloat16,torch.bfloat16,False,False,torch,0,0,35.0744,native,0.0,482.16,956.66
gfx950,256,1216,1024,7168,False,torch.bfloat16,torch.bfloat16,False,False,torch,0,0,35.35,native,0.0,504.98,978.87
gfx950,256,1280,1024,7168,False,torch.bfloat16,torch.bfloat16,False,False,torch,0,0,37.5454,native,0.0,500.47,949.56
gfx950,256,1344,1024,7168,False,torch.bfloat16,torch.bfloat16,False,False,flydsl,1150,1,38.369,flydsl_hgemm_abf16_wbf16_bf16_t48x64x64x4_ks1_w1x1x2_bias0_ktail0_gm4_pft_gfx950,0.0059,514.22,956.51
gfx950,256,1408,1024,7168,False,torch.bfloat16,torch.bfloat16,False,False,torch,0,0,37.8529,native,0.0,546.05,997.25
gfx950,256,1472,1024,7168,False,torch.bfloat16,torch.bfloat16,False,False,flydsl,2351,1,40.6426,flydsl_hgemm_abf16_wbf16_bf16_t96x64x128x3_ks1_w2x2x2_bias0_ktail0_gm4_pft_gfx950,0.0062,531.68,954.6
gfx950,256,1536,1024,7168,False,torch.bfloat16,torch.bfloat16,False,False,torch,0,0,36.843,native,0.0,612.02,1081.5
gfx950,256,1600,1024,7168,False,torch.bfloat16,torch.bfloat16,False,False,torch,0,0,43.4961,native,0.0,540.0,940.19
gfx950,256,1664,1024,7168,False,torch.bfloat16,torch.bfloat16,False,False,flydsl,1852,1,43.2237,flydsl_hgemm_abf16_wbf16_bf16_t64x64x64x5_ks1_w2x1x1_bias0_ktail0_gm4_pft_gfx950,0.0,565.14,970.37
gfx950,256,1728,1024,7168,False,torch.bfloat16,torch.bfloat16,False,False,flydsl,1852,1,43.2829,flydsl_hgemm_abf16_wbf16_bf16_t64x64x64x5_ks1_w2x1x1_bias0_ktail0_gm4_pft_gfx950,0.0,586.08,993.27
gfx950,256,1792,1024,7168,False,torch.bfloat16,torch.bfloat16,False,False,flydsl,1867,1,43.4924,flydsl_hgemm_abf16_wbf16_bf16_t64x64x64x4_ks1_w2x1x1_bias0_ktail0_gm4_pft_gfx950,0.0,604.86,1012.6
gfx950,256,1856,1024,7168,False,torch.bfloat16,torch.bfloat16,False,False,flydsl,63,2,48.0413,flydsl_hgemm_abf16_wbf16_bf16_t128x128x64x3_ks2_w4x4x1_bias0_ktail0_gm0_pft_gfx950,0.006,567.14,938.54
gfx950,256,1920,1024,7168,False,torch.bfloat16,torch.bfloat16,False,False,torch,0,0,46.3294,native,0.0,608.38,995.85
gfx950,256,1984,1024,7168,False,torch.bfloat16,torch.bfloat16,False,False,flydsl,311,1,47.9204,flydsl_hgemm_abf16_wbf16_bf16_t128x64x128x3_ks1_w4x1x2_bias0_ktail0_gm4_pft_gfx950,0.006,607.78,984.67
gfx950,256,2048,1024,7168,False,torch.bfloat16,torch.bfloat16,False,False,torch,0,0,44.8583,native,0.0,670.22,1075.26
gfx950,256,4096,1024,7168,False,torch.bfloat16,torch.bfloat16,False,False,torch,0,0,68.3133,native,0.0,880.2,1197.26
gfx950,256,6144,1024,7168,False,torch.bfloat16,torch.bfloat16,False,False,opus,6402,0,95.0185,opus_gemm_mono_tile_512x192x128x64_2x4_16x16x32_0x0x0_nooob_4g_safe,0.0,949.23,1213.9
gfx950,256,8192,1024,7168,False,torch.bfloat16,torch.bfloat16,False,False,torch,0,0,112.6447,native,0.0,1067.6,1321.84
gfx950,256,10240,1024,7168,False,torch.bfloat16,torch.bfloat16,False,False,torch,0,0,128.5337,native,0.0,1169.53,1419.49
gfx950,256,12288,1024,7168,False,torch.bfloat16,torch.bfloat16,False,False,opus,1400,0,137.5567,opus_gemm_mono_tile_512x192x256x64_2x4_16x16x32_0x0x0_nooob,0.0,1311.38,1570.31
gfx950,256,14336,1024,7168,False,torch.bfloat16,torch.bfloat16,False,False,torch,0,0,162.2817,native,0.0,1296.84,1537.83
gfx950,256,16384,1024,7168,False,torch.bfloat16,torch.bfloat16,False,False,torch,0,0,172.6594,native,0.0,1393.02,1639.73
gfx950,256,32768,1024,7168,False,torch.bfloat16,torch.bfloat16,False,False,torch,0,0,334.8418,native,0.0,1436.61,1647.2
gfx950,256,1,2048,7168,False,torch.bfloat16,torch.bfloat16,False,False,flydsl,766,7,8.4405,flydsl_hgemm_abf16_wbf16_bf16_t16x64x64x6_ks7_w1x2x1_bias0_ktail0_gm0_pft_gfx950,0.0171,3.48,3480.67
gfx950,256,2,2048,7168,False,torch.bfloat16,torch.bfloat16,False,False,flydsl,197,7,6.7494,flydsl_hgemm_abf16_wbf16_bf16_t16x32x128x2_ks7_w1x2x1_bias0_ktail0_gm0_pft_gfx950,0.0156,8.7,4355.5
gfx950,256,4,2048,7168,False,torch.bfloat16,torch.bfloat16,False,False,flydsl,766,7,8.5421,flydsl_hgemm_abf16_wbf16_bf16_t16x64x64x6_ks7_w1x2x1_bias0_ktail0_gm0_pft_gfx950,0.0184,13.75,3445.74
gfx950,256,8,2048,7168,False,torch.bfloat16,torch.bfloat16,False,False,flydsl,242,4,8.5908,flydsl_hgemm_abf16_wbf16_bf16_t16x32x128x5_ks4_w1x2x1_bias0_ktail0_gm0_pft_gfx950,0.0132,27.34,3434.79
gfx950,256,16,2048,7168,False,torch.bfloat16,torch.bfloat16,False,False,flydsl,274,4,8.9138,flydsl_hgemm_abf16_wbf16_bf16_t16x32x128x7_ks4_w1x2x1_bias0_ktail0_gm0_pft_gfx950,0.0142,52.7,3326.87
gfx950,256,32,2048,7168,False,torch.bfloat16,torch.bfloat16,False,False,flydsl,1912,4,9.7978,flydsl_hgemm_abf16_wbf16_bf16_t32x32x64x9_ks4_w2x1x1_bias0_ktail0_gm0_pft_gfx950,0.0138,95.89,3056.8
gfx950,256,48,2048,7168,False,torch.bfloat16,torch.bfloat16,False,False,flydsl,4985,7,11.1223,flydsl_hgemm_abf16_wbf16_bf16_t64x64x64x6_ks7_w4x2x1_bias0_ktail0_gm0_pft_gfx950,0.0196,126.71,2719.3
gfx950,256,64,2048,7168,False,torch.bfloat16,torch.bfloat16,False,False,flydsl,4028,4,12.1759,flydsl_hgemm_abf16_wbf16_bf16_t64x32x64x6_ks4_w2x2x1_bias0_ktail0_gm0_pft_gfx950,0.0139,154.33,2508.22
gfx950,256,80,2048,7168,False,torch.bfloat16,torch.bfloat16,False,False,flydsl,4937,4,13.1187,flydsl_hgemm_abf16_wbf16_bf16_t64x64x64x5_ks4_w4x2x1_bias0_ktail0_gm0_pft_gfx950,0.0141,179.04,2350.44
gfx950,256,96,2048,7168,False,torch.bfloat16,torch.bfloat16,False,False,flydsl,5077,4,13.7892,flydsl_hgemm_abf16_wbf16_bf16_t64x64x64x8_ks4_w4x2x1_bias0_ktail0_gm0_pft_gfx950,0.014,204.4,2257.53
gfx950,256,112,2048,7168,False,torch.bfloat16,torch.bfloat16,False,False,flydsl,4808,4,14.6307,flydsl_hgemm_abf16_wbf16_bf16_t64x64x64x7_ks4_w4x2x1_bias0_ktail0_gm0_pft_gfx950,0.0142,224.76,2147.85
gfx950,256,128,2048,7168,False,torch.bfloat16,torch.bfloat16,False,False,flydsl,4733,4,15.5033,flydsl_hgemm_abf16_wbf16_bf16_t64x64x64x6_ks4_w4x2x1_bias0_ktail0_gm0_pft_gfx950,0.0143,242.41,2045.98
gfx950,256,144,2048,7168,False,torch.bfloat16,torch.bfloat16,False,False,flydsl,3954,4,16.8361,flydsl_hgemm_abf16_wbf16_bf16_t96x64x64x4_ks4_w2x1x2_bias0_ktail0_gm0_pft_gfx950,0.0216,251.12,1901.53
gfx950,256,160,2048,7168,False,torch.bfloat16,torch.bfloat16,False,False,flydsl,4842,4,17.6673,flydsl_hgemm_abf16_wbf16_bf16_t96x64x64x4_ks4_w2x2x1_bias0_ktail0_gm0_pft_gfx950,0.0142,265.89,1828.76
gfx950,256,176,2048,7168,False,torch.bfloat16,torch.bfloat16,False,False,flydsl,4684,4,18.4336,flydsl_hgemm_abf16_wbf16_bf16_t96x64x64x5_ks4_w2x2x1_bias0_ktail0_gm0_pft_gfx950,0.014,280.32,1768.74
gfx950,256,192,2048,7168,False,torch.bfloat16,torch.bfloat16,False,False,flydsl,636,4,18.9267,flydsl_hgemm_abf16_wbf16_bf16_t128x64x64x4_ks4_w4x2x1_bias0_ktail0_gm0_pft_gfx950,0.0142,297.84,1738.24
gfx950,256,208,2048,7168,False,torch.bfloat16,torch.bfloat16,False,False,flydsl,676,4,20.0601,flydsl_hgemm_abf16_wbf16_bf16_t128x64x64x5_ks4_w4x2x1_bias0_ktail0_gm0_pft_gfx950,0.0141,304.43,1654.73
gfx950,256,224,2048,7168,False,torch.bfloat16,torch.bfloat16,False,False,flydsl,3920,4,20.6465,flydsl_hgemm_abf16_wbf16_bf16_t64x64x64x5_ks4_w2x2x1_bias0_ktail0_gm0_pft_gfx950,0.014,318.54,1622.01
gfx950,256,240,2048,7168,False,torch.bfloat16,torch.bfloat16,False,False,flydsl,3823,4,21.4457,flydsl_hgemm_abf16_wbf16_bf16_t64x64x64x4_ks4_w2x2x1_bias0_ktail0_gm0_pft_gfx950,0.014,328.57,1575.32
gfx950,256,256,2048,7168,False,torch.bfloat16,torch.bfloat16,False,False,torch,0,0,21.1011,native,0.0,356.2,1615.02
gfx950,256,288,2048,7168,False,torch.bfloat16,torch.bfloat16,False,False,flydsl,3639,4,24.8463,flydsl_hgemm_abf16_wbf16_bf16_t96x64x64x4_ks4_w2x2x1_bias0_ktail0_gm0_pft_gfx950,0.014,340.32,1395.32
gfx950,256,320,2048,7168,False,torch.bfloat16,torch.bfloat16,False,False,torch,0,0,25.7457,native,0.0,364.92,1369.49
gfx950,256,352,2048,7168,False,torch.bfloat16,torch.bfloat16,False,False,flydsl,3484,2,26.6085,flydsl_hgemm_abf16_wbf16_bf16_t96x64x64x4_ks2_w2x1x2_bias0_ktail0_gm0_pft_gfx950,0.0141,388.4,1347.25
gfx950,256,384,2048,7168,False,torch.bfloat16,torch.bfloat16,False,False,flydsl,3462,2,28.025,flydsl_hgemm_abf16_wbf16_bf16_t96x64x128x4_ks2_w2x2x2_bias0_ktail0_gm0_pft_gfx950,0.0144,402.29,1300.2
gfx950,256,416,2048,7168,False,torch.bfloat16,torch.bfloat16,False,False,flydsl,93,4,29.6998,flydsl_hgemm_abf16_wbf16_bf16_t128x128x64x3_ks4_w4x4x1_bias0_ktail0_gm0_pft_gfx950,0.0138,411.24,1246.74
gfx950,256,448,2048,7168,False,torch.bfloat16,torch.bfloat16,False,False,flydsl,151,4,30.7638,flydsl_hgemm_abf16_wbf16_bf16_t128x128x64x5_ks4_w4x4x1_bias0_ktail0_gm0_pft_gfx950,0.0136,427.56,1222.79
gfx950,256,480,2048,7168,False,torch.bfloat16,torch.bfloat16,False,False,flydsl,2628,1,30.8327,flydsl_hgemm_abf16_wbf16_bf16_t64x64x128x3_ks1_w2x2x2_bias0_ktail0_gm0_pft_gfx950,0.0058,457.08,1239.19
gfx950,256,512,2048,7168,False,torch.bfloat16,torch.bfloat16,False,False,torch,0,0,28.5814,native,0.0,525.95,1357.43
gfx950,256,544,2048,7168,False,torch.bfloat16,torch.bfloat16,False,False,torch,0,0,34.75,native,0.0,459.62,1133.44
gfx950,256,576,2048,7168,False,torch.bfloat16,torch.bfloat16,False,False,torch,0,0,30.3976,native,0.0,556.34,1315.14
gfx950,256,608,2048,7168,False,torch.bfloat16,torch.bfloat16,False,False,torch,0,0,35.8696,native,0.0,497.66,1130.95
gfx950,256,640,2048,7168,False,torch.bfloat16,torch.bfloat16,False,False,torch,0,0,35.673,native,0.0,526.74,1153.72
gfx950,256,672,2048,7168,False,torch.bfloat16,torch.bfloat16,False,False,flydsl,2137,1,39.1689,flydsl_hgemm_abf16_wbf16_bf16_t64x96x128x4_ks1_w2x2x2_bias0_ktail0_gm0_pft_gfx950,0.006,503.72,1065.81
gfx950,256,704,2048,7168,False,torch.bfloat16,torch.bfloat16,False,False,flydsl,2378,1,39.5034,flydsl_hgemm_abf16_wbf16_bf16_t96x64x128x4_ks1_w2x2x2_bias0_ktail0_gm0_pft_gfx950,0.006,523.23,1071.71
gfx950,256,736,2048,7168,False,torch.bfloat16,torch.bfloat16,False,False,flydsl,2363,1,39.8546,flydsl_hgemm_abf16_wbf16_bf16_t96x64x128x3_ks1_w2x2x2_bias0_ktail0_gm4_pft_gfx950,0.006,542.2,1077.07
gfx950,256,768,2048,7168,False,torch.bfloat16,torch.bfloat16,False,False,flydsl,2387,1,41.0149,flydsl_hgemm_abf16_wbf16_bf16_t96x64x128x3_ks1_w2x2x2_bias0_ktail0_gm4_pft_gfx950,0.006,549.77,1060.98
gfx950,256,800,2048,7168,False,torch.bfloat16,torch.bfloat16,False,False,torch,0,0,42.5157,native,0.0,552.46,1037.4
gfx950,256,832,2048,7168,False,torch.bfloat16,torch.bfloat16,False,False,torch,0,0,43.7214,native,0.0,558.71,1022.28
gfx950,256,864,2048,7168,False,torch.bfloat16,torch.bfloat16,False,False,torch,0,0,44.735,native,0.0,567.05,1012.3
gfx950,256,896,2048,7168,False,torch.bfloat16,torch.bfloat16,False,False,torch,0,0,46.6366,native,0.0,564.08,983.67
gfx950,256,928,2048,7168,False,torch.bfloat16,torch.bfloat16,False,False,torch,0,0,46.2702,native,0.0,588.85,1004.21
gfx950,256,960,2048,7168,False,torch.bfloat16,torch.bfloat16,False,False,flydsl,56,2,46.3079,flydsl_hgemm_abf16_wbf16_bf16_t128x128x64x3_ks2_w4x4x1_bias0_ktail0_gm0_pft_gfx950,0.0061,608.66,1016.13
gfx950,256,992,2048,7168,False,torch.bfloat16,torch.bfloat16,False,False,flydsl,1216,1,47.1818,flydsl_hgemm_abf16_wbf16_bf16_t64x128x64x4_ks1_w2x4x1_bias0_ktail0_gm4_pft_gfx950,0.0,617.3,1009.81
gfx950,256,1024,2048,7168,False,torch.bfloat16,torch.bfloat16,False,False,torch,0,0,42.4617,native,0.0,708.04,1135.95
gfx950,256,1088,2048,7168,False,torch.bfloat16,torch.bfloat16,False,False,torch,0,0,53.5483,native,0.0,596.54,922.8
gfx950,256,1152,2048,7168,False,torch.bfloat16,torch.bfloat16,False,False,torch,0,0,52.1826,native,0.0,648.16,969.55
gfx950,256,1216,2048,7168,False,torch.bfloat16,torch.bfloat16,False,False,torch,0,0,56.8007,native,0.0,628.55,911.49
gfx950,256,1280,2048,7168,False,torch.bfloat16,torch.bfloat16,False,False,torch,0,0,54.1856,native,0.0,693.56,977.25
gfx950,256,1344,2048,7168,False,torch.bfloat16,torch.bfloat16,False,False,torch,0,0,58.5005,native,0.0,674.52,925.34
gfx950,256,1408,2048,7168,False,torch.bfloat16,torch.bfloat16,False,False,torch,0,0,59.6507,native,0.0,693.02,927.27
gfx950,256,1472,2048,7168,False,torch.bfloat16,torch.bfloat16,False,False,flydsl,265,1,65.0802,flydsl_hgemm_abf16_wbf16_bf16_t128x64x64x3_ks1_w4x1x1_bias0_ktail0_gm4_pft_gfx950,0.0,664.07,868.04
gfx950,256,1536,2048,7168,False,torch.bfloat16,torch.bfloat16,False,False,torch,0,0,56.9637,native,0.0,791.68,1012.43
gfx950,256,1600,2048,7168,False,torch.bfloat16,torch.bfloat16,False,False,flydsl,49,1,67.1426,flydsl_hgemm_abf16_wbf16_bf16_t128x128x64x4_ks1_w4x2x2_bias0_ktail0_gm0_pft_gfx950,0.006,699.65,876.51
gfx950,256,1664,2048,7168,False,torch.bfloat16,torch.bfloat16,False,False,flydsl,37,1,68.001,flydsl_hgemm_abf16_wbf16_bf16_t128x128x64x3_ks1_w4x2x2_bias0_ktail0_gm0_pft_gfx950,0.006,718.45,882.8
gfx950,256,1728,2048,7168,False,torch.bfloat16,torch.bfloat16,False,False,flydsl,4,1,69.3476,flydsl_hgemm_abf16_wbf16_bf16_t128x128x128x2_ks1_w2x4x1_bias0_ktail0_gm0_pht_gfx950,0.0,731.59,882.66
gfx950,256,1792,2048,7168,False,torch.bfloat16,torch.bfloat16,False,False,flydsl,4,1,69.9794,flydsl_hgemm_abf16_wbf16_bf16_t128x128x128x2_ks1_w2x4x1_bias0_ktail0_gm0_pht_gfx950,0.0,751.84,891.55
gfx950,256,1856,2048,7168,False,torch.bfloat16,torch.bfloat16,False,False,flydsl,1,1,70.3262,flydsl_hgemm_abf16_wbf16_bf16_t128x128x128x2_ks1_w2x2x1_bias0_ktail0_gm0_pht_gfx950,0.0,774.85,903.93
gfx950,256,1920,2048,7168,False,torch.bfloat16,torch.bfloat16,False,False,flydsl,45,1,71.2683,flydsl_hgemm_abf16_wbf16_bf16_t128x128x64x4_ks1_w2x2x2_bias0_ktail0_gm0_pft_gfx950,0.006,790.98,908.53
gfx950,256,1984,2048,7168,False,torch.bfloat16,torch.bfloat16,False,False,flydsl,1,1,73.1931,flydsl_hgemm_abf16_wbf16_bf16_t128x128x128x2_ks1_w2x2x1_bias0_ktail0_gm0_pht_gfx950,0.0,795.85,900.76
gfx950,256,2048,2048,7168,False,torch.bfloat16,torch.bfloat16,False,False,flydsl,9,1,72.6535,flydsl_hgemm_abf16_wbf16_bf16_t128x128x128x2_ks1_w2x4x1_bias0_ktail0_gm4_pht_gfx950,0.0,827.62,923.68
gfx950,256,4096,2048,7168,False,torch.bfloat16,torch.bfloat16,False,False,torch,0,0,108.2119,native,0.0,1111.33,969.0
gfx950,256,6144,2048,7168,False,torch.bfloat16,torch.bfloat16,False,False,opus,6400,0,134.2738,opus_gemm_mono_tile_512x192x256x64_2x4_16x16x32_0x0x0_nooob_4g_safe,0.0,1343.44,1062.06
gfx950,256,8192,2048,7168,False,torch.bfloat16,torch.bfloat16,False,False,torch,0,0,173.0151,native,0.0,1390.16,1042.42
gfx950,256,10240,2048,7168,False,torch.bfloat16,torch.bfloat16,False,False,torch,0,0,244.7936,native,0.0,1228.17,890.97
gfx950,256,12288,2048,7168,False,torch.bfloat16,torch.bfloat16,False,False,opus,6400,0,263.3854,opus_gemm_mono_tile_512x192x256x64_2x4_16x16x32_0x0x0_nooob_4g_safe,0.0,1369.77,971.4
gfx950,256,14336,2048,7168,False,torch.bfloat16,torch.bfloat16,False,False,flydsl,83,1,308.3094,flydsl_hgemm_abf16_wbf16_bf16_t256x256x64x2_ks1_w2x4x1_bias0_ktail0_gm4_pht_gfx950,0.0,1365.21,952.29
gfx950,256,16384,2048,7168,False,torch.bfloat16,torch.bfloat16,False,False,torch,0,0,326.1009,native,0.0,1475.12,1016.1
gfx950,256,32768,2048,7168,False,torch.bfloat16,torch.bfloat16,False,False,torch,0,0,636.8373,native,0.0,1510.7,994.51
gfx942,80,192,384,7168,False,torch.bfloat16,torch.bfloat16,False,False,opus,10201,8,21.2254,opus_gemm_gfx942_splitk_p1_256x64x64x64_2x2_16x16x16_0x0x0,0.0,49.8,395.99
gfx942,80,352,384,7168,False,torch.bfloat16,torch.bfloat16,False,False,opus,10200,8,29.7817,opus_gemm_gfx942_splitk_legacy_512x128x128x64_2x4_16x16x16_0x0x0,0.0,65.07,363.37
gfx942,80,384,384,7168,False,torch.bfloat16,torch.bfloat16,False,False,opus,10200,8,30.5541,opus_gemm_gfx942_splitk_legacy_512x128x128x64_2x4_16x16x16_0x0x0,0.0,69.19,370.0
gfx942,80,416,384,7168,False,torch.bfloat16,torch.bfloat16,False,False,opus,10204,0,35.4087,opus_gemm_gfx942_splitk_em3en4_lds1_pgr2_256x128x96x128_2x2_16x16x16_0x0x0,0.0,64.68,332.92
gfx942,80,104,1024,7168,False,torch.bfloat16,torch.bfloat16,False,False,opus,10210,0,28.0462,opus_gemm_gfx942_splitk_legacy_bf16ws_512x128x128x64_2x4_16x16x16_0x0x0,0.0,54.44,584.18
gfx942,80,200,1024,7168,False,torch.bfloat16,torch.bfloat16,False,False,opus,10200,5,40.5018,opus_gemm_gfx942_splitk_legacy_512x128x128x64_2x4_16x16x16_0x0x0,0.0,72.49,443.36
gfx942,80,208,1024,7168,False,torch.bfloat16,torch.bfloat16,False,False,opus,10210,0,41.1359,opus_gemm_gfx942_splitk_legacy_bf16ws_512x128x128x64_2x4_16x16x16_0x0x0,0.0,74.23,439.71
gfx942,80,160,384,7168,False,torch.bfloat16,torch.bfloat16,False,False,opus,10201,8,20.2282,opus_gemm_gfx942_splitk_p1_256x64x64x64_2x2_16x16x16_0x0x0,0.0,43.54,391.61
gfx942,80,768,384,7168,False,torch.bfloat16,torch.bfloat16,False,False,opus,10200,4,51.6252,opus_gemm_gfx942_splitk_legacy_512x128x128x64_2x4_16x16x16_0x0x0,0.0,81.9,331.33
gfx942,80,128,512,7168,False,torch.bfloat16,torch.bfloat16,False,False,opus,10201,10,19.7843,opus_gemm_gfx942_splitk_p1_256x64x64x64_2x2_16x16x16_0x0x0,0.0,47.49,470.38
gfx942,80,208,512,7168,False,torch.bfloat16,torch.bfloat16,False,False,opus,10210,0,27.7763,opus_gemm_gfx942_splitk_legacy_bf16ws_512x128x128x64_2x4_16x16x16_0x0x0,0.0,54.97,379.28
gfx942,80,224,512,7168,False,torch.bfloat16,torch.bfloat16,False,False,opus,10210,0,27.8194,opus_gemm_gfx942_splitk_legacy_bf16ws_512x128x128x64_2x4_16x16x16_0x0x0,0.0,59.1,387.52
gfx942,80,240,512,7168,False,torch.bfloat16,torch.bfloat16,False,False,opus,10210,0,28.0936,opus_gemm_gfx942_splitk_legacy_bf16ws_512x128x128x64_2x4_16x16x16_0x0x0,0.0,62.7,392.49
gfx942,80,256,512,7168,False,torch.bfloat16,torch.bfloat16,False,False,opus,10210,0,28.3166,opus_gemm_gfx942_splitk_legacy_bf16ws_512x128x128x64_2x4_16x16x16_0x0x0,0.0,66.36,398.08
gfx942,80,352,512,7168,False,torch.bfloat16,torch.bfloat16,False,False,opus,10200,6,32.1674,opus_gemm_gfx942_splitk_legacy_512x128x128x64_2x4_16x16x16_0x0x0,0.0,80.32,396.26
gfx942,80,384,512,7168,False,torch.bfloat16,torch.bfloat16,False,False,opus,10200,6,32.3477,opus_gemm_gfx942_splitk_legacy_512x128x128x64_2x4_16x16x16_0x0x0,0.0,87.13,409.25
gfx942,80,448,512,7168,False,torch.bfloat16,torch.bfloat16,False,False,opus,10200,0,36.729,opus_gemm_gfx942_splitk_legacy_512x128x128x64_2x4_16x16x16_0x0x0,0.0,89.53,387.2
gfx942,80,480,512,7168,False,torch.bfloat16,torch.bfloat16,False,False,opus,10210,0,42.1268,opus_gemm_gfx942_splitk_legacy_bf16ws_512x128x128x64_2x4_16x16x16_0x0x0,0.0,83.63,349.25
gfx942,80,512,512,7168,False,torch.bfloat16,torch.bfloat16,False,False,opus,10210,0,42.8344,opus_gemm_gfx942_splitk_legacy_bf16ws_512x128x128x64_2x4_16x16x16_0x0x0,0.0,87.74,354.96
gfx942,80,608,512,7168,False,torch.bfloat16,torch.bfloat16,False,False,opus,10210,0,49.5677,opus_gemm_gfx942_splitk_legacy_bf16ws_512x128x128x64_2x4_16x16x16_0x0x0,0.0,90.03,336.49
gfx942,80,640,512,7168,False,torch.bfloat16,torch.bfloat16,False,False,opus,10200,0,50.224,opus_gemm_gfx942_splitk_legacy_512x128x128x64_2x4_16x16x16_0x0x0,0.0,93.53,341.88
gfx942,80,736,512,7168,False,torch.bfloat16,torch.bfloat16,False,False,opus,10200,3,60.7273,opus_gemm_gfx942_splitk_legacy_512x128x128x64_2x4_16x16x16_0x0x0,0.0,88.96,307.03
gfx942,80,768,512,7168,False,torch.bfloat16,torch.bfloat16,False,False,opus,10200,3,61.6035,opus_gemm_gfx942_splitk_legacy_512x128x128x64_2x4_16x16x16_0x0x0,0.0,91.51,310.64
gfx942,80,640,2048,7168,False,torch.bfloat16,torch.bfloat16,False,False,opus,10000,0,151.0107,opus_gemm_gfx942_512x128x128x64_2x4_16x16x16_0x0x0,0.0,124.43,272.54
gfx942,80,96,384,7168,False,torch.bfloat16,torch.bfloat16,False,False,opus,10302,0,15.5162,opus_gemm_gfx942_wkc_512x32x16x64_1x1_16x16x16_0x0x0,0.0,34.06,448.24
gfx942,80,1,1024,7168,False,torch.bfloat16,torch.bfloat16,False,False,opus,10300,0,11.7745,opus_gemm_gfx942_wkc_512x16x16x64_1x1_16x16x16_0x0x0,0.0,1.25,1248.16
gfx942,80,4,1024,7168,False,torch.bfloat16,torch.bfloat16,False,False,opus,10300,0,11.8598,opus_gemm_gfx942_wkc_512x16x16x64_1x1_16x16x16_0x0x0,0.0,4.95,1243.33
gfx942,80,8,1024,7168,False,torch.bfloat16,torch.bfloat16,False,False,opus,10300,0,11.9403,opus_gemm_gfx942_wkc_512x16x16x64_1x1_16x16x16_0x0x0,0.0,9.84,1240.43
gfx942,80,112,1024,7168,False,torch.bfloat16,torch.bfloat16,False,False,opus,10210,0,28.5379,opus_gemm_gfx942_splitk_legacy_bf16ws_512x128x128x64_2x4_16x16x16_0x0x0,0.0,57.61,578.71
gfx942,80,120,1024,7168,False,torch.bfloat16,torch.bfloat16,False,False,opus,10210,0,28.6248,opus_gemm_gfx942_splitk_legacy_bf16ws_512x128x128x64_2x4_16x16x16_0x0x0,0.0,61.54,581.53
gfx942,80,128,1024,7168,False,torch.bfloat16,torch.bfloat16,False,False,opus,10210,0,28.7869,opus_gemm_gfx942_splitk_legacy_bf16ws_512x128x128x64_2x4_16x16x16_0x0x0,0.0,65.27,582.81
gfx942,80,216,1024,7168,False,torch.bfloat16,torch.bfloat16,False,False,opus,10210,0,41.3267,opus_gemm_gfx942_splitk_legacy_bf16ws_512x128x128x64_2x4_16x16x16_0x0x0,0.0,76.73,440.85
gfx942,80,224,1024,7168,False,torch.bfloat16,torch.bfloat16,False,False,opus,10210,0,41.3224,opus_gemm_gfx942_splitk_legacy_bf16ws_512x128x128x64_2x4_16x16x16_0x0x0,0.0,79.58,444.07
gfx942,80,232,1024,7168,False,torch.bfloat16,torch.bfloat16,False,False,opus,10210,0,41.7262,opus_gemm_gfx942_splitk_legacy_bf16ws_512x128x128x64_2x4_16x16x16_0x0x0,0.0,81.62,442.91
gfx942,80,240,1024,7168,False,torch.bfloat16,torch.bfloat16,False,False,opus,10210,0,42.0916,opus_gemm_gfx942_splitk_legacy_bf16ws_512x128x128x64_2x4_16x16x16_0x0x0,0.0,83.7,442.18
gfx942,80,248,1024,7168,False,torch.bfloat16,torch.bfloat16,False,False,opus,10210,0,42.5615,opus_gemm_gfx942_splitk_legacy_bf16ws_512x128x128x64_2x4_16x16x16_0x0x0,0.0,85.54,440.38
gfx942,80,256,1024,7168,False,torch.bfloat16,torch.bfloat16,False,False,opus,10210,0,42.823,opus_gemm_gfx942_splitk_legacy_bf16ws_512x128x128x64_2x4_16x16x16_0x0x0,0.0,87.76,440.75
gfx942,80,4,2048,7168,False,torch.bfloat16,torch.bfloat16,False,False,opus,10301,0,20.483,opus_gemm_gfx942_wkc_512x16x32x32_1x1_16x16x16_0x0x0,0.0,5.73,1436.99
gfx942,80,8,2048,7168,False,torch.bfloat16,torch.bfloat16,False,False,opus,10301,0,20.5934,opus_gemm_gfx942_wkc_512x16x32x32_1x1_16x16x16_0x0x0,0.0,11.41,1432.87
gfx942,80,16,2048,7168,False,torch.bfloat16,torch.bfloat16,False,False,opus,10301,0,20.8499,opus_gemm_gfx942_wkc_512x16x32x32_1x1_16x16x16_0x0x0,0.0,22.53,1422.31
gfx942,80,112,2048,7168,False,torch.bfloat16,torch.bfloat16,False,False,opus,10210,0,42.9434,opus_gemm_gfx942_splitk_legacy_bf16ws_512x128x128x64_2x4_16x16x16_0x0x0,0.0,76.57,731.77
gfx942,80,128,2048,7168,False,torch.bfloat16,torch.bfloat16,False,False,opus,10210,0,44.0662,opus_gemm_gfx942_splitk_legacy_bf16ws_512x128x128x64_2x4_16x16x16_0x0x0,0.0,85.28,719.81
gfx942,80,512,2048,4096,False,torch.bfloat16,torch.bfloat16,False,False,opus,10216,5,64.5672,opus_gemm_gfx942_splitk_quad_mfma32_bf16ws_256x256x256x32_2x2_32x32x8_6x0x0,0.0094,133.04,357.28
gfx942,80,512,256,4096,False,torch.bfloat16,torch.bfloat16,False,False,torch,0,0,23.0724,native,0.0,46.54,284.05
gfx942,80,256,2048,4096,False,torch.bfloat16,torch.bfloat16,False,False,opus,10210,5,49.3661,opus_gemm_gfx942_splitk_legacy_bf16ws_512x128x128x64_2x4_16x16x16_0x0x0,0.0095,87.0,403.58
gfx942,80,512,1024,4096,False,torch.bfloat16,torch.bfloat16,False,False,torch,0,0,42.5719,native,0.0,100.89,320.2
gfx942,80,256,256,4096,False,torch.bfloat16,torch.bfloat16,False,False,asm,5,5,14.1963,_ZN5aiter39bf16gemm_fp32bf16_tn_64x64_splitk_cleanE,0.0146,37.82,304.68
gfx942,80,256,1024,4096,False,torch.bfloat16,torch.bfloat16,False,False,opus,10210,0,29.3736,opus_gemm_gfx942_splitk_legacy_bf16ws_512x128x128x64_2x4_16x16x16_0x0x0,0.0,73.11,374.83
gfx942,80,512,512,4096,False,torch.bfloat16,torch.bfloat16,False,False,opus,10210,0,29.1965,opus_gemm_gfx942_splitk_legacy_bf16ws_512x128x128x64_2x4_16x16x16_0x0x0,0.0,73.55,305.27
gfx942,80,128,2048,4096,False,torch.bfloat16,torch.bfloat16,False,False,opus,10210,0,29.7021,opus_gemm_gfx942_splitk_legacy_bf16ws_512x128x128x64_2x4_16x16x16_0x0x0,0.0,72.3,617.8
gfx942,80,128,256,4096,False,torch.bfloat16,torch.bfloat16,False,False,opus,10302,0,10.1493,opus_gemm_gfx942_wkc_512x32x16x64_1x1_16x16x16_0x0x0,0.0,26.45,316.4
gfx942,80,256,512,4096,False,torch.bfloat16,torch.bfloat16,False,False,torch,0,0,23.1381,native,0.0,46.41,283.24
gfx942,80,48,2048,4096,False,torch.bfloat16,torch.bfloat16,False,False,asm,3,2,22.906,_ZN5aiter39bf16gemm_fp32bf16_tn_48x64_splitk_cleanE,0.0049,35.16,758.19
gfx942,80,64,2048,4096,False,torch.bfloat16,torch.bfloat16,False,False,torch,0,0,23.5578,native,0.0,45.58,745.56
gfx942,80,64,256,4096,False,torch.bfloat16,torch.bfloat16,False,False,opus,10300,0,7.9398,opus_gemm_gfx942_wkc_512x16x16x64_1x1_16x16x16_0x0x0,0.0,16.9,334.29
gfx942,80,32,256,4096,False,torch.bfloat16,torch.bfloat16,False,False,opus,10313,0,6.5263,opus_gemm_gfx942_wkc_accum_256x32x32x64_1x1_16x16x16_0x0x0,0.0199,10.28,364.02
gfx942,80,8,256,4096,False,torch.bfloat16,torch.bfloat16,False,False,opus,10310,0,4.894,opus_gemm_gfx942_wkc_accum_256x16x16x64_1x1_16x16x16_0x0x0,0.0186,3.43,442.74
gfx942,80,48,256,4096,False,torch.bfloat16,torch.bfloat16,False,False,opus,10300,0,7.45,opus_gemm_gfx942_wkc_512x16x16x64_1x1_16x16x16_0x0x0,0.0,13.51,337.58
gfx942,80,2,256,4096,False,torch.bfloat16,torch.bfloat16,False,False,opus,10310,0,4.8679,opus_gemm_gfx942_wkc_accum_256x16x16x64_1x1_16x16x16_0x0x0,0.0176,0.86,434.39
gfx942,80,16,256,4096,False,torch.bfloat16,torch.bfloat16,False,False,opus,10311,0,4.9659,opus_gemm_gfx942_wkc_accum_512x16x32x32_1x1_16x16x16_0x0x0,0.0181,6.76,450.35
gfx942,80,128,1024,4096,False,torch.bfloat16,torch.bfloat16,False,False,torch,0,0,19.8904,native,0.0,53.98,487.64
gfx942,80,4,256,4096,False,torch.bfloat16,torch.bfloat16,False,False,opus,10310,0,4.8338,opus_gemm_gfx942_wkc_accum_256x16x16x64_1x1_16x16x16_0x0x0,0.0293,1.74,441.05
gfx942,80,1,256,4096,False,torch.bfloat16,torch.bfloat16,False,False,opus,10310,0,4.8174,opus_gemm_gfx942_wkc_accum_256x16x16x64_1x1_16x16x16_0x0x0,0.0273,0.44,437.14
gfx942,80,32,2048,4096,False,torch.bfloat16,torch.bfloat16,False,False,torch,0,0,17.4838,native,0.0,30.71,982.08
gfx942,80,128,512,4096,False,torch.bfloat16,torch.bfloat16,False,False,asm,5,5,14.5712,_ZN5aiter39bf16gemm_fp32bf16_tn_64x64_splitk_cleanE,0.0148,36.84,368.81
gfx942,80,64,1024,4096,False,torch.bfloat16,torch.bfloat16,False,False,asm,5,5,15.1527,_ZN5aiter39bf16gemm_fp32bf16_tn_64x64_splitk_cleanE,0.0141,35.43,596.86
gfx942,80,48,1024,4096,False,torch.bfloat16,torch.bfloat16,False,False,asm,3,5,13.8806,_ZN5aiter39bf16gemm_fp32bf16_tn_48x64_splitk_cleanE,0.0146,29.01,639.75
gfx942,80,2,2048,4096,False,torch.bfloat16,torch.bfloat16,False,False,opus,10301,0,12.9907,opus_gemm_gfx942_wkc_512x16x32x32_1x1_16x16x16_0x0x0,0.0,2.58,1293.37
gfx942,80,8,2048,4096,False,torch.bfloat16,torch.bfloat16,False,False,opus,10301,0,13.0097,opus_gemm_gfx942_wkc_512x16x32x32_1x1_16x16x16_0x0x0,0.0,10.32,1297.15
gfx942,80,48,512,4096,False,torch.bfloat16,torch.bfloat16,False,False,asm,3,10,10.4683,_ZN5aiter39bf16gemm_fp32bf16_tn_48x64_splitk_cleanE,0.0228,19.23,442.93
gfx942,80,64,512,4096,False,torch.bfloat16,torch.bfloat16,False,False,opus,10302,0,10.7679,opus_gemm_gfx942_wkc_512x32x16x64_1x1_16x16x16_0x0x0,0.0,24.93,444.3
gfx942,80,4,2048,4096,False,torch.bfloat16,torch.bfloat16,False,False,opus,10301,0,12.7075,opus_gemm_gfx942_wkc_512x16x32x32_1x1_16x16x16_0x0x0,0.0,5.28,1324.13
gfx942,80,512,64,4096,False,torch.bfloat16,torch.bfloat16,False,False,opus,10302,0,10.5756,opus_gemm_gfx942_wkc_512x32x16x64_1x1_16x16x16_0x0x0,0.0,25.38,452.37
gfx942,80,1,2048,4096,False,torch.bfloat16,torch.bfloat16,False,False,opus,10301,0,13.0372,opus_gemm_gfx942_wkc_512x16x32x32_1x1_16x16x16_0x0x0,0.0,1.29,1287.82
gfx942,80,16,2048,4096,False,torch.bfloat16,torch.bfloat16,False,False,opus,10301,0,13.3916,opus_gemm_gfx942_wkc_512x16x32x32_1x1_16x16x16_0x0x0,0.0,20.05,1267.5
gfx942,80,32,1024,4096,False,torch.bfloat16,torch.bfloat16,False,False,opus,10302,0,11.8246,opus_gemm_gfx942_wkc_512x32x16x64_1x1_16x16x16_0x0x0,0.0,22.7,737.13
gfx942,80,32,512,4096,False,torch.bfloat16,torch.bfloat16,False,False,torch,759,8,9.2194,native,0.0198,14.56,486.93
gfx942,80,256,64,4096,False,torch.bfloat16,torch.bfloat16,False,False,asm,5,16,8.1263,_ZN5aiter39bf16gemm_fp32bf16_tn_64x64_splitk_cleanE,0.0281,16.52,326.62
gfx942,80,8,512,4096,False,torch.bfloat16,torch.bfloat16,False,False,opus,10300,0,8.1931,opus_gemm_gfx942_wkc_512x16x16x64_1x1_16x16x16_0x0x0,0.0,4.1,520.93
gfx942,80,16,512,4096,False,torch.bfloat16,torch.bfloat16,False,False,opus,10310,0,8.6225,opus_gemm_gfx942_wkc_accum_256x16x16x64_1x1_16x16x16_0x0x0,0.02,7.78,503.54
gfx942,80,4,512,4096,False,torch.bfloat16,torch.bfloat16,False,False,opus,10300,0,8.1018,opus_gemm_gfx942_wkc_512x16x16x64_1x1_16x16x16_0x0x0,0.0,2.07,522.25
gfx942,80,2,512,4096,False,torch.bfloat16,torch.bfloat16,False,False,opus,10300,0,8.3322,opus_gemm_gfx942_wkc_512x16x16x64_1x1_16x16x16_0x0x0,0.0,1.01,505.6
gfx942,80,128,64,4096,False,torch.bfloat16,torch.bfloat16,False,False,asm,1,16,6.8358,_ZN5aiter39bf16gemm_fp32bf16_tn_32x64_splitk_cleanE,0.0271,9.82,232.49
gfx942,80,1,512,4096,False,torch.bfloat16,torch.bfloat16,False,False,opus,10300,0,8.0662,opus_gemm_gfx942_wkc_512x16x16x64_1x1_16x16x16_0x0x0,0.0,0.52,521.13
gfx942,80,2,1024,4096,False,torch.bfloat16,torch.bfloat16,False,False,opus,10300,0,9.4623,opus_gemm_gfx942_wkc_512x16x16x64_1x1_16x16x16_0x0x0,0.0,1.77,888.69
gfx942,80,16,1024,4096,False,torch.bfloat16,torch.bfloat16,False,False,opus,10302,0,11.2766,opus_gemm_gfx942_wkc_512x32x16x64_1x1_16x16x16_0x0x0,0.0,11.9,758.42
gfx942,80,8,1024,4096,False,torch.bfloat16,torch.bfloat16,False,False,opus,10300,0,9.6515,opus_gemm_gfx942_wkc_512x16x16x64_1x1_16x16x16_0x0x0,0.0,6.95,877.64
gfx942,80,4,1024,4096,False,torch.bfloat16,torch.bfloat16,False,False,opus,10300,0,9.5499,opus_gemm_gfx942_wkc_512x16x16x64_1x1_16x16x16_0x0x0,0.0,3.51,882.69
gfx942,80,1,1024,4096,False,torch.bfloat16,torch.bfloat16,False,False,opus,10300,0,9.1734,opus_gemm_gfx942_wkc_512x16x16x64_1x1_16x16x16_0x0x0,0.0,0.91,915.57
gfx942,80,32,64,4096,False,torch.bfloat16,torch.bfloat16,False,False,opus,10310,0,4.5291,opus_gemm_gfx942_wkc_accum_256x16x16x64_1x1_16x16x16_0x0x0,0.0229,3.7,174.54
gfx942,80,48,64,4096,False,torch.bfloat16,torch.bfloat16,False,False,opus,10312,0,4.7978,opus_gemm_gfx942_wkc_accum_512x32x16x64_1x1_16x16x16_0x0x0,0.0186,5.25,192.51
gfx942,80,64,64,4096,False,torch.bfloat16,torch.bfloat16,False,False,opus,10312,0,4.7714,opus_gemm_gfx942_wkc_accum_512x32x16x64_1x1_16x16x16_0x0x0,0.0215,7.03,221.48
gfx942,80,16,64,4096,False,torch.bfloat16,torch.bfloat16,False,False,opus,10310,0,4.5125,opus_gemm_gfx942_wkc_accum_256x16x16x64_1x1_16x16x16_0x0x0,0.0205,1.86,145.69
gfx950,256,1024,16160,7168,False,torch.bfloat16,torch.bfloat16,False,False,flydsl,76,1,171.7272,flydsl_hgemm_abf16_wbf16_bf16_t256x256x64x2_ks1_w2x4x1_bias0_ktail0_gm0_pht_gfx950,0.0,1381.43,1627.26
gfx1250,256,1,256,4096,False,torch.bfloat16,torch.bfloat16,False,False,triton,0,0,4.758,auto,0.0,0.44,442.59
gfx1250,256,2,256,4096,False,torch.bfloat16,torch.bfloat16,False,False,triton,0,0,4.826,auto,0.0,0.87,438.16
gfx1250,256,4,256,4096,False,torch.bfloat16,torch.bfloat16,False,False,triton,0,0,4.7867,auto,0.0,1.75,445.39
gfx1250,256,8,256,4096,False,torch.bfloat16,torch.bfloat16,False,False,triton,0,0,3.584,auto,0.0,4.68,604.57
gfx1250,256,16,256,4096,False,torch.bfloat16,torch.bfloat16,False,False,triton,0,0,3.542,auto,0.0,9.47,631.4
gfx1250,256,32,256,4096,False,torch.bfloat16,torch.bfloat16,False,False,triton,0,0,3.814,auto,0.0,17.6,622.88
gfx1250,256,64,256,4096,False,torch.bfloat16,torch.bfloat16,False,False,triton,0,0,3.717,auto,0.0,36.11,714.07
gfx1250,256,128,256,4096,False,torch.bfloat16,torch.bfloat16,False,False,triton,0,0,3.772,auto,0.0,71.17,851.34
gfx1250,256,256,256,4096,False,torch.bfloat16,torch.bfloat16,False,False,triton,0,0,4.5098,auto,0.0,119.05,959.11
gfx1250,256,512,256,4096,False,torch.bfloat16,torch.bfloat16,False,False,triton,0,0,6.9439,auto,0.0,154.63,943.79
gfx1250,256,1024,256,4096,False,torch.bfloat16,torch.bfloat16,False,False,triton,0,0,6.7752,auto,0.0,316.96,1625.05
gfx1250,256,2048,256,4096,False,torch.bfloat16,torch.bfloat16,False,False,opus,21313,0,9.3768,opus_gemm_gfx1250_4wave_wl_co_128x32x64x256_4x1_16x16x32_0x0x0_w1x4_c4x1_p3_v1024w1,0.0,458.04,2124.71
gfx1250,256,4096,256,4096,False,torch.bfloat16,torch.bfloat16,False,False,opus,21310,0,10.9388,opus_gemm_gfx1250_4wave_wl_co_128x64x64x256_4x1_16x16x32_0x0x0_w2x2_c4x4_p3_v1024w1,0.0,785.27,3450.9
gfx1250,256,8192,256,4096,False,torch.bfloat16,torch.bfloat16,False,False,opus,21268,0,15.6021,opus_gemm_gfx1250_4wave_wl_co_128x64x128x128_4x1_16x16x32_0x0x0_w2x2_c4x1_p3_v1024w1,0.0,1101.13,4704.52
gfx1250,256,16384,256,4096,False,torch.bfloat16,torch.bfloat16,False,False,opus,21108,0,18.8422,opus_gemm_gfx1250_4wave_wl_co_128x128x128x128_4x1_16x16x32_0x0x0_w4x1_c2x2_p3_v1024w1,0.0,1823.55,7679.76
gfx1250,256,1,512,4096,False,torch.bfloat16,torch.bfloat16,False,False,triton,0,0,4.4004,auto,0.0,0.95,955.26
gfx1250,256,2,512,4096,False,torch.bfloat16,torch.bfloat16,False,False,triton,0,0,4.427,auto,0.0,1.89,951.6
gfx1250,256,4,512,4096,False,torch.bfloat16,torch.bfloat16,False,False,triton,0,0,4.471,auto,0.0,3.75,946.36
gfx1250,256,8,512,4096,False,torch.bfloat16,torch.bfloat16,False,False,triton,0,0,3.62,auto,0.0,9.27,1179.01
gfx1250,256,16,512,4096,False,torch.bfloat16,torch.bfloat16,False,False,triton,0,0,3.643,auto,0.0,18.42,1191.81
gfx1250,256,32,512,4096,False,torch.bfloat16,torch.bfloat16,False,False,triton,0,0,3.777,auto,0.0,35.54,1188.57
gfx1250,256,64,512,4096,False,torch.bfloat16,torch.bfloat16,False,False,triton,0,0,3.798,auto,0.0,70.68,1259.64
gfx1250,256,128,512,4096,False,torch.bfloat16,torch.bfloat16,False,False,triton,0,0,3.993,auto,0.0,134.45,1345.84
gfx1250,256,256,512,4096,False,torch.bfloat16,torch.bfloat16,False,False,triton,0,0,5.7774,auto,0.0,185.85,1134.35
gfx1250,256,512,512,4096,False,torch.bfloat16,torch.bfloat16,False,False,triton,0,0,6.6011,auto,0.0,325.32,1350.21
gfx1250,256,1024,512,4096,False,torch.bfloat16,torch.bfloat16,False,False,opus,21313,0,9.4307,opus_gemm_gfx1250_4wave_wl_co_128x32x64x256_4x1_16x16x32_0x0x0_w1x4_c4x1_p3_v1024w1,0.0,455.42,1445.44
gfx1250,256,2048,512,4096,False,torch.bfloat16,torch.bfloat16,False,False,opus,21310,0,10.4854,opus_gemm_gfx1250_4wave_wl_co_128x64x64x256_4x1_16x16x32_0x0x0_w2x2_c4x4_p3_v1024w1,0.0,819.23,2200.08
gfx1250,256,4096,512,4096,False,torch.bfloat16,torch.bfloat16,False,False,opus,21270,0,15.1292,opus_gemm_gfx1250_4wave_wl_co_128x64x128x128_4x1_16x16x32_0x0x0_w2x2_c4x4_p3_v1024w1,0.0,1135.54,2772.32
gfx1250,256,8192,512,4096,False,torch.bfloat16,torch.bfloat16,False,False,opus,21169,0,18.1827,opus_gemm_gfx1250_4wave_wl_co_128x128x128x128_4x1_16x16x32_0x0x0_w2x2_c4x4_p3_v1024w1,0.0,1889.69,4382.84
gfx1250,256,16384,512,4096,False,torch.bfloat16,torch.bfloat16,False,False,opus,21177,0,32.976,opus_gemm_gfx1250_4wave_wl_co_128x128x256x128_4x1_16x16x32_0x0x0_w2x2_c4x1_p3_v1024w1,0.0,2083.92,4706.13
gfx1250,256,1,1024,4096,False,torch.bfloat16,torch.bfloat16,False,False,triton,0,0,4.886,auto,0.0,1.72,1718.96
gfx1250,256,2,1024,4096,False,torch.bfloat16,torch.bfloat16,False,False,triton,0,0,4.913,auto,0.0,3.41,1711.6
gfx1250,256,4,1024,4096,False,torch.bfloat16,torch.bfloat16,False,False,triton,0,0,4.959,auto,0.0,6.77,1699.85
gfx1250,256,8,1024,4096,False,torch.bfloat16,torch.bfloat16,False,False,triton,0,0,4.5335,auto,0.0,14.8,1868.43
gfx1250,256,16,1024,4096,False,torch.bfloat16,torch.bfloat16,False,False,triton,0,0,3.728,auto,0.0,36.0,2294.11
gfx1250,256,32,1024,4096,False,torch.bfloat16,torch.bfloat16,False,False,triton,0,0,4.629,auto,0.0,57.99,1882.97
gfx1250,256,64,1024,4096,False,torch.bfloat16,torch.bfloat16,False,False,triton,0,0,4.723,auto,0.0,113.67,1914.88
gfx1250,256,128,1024,4096,False,torch.bfloat16,torch.bfloat16,False,False,triton,0,0,4.968,auto,0.0,216.13,1952.36
gfx1250,256,256,1024,4096,False,torch.bfloat16,torch.bfloat16,False,False,triton,0,0,7.2635,auto,0.0,295.65,1515.8
gfx1250,256,512,1024,4096,False,torch.bfloat16,torch.bfloat16,False,False,opus,21312,0,9.5669,opus_gemm_gfx1250_4wave_wl_co_128x32x64x256_4x1_16x16x32_0x0x0_w1x4_c1x4_p3_v1024w1,0.0,448.94,1424.86
gfx1250,256,1024,1024,4096,False,torch.bfloat16,torch.bfloat16,False,False,opus,21309,0,10.5628,opus_gemm_gfx1250_4wave_wl_co_128x64x64x256_4x1_16x16x32_0x0x0_w2x2_c2x2_p3_v1024w1,0.0,813.23,1786.87
gfx1250,256,2048,1024,4096,False,torch.bfloat16,torch.bfloat16,False,False,opus,21268,0,16.2908,opus_gemm_gfx1250_4wave_wl_co_128x64x128x128_4x1_16x16x32_0x0x0_w2x2_c4x1_p3_v1024w1,0.0,1054.57,1802.25
gfx1250,256,4096,1024,4096,False,torch.bfloat16,torch.bfloat16,False,False,opus,21107,0,18.4417,opus_gemm_gfx1250_4wave_wl_co_128x128x128x128_4x1_16x16x32_0x0x0_w4x1_c4x1_p3_v1024w1,0.0,1863.15,2729.23
gfx1250,256,8192,1024,4096,False,torch.bfloat16,torch.bfloat16,False,False,opus,21177,0,29.9661,opus_gemm_gfx1250_4wave_wl_co_128x128x256x128_4x1_16x16x32_0x0x0_w2x2_c4x1_p3_v1024w1,0.0,2293.24,3079.3
gfx1250,256,16384,1024,4096,False,torch.bfloat16,torch.bfloat16,False,False,opus,21177,0,62.5105,opus_gemm_gfx1250_4wave_wl_co_128x128x256x128_4x1_16x16x32_0x0x0_w2x2_c4x1_p3_v1024w1,0.0,2198.65,2818.1
gfx1250,256,1,2048,4096,False,torch.bfloat16,torch.bfloat16,False,False,triton,0,0,4.884,auto,0.0,3.44,3437.65
gfx1250,256,2,2048,4096,False,torch.bfloat16,torch.bfloat16,False,False,triton,0,0,5.05,auto,0.0,6.64,3327.09
gfx1250,256,4,2048,4096,False,torch.bfloat16,torch.bfloat16,False,False,triton,0,0,5.1371,auto,0.0,13.06,3275.46
gfx1250,256,8,2048,4096,False,torch.bfloat16,torch.bfloat16,False,False,triton,0,0,5.1561,auto,0.0,26.03,3272.92
gfx1250,256,16,2048,4096,False,torch.bfloat16,torch.bfloat16,False,False,triton,0,0,5.156,auto,0.0,52.06,3292.05
gfx1250,256,32,2048,4096,False,torch.bfloat16,torch.bfloat16,False,False,triton,0,0,5.13,auto,0.0,104.65,3347.06
gfx1250,256,64,2048,4096,False,torch.bfloat16,torch.bfloat16,False,False,triton,0,0,5.423,auto,0.0,198.0,3238.73
gfx1250,256,128,2048,4096,False,torch.bfloat16,torch.bfloat16,False,False,triton,0,0,6.197,auto,0.0,346.54,2961.12
gfx1250,256,256,2048,4096,False,torch.bfloat16,torch.bfloat16,False,False,opus,21315,0,9.2605,opus_gemm_gfx1250_4wave_wl_co_128x32x64x256_4x1_16x16x32_0x0x0_w1x4_c4x4_p3_v1024w1,0.0,463.79,2151.39
gfx1250,256,512,2048,4096,False,torch.bfloat16,torch.bfloat16,False,False,opus,21310,0,10.6079,opus_gemm_gfx1250_4wave_wl_co_128x64x64x256_4x1_16x16x32_0x0x0_w2x2_c4x4_p3_v1024w1,0.0,809.77,2174.67
gfx1250,256,1024,2048,4096,False,torch.bfloat16,torch.bfloat16,False,False,opus,21270,0,15.8194,opus_gemm_gfx1250_4wave_wl_co_128x64x128x128_4x1_16x16x32_0x0x0_w2x2_c4x4_p3_v1024w1,0.0,1086.0,1855.96
gfx1250,256,2048,2048,4096,False,torch.bfloat16,torch.bfloat16,False,False,opus,21168,0,18.6347,opus_gemm_gfx1250_4wave_wl_co_128x128x128x128_4x1_16x16x32_0x0x0_w2x2_c2x2_p3_v1024w1,0.0,1843.86,2250.8
gfx1250,256,4096,2048,4096,False,torch.bfloat16,torch.bfloat16,False,False,opus,21177,0,30.8298,opus_gemm_gfx1250_4wave_wl_co_128x128x256x128_4x1_16x16x32_0x0x0_w2x2_c4x1_p3_v1024w1,0.0,2229.0,2176.75
gfx1250,256,8192,2048,4096,False,torch.bfloat16,torch.bfloat16,False,False,opus,21177,0,62.4055,opus_gemm_gfx1250_4wave_wl_co_128x128x256x128_4x1_16x16x32_0x0x0_w2x2_c4x1_p3_v1024w1,0.0,2202.35,1881.89
gfx1250,256,16384,2048,4096,False,torch.bfloat16,torch.bfloat16,False,False,opus,21177,0,132.8185,opus_gemm_gfx1250_4wave_wl_co_128x128x256x128_4x1_16x16x32_0x0x0_w2x2_c4x1_p3_v1024w1,0.0,2069.58,1642.12
gfx1250,256,1,64,4096,False,torch.bfloat16,torch.bfloat16,False,False,triton,0,0,4.2263,auto,0.0,0.12,126.02
gfx1250,256,2,64,4096,False,torch.bfloat16,torch.bfloat16,False,False,triton,0,0,2.774,auto,0.0,0.38,195.0
gfx1250,256,4,64,4096,False,torch.bfloat16,torch.bfloat16,False,False,triton,0,0,2.892,auto,0.0,0.73,192.8
gfx1250,256,8,64,4096,False,torch.bfloat16,torch.bfloat16,False,False,triton,0,0,3.043,auto,0.0,1.38,194.17
gfx1250,256,16,64,4096,False,torch.bfloat16,torch.bfloat16,False,False,triton,0,0,3.766,auto,0.0,2.23,174.56
gfx1250,256,32,64,4096,False,torch.bfloat16,torch.bfloat16,False,False,triton,0,0,2.956,auto,0.0,5.68,267.43
gfx1250,256,64,64,4096,False,torch.bfloat16,torch.bfloat16,False,False,triton,0,0,2.953,auto,0.0,11.36,357.86
gfx1250,256,128,64,4096,False,torch.bfloat16,torch.bfloat16,False,False,triton,0,0,3.499,auto,0.0,19.18,454.2
gfx1250,256,256,64,4096,False,torch.bfloat16,torch.bfloat16,False,False,triton,0,0,4.4569,auto,0.0,30.11,595.53
gfx1250,256,512,64,4096,False,torch.bfloat16,torch.bfloat16,False,False,triton,0,0,4.5737,auto,0.0,58.69,1046.01
gfx1250,256,1024,64,4096,False,torch.bfloat16,torch.bfloat16,False,False,triton,0,0,4.99,auto,0.0,107.59,1812.42
gfx1250,256,2048,64,4096,False,torch.bfloat16,torch.bfloat16,False,False,triton,0,0,7.9163,auto,0.0,135.64,2218.67
gfx1250,256,4096,64,4096,False,torch.bfloat16,torch.bfloat16,False,False,triton,0,0,9.5683,auto,0.0,224.44,3616.42
gfx1250,256,8192,64,4096,False,torch.bfloat16,torch.bfloat16,False,False,opus,21306,0,10.5942,opus_gemm_gfx1250_4wave_wl_co_128x64x64x256_4x1_16x16x32_0x0x0_w2x2_c1x1_p3_v1024w1,0.0,405.41,6482.96
gfx1250,256,16384,64,4096,False,torch.bfloat16,torch.bfloat16,False,False,opus,21263,0,15.1756,opus_gemm_gfx1250_4wave_wl_co_128x64x64x128_4x1_16x16x32_0x0x0_w2x2_c4x1_p3_v1024w1,0.0,566.04,9017.05
gfx1250,256,1,129280,4096,False,torch.bfloat16,torch.bfloat16,False,False,triton,0,0,57.778,auto,0.0,18.33,18334.46
gfx1250,256,2,129280,4096,False,torch.bfloat16,torch.bfloat16,False,False,triton,0,0,57.747,auto,0.0,36.68,18348.92
gfx1250,256,4,129280,4096,False,torch.bfloat16,torch.bfloat16,False,False,triton,0,0,60.426,auto,0.0,70.11,17544.25
gfx1250,256,8,129280,4096,False,torch.bfloat16,torch.bfloat16,False,False,triton,0,0,58.406,auto,0.0,145.06,18169.29
gfx1250,256,16,129280,4096,False,torch.bfloat16,torch.bfloat16,False,False,triton,0,0,61.216,auto,0.0,276.81,17370.13
gfx1250,256,32,129280,4096,False,torch.bfloat16,torch.bfloat16,False,False,triton,0,0,62.935,auto,0.0,538.49,16963.5
gfx1250,256,64,129280,4096,False,torch.bfloat16,torch.bfloat16,False,False,triton,0,0,91.463,auto,0.0,741.06,11765.78
gfx1250,256,128,129280,4096,False,torch.bfloat16,torch.bfloat16,False,False,triton,0,0,96.722,auto,0.0,1401.54,11302.56
gfx1250,256,256,129280,4096,False,torch.bfloat16,torch.bfloat16,False,False,opus,21178,0,151.7866,opus_gemm_gfx1250_4wave_wl_co_128x128x256x128_4x1_16x16x32_0x0x0_w2x2_c2x2_p3_v1024w1,0.0,1786.19,7427.21
gfx1250,256,512,129280,4096,False,torch.bfloat16,torch.bfloat16,False,False,opus,21179,0,292.1288,opus_gemm_gfx1250_4wave_wl_co_128x128x256x128_4x1_16x16x32_0x0x0_w2x2_c4x4_p3_v1024w1,0.0,1856.17,4092.85
gfx1250,256,1024,129280,4096,False,torch.bfloat16,torch.bfloat16,False,False,opus,21179,0,575.8252,opus_gemm_gfx1250_4wave_wl_co_128x128x256x128_4x1_16x16x32_0x0x0_w2x2_c4x4_p3_v1024w1,0.0,1883.35,2313.58
gfx1250,256,2048,129280,4096,False,torch.bfloat16,torch.bfloat16,False,False,opus,21179,0,1127.1021,opus_gemm_gfx1250_4wave_wl_co_128x128x256x128_4x1_16x16x32_0x0x0_w2x2_c4x4_p3_v1024w1,0.0,1924.37,1424.33
gfx1250,256,4096,129280,4096,False,torch.bfloat16,torch.bfloat16,False,False,opus,21179,0,2188.397,opus_gemm_gfx1250_4wave_wl_co_128x128x256x128_4x1_16x16x32_0x0x0_w2x2_c4x4_p3_v1024w1,0.0,1982.23,983.22
gfx1250,256,8192,129280,4096,False,torch.bfloat16,torch.bfloat16,False,False,opus,21179,0,4289.7466,opus_gemm_gfx1250_4wave_wl_co_128x128x256x128_4x1_16x16x32_0x0x0_w2x2_c4x4_p3_v1024w1,0.0,2022.46,756.29
gfx1250,256,16384,129280,4096,False,torch.bfloat16,torch.bfloat16,False,False,opus,21179,0,8730.4969,opus_gemm_gfx1250_4wave_wl_co_128x128x256x128_4x1_16x16x32_0x0x0_w2x2_c4x4_p3_v1024w1,0.0,1987.48,621.9
gfx942,80,1,64,4096,False,torch.bfloat16,torch.bfloat16,False,False,skinny,2,0,3.6782,sol2,0.0,0.14,144.8
gfx942,80,2,64,4096,False,torch.bfloat16,torch.bfloat16,False,False,opus,10310,0,4.1922,opus_gemm_gfx942_wkc_accum_256x16x16x64_1x1_16x16x16_0x0x0,0.0234,0.25,129.03
gfx942,80,4,64,4096,False,torch.bfloat16,torch.bfloat16,False,False,opus,10310,0,4.2146,opus_gemm_gfx942_wkc_accum_256x16x16x64_1x1_16x16x16_0x0x0,0.0234,0.5,132.29
gfx942,80,8,64,4096,False,torch.bfloat16,torch.bfloat16,False,False,opus,10310,0,4.5113,opus_gemm_gfx942_wkc_accum_256x16x16x64_1x1_16x16x16_0x0x0,0.0195,0.93,130.97
gfx942,80,7680,64,4096,False,torch.bfloat16,torch.bfloat16,False,False,torch,0,0,47.248,native,0.0,85.22,1363.48
gfx942,80,7680,256,4096,False,torch.bfloat16,torch.bfloat16,False,False,torch,0,0,124.4846,native,0.0,129.38,553.83
gfx942,80,7680,512,4096,False,torch.bfloat16,torch.bfloat16,False,False,torch,0,0,211.985,native,0.0,151.96,353.67
gfx942,80,7680,1024,4096,False,torch.bfloat16,torch.bfloat16,False,False,torch,0,0,345.2932,native,0.0,186.58,252.05
gfx942,80,7680,2048,4096,False,torch.bfloat16,torch.bfloat16,False,False,opus,10216,0,693.9949,opus_gemm_gfx942_splitk_quad_mfma32_bf16ws_256x256x256x32_2x2_32x32x8_6x0x0,0.0,185.66,160.16
gfx942,80,1,32320,4096,False,torch.bfloat16,torch.bfloat16,False,False,torch,0,0,109.2233,native,0.0,2.42,2424.74
gfx942,80,15,32320,4096,False,torch.bfloat16,torch.bfloat16,False,False,torch,0,0,112.235,native,0.0,35.39,2368.76
gfx942,80,16,32320,4096,False,torch.bfloat16,torch.bfloat16,False,False,torch,0,0,112.6187,native,0.0,37.62,2361.34
gfx950,256,16,64,4096,False,torch.bfloat16,torch.bfloat16,False,False,flydsl,19,8,3.8811,flydsl_hgemm_abf16_wbf16_bf16_t16x16x128x5_ks8_w1x1x1_bias0_ktail0_gm0_pft_gfx950,0.0166,2.16,169.39
gfx950,256,32,64,4096,False,torch.bfloat16,torch.bfloat16,False,False,flydsl,315,8,3.8631,flydsl_hgemm_abf16_wbf16_bf16_t16x32x64x8_ks8_w1x2x1_bias0_ktail0_gm0_pft_gfx950,0.019,4.34,204.64
gfx950,256,48,64,4096,False,torch.bfloat16,torch.bfloat16,False,False,flydsl,1300,8,4.1063,flydsl_hgemm_abf16_wbf16_bf16_t32x32x64x8_ks8_w1x2x1_bias0_ktail0_gm0_pft_gfx950,0.0234,6.13,224.93
gfx950,256,64,64,4096,False,torch.bfloat16,torch.bfloat16,False,False,flydsl,964,8,4.1277,flydsl_hgemm_abf16_wbf16_bf16_t32x32x128x4_ks8_w2x2x1_bias0_ktail0_gm0_pft_gfx950,0.022,8.13,256.02
gfx950,256,80,64,4096,False,torch.bfloat16,torch.bfloat16,False,False,flydsl,1923,8,4.2314,flydsl_hgemm_abf16_wbf16_bf16_t32x32x64x8_ks8_w2x1x1_bias0_ktail0_gm0_pft_gfx950,0.0195,9.91,281.2
gfx950,256,96,64,4096,False,torch.bfloat16,torch.bfloat16,False,False,flydsl,1951,8,4.295,flydsl_hgemm_abf16_wbf16_bf16_t32x32x64x9_ks8_w2x1x1_bias0_ktail0_gm0_pft_gfx950,0.0194,11.72,308.03
gfx950,256,112,64,4096,False,torch.bfloat16,torch.bfloat16,False,False,flydsl,1923,8,4.4482,flydsl_hgemm_abf16_wbf16_bf16_t32x32x64x8_ks8_w2x1x1_bias0_ktail0_gm0_pft_gfx950,0.0195,13.2,327.35
gfx950,256,128,64,4096,False,torch.bfloat16,torch.bfloat16,False,False,flydsl,1895,8,4.4505,flydsl_hgemm_abf16_wbf16_bf16_t32x32x64x6_ks8_w2x1x1_bias0_ktail0_gm0_pft_gfx950,0.0194,15.08,357.09
gfx950,256,144,64,4096,False,torch.bfloat16,torch.bfloat16,False,False,flydsl,1361,8,4.6055,flydsl_hgemm_abf16_wbf16_bf16_t32x32x64x8_ks8_w2x2x1_bias0_ktail0_gm0_pft_gfx950,0.0196,16.39,373.98
gfx950,256,160,64,4096,False,torch.bfloat16,torch.bfloat16,False,False,flydsl,1959,8,4.6442,flydsl_hgemm_abf16_wbf16_bf16_t32x32x64x6_ks8_w2x1x1_bias0_ktail0_gm0_pft_gfx950,0.0189,18.06,399.53
gfx950,256,176,64,4096,False,torch.bfloat16,torch.bfloat16,False,False,flydsl,3755,8,4.7922,flydsl_hgemm_abf16_wbf16_bf16_t64x32x64x6_ks8_w4x1x1_bias0_ktail0_gm0_pft_gfx950,0.0184,19.26,414.97
gfx950,256,192,64,4096,False,torch.bfloat16,torch.bfloat16,False,False,flydsl,2015,8,4.762,flydsl_hgemm_abf16_wbf16_bf16_t32x32x64x8_ks8_w2x1x1_bias0_ktail0_gm0_pft_gfx950,0.0198,21.14,445.55
gfx950,256,208,64,4096,False,torch.bfloat16,torch.bfloat16,False,False,flydsl,2043,8,5.0615,flydsl_hgemm_abf16_wbf16_bf16_t32x32x64x9_ks8_w2x1x1_bias0_ktail0_gm0_pft_gfx950,0.018,21.55,445.49
gfx950,256,224,64,4096,False,torch.bfloat16,torch.bfloat16,False,False,flydsl,2043,8,5.1324,flydsl_hgemm_abf16_wbf16_bf16_t32x32x64x9_ks8_w2x1x1_bias0_ktail0_gm0_pft_gfx950,0.0183,22.88,465.27
gfx950,256,240,64,4096,False,torch.bfloat16,torch.bfloat16,False,False,flydsl,2525,8,5.3207,flydsl_hgemm_abf16_wbf16_bf16_t32x64x64x6_ks8_w2x2x1_bias0_ktail0_gm0_pft_gfx950,0.0195,23.65,473.83
gfx950,256,256,64,4096,False,torch.bfloat16,torch.bfloat16,False,False,flydsl,4004,8,5.3145,flydsl_hgemm_abf16_wbf16_bf16_t64x32x64x8_ks8_w4x1x1_bias0_ktail0_gm0_pft_gfx950,0.0187,25.26,499.43
gfx950,256,288,64,4096,False,torch.bfloat16,torch.bfloat16,False,False,flydsl,3932,8,5.4935,flydsl_hgemm_abf16_wbf16_bf16_t64x32x64x8_ks8_w4x1x1_bias0_ktail0_gm0_pft_gfx950,0.0186,27.49,531.62
gfx950,256,320,64,4096,False,torch.bfloat16,torch.bfloat16,False,False,flydsl,2161,8,5.7031,flydsl_hgemm_abf16_wbf16_bf16_t32x64x128x4_ks8_w2x2x1_bias0_ktail0_gm0_pft_gfx950,0.0201,29.42,558.76
gfx950,256,352,64,4096,False,torch.bfloat16,torch.bfloat16,False,False,flydsl,2029,8,5.8783,flydsl_hgemm_abf16_wbf16_bf16_t32x32x64x9_ks8_w2x1x1_bias0_ktail0_gm0_pft_gfx950,0.0187,31.4,587.4
gfx950,256,384,64,4096,False,torch.bfloat16,torch.bfloat16,False,False,flydsl,3651,8,5.9663,flydsl_hgemm_abf16_wbf16_bf16_t64x32x64x5_ks8_w2x2x1_bias0_ktail0_gm0_pft_gfx950,0.0183,33.74,623.36
gfx950,256,416,64,4096,False,torch.bfloat16,torch.bfloat16,False,False,flydsl,1974,8,5.97,flydsl_hgemm_abf16_wbf16_bf16_t32x32x64x9_ks8_w2x2x1_bias0_ktail0_gm0_pft_gfx950,0.0188,36.53,667.57
gfx950,256,448,64,4096,False,torch.bfloat16,torch.bfloat16,False,False,flydsl,1972,8,6.0497,flydsl_hgemm_abf16_wbf16_bf16_t32x32x64x9_ks8_w2x1x1_bias0_ktail0_gm0_pft_gfx950,0.0188,38.83,702.79
gfx950,256,480,64,4096,False,torch.bfloat16,torch.bfloat16,False,False,flydsl,1972,8,6.2097,flydsl_hgemm_abf16_wbf16_bf16_t32x32x64x9_ks8_w2x1x1_bias0_ktail0_gm0_pft_gfx950,0.0201,40.53,727.55
gfx950,256,512,64,4096,False,torch.bfloat16,torch.bfloat16,False,False,flydsl,709,4,6.488,flydsl_hgemm_abf16_wbf16_bf16_t16x32x128x6_ks4_w1x2x1_bias0_ktail0_gm0_pft_gfx950,0.0121,41.37,737.38
gfx950,256,544,64,4096,False,torch.bfloat16,torch.bfloat16,False,False,flydsl,1847,4,6.5871,flydsl_hgemm_abf16_wbf16_bf16_t32x32x64x8_ks4_w2x2x1_bias0_ktail0_gm0_pft_gfx950,0.0117,43.3,766.71
gfx950,256,576,64,4096,False,torch.bfloat16,torch.bfloat16,False,False,flydsl,1817,4,6.6169,flydsl_hgemm_abf16_wbf16_bf16_t32x32x64x7_ks4_w2x1x1_bias0_ktail0_gm0_pft_gfx950,0.0113,45.64,803.49
gfx950,256,608,64,4096,False,torch.bfloat16,torch.bfloat16,False,False,flydsl,2580,8,6.7174,flydsl_hgemm_abf16_wbf16_bf16_t48x32x64x6_ks8_w1x2x1_bias0_ktail0_gm0_pft_gfx950,0.0202,47.45,831.1
gfx950,256,640,64,4096,False,torch.bfloat16,torch.bfloat16,False,False,flydsl,1855,4,6.7934,flydsl_hgemm_abf16_wbf16_bf16_t32x32x64x8_ks4_w2x2x1_bias0_ktail0_gm0_pft_gfx950,0.0114,49.39,861.0
gfx950,256,672,64,4096,False,torch.bfloat16,torch.bfloat16,False,False,flydsl,1883,4,6.8473,flydsl_hgemm_abf16_wbf16_bf16_t32x32x64x9_ks4_w2x2x1_bias0_ktail0_gm0_pft_gfx950,0.0112,51.45,893.1
gfx950,256,704,64,4096,False,torch.bfloat16,torch.bfloat16,False,False,flydsl,1835,4,6.8611,flydsl_hgemm_abf16_wbf16_bf16_t32x32x64x8_ks4_w2x2x1_bias0_ktail0_gm0_pft_gfx950,0.012,53.8,930.11
gfx950,256,736,64,4096,False,torch.bfloat16,torch.bfloat16,False,False,flydsl,2354,8,6.9667,flydsl_hgemm_abf16_wbf16_bf16_t32x64x64x7_ks8_w2x2x1_bias0_ktail0_gm0_pft_gfx950,0.0181,55.39,954.23
gfx950,256,768,64,4096,False,torch.bfloat16,torch.bfloat16,False,False,flydsl,1863,4,7.0646,flydsl_hgemm_abf16_wbf16_bf16_t32x32x64x9_ks4_w2x2x1_bias0_ktail0_gm0_pft_gfx950,0.0113,57.0,978.69
gfx950,256,800,64,4096,False,torch.bfloat16,torch.bfloat16,False,False,flydsl,1908,8,7.1109,flydsl_hgemm_abf16_wbf16_bf16_t32x64x128x4_ks8_w2x2x1_bias0_ktail0_gm0_pft_gfx950,0.0192,58.98,1009.76
gfx950,256,832,64,4096,False,torch.bfloat16,torch.bfloat16,False,False,flydsl,2230,8,7.1421,flydsl_hgemm_abf16_wbf16_bf16_t32x64x64x6_ks8_w2x2x1_bias0_ktail0_gm0_pft_gfx950,0.0187,61.08,1042.62
gfx950,256,864,64,4096,False,torch.bfloat16,torch.bfloat16,False,False,flydsl,1904,8,7.2702,flydsl_hgemm_abf16_wbf16_bf16_t32x64x128x4_ks8_w1x4x1_bias0_ktail0_gm0_pft_gfx950,0.0195,62.31,1060.87
gfx950,256,896,64,4096,False,torch.bfloat16,torch.bfloat16,False,False,flydsl,1861,4,7.3495,flydsl_hgemm_abf16_wbf16_bf16_t32x32x64x9_ks4_w2x1x1_bias0_ktail0_gm0_pft_gfx950,0.0115,63.92,1085.65
gfx950,256,928,64,4096,False,torch.bfloat16,torch.bfloat16,False,False,flydsl,2319,8,7.4452,flydsl_hgemm_abf16_wbf16_bf16_t32x64x64x6_ks8_w1x4x1_bias0_ktail0_gm0_pft_gfx950,0.0192,65.35,1107.46
gfx950,256,960,64,4096,False,torch.bfloat16,torch.bfloat16,False,False,flydsl,1835,4,7.4906,flydsl_hgemm_abf16_wbf16_bf16_t32x32x64x8_ks4_w2x2x1_bias0_ktail0_gm0_pft_gfx950,0.0115,67.19,1136.29
gfx950,256,992,64,4096,False,torch.bfloat16,torch.bfloat16,False,False,flydsl,2730,8,7.7149,flydsl_hgemm_abf16_wbf16_bf16_t48x64x128x4_ks8_w1x4x1_bias0_ktail0_gm0_pft_gfx950,0.019,67.41,1137.76
gfx950,256,1024,64,4096,False,torch.bfloat16,torch.bfloat16,False,False,flydsl,1885,4,7.6411,flydsl_hgemm_abf16_wbf16_bf16_t32x32x64x9_ks4_w2x1x1_bias0_ktail0_gm0_pft_gfx950,0.0116,70.26,1183.6
gfx950,256,1088,64,4096,False,torch.bfloat16,torch.bfloat16,False,False,flydsl,2642,8,7.9643,flydsl_hgemm_abf16_wbf16_bf16_t48x64x128x3_ks8_w1x4x1_bias0_ktail0_gm0_pft_gfx950,0.0194,71.62,1202.42
gfx950,256,1152,64,4096,False,torch.bfloat16,torch.bfloat16,False,False,flydsl,2532,4,8.1488,flydsl_hgemm_abf16_wbf16_bf16_t48x32x128x4_ks4_w1x2x1_bias0_ktail0_gm0_pft_gfx950,0.0117,74.12,1240.54
gfx950,256,1216,64,4096,False,torch.bfloat16,torch.bfloat16,False,False,flydsl,2219,4,8.1965,flydsl_hgemm_abf16_wbf16_bf16_t32x64x64x7_ks4_w2x2x1_bias0_ktail0_gm0_pft_gfx950,0.0114,77.78,1298.29
gfx950,256,1280,64,4096,False,torch.bfloat16,torch.bfloat16,False,False,flydsl,1862,4,8.1319,flydsl_hgemm_abf16_wbf16_bf16_t32x64x128x4_ks4_w2x2x1_bias0_ktail0_gm0_pft_gfx950,0.0114,82.53,1374.08
gfx950,256,1344,64,4096,False,torch.bfloat16,torch.bfloat16,False,False,flydsl,2416,4,8.3206,flydsl_hgemm_abf16_wbf16_bf16_t48x32x64x6_ks4_w1x2x1_bias0_ktail0_gm0_pft_gfx950,0.0118,84.69,1406.91
gfx950,256,1408,64,4096,False,torch.bfloat16,torch.bfloat16,False,False,flydsl,2134,4,8.3848,flydsl_hgemm_abf16_wbf16_bf16_t32x64x64x8_ks4_w2x2x1_bias0_ktail0_gm0_pft_gfx950,0.0119,88.04,1459.65
gfx950,256,1472,64,4096,False,torch.bfloat16,torch.bfloat16,False,False,flydsl,1748,4,8.5251,flydsl_hgemm_abf16_wbf16_bf16_t32x64x128x4_ks4_w2x2x1_bias0_ktail0_gm0_pft_gfx950,0.0118,90.53,1498.09
gfx950,256,1536,64,4096,False,torch.bfloat16,torch.bfloat16,False,False,flydsl,2134,4,8.5864,flydsl_hgemm_abf16_wbf16_bf16_t32x64x64x8_ks4_w2x2x1_bias0_ktail0_gm0_pft_gfx950,0.0116,93.79,1549.4
gfx950,256,1600,64,4096,False,torch.bfloat16,torch.bfloat16,False,False,flydsl,1656,4,8.723,flydsl_hgemm_abf16_wbf16_bf16_t32x64x128x4_ks4_w2x2x1_bias0_ktail0_gm0_pft_gfx950,0.0122,96.17,1586.18
gfx950,256,1664,64,4096,False,torch.bfloat16,torch.bfloat16,False,False,flydsl,1748,4,8.7138,flydsl_hgemm_abf16_wbf16_bf16_t32x64x128x4_ks4_w2x2x1_bias0_ktail0_gm0_pft_gfx950,0.0124,100.12,1648.97
gfx950,256,1728,64,4096,False,torch.bfloat16,torch.bfloat16,False,False,flydsl,1789,4,8.9539,flydsl_hgemm_abf16_wbf16_bf16_t32x64x128x5_ks4_w2x2x1_bias0_ktail0_gm0_pft_gfx950,0.0126,101.18,1664.22
gfx950,256,1792,64,4096,False,torch.bfloat16,torch.bfloat16,False,False,flydsl,1748,4,8.923,flydsl_hgemm_abf16_wbf16_bf16_t32x64x128x4_ks4_w2x2x1_bias0_ktail0_gm0_pft_gfx950,0.0123,105.29,1729.66
gfx950,256,1856,64,4096,False,torch.bfloat16,torch.bfloat16,False,False,flydsl,1946,4,9.1005,flydsl_hgemm_abf16_wbf16_bf16_t32x64x64x5_ks4_w1x4x1_bias0_ktail0_gm0_pft_gfx950,0.0126,106.93,1754.43
gfx950,256,1920,64,4096,False,torch.bfloat16,torch.bfloat16,False,False,flydsl,1748,4,9.1741,flydsl_hgemm_abf16_wbf16_bf16_t32x64x128x4_ks4_w2x2x1_bias0_ktail0_gm0_pft_gfx950,0.0128,109.73,1798.4
gfx950,256,1984,64,4096,False,torch.bfloat16,torch.bfloat16,False,False,flydsl,2037,4,9.4129,flydsl_hgemm_abf16_wbf16_bf16_t32x64x64x5_ks4_w1x4x1_bias0_ktail0_gm0_pft_gfx950,0.0124,110.51,1809.34
gfx950,256,2048,64,4096,False,torch.bfloat16,torch.bfloat16,False,False,flydsl,1771,4,9.3154,flydsl_hgemm_abf16_wbf16_bf16_t32x64x128x4_ks4_w2x4x1_bias0_ktail0_gm0_pft_gfx950,0.0127,115.27,1885.44
gfx950,256,4096,64,4096,False,torch.bfloat16,torch.bfloat16,False,False,flydsl,1223,1,12.3497,flydsl_hgemm_abf16_wbf16_bf16_t32x32x128x6_ks1_w2x2x1_bias0_ktail0_gm4_pft_gfx950,0.0,173.89,2801.93
gfx950,256,6144,64,4096,False,torch.bfloat16,torch.bfloat16,False,False,torch,0,0,15.6068,native,0.0,206.4,3308.97
gfx950,256,8192,64,4096,False,torch.bfloat16,torch.bfloat16,False,False,flydsl,1300,1,17.8913,flydsl_hgemm_abf16_wbf16_bf16_t32x64x128x4_ks1_w1x4x2_bias0_ktail0_gm4_pft_gfx950,0.0049,240.06,3838.83
gfx950,256,10240,64,4096,False,torch.bfloat16,torch.bfloat16,False,False,torch,0,0,20.247,native,0.0,265.16,4233.77
gfx950,256,12288,64,4096,False,torch.bfloat16,torch.bfloat16,False,False,flydsl,2311,1,17.9908,flydsl_hgemm_abf16_wbf16_bf16_t96x32x64x8_ks1_w2x2x1_bias0_ktail0_gm4_pft_gfx950,0.0,358.1,5711.83
gfx950,256,14336,64,4096,False,torch.bfloat16,torch.bfloat16,False,False,flydsl,2171,1,22.044,flydsl_hgemm_abf16_wbf16_bf16_t96x64x64x3_ks1_w2x1x2_bias0_ktail0_gm0_pft_gfx950,0.0048,340.96,5434.58
gfx950,256,16384,64,4096,False,torch.bfloat16,torch.bfloat16,False,False,flydsl,1631,1,29.2846,flydsl_hgemm_abf16_wbf16_bf16_t64x64x128x3_ks1_w1x2x2_bias0_ktail0_gm4_pft_gfx950,0.0049,293.33,4672.73
gfx950,256,16,256,4096,False,torch.bfloat16,torch.bfloat16,False,False,flydsl,409,8,4.2912,flydsl_hgemm_abf16_wbf16_bf16_t16x32x64x9_ks8_w1x1x1_bias0_ktail0_gm0_pft_gfx950,0.0203,7.82,521.16
gfx950,256,32,256,4096,False,torch.bfloat16,torch.bfloat16,False,False,flydsl,1697,8,4.637,flydsl_hgemm_abf16_wbf16_bf16_t32x32x64x8_ks8_w2x2x1_bias0_ktail0_gm0_pft_gfx950,0.0208,14.47,512.33
gfx950,256,48,256,4096,False,torch.bfloat16,torch.bfloat16,False,False,flydsl,3831,8,5.0697,flydsl_hgemm_abf16_wbf16_bf16_t64x32x64x5_ks8_w4x1x1_bias0_ktail0_gm0_pft_gfx950,0.0186,19.86,496.07
gfx950,256,64,256,4096,False,torch.bfloat16,torch.bfloat16,False,False,flydsl,3976,8,5.2055,flydsl_hgemm_abf16_wbf16_bf16_t64x32x64x6_ks8_w4x1x1_bias0_ktail0_gm0_pft_gfx950,0.0183,25.78,509.89
gfx950,256,80,256,4096,False,torch.bfloat16,torch.bfloat16,False,False,flydsl,2433,8,5.7119,flydsl_hgemm_abf16_wbf16_bf16_t32x32x64x8_ks8_w2x1x1_bias0_ktail0_gm0_pft_gfx950,0.0196,29.37,489.06
gfx950,256,96,256,4096,False,torch.bfloat16,torch.bfloat16,False,False,flydsl,2463,8,5.793,flydsl_hgemm_abf16_wbf16_bf16_t32x32x64x8_ks8_w2x2x1_bias0_ktail0_gm0_pft_gfx950,0.0194,34.75,506.26
gfx950,256,112,256,4096,False,torch.bfloat16,torch.bfloat16,False,False,flydsl,996,4,6.1021,flydsl_hgemm_abf16_wbf16_bf16_t16x32x128x5_ks4_w1x2x1_bias0_ktail0_gm0_pft_gfx950,0.0117,38.49,503.43
gfx950,256,128,256,4096,False,torch.bfloat16,torch.bfloat16,False,False,flydsl,2456,4,6.2234,flydsl_hgemm_abf16_wbf16_bf16_t32x32x64x8_ks4_w2x2x1_bias0_ktail0_gm0_pft_gfx950,0.0113,43.13,516.0
gfx950,256,144,256,4096,False,torch.bfloat16,torch.bfloat16,False,False,flydsl,1662,4,6.3874,flydsl_hgemm_abf16_wbf16_bf16_t32x32x64x9_ks4_w2x2x1_bias0_ktail0_gm0_pft_gfx950,0.0122,47.28,524.55
gfx950,256,160,256,4096,False,torch.bfloat16,torch.bfloat16,False,False,flydsl,2480,4,6.5219,flydsl_hgemm_abf16_wbf16_bf16_t32x32x64x8_ks4_w2x2x1_bias0_ktail0_gm0_pft_gfx950,0.0117,51.45,535.09
gfx950,256,176,256,4096,False,torch.bfloat16,torch.bfloat16,False,False,flydsl,2488,4,6.7429,flydsl_hgemm_abf16_wbf16_bf16_t32x32x64x9_ks4_w2x2x1_bias0_ktail0_gm0_pft_gfx950,0.0111,54.74,538.2
gfx950,256,192,256,4096,False,torch.bfloat16,torch.bfloat16,False,False,flydsl,2484,4,6.8314,flydsl_hgemm_abf16_wbf16_bf16_t32x32x64x8_ks4_w1x2x1_bias0_ktail0_gm0_pft_gfx950,0.0111,58.94,551.62
gfx950,256,208,256,4096,False,torch.bfloat16,torch.bfloat16,False,False,flydsl,2488,4,6.9299,flydsl_hgemm_abf16_wbf16_bf16_t32x32x64x8_ks4_w2x2x1_bias0_ktail0_gm0_pft_gfx950,0.0117,62.95,563.87
gfx950,256,224,256,4096,False,torch.bfloat16,torch.bfloat16,False,False,flydsl,2458,4,7.1091,flydsl_hgemm_abf16_wbf16_bf16_t32x32x64x7_ks4_w2x1x1_bias0_ktail0_gm0_pft_gfx950,0.0112,66.08,569.25
gfx950,256,240,256,4096,False,torch.bfloat16,torch.bfloat16,False,False,flydsl,2486,4,7.2274,flydsl_hgemm_abf16_wbf16_bf16_t32x32x64x8_ks4_w2x1x1_bias0_ktail0_gm0_pft_gfx950,0.0116,69.64,579.2
gfx950,256,256,256,4096,False,torch.bfloat16,torch.bfloat16,False,False,flydsl,2510,4,7.2904,flydsl_hgemm_abf16_wbf16_bf16_t32x32x64x8_ks4_w2x1x1_bias0_ktail0_gm0_pft_gfx950,0.0111,73.64,593.3
gfx950,256,288,256,4096,False,torch.bfloat16,torch.bfloat16,False,False,flydsl,4635,4,7.8899,flydsl_hgemm_abf16_wbf16_bf16_t64x32x64x6_ks4_w4x1x1_bias0_ktail0_gm0_pft_gfx950,0.0115,76.55,583.52
gfx950,256,320,256,4096,False,torch.bfloat16,torch.bfloat16,False,False,flydsl,3374,4,8.1371,flydsl_hgemm_abf16_wbf16_bf16_t48x32x64x6_ks4_w1x2x1_bias0_ktail0_gm0_pft_gfx950,0.0117,82.47,600.02
gfx950,256,352,256,4096,False,torch.bfloat16,torch.bfloat16,False,False,flydsl,4567,4,8.4321,flydsl_hgemm_abf16_wbf16_bf16_t64x32x64x8_ks4_w4x1x1_bias0_ktail0_gm0_pft_gfx950,0.0116,87.55,612.06
gfx950,256,384,256,4096,False,torch.bfloat16,torch.bfloat16,False,False,flydsl,2401,4,8.5115,flydsl_hgemm_abf16_wbf16_bf16_t32x64x128x4_ks4_w2x2x1_bias0_ktail0_gm0_pft_gfx950,0.0116,94.61,639.08
gfx950,256,416,256,4096,False,torch.bfloat16,torch.bfloat16,False,False,flydsl,4492,4,8.8302,flydsl_hgemm_abf16_wbf16_bf16_t64x32x64x6_ks4_w4x1x1_bias0_ktail0_gm0_pft_gfx950,0.0116,98.8,647.55
gfx950,256,448,256,4096,False,torch.bfloat16,torch.bfloat16,False,False,flydsl,2712,4,9.0007,flydsl_hgemm_abf16_wbf16_bf16_t32x64x64x6_ks4_w2x2x1_bias0_ktail0_gm0_pft_gfx950,0.0115,104.38,666.23
gfx950,256,480,256,4096,False,torch.bfloat16,torch.bfloat16,False,False,flydsl,2261,2,9.2319,flydsl_hgemm_abf16_wbf16_bf16_t32x32x64x9_ks2_w2x2x1_bias0_ktail0_gm0_pft_gfx950,0.0046,109.04,679.72
gfx950,256,512,256,4096,False,torch.bfloat16,torch.bfloat16,False,False,flydsl,2733,4,9.3283,flydsl_hgemm_abf16_wbf16_bf16_t32x64x64x6_ks4_w2x2x1_bias0_ktail0_gm0_pft_gfx950,0.0119,115.11,702.55
gfx950,256,544,256,4096,False,torch.bfloat16,torch.bfloat16,False,False,flydsl,3118,4,9.9187,flydsl_hgemm_abf16_wbf16_bf16_t48x64x128x4_ks4_w1x4x1_bias0_ktail0_gm0_pft_gfx950,0.0119,115.02,688.81
gfx950,256,576,256,4096,False,torch.bfloat16,torch.bfloat16,False,False,flydsl,3125,4,10.1811,flydsl_hgemm_abf16_wbf16_bf16_t48x64x128x3_ks4_w1x2x2_bias0_ktail0_gm0_pft_gfx950,0.0195,118.65,698.42
gfx950,256,608,256,4096,False,torch.bfloat16,torch.bfloat16,False,False,flydsl,3003,4,10.282,flydsl_hgemm_abf16_wbf16_bf16_t48x64x128x4_ks4_w1x4x1_bias0_ktail0_gm0_pft_gfx950,0.0118,124.01,718.65
gfx950,256,640,256,4096,False,torch.bfloat16,torch.bfloat16,False,False,flydsl,4861,4,10.4163,flydsl_hgemm_abf16_wbf16_bf16_t64x64x64x6_ks4_w4x2x1_bias0_ktail0_gm0_pft_gfx950,0.0118,128.85,736.13
gfx950,256,672,256,4096,False,torch.bfloat16,torch.bfloat16,False,False,flydsl,4764,4,10.5447,flydsl_hgemm_abf16_wbf16_bf16_t64x64x64x6_ks4_w4x2x1_bias0_ktail0_gm0_pft_gfx950,0.0121,133.65,753.58
gfx950,256,704,256,4096,False,torch.bfloat16,torch.bfloat16,False,False,flydsl,2908,4,10.7575,flydsl_hgemm_abf16_wbf16_bf16_t48x64x128x4_ks4_w1x4x1_bias0_ktail0_gm0_pft_gfx950,0.0117,137.24,764.56
gfx950,256,736,256,4096,False,torch.bfloat16,torch.bfloat16,False,False,flydsl,4713,4,10.8432,flydsl_hgemm_abf16_wbf16_bf16_t64x64x64x8_ks4_w4x2x1_bias0_ktail0_gm0_pft_gfx950,0.0116,142.35,784.21
gfx950,256,768,256,4096,False,torch.bfloat16,torch.bfloat16,False,False,flydsl,4556,4,10.8901,flydsl_hgemm_abf16_wbf16_bf16_t64x64x64x5_ks4_w4x2x1_bias0_ktail0_gm0_pft_gfx950,0.0118,147.9,806.4
gfx950,256,800,256,4096,False,torch.bfloat16,torch.bfloat16,False,False,flydsl,4406,4,11.1301,flydsl_hgemm_abf16_wbf16_bf16_t64x64x64x6_ks4_w4x2x1_bias0_ktail0_gm0_pft_gfx950,0.0119,150.74,814.04
gfx950,256,832,256,4096,False,torch.bfloat16,torch.bfloat16,False,False,flydsl,4406,4,11.4068,flydsl_hgemm_abf16_wbf16_bf16_t64x64x64x6_ks4_w4x2x1_bias0_ktail0_gm0_pft_gfx950,0.0119,152.96,818.71
gfx950,256,864,256,4096,False,torch.bfloat16,torch.bfloat16,False,False,flydsl,4403,4,11.3419,flydsl_hgemm_abf16_wbf16_bf16_t64x64x64x6_ks4_w2x4x1_bias0_ktail0_gm0_pft_gfx950,0.0117,159.76,847.95
gfx950,256,896,256,4096,False,torch.bfloat16,torch.bfloat16,False,False,flydsl,4522,4,11.4231,flydsl_hgemm_abf16_wbf16_bf16_t64x64x64x6_ks4_w2x4x1_bias0_ktail0_gm0_pft_gfx950,0.0115,164.5,866.31
gfx950,256,928,256,4096,False,torch.bfloat16,torch.bfloat16,False,False,asm,7,4,11.5568,_ZN5aiter39bf16gemm_fp32bf16_tn_80x64_splitk_cleanE,0.0117,168.4,880.39
gfx950,256,960,256,4096,False,torch.bfloat16,torch.bfloat16,False,False,flydsl,4529,4,11.9866,flydsl_hgemm_abf16_wbf16_bf16_t64x64x64x7_ks4_w4x2x1_bias0_ktail0_gm0_pft_gfx950,0.0119,167.96,872.06
gfx950,256,992,256,4096,False,torch.bfloat16,torch.bfloat16,False,False,flydsl,2387,2,11.9524,flydsl_hgemm_abf16_wbf16_bf16_t32x64x64x8_ks2_w2x2x1_bias0_ktail0_gm0_pft_gfx950,0.0047,174.05,897.85
gfx950,256,1024,256,4096,False,torch.bfloat16,torch.bfloat16,False,False,flydsl,1794,1,11.5843,flydsl_hgemm_abf16_wbf16_bf16_t32x32x128x4_ks1_w2x1x2_bias0_ktail0_gm4_pft_gfx950,0.0048,185.38,950.43
gfx950,256,1088,256,4096,False,torch.bfloat16,torch.bfloat16,False,False,asm,8,5,12.4951,_ZN5aiter39bf16gemm_fp32bf16_tn_96x64_splitk_cleanE,0.0142,182.61,925.73
gfx950,256,1152,256,4096,False,torch.bfloat16,torch.bfloat16,False,False,asm,5,3,12.6541,_ZN5aiter39bf16gemm_fp32bf16_tn_64x64_splitk_cleanE,0.009,190.92,958.12
gfx950,256,1216,256,4096,False,torch.bfloat16,torch.bfloat16,False,False,asm,7,4,12.7701,_ZN5aiter39bf16gemm_fp32bf16_tn_80x64_splitk_cleanE,0.012,199.7,993.04
gfx950,256,1280,256,4096,False,torch.bfloat16,torch.bfloat16,False,False,flydsl,1529,1,12.8304,flydsl_hgemm_abf16_wbf16_bf16_t32x32x128x4_ks1_w1x1x2_bias0_ktail0_gm4_pft_gfx950,0.0051,209.22,1031.79
gfx950,256,1344,256,4096,False,torch.bfloat16,torch.bfloat16,False,False,flydsl,1376,1,13.0972,flydsl_hgemm_abf16_wbf16_bf16_t32x32x128x4_ks1_w1x2x1_bias0_ktail0_gm4_pft_gfx950,0.0,215.2,1053.3
gfx950,256,1408,256,4096,False,torch.bfloat16,torch.bfloat16,False,False,flydsl,1505,1,13.0474,flydsl_hgemm_abf16_wbf16_bf16_t32x32x128x5_ks1_w1x1x2_bias0_ktail0_gm4_pft_gfx950,0.0051,226.31,1100.02
gfx950,256,1472,256,4096,False,torch.bfloat16,torch.bfloat16,False,False,asm,8,4,13.2221,_ZN5aiter39bf16gemm_fp32bf16_tn_96x64_splitk_cleanE,0.0118,233.47,1127.62
gfx950,256,1536,256,4096,False,torch.bfloat16,torch.bfloat16,False,False,asm,7,3,13.4614,_ZN5aiter39bf16gemm_fp32bf16_tn_80x64_splitk_cleanE,0.0089,239.29,1148.95
gfx950,256,1600,256,4096,False,torch.bfloat16,torch.bfloat16,False,False,flydsl,3446,2,15.0763,flydsl_hgemm_abf16_wbf16_bf16_t64x64x64x6_ks2_w4x2x1_bias0_ktail0_gm0_pft_gfx950,0.005,222.56,1062.83
gfx950,256,1664,256,4096,False,torch.bfloat16,torch.bfloat16,False,False,flydsl,3581,2,15.2706,flydsl_hgemm_abf16_wbf16_bf16_t64x64x64x6_ks2_w4x2x1_bias0_ktail0_gm0_pft_gfx950,0.005,228.52,1085.79
gfx950,256,1728,256,4096,False,torch.bfloat16,torch.bfloat16,False,False,flydsl,3541,2,15.3992,flydsl_hgemm_abf16_wbf16_bf16_t64x64x64x5_ks2_w4x2x1_bias0_ktail0_gm0_pft_gfx950,0.005,235.33,1112.89
gfx950,256,1792,256,4096,False,torch.bfloat16,torch.bfloat16,False,False,flydsl,3569,2,15.5201,flydsl_hgemm_abf16_wbf16_bf16_t64x64x64x6_ks2_w4x2x1_bias0_ktail0_gm0_pft_gfx950,0.005,242.14,1140.12
gfx950,256,1856,256,4096,False,torch.bfloat16,torch.bfloat16,False,False,flydsl,3391,2,15.794,flydsl_hgemm_abf16_wbf16_bf16_t64x64x64x5_ks2_w2x4x1_bias0_ktail0_gm0_pft_gfx950,0.005,246.44,1155.61
gfx950,256,1920,256,4096,False,torch.bfloat16,torch.bfloat16,False,False,flydsl,3525,2,15.731,flydsl_hgemm_abf16_wbf16_bf16_t64x64x64x5_ks2_w2x4x1_bias0_ktail0_gm0_pft_gfx950,0.005,255.96,1195.65
gfx950,256,1984,256,4096,False,torch.bfloat16,torch.bfloat16,False,False,flydsl,2221,1,16.1086,flydsl_hgemm_abf16_wbf16_bf16_t48x32x64x8_ks1_w1x2x1_bias0_ktail0_gm4_pft_gfx950,0.0,258.29,1202.21
gfx950,256,2048,256,4096,False,torch.bfloat16,torch.bfloat16,False,False,flydsl,1762,1,15.0534,flydsl_hgemm_abf16_wbf16_bf16_t32x64x128x4_ks1_w2x2x1_bias0_ktail0_gm4_pft_gfx950,0.0,285.32,1323.48
gfx950,256,4096,256,4096,False,torch.bfloat16,torch.bfloat16,False,False,flydsl,2614,1,20.2526,flydsl_hgemm_abf16_wbf16_bf16_t64x64x64x5_ks1_w4x2x1_bias0_ktail0_gm4_pft_gfx950,0.0,424.14,1863.9
gfx950,256,6144,256,4096,False,torch.bfloat16,torch.bfloat16,False,False,flydsl,2163,1,25.6218,flydsl_hgemm_abf16_wbf16_bf16_t96x64x128x4_ks1_w2x2x2_bias0_ktail0_gm4_pft_gfx950,0.0048,502.89,2169.03
gfx950,256,8192,256,4096,False,torch.bfloat16,torch.bfloat16,False,False,flydsl,305,1,29.7441,flydsl_hgemm_abf16_wbf16_bf16_t128x64x128x3_ks1_w4x1x2_bias0_ktail0_gm4_pft_gfx950,0.0049,577.59,2467.73
gfx950,256,10240,256,4096,False,torch.bfloat16,torch.bfloat16,False,False,flydsl,1185,1,37.9674,flydsl_hgemm_abf16_wbf16_bf16_t96x128x64x4_ks1_w2x2x1_bias0_ktail0_gm0_pft_gfx950,0.0,565.61,2402.75
gfx950,256,12288,256,4096,False,torch.bfloat16,torch.bfloat16,False,False,flydsl,1141,1,38.8057,flydsl_hgemm_abf16_wbf16_bf16_t96x128x64x4_ks1_w2x2x1_bias0_ktail0_gm4_pft_gfx950,0.0,664.07,2810.2
gfx950,256,14336,256,4096,False,torch.bfloat16,torch.bfloat16,False,False,flydsl,4,1,47.1466,flydsl_hgemm_abf16_wbf16_bf16_t128x128x128x2_ks1_w2x4x1_bias0_ktail0_gm0_pht_gfx950,0.0,637.69,2691.13
gfx950,256,16384,256,4096,False,torch.bfloat16,torch.bfloat16,False,False,flydsl,45,1,46.387,flydsl_hgemm_abf16_wbf16_bf16_t128x128x64x4_ks1_w4x2x1_bias0_ktail0_gm4_pft_gfx950,0.0,740.72,3119.48
gfx950,256,16,512,4096,False,torch.bfloat16,torch.bfloat16,False,False,flydsl,115,4,5.3935,flydsl_hgemm_abf16_wbf16_bf16_t16x16x128x9_ks4_w1x1x1_bias0_ktail0_gm0_pft_gfx950,0.0118,12.44,805.0
gfx950,256,32,512,4096,False,torch.bfloat16,torch.bfloat16,False,False,flydsl,411,8,5.7853,flydsl_hgemm_abf16_wbf16_bf16_t16x32x64x9_ks8_w1x2x1_bias0_ktail0_gm0_pft_gfx950,0.0209,23.2,775.97
gfx950,256,48,512,4096,False,torch.bfloat16,torch.bfloat16,False,False,flydsl,1681,8,6.1219,flydsl_hgemm_abf16_wbf16_bf16_t32x32x64x8_ks8_w2x1x1_bias0_ktail0_gm0_pft_gfx950,0.0192,32.89,757.39
gfx950,256,64,512,4096,False,torch.bfloat16,torch.bfloat16,False,False,flydsl,1651,8,6.2774,flydsl_hgemm_abf16_wbf16_bf16_t32x32x64x7_ks8_w1x2x1_bias0_ktail0_gm0_pft_gfx950,0.0189,42.76,762.12
gfx950,256,80,512,4096,False,torch.bfloat16,torch.bfloat16,False,False,flydsl,2372,4,6.6283,flydsl_hgemm_abf16_wbf16_bf16_t32x32x64x9_ks4_w2x2x1_bias0_ktail0_gm0_pft_gfx950,0.0121,50.62,744.02
gfx950,256,96,512,4096,False,torch.bfloat16,torch.bfloat16,False,False,flydsl,2380,4,6.8682,flydsl_hgemm_abf16_wbf16_bf16_t32x32x64x9_ks4_w2x2x1_bias0_ktail0_gm0_pft_gfx950,0.0125,58.63,739.5
gfx950,256,112,512,4096,False,torch.bfloat16,torch.bfloat16,False,False,flydsl,2352,4,7.0649,flydsl_hgemm_abf16_wbf16_bf16_t32x32x64x8_ks4_w2x2x1_bias0_ktail0_gm0_pft_gfx950,0.012,66.49,739.78
gfx950,256,128,512,4096,False,torch.bfloat16,torch.bfloat16,False,False,flydsl,2374,4,7.2799,flydsl_hgemm_abf16_wbf16_bf16_t32x32x64x8_ks4_w2x1x1_bias0_ktail0_gm0_pft_gfx950,0.0118,73.75,738.19
gfx950,256,144,512,4096,False,torch.bfloat16,torch.bfloat16,False,False,flydsl,3817,4,7.9091,flydsl_hgemm_abf16_wbf16_bf16_t64x32x64x8_ks4_w2x2x1_bias0_ktail0_gm0_pft_gfx950,0.012,76.37,698.11
gfx950,256,160,512,4096,False,torch.bfloat16,torch.bfloat16,False,False,flydsl,4591,4,7.9671,flydsl_hgemm_abf16_wbf16_bf16_t64x32x64x6_ks4_w4x1x1_bias0_ktail0_gm0_pft_gfx950,0.0115,84.23,711.53
gfx950,256,176,512,4096,False,torch.bfloat16,torch.bfloat16,False,False,flydsl,4477,4,8.1883,flydsl_hgemm_abf16_wbf16_bf16_t64x32x64x6_ks4_w4x1x1_bias0_ktail0_gm0_pft_gfx950,0.0118,90.15,710.32
gfx950,256,192,512,4096,False,torch.bfloat16,torch.bfloat16,False,False,flydsl,3259,4,8.3429,flydsl_hgemm_abf16_wbf16_bf16_t48x32x64x6_ks4_w1x2x1_bias0_ktail0_gm0_pft_gfx950,0.0117,96.53,714.83
gfx950,256,208,512,4096,False,torch.bfloat16,torch.bfloat16,False,False,flydsl,4508,4,8.6255,flydsl_hgemm_abf16_wbf16_bf16_t64x32x64x8_ks4_w4x1x1_bias0_ktail0_gm0_pft_gfx950,0.0117,101.14,708.51
gfx950,256,224,512,4096,False,torch.bfloat16,torch.bfloat16,False,False,flydsl,4508,4,8.7377,flydsl_hgemm_abf16_wbf16_bf16_t64x32x64x8_ks4_w4x1x1_bias0_ktail0_gm0_pft_gfx950,0.0118,107.53,716.29
gfx950,256,240,512,4096,False,torch.bfloat16,torch.bfloat16,False,False,flydsl,2717,4,8.9595,flydsl_hgemm_abf16_wbf16_bf16_t32x64x64x6_ks4_w1x4x1_bias0_ktail0_gm0_pft_gfx950,0.0117,112.35,715.01
gfx950,256,256,512,4096,False,torch.bfloat16,torch.bfloat16,False,False,flydsl,2265,2,9.0812,flydsl_hgemm_abf16_wbf16_bf16_t32x32x64x8_ks2_w2x2x1_bias0_ktail0_gm0_pft_gfx950,0.0048,118.24,721.67
gfx950,256,288,512,4096,False,torch.bfloat16,torch.bfloat16,False,False,flydsl,3146,4,9.8775,flydsl_hgemm_abf16_wbf16_bf16_t48x64x128x4_ks4_w1x4x1_bias0_ktail0_gm0_pft_gfx950,0.0115,122.29,693.34
gfx950,256,320,512,4096,False,torch.bfloat16,torch.bfloat16,False,False,flydsl,3139,4,10.222,flydsl_hgemm_abf16_wbf16_bf16_t48x64x128x4_ks4_w1x4x1_bias0_ktail0_gm0_pft_gfx950,0.0117,131.3,698.83
gfx950,256,352,512,4096,False,torch.bfloat16,torch.bfloat16,False,False,flydsl,2936,4,10.545,flydsl_hgemm_abf16_wbf16_bf16_t48x64x128x3_ks4_w1x4x1_bias0_ktail0_gm0_pft_gfx950,0.0117,140.01,705.39
gfx950,256,384,512,4096,False,torch.bfloat16,torch.bfloat16,False,False,flydsl,2956,4,10.8637,flydsl_hgemm_abf16_wbf16_bf16_t48x64x128x4_ks4_w1x4x1_bias0_ktail0_gm0_pft_gfx950,0.0118,148.26,711.84
gfx950,256,416,512,4096,False,torch.bfloat16,torch.bfloat16,False,False,flydsl,4563,4,11.1327,flydsl_hgemm_abf16_wbf16_bf16_t64x64x64x6_ks4_w4x2x1_bias0_ktail0_gm0_pft_gfx950,0.0118,156.73,721.13
gfx950,256,448,512,4096,False,torch.bfloat16,torch.bfloat16,False,False,asm,8,5,11.5461,_ZN5aiter39bf16gemm_fp32bf16_tn_96x64_splitk_cleanE,0.0139,162.74,720.86
gfx950,256,480,512,4096,False,torch.bfloat16,torch.bfloat16,False,False,flydsl,2009,1,11.5918,flydsl_hgemm_abf16_wbf16_bf16_t32x32x64x8_ks1_w2x2x1_bias0_ktail0_gm0_pft_gfx950,0.0,173.68,743.46
gfx950,256,512,512,4096,False,torch.bfloat16,torch.bfloat16,False,False,flydsl,1826,1,11.7236,flydsl_hgemm_abf16_wbf16_bf16_t32x32x128x6_ks1_w2x2x1_bias0_ktail0_gm4_pft_gfx950,0.0,183.18,760.25
gfx950,256,544,512,4096,False,torch.bfloat16,torch.bfloat16,False,False,asm,7,4,11.9236,_ZN5aiter39bf16gemm_fp32bf16_tn_80x64_splitk_cleanE,0.0118,191.36,772.23
gfx950,256,576,512,4096,False,torch.bfloat16,torch.bfloat16,False,False,asm,7,4,12.5071,_ZN5aiter39bf16gemm_fp32bf16_tn_80x64_splitk_cleanE,0.0119,193.16,759.79
gfx950,256,608,512,4096,False,torch.bfloat16,torch.bfloat16,False,False,asm,7,4,12.9242,_ZN5aiter39bf16gemm_fp32bf16_tn_80x64_splitk_cleanE,0.0119,197.31,758.08
gfx950,256,640,512,4096,False,torch.bfloat16,torch.bfloat16,False,False,asm,8,4,13.1924,_ZN5aiter39bf16gemm_fp32bf16_tn_96x64_splitk_cleanE,0.0118,203.48,765.03
gfx950,256,672,512,4096,False,torch.bfloat16,torch.bfloat16,False,False,asm,8,4,12.9329,_ZN5aiter39bf16gemm_fp32bf16_tn_96x64_splitk_cleanE,0.0118,217.94,803.18
gfx950,256,704,512,4096,False,torch.bfloat16,torch.bfloat16,False,False,flydsl,2324,1,13.5451,flydsl_hgemm_abf16_wbf16_bf16_t48x32x128x5_ks1_w1x2x2_bias0_ktail0_gm0_pft_gfx950,0.0051,218.0,788.65
gfx950,256,736,512,4096,False,torch.bfloat16,torch.bfloat16,False,False,asm,8,4,13.2183,_ZN5aiter39bf16gemm_fp32bf16_tn_96x64_splitk_cleanE,0.0117,233.54,830.46
gfx950,256,768,512,4096,False,torch.bfloat16,torch.bfloat16,False,False,flydsl,1553,1,13.2867,flydsl_hgemm_abf16_wbf16_bf16_t32x32x128x4_ks1_w1x1x2_bias0_ktail0_gm4_pft_gfx950,0.005,242.44,848.38
gfx950,256,800,512,4096,False,torch.bfloat16,torch.bfloat16,False,False,asm,7,3,14.8183,_ZN5aiter39bf16gemm_fp32bf16_tn_80x64_splitk_cleanE,0.0088,226.44,780.6
gfx950,256,832,512,4096,False,torch.bfloat16,torch.bfloat16,False,False,flydsl,1390,1,13.7416,flydsl_hgemm_abf16_wbf16_bf16_t32x32x128x4_ks1_w1x1x2_bias0_ktail0_gm4_pft_gfx950,0.005,253.95,863.22
gfx950,256,864,512,4096,False,torch.bfloat16,torch.bfloat16,False,False,flydsl,1372,1,14.1276,flydsl_hgemm_abf16_wbf16_bf16_t32x32x128x4_ks1_w1x1x2_bias0_ktail0_gm4_pft_gfx950,0.005,256.51,860.51
gfx950,256,896,512,4096,False,torch.bfloat16,torch.bfloat16,False,False,flydsl,1790,1,13.8255,flydsl_hgemm_abf16_wbf16_bf16_t32x32x64x8_ks1_w2x1x1_bias0_ktail0_gm4_pft_gfx950,0.0,271.82,900.64
gfx950,256,928,512,4096,False,torch.bfloat16,torch.bfloat16,False,False,flydsl,1796,1,15.3207,flydsl_hgemm_abf16_wbf16_bf16_t32x64x128x4_ks1_w2x4x1_bias0_ktail0_gm0_pft_gfx950,0.0,254.06,832.0
gfx950,256,960,512,4096,False,torch.bfloat16,torch.bfloat16,False,False,flydsl,3037,1,15.4043,flydsl_hgemm_abf16_wbf16_bf16_t64x32x128x4_ks1_w2x2x2_bias0_ktail0_gm0_pft_gfx950,0.0049,261.39,846.62
gfx950,256,992,512,4096,False,torch.bfloat16,torch.bfloat16,False,False,flydsl,3003,1,15.182,flydsl_hgemm_abf16_wbf16_bf16_t64x32x128x5_ks1_w4x1x2_bias0_ktail0_gm4_pft_gfx950,0.0049,274.06,878.45
gfx950,256,1024,512,4096,False,torch.bfloat16,torch.bfloat16,False,False,flydsl,1826,1,15.0732,flydsl_hgemm_abf16_wbf16_bf16_t32x64x128x4_ks1_w2x2x1_bias0_ktail0_gm4_pft_gfx950,0.0,284.94,904.35
gfx950,256,1088,512,4096,False,torch.bfloat16,torch.bfloat16,False,False,flydsl,1688,1,16.8298,flydsl_hgemm_abf16_wbf16_bf16_t48x32x128x4_ks1_w1x1x2_bias0_ktail0_gm4_pft_gfx950,0.005,271.15,845.01
gfx950,256,1152,512,4096,False,torch.bfloat16,torch.bfloat16,False,False,flydsl,1816,1,16.33,flydsl_hgemm_abf16_wbf16_bf16_t48x32x128x4_ks1_w1x1x2_bias0_ktail0_gm4_pft_gfx950,0.0051,295.89,906.99
gfx950,256,1216,512,4096,False,torch.bfloat16,torch.bfloat16,False,False,flydsl,1848,1,16.6327,flydsl_hgemm_abf16_wbf16_bf16_t48x32x64x8_ks1_w1x2x1_bias0_ktail0_gm4_pft_gfx950,0.0,306.64,925.94
gfx950,256,1280,512,4096,False,torch.bfloat16,torch.bfloat16,False,False,flydsl,1754,1,16.8426,flydsl_hgemm_abf16_wbf16_bf16_t48x32x128x4_ks1_w1x1x2_bias0_ktail0_gm4_pft_gfx950,0.0051,318.76,949.42
gfx950,256,1344,512,4096,False,torch.bfloat16,torch.bfloat16,False,False,flydsl,1572,1,16.8982,flydsl_hgemm_abf16_wbf16_bf16_t48x32x128x4_ks1_w1x1x2_bias0_ktail0_gm4_pft_gfx950,0.0051,333.59,981.21
gfx950,256,1408,512,4096,False,torch.bfloat16,torch.bfloat16,False,False,torch,0,0,17.7919,native,0.0,331.93,965.07
gfx950,256,1472,512,4096,False,torch.bfloat16,torch.bfloat16,False,False,torch,0,0,17.6665,native,0.0,349.48,1005.31
gfx950,256,1536,512,4096,False,torch.bfloat16,torch.bfloat16,False,False,torch,0,0,17.9557,native,0.0,358.8,1021.96
gfx950,256,1600,512,4096,False,torch.bfloat16,torch.bfloat16,False,False,torch,0,0,19.576,native,0.0,342.81,967.51
gfx950,256,1664,512,4096,False,torch.bfloat16,torch.bfloat16,False,False,flydsl,2374,1,19.1772,flydsl_hgemm_abf16_wbf16_bf16_t64x32x64x5_ks1_w2x1x1_bias0_ktail0_gm4_pft_gfx950,0.0,363.94,1018.38
gfx950,256,1728,512,4096,False,torch.bfloat16,torch.bfloat16,False,False,flydsl,2374,1,19.2104,flydsl_hgemm_abf16_wbf16_bf16_t64x32x64x5_ks1_w2x1x1_bias0_ktail0_gm4_pft_gfx950,0.0,377.28,1047.33
gfx950,256,1792,512,4096,False,torch.bfloat16,torch.bfloat16,False,False,flydsl,2389,1,18.8896,flydsl_hgemm_abf16_wbf16_bf16_t64x32x64x6_ks1_w2x1x1_bias0_ktail0_gm4_pft_gfx950,0.0,397.9,1096.34
gfx950,256,1856,512,4096,False,torch.bfloat16,torch.bfloat16,False,False,torch,0,0,19.8116,native,0.0,392.93,1075.09
gfx950,256,1920,512,4096,False,torch.bfloat16,torch.bfloat16,False,False,torch,0,0,20.3339,native,0.0,396.04,1076.48
gfx950,256,1984,512,4096,False,torch.bfloat16,torch.bfloat16,False,False,torch,0,0,20.3004,native,0.0,409.92,1107.31
gfx950,256,2048,512,4096,False,torch.bfloat16,torch.bfloat16,False,False,flydsl,2608,1,19.6702,flydsl_hgemm_abf16_wbf16_bf16_t64x64x64x5_ks1_w2x4x1_bias0_ktail0_gm4_pft_gfx950,0.0,436.7,1172.77
gfx950,256,4096,512,4096,False,torch.bfloat16,torch.bfloat16,False,False,flydsl,1148,1,28.4015,flydsl_hgemm_abf16_wbf16_bf16_t64x128x64x6_ks1_w2x4x1_bias0_ktail0_gm4_pft_gfx950,0.0,604.89,1476.79
gfx950,256,6144,512,4096,False,torch.bfloat16,torch.bfloat16,False,False,flydsl,1141,1,37.0378,flydsl_hgemm_abf16_wbf16_bf16_t96x128x64x4_ks1_w2x2x1_bias0_ktail0_gm4_pft_gfx950,0.0,695.77,1642.04
gfx950,256,8192,512,4096,False,torch.bfloat16,torch.bfloat16,False,False,flydsl,35,1,41.4881,flydsl_hgemm_abf16_wbf16_bf16_t128x128x64x3_ks1_w4x2x1_bias0_ktail0_gm4_pft_gfx950,0.0,828.18,1920.83
gfx950,256,10240,512,4096,False,torch.bfloat16,torch.bfloat16,False,False,torch,0,0,51.1104,native,0.0,840.33,1928.49
gfx950,256,12288,512,4096,False,torch.bfloat16,torch.bfloat16,False,False,opus,1402,0,59.4093,opus_gemm_mono_tile_512x192x128x64_2x4_16x16x32_0x0x0_nooob,0.0,867.53,1976.8
gfx950,256,14336,512,4096,False,torch.bfloat16,torch.bfloat16,False,False,opus,1401,0,63.8925,opus_gemm_mono_tile_512x128x256x64_2x4_16x16x32_0x0x0_nooob,0.0,941.1,2133.5
gfx950,256,16384,512,4096,False,torch.bfloat16,torch.bfloat16,False,False,opus,1401,0,68.129,opus_gemm_mono_tile_512x128x256x64_2x4_16x16x32_0x0x0_nooob,0.0,1008.67,2277.87
gfx950,256,16,1024,4096,False,torch.bfloat16,torch.bfloat16,False,False,flydsl,243,4,6.1059,flydsl_hgemm_abf16_wbf16_bf16_t16x32x128x6_ks4_w1x2x1_bias0_ktail0_gm0_pft_gfx950,0.0118,21.98,1400.69
gfx950,256,32,1024,4096,False,torch.bfloat16,torch.bfloat16,False,False,flydsl,1644,4,6.634,flydsl_hgemm_abf16_wbf16_bf16_t32x32x64x7_ks4_w1x2x1_bias0_ktail0_gm0_pft_gfx950,0.0117,40.46,1313.88
gfx950,256,48,1024,4096,False,torch.bfloat16,torch.bfloat16,False,False,flydsl,1570,4,7.0625,flydsl_hgemm_abf16_wbf16_bf16_t32x32x64x8_ks4_w2x1x1_bias0_ktail0_gm0_pft_gfx950,0.0113,57.01,1257.36
gfx950,256,64,1024,4096,False,torch.bfloat16,torch.bfloat16,False,False,flydsl,1596,4,7.395,flydsl_hgemm_abf16_wbf16_bf16_t32x32x64x8_ks4_w2x2x1_bias0_ktail0_gm0_pft_gfx950,0.0123,72.6,1222.98
gfx950,256,80,1024,4096,False,torch.bfloat16,torch.bfloat16,False,False,flydsl,4394,4,8.1239,flydsl_hgemm_abf16_wbf16_bf16_t64x32x64x6_ks4_w4x1x1_bias0_ktail0_gm0_pft_gfx950,0.0123,82.61,1133.42
gfx950,256,96,1024,4096,False,torch.bfloat16,torch.bfloat16,False,False,flydsl,4426,4,8.2371,flydsl_hgemm_abf16_wbf16_bf16_t64x32x64x8_ks4_w4x1x1_bias0_ktail0_gm0_pft_gfx950,0.0119,97.77,1137.74
gfx950,256,112,1024,4096,False,torch.bfloat16,torch.bfloat16,False,False,flydsl,4304,4,8.7336,flydsl_hgemm_abf16_wbf16_bf16_t64x32x64x6_ks4_w2x2x1_bias0_ktail0_gm0_pft_gfx950,0.0115,107.58,1091.82
gfx950,256,128,1024,4096,False,torch.bfloat16,torch.bfloat16,False,False,flydsl,2150,2,9.1728,flydsl_hgemm_abf16_wbf16_bf16_t32x32x64x9_ks2_w2x2x1_bias0_ktail0_gm0_pft_gfx950,0.005,117.06,1057.4
gfx950,256,144,1024,4096,False,torch.bfloat16,torch.bfloat16,False,False,asm,1,3,8.5085,_ZN5aiter39bf16gemm_fp32bf16_tn_32x64_splitk_cleanE,0.0087,141.97,1159.21
gfx950,256,160,1024,4096,False,torch.bfloat16,torch.bfloat16,False,False,flydsl,3124,4,10.1272,flydsl_hgemm_abf16_wbf16_bf16_t48x64x128x4_ks4_w1x4x1_bias0_ktail0_gm0_pft_gfx950,0.0118,132.53,990.11
gfx950,256,176,1024,4096,False,torch.bfloat16,torch.bfloat16,False,False,flydsl,4602,4,10.4511,flydsl_hgemm_abf16_wbf16_bf16_t64x64x64x6_ks4_w4x2x1_bias0_ktail0_gm0_pft_gfx950,0.0117,141.27,975.1
gfx950,256,192,1024,4096,False,torch.bfloat16,torch.bfloat16,False,False,flydsl,4549,4,10.7489,flydsl_hgemm_abf16_wbf16_bf16_t64x64x64x5_ks4_w4x2x1_bias0_ktail0_gm0_pft_gfx950,0.0116,149.84,963.33
gfx950,256,208,1024,4096,False,torch.bfloat16,torch.bfloat16,False,False,asm,1,2,9.5983,_ZN5aiter39bf16gemm_fp32bf16_tn_32x64_splitk_cleanE,0.0049,181.79,1095.87
gfx950,256,224,1024,4096,False,torch.bfloat16,torch.bfloat16,False,False,flydsl,4592,4,11.1235,flydsl_hgemm_abf16_wbf16_bf16_t64x64x64x8_ks4_w4x2x1_bias0_ktail0_gm0_pft_gfx950,0.0117,168.93,960.34
gfx950,256,240,1024,4096,False,torch.bfloat16,torch.bfloat16,False,False,asm,7,5,10.3963,_ZN5aiter39bf16gemm_fp32bf16_tn_80x64_splitk_cleanE,0.0143,193.65,1043.28
gfx950,256,256,1024,4096,False,torch.bfloat16,torch.bfloat16,False,False,flydsl,1826,1,11.0991,flydsl_hgemm_abf16_wbf16_bf16_t32x32x128x6_ks1_w2x2x1_bias0_ktail0_gm4_pft_gfx950,0.0,193.48,991.98
gfx950,256,288,1024,4096,False,torch.bfloat16,torch.bfloat16,False,False,asm,7,4,12.597,_ZN5aiter39bf16gemm_fp32bf16_tn_80x64_splitk_cleanE,0.0117,191.79,900.03
gfx950,256,320,1024,4096,False,torch.bfloat16,torch.bfloat16,False,False,flydsl,2492,1,12.7824,flydsl_hgemm_abf16_wbf16_bf16_t48x32x128x4_ks1_w1x2x2_bias0_ktail0_gm0_pft_gfx950,0.005,210.0,912.61
gfx950,256,352,1024,4096,False,torch.bfloat16,torch.bfloat16,False,False,flydsl,2344,1,12.8463,flydsl_hgemm_abf16_wbf16_bf16_t48x32x128x4_ks1_w1x2x2_bias0_ktail0_gm0_pft_gfx950,0.005,229.86,933.58
gfx950,256,384,1024,4096,False,torch.bfloat16,torch.bfloat16,False,False,asm,8,4,13.1014,_ZN5aiter39bf16gemm_fp32bf16_tn_96x64_splitk_cleanE,0.0119,245.87,940.42
gfx950,256,416,1024,4096,False,torch.bfloat16,torch.bfloat16,False,False,flydsl,3842,2,14.4237,flydsl_hgemm_abf16_wbf16_bf16_t64x64x64x8_ks2_w4x2x1_bias0_ktail0_gm0_pft_gfx950,0.0049,241.94,876.92
gfx950,256,448,1024,4096,False,torch.bfloat16,torch.bfloat16,False,False,flydsl,3749,2,14.9455,flydsl_hgemm_abf16_wbf16_bf16_t64x64x64x6_ks2_w2x4x1_bias0_ktail0_gm0_pft_gfx950,0.0049,251.45,868.23
gfx950,256,480,1024,4096,False,torch.bfloat16,torch.bfloat16,False,False,flydsl,3084,1,14.8167,flydsl_hgemm_abf16_wbf16_bf16_t64x32x128x4_ks1_w4x1x1_bias0_ktail0_gm0_pft_gfx950,0.0,271.76,897.89
gfx950,256,512,1024,4096,False,torch.bfloat16,torch.bfloat16,False,False,flydsl,1816,1,14.9911,flydsl_hgemm_abf16_wbf16_bf16_t32x64x128x4_ks1_w1x2x2_bias0_ktail0_gm4_pft_gfx950,0.0051,286.5,909.31
gfx950,256,544,1024,4096,False,torch.bfloat16,torch.bfloat16,False,False,flydsl,1761,1,16.6807,flydsl_hgemm_abf16_wbf16_bf16_t48x32x128x4_ks1_w1x1x2_bias0_ktail0_gm4_pft_gfx950,0.0051,273.57,836.85
gfx950,256,576,1024,4096,False,torch.bfloat16,torch.bfloat16,False,False,flydsl,1855,1,16.408,flydsl_hgemm_abf16_wbf16_bf16_t48x32x64x8_ks1_w1x2x1_bias0_ktail0_gm4_pft_gfx950,0.0,294.48,870.72
gfx950,256,608,1024,4096,False,torch.bfloat16,torch.bfloat16,False,False,torch,0,0,17.3847,native,0.0,293.38,840.65
gfx950,256,640,1024,4096,False,torch.bfloat16,torch.bfloat16,False,False,torch,0,0,17.3931,native,0.0,308.67,859.09
gfx950,256,672,1024,4096,False,torch.bfloat16,torch.bfloat16,False,False,torch,0,0,17.5482,native,0.0,321.24,870.17
gfx950,256,704,1024,4096,False,torch.bfloat16,torch.bfloat16,False,False,torch,0,0,18.1576,native,0.0,325.24,859.01
gfx950,256,736,1024,4096,False,torch.bfloat16,torch.bfloat16,False,False,torch,0,0,17.4243,native,0.0,354.33,913.97
gfx950,256,768,1024,4096,False,torch.bfloat16,torch.bfloat16,False,False,torch,0,0,17.7368,native,0.0,363.23,916.34
gfx950,256,800,1024,4096,False,torch.bfloat16,torch.bfloat16,False,False,flydsl,2709,1,18.8355,flydsl_hgemm_abf16_wbf16_bf16_t64x64x64x6_ks1_w4x2x1_bias0_ktail0_gm0_pft_gfx950,0.0,356.29,880.28
gfx950,256,832,1024,4096,False,torch.bfloat16,torch.bfloat16,False,False,flydsl,2709,1,19.0286,flydsl_hgemm_abf16_wbf16_bf16_t64x64x64x6_ks1_w4x2x1_bias0_ktail0_gm0_pft_gfx950,0.0,366.78,888.57
gfx950,256,864,1024,4096,False,torch.bfloat16,torch.bfloat16,False,False,flydsl,2709,1,18.9437,flydsl_hgemm_abf16_wbf16_bf16_t64x64x64x6_ks1_w4x2x1_bias0_ktail0_gm0_pft_gfx950,0.0,382.59,909.85
gfx950,256,896,1024,4096,False,torch.bfloat16,torch.bfloat16,False,False,flydsl,2846,1,19.1237,flydsl_hgemm_abf16_wbf16_bf16_t64x64x64x6_ks1_w2x4x1_bias0_ktail0_gm0_pft_gfx950,0.0,393.03,918.42
gfx950,256,928,1024,4096,False,torch.bfloat16,torch.bfloat16,False,False,flydsl,2809,1,18.9939,flydsl_hgemm_abf16_wbf16_bf16_t64x64x64x6_ks1_w4x2x1_bias0_ktail0_gm0_pft_gfx950,0.0,409.85,941.95
gfx950,256,960,1024,4096,False,torch.bfloat16,torch.bfloat16,False,False,flydsl,2809,1,19.2611,flydsl_hgemm_abf16_wbf16_bf16_t64x64x64x6_ks1_w4x2x1_bias0_ktail0_gm0_pft_gfx950,0.0,418.1,945.9
gfx950,256,992,1024,4096,False,torch.bfloat16,torch.bfloat16,False,False,flydsl,2785,1,19.3002,flydsl_hgemm_abf16_wbf16_bf16_t64x64x64x6_ks1_w2x4x1_bias0_ktail0_gm0_pft_gfx950,0.0,431.16,960.96
gfx950,256,1024,1024,4096,False,torch.bfloat16,torch.bfloat16,False,False,flydsl,2811,1,19.1775,flydsl_hgemm_abf16_wbf16_bf16_t64x64x64x6_ks1_w4x2x1_bias0_ktail0_gm4_pft_gfx950,0.0,447.92,984.19
gfx950,256,1088,1024,4096,False,torch.bfloat16,torch.bfloat16,False,False,asm,9,1,20.4968,_ZN5aiter37bf16gemm_fp32bf16_tn_96x64_pf3_splitkE,0.0,445.28,952.82
gfx950,256,1152,1024,4096,False,torch.bfloat16,torch.bfloat16,False,False,torch,0,0,22.2935,native,0.0,433.48,905.42
gfx950,256,1216,1024,4096,False,torch.bfloat16,torch.bfloat16,False,False,flydsl,1309,1,22.9089,flydsl_hgemm_abf16_wbf16_bf16_t48x64x64x4_ks1_w1x1x2_bias0_ktail0_gm4_pft_gfx950,0.0049,445.27,909.71
gfx950,256,1280,1024,4096,False,torch.bfloat16,torch.bfloat16,False,False,torch,0,0,23.3149,native,0.0,460.54,921.98
gfx950,256,1344,1024,4096,False,torch.bfloat16,torch.bfloat16,False,False,flydsl,1144,1,23.322,flydsl_hgemm_abf16_wbf16_bf16_t48x64x64x4_ks1_w1x1x2_bias0_ktail0_gm4_pft_gfx950,0.0049,483.42,949.8
gfx950,256,1408,1024,4096,False,torch.bfloat16,torch.bfloat16,False,False,flydsl,2352,1,24.5038,flydsl_hgemm_abf16_wbf16_bf16_t96x64x128x3_ks1_w2x2x2_bias0_ktail0_gm0_pft_gfx950,0.005,482.01,930.73
gfx950,256,1472,1024,4096,False,torch.bfloat16,torch.bfloat16,False,False,flydsl,2346,1,24.4816,flydsl_hgemm_abf16_wbf16_bf16_t96x64x128x4_ks1_w2x2x2_bias0_ktail0_gm4_pft_gfx950,0.005,504.38,958.35
gfx950,256,1536,1024,4096,False,torch.bfloat16,torch.bfloat16,False,False,flydsl,1983,1,24.6233,flydsl_hgemm_abf16_wbf16_bf16_t64x64x64x4_ks1_w2x1x1_bias0_ktail0_gm4_pft_gfx950,0.0,523.28,979.45
gfx950,256,1600,1024,4096,False,torch.bfloat16,torch.bfloat16,False,False,flydsl,1127,1,27.9372,flydsl_hgemm_abf16_wbf16_bf16_t64x128x64x4_ks1_w2x4x1_bias0_ktail0_gm0_pft_gfx950,0.0,480.43,886.72
gfx950,256,1664,1024,4096,False,torch.bfloat16,torch.bfloat16,False,False,flydsl,1809,1,25.4722,flydsl_hgemm_abf16_wbf16_bf16_t64x64x64x4_ks1_w2x1x1_bias0_ktail0_gm4_pft_gfx950,0.0,548.0,998.26
gfx950,256,1728,1024,4096,False,torch.bfloat16,torch.bfloat16,False,False,flydsl,1809,1,25.6437,flydsl_hgemm_abf16_wbf16_bf16_t64x64x64x4_ks1_w2x1x1_bias0_ktail0_gm4_pft_gfx950,0.0,565.27,1017.14
gfx950,256,1792,1024,4096,False,torch.bfloat16,torch.bfloat16,False,False,flydsl,1852,1,25.41,flydsl_hgemm_abf16_wbf16_bf16_t64x64x64x4_ks1_w2x1x1_bias0_ktail0_gm4_pft_gfx950,0.0,591.59,1052.29
gfx950,256,1856,1024,4096,False,torch.bfloat16,torch.bfloat16,False,False,flydsl,404,1,28.6198,flydsl_hgemm_abf16_wbf16_bf16_t128x64x64x6_ks1_w4x2x1_bias0_ktail0_gm0_pft_gfx950,0.0,544.0,957.17
gfx950,256,1920,1024,4096,False,torch.bfloat16,torch.bfloat16,False,False,flydsl,372,1,28.7562,flydsl_hgemm_abf16_wbf16_bf16_t128x64x64x4_ks1_w4x2x1_bias0_ktail0_gm0_pft_gfx950,0.0,560.09,975.42
gfx950,256,1984,1024,4096,False,torch.bfloat16,torch.bfloat16,False,False,flydsl,391,1,28.0959,flydsl_hgemm_abf16_wbf16_bf16_t128x64x64x6_ks1_w4x2x1_bias0_ktail0_gm4_pft_gfx950,0.0,592.36,1021.67
gfx950,256,2048,1024,4096,False,torch.bfloat16,torch.bfloat16,False,False,flydsl,359,1,28.2438,flydsl_hgemm_abf16_wbf16_bf16_t128x64x64x4_ks1_w4x2x1_bias0_ktail0_gm4_pft_gfx950,0.0,608.27,1039.52
gfx950,256,4096,1024,4096,False,torch.bfloat16,torch.bfloat16,False,False,flydsl,47,1,39.9686,flydsl_hgemm_abf16_wbf16_bf16_t128x128x64x4_ks1_w4x4x1_bias0_ktail0_gm4_pft_gfx950,0.0,859.67,1259.28
gfx950,256,6144,1024,4096,False,torch.bfloat16,torch.bfloat16,False,False,opus,1402,0,56.8737,opus_gemm_mono_tile_512x192x128x64_2x4_16x16x32_0x0x0_nooob,0.0,906.21,1253.71
gfx950,256,8192,1024,4096,False,torch.bfloat16,torch.bfloat16,False,False,opus,1401,0,66.0978,opus_gemm_mono_tile_512x128x256x64_2x4_16x16x32_0x0x0_nooob,0.0,1039.66,1396.03
gfx950,256,10240,1024,4096,False,torch.bfloat16,torch.bfloat16,False,False,torch,0,0,79.9704,native,0.0,1074.14,1416.1
gfx950,256,12288,1024,4096,False,torch.bfloat16,torch.bfloat16,False,False,opus,1400,0,84.9524,opus_gemm_mono_tile_512x192x256x64_2x4_16x16x32_0x0x0_nooob,0.0,1213.38,1579.92
gfx950,256,14336,1024,4096,False,torch.bfloat16,torch.bfloat16,False,False,torch,0,0,100.501,native,0.0,1196.6,1544.16
gfx950,256,16384,1024,4096,False,torch.bfloat16,torch.bfloat16,False,False,flydsl,83,1,103.2686,flydsl_hgemm_abf16_wbf16_bf16_t256x256x64x2_ks1_w2x4x1_bias0_ktail0_gm4_pht_gfx950,0.0,1330.89,1705.85
gfx950,256,16,2048,4096,False,torch.bfloat16,torch.bfloat16,False,False,flydsl,229,4,7.02,flydsl_hgemm_abf16_wbf16_bf16_t16x32x128x6_ks4_w1x2x1_bias0_ktail0_gm0_pft_gfx950,0.012,38.24,2417.92
gfx950,256,32,2048,4096,False,torch.bfloat16,torch.bfloat16,False,False,flydsl,1540,4,7.6875,flydsl_hgemm_abf16_wbf16_bf16_t32x32x64x6_ks4_w2x2x1_bias0_ktail0_gm0_pft_gfx950,0.012,69.84,2233.55
gfx950,256,48,2048,4096,False,torch.bfloat16,torch.bfloat16,False,False,flydsl,3655,4,8.5363,flydsl_hgemm_abf16_wbf16_bf16_t64x32x64x8_ks4_w4x1x1_bias0_ktail0_gm0_pft_gfx950,0.0117,94.34,2034.49
gfx950,256,64,2048,4096,False,torch.bfloat16,torch.bfloat16,False,False,flydsl,1045,2,9.2255,flydsl_hgemm_abf16_wbf16_bf16_t32x32x128x5_ks2_w2x2x1_bias0_ktail0_gm0_pft_gfx950,0.005,116.39,1903.82
gfx950,256,80,2048,4096,False,torch.bfloat16,torch.bfloat16,False,False,flydsl,4581,4,10.0616,flydsl_hgemm_abf16_wbf16_bf16_t64x64x64x8_ks4_w4x2x1_bias0_ktail0_gm0_pft_gfx950,0.0118,133.4,1765.15
gfx950,256,96,2048,4096,False,torch.bfloat16,torch.bfloat16,False,False,flydsl,4436,4,10.6056,flydsl_hgemm_abf16_wbf16_bf16_t64x64x64x6_ks4_w4x2x1_bias0_ktail0_gm0_pft_gfx950,0.012,151.86,1693.15
gfx950,256,112,2048,4096,False,torch.bfloat16,torch.bfloat16,False,False,flydsl,1699,1,10.9408,flydsl_hgemm_abf16_wbf16_bf16_t32x32x128x6_ks1_w2x2x1_bias0_ktail0_gm0_pft_gfx950,0.0,171.75,1659.25
gfx950,256,128,2048,4096,False,torch.bfloat16,torch.bfloat16,False,False,flydsl,1660,1,11.4387,flydsl_hgemm_abf16_wbf16_bf16_t32x32x128x4_ks1_w2x2x1_bias0_ktail0_gm4_pft_gfx950,0.0,187.74,1604.21
gfx950,256,144,2048,4096,False,torch.bfloat16,torch.bfloat16,False,False,flydsl,3115,4,12.2782,flydsl_hgemm_abf16_wbf16_bf16_t64x64x64x5_ks4_w4x2x1_bias0_ktail0_gm0_pft_gfx950,0.0117,196.76,1510.54
gfx950,256,160,2048,4096,False,torch.bfloat16,torch.bfloat16,False,False,asm,7,4,12.6162,_ZN5aiter39bf16gemm_fp32bf16_tn_80x64_splitk_cleanE,0.0115,212.77,1485.65
gfx950,256,176,2048,4096,False,torch.bfloat16,torch.bfloat16,False,False,asm,8,4,12.6998,_ZN5aiter39bf16gemm_fp32bf16_tn_96x64_splitk_cleanE,0.0117,232.51,1491.35
gfx950,256,192,2048,4096,False,torch.bfloat16,torch.bfloat16,False,False,flydsl,2329,1,13.3271,flydsl_hgemm_abf16_wbf16_bf16_t48x32x128x4_ks1_w1x2x2_bias0_ktail0_gm4_pft_gfx950,0.0049,241.7,1435.91
gfx950,256,208,2048,4096,False,torch.bfloat16,torch.bfloat16,False,False,flydsl,380,2,13.9967,flydsl_hgemm_abf16_wbf16_bf16_t128x32x64x8_ks2_w4x1x1_bias0_ktail0_gm0_pft_gfx950,0.0048,249.32,1381.26
gfx950,256,224,2048,4096,False,torch.bfloat16,torch.bfloat16,False,False,flydsl,3714,2,14.5359,flydsl_hgemm_abf16_wbf16_bf16_t64x64x64x6_ks2_w4x2x1_bias0_ktail0_gm0_pft_gfx950,0.0048,258.54,1343.55
gfx950,256,240,2048,4096,False,torch.bfloat16,torch.bfloat16,False,False,flydsl,3020,1,14.6513,flydsl_hgemm_abf16_wbf16_bf16_t64x32x128x4_ks1_w2x1x2_bias0_ktail0_gm0_pft_gfx950,0.0049,274.82,1346.39
gfx950,256,256,2048,4096,False,torch.bfloat16,torch.bfloat16,False,False,flydsl,1826,1,15.1062,flydsl_hgemm_abf16_wbf16_bf16_t32x64x128x4_ks1_w2x2x1_bias0_ktail0_gm4_pft_gfx950,0.0,284.32,1318.86
gfx950,256,288,2048,4096,False,torch.bfloat16,torch.bfloat16,False,False,flydsl,3513,4,17.7348,flydsl_hgemm_abf16_wbf16_bf16_t96x64x64x4_ks4_w2x2x1_bias0_ktail0_gm0_pft_gfx950,0.0117,272.45,1145.55
gfx950,256,320,2048,4096,False,torch.bfloat16,torch.bfloat16,False,False,flydsl,1965,1,17.9164,flydsl_hgemm_abf16_wbf16_bf16_t48x64x128x4_ks1_w1x4x1_bias0_ktail0_gm0_pft_gfx950,0.0,299.65,1155.89
gfx950,256,352,2048,4096,False,torch.bfloat16,torch.bfloat16,False,False,flydsl,1897,1,17.6449,flydsl_hgemm_abf16_wbf16_bf16_t48x64x128x4_ks1_w1x4x1_bias0_ktail0_gm4_pft_gfx950,0.0,334.69,1195.96
gfx950,256,384,2048,4096,False,torch.bfloat16,torch.bfloat16,False,False,torch,0,0,18.2931,native,0.0,352.18,1175.08
gfx950,256,416,2048,4096,False,torch.bfloat16,torch.bfloat16,False,False,flydsl,2862,1,18.2778,flydsl_hgemm_abf16_wbf16_bf16_t64x64x64x8_ks1_w4x2x1_bias0_ktail0_gm0_pft_gfx950,0.0,381.85,1197.57
gfx950,256,448,2048,4096,False,torch.bfloat16,torch.bfloat16,False,False,flydsl,2824,1,18.909,flydsl_hgemm_abf16_wbf16_bf16_t64x64x64x6_ks1_w2x4x1_bias0_ktail0_gm0_pft_gfx950,0.0,397.49,1178.39
gfx950,256,480,2048,4096,False,torch.bfloat16,torch.bfloat16,False,False,flydsl,2785,1,18.6336,flydsl_hgemm_abf16_wbf16_bf16_t64x64x64x6_ks1_w2x4x1_bias0_ktail0_gm0_pft_gfx950,0.0,432.18,1216.91
gfx950,256,512,2048,4096,False,torch.bfloat16,torch.bfloat16,False,False,flydsl,2810,1,19.0732,flydsl_hgemm_abf16_wbf16_bf16_t64x64x64x6_ks1_w4x2x1_bias0_ktail0_gm0_pft_gfx950,0.0,450.37,1209.48
gfx950,256,544,2048,4096,False,torch.bfloat16,torch.bfloat16,False,False,torch,0,0,22.7184,native,0.0,401.74,1032.73
gfx950,256,576,2048,4096,False,torch.bfloat16,torch.bfloat16,False,False,flydsl,1218,1,22.8739,flydsl_hgemm_abf16_wbf16_bf16_t48x64x64x4_ks1_w1x1x2_bias0_ktail0_gm4_pft_gfx950,0.0049,422.48,1042.9
gfx950,256,608,2048,4096,False,torch.bfloat16,torch.bfloat16,False,False,torch,0,0,22.4699,native,0.0,453.96,1079.15
gfx950,256,640,2048,4096,False,torch.bfloat16,torch.bfloat16,False,False,torch,0,0,23.1512,native,0.0,463.8,1064.37
gfx950,256,672,2048,4096,False,torch.bfloat16,torch.bfloat16,False,False,flydsl,2122,1,23.7593,flydsl_hgemm_abf16_wbf16_bf16_t64x96x128x4_ks1_w2x2x2_bias0_ktail0_gm0_pft_gfx950,0.0049,474.52,1053.68
gfx950,256,704,2048,4096,False,torch.bfloat16,torch.bfloat16,False,False,flydsl,2363,1,24.0833,flydsl_hgemm_abf16_wbf16_bf16_t96x64x128x4_ks1_w2x2x2_bias0_ktail0_gm0_pft_gfx950,0.0049,490.43,1055.83
gfx950,256,736,2048,4096,False,torch.bfloat16,torch.bfloat16,False,False,flydsl,1959,1,24.1422,flydsl_hgemm_abf16_wbf16_bf16_t64x64x64x4_ks1_w2x1x1_bias0_ktail0_gm4_pft_gfx950,0.0,511.47,1069.55
gfx950,256,768,2048,4096,False,torch.bfloat16,torch.bfloat16,False,False,flydsl,1983,1,24.2473,flydsl_hgemm_abf16_wbf16_bf16_t64x64x64x4_ks1_w2x1x1_bias0_ktail0_gm4_pft_gfx950,0.0,531.4,1081.13
gfx950,256,800,2048,4096,False,torch.bfloat16,torch.bfloat16,False,False,flydsl,1127,1,27.1594,flydsl_hgemm_abf16_wbf16_bf16_t64x128x64x4_ks1_w2x4x1_bias0_ktail0_gm0_pft_gfx950,0.0,494.19,979.68
gfx950,256,832,2048,4096,False,torch.bfloat16,torch.bfloat16,False,False,flydsl,404,1,27.2159,flydsl_hgemm_abf16_wbf16_bf16_t128x64x64x6_ks1_w4x2x1_bias0_ktail0_gm0_pft_gfx950,0.0,512.89,992.1
gfx950,256,864,2048,4096,False,torch.bfloat16,torch.bfloat16,False,False,flydsl,1127,1,26.8065,flydsl_hgemm_abf16_wbf16_bf16_t64x128x64x4_ks1_w2x4x1_bias0_ktail0_gm0_pft_gfx950,0.0,540.75,1021.92
gfx950,256,896,2048,4096,False,torch.bfloat16,torch.bfloat16,False,False,flydsl,1269,1,27.523,flydsl_hgemm_abf16_wbf16_bf16_t64x128x64x4_ks1_w2x4x1_bias0_ktail0_gm0_pft_gfx950,0.0,546.18,1009.6
gfx950,256,928,2048,4096,False,torch.bfloat16,torch.bfloat16,False,False,flydsl,1213,1,27.1523,flydsl_hgemm_abf16_wbf16_bf16_t64x128x64x4_ks1_w2x4x1_bias0_ktail0_gm0_pft_gfx950,0.0,573.4,1037.87
gfx950,256,960,2048,4096,False,torch.bfloat16,torch.bfloat16,False,False,flydsl,358,1,27.7468,flydsl_hgemm_abf16_wbf16_bf16_t128x64x64x4_ks1_w4x2x1_bias0_ktail0_gm0_pft_gfx950,0.0,580.47,1029.8
gfx950,256,992,2048,4096,False,torch.bfloat16,torch.bfloat16,False,False,flydsl,1200,1,27.1534,flydsl_hgemm_abf16_wbf16_bf16_t64x128x64x4_ks1_w2x4x1_bias0_ktail0_gm0_pft_gfx950,0.0,612.93,1066.79
gfx950,256,1024,2048,4096,False,torch.bfloat16,torch.bfloat16,False,False,flydsl,1230,1,27.9382,flydsl_hgemm_abf16_wbf16_bf16_t64x128x64x4_ks1_w2x4x1_bias0_ktail0_gm0_pft_gfx950,0.0,614.92,1050.9
gfx950,256,1088,2048,4096,False,torch.bfloat16,torch.bfloat16,False,False,flydsl,1370,1,31.9288,flydsl_hgemm_abf16_wbf16_bf16_t96x64x64x4_ks1_w2x2x1_bias0_ktail0_gm4_pft_gfx950,0.0,571.7,944.18
gfx950,256,1152,2048,4096,False,torch.bfloat16,torch.bfloat16,False,False,torch,0,0,31.9302,native,0.0,605.3,968.77
gfx950,256,1216,2048,4096,False,torch.bfloat16,torch.bfloat16,False,False,flydsl,356,1,34.0286,flydsl_hgemm_abf16_wbf16_bf16_t128x96x64x4_ks1_w2x2x1_bias0_ktail0_gm0_pft_gfx950,0.0,599.53,932.14
gfx950,256,1280,2048,4096,False,torch.bfloat16,torch.bfloat16,False,False,flydsl,1359,1,33.6441,flydsl_hgemm_abf16_wbf16_bf16_t64x96x64x4_ks1_w2x2x1_bias0_ktail0_gm4_pft_gfx950,0.0,638.29,966.17
gfx950,256,1344,2048,4096,False,torch.bfloat16,torch.bfloat16,False,False,flydsl,328,1,35.0451,flydsl_hgemm_abf16_wbf16_bf16_t128x96x64x4_ks1_w2x2x1_bias0_ktail0_gm0_pft_gfx950,0.0,643.42,949.98
gfx950,256,1408,2048,4096,False,torch.bfloat16,torch.bfloat16,False,False,flydsl,1296,1,36.0808,flydsl_hgemm_abf16_wbf16_bf16_t96x128x64x4_ks1_w2x2x1_bias0_ktail0_gm0_pft_gfx950,0.0,654.71,944.51
gfx950,256,1472,2048,4096,False,torch.bfloat16,torch.bfloat16,False,False,flydsl,1254,1,35.9459,flydsl_hgemm_abf16_wbf16_bf16_t96x128x64x4_ks1_w2x2x1_bias0_ktail0_gm4_pft_gfx950,0.0,687.03,969.93
gfx950,256,1536,2048,4096,False,torch.bfloat16,torch.bfloat16,False,False,flydsl,1265,1,36.8657,flydsl_hgemm_abf16_wbf16_bf16_t96x128x64x4_ks1_w2x2x1_bias0_ktail0_gm4_pft_gfx950,0.0,699.02,967.07
gfx950,256,1600,2048,4096,False,torch.bfloat16,torch.bfloat16,False,False,flydsl,38,1,37.4468,flydsl_hgemm_abf16_wbf16_bf16_t128x128x64x3_ks1_w4x4x1_bias0_ktail0_gm0_pft_gfx950,0.0,716.84,973.06
gfx950,256,1664,2048,4096,False,torch.bfloat16,torch.bfloat16,False,False,flydsl,38,1,37.7603,flydsl_hgemm_abf16_wbf16_bf16_t128x128x64x3_ks1_w4x4x1_bias0_ktail0_gm0_pft_gfx950,0.0,739.33,985.81
gfx950,256,1728,2048,4096,False,torch.bfloat16,torch.bfloat16,False,False,flydsl,38,1,38.0116,flydsl_hgemm_abf16_wbf16_bf16_t128x128x64x3_ks1_w4x4x1_bias0_ktail0_gm0_pft_gfx950,0.0,762.69,999.98
gfx950,256,1792,2048,4096,False,torch.bfloat16,torch.bfloat16,False,False,flydsl,38,1,38.319,flydsl_hgemm_abf16_wbf16_bf16_t128x128x64x3_ks1_w4x4x1_bias0_ktail0_gm0_pft_gfx950,0.0,784.59,1012.48
gfx950,256,1856,2048,4096,False,torch.bfloat16,torch.bfloat16,False,False,flydsl,50,1,38.633,flydsl_hgemm_abf16_wbf16_bf16_t128x128x64x4_ks1_w4x4x1_bias0_ktail0_gm0_pft_gfx950,0.0,806.01,1024.61
gfx950,256,1920,2048,4096,False,torch.bfloat16,torch.bfloat16,False,False,flydsl,38,1,39.8008,flydsl_hgemm_abf16_wbf16_bf16_t128x128x64x3_ks1_w4x4x1_bias0_ktail0_gm0_pft_gfx950,0.0,809.34,1014.31
gfx950,256,1984,2048,4096,False,torch.bfloat16,torch.bfloat16,False,False,flydsl,46,1,38.6454,flydsl_hgemm_abf16_wbf16_bf16_t128x128x64x4_ks1_w4x4x1_bias0_ktail0_gm0_pft_gfx950,0.0,861.32,1064.98
gfx950,256,2048,2048,4096,False,torch.bfloat16,torch.bfloat16,False,False,flydsl,47,1,37.8532,flydsl_hgemm_abf16_wbf16_bf16_t128x128x64x4_ks1_w4x4x1_bias0_ktail0_gm4_pft_gfx950,0.0,907.71,1108.04
gfx950,256,4096,2048,4096,False,torch.bfloat16,torch.bfloat16,False,False,opus,6401,0,65.5158,opus_gemm_mono_tile_512x128x256x64_2x4_16x16x32_0x0x0_nooob_4g_safe,0.0,1048.9,1024.32
gfx950,256,6144,2048,4096,False,torch.bfloat16,torch.bfloat16,False,False,opus,6400,0,84.3792,opus_gemm_mono_tile_512x192x256x64_2x4_16x16x32_0x0x0_nooob_4g_safe,0.0,1221.62,1093.57
gfx950,256,8192,2048,4096,False,torch.bfloat16,torch.bfloat16,False,False,torch,0,0,103.7019,native,0.0,1325.33,1132.48
gfx950,256,10240,2048,4096,False,torch.bfloat16,torch.bfloat16,False,False,torch,0,0,151.8122,native,0.0,1131.65,939.36
gfx950,256,12288,2048,4096,False,torch.bfloat16,torch.bfloat16,False,False,opus,6400,0,159.4065,opus_gemm_mono_tile_512x192x256x64_2x4_16x16x32_0x0x0_nooob_4g_safe,0.0,1293.29,1052.48
gfx950,256,14336,2048,4096,False,torch.bfloat16,torch.bfloat16,False,False,flydsl,83,1,184.9049,flydsl_hgemm_abf16_wbf16_bf16_t256x256x64x2_ks1_w2x4x1_bias0_ktail0_gm4_pht_gfx950,0.0,1300.77,1043.44
gfx950,256,16384,2048,4096,False,torch.bfloat16,torch.bfloat16,False,False,torch,0,0,201.0329,native,0.0,1367.33,1084.92
gfx950,256,16,64640,4096,False,torch.bfloat16,torch.bfloat16,False,False,triton,0,0,90.2363,auto,0.0,93.89,5892.64
gfx950,256,32,64640,4096,False,torch.bfloat16,torch.bfloat16,False,False,torch,0,0,93.3901,native,0.0,181.44,5717.2
gfx950,256,48,64640,4096,False,torch.bfloat16,torch.bfloat16,False,False,torch,0,0,93.4061,native,0.0,272.12,5739.77
gfx950,256,64,64640,4096,False,torch.bfloat16,torch.bfloat16,False,False,torch,0,0,92.0654,native,0.0,368.11,5847.25
gfx950,256,80,64640,4096,False,torch.bfloat16,torch.bfloat16,False,False,torch,0,0,94.4454,native,0.0,448.54,5723.19
gfx950,256,96,64640,4096,False,torch.bfloat16,torch.bfloat16,False,False,torch,0,0,95.7754,native,0.0,530.77,5666.68
gfx950,256,112,64640,4096,False,torch.bfloat16,torch.bfloat16,False,False,flydsl,31,1,102.6117,flydsl_hgemm_abf16_wbf16_bf16_t128x256x64x2_ks1_w2x4x1_bias0_ktail0_gm0_pht_gfx950,0.0,577.98,5310.58
gfx950,256,128,64640,4096,False,torch.bfloat16,torch.bfloat16,False,False,flydsl,7,1,104.3706,flydsl_hgemm_abf16_wbf16_bf16_t128x128x64x2_ks1_w2x2x1_bias0_ktail0_gm0_pft_gfx950,0.0,649.42,5242.16
gfx950,256,144,64640,4096,False,torch.bfloat16,torch.bfloat16,False,False,torch,0,0,100.1049,native,0.0,761.73,5487.51
gfx950,256,160,64640,4096,False,torch.bfloat16,torch.bfloat16,False,False,torch,0,0,103.631,native,0.0,817.56,5322.02
gfx950,256,176,64640,4096,False,torch.bfloat16,torch.bfloat16,False,False,torch,0,0,105.5598,native,0.0,882.89,5245.61
gfx950,256,192,64640,4096,False,torch.bfloat16,torch.bfloat16,False,False,torch,0,0,114.6483,native,0.0,886.8,4848.96
gfx950,256,208,64640,4096,False,torch.bfloat16,torch.bfloat16,False,False,torch,0,0,118.953,native,0.0,925.93,4691.98
gfx950,256,224,64640,4096,False,torch.bfloat16,torch.bfloat16,False,False,torch,0,0,120.4998,native,0.0,984.36,4650.0
gfx950,256,240,64640,4096,False,torch.bfloat16,torch.bfloat16,False,False,flydsl,41,1,123.1152,flydsl_hgemm_abf16_wbf16_bf16_t256x256x64x2_ks1_w2x4x1_bias0_ktail0_gm0_pht_gfx950,0.0,1032.26,4569.09
gfx950,256,256,64640,4096,False,torch.bfloat16,torch.bfloat16,False,False,torch,0,0,124.8129,native,0.0,1086.1,4524.56
gfx950,256,288,64640,4096,False,torch.bfloat16,torch.bfloat16,False,False,torch,0,0,169.121,native,0.0,901.75,3365.18
gfx950,256,320,64640,4096,False,torch.bfloat16,torch.bfloat16,False,False,torch,0,0,165.1986,native,0.0,1025.73,3471.71
gfx950,256,352,64640,4096,False,torch.bfloat16,torch.bfloat16,False,False,torch,0,0,187.0141,native,0.0,996.69,3090.25
gfx950,256,384,64640,4096,False,torch.bfloat16,torch.bfloat16,False,False,torch,0,0,187.024,native,0.0,1087.24,3113.61
gfx950,256,416,64640,4096,False,torch.bfloat16,torch.bfloat16,False,False,torch,0,0,210.8032,native,0.0,1044.98,2783.26
gfx950,256,448,64640,4096,False,torch.bfloat16,torch.bfloat16,False,False,torch,0,0,204.376,native,0.0,1160.75,2892.31
gfx950,256,480,64640,4096,False,torch.bfloat16,torch.bfloat16,False,False,flydsl,41,1,241.382,flydsl_hgemm_abf16_wbf16_bf16_t256x256x64x2_ks1_w2x4x1_bias0_ktail0_gm0_pht_gfx950,0.0,1053.0,2467.12
gfx950,256,512,64640,4096,False,torch.bfloat16,torch.bfloat16,False,False,torch,0,0,245.6664,native,0.0,1103.61,2442.0
gfx950,256,544,64640,4096,False,torch.bfloat16,torch.bfloat16,False,False,torch,0,0,259.3686,native,0.0,1110.64,2329.95
gfx950,256,576,64640,4096,False,torch.bfloat16,torch.bfloat16,False,False,torch,0,0,269.4071,native,0.0,1132.15,2259.46
gfx950,256,608,64640,4096,False,torch.bfloat16,torch.bfloat16,False,False,torch,0,0,298.8845,native,0.0,1077.19,2051.34
gfx950,256,640,64640,4096,False,torch.bfloat16,torch.bfloat16,False,False,torch,0,0,287.5435,native,0.0,1178.6,2147.55
gfx950,256,672,64640,4096,False,torch.bfloat16,torch.bfloat16,False,False,torch,0,0,290.5871,native,0.0,1224.57,2140.19
gfx950,256,704,64640,4096,False,torch.bfloat16,torch.bfloat16,False,False,torch,0,0,340.7471,native,0.0,1094.04,1838.05
gfx950,256,736,64640,4096,False,torch.bfloat16,torch.bfloat16,False,False,torch,0,0,299.524,native,0.0,1301.18,2105.71
gfx950,256,768,64640,4096,False,torch.bfloat16,torch.bfloat16,False,False,torch,0,0,303.4475,native,0.0,1340.2,2092.98
gfx950,256,800,64640,4096,False,torch.bfloat16,torch.bfloat16,False,False,torch,0,0,392.8834,native,0.0,1078.25,1627.73
gfx950,256,832,64640,4096,False,torch.bfloat16,torch.bfloat16,False,False,torch,0,0,393.6227,native,0.0,1119.27,1635.85
gfx950,256,864,64640,4096,False,torch.bfloat16,torch.bfloat16,False,False,torch,0,0,376.8078,native,0.0,1214.19,1720.52
gfx950,256,896,64640,4096,False,torch.bfloat16,torch.bfloat16,False,False,torch,0,0,379.3666,native,0.0,1250.66,1720.51
gfx950,256,928,64640,4096,False,torch.bfloat16,torch.bfloat16,False,False,torch,0,0,448.9162,native,0.0,1094.65,1463.76
gfx950,256,960,64640,4096,False,torch.bfloat16,torch.bfloat16,False,False,torch,0,0,447.9856,native,0.0,1134.75,1476.62
gfx950,256,992,64640,4096,False,torch.bfloat16,torch.bfloat16,False,False,torch,0,0,388.145,native,0.0,1353.35,1715.6
gfx950,256,1024,64640,4096,False,torch.bfloat16,torch.bfloat16,False,False,torch,0,0,397.8655,native,0.0,1362.87,1684.75
gfx950,256,1088,64640,4096,False,torch.bfloat16,torch.bfloat16,False,False,torch,0,0,461.621,native,0.0,1248.06,1471.12
gfx950,256,1152,64640,4096,False,torch.bfloat16,torch.bfloat16,False,False,torch,0,0,548.9252,native,0.0,1111.3,1253.17
gfx950,256,1216,64640,4096,False,torch.bfloat16,torch.bfloat16,False,False,torch,0,0,475.1855,native,0.0,1355.07,1466.16
gfx950,256,1280,64640,4096,False,torch.bfloat16,torch.bfloat16,False,False,torch,0,0,488.3934,native,0.0,1387.81,1444.52
gfx950,256,1344,64640,4096,False,torch.bfloat16,torch.bfloat16,False,False,torch,0,0,558.0571,native,0.0,1275.3,1279.96
gfx950,256,1408,64640,4096,False,torch.bfloat16,torch.bfloat16,False,False,torch,0,0,660.8139,native,0.0,1128.27,1094.24
gfx950,256,1472,64640,4096,False,torch.bfloat16,torch.bfloat16,False,False,torch,0,0,574.079,native,0.0,1357.77,1274.89
gfx950,256,1536,64640,4096,False,torch.bfloat16,torch.bfloat16,False,False,torch,0,0,578.1514,native,0.0,1406.83,1281.13
gfx950,256,1600,64640,4096,False,torch.bfloat16,torch.bfloat16,False,False,torch,0,0,666.3055,native,0.0,1271.56,1124.84
gfx950,256,1664,64640,4096,False,torch.bfloat16,torch.bfloat16,False,False,torch,0,0,776.5009,native,0.0,1134.76,976.54
gfx950,256,1728,64640,4096,False,torch.bfloat16,torch.bfloat16,False,False,torch,0,0,687.6771,native,0.0,1330.61,1115.47
gfx950,256,1792,64640,4096,False,torch.bfloat16,torch.bfloat16,False,False,torch,0,0,687.0542,native,0.0,1381.14,1129.29
gfx950,256,1856,64640,4096,False,torch.bfloat16,torch.bfloat16,False,False,opus,2009,0,808.2493,opus_gemm_512x256x256x64_2x4_16x16x32_0x0x0_cA1cB17,0.0,1215.97,970.84
gfx950,256,1920,64640,4096,False,torch.bfloat16,torch.bfloat16,False,False,opus,2009,0,823.5736,opus_gemm_512x256x256x64_2x4_16x16x32_0x0x0_cA1cB17,0.0,1234.5,963.46
gfx950,256,1984,64640,4096,False,torch.bfloat16,torch.bfloat16,False,False,flydsl,83,1,747.4511,flydsl_hgemm_abf16_wbf16_bf16_t256x256x64x2_ks1_w2x4x1_bias0_ktail0_gm4_pht_gfx950,0.0,1405.56,1073.35
gfx950,256,2048,64640,4096,False,torch.bfloat16,torch.bfloat16,False,False,flydsl,16,1,1033.4278,flydsl_hgemm_abf16_wbf16_bf16_t128x128x64x2_ks1_w2x2x1_bias0_ktail0_gm4_pft_gfx950,0.0,1049.4,784.84
gfx950,256,4096,64640,4096,False,torch.bfloat16,torch.bfloat16,False,False,flydsl,1,1,1454.5341,flydsl_hgemm_abf16_wbf16_bf16_t256x256x64x2_ks1_w2x4x1_bias0_ktail0_gm4_pht_gfx950,0.0,1491.17,751.18
gfx950,256,6144,64640,4096,False,torch.bfloat16,torch.bfloat16,False,False,flydsl,1,1,2240.6369,flydsl_hgemm_abf16_wbf16_bf16_t256x256x64x2_ks1_w2x4x1_bias0_ktail0_gm4_pht_gfx950,0.0,1452.01,613.29
gfx950,256,8192,64640,4096,False,torch.bfloat16,torch.bfloat16,False,False,flydsl,1,1,2950.308,flydsl_hgemm_abf16_wbf16_bf16_t256x256x64x2_ks1_w2x4x1_bias0_ktail0_gm4_pht_gfx950,0.0,1470.33,561.2
gfx950,256,10240,64640,4096,False,torch.bfloat16,torch.bfloat16,False,False,opus,1005,0,5788.9228,opus_gemm_256x256x128x32_2x2_16x16x32_0x0x0_nooob,0.0,936.68,334.65
gfx950,256,12288,64640,4096,False,torch.bfloat16,torch.bfloat16,False,False,flydsl,1,1,4453.0924,flydsl_hgemm_abf16_wbf16_bf16_t256x256x64x2_ks1_w2x4x1_bias0_ktail0_gm4_pht_gfx950,0.0,1461.2,498.26
gfx950,256,14336,64640,4096,False,torch.bfloat16,torch.bfloat16,False,False,flydsl,1,1,5152.3136,flydsl_hgemm_abf16_wbf16_bf16_t256x256x64x2_ks1_w2x4x1_bias0_ktail0_gm4_pht_gfx950,0.0,1473.39,485.28
gfx950,256,16384,64640,4096,False,torch.bfloat16,torch.bfloat16,False,False,flydsl,1,1,5818.1468,flydsl_hgemm_abf16_wbf16_bf16_t256x256x64x2_ks1_w2x4x1_bias0_ktail0_gm4_pht_gfx950,0.0,1491.17,478.14
gfx950,256,16,129280,4096,False,torch.bfloat16,torch.bfloat16,False,False,torch,0,0,172.559,native,0.0,98.2,6162.12
gfx950,256,32,129280,4096,False,torch.bfloat16,torch.bfloat16,False,False,torch,0,0,173.2406,native,0.0,195.62,6162.52
gfx950,256,48,129280,4096,False,torch.bfloat16,torch.bfloat16,False,False,torch,0,0,176.1444,native,0.0,288.6,6085.15
gfx950,256,64,129280,4096,False,torch.bfloat16,torch.bfloat16,False,False,torch,0,0,167.5445,native,0.0,404.55,6422.97
gfx950,256,80,129280,4096,False,torch.bfloat16,torch.bfloat16,False,False,torch,0,0,184.0074,native,0.0,460.44,5871.51
gfx950,256,96,129280,4096,False,torch.bfloat16,torch.bfloat16,False,False,torch,0,0,180.6861,native,0.0,562.69,6003.06
gfx950,256,112,129280,4096,False,torch.bfloat16,torch.bfloat16,False,False,torch,0,0,197.5936,native,0.0,600.3,5511.0
gfx950,256,128,129280,4096,False,torch.bfloat16,torch.bfloat16,False,False,flydsl,6,1,236.1742,flydsl_hgemm_abf16_wbf16_bf16_t128x128x128x2_ks1_w4x4x1_bias0_ktail0_gm0_pft_gfx950,0.0,573.98,4628.81
gfx950,256,144,129280,4096,False,torch.bfloat16,torch.bfloat16,False,False,torch,0,0,202.9462,native,0.0,751.45,5407.71
gfx950,256,160,129280,4096,False,torch.bfloat16,torch.bfloat16,False,False,torch,0,0,201.0817,native,0.0,842.69,5479.08
gfx950,256,176,129280,4096,False,torch.bfloat16,torch.bfloat16,False,False,torch,0,0,216.9607,native,0.0,859.12,5097.74
gfx950,256,192,129280,4096,False,torch.bfloat16,torch.bfloat16,False,False,torch,0,0,208.3658,native,0.0,975.88,5328.5
gfx950,256,208,129280,4096,False,torch.bfloat16,torch.bfloat16,False,False,torch,0,0,242.5869,native,0.0,908.07,4594.42
gfx950,256,224,129280,4096,False,torch.bfloat16,torch.bfloat16,False,False,torch,0,0,228.9395,native,0.0,1036.21,4886.94
gfx950,256,240,129280,4096,False,torch.bfloat16,torch.bfloat16,False,False,asm,10,1,248.3964,_ZN5aiter24bf16gemm_bf16_tn_256x256E,0.0,1023.26,4521.33
gfx950,256,256,129280,4096,False,torch.bfloat16,torch.bfloat16,False,False,torch,0,0,243.0209,native,0.0,1115.62,4638.9
gfx950,256,288,129280,4096,False,torch.bfloat16,torch.bfloat16,False,False,torch,0,0,328.9796,native,0.0,927.14,3452.76
gfx950,256,320,129280,4096,False,torch.bfloat16,torch.bfloat16,False,False,asm,10,1,375.7934,_ZN5aiter24bf16gemm_bf16_tn_256x256E,0.0,901.82,3045.35
gfx950,256,352,129280,4096,False,torch.bfloat16,torch.bfloat16,False,False,torch,0,0,363.7928,native,0.0,1024.73,3169.27
gfx950,256,384,129280,4096,False,torch.bfloat16,torch.bfloat16,False,False,torch,0,0,357.6221,native,0.0,1137.18,3247.83
gfx950,256,416,129280,4096,False,torch.bfloat16,torch.bfloat16,False,False,asm,10,1,395.6565,_ZN5aiter24bf16gemm_bf16_tn_256x256E,0.0,1113.52,2957.19
gfx950,256,448,129280,4096,False,torch.bfloat16,torch.bfloat16,False,False,torch,0,0,403.0798,native,0.0,1177.09,2923.9
gfx950,256,480,129280,4096,False,torch.bfloat16,torch.bfloat16,False,False,asm,10,1,410.5613,_ZN5aiter24bf16gemm_bf16_tn_256x256E,0.0,1238.18,2891.41
gfx950,256,512,129280,4096,False,torch.bfloat16,torch.bfloat16,False,False,asm,10,1,418.5094,_ZN5aiter24bf16gemm_bf16_tn_256x256E,0.0,1295.65,2856.9
gfx950,256,544,129280,4096,False,torch.bfloat16,torch.bfloat16,False,False,torch,0,0,509.2745,native,0.0,1131.28,2364.49
gfx950,256,576,129280,4096,False,torch.bfloat16,torch.bfloat16,False,False,torch,0,0,508.1188,native,0.0,1200.55,2386.67
gfx950,256,608,129280,4096,False,torch.bfloat16,torch.bfloat16,False,False,asm,10,1,565.7531,_ZN5aiter24bf16gemm_bf16_tn_256x256E,0.0,1138.15,2158.62
gfx950,256,640,129280,4096,False,torch.bfloat16,torch.bfloat16,False,False,torch,0,0,565.7386,native,0.0,1198.08,2173.77
gfx950,256,672,129280,4096,False,torch.bfloat16,torch.bfloat16,False,False,torch,0,0,566.2199,native,0.0,1256.91,2186.99
gfx950,256,704,129280,4096,False,torch.bfloat16,torch.bfloat16,False,False,asm,10,1,588.1967,_ZN5aiter24bf16gemm_bf16_tn_256x256E,0.0,1267.57,2119.79
gfx950,256,736,129280,4096,False,torch.bfloat16,torch.bfloat16,False,False,torch,0,0,583.3166,native,0.0,1336.27,2152.16
gfx950,256,768,129280,4096,False,torch.bfloat16,torch.bfloat16,False,False,torch,0,0,584.7506,native,0.0,1390.95,2161.48
gfx950,256,800,129280,4096,False,torch.bfloat16,torch.bfloat16,False,False,asm,10,1,718.5764,_ZN5aiter24bf16gemm_bf16_tn_256x256E,0.0,1179.07,1770.81
gfx950,256,832,129280,4096,False,torch.bfloat16,torch.bfloat16,False,False,asm,10,1,727.0007,_ZN5aiter24bf16gemm_bf16_tn_256x256E,0.0,1212.02,1762.03
gfx950,256,864,129280,4096,False,torch.bfloat16,torch.bfloat16,False,False,asm,10,1,725.512,_ZN5aiter24bf16gemm_bf16_tn_256x256E,0.0,1261.22,1777.41
gfx950,256,896,129280,4096,False,torch.bfloat16,torch.bfloat16,False,False,asm,10,1,736.0336,_ZN5aiter24bf16gemm_bf16_tn_256x256E,0.0,1289.23,1763.6
gfx950,256,928,129280,4096,False,torch.bfloat16,torch.bfloat16,False,False,asm,10,1,748.968,_ZN5aiter24bf16gemm_bf16_tn_256x256E,0.0,1312.22,1744.54
gfx950,256,960,129280,4096,False,torch.bfloat16,torch.bfloat16,False,False,asm,10,1,750.2149,_ZN5aiter24bf16gemm_bf16_tn_256x256E,0.0,1355.21,1753.02
gfx950,256,992,129280,4096,False,torch.bfloat16,torch.bfloat16,False,False,asm,10,1,752.7923,_ZN5aiter24bf16gemm_bf16_tn_256x256E,0.0,1395.59,1758.36
gfx950,256,1024,129280,4096,False,torch.bfloat16,torch.bfloat16,False,False,torch,0,0,761.0114,native,0.0,1425.05,1750.59
gfx950,256,1088,129280,4096,False,torch.bfloat16,torch.bfloat16,False,False,asm,10,1,926.8326,_ZN5aiter24bf16gemm_bf16_tn_256x256E,0.0,1243.22,1455.81
gfx950,256,1152,129280,4096,False,torch.bfloat16,torch.bfloat16,False,False,asm,10,1,935.6099,_ZN5aiter24bf16gemm_bf16_tn_256x256E,0.0,1304.0,1460.4
gfx950,256,1216,129280,4096,False,torch.bfloat16,torch.bfloat16,False,False,asm,10,1,946.5259,_ZN5aiter24bf16gemm_bf16_tn_256x256E,0.0,1360.57,1461.59
gfx950,256,1280,129280,4096,False,torch.bfloat16,torch.bfloat16,False,False,torch,0,0,958.213,native,0.0,1414.72,1461.58
gfx950,256,1344,129280,4096,False,torch.bfloat16,torch.bfloat16,False,False,asm,10,1,1091.3397,_ZN5aiter24bf16gemm_bf16_tn_256x256E,0.0,1304.25,1298.93
gfx950,256,1408,129280,4096,False,torch.bfloat16,torch.bfloat16,False,False,asm,10,1,1095.7128,_ZN5aiter24bf16gemm_bf16_tn_256x256E,0.0,1360.9,1309.33
gfx950,256,1472,129280,4096,False,torch.bfloat16,torch.bfloat16,False,False,asm,10,1,1120.2719,_ZN5aiter24bf16gemm_bf16_tn_256x256E,0.0,1391.57,1295.86
gfx950,256,1536,129280,4096,False,torch.bfloat16,torch.bfloat16,False,False,torch,0,0,1141.9594,native,0.0,1424.5,1286.2
gfx950,256,1600,129280,4096,False,torch.bfloat16,torch.bfloat16,False,False,asm,10,1,1259.6578,_ZN5aiter24bf16gemm_bf16_tn_256x256E,0.0,1345.21,1179.58
gfx950,256,1664,129280,4096,False,torch.bfloat16,torch.bfloat16,False,False,asm,10,1,1273.3853,_ZN5aiter24bf16gemm_bf16_tn_256x256E,0.0,1383.93,1180.27
gfx950,256,1728,129280,4096,False,torch.bfloat16,torch.bfloat16,False,False,asm,10,1,1294.7689,_ZN5aiter24bf16gemm_bf16_tn_256x256E,0.0,1413.42,1173.96
gfx950,256,1792,129280,4096,False,torch.bfloat16,torch.bfloat16,False,False,asm,10,1,1318.1674,_ZN5aiter24bf16gemm_bf16_tn_256x256E,0.0,1439.76,1166.07
gfx950,256,1856,129280,4096,False,torch.bfloat16,torch.bfloat16,False,False,asm,10,1,1446.0077,_ZN5aiter24bf16gemm_bf16_tn_256x256E,0.0,1359.34,1074.79
gfx950,256,1920,129280,4096,False,torch.bfloat16,torch.bfloat16,False,False,asm,10,1,1437.3336,_ZN5aiter24bf16gemm_bf16_tn_256x256E,0.0,1414.7,1093.15
gfx950,256,1984,129280,4096,False,torch.bfloat16,torch.bfloat16,False,False,flydsl,83,1,1477.4222,flydsl_hgemm_abf16_wbf16_bf16_t256x256x64x2_ks1_w2x4x1_bias0_ktail0_gm4_pht_gfx950,0.0,1422.19,1075.05
gfx950,256,2048,129280,4096,False,torch.bfloat16,torch.bfloat16,False,False,flydsl,83,1,1486.1759,flydsl_hgemm_abf16_wbf16_bf16_t256x256x64x2_ks1_w2x4x1_bias0_ktail0_gm4_pht_gfx950,0.0,1459.42,1080.2
gfx950,256,4096,129280,4096,False,torch.bfloat16,torch.bfloat16,False,False,asm,10,1,2916.6438,_ZN5aiter24bf16gemm_bf16_tn_256x256E,0.0,1487.3,737.72
gfx950,256,6144,129280,4096,False,torch.bfloat16,torch.bfloat16,False,False,asm,10,1,4349.2361,_ZN5aiter24bf16gemm_bf16_tn_256x256E,0.0,1496.1,620.34
gfx950,256,8192,129280,4096,False,torch.bfloat16,torch.bfloat16,False,False,flydsl,1,1,5733.7432,flydsl_hgemm_abf16_wbf16_bf16_t256x256x64x2_ks1_w2x4x1_bias0_ktail0_gm4_pht_gfx950,0.0,1513.12,565.82
gfx950,256,10240,129280,4096,False,torch.bfloat16,torch.bfloat16,False,False,asm,10,1,7261.0039,_ZN5aiter24bf16gemm_bf16_tn_256x256E,0.0,1493.57,522.05
gfx950,256,12288,129280,4096,False,torch.bfloat16,torch.bfloat16,False,False,asm,10,1,8727.8866,_ZN5aiter24bf16gemm_bf16_tn_256x256E,0.0,1491.05,496.9
gfx950,256,14336,129280,4096,False,torch.bfloat16,torch.bfloat16,False,False,asm,10,1,10310.1914,_ZN5aiter24bf16gemm_bf16_tn_256x256E,0.0,1472.59,473.63
gfx950,256,16384,129280,4096,False,torch.bfloat16,torch.bfloat16,False,False,asm,10,1,11577.4153,_ZN5aiter24bf16gemm_bf16_tn_256x256E,0.0,1498.75,468.98
gfx1250,256,65536,64,7168,False,torch.bfloat16,torch.bfloat16,False,False,opus,21258,0,72.7809,opus_gemm_gfx1250_4wave_wl_co_128x128x64x128_4x1_16x16x32_0x0x0_w4x1_c4x1_p3_v1024w1,0.0,826.17,13036.8
gfx1250,256,16384,64,7168,False,torch.bfloat16,torch.bfloat16,False,False,opus,21263,0,25.1524,opus_gemm_gfx1250_4wave_wl_co_128x64x64x128_4x1_16x16x32_0x0x0_w2x2_c4x1_p3_v1024w1,0.0,597.65,9458.17
gfx1250,256,8192,64,7168,False,torch.bfloat16,torch.bfloat16,False,False,opus,21313,0,14.4876,opus_gemm_gfx1250_4wave_wl_co_128x32x64x256_4x1_16x16x32_0x0x0_w1x4_c4x1_p3_v1024w1,0.0,518.8,8241.99
gfx1250,256,4096,64,7168,False,torch.bfloat16,torch.bfloat16,False,False,triton,0,0,11.5877,auto,0.0,324.32,5191.89
gfx1250,256,2048,64,7168,False,torch.bfloat16,torch.bfloat16,False,False,opus,20156,3,9.924,opus_gemm_gfx1250_splitk_clusterlaunch_tdm_ws_128x16x64x256_1x2_16x16x32_0x0x0_c4x1_p3w2,0.0,189.34,3077.37
gfx1250,256,1024,64,7168,False,torch.bfloat16,torch.bfloat16,False,False,opus,20156,6,7.8701,opus_gemm_gfx1250_splitk_clusterlaunch_tdm_ws_128x16x64x256_1x2_16x16x32_0x0x0_c4x1_p3w2,0.0,119.38,1998.53
gfx1250,256,512,64,7168,False,torch.bfloat16,torch.bfloat16,False,False,opus,20120,6,6.475,opus_gemm_gfx1250_splitk_clusterlaunch_tdm_ws_128x16x32x256_1x2_16x16x32_0x0x0_c4x1_p3w2,0.0,72.55,1285.42
gfx1250,256,256,64,7168,False,torch.bfloat16,torch.bfloat16,False,False,triton,0,0,5.0425,auto,0.0,46.58,916.27
gfx1250,256,128,64,7168,False,torch.bfloat16,torch.bfloat16,False,False,triton,0,0,4.8405,auto,0.0,24.26,572.03
gfx1250,256,64,64,7168,False,torch.bfloat16,torch.bfloat16,False,False,triton,0,0,5.1506,auto,0.0,11.4,357.86
gfx1250,256,32,64,7168,False,torch.bfloat16,torch.bfloat16,False,False,triton,0,0,4.5864,auto,0.0,6.4,300.97
gfx1250,256,16,64,7168,False,torch.bfloat16,torch.bfloat16,False,False,opus,20001,11,5.3476,opus_gemm_gfx1250_splitk_cluster_tdm_ws_128x16x32x256_1x2_16x16x32_0x0x0_p3w2,0.0,2.75,214.85
gfx1250,256,8,64,7168,False,torch.bfloat16,torch.bfloat16,False,False,opus,20121,11,5.3361,opus_gemm_gfx1250_splitk_clusterlaunch_tdm_ws_128x16x32x256_1x2_16x16x32_0x0x0_c1x2_p3w2,0.0,1.38,193.63
gfx1250,256,4,64,7168,False,torch.bfloat16,torch.bfloat16,False,False,triton,0,0,3.9771,auto,0.0,0.92,245.24
gfx1250,256,2,64,7168,False,torch.bfloat16,torch.bfloat16,False,False,triton,0,0,3.9185,auto,0.0,0.47,241.53
gfx1250,256,1,64,7168,False,torch.bfloat16,torch.bfloat16,False,False,triton,0,0,3.9813,auto,0.0,0.23,234.09
gfx1250,256,65536,384,7168,False,torch.bfloat16,torch.bfloat16,False,False,opus,21173,0,180.6042,opus_gemm_gfx1250_4wave_wl_co_128x128x192x128_4x1_16x16x32_0x0x0_w2x2_c2x2_p3_v1024w1,0.0,1997.61,5511.28
gfx1250,256,16384,384,7168,False,torch.bfloat16,torch.bfloat16,False,False,opus,21172,0,43.2483,opus_gemm_gfx1250_4wave_wl_co_128x128x192x128_4x1_16x16x32_0x0x0_w2x2_c4x1_p3_v1024w1,0.0,2085.5,5849.22
gfx1250,256,8192,384,7168,False,torch.bfloat16,torch.bfloat16,False,False,opus,21030,0,29.1841,opus_gemm_gfx1250_4wave_co_128x128x128x128_4x1_16x16x32_0x0x0_c4x3_p3_v1024w1,0.0,1545.26,4428.34
gfx1250,256,4096,384,7168,False,torch.bfloat16,torch.bfloat16,False,False,opus,21270,0,24.7615,opus_gemm_gfx1250_4wave_wl_co_128x64x128x128_4x1_16x16x32_0x0x0_w2x2_c4x4_p3_v1024w1,0.0,910.63,2720.8
gfx1250,256,2048,384,7168,False,torch.bfloat16,torch.bfloat16,False,False,opus,21308,0,15.4185,opus_gemm_gfx1250_4wave_wl_co_128x64x64x256_4x1_16x16x32_0x0x0_w2x2_c4x1_p3_v1024w1,0.0,731.22,2363.27
gfx1250,256,1024,384,7168,False,torch.bfloat16,torch.bfloat16,False,False,triton,0,0,11.7053,auto,0.0,481.59,1791.63
gfx1250,256,512,384,7168,False,torch.bfloat16,torch.bfloat16,False,False,opus,20288,5,9.5331,opus_gemm_gfx1250_splitk_clusterlaunch_tdm_ws_128x32x64x256_2x1_16x16x32_0x0x0_c2x3_p3w2,0.0,295.66,1388.66
gfx1250,256,256,384,7168,False,torch.bfloat16,torch.bfloat16,False,False,triton,0,0,6.362,auto,0.0,221.52,1473.07
gfx1250,256,128,384,7168,False,torch.bfloat16,torch.bfloat16,False,False,triton,0,0,5.5693,auto,0.0,126.52,1335.6
gfx1250,256,64,384,7168,False,torch.bfloat16,torch.bfloat16,False,False,triton,0,0,5.6764,auto,0.0,62.07,1140.1
gfx1250,256,32,384,7168,False,torch.bfloat16,torch.bfloat16,False,False,triton,0,0,5.1951,auto,0.0,33.91,1152.69
gfx1250,256,16,384,7168,False,torch.bfloat16,torch.bfloat16,False,False,triton,0,0,5.488,auto,0.0,16.05,1047.14
gfx1250,256,8,384,7168,False,torch.bfloat16,torch.bfloat16,False,False,triton,0,0,5.4517,auto,0.0,8.08,1031.95
gfx1250,256,4,384,7168,False,torch.bfloat16,torch.bfloat16,False,False,triton,0,0,4.4904,auto,0.0,4.9,1239.41
gfx1250,256,2,384,7168,False,torch.bfloat16,torch.bfloat16,False,False,triton,0,0,4.0234,auto,0.0,2.74,1375.76
gfx1250,256,1,384,7168,False,torch.bfloat16,torch.bfloat16,False,False,triton,0,0,4.0246,auto,0.0,1.37,1371.6
gfx1250,256,16384,512,7168,False,torch.bfloat16,torch.bfloat16,False,False,opus,21177,0,53.9265,opus_gemm_gfx1250_4wave_wl_co_128x128x256x128_4x1_16x16x32_0x0x0_w2x2_c4x1_p3_v1024w1,0.0,2230.06,4802.8
gfx1250,256,8192,512,7168,False,torch.bfloat16,torch.bfloat16,False,False,opus,21169,0,31.3829,opus_gemm_gfx1250_4wave_wl_co_128x128x128x128_4x1_16x16x32_0x0x0_w2x2_c4x4_p3_v1024w1,0.0,1916.0,4243.37
gfx1250,256,4096,512,7168,False,torch.bfloat16,torch.bfloat16,False,False,opus,21270,0,25.4439,opus_gemm_gfx1250_4wave_wl_co_128x64x128x128_4x1_16x16x32_0x0x0_w2x2_c4x4_p3_v1024w1,0.0,1181.61,2761.16
gfx1250,256,2048,512,7168,False,torch.bfloat16,torch.bfloat16,False,False,opus,21307,0,16.377,opus_gemm_gfx1250_4wave_wl_co_128x64x64x256_4x1_16x16x32_0x0x0_w2x2_c1x4_p3_v1024w1,0.0,917.9,2369.01
gfx1250,256,1024,512,7168,False,torch.bfloat16,torch.bfloat16,False,False,triton,0,0,12.3995,auto,0.0,606.17,1860.45
gfx1250,256,512,512,7168,False,torch.bfloat16,torch.bfloat16,False,False,opus,20284,3,9.7826,opus_gemm_gfx1250_splitk_clusterlaunch_tdm_ws_128x32x64x256_2x1_16x16x32_0x0x0_c2x2_p3w2,0.0,384.16,1554.22
gfx1250,256,256,512,7168,False,torch.bfloat16,torch.bfloat16,False,False,triton,0,0,7.0727,auto,0.0,265.68,1593.76
gfx1250,256,128,512,7168,False,torch.bfloat16,torch.bfloat16,False,False,triton,0,0,6.583,auto,0.0,142.72,1413.66
gfx1250,256,64,512,7168,False,torch.bfloat16,torch.bfloat16,False,False,triton,0,0,5.8139,auto,0.0,80.8,1431.58
gfx1250,256,32,512,7168,False,torch.bfloat16,torch.bfloat16,False,False,triton,0,0,5.29,auto,0.0,44.4,1480.44
gfx1250,256,16,512,7168,False,torch.bfloat16,torch.bfloat16,False,False,opus,20129,10,5.6136,opus_gemm_gfx1250_splitk_clusterlaunch_tdm_ws_128x16x32x256_1x2_16x16x32_0x0x0_c1x4_p3w2,0.0,20.92,1351.32
gfx1250,256,8,512,7168,False,torch.bfloat16,torch.bfloat16,False,False,triton,0,0,5.4614,auto,0.0,10.75,1366.48
gfx1250,256,4,512,7168,False,torch.bfloat16,torch.bfloat16,False,False,triton,0,0,4.1978,auto,0.0,6.99,1763.18
gfx1250,256,2,512,7168,False,torch.bfloat16,torch.bfloat16,False,False,triton,0,0,4.0281,auto,0.0,3.64,1829.83
gfx1250,256,1,512,7168,False,torch.bfloat16,torch.bfloat16,False,False,triton,0,0,3.9859,auto,0.0,1.84,1845.35
gfx1250,256,65536,1024,7168,False,torch.bfloat16,torch.bfloat16,False,False,opus,21179,0,434.3777,opus_gemm_gfx1250_4wave_wl_co_128x128x256x128_4x1_16x16x32_0x0x0_w2x2_c4x4_p3_v1024w1,0.0,2214.83,2505.7
gfx1250,256,16384,1024,7168,False,torch.bfloat16,torch.bfloat16,False,False,opus,21179,0,108.9996,opus_gemm_gfx1250_4wave_wl_co_128x128x256x128_4x1_16x16x32_0x0x0_w2x2_c4x4_p3_v1024w1,0.0,2206.6,2597.4
gfx1250,256,8192,1024,7168,False,torch.bfloat16,torch.bfloat16,False,False,opus,21177,0,51.1769,opus_gemm_gfx1250_4wave_wl_co_128x128x256x128_4x1_16x16x32_0x0x0_w2x2_c4x1_p3_v1024w1,0.0,2349.87,2909.47
gfx1250,256,4096,1024,7168,False,torch.bfloat16,torch.bfloat16,False,False,opus,21109,0,30.4675,opus_gemm_gfx1250_4wave_wl_co_128x128x128x128_4x1_16x16x32_0x0x0_w4x1_c4x4_p3_v1024w1,0.0,1973.56,2684.46
gfx1250,256,2048,1024,7168,False,torch.bfloat16,torch.bfloat16,False,False,opus,21270,0,25.675,opus_gemm_gfx1250_4wave_wl_co_128x64x128x128_4x1_16x16x32_0x0x0_w2x2_c4x4_p3_v1024w1,0.0,1170.97,1878.66
gfx1250,256,1024,1024,7168,False,torch.bfloat16,torch.bfloat16,False,False,opus,21307,0,16.5101,opus_gemm_gfx1250_4wave_wl_co_128x64x64x256_4x1_16x16x32_0x0x0_w2x2_c1x4_p3_v1024w1,0.0,910.5,1905.34
gfx1250,256,512,1024,7168,False,torch.bfloat16,torch.bfloat16,False,False,opus,20402,3,13.6951,opus_gemm_gfx1250_splitk_clusterlaunch_tdm_ws_128x64x64x128_2x1_16x16x32_0x0x0_c4x4_p3w2,0.0,548.82,1684.45
gfx1250,256,256,1024,7168,False,torch.bfloat16,torch.bfloat16,False,False,triton,0,0,8.9795,auto,0.0,418.52,2101.94
gfx1250,256,128,1024,7168,False,torch.bfloat16,torch.bfloat16,False,False,triton,0,0,7.5595,auto,0.0,248.57,2219.36
gfx1250,256,64,1024,7168,False,torch.bfloat16,torch.bfloat16,False,False,triton,0,0,6.5464,auto,0.0,143.52,2402.64
gfx1250,256,32,1024,7168,False,torch.bfloat16,torch.bfloat16,False,False,triton,0,0,5.6153,auto,0.0,83.66,2707.67
gfx1250,256,16,1024,7168,False,torch.bfloat16,torch.bfloat16,False,False,triton,0,0,5.6493,auto,0.0,41.58,2644.97
gfx1250,256,8,1024,7168,False,torch.bfloat16,torch.bfloat16,False,False,triton,0,0,4.9938,auto,0.0,23.52,2965.9
gfx1250,256,4,1024,7168,False,torch.bfloat16,torch.bfloat16,False,False,triton,0,0,4.3226,auto,0.0,13.58,3411.28
gfx1250,256,2,1024,7168,False,torch.bfloat16,torch.bfloat16,False,False,triton,0,0,4.1526,auto,0.0,7.07,3543.04
gfx1250,256,1,1024,7168,False,torch.bfloat16,torch.bfloat16,False,False,triton,0,0,4.0927,auto,0.0,3.59,3590.89
gfx1250,256,65536,2048,7168,False,torch.bfloat16,torch.bfloat16,False,False,opus,21179,0,1128.1729,opus_gemm_gfx1250_4wave_wl_co_128x128x256x128_4x1_16x16x32_0x0x0_w2x2_c4x4_p3_v1024w1,0.0,1705.54,1096.75
gfx1250,256,16384,2048,7168,False,torch.bfloat16,torch.bfloat16,False,False,triton,0,0,238.4263,auto,0.0,2017.55,1389.74
gfx1250,256,8192,2048,7168,False,torch.bfloat16,torch.bfloat16,False,False,opus,21179,0,107.7955,opus_gemm_gfx1250_4wave_wl_co_128x128x256x128_4x1_16x16x32_0x0x0_w2x2_c4x4_p3_v1024w1,0.0,2231.24,1673.12
gfx1250,256,4096,2048,7168,False,torch.bfloat16,torch.bfloat16,False,False,opus,21179,0,51.0782,opus_gemm_gfx1250_4wave_wl_co_128x128x256x128_4x1_16x16x32_0x0x0_w2x2_c4x4_p3_v1024w1,0.0,2354.41,2052.88
gfx1250,256,2048,2048,7168,False,torch.bfloat16,torch.bfloat16,False,False,opus,21108,0,31.8824,opus_gemm_gfx1250_4wave_wl_co_128x128x128x128_4x1_16x16x32_0x0x0_w4x1_c2x2_p3_v1024w1,0.0,1885.98,2104.89
gfx1250,256,1024,2048,7168,False,torch.bfloat16,torch.bfloat16,False,False,opus,21260,0,26.4942,opus_gemm_gfx1250_4wave_wl_co_128x128x64x128_4x1_16x16x32_0x0x0_w4x1_c4x4_p3_v1024w1,0.0,1134.77,1820.57
gfx1250,256,512,2048,7168,False,torch.bfloat16,torch.bfloat16,False,False,opus,21308,0,16.7396,opus_gemm_gfx1250_4wave_wl_co_128x64x64x256_4x1_16x16x32_0x0x0_w2x2_c4x1_p3_v1024w1,0.0,898.01,2317.7
gfx1250,256,256,2048,7168,False,torch.bfloat16,torch.bfloat16,False,False,triton,0,0,12.4968,auto,0.0,601.45,2727.0
gfx1250,256,128,2048,7168,False,torch.bfloat16,torch.bfloat16,False,False,triton,0,0,9.445,auto,0.0,397.89,3358.33
gfx1250,256,64,2048,7168,False,torch.bfloat16,torch.bfloat16,False,False,triton,0,0,7.3257,auto,0.0,256.5,4168.85
gfx1250,256,32,2048,7168,False,torch.bfloat16,torch.bfloat16,False,False,triton,0,0,6.1408,auto,0.0,153.0,4877.21
gfx1250,256,16,2048,7168,False,torch.bfloat16,torch.bfloat16,False,False,triton,0,0,5.93,auto,0.0,79.22,5000.85
gfx1250,256,8,2048,7168,False,torch.bfloat16,torch.bfloat16,False,False,triton,0,0,5.8026,auto,0.0,40.48,5085.23
gfx1250,256,4,2048,7168,False,torch.bfloat16,torch.bfloat16,False,False,triton,0,0,4.5745,auto,0.0,25.67,6434.33
gfx1250,256,2,2048,7168,False,torch.bfloat16,torch.bfloat16,False,False,triton,0,0,4.4898,auto,0.0,13.08,6547.51
gfx1250,256,1,2048,7168,False,torch.bfloat16,torch.bfloat16,False,False,triton,0,0,4.4125,auto,0.0,6.65,6658.03
gfx1250,256,1,32320,7168,False,torch.bfloat16,torch.bfloat16,False,False,triton,0,0,26.9857,auto,0.0,17.17,17172.74
gfx1250,256,16,32320,7168,False,torch.bfloat16,torch.bfloat16,False,False,triton,0,0,28.9363,auto,0.0,256.2,16056.07
gfx1250,256,32,32320,7168,False,torch.bfloat16,torch.bfloat16,False,False,triton,0,0,32.2299,auto,0.0,460.03,14454.49
gfx1250,256,64,32320,7168,False,torch.bfloat16,torch.bfloat16,False,False,triton,0,0,35.689,auto,0.0,830.89,13124.32
gfx1250,256,128,32320,7168,False,torch.bfloat16,torch.bfloat16,False,False,opus,21171,0,41.683,opus_gemm_gfx1250_4wave_wl_co_128x128x192x128_4x1_16x16x32_0x0x0_w2x2_c1x4_p3_v1024w1,0.0,1422.82,11358.31
gfx1250,256,256,32320,7168,False,torch.bfloat16,torch.bfloat16,False,False,opus,21178,0,58.9041,opus_gemm_gfx1250_4wave_wl_co_128x128x256x128_4x1_16x16x32_0x0x0_w2x2_c2x2_p3_v1024w1,0.0,2013.7,8209.23
gfx1250,256,512,32320,7168,False,torch.bfloat16,torch.bfloat16,False,False,opus,21179,0,116.3267,opus_gemm_gfx1250_4wave_wl_co_128x128x256x128_4x1_16x16x32_0x0x0_w2x2_c4x4_p3_v1024w1,0.0,2039.34,4330.69
gfx1250,256,1024,32320,7168,False,torch.bfloat16,torch.bfloat16,False,False,opus,21179,0,245.5176,opus_gemm_gfx1250_4wave_wl_co_128x128x256x128_4x1_16x16x32_0x0x0_w2x2_c4x4_p3_v1024w1,0.0,1932.49,2216.59
gfx1250,256,2048,32320,7168,False,torch.bfloat16,torch.bfloat16,False,False,opus,21179,0,485.2268,opus_gemm_gfx1250_4wave_wl_co_128x128x256x128_4x1_16x16x32_0x0x0_w2x2_c4x4_p3_v1024w1,0.0,1955.62,1288.23
gfx1250,256,4096,32320,7168,False,torch.bfloat16,torch.bfloat16,False,False,opus,21179,0,938.7493,opus_gemm_gfx1250_4wave_wl_co_128x128x256x128_4x1_16x16x32_0x0x0_w2x2_c4x4_p3_v1024w1,0.0,2021.67,838.16
gfx1250,256,8192,32320,7168,False,torch.bfloat16,torch.bfloat16,False,False,opus,21179,0,1875.076,opus_gemm_gfx1250_4wave_wl_co_128x128x256x128_4x1_16x16x32_0x0x0_w2x2_c4x4_p3_v1024w1,0.0,2024.28,592.14
gfx1250,256,16384,32320,7168,False,torch.bfloat16,torch.bfloat16,False,False,opus,21179,0,3899.8883,opus_gemm_gfx1250_4wave_wl_co_128x128x256x128_4x1_16x16x32_0x0x0_w2x2_c4x4_p3_v1024w1,0.0,1946.56,450.6
gfx950,256,80,4608,6144,False,torch.bfloat16,torch.bfloat16,False,False,flydsl,3091,3,19.4374,flydsl_hgemm_abf16_wbf16_bf16_t48x96x64x4_ks3_w1x2x1_bias0_ktail0_gm0_pft_gfx950,0.0103,233.05,3001.61
gfx950,256,96,4608,6144,False,torch.bfloat16,torch.bfloat16,False,False,flydsl,3082,3,20.6049,flydsl_hgemm_abf16_wbf16_bf16_t48x96x64x4_ks3_w1x2x1_bias0_ktail0_gm0_pft_gfx950,0.0102,263.81,2848.23
gfx950,256,112,4608,6144,False,torch.bfloat16,torch.bfloat16,False,False,flydsl,4022,2,21.9909,flydsl_hgemm_abf16_wbf16_bf16_t64x64x64x4_ks2_w2x1x1_bias0_ktail0_gm0_pft_gfx950,0.0058,288.38,2684.36
gfx950,256,128,4608,6144,False,torch.bfloat16,torch.bfloat16,False,False,flydsl,3856,2,22.8662,flydsl_hgemm_abf16_wbf16_bf16_t64x64x64x4_ks2_w2x1x1_bias0_ktail0_gm0_pft_gfx950,0.0058,316.96,2596.65
gfx950,256,144,4608,6144,False,torch.bfloat16,torch.bfloat16,False,False,flydsl,1482,2,25.172,flydsl_hgemm_abf16_wbf16_bf16_t48x96x64x4_ks2_w1x2x1_bias0_ktail0_gm0_pft_gfx950,0.0058,323.92,2372.46
gfx950,256,160,4608,6144,False,torch.bfloat16,torch.bfloat16,False,False,flydsl,4009,2,26.7721,flydsl_hgemm_abf16_wbf16_bf16_t96x64x64x4_ks2_w2x2x1_bias0_ktail0_gm0_pft_gfx950,0.0058,338.4,2243.52
gfx950,256,176,4608,6144,False,torch.bfloat16,torch.bfloat16,False,False,flydsl,3949,2,27.9404,flydsl_hgemm_abf16_wbf16_bf16_t96x64x64x4_ks2_w2x2x1_bias0_ktail0_gm0_pft_gfx950,0.0058,356.68,2162.02
gfx950,256,192,4608,6144,False,torch.bfloat16,torch.bfloat16,False,False,flydsl,3972,3,28.6292,flydsl_hgemm_abf16_wbf16_bf16_t96x64x64x4_ks3_w2x2x1_bias0_ktail0_gm0_pft_gfx950,0.0101,379.74,2122.02
gfx950,256,208,4608,6144,False,torch.bfloat16,torch.bfloat16,False,False,torch,0,0,30.4903,native,0.0,386.27,2003.78
gfx950,256,224,4608,6144,False,torch.bfloat16,torch.bfloat16,False,False,torch,0,0,30.2903,native,0.0,418.73,2028.37
gfx950,256,240,4608,6144,False,torch.bfloat16,torch.bfloat16,False,False,flydsl,2980,2,0.4848,flydsl_hgemm_abf16_wbf16_bf16_t96x64x128x4_ks2_w2x2x1_bias0_ktail0_gm0_pft_gfx950,0.0058,28031.24,127442.38
gfx950,256,256,4608,6144,False,torch.bfloat16,torch.bfloat16,False,False,flydsl,2534,1,33.1305,flydsl_hgemm_abf16_wbf16_bf16_t64x64x64x4_ks1_w2x1x1_bias0_ktail0_gm0_pft_gfx950,0.0,437.53,1875.25
gfx950,256,512,4608,6144,False,torch.bfloat16,torch.bfloat16,False,False,torch,0,0,48.0971,native,0.0,602.76,1406.18
gfx950,256,1024,4608,6144,False,torch.bfloat16,torch.bfloat16,False,False,torch,0,0,74.7313,native,0.0,775.87,1052.35
gfx950,256,2048,4608,6144,False,torch.bfloat16,torch.bfloat16,False,False,torch,0,0,113.5093,native,0.0,1021.63,886.83
gfx950,256,4096,4608,6144,False,torch.bfloat16,torch.bfloat16,False,False,torch,0,0,212.3728,native,0.0,1092.08,681.37
gfx950,256,8192,4608,6144,False,torch.bfloat16,torch.bfloat16,False,False,torch,0,0,370.883,native,0.0,1250.68,627.65
gfx950,256,16384,4608,6144,False,torch.bfloat16,torch.bfloat16,False,False,flydsl,0,1,724.9454,flydsl_hgemm_abf16_wbf16_bf16_t256x256x64x2_ks1_w2x4x1_bias0_ktail0_gm0_pht_gfx950,0.0,1279.7,564.1
gfx950,256,32768,4608,6144,False,torch.bfloat16,torch.bfloat16,False,False,flydsl,0,1,1321.8255,flydsl_hgemm_abf16_wbf16_bf16_t256x256x64x2_ks1_w2x4x1_bias0_ktail0_gm0_pht_gfx950,0.0,1403.68,575.92
gfx950,256,80,4992,6144,False,torch.bfloat16,torch.bfloat16,False,False,flydsl,4678,3,20.2102,flydsl_hgemm_abf16_wbf16_bf16_t96x64x64x4_ks3_w2x2x1_bias0_ktail0_gm0_pft_gfx950,0.0103,242.81,3123.35
gfx950,256,96,4992,6144,False,torch.bfloat16,torch.bfloat16,False,False,flydsl,4815,3,21.8219,flydsl_hgemm_abf16_wbf16_bf16_t96x64x128x3_ks3_w2x2x2_bias0_ktail0_gm0_pft_gfx950,0.0181,269.86,2909.0
gfx950,256,112,4992,6144,False,torch.bfloat16,torch.bfloat16,False,False,flydsl,642,1,0.8588,flydsl_hgemm_abf16_wbf16_bf16_t128x64x64x2_ks1_w2x1x1_bias0_ktail0_gm0_pft_gfx950,0.0,7999.85,74331.81
gfx950,256,128,4992,6144,False,torch.bfloat16,torch.bfloat16,False,False,flydsl,117,2,0.474,flydsl_hgemm_abf16_wbf16_bf16_t128x128x64x3_ks2_w4x4x1_bias0_ktail0_gm0_pft_gfx950,0.0058,16564.85,135427.24
gfx950,256,144,4992,6144,False,torch.bfloat16,torch.bfloat16,False,False,torch,0,0,27.8157,native,0.0,317.56,2320.59
gfx950,256,160,4992,6144,False,torch.bfloat16,torch.bfloat16,False,False,flydsl,3307,3,28.6699,flydsl_hgemm_abf16_wbf16_bf16_t96x64x64x4_ks3_w2x2x1_bias0_ktail0_gm0_pft_gfx950,0.0101,342.33,2263.88
gfx950,256,176,4992,6144,False,torch.bfloat16,torch.bfloat16,False,False,flydsl,3532,3,29.9385,flydsl_hgemm_abf16_wbf16_bf16_t96x64x64x4_ks3_w2x2x1_bias0_ktail0_gm0_pft_gfx950,0.01,360.61,2179.85
gfx950,256,192,4992,6144,False,torch.bfloat16,torch.bfloat16,False,False,flydsl,3621,3,30.8551,flydsl_hgemm_abf16_wbf16_bf16_t96x64x64x4_ks3_w2x2x1_bias0_ktail0_gm0_pft_gfx950,0.01,381.71,2126.65
gfx950,256,208,4992,6144,False,torch.bfloat16,torch.bfloat16,False,False,torch,0,0,31.0878,native,0.0,410.42,2122.19
gfx950,256,224,4992,6144,False,torch.bfloat16,torch.bfloat16,False,False,torch,0,0,31.3884,native,0.0,437.76,2113.22
gfx950,256,240,4992,6144,False,torch.bfloat16,torch.bfloat16,False,False,torch,0,0,33.9781,native,0.0,433.28,1962.65
gfx950,256,256,4992,6144,False,torch.bfloat16,torch.bfloat16,False,False,flydsl,2589,1,36.4707,flydsl_hgemm_abf16_wbf16_bf16_t64x96x128x3_ks1_w2x2x2_bias0_ktail0_gm0_pft_gfx950,0.0057,430.58,1838.28
gfx950,256,512,4992,6144,False,torch.bfloat16,torch.bfloat16,False,False,torch,0,0,50.2407,native,0.0,625.13,1447.93
gfx950,256,1024,4992,6144,False,torch.bfloat16,torch.bfloat16,False,False,torch,0,0,79.0589,native,0.0,794.52,1064.37
gfx950,256,2048,4992,6144,False,torch.bfloat16,torch.bfloat16,False,False,torch,0,0,116.1941,native,0.0,1081.19,920.48
gfx950,256,4096,4992,6144,False,torch.bfloat16,torch.bfloat16,False,False,torch,0,0,220.4968,native,0.0,1139.5,691.93
gfx950,256,8192,4992,6144,False,torch.bfloat16,torch.bfloat16,False,False,torch,0,0,415.6949,native,0.0,1208.85,586.47
gfx950,256,16384,4992,6144,False,torch.bfloat16,torch.bfloat16,False,False,torch,0,0,775.2846,native,0.0,1296.33,549.79
gfx950,256,32768,4992,6144,False,torch.bfloat16,torch.bfloat16,False,False,torch,0,0,1486.1347,native,0.0,1352.53,532.35
gfx950,256,80,6144,4096,False,torch.bfloat16,torch.bfloat16,False,False,flydsl,3507,4,18.0561,flydsl_hgemm_abf16_wbf16_bf16_t96x64x64x4_ks4_w2x2x1_bias0_ktail0_gm0_pft_gfx950,0.0117,223.0,2878.25
gfx950,256,96,6144,4096,False,torch.bfloat16,torch.bfloat16,False,False,flydsl,1459,1,18.1915,flydsl_hgemm_abf16_wbf16_bf16_t32x64x64x6_ks1_w1x2x1_bias0_ktail0_gm0_pft_gfx950,0.0,265.61,2874.84
gfx950,256,112,6144,4096,False,torch.bfloat16,torch.bfloat16,False,False,flydsl,2954,2,19.7286,flydsl_hgemm_abf16_wbf16_bf16_t64x96x64x4_ks2_w2x2x1_bias0_ktail0_gm0_pft_gfx950,0.0048,285.73,2667.47
gfx950,256,144,6144,4096,False,torch.bfloat16,torch.bfloat16,False,False,flydsl,1217,1,22.141,flydsl_hgemm_abf16_wbf16_bf16_t48x64x64x4_ks1_w1x1x2_bias0_ktail0_gm0_pft_gfx950,0.0049,327.35,2406.43
gfx950,256,160,6144,4096,False,torch.bfloat16,torch.bfloat16,False,False,flydsl,2565,1,21.7768,flydsl_hgemm_abf16_wbf16_bf16_t64x64x64x5_ks1_w2x2x1_bias0_ktail0_gm0_pft_gfx950,0.0,369.8,2461.72
gfx950,256,176,6144,4096,False,torch.bfloat16,torch.bfloat16,False,False,flydsl,2100,1,22.6801,flydsl_hgemm_abf16_wbf16_bf16_t64x64x64x4_ks1_w2x1x1_bias0_ktail0_gm0_pft_gfx950,0.0,390.58,2378.13
gfx950,256,192,6144,4096,False,torch.bfloat16,torch.bfloat16,False,False,flydsl,2100,1,23.0484,flydsl_hgemm_abf16_wbf16_bf16_t64x64x64x4_ks1_w2x1x1_bias0_ktail0_gm0_pft_gfx950,0.0,419.28,2354.34
gfx950,256,208,6144,4096,False,torch.bfloat16,torch.bfloat16,False,False,flydsl,2232,1,23.9062,flydsl_hgemm_abf16_wbf16_bf16_t64x96x64x4_ks1_w2x2x1_bias0_ktail0_gm0_pft_gfx950,0.0,437.92,2283.57
gfx950,256,224,6144,4096,False,torch.bfloat16,torch.bfloat16,False,False,flydsl,2232,1,24.5222,flydsl_hgemm_abf16_wbf16_bf16_t64x96x64x4_ks1_w2x2x1_bias0_ktail0_gm0_pft_gfx950,0.0,459.76,2239.57
gfx950,256,240,6144,4096,False,torch.bfloat16,torch.bfloat16,False,False,flydsl,2195,1,24.9929,flydsl_hgemm_abf16_wbf16_bf16_t64x96x128x4_ks1_w2x2x2_bias0_ktail0_gm4_pft_gfx950,0.0049,483.32,2210.5
gfx950,256,512,6144,4096,False,torch.bfloat16,torch.bfloat16,False,False,flydsl,328,1,36.9229,flydsl_hgemm_abf16_wbf16_bf16_t128x96x64x4_ks1_w2x2x1_bias0_ktail0_gm0_pft_gfx950,0.0,697.94,1647.15
gfx950,256,1024,6144,4096,False,torch.bfloat16,torch.bfloat16,False,False,torch,0,0,62.4565,native,0.0,825.21,1141.65
gfx950,256,2048,6144,4096,False,torch.bfloat16,torch.bfloat16,False,False,flydsl,95,1,91.0278,flydsl_hgemm_abf16_wbf16_bf16_t256x256x64x2_ks1_w2x4x1_bias0_ktail0_gm0_pht_gfx950,0.0,1132.39,1013.7
gfx950,256,4096,6144,4096,False,torch.bfloat16,torch.bfloat16,False,False,torch,0,0,173.6775,native,0.0,1187.02,772.8
gfx950,256,8192,6144,4096,False,torch.bfloat16,torch.bfloat16,False,False,torch,0,0,300.3087,native,0.0,1372.98,726.27
gfx950,256,16384,6144,4096,False,torch.bfloat16,torch.bfloat16,False,False,torch,0,0,599.4971,native,0.0,1375.54,643.67
gfx950,256,32768,6144,4096,False,torch.bfloat16,torch.bfloat16,False,False,torch,0,0,1228.3532,native,0.0,1342.67,587.31
gfx950,256,80,12288,6144,False,torch.bfloat16,torch.bfloat16,False,False,flydsl,2841,2,35.9013,flydsl_hgemm_abf16_wbf16_bf16_t96x96x64x4_ks2_w2x2x1_bias0_ktail0_gm0_pft_gfx950,0.0057,336.47,4287.98
gfx950,256,96,12288,6144,False,torch.bfloat16,torch.bfloat16,False,False,flydsl,2702,2,38.0728,flydsl_hgemm_abf16_wbf16_bf16_t96x96x64x5_ks2_w2x2x1_bias0_ktail0_gm0_pft_gfx950,0.0057,380.73,4058.91
gfx950,256,112,12288,6144,False,torch.bfloat16,torch.bfloat16,False,False,flydsl,561,2,40.303,flydsl_hgemm_abf16_wbf16_bf16_t128x96x64x4_ks2_w2x2x1_bias0_ktail0_gm0_pft_gfx950,0.0057,419.61,3848.94
gfx950,256,128,12288,6144,False,torch.bfloat16,torch.bfloat16,False,False,flydsl,561,2,42.9434,flydsl_hgemm_abf16_wbf16_bf16_t128x96x64x4_ks2_w2x2x1_bias0_ktail0_gm0_pft_gfx950,0.0057,450.07,3626.02
gfx950,256,144,12288,6144,False,torch.bfloat16,torch.bfloat16,False,False,torch,0,0,47.0964,native,0.0,461.68,3318.8
gfx950,256,160,12288,6144,False,torch.bfloat16,torch.bfloat16,False,False,torch,0,0,46.7188,native,0.0,517.12,3358.25
gfx950,256,176,12288,6144,False,torch.bfloat16,torch.bfloat16,False,False,flydsl,1641,1,49.7458,flydsl_hgemm_abf16_wbf16_bf16_t96x96x128x3_ks1_w2x2x2_bias0_ktail0_gm0_pft_gfx950,0.0057,534.22,3165.75
gfx950,256,192,12288,6144,False,torch.bfloat16,torch.bfloat16,False,False,flydsl,1642,1,51.3935,flydsl_hgemm_abf16_wbf16_bf16_t96x96x128x3_ks1_w2x2x2_bias0_ktail0_gm4_pft_gfx950,0.0057,564.1,3075.74
gfx950,256,208,12288,6144,False,torch.bfloat16,torch.bfloat16,False,False,flydsl,368,1,56.8651,flydsl_hgemm_abf16_wbf16_bf16_t128x96x64x4_ks1_w2x2x1_bias0_ktail0_gm0_pft_gfx950,0.0,552.31,2790.16
gfx950,256,224,12288,6144,False,torch.bfloat16,torch.bfloat16,False,False,flydsl,369,1,58.9065,flydsl_hgemm_abf16_wbf16_bf16_t128x96x64x4_ks1_w2x2x1_bias0_ktail0_gm4_pft_gfx950,0.0,574.18,2703.48
gfx950,256,240,12288,6144,False,torch.bfloat16,torch.bfloat16,False,False,flydsl,368,1,60.1139,flydsl_hgemm_abf16_wbf16_bf16_t128x96x64x4_ks1_w2x2x1_bias0_ktail0_gm0_pft_gfx950,0.0,602.84,2658.99
gfx950,256,256,12288,6144,False,torch.bfloat16,torch.bfloat16,False,False,torch,0,0,60.8953,native,0.0,634.77,2634.56
gfx950,256,512,12288,6144,False,torch.bfloat16,torch.bfloat16,False,False,torch,0,0,87.0925,native,0.0,887.67,1950.45
gfx950,256,1024,12288,6144,False,torch.bfloat16,torch.bfloat16,False,False,torch,0,0,131.2809,native,0.0,1177.77,1437.71
gfx950,256,2048,12288,6144,False,torch.bfloat16,torch.bfloat16,False,False,torch,0,0,258.7276,native,0.0,1195.22,875.41
gfx950,256,4096,12288,6144,False,torch.bfloat16,torch.bfloat16,False,False,torch,0,0,456.2598,native,0.0,1355.53,661.88
gfx950,256,8192,12288,6144,False,torch.bfloat16,torch.bfloat16,False,False,torch,0,0,915.3821,native,0.0,1351.29,494.86
gfx950,256,16384,12288,6144,False,torch.bfloat16,torch.bfloat16,False,False,torch,0,0,1840.9336,native,0.0,1343.83,410.1
gfx950,256,32768,12288,6144,False,torch.bfloat16,torch.bfloat16,False,False,torch,0,0,3597.7316,native,0.0,1375.26,377.73
gfx950,256,80,6144,6144,False,torch.bfloat16,torch.bfloat16,False,False,flydsl,4546,4,23.0055,flydsl_hgemm_abf16_wbf16_bf16_t96x96x64x4_ks4_w2x2x1_bias0_ktail0_gm0_pft_gfx950,0.0133,262.54,3367.18
gfx950,256,96,6144,6144,False,torch.bfloat16,torch.bfloat16,False,False,flydsl,3809,2,24.3905,flydsl_hgemm_abf16_wbf16_bf16_t64x96x128x3_ks2_w2x2x2_bias0_ktail0_gm0_pft_gfx950,0.0136,297.15,3192.09
gfx950,256,112,6144,6144,False,torch.bfloat16,torch.bfloat16,False,False,flydsl,3578,2,25.8414,flydsl_hgemm_abf16_wbf16_bf16_t64x96x128x3_ks2_w2x2x2_bias0_ktail0_gm0_pft_gfx950,0.0135,327.22,3028.09
gfx950,256,144,6144,6144,False,torch.bfloat16,torch.bfloat16,False,False,flydsl,2761,2,29.0727,flydsl_hgemm_abf16_wbf16_bf16_t96x96x64x5_ks2_w2x2x1_bias0_ktail0_gm0_pft_gfx950,0.0058,373.95,2718.58
gfx950,256,160,6144,6144,False,torch.bfloat16,torch.bfloat16,False,False,flydsl,3467,2,30.5094,flydsl_hgemm_abf16_wbf16_bf16_t96x96x64x5_ks2_w2x2x1_bias0_ktail0_gm0_pft_gfx950,0.0057,395.93,2603.45
gfx950,256,176,6144,6144,False,torch.bfloat16,torch.bfloat16,False,False,flydsl,2979,2,31.9535,flydsl_hgemm_abf16_wbf16_bf16_t96x96x64x5_ks2_w2x2x1_bias0_ktail0_gm0_pft_gfx950,0.0058,415.84,2498.09
gfx950,256,192,6144,6144,False,torch.bfloat16,torch.bfloat16,False,False,flydsl,2979,2,33.1905,flydsl_hgemm_abf16_wbf16_bf16_t96x96x64x5_ks2_w2x2x1_bias0_ktail0_gm0_pft_gfx950,0.0057,436.74,2416.84
gfx950,256,208,6144,6144,False,torch.bfloat16,torch.bfloat16,False,False,flydsl,2498,1,35.1715,flydsl_hgemm_abf16_wbf16_bf16_t64x96x128x4_ks1_w2x2x2_bias0_ktail0_gm0_pft_gfx950,0.0056,446.48,2291.89
gfx950,256,224,6144,6144,False,torch.bfloat16,torch.bfloat16,False,False,flydsl,2499,1,35.5816,flydsl_hgemm_abf16_wbf16_bf16_t64x96x128x4_ks1_w2x2x2_bias0_ktail0_gm4_pft_gfx950,0.0057,475.29,2276.53
gfx950,256,240,6144,6144,False,torch.bfloat16,torch.bfloat16,False,False,flydsl,2480,1,36.5944,flydsl_hgemm_abf16_wbf16_bf16_t64x96x128x3_ks1_w2x2x2_bias0_ktail0_gm0_pft_gfx950,0.0057,495.14,2224.27
gfx950,256,80,100032,6144,False,torch.bfloat16,torch.bfloat16,False,False,opus,5008,0,262.1389,opus_gemm_512x128x256x64_2x4_16x16x32_0x0x0_4g_safe,0.0,375.13,4753.9
gfx950,256,96,100032,6144,False,torch.bfloat16,torch.bfloat16,False,False,torch,0,0,214.8972,native,0.0,549.11,5814.78
gfx950,256,112,100032,6144,False,torch.bfloat16,torch.bfloat16,False,False,torch,0,0,237.8537,native,0.0,578.8,5267.85
gfx950,256,128,100032,6144,False,torch.bfloat16,torch.bfloat16,False,False,torch,0,0,242.1689,native,0.0,649.7,5188.01
gfx950,256,144,100032,6144,False,torch.bfloat16,torch.bfloat16,False,False,torch,0,0,252.6471,native,0.0,700.6,4986.29
gfx950,256,160,100032,6144,False,torch.bfloat16,torch.bfloat16,False,False,torch,0,0,248.4604,native,0.0,791.56,5083.99
gfx950,256,176,100032,6144,False,torch.bfloat16,torch.bfloat16,False,False,torch,0,0,263.1652,native,0.0,822.06,4812.82
gfx950,256,192,100032,6144,False,torch.bfloat16,torch.bfloat16,False,False,torch,0,0,261.3998,native,0.0,902.85,4858.32
gfx950,256,224,100032,6144,False,torch.bfloat16,torch.bfloat16,False,False,torch,0,0,282.2401,native,0.0,975.55,4523.67
gfx950,256,240,100032,6144,False,torch.bfloat16,torch.bfloat16,False,False,flydsl,41,1,318.5323,flydsl_hgemm_abf16_wbf16_bf16_t256x256x64x2_ks1_w2x4x1_bias0_ktail0_gm0_pht_gfx950,0.0,926.14,4018.93
gfx950,256,256,100032,6144,False,torch.bfloat16,torch.bfloat16,False,False,torch,0,0,314.1982,native,0.0,1001.51,4085.18
gfx950,256,512,100032,6144,False,torch.bfloat16,torch.bfloat16,False,False,torch,0,0,564.9375,native,0.0,1114.01,2368.26
gfx950,256,1024,100032,6144,False,torch.bfloat16,torch.bfloat16,False,False,torch,0,0,1006.35,native,0.0,1250.75,1437.51
gfx950,256,2048,100032,6144,False,torch.bfloat16,torch.bfloat16,False,False,torch,0,0,1890.417,native,0.0,1331.66,880.28
gfx950,256,4096,100032,6144,False,torch.bfloat16,torch.bfloat16,False,False,torch,0,0,3659.1821,native,0.0,1375.93,573.62
gfx950,256,8192,100032,6144,False,torch.bfloat16,torch.bfloat16,False,False,torch,0,0,7073.8581,native,0.0,1423.49,419.68
gfx950,256,16384,100032,6144,False,torch.bfloat16,torch.bfloat16,False,False,torch,0,0,14247.6409,native,0.0,1413.5,330.47
gfx950,256,80,128,6144,False,torch.bfloat16,torch.bfloat16,False,False,flydsl,3648,8,5.397,flydsl_hgemm_abf16_wbf16_bf16_t32x32x64x8_ks8_w2x2x1_bias0_ktail0_gm0_pft_gfx950,0.02,23.31,477.37
gfx950,256,96,128,6144,False,torch.bfloat16,torch.bfloat16,False,False,flydsl,3648,8,5.5766,flydsl_hgemm_abf16_wbf16_bf16_t32x32x64x8_ks8_w2x2x1_bias0_ktail0_gm0_pft_gfx950,0.0194,27.08,497.99
gfx950,256,208,100032,6144,False,torch.bfloat16,torch.bfloat16,False,False,torch,0,0,289.2547,native,0.0,883.9,4402.22
gfx950,256,112,128,6144,False,torch.bfloat16,torch.bfloat16,False,False,flydsl,1454,8,5.8136,flydsl_hgemm_abf16_wbf16_bf16_t16x32x128x7_ks8_w1x2x1_bias0_ktail0_gm0_pft_gfx950,0.0212,30.3,512.21
gfx950,256,144,128,6144,False,torch.bfloat16,torch.bfloat16,False,False,flydsl,352,6,6.1223,flydsl_hgemm_abf16_wbf16_bf16_t16x32x128x6_ks6_w1x2x1_bias0_ktail0_gm0_pft_gfx950,0.0174,36.99,551.95
gfx950,256,160,128,6144,False,torch.bfloat16,torch.bfloat16,False,False,flydsl,1396,6,6.3095,flydsl_hgemm_abf16_wbf16_bf16_t16x32x128x5_ks6_w1x2x1_bias0_ktail0_gm0_pft_gfx950,0.0176,39.89,567.38
gfx950,256,176,128,6144,False,torch.bfloat16,torch.bfloat16,False,False,flydsl,3817,8,6.5414,flydsl_hgemm_abf16_wbf16_bf16_t32x32x64x8_ks8_w2x2x1_bias0_ktail0_gm0_pft_gfx950,0.0206,42.32,577.95
gfx950,256,192,128,6144,False,torch.bfloat16,torch.bfloat16,False,False,flydsl,3731,8,6.6468,flydsl_hgemm_abf16_wbf16_bf16_t32x32x64x6_ks8_w2x1x1_bias0_ktail0_gm0_pft_gfx950,0.0212,45.43,598.98
gfx950,256,208,128,6144,False,torch.bfloat16,torch.bfloat16,False,False,flydsl,3837,8,6.6305,flydsl_hgemm_abf16_wbf16_bf16_t32x32x64x9_ks8_w2x1x1_bias0_ktail0_gm0_pft_gfx950,0.0211,49.34,630.72
gfx950,256,224,128,6144,False,torch.bfloat16,torch.bfloat16,False,False,flydsl,3753,8,6.7687,flydsl_hgemm_abf16_wbf16_bf16_t32x32x64x7_ks8_w2x1x1_bias0_ktail0_gm0_pft_gfx950,0.0199,52.05,647.5
gfx950,256,240,128,6144,False,torch.bfloat16,torch.bfloat16,False,False,flydsl,3830,6,6.995,flydsl_hgemm_abf16_wbf16_bf16_t32x32x64x8_ks6_w2x1x1_bias0_ktail0_gm0_pft_gfx950,0.018,53.97,655.24
gfx950,256,324,3840,1280,True,torch.bfloat16,torch.bfloat16,False,False,flydsl,2221,1,11.0075,flydsl_hgemm_abf16_wbf16_bf16_t96x64x64x4_ks1_w2x2x1_bias1_ktail0_gm0_pft_gfx950,0.0,289.35,1194.47
gfx950,256,1296,3840,1280,True,torch.bfloat16,torch.bfloat16,False,False,torch,0,0,22.6702,native,0.0,561.98,1019.02
gfx950,256,4161,3840,1280,True,torch.bfloat16,torch.bfloat16,False,False,torch,0,0,42.5016,native,0.0,962.42,1233.81
gfx950,256,16644,3840,1280,True,torch.bfloat16,torch.bfloat16,False,False,torch,0,0,154.2549,native,0.0,1060.69,1168.62
gfx950,256,2048,3840,1280,True,torch.bfloat16,torch.bfloat16,False,False,flydsl,199,1,28.4623,flydsl_hgemm_abf16_wbf16_bf16_t256x128x64x2_ks1_w2x4x1_bias1_ktail0_gm0_pht_gfx950,0.0,707.34,1082.2
gfx950,256,324,1280,1280,True,torch.bfloat16,torch.bfloat16,False,False,flydsl,1856,1,7.2876,flydsl_hgemm_abf16_wbf16_bf16_t32x64x64x8_ks1_w2x2x1_bias1_ktail0_gm0_pft_gfx950,0.0,145.68,677.27
gfx950,256,1296,1280,1280,True,torch.bfloat16,torch.bfloat16,False,False,flydsl,1633,1,12.8165,flydsl_hgemm_abf16_wbf16_bf16_t96x96x64x4_ks1_w2x2x1_bias1_ktail0_gm0_pft_gfx950,0.0,331.35,773.4
gfx950,256,4161,1280,1280,True,torch.bfloat16,torch.bfloat16,False,False,torch,0,0,22.9705,native,0.0,593.58,1070.12
gfx950,256,16644,1280,1280,True,torch.bfloat16,torch.bfloat16,False,False,torch,0,0,70.0345,native,0.0,778.75,1263.58
gfx950,256,2048,1280,1280,True,torch.bfloat16,torch.bfloat16,False,False,flydsl,347,1,15.8903,flydsl_hgemm_abf16_wbf16_bf16_t128x96x64x3_ks1_w2x2x1_bias1_ktail0_gm0_pft_gfx950,0.0,422.33,866.1
gfx950,256,324,5120,1280,True,torch.bfloat16,torch.bfloat16,False,False,flydsl,386,1,12.0196,flydsl_hgemm_abf16_wbf16_bf16_t128x64x64x4_ks1_w4x2x1_bias1_ktail0_gm0_pft_gfx950,0.0,353.32,1435.52
gfx950,256,1296,5120,1280,True,torch.bfloat16,torch.bfloat16,False,False,flydsl,60,1,26.1528,flydsl_hgemm_abf16_wbf16_bf16_t128x256x64x2_ks1_w2x4x1_bias1_ktail0_gm0_pht_gfx950,0.0,649.53,1135.48
gfx950,256,4161,5120,1280,True,torch.bfloat16,torch.bfloat16,False,False,torch,0,0,72.779,native,0.0,749.38,911.91
gfx950,256,16644,5120,1280,True,torch.bfloat16,torch.bfloat16,False,False,torch,0,0,213.0018,native,0.0,1024.2,1061.73
gfx950,256,2048,5120,1280,True,torch.bfloat16,torch.bfloat16,False,False,torch,0,0,33.3638,native,0.0,804.57,1178.57
gfx950,256,324,1280,5120,True,torch.bfloat16,torch.bfloat16,False,False,asm,8,3,17.1042,_ZN5aiter39bf16gemm_fp32bf16_tn_96x64_splitk_cleanE,0.0095,248.29,1008.78
gfx950,256,1296,1280,5120,True,torch.bfloat16,torch.bfloat16,False,False,flydsl,817,1,35.7721,flydsl_hgemm_abf16_wbf16_bf16_t64x128x128x3_ks1_w2x2x2_bias1_ktail0_gm0_pft_gfx950,0.0053,474.87,830.14
gfx950,256,4161,1280,5120,True,torch.bfloat16,torch.bfloat16,False,False,torch,0,0,74.5737,native,0.0,731.34,889.97
gfx950,256,16644,1280,5120,True,torch.bfloat16,torch.bfloat16,False,False,torch,0,0,206.8179,native,0.0,1054.82,1093.48
gfx950,256,2048,1280,5120,True,torch.bfloat16,torch.bfloat16,False,False,torch,0,0,45.0549,native,0.0,595.8,872.75
gfx950,256,324,6144,1280,True,torch.bfloat16,torch.bfloat16,False,False,flydsl,1604,1,13.3205,flydsl_hgemm_abf16_wbf16_bf16_t96x96x64x5_ks1_w2x2x1_bias1_ktail0_gm0_pft_gfx950,0.0,382.57,1541.94
gfx950,256,1296,6144,1280,True,torch.bfloat16,torch.bfloat16,False,False,torch,0,0,30.4965,native,0.0,668.41,1146.74
gfx950,256,4161,6144,1280,True,torch.bfloat16,torch.bfloat16,False,False,torch,0,0,81.9527,native,0.0,798.59,945.8
gfx950,256,16644,6144,1280,True,torch.bfloat16,torch.bfloat16,False,False,torch,0,0,275.894,native,0.0,948.87,952.75
gfx950,256,2048,6144,1280,True,torch.bfloat16,torch.bfloat16,False,False,torch,0,0,36.7298,native,0.0,877.01,1256.13
gfx950,256,324,6144,24576,True,torch.bfloat16,torch.bfloat16,False,False,flydsl,159,3,140.2313,flydsl_hgemm_abf16_wbf16_bf16_t128x256x64x3_ks3_w2x4x2_bias1_ktail0_gm0_pft_gfx950,0.0234,697.74,2295.47
gfx950,256,1296,6144,24576,True,torch.bfloat16,torch.bfloat16,False,False,torch,0,0,363.1972,native,0.0,1077.59,1050.71
gfx950,256,4161,6144,24576,True,torch.bfloat16,torch.bfloat16,False,False,torch,0,0,1069.4265,native,0.0,1175.0,521.44
gfx950,256,16644,6144,24576,True,torch.bfloat16,torch.bfloat16,False,False,opus,2009,0,4197.8957,opus_gemm_512x256x256x64_2x4_16x16x32_0x0x0_cA1cB17,0.0,1197.34,315.54
gfx950,256,2048,6144,24576,True,torch.bfloat16,torch.bfloat16,False,False,flydsl,95,1,490.1489,flydsl_hgemm_abf16_wbf16_bf16_t256x256x64x2_ks1_w2x4x1_bias1_ktail0_gm0_pht_gfx950,0.0,1261.81,872.83
gfx950,256,324,6144,6144,True,torch.bfloat16,torch.bfloat16,False,False,flydsl,1734,1,42.9796,flydsl_hgemm_abf16_wbf16_bf16_t96x96x64x5_ks1_w2x2x1_bias1_ktail0_gm0_pft_gfx950,0.0,569.13,1941.85
gfx950,256,1296,6144,6144,True,torch.bfloat16,torch.bfloat16,False,False,torch,0,0,102.8417,native,0.0,951.41,1043.82
gfx950,256,4161,6144,6144,True,torch.bfloat16,torch.bfloat16,False,False,torch,0,0,294.3557,native,0.0,1067.23,603.89
gfx950,256,16644,6144,6144,True,torch.bfloat16,torch.bfloat16,False,False,opus,2009,0,1122.9793,opus_gemm_512x256x256x64_2x4_16x16x32_0x0x0_cA1cB17,0.0,1118.97,431.48
gfx950,256,648,3840,1280,True,torch.bfloat16,torch.bfloat16,False,False,flydsl,330,1,15.3333,flydsl_hgemm_abf16_wbf16_bf16_t128x96x64x4_ks1_w2x2x1_bias1_ktail0_gm0_pft_gfx950,0.0,415.44,1073.87
gfx950,256,1998,3840,1280,True,torch.bfloat16,torch.bfloat16,False,False,flydsl,209,1,27.5769,flydsl_hgemm_abf16_wbf16_bf16_t256x128x64x3_ks1_w4x4x1_bias1_ktail0_gm0_pft_gfx950,0.0,712.23,1098.38
gfx950,256,7992,3840,1280,True,torch.bfloat16,torch.bfloat16,False,False,torch,0,0,90.702,native,0.0,866.18,1010.66
gfx950,256,256,3840,1280,True,torch.bfloat16,torch.bfloat16,False,False,flydsl,2848,1,9.3242,flydsl_hgemm_abf16_wbf16_bf16_t64x64x64x5_ks1_w2x4x1_bias1_ktail0_gm0_pft_gfx950,0.0,269.9,1335.43
gfx950,256,4096,3840,1280,True,torch.bfloat16,torch.bfloat16,False,False,flydsl,81,1,40.1857,flydsl_hgemm_abf16_wbf16_bf16_t256x256x64x2_ks1_w2x4x1_bias1_ktail0_gm0_pht_gfx950,0.0,1001.98,1288.35
gfx950,256,648,1280,1280,True,torch.bfloat16,torch.bfloat16,False,False,flydsl,2541,1,9.17,flydsl_hgemm_abf16_wbf16_bf16_t64x64x64x5_ks1_w4x2x1_bias1_ktail0_gm0_pft_gfx950,0.0,231.56,719.15
gfx950,256,1998,1280,1280,True,torch.bfloat16,torch.bfloat16,False,False,torch,0,0,15.5583,native,0.0,420.81,868.13
gfx950,256,7992,1280,1280,True,torch.bfloat16,torch.bfloat16,False,False,torch,0,0,32.0001,native,0.0,818.38,1381.12
gfx950,256,256,1280,1280,True,torch.bfloat16,torch.bfloat16,False,False,flydsl,2264,1,7.0873,flydsl_hgemm_abf16_wbf16_bf16_t48x32x128x4_ks1_w1x2x2_bias1_ktail0_gm0_pft_gfx950,0.0027,118.36,647.29
gfx950,256,4096,1280,1280,True,torch.bfloat16,torch.bfloat16,False,False,torch,0,0,22.1346,native,0.0,606.37,1095.49
gfx950,256,648,5120,1280,True,torch.bfloat16,torch.bfloat16,False,False,flydsl,36,1,16.7051,flydsl_hgemm_abf16_wbf16_bf16_t128x128x64x3_ks1_w4x4x1_bias1_ktail0_gm0_pft_gfx950,0.0,508.44,1281.14
gfx950,256,1998,5120,1280,True,torch.bfloat16,torch.bfloat16,False,False,flydsl,95,1,35.0633,flydsl_hgemm_abf16_wbf16_bf16_t256x256x64x2_ks1_w2x4x1_bias1_ktail0_gm0_pht_gfx950,0.0,746.88,1103.19
gfx950,256,7992,5120,1280,True,torch.bfloat16,torch.bfloat16,False,False,torch,0,0,105.7306,native,0.0,990.75,1091.5
gfx950,256,256,5120,1280,True,torch.bfloat16,torch.bfloat16,False,False,flydsl,2115,1,11.1654,flydsl_hgemm_abf16_wbf16_bf16_t64x64x64x4_ks1_w2x1x1_bias1_ktail0_gm0_pft_gfx950,0.0,300.52,1467.39
gfx950,256,4096,5120,1280,True,torch.bfloat16,torch.bfloat16,False,False,torch,0,0,63.8047,native,0.0,841.43,1027.13
gfx950,256,648,1280,5120,True,torch.bfloat16,torch.bfloat16,False,False,flydsl,2544,1,24.7035,flydsl_hgemm_abf16_wbf16_bf16_t64x64x128x3_ks1_w2x2x2_bias1_ktail0_gm0_pft_gfx950,0.0053,343.82,866.34
gfx950,256,1998,1280,5120,True,torch.bfloat16,torch.bfloat16,False,False,torch,0,0,46.8651,native,0.0,558.8,825.38
gfx950,256,7992,1280,5120,True,torch.bfloat16,torch.bfloat16,False,False,torch,0,0,97.5424,native,0.0,1073.92,1183.12
gfx950,256,256,1280,5120,True,torch.bfloat16,torch.bfloat16,False,False,asm,8,4,15.0871,_ZN5aiter39bf16gemm_fp32bf16_tn_96x64_splitk_cleanE,0.0124,222.4,1085.96
gfx950,256,4096,1280,5120,True,torch.bfloat16,torch.bfloat16,False,False,torch,0,0,65.7289,native,0.0,816.8,997.07
gfx950,256,648,6144,1280,True,torch.bfloat16,torch.bfloat16,False,False,flydsl,780,1,20.7229,flydsl_hgemm_abf16_wbf16_bf16_t96x96x64x3_ks1_w2x2x1_bias1_ktail0_gm0_pft_gfx950,0.0,491.83,1223.29
gfx950,256,1998,6144,1280,True,torch.bfloat16,torch.bfloat16,False,False,flydsl,95,1,35.9697,flydsl_hgemm_abf16_wbf16_bf16_t256x256x64x2_ks1_w2x4x1_bias1_ktail0_gm0_pht_gfx950,0.0,873.67,1262.03
gfx950,256,7992,6144,1280,True,torch.bfloat16,torch.bfloat16,False,False,torch,0,0,117.5318,native,0.0,1069.53,1143.47
gfx950,256,256,6144,1280,True,torch.bfloat16,torch.bfloat16,False,False,flydsl,2088,1,12.2028,flydsl_hgemm_abf16_wbf16_bf16_t64x96x128x3_ks1_w2x2x2_bias1_ktail0_gm0_pft_gfx950,0.0026,329.97,1600.43
gfx950,256,4096,6144,1280,True,torch.bfloat16,torch.bfloat16,False,False,torch,0,0,68.2445,native,0.0,944.02,1121.64
gfx950,256,648,6144,24576,True,torch.bfloat16,torch.bfloat16,False,False,torch,0,0,196.0211,native,0.0,998.31,1743.71
gfx950,256,1998,6144,24576,True,torch.bfloat16,torch.bfloat16,False,False,flydsl,95,1,471.6728,flydsl_hgemm_abf16_wbf16_bf16_t256x256x64x2_ks1_w2x4x1_bias1_ktail0_gm0_pht_gfx950,0.0,1279.23,900.51
gfx950,256,7992,6144,24576,True,torch.bfloat16,torch.bfloat16,False,False,torch,0,0,1743.1299,native,0.0,1384.58,454.94
gfx950,256,256,6144,24576,True,torch.bfloat16,torch.bfloat16,False,False,torch,0,0,107.4891,native,0.0,719.23,2955.82
gfx950,256,4096,6144,24576,True,torch.bfloat16,torch.bfloat16,False,False,torch,0,0,984.8359,native,0.0,1256.0,562.17
gfx950,256,648,6144,6144,True,torch.bfloat16,torch.bfloat16,False,False,flydsl,804,1,76.8329,flydsl_hgemm_abf16_wbf16_bf16_t96x96x64x3_ks1_w2x2x1_bias1_ktail0_gm0_pft_gfx950,0.0,636.74,1189.89
gfx950,256,1998,6144,6144,True,torch.bfloat16,torch.bfloat16,False,False,flydsl,95,1,129.6209,flydsl_hgemm_abf16_wbf16_bf16_t256x256x64x2_ks1_w2x4x1_bias1_ktail0_gm0_pht_gfx950,0.0,1163.73,961.27
gfx950,256,7992,6144,6144,True,torch.bfloat16,torch.bfloat16,False,False,torch,0,0,441.5565,native,0.0,1366.47,615.8
gfx950,256,256,6144,6144,True,torch.bfloat16,torch.bfloat16,False,False,flydsl,2351,1,37.2064,flydsl_hgemm_abf16_wbf16_bf16_t64x96x128x3_ks1_w2x2x2_bias1_ktail0_gm4_pft_gfx950,0.0057,519.46,2198.25
gfx950,256,972,3840,1280,True,torch.bfloat16,torch.bfloat16,False,False,flydsl,36,1,17.3558,flydsl_hgemm_abf16_wbf16_bf16_t128x128x64x3_ks1_w4x4x1_bias1_ktail0_gm0_pft_gfx950,0.0,550.54,1139.89
gfx950,256,2997,3840,1280,True,torch.bfloat16,torch.bfloat16,False,False,torch,0,0,34.9578,native,0.0,842.78,1159.1
gfx950,256,8322,3840,1280,True,torch.bfloat16,torch.bfloat16,False,False,flydsl,41,1,81.6903,flydsl_hgemm_abf16_wbf16_bf16_t256x256x64x2_ks1_w2x4x1_bias1_ktail0_gm0_pht_gfx950,0.0,1001.45,1163.51
gfx950,256,512,3840,1280,True,torch.bfloat16,torch.bfloat16,False,False,flydsl,333,1,12.8256,flydsl_hgemm_abf16_wbf16_bf16_t128x64x128x3_ks1_w4x2x1_bias1_ktail0_gm0_pft_gfx950,0.0,392.43,1175.25
gfx950,256,8192,3840,1280,True,torch.bfloat16,torch.bfloat16,False,False,flydsl,83,1,79.5917,flydsl_hgemm_abf16_wbf16_bf16_t256x256x64x2_ks1_w2x4x1_bias1_ktail0_gm4_pht_gfx950,0.0,1011.8,1177.47
gfx950,256,972,1280,1280,True,torch.bfloat16,torch.bfloat16,False,False,flydsl,1995,1,10.6665,flydsl_hgemm_abf16_wbf16_bf16_t64x96x64x4_ks1_w2x2x1_bias1_ktail0_gm0_pft_gfx950,0.0,298.6,773.77
gfx950,256,2997,1280,1280,True,torch.bfloat16,torch.bfloat16,False,False,flydsl,36,1,17.6154,flydsl_hgemm_abf16_wbf16_bf16_t128x128x64x3_ks1_w4x4x1_bias1_ktail0_gm0_pft_gfx950,0.0,557.5,1057.11
gfx950,256,8322,1280,1280,True,torch.bfloat16,torch.bfloat16,False,False,flydsl,41,1,36.2516,flydsl_hgemm_abf16_wbf16_bf16_t256x256x64x2_ks1_w2x4x1_bias1_ktail0_gm0_pht_gfx950,0.0,752.23,1265.75
gfx950,256,512,1280,1280,True,torch.bfloat16,torch.bfloat16,False,False,flydsl,1947,1,8.5122,flydsl_hgemm_abf16_wbf16_bf16_t48x64x128x3_ks1_w1x4x1_bias1_ktail0_gm0_pft_gfx950,0.0,197.1,692.92
gfx950,256,8192,1280,1280,True,torch.bfloat16,torch.bfloat16,False,False,torch,0,0,35.5353,native,0.0,755.41,1272.53
gfx950,256,972,5120,1280,True,torch.bfloat16,torch.bfloat16,False,False,flydsl,535,1,23.3729,flydsl_hgemm_abf16_wbf16_bf16_t96x128x64x2_ks1_w2x2x1_bias1_ktail0_gm0_pft_gfx950,0.0,545.08,1093.09
gfx950,256,2997,5120,1280,True,torch.bfloat16,torch.bfloat16,False,False,flydsl,81,1,39.8276,flydsl_hgemm_abf16_wbf16_bf16_t256x256x64x2_ks1_w2x4x1_bias1_ktail0_gm0_pht_gfx950,0.0,986.31,1292.29
gfx950,256,8322,5120,1280,True,torch.bfloat16,torch.bfloat16,False,False,torch,0,0,109.1344,native,0.0,999.48,1096.16
gfx950,256,512,5120,1280,True,torch.bfloat16,torch.bfloat16,False,False,flydsl,1371,1,15.3606,flydsl_hgemm_abf16_wbf16_bf16_t96x128x64x4_ks1_w2x2x1_bias1_ktail0_gm0_pft_gfx950,0.0,436.89,1279.95
gfx950,256,8192,5120,1280,True,torch.bfloat16,torch.bfloat16,False,False,torch,0,0,110.4694,native,0.0,971.98,1067.85
gfx950,256,972,1280,5120,True,torch.bfloat16,torch.bfloat16,False,False,flydsl,2062,1,29.5436,flydsl_hgemm_abf16_wbf16_bf16_t64x96x128x3_ks1_w2x2x2_bias1_ktail0_gm0_pft_gfx950,0.0053,431.23,864.78
gfx950,256,2997,1280,5120,True,torch.bfloat16,torch.bfloat16,False,False,flydsl,50,1,53.92,flydsl_hgemm_abf16_wbf16_bf16_t128x128x64x4_ks1_w4x4x1_bias1_ktail0_gm0_pft_gfx950,0.0,728.53,954.54
gfx950,256,8322,1280,5120,True,torch.bfloat16,torch.bfloat16,False,False,torch,0,0,110.6066,native,0.0,986.18,1081.57
gfx950,256,512,1280,5120,True,torch.bfloat16,torch.bfloat16,False,False,flydsl,3932,2,21.4759,flydsl_hgemm_abf16_wbf16_bf16_t96x64x128x3_ks2_w2x2x2_bias1_ktail0_gm0_pft_gfx950,0.0147,312.48,915.48
gfx950,256,8192,1280,5120,True,torch.bfloat16,torch.bfloat16,False,False,torch,0,0,100.741,native,0.0,1065.84,1170.97
gfx950,256,972,6144,1280,True,torch.bfloat16,torch.bfloat16,False,False,torch,0,0,25.0072,native,0.0,611.35,1206.09
gfx950,256,2997,6144,1280,True,torch.bfloat16,torch.bfloat16,False,False,torch,0,0,57.9903,native,0.0,812.87,1038.59
gfx950,256,8322,6144,1280,True,torch.bfloat16,torch.bfloat16,False,False,flydsl,83,1,137.0698,flydsl_hgemm_abf16_wbf16_bf16_t256x256x64x2_ks1_w2x4x1_bias1_ktail0_gm4_pht_gfx950,0.0,954.94,1016.22
gfx950,256,512,6144,1280,True,torch.bfloat16,torch.bfloat16,False,False,flydsl,330,1,16.361,flydsl_hgemm_abf16_wbf16_bf16_t128x96x64x4_ks1_w2x2x1_bias1_ktail0_gm0_pft_gfx950,0.0,492.21,1426.0
gfx950,256,8192,6144,1280,True,torch.bfloat16,torch.bfloat16,False,False,flydsl,82,1,117.4215,flydsl_hgemm_abf16_wbf16_bf16_t256x256x64x2_ks1_w2x4x1_bias1_ktail0_gm0_pht_gfx950,0.0,1097.32,1169.83
gfx950,256,972,6144,24576,True,torch.bfloat16,torch.bfloat16,False,False,torch,0,0,266.6991,native,0.0,1100.62,1356.25
gfx950,256,2997,6144,24576,True,torch.bfloat16,torch.bfloat16,False,False,torch,0,0,751.3458,native,0.0,1204.59,647.01
gfx950,256,8322,6144,24576,True,torch.bfloat16,torch.bfloat16,False,False,torch,0,0,2185.8197,native,0.0,1149.76,372.08
gfx950,256,512,6144,24576,True,torch.bfloat16,torch.bfloat16,False,False,torch,0,0,183.4558,native,0.0,842.81,1817.59
gfx950,256,8192,6144,24576,True,torch.bfloat16,torch.bfloat16,False,False,torch,0,0,1775.5271,native,0.0,1393.33,453.56
gfx950,256,972,6144,6144,True,torch.bfloat16,torch.bfloat16,False,False,torch,0,0,90.8163,native,0.0,808.04,1094.36
gfx950,256,2997,6144,6144,True,torch.bfloat16,torch.bfloat16,False,False,torch,0,0,199.7333,native,0.0,1132.84,746.75
gfx950,256,8322,6144,6144,True,torch.bfloat16,torch.bfloat16,False,False,torch,0,0,564.7676,native,0.0,1112.48,495.81
gfx950,256,512,6144,6144,True,torch.bfloat16,torch.bfloat16,False,False,flydsl,368,1,56.2219,flydsl_hgemm_abf16_wbf16_bf16_t128x96x64x4_ks1_w2x2x1_bias1_ktail0_gm0_pft_gfx950,0.0,687.54,1566.66
gfx950,256,999,3840,1280,True,torch.bfloat16,torch.bfloat16,False,False,torch,0,0,15.6939,native,0.0,625.76,1278.21
gfx950,256,3996,3840,1280,True,torch.bfloat16,torch.bfloat16,False,False,flydsl,81,1,39.3102,flydsl_hgemm_abf16_wbf16_bf16_t256x256x64x2_ks1_w2x4x1_bias1_ktail0_gm0_pht_gfx950,0.0,999.29,1291.0
gfx950,256,11988,3840,1280,True,torch.bfloat16,torch.bfloat16,False,False,flydsl,41,1,116.7564,flydsl_hgemm_abf16_wbf16_bf16_t256x256x64x2_ks1_w2x4x1_bias1_ktail0_gm0_pht_gfx950,0.0,1009.34,1135.59
gfx950,256,1024,3840,1280,True,torch.bfloat16,torch.bfloat16,False,False,flydsl,46,1,15.9696,flydsl_hgemm_abf16_wbf16_bf16_t128x128x64x4_ks1_w4x2x1_bias1_ktail0_gm0_pft_gfx950,0.0,630.34,1272.18
gfx950,256,16384,3840,1280,True,torch.bfloat16,torch.bfloat16,False,False,flydsl,83,1,148.7282,flydsl_hgemm_abf16_wbf16_bf16_t256x256x64x2_ks1_w2x4x1_bias1_ktail0_gm4_pht_gfx950,0.0,1082.92,1194.14
gfx950,256,999,1280,1280,True,torch.bfloat16,torch.bfloat16,False,False,flydsl,2191,1,11.0274,flydsl_hgemm_abf16_wbf16_bf16_t64x96x128x3_ks1_w2x2x2_bias1_ktail0_gm0_pft_gfx950,0.0026,296.85,760.98
gfx950,256,3996,1280,1280,True,torch.bfloat16,torch.bfloat16,False,False,torch,0,0,21.0287,native,0.0,622.68,1128.76
gfx950,256,11988,1280,1280,True,torch.bfloat16,torch.bfloat16,False,False,flydsl,41,1,40.2137,flydsl_hgemm_abf16_wbf16_bf16_t256x256x64x2_ks1_w2x4x1_bias1_ktail0_gm0_pht_gfx950,0.0,976.84,1607.79
gfx950,256,1024,1280,1280,True,torch.bfloat16,torch.bfloat16,False,False,flydsl,2276,1,11.0942,flydsl_hgemm_abf16_wbf16_bf16_t64x96x128x3_ks1_w2x2x2_bias1_ktail0_gm0_pft_gfx950,0.0026,302.45,767.94
gfx950,256,16384,1280,1280,True,torch.bfloat16,torch.bfloat16,False,False,flydsl,83,1,64.2537,flydsl_hgemm_abf16_wbf16_bf16_t256x256x64x2_ks1_w2x4x1_bias1_ktail0_gm4_pht_gfx950,0.0,835.55,1356.54
gfx950,256,999,5120,1280,True,torch.bfloat16,torch.bfloat16,False,False,flydsl,542,1,23.647,flydsl_hgemm_abf16_wbf16_bf16_t96x128x64x2_ks1_w2x2x1_bias1_ktail0_gm4_pft_gfx950,0.0,553.73,1095.04
gfx950,256,3996,5120,1280,True,torch.bfloat16,torch.bfloat16,False,False,torch,0,0,63.4464,native,0.0,825.52,1012.76
gfx950,256,11988,5120,1280,True,torch.bfloat16,torch.bfloat16,False,False,flydsl,81,1,149.9633,flydsl_hgemm_abf16_wbf16_bf16_t256x256x64x2_ks1_w2x4x1_bias1_ktail0_gm0_pht_gfx950,0.0,1047.78,1110.63
gfx950,256,1024,5120,1280,True,torch.bfloat16,torch.bfloat16,False,False,torch,0,0,23.0272,native,0.0,582.87,1138.41
gfx950,256,16384,5120,1280,True,torch.bfloat16,torch.bfloat16,False,False,torch,0,0,189.0308,native,0.0,1136.05,1178.76
gfx950,256,999,1280,5120,True,torch.bfloat16,torch.bfloat16,False,False,flydsl,2295,1,30.0846,flydsl_hgemm_abf16_wbf16_bf16_t64x96x128x3_ks1_w2x2x2_bias1_ktail0_gm0_pft_gfx950,0.0053,435.24,860.72
gfx950,256,3996,1280,5120,True,torch.bfloat16,torch.bfloat16,False,False,torch,0,0,67.5225,native,0.0,775.69,951.62
gfx950,256,11988,1280,5120,True,torch.bfloat16,torch.bfloat16,False,False,flydsl,41,1,128.1719,flydsl_hgemm_abf16_wbf16_bf16_t256x256x64x2_ks1_w2x4x1_bias1_ktail0_gm0_pht_gfx950,0.0,1225.92,1299.45
gfx950,256,1024,1280,5120,True,torch.bfloat16,torch.bfloat16,False,False,flydsl,2380,1,30.3479,flydsl_hgemm_abf16_wbf16_bf16_t64x96x128x3_ks1_w2x2x2_bias1_ktail0_gm0_pft_gfx950,0.0053,442.26,863.8
gfx950,256,16384,1280,5120,True,torch.bfloat16,torch.bfloat16,False,False,torch,0,0,189.1287,native,0.0,1135.46,1178.15
gfx950,256,999,6144,1280,True,torch.bfloat16,torch.bfloat16,False,False,torch,0,0,25.2785,native,0.0,621.59,1209.0
gfx950,256,3996,6144,1280,True,torch.bfloat16,torch.bfloat16,False,False,torch,0,0,71.7798,native,0.0,875.62,1045.72
gfx950,256,11988,6144,1280,True,torch.bfloat16,torch.bfloat16,False,False,flydsl,83,1,176.5639,flydsl_hgemm_abf16_wbf16_bf16_t256x256x64x2_ks1_w2x4x1_bias1_ktail0_gm4_pht_gfx950,0.0,1067.91,1097.2
gfx950,256,1024,6144,1280,True,torch.bfloat16,torch.bfloat16,False,False,torch,0,0,24.8868,native,0.0,647.18,1242.95
gfx950,256,16384,6144,1280,True,torch.bfloat16,torch.bfloat16,False,False,torch,0,0,225.1161,native,0.0,1144.73,1150.51
gfx950,256,999,6144,24576,True,torch.bfloat16,torch.bfloat16,False,False,torch,0,0,266.0696,native,0.0,1133.87,1365.69
gfx950,256,3996,6144,24576,True,torch.bfloat16,torch.bfloat16,False,False,torch,0,0,970.177,native,0.0,1243.85,564.33
gfx950,256,11988,6144,24576,True,torch.bfloat16,torch.bfloat16,False,False,flydsl,1,1,2817.1497,flydsl_hgemm_abf16_wbf16_bf16_t256x256x64x2_ks1_w2x4x1_bias1_ktail0_gm4_pht_gfx950,0.0,1285.08,368.65
gfx950,256,1024,6144,24576,True,torch.bfloat16,torch.bfloat16,False,False,torch,0,0,256.8301,native,0.0,1204.06,1420.8
gfx950,256,16384,6144,24576,True,torch.bfloat16,torch.bfloat16,False,False,torch,0,0,3451.5853,native,0.0,1433.49,379.14
gfx950,256,999,6144,6144,True,torch.bfloat16,torch.bfloat16,False,False,flydsl,218,1,91.0442,flydsl_hgemm_abf16_wbf16_bf16_t256x128x64x3_ks1_w4x2x2_bias1_ktail0_gm0_pft_gfx950,0.0058,828.41,1098.9
gfx950,256,3996,6144,6144,True,torch.bfloat16,torch.bfloat16,False,False,torch,0,0,247.591,native,0.0,1218.49,701.57
gfx950,256,11988,6144,6144,True,torch.bfloat16,torch.bfloat16,False,False,flydsl,0,1,731.5135,flydsl_hgemm_abf16_wbf16_bf16_t256x256x64x2_ks1_w2x4x1_bias1_ktail0_gm0_pht_gfx950,0.0,1237.25,505.96
gfx950,256,1024,6144,6144,True,torch.bfloat16,torch.bfloat16,False,False,torch,0,0,83.314,native,0.0,927.93,1208.24
gfx950,256,16384,6144,6144,True,torch.bfloat16,torch.bfloat16,False,False,torch,0,0,907.8283,native,0.0,1362.54,526.7
gfx950,256,112,2304,6144,False,torch.bfloat16,torch.bfloat16,False,False,flydsl,5993,3,15.6325,flydsl_hgemm_abf16_wbf16_bf16_t64x64x64x8_ks3_w4x2x1_bias0_ktail0_gm0_pft_gfx950,0.0102,202.84,1932.12
gfx950,256,192,2304,6144,False,torch.bfloat16,torch.bfloat16,False,False,flydsl,4885,4,18.8218,flydsl_hgemm_abf16_wbf16_bf16_t64x64x64x5_ks4_w2x2x1_bias0_ktail0_gm0_pft_gfx950,0.013,288.8,1676.54
gfx950,256,112,2560,6144,False,torch.bfloat16,torch.bfloat16,False,False,flydsl,5526,3,15.5982,flydsl_hgemm_abf16_wbf16_bf16_t64x64x64x8_ks3_w4x2x1_bias0_ktail0_gm0_pft_gfx950,0.0102,225.87,2141.72
gfx950,256,192,2560,6144,False,torch.bfloat16,torch.bfloat16,False,False,flydsl,4787,4,19.8765,flydsl_hgemm_abf16_wbf16_bf16_t64x64x64x5_ks4_w4x2x1_bias0_ktail0_gm0_pft_gfx950,0.0131,303.87,1750.79
gfx950,256,112,6144,2048,False,torch.bfloat16,torch.bfloat16,False,False,flydsl,2779,1,12.0993,flydsl_hgemm_abf16_wbf16_bf16_t64x64x64x6_ks1_w4x2x1_bias0_ktail0_gm0_pft_gfx950,0.0,232.95,2231.6
gfx950,256,192,6144,2048,False,torch.bfloat16,torch.bfloat16,False,False,flydsl,2100,1,14.2413,flydsl_hgemm_abf16_wbf16_bf16_t64x64x64x4_ks1_w2x1x1_bias0_ktail0_gm0_pft_gfx950,0.0,339.28,1987.99
gfx950,256,112,6144,3072,False,torch.bfloat16,torch.bfloat16,False,False,flydsl,3398,1,16.8183,flydsl_hgemm_abf16_wbf16_bf16_t64x64x64x6_ks1_w2x2x1_bias0_ktail0_gm0_pft_gfx950,0.0,251.38,2367.25
gfx950,256,192,6144,3072,False,torch.bfloat16,torch.bfloat16,False,False,flydsl,2401,1,19.1832,flydsl_hgemm_abf16_wbf16_bf16_t64x64x64x4_ks1_w2x1x1_bias0_ktail0_gm0_pft_gfx950,0.0,377.82,2152.28
gfx950,256,24,128,6144,False,torch.bfloat16,torch.bfloat16,False,False,torch,0,0,1.0000,native,0.0,850.00,2200.0
gfx950,256,24,128,6144,False,torch.bfloat16,torch.float32,False,False,torch,0,0,1.0000,native,0.0,850.00,2200.0
gfx950,256,48,128,6144,False,torch.bfloat16,torch.float32,False,False,torch,0,0,1.0000,native,0.0,850.00,2200.0
gfx950,256,80,128,6144,False,torch.bfloat16,torch.float32,False,False,torch,0,0,1.0000,native,0.0,850.00,2200.0
gfx950,256,96,128,6144,False,torch.bfloat16,torch.float32,False,False,torch,0,0,1.0000,native,0.0,850.00,2200.0
gfx950,256,112,128,6144,False,torch.bfloat16,torch.float32,False,False,torch,0,0,1.0000,native,0.0,850.00,2200.0
gfx950,256,144,128,6144,False,torch.bfloat16,torch.float32,False,False,torch,0,0,1.0000,native,0.0,850.00,2200.0
gfx950,256,160,128,6144,False,torch.bfloat16,torch.float32,False,False,torch,0,0,1.0000,native,0.0,850.00,2200.0
gfx950,256,176,128,6144,False,torch.bfloat16,torch.float32,False,False,torch,0,0,1.0000,native,0.0,850.00,2200.0
gfx950,256,208,128,6144,False,torch.bfloat16,torch.float32,False,False,torch,0,0,1.0000,native,0.0,850.00,2200.0
gfx950,256,224,128,6144,False,torch.bfloat16,torch.float32,False,False,torch,0,0,1.0000,native,0.0,850.00,2200.0
gfx950,256,240,128,6144,False,torch.bfloat16,torch.float32,False,False,torch,0,0,1.0000,native,0.0,850.00,2200.0
gfx950,256,272,128,6144,False,torch.bfloat16,torch.bfloat16,False,False,torch,0,0,1.0000,native,0.0,850.00,2200.0
gfx950,256,272,128,6144,False,torch.bfloat16,torch.float32,False,False,torch,0,0,1.0000,native,0.0,850.00,2200.0
gfx950,256,288,128,6144,False,torch.bfloat16,torch.bfloat16,False,False,torch,0,0,1.0000,native,0.0,850.00,2200.0
gfx950,256,288,128,6144,False,torch.bfloat16,torch.float32,False,False,torch,0,0,1.0000,native,0.0,850.00,2200.0
gfx950,256,304,128,6144,False,torch.bfloat16,torch.bfloat16,False,False,torch,0,0,1.0000,native,0.0,850.00,2200.0
gfx950,256,304,128,6144,False,torch.bfloat16,torch.float32,False,False,torch,0,0,1.0000,native,0.0,850.00,2200.0
gfx950,256,336,128,6144,False,torch.bfloat16,torch.bfloat16,False,False,torch,0,0,1.0000,native,0.0,850.00,2200.0
gfx950,256,336,128,6144,False,torch.bfloat16,torch.float32,False,False,torch,0,0,1.0000,native,0.0,850.00,2200.0
gfx950,256,352,128,6144,False,torch.bfloat16,torch.bfloat16,False,False,torch,0,0,1.0000,native,0.0,850.00,2200.0
gfx950,256,352,128,6144,False,torch.bfloat16,torch.float32,False,False,torch,0,0,1.0000,native,0.0,850.00,2200.0
gfx950,256,368,128,6144,False,torch.bfloat16,torch.bfloat16,False,False,torch,0,0,1.0000,native,0.0,850.00,2200.0
gfx950,256,368,128,6144,False,torch.bfloat16,torch.float32,False,False,torch,0,0,1.0000,native,0.0,850.00,2200.0
gfx950,256,384,128,6144,False,torch.bfloat16,torch.bfloat16,False,False,torch,0,0,1.0000,native,0.0,850.00,2200.0
gfx950,256,384,128,6144,False,torch.bfloat16,torch.float32,False,False,torch,0,0,1.0000,native,0.0,850.00,2200.0
gfx950,256,400,128,6144,False,torch.bfloat16,torch.bfloat16,False,False,torch,0,0,1.0000,native,0.0,850.00,2200.0
gfx950,256,400,128,6144,False,torch.bfloat16,torch.float32,False,False,torch,0,0,1.0000,native,0.0,850.00,2200.0
gfx950,256,416,128,6144,False,torch.bfloat16,torch.bfloat16,False,False,torch,0,0,1.0000,native,0.0,850.00,2200.0
gfx950,256,416,128,6144,False,torch.bfloat16,torch.float32,False,False,torch,0,0,1.0000,native,0.0,850.00,2200.0
gfx950,256,432,128,6144,False,torch.bfloat16,torch.bfloat16,False,False,torch,0,0,1.0000,native,0.0,850.00,2200.0
gfx950,256,432,128,6144,False,torch.bfloat16,torch.float32,False,False,torch,0,0,1.0000,native,0.0,850.00,2200.0
gfx950,256,448,128,6144,False,torch.bfloat16,torch.bfloat16,False,False,torch,0,0,1.0000,native,0.0,850.00,2200.0
gfx950,256,448,128,6144,False,torch.bfloat16,torch.float32,False,False,torch,0,0,1.0000,native,0.0,850.00,2200.0
gfx950,256,464,128,6144,False,torch.bfloat16,torch.bfloat16,False,False,torch,0,0,1.0000,native,0.0,850.00,2200.0
gfx950,256,464,128,6144,False,torch.bfloat16,torch.float32,False,False,torch,0,0,1.0000,native,0.0,850.00,2200.0
gfx950,256,480,128,6144,False,torch.bfloat16,torch.bfloat16,False,False,torch,0,0,1.0000,native,0.0,850.00,2200.0
gfx950,256,480,128,6144,False,torch.bfloat16,torch.float32,False,False,torch,0,0,1.0000,native,0.0,850.00,2200.0
gfx950,256,496,128,6144,False,torch.bfloat16,torch.bfloat16,False,False,torch,0,0,1.0000,native,0.0,850.00,2200.0
gfx950,256,496,128,6144,False,torch.bfloat16,torch.float32,False,False,torch,0,0,1.0000,native,0.0,850.00,2200.0
gfx950,256,544,128,6144,False,torch.bfloat16,torch.bfloat16,False,False,torch,0,0,1.0066,native,0.0,850.00,2200.0
gfx950,256,544,128,6144,False,torch.bfloat16,torch.float32,False,False,torch,0,0,1.0066,native,0.0,850.00,2200.0
gfx950,256,576,128,6144,False,torch.bfloat16,torch.bfloat16,False,False,torch,0,0,1.0658,native,0.0,850.00,2200.0
gfx950,256,576,128,6144,False,torch.bfloat16,torch.float32,False,False,torch,0,0,1.0658,native,0.0,850.00,2200.0
gfx950,256,608,128,6144,False,torch.bfloat16,torch.bfloat16,False,False,torch,0,0,1.1251,native,0.0,850.00,2200.0
gfx950,256,608,128,6144,False,torch.bfloat16,torch.float32,False,False,torch,0,0,1.1251,native,0.0,850.00,2200.0
gfx950,256,640,128,6144,False,torch.bfloat16,torch.bfloat16,False,False,torch,0,0,1.1843,native,0.0,850.00,2200.0
gfx950,256,640,128,6144,False,torch.bfloat16,torch.float32,False,False,torch,0,0,1.1843,native,0.0,850.00,2200.0
gfx950,256,672,128,6144,False,torch.bfloat16,torch.bfloat16,False,False,torch,0,0,1.2435,native,0.0,850.00,2200.0
gfx950,256,672,128,6144,False,torch.bfloat16,torch.float32,False,False,torch,0,0,1.2435,native,0.0,850.00,2200.0
gfx950,256,704,128,6144,False,torch.bfloat16,torch.bfloat16,False,False,torch,0,0,1.3027,native,0.0,850.00,2200.0
gfx950,256,704,128,6144,False,torch.bfloat16,torch.float32,False,False,torch,0,0,1.3027,native,0.0,850.00,2200.0
gfx950,256,736,128,6144,False,torch.bfloat16,torch.bfloat16,False,False,torch,0,0,1.3619,native,0.0,850.00,2200.0
gfx950,256,736,128,6144,False,torch.bfloat16,torch.float32,False,False,torch,0,0,1.3619,native,0.0,850.00,2200.0
gfx950,256,768,128,6144,False,torch.bfloat16,torch.bfloat16,False,False,torch,0,0,1.4211,native,0.0,850.00,2200.0
gfx950,256,768,128,6144,False,torch.bfloat16,torch.float32,False,False,torch,0,0,1.4211,native,0.0,850.00,2200.0
gfx950,256,800,128,6144,False,torch.bfloat16,torch.bfloat16,False,False,torch,0,0,1.4803,native,0.0,850.00,2200.0
gfx950,256,800,128,6144,False,torch.bfloat16,torch.float32,False,False,torch,0,0,1.4803,native,0.0,850.00,2200.0
gfx950,256,832,128,6144,False,torch.bfloat16,torch.bfloat16,False,False,torch,0,0,1.5396,native,0.0,850.00,2200.0
gfx950,256,832,128,6144,False,torch.bfloat16,torch.float32,False,False,torch,0,0,1.5396,native,0.0,850.00,2200.0
gfx950,256,864,128,6144,False,torch.bfloat16,torch.bfloat16,False,False,torch,0,0,1.5988,native,0.0,850.00,2200.0
gfx950,256,864,128,6144,False,torch.bfloat16,torch.float32,False,False,torch,0,0,1.5988,native,0.0,850.00,2200.0
gfx950,256,896,128,6144,False,torch.bfloat16,torch.bfloat16,False,False,torch,0,0,1.6580,native,0.0,850.00,2200.0
gfx950,256,896,128,6144,False,torch.bfloat16,torch.float32,False,False,torch,0,0,1.6580,native,0.0,850.00,2200.0
gfx950,256,928,128,6144,False,torch.bfloat16,torch.bfloat16,False,False,torch,0,0,1.7172,native,0.0,850.00,2200.0
gfx950,256,928,128,6144,False,torch.bfloat16,torch.float32,False,False,torch,0,0,1.7172,native,0.0,850.00,2200.0
gfx950,256,960,128,6144,False,torch.bfloat16,torch.bfloat16,False,False,torch,0,0,1.7764,native,0.0,850.00,2200.0
gfx950,256,960,128,6144,False,torch.bfloat16,torch.float32,False,False,torch,0,0,1.7764,native,0.0,850.00,2200.0
gfx950,256,992,128,6144,False,torch.bfloat16,torch.bfloat16,False,False,torch,0,0,1.8356,native,0.0,850.00,2200.0
gfx950,256,992,128,6144,False,torch.bfloat16,torch.float32,False,False,torch,0,0,1.8356,native,0.0,850.00,2200.0
gfx950,256,1152,128,6144,False,torch.bfloat16,torch.bfloat16,False,False,torch,0,0,2.1317,native,0.0,850.00,2200.0
gfx950,256,1152,128,6144,False,torch.bfloat16,torch.float32,False,False,torch,0,0,2.1317,native,0.0,850.00,2200.0
gfx950,256,1280,128,6144,False,torch.bfloat16,torch.bfloat16,False,False,torch,0,0,2.3685,native,0.0,850.00,2200.0
gfx950,256,1280,128,6144,False,torch.bfloat16,torch.float32,False,False,torch,0,0,2.3685,native,0.0,850.00,2200.0
gfx950,256,1408,128,6144,False,torch.bfloat16,torch.bfloat16,False,False,torch,0,0,2.6054,native,0.0,850.00,2200.0
gfx950,256,1408,128,6144,False,torch.bfloat16,torch.float32,False,False,torch,0,0,2.6054,native,0.0,850.00,2200.0
gfx950,256,1536,128,6144,False,torch.bfloat16,torch.bfloat16,False,False,torch,0,0,2.8423,native,0.0,850.00,2200.0
gfx950,256,1536,128,6144,False,torch.bfloat16,torch.float32,False,False,torch,0,0,2.8423,native,0.0,850.00,2200.0
gfx950,256,1664,128,6144,False,torch.bfloat16,torch.bfloat16,False,False,torch,0,0,3.0791,native,0.0,850.00,2200.0
gfx950,256,1664,128,6144,False,torch.bfloat16,torch.float32,False,False,torch,0,0,3.0791,native,0.0,850.00,2200.0
gfx950,256,1792,128,6144,False,torch.bfloat16,torch.bfloat16,False,False,torch,0,0,3.3160,native,0.0,850.00,2200.0
gfx950,256,1792,128,6144,False,torch.bfloat16,torch.float32,False,False,torch,0,0,3.3160,native,0.0,850.00,2200.0
gfx950,256,1920,128,6144,False,torch.bfloat16,torch.bfloat16,False,False,torch,0,0,3.5528,native,0.0,850.00,2200.0
gfx950,256,1920,128,6144,False,torch.bfloat16,torch.float32,False,False,torch,0,0,3.5528,native,0.0,850.00,2200.0
gfx950,256,2304,128,6144,False,torch.bfloat16,torch.bfloat16,False,False,torch,0,0,4.2634,native,0.0,850.00,2200.0
gfx950,256,2304,128,6144,False,torch.bfloat16,torch.float32,False,False,torch,0,0,4.2634,native,0.0,850.00,2200.0
gfx950,256,2560,128,6144,False,torch.bfloat16,torch.bfloat16,False,False,torch,0,0,4.7371,native,0.0,850.00,2200.0
gfx950,256,2560,128,6144,False,torch.bfloat16,torch.float32,False,False,torch,0,0,4.7371,native,0.0,850.00,2200.0
gfx950,256,2816,128,6144,False,torch.bfloat16,torch.bfloat16,False,False,torch,0,0,5.2108,native,0.0,850.00,2200.0
gfx950,256,2816,128,6144,False,torch.bfloat16,torch.float32,False,False,torch,0,0,5.2108,native,0.0,850.00,2200.0
gfx950,256,3072,128,6144,False,torch.bfloat16,torch.bfloat16,False,False,torch,0,0,5.6845,native,0.0,850.00,2200.0
gfx950,256,3072,128,6144,False,torch.bfloat16,torch.float32,False,False,torch,0,0,5.6845,native,0.0,850.00,2200.0
gfx950,256,3328,128,6144,False,torch.bfloat16,torch.bfloat16,False,False,torch,0,0,6.1582,native,0.0,850.00,2200.0
gfx950,256,3328,128,6144,False,torch.bfloat16,torch.float32,False,False,torch,0,0,6.1582,native,0.0,850.00,2200.0
gfx950,256,3584,128,6144,False,torch.bfloat16,torch.bfloat16,False,False,torch,0,0,6.6319,native,0.0,850.00,2200.0
gfx950,256,3584,128,6144,False,torch.bfloat16,torch.float32,False,False,torch,0,0,6.6319,native,0.0,850.00,2200.0
gfx950,256,3840,128,6144,False,torch.bfloat16,torch.bfloat16,False,False,torch,0,0,7.1056,native,0.0,850.00,2200.0
gfx950,256,3840,128,6144,False,torch.bfloat16,torch.float32,False,False,torch,0,0,7.1056,native,0.0,850.00,2200.0
gfx950,256,32768,128,6144,False,torch.bfloat16,torch.float32,False,False,torch,0,0,60.6348,native,0.0,850.00,2200.0
gfx950,256,1,4608,6144,False,torch.bfloat16,torch.bfloat16,False,False,torch,0,0,1.0000,native,0.0,850.00,2200.0
gfx950,256,1,4608,6144,False,torch.bfloat16,torch.float32,False,False,torch,0,0,1.0000,native,0.0,850.00,2200.0
gfx950,256,2,4608,6144,False,torch.bfloat16,torch.bfloat16,False,False,torch,0,0,1.0000,native,0.0,850.00,2200.0
gfx950,256,2,4608,6144,False,torch.bfloat16,torch.float32,False,False,torch,0,0,1.0000,native,0.0,850.00,2200.0
gfx950,256,4,4608,6144,False,torch.bfloat16,torch.bfloat16,False,False,torch,0,0,1.0000,native,0.0,850.00,2200.0
gfx950,256,4,4608,6144,False,torch.bfloat16,torch.float32,False,False,torch,0,0,1.0000,native,0.0,850.00,2200.0
gfx950,256,8,4608,6144,False,torch.bfloat16,torch.bfloat16,False,False,torch,0,0,1.0000,native,0.0,850.00,2200.0
gfx950,256,8,4608,6144,False,torch.bfloat16,torch.float32,False,False,torch,0,0,1.0000,native,0.0,850.00,2200.0
gfx950,256,16,4608,6144,False,torch.bfloat16,torch.bfloat16,False,False,torch,0,0,1.0658,native,0.0,850.00,2200.0
gfx950,256,16,4608,6144,False,torch.bfloat16,torch.float32,False,False,torch,0,0,1.0658,native,0.0,850.00,2200.0
gfx950,256,24,4608,6144,False,torch.bfloat16,torch.bfloat16,False,False,torch,0,0,1.5988,native,0.0,850.00,2200.0
gfx950,256,24,4608,6144,False,torch.bfloat16,torch.float32,False,False,torch,0,0,1.5988,native,0.0,850.00,2200.0
gfx950,256,32,4608,6144,False,torch.bfloat16,torch.bfloat16,False,False,torch,0,0,2.1317,native,0.0,850.00,2200.0
gfx950,256,32,4608,6144,False,torch.bfloat16,torch.float32,False,False,torch,0,0,2.1317,native,0.0,850.00,2200.0
gfx950,256,48,4608,6144,False,torch.bfloat16,torch.bfloat16,False,False,torch,0,0,3.1975,native,0.0,850.00,2200.0
gfx950,256,48,4608,6144,False,torch.bfloat16,torch.float32,False,False,torch,0,0,3.1975,native,0.0,850.00,2200.0
gfx950,256,64,4608,6144,False,torch.bfloat16,torch.bfloat16,False,False,torch,0,0,4.2634,native,0.0,850.00,2200.0
gfx950,256,64,4608,6144,False,torch.bfloat16,torch.float32,False,False,torch,0,0,4.2634,native,0.0,850.00,2200.0
gfx950,256,80,4608,6144,False,torch.bfloat16,torch.float32,False,False,torch,0,0,5.3292,native,0.0,850.00,2200.0
gfx950,256,96,4608,6144,False,torch.bfloat16,torch.float32,False,False,torch,0,0,6.3951,native,0.0,850.00,2200.0
gfx950,256,112,4608,6144,False,torch.bfloat16,torch.float32,False,False,torch,0,0,7.4609,native,0.0,850.00,2200.0
gfx950,256,128,4608,6144,False,torch.bfloat16,torch.float32,False,False,torch,0,0,8.5268,native,0.0,850.00,2200.0
gfx950,256,144,4608,6144,False,torch.bfloat16,torch.float32,False,False,torch,0,0,9.5926,native,0.0,850.00,2200.0
gfx950,256,160,4608,6144,False,torch.bfloat16,torch.float32,False,False,torch,0,0,10.6585,native,0.0,850.00,2200.0
gfx950,256,176,4608,6144,False,torch.bfloat16,torch.float32,False,False,torch,0,0,11.7243,native,0.0,850.00,2200.0
gfx950,256,192,4608,6144,False,torch.bfloat16,torch.float32,False,False,torch,0,0,12.7902,native,0.0,850.00,2200.0
gfx950,256,208,4608,6144,False,torch.bfloat16,torch.float32,False,False,torch,0,0,13.8560,native,0.0,850.00,2200.0
gfx950,256,224,4608,6144,False,torch.bfloat16,torch.float32,False,False,torch,0,0,14.9219,native,0.0,850.00,2200.0
gfx950,256,240,4608,6144,False,torch.bfloat16,torch.float32,False,False,torch,0,0,15.9877,native,0.0,850.00,2200.0
gfx950,256,256,4608,6144,False,torch.bfloat16,torch.float32,False,False,torch,0,0,17.0535,native,0.0,850.00,2200.0
gfx950,256,272,4608,6144,False,torch.bfloat16,torch.bfloat16,False,False,torch,0,0,18.1194,native,0.0,850.00,2200.0
gfx950,256,272,4608,6144,False,torch.bfloat16,torch.float32,False,False,torch,0,0,18.1194,native,0.0,850.00,2200.0
gfx950,256,288,4608,6144,False,torch.bfloat16,torch.bfloat16,False,False,torch,0,0,19.1852,native,0.0,850.00,2200.0
gfx950,256,288,4608,6144,False,torch.bfloat16,torch.float32,False,False,torch,0,0,19.1852,native,0.0,850.00,2200.0
gfx950,256,304,4608,6144,False,torch.bfloat16,torch.bfloat16,False,False,torch,0,0,20.2511,native,0.0,850.00,2200.0
gfx950,256,304,4608,6144,False,torch.bfloat16,torch.float32,False,False,torch,0,0,20.2511,native,0.0,850.00,2200.0
gfx950,256,320,4608,6144,False,torch.bfloat16,torch.bfloat16,False,False,torch,0,0,21.3169,native,0.0,850.00,2200.0
gfx950,256,320,4608,6144,False,torch.bfloat16,torch.float32,False,False,torch,0,0,21.3169,native,0.0,850.00,2200.0
gfx950,256,336,4608,6144,False,torch.bfloat16,torch.bfloat16,False,False,torch,0,0,22.3828,native,0.0,850.00,2200.0
gfx950,256,336,4608,6144,False,torch.bfloat16,torch.float32,False,False,torch,0,0,22.3828,native,0.0,850.00,2200.0
gfx950,256,352,4608,6144,False,torch.bfloat16,torch.bfloat16,False,False,torch,0,0,23.4486,native,0.0,850.00,2200.0
gfx950,256,352,4608,6144,False,torch.bfloat16,torch.float32,False,False,torch,0,0,23.4486,native,0.0,850.00,2200.0
gfx950,256,368,4608,6144,False,torch.bfloat16,torch.bfloat16,False,False,torch,0,0,24.5145,native,0.0,850.00,2200.0
gfx950,256,368,4608,6144,False,torch.bfloat16,torch.float32,False,False,torch,0,0,24.5145,native,0.0,850.00,2200.0
gfx950,256,384,4608,6144,False,torch.bfloat16,torch.bfloat16,False,False,torch,0,0,25.5803,native,0.0,850.00,2200.0
gfx950,256,384,4608,6144,False,torch.bfloat16,torch.float32,False,False,torch,0,0,25.5803,native,0.0,850.00,2200.0
gfx950,256,400,4608,6144,False,torch.bfloat16,torch.bfloat16,False,False,torch,0,0,26.6462,native,0.0,850.00,2200.0
gfx950,256,400,4608,6144,False,torch.bfloat16,torch.float32,False,False,torch,0,0,26.6462,native,0.0,850.00,2200.0
gfx950,256,416,4608,6144,False,torch.bfloat16,torch.bfloat16,False,False,torch,0,0,27.7120,native,0.0,850.00,2200.0
gfx950,256,416,4608,6144,False,torch.bfloat16,torch.float32,False,False,torch,0,0,27.7120,native,0.0,850.00,2200.0
gfx950,256,432,4608,6144,False,torch.bfloat16,torch.bfloat16,False,False,torch,0,0,28.7779,native,0.0,850.00,2200.0
gfx950,256,432,4608,6144,False,torch.bfloat16,torch.float32,False,False,torch,0,0,28.7779,native,0.0,850.00,2200.0
gfx950,256,448,4608,6144,False,torch.bfloat16,torch.bfloat16,False,False,torch,0,0,29.8437,native,0.0,850.00,2200.0
gfx950,256,448,4608,6144,False,torch.bfloat16,torch.float32,False,False,torch,0,0,29.8437,native,0.0,850.00,2200.0
gfx950,256,464,4608,6144,False,torch.bfloat16,torch.bfloat16,False,False,torch,0,0,30.9096,native,0.0,850.00,2200.0
gfx950,256,464,4608,6144,False,torch.bfloat16,torch.float32,False,False,torch,0,0,30.9096,native,0.0,850.00,2200.0
gfx950,256,480,4608,6144,False,torch.bfloat16,torch.bfloat16,False,False,torch,0,0,31.9754,native,0.0,850.00,2200.0
gfx950,256,480,4608,6144,False,torch.bfloat16,torch.float32,False,False,torch,0,0,31.9754,native,0.0,850.00,2200.0
gfx950,256,496,4608,6144,False,torch.bfloat16,torch.bfloat16,False,False,torch,0,0,33.0412,native,0.0,850.00,2200.0
gfx950,256,496,4608,6144,False,torch.bfloat16,torch.float32,False,False,torch,0,0,33.0412,native,0.0,850.00,2200.0
gfx950,256,512,4608,6144,False,torch.bfloat16,torch.float32,False,False,torch,0,0,34.1071,native,0.0,850.00,2200.0
gfx950,256,544,4608,6144,False,torch.bfloat16,torch.bfloat16,False,False,torch,0,0,36.2388,native,0.0,850.00,2200.0
gfx950,256,544,4608,6144,False,torch.bfloat16,torch.float32,False,False,torch,0,0,36.2388,native,0.0,850.00,2200.0
gfx950,256,576,4608,6144,False,torch.bfloat16,torch.bfloat16,False,False,torch,0,0,38.3705,native,0.0,850.00,2200.0
gfx950,256,576,4608,6144,False,torch.bfloat16,torch.float32,False,False,torch,0,0,38.3705,native,0.0,850.00,2200.0
gfx950,256,608,4608,6144,False,torch.bfloat16,torch.bfloat16,False,False,torch,0,0,40.5022,native,0.0,850.00,2200.0
gfx950,256,608,4608,6144,False,torch.bfloat16,torch.float32,False,False,torch,0,0,40.5022,native,0.0,850.00,2200.0
gfx950,256,640,4608,6144,False,torch.bfloat16,torch.bfloat16,False,False,torch,0,0,42.6339,native,0.0,850.00,2200.0
gfx950,256,640,4608,6144,False,torch.bfloat16,torch.float32,False,False,torch,0,0,42.6339,native,0.0,850.00,2200.0
gfx950,256,672,4608,6144,False,torch.bfloat16,torch.bfloat16,False,False,torch,0,0,44.7656,native,0.0,850.00,2200.0
gfx950,256,672,4608,6144,False,torch.bfloat16,torch.float32,False,False,torch,0,0,44.7656,native,0.0,850.00,2200.0
gfx950,256,704,4608,6144,False,torch.bfloat16,torch.bfloat16,False,False,torch,0,0,46.8973,native,0.0,850.00,2200.0
gfx950,256,704,4608,6144,False,torch.bfloat16,torch.float32,False,False,torch,0,0,46.8973,native,0.0,850.00,2200.0
gfx950,256,736,4608,6144,False,torch.bfloat16,torch.bfloat16,False,False,torch,0,0,49.0289,native,0.0,850.00,2200.0
gfx950,256,736,4608,6144,False,torch.bfloat16,torch.float32,False,False,torch,0,0,49.0289,native,0.0,850.00,2200.0
gfx950,256,768,4608,6144,False,torch.bfloat16,torch.bfloat16,False,False,torch,0,0,51.1606,native,0.0,850.00,2200.0
gfx950,256,768,4608,6144,False,torch.bfloat16,torch.float32,False,False,torch,0,0,51.1606,native,0.0,850.00,2200.0
gfx950,256,800,4608,6144,False,torch.bfloat16,torch.bfloat16,False,False,torch,0,0,53.2923,native,0.0,850.00,2200.0
gfx950,256,800,4608,6144,False,torch.bfloat16,torch.float32,False,False,torch,0,0,53.2923,native,0.0,850.00,2200.0
gfx950,256,832,4608,6144,False,torch.bfloat16,torch.bfloat16,False,False,torch,0,0,55.4240,native,0.0,850.00,2200.0
gfx950,256,832,4608,6144,False,torch.bfloat16,torch.float32,False,False,torch,0,0,55.4240,native,0.0,850.00,2200.0
gfx950,256,864,4608,6144,False,torch.bfloat16,torch.bfloat16,False,False,torch,0,0,57.5557,native,0.0,850.00,2200.0
gfx950,256,864,4608,6144,False,torch.bfloat16,torch.float32,False,False,torch,0,0,57.5557,native,0.0,850.00,2200.0
gfx950,256,896,4608,6144,False,torch.bfloat16,torch.bfloat16,False,False,torch,0,0,59.6874,native,0.0,850.00,2200.0
gfx950,256,896,4608,6144,False,torch.bfloat16,torch.float32,False,False,torch,0,0,59.6874,native,0.0,850.00,2200.0
gfx950,256,928,4608,6144,False,torch.bfloat16,torch.bfloat16,False,False,torch,0,0,61.8191,native,0.0,850.00,2200.0
gfx950,256,928,4608,6144,False,torch.bfloat16,torch.float32,False,False,torch,0,0,61.8191,native,0.0,850.00,2200.0
gfx950,256,960,4608,6144,False,torch.bfloat16,torch.bfloat16,False,False,torch,0,0,63.9508,native,0.0,850.00,2200.0
gfx950,256,960,4608,6144,False,torch.bfloat16,torch.float32,False,False,torch,0,0,63.9508,native,0.0,850.00,2200.0
gfx950,256,992,4608,6144,False,torch.bfloat16,torch.bfloat16,False,False,torch,0,0,66.0825,native,0.0,850.00,2200.0
gfx950,256,992,4608,6144,False,torch.bfloat16,torch.float32,False,False,torch,0,0,66.0825,native,0.0,850.00,2200.0
gfx950,256,1024,4608,6144,False,torch.bfloat16,torch.float32,False,False,torch,0,0,68.2142,native,0.0,850.00,2200.0
gfx950,256,1152,4608,6144,False,torch.bfloat16,torch.bfloat16,False,False,torch,0,0,76.7410,native,0.0,850.00,2200.0
gfx950,256,1152,4608,6144,False,torch.bfloat16,torch.float32,False,False,torch,0,0,76.7410,native,0.0,850.00,2200.0
gfx950,256,1280,4608,6144,False,torch.bfloat16,torch.bfloat16,False,False,torch,0,0,85.2677,native,0.0,850.00,2200.0
gfx950,256,1280,4608,6144,False,torch.bfloat16,torch.float32,False,False,torch,0,0,85.2677,native,0.0,850.00,2200.0
gfx950,256,1408,4608,6144,False,torch.bfloat16,torch.bfloat16,False,False,torch,0,0,93.7945,native,0.0,850.00,2200.0
gfx950,256,1408,4608,6144,False,torch.bfloat16,torch.float32,False,False,torch,0,0,93.7945,native,0.0,850.00,2200.0
gfx950,256,1536,4608,6144,False,torch.bfloat16,torch.bfloat16,False,False,torch,0,0,102.3213,native,0.0,850.00,2200.0
gfx950,256,1536,4608,6144,False,torch.bfloat16,torch.float32,False,False,torch,0,0,102.3213,native,0.0,850.00,2200.0
gfx950,256,1664,4608,6144,False,torch.bfloat16,torch.bfloat16,False,False,torch,0,0,110.8481,native,0.0,850.00,2200.0
gfx950,256,1664,4608,6144,False,torch.bfloat16,torch.float32,False,False,torch,0,0,110.8481,native,0.0,850.00,2200.0
gfx950,256,1792,4608,6144,False,torch.bfloat16,torch.bfloat16,False,False,torch,0,0,119.3748,native,0.0,850.00,2200.0
gfx950,256,1792,4608,6144,False,torch.bfloat16,torch.float32,False,False,torch,0,0,119.3748,native,0.0,850.00,2200.0
gfx950,256,1920,4608,6144,False,torch.bfloat16,torch.bfloat16,False,False,torch,0,0,127.9016,native,0.0,850.00,2200.0
gfx950,256,1920,4608,6144,False,torch.bfloat16,torch.float32,False,False,torch,0,0,127.9016,native,0.0,850.00,2200.0
gfx950,256,2048,4608,6144,False,torch.bfloat16,torch.float32,False,False,torch,0,0,136.4284,native,0.0,850.00,2200.0
gfx950,256,2304,4608,6144,False,torch.bfloat16,torch.bfloat16,False,False,torch,0,0,153.4819,native,0.0,850.00,2200.0
gfx950,256,2304,4608,6144,False,torch.bfloat16,torch.float32,False,False,torch,0,0,153.4819,native,0.0,850.00,2200.0
gfx950,256,2560,4608,6144,False,torch.bfloat16,torch.bfloat16,False,False,torch,0,0,170.5355,native,0.0,850.00,2200.0
gfx950,256,2560,4608,6144,False,torch.bfloat16,torch.float32,False,False,torch,0,0,170.5355,native,0.0,850.00,2200.0
gfx950,256,2816,4608,6144,False,torch.bfloat16,torch.bfloat16,False,False,torch,0,0,187.5890,native,0.0,850.00,2200.0
gfx950,256,2816,4608,6144,False,torch.bfloat16,torch.float32,False,False,torch,0,0,187.5890,native,0.0,850.00,2200.0
gfx950,256,3072,4608,6144,False,torch.bfloat16,torch.bfloat16,False,False,torch,0,0,204.6426,native,0.0,850.00,2200.0
gfx950,256,3072,4608,6144,False,torch.bfloat16,torch.float32,False,False,torch,0,0,204.6426,native,0.0,850.00,2200.0
gfx950,256,3328,4608,6144,False,torch.bfloat16,torch.bfloat16,False,False,torch,0,0,221.6961,native,0.0,850.00,2200.0
gfx950,256,3328,4608,6144,False,torch.bfloat16,torch.float32,False,False,torch,0,0,221.6961,native,0.0,850.00,2200.0
gfx950,256,3584,4608,6144,False,torch.bfloat16,torch.bfloat16,False,False,torch,0,0,238.7497,native,0.0,850.00,2200.0
gfx950,256,3584,4608,6144,False,torch.bfloat16,torch.float32,False,False,torch,0,0,238.7497,native,0.0,850.00,2200.0
gfx950,256,3840,4608,6144,False,torch.bfloat16,torch.bfloat16,False,False,torch,0,0,255.8032,native,0.0,850.00,2200.0
gfx950,256,3840,4608,6144,False,torch.bfloat16,torch.float32,False,False,torch,0,0,255.8032,native,0.0,850.00,2200.0
gfx950,256,4096,4608,6144,False,torch.bfloat16,torch.float32,False,False,torch,0,0,272.8567,native,0.0,850.00,2200.0
gfx950,256,8192,4608,6144,False,torch.bfloat16,torch.float32,False,False,torch,0,0,545.7135,native,0.0,850.00,2200.0
gfx950,256,16384,4608,6144,False,torch.bfloat16,torch.float32,False,False,torch,0,0,1091.4270,native,0.0,850.00,2200.0
gfx950,256,32768,4608,6144,False,torch.bfloat16,torch.float32,False,False,torch,0,0,2182.8540,native,0.0,850.00,2200.0
gfx950,256,1,4992,6144,False,torch.bfloat16,torch.bfloat16,False,False,torch,0,0,1.0000,native,0.0,850.00,2200.0
gfx950,256,1,4992,6144,False,torch.bfloat16,torch.float32,False,False,torch,0,0,1.0000,native,0.0,850.00,2200.0
gfx950,256,2,4992,6144,False,torch.bfloat16,torch.bfloat16,False,False,torch,0,0,1.0000,native,0.0,850.00,2200.0
gfx950,256,2,4992,6144,False,torch.bfloat16,torch.float32,False,False,torch,0,0,1.0000,native,0.0,850.00,2200.0
gfx950,256,4,4992,6144,False,torch.bfloat16,torch.bfloat16,False,False,torch,0,0,1.0000,native,0.0,850.00,2200.0
gfx950,256,4,4992,6144,False,torch.bfloat16,torch.float32,False,False,torch,0,0,1.0000,native,0.0,850.00,2200.0
gfx950,256,8,4992,6144,False,torch.bfloat16,torch.bfloat16,False,False,torch,0,0,1.0000,native,0.0,850.00,2200.0
gfx950,256,8,4992,6144,False,torch.bfloat16,torch.float32,False,False,torch,0,0,1.0000,native,0.0,850.00,2200.0
gfx950,256,16,4992,6144,False,torch.bfloat16,torch.bfloat16,False,False,torch,0,0,1.1547,native,0.0,850.00,2200.0
gfx950,256,16,4992,6144,False,torch.bfloat16,torch.float32,False,False,torch,0,0,1.1547,native,0.0,850.00,2200.0
gfx950,256,24,4992,6144,False,torch.bfloat16,torch.bfloat16,False,False,torch,0,0,1.7320,native,0.0,850.00,2200.0
gfx950,256,24,4992,6144,False,torch.bfloat16,torch.float32,False,False,torch,0,0,1.7320,native,0.0,850.00,2200.0
gfx950,256,32,4992,6144,False,torch.bfloat16,torch.bfloat16,False,False,torch,0,0,2.3093,native,0.0,850.00,2200.0
gfx950,256,32,4992,6144,False,torch.bfloat16,torch.float32,False,False,torch,0,0,2.3093,native,0.0,850.00,2200.0
gfx950,256,48,4992,6144,False,torch.bfloat16,torch.bfloat16,False,False,torch,0,0,3.4640,native,0.0,850.00,2200.0
gfx950,256,48,4992,6144,False,torch.bfloat16,torch.float32,False,False,torch,0,0,3.4640,native,0.0,850.00,2200.0
gfx950,256,64,4992,6144,False,torch.bfloat16,torch.bfloat16,False,False,torch,0,0,4.6187,native,0.0,850.00,2200.0
gfx950,256,64,4992,6144,False,torch.bfloat16,torch.float32,False,False,torch,0,0,4.6187,native,0.0,850.00,2200.0
gfx950,256,80,4992,6144,False,torch.bfloat16,torch.float32,False,False,torch,0,0,5.7733,native,0.0,850.00,2200.0
gfx950,256,96,4992,6144,False,torch.bfloat16,torch.float32,False,False,torch,0,0,6.9280,native,0.0,850.00,2200.0
gfx950,256,112,4992,6144,False,torch.bfloat16,torch.float32,False,False,torch,0,0,8.0827,native,0.0,850.00,2200.0
gfx950,256,128,4992,6144,False,torch.bfloat16,torch.float32,False,False,torch,0,0,9.2373,native,0.0,850.00,2200.0
gfx950,256,144,4992,6144,False,torch.bfloat16,torch.float32,False,False,torch,0,0,10.3920,native,0.0,850.00,2200.0
gfx950,256,160,4992,6144,False,torch.bfloat16,torch.float32,False,False,torch,0,0,11.5467,native,0.0,850.00,2200.0
gfx950,256,176,4992,6144,False,torch.bfloat16,torch.float32,False,False,torch,0,0,12.7013,native,0.0,850.00,2200.0
gfx950,256,192,4992,6144,False,torch.bfloat16,torch.float32,False,False,torch,0,0,13.8560,native,0.0,850.00,2200.0
gfx950,256,208,4992,6144,False,torch.bfloat16,torch.float32,False,False,torch,0,0,15.0107,native,0.0,850.00,2200.0
gfx950,256,224,4992,6144,False,torch.bfloat16,torch.float32,False,False,torch,0,0,16.1653,native,0.0,850.00,2200.0
gfx950,256,240,4992,6144,False,torch.bfloat16,torch.float32,False,False,torch,0,0,17.3200,native,0.0,850.00,2200.0
gfx950,256,256,4992,6144,False,torch.bfloat16,torch.float32,False,False,torch,0,0,18.4747,native,0.0,850.00,2200.0
gfx950,256,272,4992,6144,False,torch.bfloat16,torch.bfloat16,False,False,torch,0,0,19.6293,native,0.0,850.00,2200.0
gfx950,256,272,4992,6144,False,torch.bfloat16,torch.float32,False,False,torch,0,0,19.6293,native,0.0,850.00,2200.0
gfx950,256,288,4992,6144,False,torch.bfloat16,torch.bfloat16,False,False,torch,0,0,20.7840,native,0.0,850.00,2200.0
gfx950,256,288,4992,6144,False,torch.bfloat16,torch.float32,False,False,torch,0,0,20.7840,native,0.0,850.00,2200.0
gfx950,256,304,4992,6144,False,torch.bfloat16,torch.bfloat16,False,False,torch,0,0,21.9387,native,0.0,850.00,2200.0
gfx950,256,304,4992,6144,False,torch.bfloat16,torch.float32,False,False,torch,0,0,21.9387,native,0.0,850.00,2200.0
gfx950,256,320,4992,6144,False,torch.bfloat16,torch.bfloat16,False,False,torch,0,0,23.0933,native,0.0,850.00,2200.0
gfx950,256,320,4992,6144,False,torch.bfloat16,torch.float32,False,False,torch,0,0,23.0933,native,0.0,850.00,2200.0
gfx950,256,336,4992,6144,False,torch.bfloat16,torch.bfloat16,False,False,torch,0,0,24.2480,native,0.0,850.00,2200.0
gfx950,256,336,4992,6144,False,torch.bfloat16,torch.float32,False,False,torch,0,0,24.2480,native,0.0,850.00,2200.0
gfx950,256,352,4992,6144,False,torch.bfloat16,torch.bfloat16,False,False,torch,0,0,25.4027,native,0.0,850.00,2200.0
gfx950,256,352,4992,6144,False,torch.bfloat16,torch.float32,False,False,torch,0,0,25.4027,native,0.0,850.00,2200.0
gfx950,256,368,4992,6144,False,torch.bfloat16,torch.bfloat16,False,False,torch,0,0,26.5573,native,0.0,850.00,2200.0
gfx950,256,368,4992,6144,False,torch.bfloat16,torch.float32,False,False,torch,0,0,26.5573,native,0.0,850.00,2200.0
gfx950,256,384,4992,6144,False,torch.bfloat16,torch.bfloat16,False,False,torch,0,0,27.7120,native,0.0,850.00,2200.0
gfx950,256,384,4992,6144,False,torch.bfloat16,torch.float32,False,False,torch,0,0,27.7120,native,0.0,850.00,2200.0
gfx950,256,400,4992,6144,False,torch.bfloat16,torch.bfloat16,False,False,torch,0,0,28.8667,native,0.0,850.00,2200.0
gfx950,256,400,4992,6144,False,torch.bfloat16,torch.float32,False,False,torch,0,0,28.8667,native,0.0,850.00,2200.0
gfx950,256,416,4992,6144,False,torch.bfloat16,torch.bfloat16,False,False,torch,0,0,30.0213,native,0.0,850.00,2200.0
gfx950,256,416,4992,6144,False,torch.bfloat16,torch.float32,False,False,torch,0,0,30.0213,native,0.0,850.00,2200.0
gfx950,256,432,4992,6144,False,torch.bfloat16,torch.bfloat16,False,False,torch,0,0,31.1760,native,0.0,850.00,2200.0
gfx950,256,432,4992,6144,False,torch.bfloat16,torch.float32,False,False,torch,0,0,31.1760,native,0.0,850.00,2200.0
gfx950,256,448,4992,6144,False,torch.bfloat16,torch.bfloat16,False,False,torch,0,0,32.3307,native,0.0,850.00,2200.0
gfx950,256,448,4992,6144,False,torch.bfloat16,torch.float32,False,False,torch,0,0,32.3307,native,0.0,850.00,2200.0
gfx950,256,464,4992,6144,False,torch.bfloat16,torch.bfloat16,False,False,torch,0,0,33.4853,native,0.0,850.00,2200.0
gfx950,256,464,4992,6144,False,torch.bfloat16,torch.float32,False,False,torch,0,0,33.4853,native,0.0,850.00,2200.0
gfx950,256,480,4992,6144,False,torch.bfloat16,torch.bfloat16,False,False,torch,0,0,34.6400,native,0.0,850.00,2200.0
gfx950,256,480,4992,6144,False,torch.bfloat16,torch.float32,False,False,torch,0,0,34.6400,native,0.0,850.00,2200.0
gfx950,256,496,4992,6144,False,torch.bfloat16,torch.bfloat16,False,False,torch,0,0,35.7947,native,0.0,850.00,2200.0
gfx950,256,496,4992,6144,False,torch.bfloat16,torch.float32,False,False,torch,0,0,35.7947,native,0.0,850.00,2200.0
gfx950,256,512,4992,6144,False,torch.bfloat16,torch.float32,False,False,torch,0,0,36.9494,native,0.0,850.00,2200.0
gfx950,256,544,4992,6144,False,torch.bfloat16,torch.bfloat16,False,False,torch,0,0,39.2587,native,0.0,850.00,2200.0
gfx950,256,544,4992,6144,False,torch.bfloat16,torch.float32,False,False,torch,0,0,39.2587,native,0.0,850.00,2200.0
gfx950,256,576,4992,6144,False,torch.bfloat16,torch.bfloat16,False,False,torch,0,0,41.5680,native,0.0,850.00,2200.0
gfx950,256,576,4992,6144,False,torch.bfloat16,torch.float32,False,False,torch,0,0,41.5680,native,0.0,850.00,2200.0
gfx950,256,608,4992,6144,False,torch.bfloat16,torch.bfloat16,False,False,torch,0,0,43.8774,native,0.0,850.00,2200.0
gfx950,256,608,4992,6144,False,torch.bfloat16,torch.float32,False,False,torch,0,0,43.8774,native,0.0,850.00,2200.0
gfx950,256,640,4992,6144,False,torch.bfloat16,torch.bfloat16,False,False,torch,0,0,46.1867,native,0.0,850.00,2200.0
gfx950,256,640,4992,6144,False,torch.bfloat16,torch.float32,False,False,torch,0,0,46.1867,native,0.0,850.00,2200.0
gfx950,256,672,4992,6144,False,torch.bfloat16,torch.bfloat16,False,False,torch,0,0,48.4960,native,0.0,850.00,2200.0
gfx950,256,672,4992,6144,False,torch.bfloat16,torch.float32,False,False,torch,0,0,48.4960,native,0.0,850.00,2200.0
gfx950,256,704,4992,6144,False,torch.bfloat16,torch.bfloat16,False,False,torch,0,0,50.8054,native,0.0,850.00,2200.0
gfx950,256,704,4992,6144,False,torch.bfloat16,torch.float32,False,False,torch,0,0,50.8054,native,0.0,850.00,2200.0
gfx950,256,736,4992,6144,False,torch.bfloat16,torch.bfloat16,False,False,torch,0,0,53.1147,native,0.0,850.00,2200.0
gfx950,256,736,4992,6144,False,torch.bfloat16,torch.float32,False,False,torch,0,0,53.1147,native,0.0,850.00,2200.0
gfx950,256,768,4992,6144,False,torch.bfloat16,torch.bfloat16,False,False,torch,0,0,55.4240,native,0.0,850.00,2200.0
gfx950,256,768,4992,6144,False,torch.bfloat16,torch.float32,False,False,torch,0,0,55.4240,native,0.0,850.00,2200.0
gfx950,256,800,4992,6144,False,torch.bfloat16,torch.bfloat16,False,False,torch,0,0,57.7334,native,0.0,850.00,2200.0
gfx950,256,800,4992,6144,False,torch.bfloat16,torch.float32,False,False,torch,0,0,57.7334,native,0.0,850.00,2200.0
gfx950,256,832,4992,6144,False,torch.bfloat16,torch.bfloat16,False,False,torch,0,0,60.0427,native,0.0,850.00,2200.0
gfx950,256,832,4992,6144,False,torch.bfloat16,torch.float32,False,False,torch,0,0,60.0427,native,0.0,850.00,2200.0
gfx950,256,864,4992,6144,False,torch.bfloat16,torch.bfloat16,False,False,torch,0,0,62.3520,native,0.0,850.00,2200.0
gfx950,256,864,4992,6144,False,torch.bfloat16,torch.float32,False,False,torch,0,0,62.3520,native,0.0,850.00,2200.0
gfx950,256,896,4992,6144,False,torch.bfloat16,torch.bfloat16,False,False,torch,0,0,64.6614,native,0.0,850.00,2200.0
gfx950,256,896,4992,6144,False,torch.bfloat16,torch.float32,False,False,torch,0,0,64.6614,native,0.0,850.00,2200.0
gfx950,256,928,4992,6144,False,torch.bfloat16,torch.bfloat16,False,False,torch,0,0,66.9707,native,0.0,850.00,2200.0
gfx950,256,928,4992,6144,False,torch.bfloat16,torch.float32,False,False,torch,0,0,66.9707,native,0.0,850.00,2200.0
gfx950,256,960,4992,6144,False,torch.bfloat16,torch.bfloat16,False,False,torch,0,0,69.2800,native,0.0,850.00,2200.0
gfx950,256,960,4992,6144,False,torch.bfloat16,torch.float32,False,False,torch,0,0,69.2800,native,0.0,850.00,2200.0
gfx950,256,992,4992,6144,False,torch.bfloat16,torch.bfloat16,False,False,torch,0,0,71.5894,native,0.0,850.00,2200.0
gfx950,256,992,4992,6144,False,torch.bfloat16,torch.float32,False,False,torch,0,0,71.5894,native,0.0,850.00,2200.0
gfx950,256,1024,4992,6144,False,torch.bfloat16,torch.float32,False,False,torch,0,0,73.8987,native,0.0,850.00,2200.0
gfx950,256,1152,4992,6144,False,torch.bfloat16,torch.bfloat16,False,False,torch,0,0,83.1360,native,0.0,850.00,2200.0
gfx950,256,1152,4992,6144,False,torch.bfloat16,torch.float32,False,False,torch,0,0,83.1360,native,0.0,850.00,2200.0
gfx950,256,1280,4992,6144,False,torch.bfloat16,torch.bfloat16,False,False,torch,0,0,92.3734,native,0.0,850.00,2200.0
gfx950,256,1280,4992,6144,False,torch.bfloat16,torch.float32,False,False,torch,0,0,92.3734,native,0.0,850.00,2200.0
gfx950,256,1408,4992,6144,False,torch.bfloat16,torch.bfloat16,False,False,torch,0,0,101.6107,native,0.0,850.00,2200.0
gfx950,256,1408,4992,6144,False,torch.bfloat16,torch.float32,False,False,torch,0,0,101.6107,native,0.0,850.00,2200.0
gfx950,256,1536,4992,6144,False,torch.bfloat16,torch.bfloat16,False,False,torch,0,0,110.8481,native,0.0,850.00,2200.0
gfx950,256,1536,4992,6144,False,torch.bfloat16,torch.float32,False,False,torch,0,0,110.8481,native,0.0,850.00,2200.0
gfx950,256,1664,4992,6144,False,torch.bfloat16,torch.bfloat16,False,False,torch,0,0,120.0854,native,0.0,850.00,2200.0
gfx950,256,1664,4992,6144,False,torch.bfloat16,torch.float32,False,False,torch,0,0,120.0854,native,0.0,850.00,2200.0
gfx950,256,1792,4992,6144,False,torch.bfloat16,torch.bfloat16,False,False,torch,0,0,129.3227,native,0.0,850.00,2200.0
gfx950,256,1792,4992,6144,False,torch.bfloat16,torch.float32,False,False,torch,0,0,129.3227,native,0.0,850.00,2200.0
gfx950,256,1920,4992,6144,False,torch.bfloat16,torch.bfloat16,False,False,torch,0,0,138.5601,native,0.0,850.00,2200.0
gfx950,256,1920,4992,6144,False,torch.bfloat16,torch.float32,False,False,torch,0,0,138.5601,native,0.0,850.00,2200.0
gfx950,256,2048,4992,6144,False,torch.bfloat16,torch.float32,False,False,torch,0,0,147.7974,native,0.0,850.00,2200.0
gfx950,256,2304,4992,6144,False,torch.bfloat16,torch.bfloat16,False,False,torch,0,0,166.2721,native,0.0,850.00,2200.0
gfx950,256,2304,4992,6144,False,torch.bfloat16,torch.float32,False,False,torch,0,0,166.2721,native,0.0,850.00,2200.0
gfx950,256,2560,4992,6144,False,torch.bfloat16,torch.bfloat16,False,False,torch,0,0,184.7468,native,0.0,850.00,2200.0
gfx950,256,2560,4992,6144,False,torch.bfloat16,torch.float32,False,False,torch,0,0,184.7468,native,0.0,850.00,2200.0
gfx950,256,2816,4992,6144,False,torch.bfloat16,torch.bfloat16,False,False,torch,0,0,203.2214,native,0.0,850.00,2200.0
gfx950,256,2816,4992,6144,False,torch.bfloat16,torch.float32,False,False,torch,0,0,203.2214,native,0.0,850.00,2200.0
gfx950,256,3072,4992,6144,False,torch.bfloat16,torch.bfloat16,False,False,torch,0,0,221.6961,native,0.0,850.00,2200.0
gfx950,256,3072,4992,6144,False,torch.bfloat16,torch.float32,False,False,torch,0,0,221.6961,native,0.0,850.00,2200.0
gfx950,256,3328,4992,6144,False,torch.bfloat16,torch.bfloat16,False,False,torch,0,0,240.1708,native,0.0,850.00,2200.0
gfx950,256,3328,4992,6144,False,torch.bfloat16,torch.float32,False,False,torch,0,0,240.1708,native,0.0,850.00,2200.0
gfx950,256,3584,4992,6144,False,torch.bfloat16,torch.bfloat16,False,False,torch,0,0,258.6455,native,0.0,850.00,2200.0
gfx950,256,3584,4992,6144,False,torch.bfloat16,torch.float32,False,False,torch,0,0,258.6455,native,0.0,850.00,2200.0
gfx950,256,3840,4992,6144,False,torch.bfloat16,torch.bfloat16,False,False,torch,0,0,277.1201,native,0.0,850.00,2200.0
gfx950,256,3840,4992,6144,False,torch.bfloat16,torch.float32,False,False,torch,0,0,277.1201,native,0.0,850.00,2200.0
gfx950,256,4096,4992,6144,False,torch.bfloat16,torch.float32,False,False,torch,0,0,295.5948,native,0.0,850.00,2200.0
gfx950,256,8192,4992,6144,False,torch.bfloat16,torch.float32,False,False,torch,0,0,591.1896,native,0.0,850.00,2200.0
gfx950,256,16384,4992,6144,False,torch.bfloat16,torch.float32,False,False,torch,0,0,1182.3792,native,0.0,850.00,2200.0
gfx950,256,32768,4992,6144,False,torch.bfloat16,torch.float32,False,False,torch,0,0,2364.7585,native,0.0,850.00,2200.0
gfx950,256,1,6144,4096,False,torch.bfloat16,torch.float32,False,False,torch,0,0,1.0000,native,0.0,850.00,2200.0
gfx950,256,2,6144,4096,False,torch.bfloat16,torch.float32,False,False,torch,0,0,1.0000,native,0.0,850.00,2200.0
gfx950,256,4,6144,4096,False,torch.bfloat16,torch.float32,False,False,torch,0,0,1.0000,native,0.0,850.00,2200.0
gfx950,256,8,6144,4096,False,torch.bfloat16,torch.float32,False,False,torch,0,0,1.0000,native,0.0,850.00,2200.0
gfx950,256,16,6144,4096,False,torch.bfloat16,torch.float32,False,False,torch,0,0,1.0000,native,0.0,850.00,2200.0
gfx950,256,24,6144,4096,False,torch.bfloat16,torch.float32,False,False,torch,0,0,1.4211,native,0.0,850.00,2200.0
gfx950,256,32,6144,4096,False,torch.bfloat16,torch.float32,False,False,torch,0,0,1.8948,native,0.0,850.00,2200.0
gfx950,256,48,6144,4096,False,torch.bfloat16,torch.float32,False,False,torch,0,0,2.8423,native,0.0,850.00,2200.0
gfx950,256,64,6144,4096,False,torch.bfloat16,torch.float32,False,False,torch,0,0,3.7897,native,0.0,850.00,2200.0
gfx950,256,80,6144,4096,False,torch.bfloat16,torch.float32,False,False,torch,0,0,4.7371,native,0.0,850.00,2200.0
gfx950,256,96,6144,4096,False,torch.bfloat16,torch.float32,False,False,torch,0,0,5.6845,native,0.0,850.00,2200.0
gfx950,256,112,6144,4096,False,torch.bfloat16,torch.float32,False,False,torch,0,0,6.6319,native,0.0,850.00,2200.0
gfx950,256,128,6144,4096,False,torch.bfloat16,torch.float32,False,False,torch,0,0,7.5794,native,0.0,850.00,2200.0
gfx950,256,144,6144,4096,False,torch.bfloat16,torch.float32,False,False,torch,0,0,8.5268,native,0.0,850.00,2200.0
gfx950,256,160,6144,4096,False,torch.bfloat16,torch.float32,False,False,torch,0,0,9.4742,native,0.0,850.00,2200.0
gfx950,256,176,6144,4096,False,torch.bfloat16,torch.float32,False,False,torch,0,0,10.4216,native,0.0,850.00,2200.0
gfx950,256,192,6144,4096,False,torch.bfloat16,torch.float32,False,False,torch,0,0,11.3690,native,0.0,850.00,2200.0
gfx950,256,208,6144,4096,False,torch.bfloat16,torch.float32,False,False,torch,0,0,12.3165,native,0.0,850.00,2200.0
gfx950,256,224,6144,4096,False,torch.bfloat16,torch.float32,False,False,torch,0,0,13.2639,native,0.0,850.00,2200.0
gfx950,256,240,6144,4096,False,torch.bfloat16,torch.float32,False,False,torch,0,0,14.2113,native,0.0,850.00,2200.0
gfx950,256,256,6144,4096,False,torch.bfloat16,torch.float32,False,False,torch,0,0,15.1587,native,0.0,850.00,2200.0
gfx950,256,272,6144,4096,False,torch.bfloat16,torch.bfloat16,False,False,torch,0,0,16.1061,native,0.0,850.00,2200.0
gfx950,256,272,6144,4096,False,torch.bfloat16,torch.float32,False,False,torch,0,0,16.1061,native,0.0,850.00,2200.0
gfx950,256,288,6144,4096,False,torch.bfloat16,torch.bfloat16,False,False,torch,0,0,17.0535,native,0.0,850.00,2200.0
gfx950,256,288,6144,4096,False,torch.bfloat16,torch.float32,False,False,torch,0,0,17.0535,native,0.0,850.00,2200.0
gfx950,256,304,6144,4096,False,torch.bfloat16,torch.bfloat16,False,False,torch,0,0,18.0010,native,0.0,850.00,2200.0
gfx950,256,304,6144,4096,False,torch.bfloat16,torch.float32,False,False,torch,0,0,18.0010,native,0.0,850.00,2200.0
gfx950,256,320,6144,4096,False,torch.bfloat16,torch.bfloat16,False,False,torch,0,0,18.9484,native,0.0,850.00,2200.0
gfx950,256,320,6144,4096,False,torch.bfloat16,torch.float32,False,False,torch,0,0,18.9484,native,0.0,850.00,2200.0
gfx950,256,336,6144,4096,False,torch.bfloat16,torch.bfloat16,False,False,torch,0,0,19.8958,native,0.0,850.00,2200.0
gfx950,256,336,6144,4096,False,torch.bfloat16,torch.float32,False,False,torch,0,0,19.8958,native,0.0,850.00,2200.0
gfx950,256,352,6144,4096,False,torch.bfloat16,torch.bfloat16,False,False,torch,0,0,20.8432,native,0.0,850.00,2200.0
gfx950,256,352,6144,4096,False,torch.bfloat16,torch.float32,False,False,torch,0,0,20.8432,native,0.0,850.00,2200.0
gfx950,256,368,6144,4096,False,torch.bfloat16,torch.bfloat16,False,False,torch,0,0,21.7906,native,0.0,850.00,2200.0
gfx950,256,368,6144,4096,False,torch.bfloat16,torch.float32,False,False,torch,0,0,21.7906,native,0.0,850.00,2200.0
gfx950,256,384,6144,4096,False,torch.bfloat16,torch.bfloat16,False,False,torch,0,0,22.7381,native,0.0,850.00,2200.0
gfx950,256,384,6144,4096,False,torch.bfloat16,torch.float32,False,False,torch,0,0,22.7381,native,0.0,850.00,2200.0
gfx950,256,400,6144,4096,False,torch.bfloat16,torch.bfloat16,False,False,torch,0,0,23.6855,native,0.0,850.00,2200.0
gfx950,256,400,6144,4096,False,torch.bfloat16,torch.float32,False,False,torch,0,0,23.6855,native,0.0,850.00,2200.0
gfx950,256,416,6144,4096,False,torch.bfloat16,torch.bfloat16,False,False,torch,0,0,24.6329,native,0.0,850.00,2200.0
gfx950,256,416,6144,4096,False,torch.bfloat16,torch.float32,False,False,torch,0,0,24.6329,native,0.0,850.00,2200.0
gfx950,256,432,6144,4096,False,torch.bfloat16,torch.bfloat16,False,False,torch,0,0,25.5803,native,0.0,850.00,2200.0
gfx950,256,432,6144,4096,False,torch.bfloat16,torch.float32,False,False,torch,0,0,25.5803,native,0.0,850.00,2200.0
gfx950,256,448,6144,4096,False,torch.bfloat16,torch.bfloat16,False,False,torch,0,0,26.5277,native,0.0,850.00,2200.0
gfx950,256,448,6144,4096,False,torch.bfloat16,torch.float32,False,False,torch,0,0,26.5277,native,0.0,850.00,2200.0
gfx950,256,464,6144,4096,False,torch.bfloat16,torch.bfloat16,False,False,torch,0,0,27.4752,native,0.0,850.00,2200.0
gfx950,256,464,6144,4096,False,torch.bfloat16,torch.float32,False,False,torch,0,0,27.4752,native,0.0,850.00,2200.0
gfx950,256,480,6144,4096,False,torch.bfloat16,torch.bfloat16,False,False,torch,0,0,28.4226,native,0.0,850.00,2200.0
gfx950,256,480,6144,4096,False,torch.bfloat16,torch.float32,False,False,torch,0,0,28.4226,native,0.0,850.00,2200.0
gfx950,256,496,6144,4096,False,torch.bfloat16,torch.bfloat16,False,False,torch,0,0,29.3700,native,0.0,850.00,2200.0
gfx950,256,496,6144,4096,False,torch.bfloat16,torch.float32,False,False,torch,0,0,29.3700,native,0.0,850.00,2200.0
gfx950,256,512,6144,4096,False,torch.bfloat16,torch.float32,False,False,torch,0,0,30.3174,native,0.0,850.00,2200.0
gfx950,256,544,6144,4096,False,torch.bfloat16,torch.bfloat16,False,False,torch,0,0,32.2123,native,0.0,850.00,2200.0
gfx950,256,544,6144,4096,False,torch.bfloat16,torch.float32,False,False,torch,0,0,32.2123,native,0.0,850.00,2200.0
gfx950,256,576,6144,4096,False,torch.bfloat16,torch.bfloat16,False,False,torch,0,0,34.1071,native,0.0,850.00,2200.0
gfx950,256,576,6144,4096,False,torch.bfloat16,torch.float32,False,False,torch,0,0,34.1071,native,0.0,850.00,2200.0
gfx950,256,608,6144,4096,False,torch.bfloat16,torch.bfloat16,False,False,torch,0,0,36.0019,native,0.0,850.00,2200.0
gfx950,256,608,6144,4096,False,torch.bfloat16,torch.float32,False,False,torch,0,0,36.0019,native,0.0,850.00,2200.0
gfx950,256,640,6144,4096,False,torch.bfloat16,torch.bfloat16,False,False,torch,0,0,37.8968,native,0.0,850.00,2200.0
gfx950,256,640,6144,4096,False,torch.bfloat16,torch.float32,False,False,torch,0,0,37.8968,native,0.0,850.00,2200.0
gfx950,256,672,6144,4096,False,torch.bfloat16,torch.bfloat16,False,False,torch,0,0,39.7916,native,0.0,850.00,2200.0
gfx950,256,672,6144,4096,False,torch.bfloat16,torch.float32,False,False,torch,0,0,39.7916,native,0.0,850.00,2200.0
gfx950,256,704,6144,4096,False,torch.bfloat16,torch.bfloat16,False,False,torch,0,0,41.6864,native,0.0,850.00,2200.0
gfx950,256,704,6144,4096,False,torch.bfloat16,torch.float32,False,False,torch,0,0,41.6864,native,0.0,850.00,2200.0
gfx950,256,736,6144,4096,False,torch.bfloat16,torch.bfloat16,False,False,torch,0,0,43.5813,native,0.0,850.00,2200.0
gfx950,256,736,6144,4096,False,torch.bfloat16,torch.float32,False,False,torch,0,0,43.5813,native,0.0,850.00,2200.0
gfx950,256,768,6144,4096,False,torch.bfloat16,torch.bfloat16,False,False,torch,0,0,45.4761,native,0.0,850.00,2200.0
gfx950,256,768,6144,4096,False,torch.bfloat16,torch.float32,False,False,torch,0,0,45.4761,native,0.0,850.00,2200.0
gfx950,256,800,6144,4096,False,torch.bfloat16,torch.bfloat16,False,False,torch,0,0,47.3710,native,0.0,850.00,2200.0
gfx950,256,800,6144,4096,False,torch.bfloat16,torch.float32,False,False,torch,0,0,47.3710,native,0.0,850.00,2200.0
gfx950,256,832,6144,4096,False,torch.bfloat16,torch.bfloat16,False,False,torch,0,0,49.2658,native,0.0,850.00,2200.0
gfx950,256,832,6144,4096,False,torch.bfloat16,torch.float32,False,False,torch,0,0,49.2658,native,0.0,850.00,2200.0
gfx950,256,864,6144,4096,False,torch.bfloat16,torch.bfloat16,False,False,torch,0,0,51.1606,native,0.0,850.00,2200.0
gfx950,256,864,6144,4096,False,torch.bfloat16,torch.float32,False,False,torch,0,0,51.1606,native,0.0,850.00,2200.0
gfx950,256,896,6144,4096,False,torch.bfloat16,torch.bfloat16,False,False,torch,0,0,53.0555,native,0.0,850.00,2200.0
gfx950,256,896,6144,4096,False,torch.bfloat16,torch.float32,False,False,torch,0,0,53.0555,native,0.0,850.00,2200.0
gfx950,256,928,6144,4096,False,torch.bfloat16,torch.bfloat16,False,False,torch,0,0,54.9503,native,0.0,850.00,2200.0
gfx950,256,928,6144,4096,False,torch.bfloat16,torch.float32,False,False,torch,0,0,54.9503,native,0.0,850.00,2200.0
gfx950,256,960,6144,4096,False,torch.bfloat16,torch.bfloat16,False,False,torch,0,0,56.8452,native,0.0,850.00,2200.0
gfx950,256,960,6144,4096,False,torch.bfloat16,torch.float32,False,False,torch,0,0,56.8452,native,0.0,850.00,2200.0
gfx950,256,992,6144,4096,False,torch.bfloat16,torch.bfloat16,False,False,torch,0,0,58.7400,native,0.0,850.00,2200.0
gfx950,256,992,6144,4096,False,torch.bfloat16,torch.float32,False,False,torch,0,0,58.7400,native,0.0,850.00,2200.0
gfx950,256,1024,6144,4096,False,torch.bfloat16,torch.float32,False,False,torch,0,0,60.6348,native,0.0,850.00,2200.0
gfx950,256,1152,6144,4096,False,torch.bfloat16,torch.bfloat16,False,False,torch,0,0,68.2142,native,0.0,850.00,2200.0
gfx950,256,1152,6144,4096,False,torch.bfloat16,torch.float32,False,False,torch,0,0,68.2142,native,0.0,850.00,2200.0
gfx950,256,1280,6144,4096,False,torch.bfloat16,torch.bfloat16,False,False,torch,0,0,75.7935,native,0.0,850.00,2200.0
gfx950,256,1280,6144,4096,False,torch.bfloat16,torch.float32,False,False,torch,0,0,75.7935,native,0.0,850.00,2200.0
gfx950,256,1408,6144,4096,False,torch.bfloat16,torch.bfloat16,False,False,torch,0,0,83.3729,native,0.0,850.00,2200.0
gfx950,256,1408,6144,4096,False,torch.bfloat16,torch.float32,False,False,torch,0,0,83.3729,native,0.0,850.00,2200.0
gfx950,256,1536,6144,4096,False,torch.bfloat16,torch.bfloat16,False,False,torch,0,0,90.9522,native,0.0,850.00,2200.0
gfx950,256,1536,6144,4096,False,torch.bfloat16,torch.float32,False,False,torch,0,0,90.9522,native,0.0,850.00,2200.0
gfx950,256,1664,6144,4096,False,torch.bfloat16,torch.bfloat16,False,False,torch,0,0,98.5316,native,0.0,850.00,2200.0
gfx950,256,1664,6144,4096,False,torch.bfloat16,torch.float32,False,False,torch,0,0,98.5316,native,0.0,850.00,2200.0
gfx950,256,1792,6144,4096,False,torch.bfloat16,torch.bfloat16,False,False,torch,0,0,106.1110,native,0.0,850.00,2200.0
gfx950,256,1792,6144,4096,False,torch.bfloat16,torch.float32,False,False,torch,0,0,106.1110,native,0.0,850.00,2200.0
gfx950,256,1920,6144,4096,False,torch.bfloat16,torch.bfloat16,False,False,torch,0,0,113.6903,native,0.0,850.00,2200.0
gfx950,256,1920,6144,4096,False,torch.bfloat16,torch.float32,False,False,torch,0,0,113.6903,native,0.0,850.00,2200.0
gfx950,256,2048,6144,4096,False,torch.bfloat16,torch.float32,False,False,torch,0,0,121.2697,native,0.0,850.00,2200.0
gfx950,256,2304,6144,4096,False,torch.bfloat16,torch.bfloat16,False,False,torch,0,0,136.4284,native,0.0,850.00,2200.0
gfx950,256,2304,6144,4096,False,torch.bfloat16,torch.float32,False,False,torch,0,0,136.4284,native,0.0,850.00,2200.0
gfx950,256,2560,6144,4096,False,torch.bfloat16,torch.bfloat16,False,False,torch,0,0,151.5871,native,0.0,850.00,2200.0
gfx950,256,2560,6144,4096,False,torch.bfloat16,torch.float32,False,False,torch,0,0,151.5871,native,0.0,850.00,2200.0
gfx950,256,2816,6144,4096,False,torch.bfloat16,torch.bfloat16,False,False,torch,0,0,166.7458,native,0.0,850.00,2200.0
gfx950,256,2816,6144,4096,False,torch.bfloat16,torch.float32,False,False,torch,0,0,166.7458,native,0.0,850.00,2200.0
gfx950,256,3072,6144,4096,False,torch.bfloat16,torch.bfloat16,False,False,torch,0,0,181.9045,native,0.0,850.00,2200.0
gfx950,256,3072,6144,4096,False,torch.bfloat16,torch.float32,False,False,torch,0,0,181.9045,native,0.0,850.00,2200.0
gfx950,256,3328,6144,4096,False,torch.bfloat16,torch.bfloat16,False,False,torch,0,0,197.0632,native,0.0,850.00,2200.0
gfx950,256,3328,6144,4096,False,torch.bfloat16,torch.float32,False,False,torch,0,0,197.0632,native,0.0,850.00,2200.0
gfx950,256,3584,6144,4096,False,torch.bfloat16,torch.bfloat16,False,False,torch,0,0,212.2219,native,0.0,850.00,2200.0
gfx950,256,3584,6144,4096,False,torch.bfloat16,torch.float32,False,False,torch,0,0,212.2219,native,0.0,850.00,2200.0
gfx950,256,3840,6144,4096,False,torch.bfloat16,torch.bfloat16,False,False,torch,0,0,227.3806,native,0.0,850.00,2200.0
gfx950,256,3840,6144,4096,False,torch.bfloat16,torch.float32,False,False,torch,0,0,227.3806,native,0.0,850.00,2200.0
gfx950,256,4096,6144,4096,False,torch.bfloat16,torch.float32,False,False,torch,0,0,242.5393,native,0.0,850.00,2200.0
gfx950,256,8192,6144,4096,False,torch.bfloat16,torch.float32,False,False,torch,0,0,485.0787,native,0.0,850.00,2200.0
gfx950,256,16384,6144,4096,False,torch.bfloat16,torch.float32,False,False,torch,0,0,970.1573,native,0.0,850.00,2200.0
gfx950,256,32768,6144,4096,False,torch.bfloat16,torch.float32,False,False,torch,0,0,1940.3146,native,0.0,850.00,2200.0
gfx950,256,1,6144,6144,False,torch.bfloat16,torch.float32,False,False,torch,0,0,1.0000,native,0.0,850.00,2200.0
gfx950,256,2,6144,6144,False,torch.bfloat16,torch.float32,False,False,torch,0,0,1.0000,native,0.0,850.00,2200.0
gfx950,256,4,6144,6144,False,torch.bfloat16,torch.float32,False,False,torch,0,0,1.0000,native,0.0,850.00,2200.0
gfx950,256,8,6144,6144,False,torch.bfloat16,torch.float32,False,False,torch,0,0,1.0000,native,0.0,850.00,2200.0
gfx950,256,16,6144,6144,False,torch.bfloat16,torch.float32,False,False,torch,0,0,1.4211,native,0.0,850.00,2200.0
gfx950,256,24,6144,6144,False,torch.bfloat16,torch.bfloat16,False,False,torch,0,0,2.1317,native,0.0,850.00,2200.0
gfx950,256,24,6144,6144,False,torch.bfloat16,torch.float32,False,False,torch,0,0,2.1317,native,0.0,850.00,2200.0
gfx950,256,32,6144,6144,False,torch.bfloat16,torch.float32,False,False,torch,0,0,2.8423,native,0.0,850.00,2200.0
gfx950,256,48,6144,6144,False,torch.bfloat16,torch.float32,False,False,torch,0,0,4.2634,native,0.0,850.00,2200.0
gfx950,256,64,6144,6144,False,torch.bfloat16,torch.float32,False,False,torch,0,0,5.6845,native,0.0,850.00,2200.0
gfx950,256,80,6144,6144,False,torch.bfloat16,torch.float32,False,False,torch,0,0,7.1056,native,0.0,850.00,2200.0
gfx950,256,96,6144,6144,False,torch.bfloat16,torch.float32,False,False,torch,0,0,8.5268,native,0.0,850.00,2200.0
gfx950,256,112,6144,6144,False,torch.bfloat16,torch.float32,False,False,torch,0,0,9.9479,native,0.0,850.00,2200.0
gfx950,256,128,6144,6144,False,torch.bfloat16,torch.float32,False,False,torch,0,0,11.3690,native,0.0,850.00,2200.0
gfx950,256,144,6144,6144,False,torch.bfloat16,torch.float32,False,False,torch,0,0,12.7902,native,0.0,850.00,2200.0
gfx950,256,160,6144,6144,False,torch.bfloat16,torch.float32,False,False,torch,0,0,14.2113,native,0.0,850.00,2200.0
gfx950,256,176,6144,6144,False,torch.bfloat16,torch.float32,False,False,torch,0,0,15.6324,native,0.0,850.00,2200.0
gfx950,256,192,6144,6144,False,torch.bfloat16,torch.float32,False,False,torch,0,0,17.0535,native,0.0,850.00,2200.0
gfx950,256,208,6144,6144,False,torch.bfloat16,torch.float32,False,False,torch,0,0,18.4747,native,0.0,850.00,2200.0
gfx950,256,224,6144,6144,False,torch.bfloat16,torch.float32,False,False,torch,0,0,19.8958,native,0.0,850.00,2200.0
gfx950,256,240,6144,6144,False,torch.bfloat16,torch.float32,False,False,torch,0,0,21.3169,native,0.0,850.00,2200.0
gfx950,256,256,6144,6144,False,torch.bfloat16,torch.float32,False,False,torch,0,0,22.7381,native,0.0,850.00,2200.0
gfx950,256,272,6144,6144,False,torch.bfloat16,torch.bfloat16,False,False,torch,0,0,24.1592,native,0.0,850.00,2200.0
gfx950,256,272,6144,6144,False,torch.bfloat16,torch.float32,False,False,torch,0,0,24.1592,native,0.0,850.00,2200.0
gfx950,256,288,6144,6144,False,torch.bfloat16,torch.bfloat16,False,False,torch,0,0,25.5803,native,0.0,850.00,2200.0
gfx950,256,288,6144,6144,False,torch.bfloat16,torch.float32,False,False,torch,0,0,25.5803,native,0.0,850.00,2200.0
gfx950,256,304,6144,6144,False,torch.bfloat16,torch.bfloat16,False,False,torch,0,0,27.0014,native,0.0,850.00,2200.0
gfx950,256,304,6144,6144,False,torch.bfloat16,torch.float32,False,False,torch,0,0,27.0014,native,0.0,850.00,2200.0
gfx950,256,320,6144,6144,False,torch.bfloat16,torch.float32,False,False,torch,0,0,28.4226,native,0.0,850.00,2200.0
gfx950,256,336,6144,6144,False,torch.bfloat16,torch.bfloat16,False,False,torch,0,0,29.8437,native,0.0,850.00,2200.0
gfx950,256,336,6144,6144,False,torch.bfloat16,torch.float32,False,False,torch,0,0,29.8437,native,0.0,850.00,2200.0
gfx950,256,352,6144,6144,False,torch.bfloat16,torch.bfloat16,False,False,torch,0,0,31.2648,native,0.0,850.00,2200.0
gfx950,256,352,6144,6144,False,torch.bfloat16,torch.float32,False,False,torch,0,0,31.2648,native,0.0,850.00,2200.0
gfx950,256,368,6144,6144,False,torch.bfloat16,torch.bfloat16,False,False,torch,0,0,32.6860,native,0.0,850.00,2200.0
gfx950,256,368,6144,6144,False,torch.bfloat16,torch.float32,False,False,torch,0,0,32.6860,native,0.0,850.00,2200.0
gfx950,256,384,6144,6144,False,torch.bfloat16,torch.bfloat16,False,False,torch,0,0,34.1071,native,0.0,850.00,2200.0
gfx950,256,384,6144,6144,False,torch.bfloat16,torch.float32,False,False,torch,0,0,34.1071,native,0.0,850.00,2200.0
gfx950,256,400,6144,6144,False,torch.bfloat16,torch.bfloat16,False,False,torch,0,0,35.5282,native,0.0,850.00,2200.0
gfx950,256,400,6144,6144,False,torch.bfloat16,torch.float32,False,False,torch,0,0,35.5282,native,0.0,850.00,2200.0
gfx950,256,416,6144,6144,False,torch.bfloat16,torch.bfloat16,False,False,torch,0,0,36.9494,native,0.0,850.00,2200.0
gfx950,256,416,6144,6144,False,torch.bfloat16,torch.float32,False,False,torch,0,0,36.9494,native,0.0,850.00,2200.0
gfx950,256,432,6144,6144,False,torch.bfloat16,torch.bfloat16,False,False,torch,0,0,38.3705,native,0.0,850.00,2200.0
gfx950,256,432,6144,6144,False,torch.bfloat16,torch.float32,False,False,torch,0,0,38.3705,native,0.0,850.00,2200.0
gfx950,256,448,6144,6144,False,torch.bfloat16,torch.bfloat16,False,False,torch,0,0,39.7916,native,0.0,850.00,2200.0
gfx950,256,448,6144,6144,False,torch.bfloat16,torch.float32,False,False,torch,0,0,39.7916,native,0.0,850.00,2200.0
gfx950,256,464,6144,6144,False,torch.bfloat16,torch.bfloat16,False,False,torch,0,0,41.2127,native,0.0,850.00,2200.0
gfx950,256,464,6144,6144,False,torch.bfloat16,torch.float32,False,False,torch,0,0,41.2127,native,0.0,850.00,2200.0
gfx950,256,480,6144,6144,False,torch.bfloat16,torch.bfloat16,False,False,torch,0,0,42.6339,native,0.0,850.00,2200.0
gfx950,256,480,6144,6144,False,torch.bfloat16,torch.float32,False,False,torch,0,0,42.6339,native,0.0,850.00,2200.0
gfx950,256,496,6144,6144,False,torch.bfloat16,torch.bfloat16,False,False,torch,0,0,44.0550,native,0.0,850.00,2200.0
gfx950,256,496,6144,6144,False,torch.bfloat16,torch.float32,False,False,torch,0,0,44.0550,native,0.0,850.00,2200.0
gfx950,256,512,6144,6144,False,torch.bfloat16,torch.float32,False,False,torch,0,0,45.4761,native,0.0,850.00,2200.0
gfx950,256,544,6144,6144,False,torch.bfloat16,torch.bfloat16,False,False,torch,0,0,48.3184,native,0.0,850.00,2200.0
gfx950,256,544,6144,6144,False,torch.bfloat16,torch.float32,False,False,torch,0,0,48.3184,native,0.0,850.00,2200.0
gfx950,256,576,6144,6144,False,torch.bfloat16,torch.bfloat16,False,False,torch,0,0,51.1606,native,0.0,850.00,2200.0
gfx950,256,576,6144,6144,False,torch.bfloat16,torch.float32,False,False,torch,0,0,51.1606,native,0.0,850.00,2200.0
gfx950,256,608,6144,6144,False,torch.bfloat16,torch.bfloat16,False,False,torch,0,0,54.0029,native,0.0,850.00,2200.0
gfx950,256,608,6144,6144,False,torch.bfloat16,torch.float32,False,False,torch,0,0,54.0029,native,0.0,850.00,2200.0
gfx950,256,640,6144,6144,False,torch.bfloat16,torch.bfloat16,False,False,torch,0,0,56.8452,native,0.0,850.00,2200.0
gfx950,256,640,6144,6144,False,torch.bfloat16,torch.float32,False,False,torch,0,0,56.8452,native,0.0,850.00,2200.0
gfx950,256,672,6144,6144,False,torch.bfloat16,torch.bfloat16,False,False,torch,0,0,59.6874,native,0.0,850.00,2200.0
gfx950,256,672,6144,6144,False,torch.bfloat16,torch.float32,False,False,torch,0,0,59.6874,native,0.0,850.00,2200.0
gfx950,256,704,6144,6144,False,torch.bfloat16,torch.bfloat16,False,False,torch,0,0,62.5297,native,0.0,850.00,2200.0
gfx950,256,704,6144,6144,False,torch.bfloat16,torch.float32,False,False,torch,0,0,62.5297,native,0.0,850.00,2200.0
gfx950,256,736,6144,6144,False,torch.bfloat16,torch.bfloat16,False,False,torch,0,0,65.3719,native,0.0,850.00,2200.0
gfx950,256,736,6144,6144,False,torch.bfloat16,torch.float32,False,False,torch,0,0,65.3719,native,0.0,850.00,2200.0
gfx950,256,768,6144,6144,False,torch.bfloat16,torch.bfloat16,False,False,torch,0,0,68.2142,native,0.0,850.00,2200.0
gfx950,256,768,6144,6144,False,torch.bfloat16,torch.float32,False,False,torch,0,0,68.2142,native,0.0,850.00,2200.0
gfx950,256,800,6144,6144,False,torch.bfloat16,torch.bfloat16,False,False,torch,0,0,71.0564,native,0.0,850.00,2200.0
gfx950,256,800,6144,6144,False,torch.bfloat16,torch.float32,False,False,torch,0,0,71.0564,native,0.0,850.00,2200.0
gfx950,256,832,6144,6144,False,torch.bfloat16,torch.bfloat16,False,False,torch,0,0,73.8987,native,0.0,850.00,2200.0
gfx950,256,832,6144,6144,False,torch.bfloat16,torch.float32,False,False,torch,0,0,73.8987,native,0.0,850.00,2200.0
gfx950,256,864,6144,6144,False,torch.bfloat16,torch.bfloat16,False,False,torch,0,0,76.7410,native,0.0,850.00,2200.0
gfx950,256,864,6144,6144,False,torch.bfloat16,torch.float32,False,False,torch,0,0,76.7410,native,0.0,850.00,2200.0
gfx950,256,896,6144,6144,False,torch.bfloat16,torch.bfloat16,False,False,torch,0,0,79.5832,native,0.0,850.00,2200.0
gfx950,256,896,6144,6144,False,torch.bfloat16,torch.float32,False,False,torch,0,0,79.5832,native,0.0,850.00,2200.0
gfx950,256,928,6144,6144,False,torch.bfloat16,torch.bfloat16,False,False,torch,0,0,82.4255,native,0.0,850.00,2200.0
gfx950,256,928,6144,6144,False,torch.bfloat16,torch.float32,False,False,torch,0,0,82.4255,native,0.0,850.00,2200.0
gfx950,256,960,6144,6144,False,torch.bfloat16,torch.bfloat16,False,False,torch,0,0,85.2677,native,0.0,850.00,2200.0
gfx950,256,960,6144,6144,False,torch.bfloat16,torch.float32,False,False,torch,0,0,85.2677,native,0.0,850.00,2200.0
gfx950,256,992,6144,6144,False,torch.bfloat16,torch.bfloat16,False,False,torch,0,0,88.1100,native,0.0,850.00,2200.0
gfx950,256,992,6144,6144,False,torch.bfloat16,torch.float32,False,False,torch,0,0,88.1100,native,0.0,850.00,2200.0
gfx950,256,1024,6144,6144,False,torch.bfloat16,torch.float32,False,False,torch,0,0,90.9522,native,0.0,850.00,2200.0
gfx950,256,1152,6144,6144,False,torch.bfloat16,torch.bfloat16,False,False,torch,0,0,102.3213,native,0.0,850.00,2200.0
gfx950,256,1152,6144,6144,False,torch.bfloat16,torch.float32,False,False,torch,0,0,102.3213,native,0.0,850.00,2200.0
gfx950,256,1280,6144,6144,False,torch.bfloat16,torch.bfloat16,False,False,torch,0,0,113.6903,native,0.0,850.00,2200.0
gfx950,256,1280,6144,6144,False,torch.bfloat16,torch.float32,False,False,torch,0,0,113.6903,native,0.0,850.00,2200.0
gfx950,256,1408,6144,6144,False,torch.bfloat16,torch.bfloat16,False,False,torch,0,0,125.0593,native,0.0,850.00,2200.0
gfx950,256,1408,6144,6144,False,torch.bfloat16,torch.float32,False,False,torch,0,0,125.0593,native,0.0,850.00,2200.0
gfx950,256,1536,6144,6144,False,torch.bfloat16,torch.bfloat16,False,False,torch,0,0,136.4284,native,0.0,850.00,2200.0
gfx950,256,1536,6144,6144,False,torch.bfloat16,torch.float32,False,False,torch,0,0,136.4284,native,0.0,850.00,2200.0
gfx950,256,1664,6144,6144,False,torch.bfloat16,torch.bfloat16,False,False,torch,0,0,147.7974,native,0.0,850.00,2200.0
gfx950,256,1664,6144,6144,False,torch.bfloat16,torch.float32,False,False,torch,0,0,147.7974,native,0.0,850.00,2200.0
gfx950,256,1792,6144,6144,False,torch.bfloat16,torch.bfloat16,False,False,torch,0,0,159.1664,native,0.0,850.00,2200.0
gfx950,256,1792,6144,6144,False,torch.bfloat16,torch.float32,False,False,torch,0,0,159.1664,native,0.0,850.00,2200.0
gfx950,256,1920,6144,6144,False,torch.bfloat16,torch.bfloat16,False,False,torch,0,0,170.5355,native,0.0,850.00,2200.0
gfx950,256,1920,6144,6144,False,torch.bfloat16,torch.float32,False,False,torch,0,0,170.5355,native,0.0,850.00,2200.0
gfx950,256,2048,6144,6144,False,torch.bfloat16,torch.float32,False,False,torch,0,0,181.9045,native,0.0,850.00,2200.0
gfx950,256,2304,6144,6144,False,torch.bfloat16,torch.bfloat16,False,False,torch,0,0,204.6426,native,0.0,850.00,2200.0
gfx950,256,2304,6144,6144,False,torch.bfloat16,torch.float32,False,False,torch,0,0,204.6426,native,0.0,850.00,2200.0
gfx950,256,2560,6144,6144,False,torch.bfloat16,torch.bfloat16,False,False,torch,0,0,227.3806,native,0.0,850.00,2200.0
gfx950,256,2560,6144,6144,False,torch.bfloat16,torch.float32,False,False,torch,0,0,227.3806,native,0.0,850.00,2200.0
gfx950,256,2816,6144,6144,False,torch.bfloat16,torch.bfloat16,False,False,torch,0,0,250.1187,native,0.0,850.00,2200.0
gfx950,256,2816,6144,6144,False,torch.bfloat16,torch.float32,False,False,torch,0,0,250.1187,native,0.0,850.00,2200.0
gfx950,256,3072,6144,6144,False,torch.bfloat16,torch.bfloat16,False,False,torch,0,0,272.8567,native,0.0,850.00,2200.0
gfx950,256,3072,6144,6144,False,torch.bfloat16,torch.float32,False,False,torch,0,0,272.8567,native,0.0,850.00,2200.0
gfx950,256,3328,6144,6144,False,torch.bfloat16,torch.bfloat16,False,False,torch,0,0,295.5948,native,0.0,850.00,2200.0
gfx950,256,3328,6144,6144,False,torch.bfloat16,torch.float32,False,False,torch,0,0,295.5948,native,0.0,850.00,2200.0
gfx950,256,3584,6144,6144,False,torch.bfloat16,torch.bfloat16,False,False,torch,0,0,318.3329,native,0.0,850.00,2200.0
gfx950,256,3584,6144,6144,False,torch.bfloat16,torch.float32,False,False,torch,0,0,318.3329,native,0.0,850.00,2200.0
gfx950,256,3840,6144,6144,False,torch.bfloat16,torch.bfloat16,False,False,torch,0,0,341.0709,native,0.0,850.00,2200.0
gfx950,256,3840,6144,6144,False,torch.bfloat16,torch.float32,False,False,torch,0,0,341.0709,native,0.0,850.00,2200.0
gfx950,256,4096,6144,6144,False,torch.bfloat16,torch.float32,False,False,torch,0,0,363.8090,native,0.0,850.00,2200.0
gfx950,256,8192,6144,6144,False,torch.bfloat16,torch.float32,False,False,torch,0,0,727.6180,native,0.0,850.00,2200.0
gfx950,256,16384,6144,6144,False,torch.bfloat16,torch.float32,False,False,torch,0,0,1455.2360,native,0.0,850.00,2200.0
gfx950,256,32768,6144,6144,False,torch.bfloat16,torch.float32,False,False,torch,0,0,2910.4720,native,0.0,850.00,2200.0
gfx950,256,1,12288,6144,False,torch.bfloat16,torch.bfloat16,False,False,torch,0,0,1.0000,native,0.0,850.00,2200.0
gfx950,256,1,12288,6144,False,torch.bfloat16,torch.float32,False,False,torch,0,0,1.0000,native,0.0,850.00,2200.0
gfx950,256,2,12288,6144,False,torch.bfloat16,torch.bfloat16,False,False,torch,0,0,1.0000,native,0.0,850.00,2200.0
gfx950,256,2,12288,6144,False,torch.bfloat16,torch.float32,False,False,torch,0,0,1.0000,native,0.0,850.00,2200.0
gfx950,256,4,12288,6144,False,torch.bfloat16,torch.bfloat16,False,False,torch,0,0,1.0000,native,0.0,850.00,2200.0
gfx950,256,4,12288,6144,False,torch.bfloat16,torch.float32,False,False,torch,0,0,1.0000,native,0.0,850.00,2200.0
gfx950,256,8,12288,6144,False,torch.bfloat16,torch.bfloat16,False,False,torch,0,0,1.4211,native,0.0,850.00,2200.0
gfx950,256,8,12288,6144,False,torch.bfloat16,torch.float32,False,False,torch,0,0,1.4211,native,0.0,850.00,2200.0
gfx950,256,16,12288,6144,False,torch.bfloat16,torch.bfloat16,False,False,torch,0,0,2.8423,native,0.0,850.00,2200.0
gfx950,256,16,12288,6144,False,torch.bfloat16,torch.float32,False,False,torch,0,0,2.8423,native,0.0,850.00,2200.0
gfx950,256,24,12288,6144,False,torch.bfloat16,torch.bfloat16,False,False,torch,0,0,4.2634,native,0.0,850.00,2200.0
gfx950,256,24,12288,6144,False,torch.bfloat16,torch.float32,False,False,torch,0,0,4.2634,native,0.0,850.00,2200.0
gfx950,256,32,12288,6144,False,torch.bfloat16,torch.bfloat16,False,False,torch,0,0,5.6845,native,0.0,850.00,2200.0
gfx950,256,32,12288,6144,False,torch.bfloat16,torch.float32,False,False,torch,0,0,5.6845,native,0.0,850.00,2200.0
gfx950,256,48,12288,6144,False,torch.bfloat16,torch.bfloat16,False,False,torch,0,0,8.5268,native,0.0,850.00,2200.0
gfx950,256,48,12288,6144,False,torch.bfloat16,torch.float32,False,False,torch,0,0,8.5268,native,0.0,850.00,2200.0
gfx950,256,64,12288,6144,False,torch.bfloat16,torch.bfloat16,False,False,torch,0,0,11.3690,native,0.0,850.00,2200.0
gfx950,256,64,12288,6144,False,torch.bfloat16,torch.float32,False,False,torch,0,0,11.3690,native,0.0,850.00,2200.0
gfx950,256,80,12288,6144,False,torch.bfloat16,torch.float32,False,False,torch,0,0,14.2113,native,0.0,850.00,2200.0
gfx950,256,96,12288,6144,False,torch.bfloat16,torch.float32,False,False,torch,0,0,17.0535,native,0.0,850.00,2200.0
gfx950,256,112,12288,6144,False,torch.bfloat16,torch.float32,False,False,torch,0,0,19.8958,native,0.0,850.00,2200.0
gfx950,256,128,12288,6144,False,torch.bfloat16,torch.float32,False,False,torch,0,0,22.7381,native,0.0,850.00,2200.0
gfx950,256,144,12288,6144,False,torch.bfloat16,torch.float32,False,False,torch,0,0,25.5803,native,0.0,850.00,2200.0
gfx950,256,160,12288,6144,False,torch.bfloat16,torch.float32,False,False,torch,0,0,28.4226,native,0.0,850.00,2200.0
gfx950,256,176,12288,6144,False,torch.bfloat16,torch.float32,False,False,torch,0,0,31.2648,native,0.0,850.00,2200.0
gfx950,256,192,12288,6144,False,torch.bfloat16,torch.float32,False,False,torch,0,0,34.1071,native,0.0,850.00,2200.0
gfx950,256,208,12288,6144,False,torch.bfloat16,torch.float32,False,False,torch,0,0,36.9494,native,0.0,850.00,2200.0
gfx950,256,224,12288,6144,False,torch.bfloat16,torch.float32,False,False,torch,0,0,39.7916,native,0.0,850.00,2200.0
gfx950,256,240,12288,6144,False,torch.bfloat16,torch.float32,False,False,torch,0,0,42.6339,native,0.0,850.00,2200.0
gfx950,256,256,12288,6144,False,torch.bfloat16,torch.float32,False,False,torch,0,0,45.4761,native,0.0,850.00,2200.0
gfx950,256,272,12288,6144,False,torch.bfloat16,torch.bfloat16,False,False,torch,0,0,48.3184,native,0.0,850.00,2200.0
gfx950,256,272,12288,6144,False,torch.bfloat16,torch.float32,False,False,torch,0,0,48.3184,native,0.0,850.00,2200.0
gfx950,256,288,12288,6144,False,torch.bfloat16,torch.bfloat16,False,False,torch,0,0,51.1606,native,0.0,850.00,2200.0
gfx950,256,288,12288,6144,False,torch.bfloat16,torch.float32,False,False,torch,0,0,51.1606,native,0.0,850.00,2200.0
gfx950,256,304,12288,6144,False,torch.bfloat16,torch.bfloat16,False,False,torch,0,0,54.0029,native,0.0,850.00,2200.0
gfx950,256,304,12288,6144,False,torch.bfloat16,torch.float32,False,False,torch,0,0,54.0029,native,0.0,850.00,2200.0
gfx950,256,320,12288,6144,False,torch.bfloat16,torch.bfloat16,False,False,torch,0,0,56.8452,native,0.0,850.00,2200.0
gfx950,256,320,12288,6144,False,torch.bfloat16,torch.float32,False,False,torch,0,0,56.8452,native,0.0,850.00,2200.0
gfx950,256,336,12288,6144,False,torch.bfloat16,torch.bfloat16,False,False,torch,0,0,59.6874,native,0.0,850.00,2200.0
gfx950,256,336,12288,6144,False,torch.bfloat16,torch.float32,False,False,torch,0,0,59.6874,native,0.0,850.00,2200.0
gfx950,256,352,12288,6144,False,torch.bfloat16,torch.bfloat16,False,False,torch,0,0,62.5297,native,0.0,850.00,2200.0
gfx950,256,352,12288,6144,False,torch.bfloat16,torch.float32,False,False,torch,0,0,62.5297,native,0.0,850.00,2200.0
gfx950,256,368,12288,6144,False,torch.bfloat16,torch.bfloat16,False,False,torch,0,0,65.3719,native,0.0,850.00,2200.0
gfx950,256,368,12288,6144,False,torch.bfloat16,torch.float32,False,False,torch,0,0,65.3719,native,0.0,850.00,2200.0
gfx950,256,384,12288,6144,False,torch.bfloat16,torch.bfloat16,False,False,torch,0,0,68.2142,native,0.0,850.00,2200.0
gfx950,256,384,12288,6144,False,torch.bfloat16,torch.float32,False,False,torch,0,0,68.2142,native,0.0,850.00,2200.0
gfx950,256,400,12288,6144,False,torch.bfloat16,torch.bfloat16,False,False,torch,0,0,71.0564,native,0.0,850.00,2200.0
gfx950,256,400,12288,6144,False,torch.bfloat16,torch.float32,False,False,torch,0,0,71.0564,native,0.0,850.00,2200.0
gfx950,256,416,12288,6144,False,torch.bfloat16,torch.bfloat16,False,False,torch,0,0,73.8987,native,0.0,850.00,2200.0
gfx950,256,416,12288,6144,False,torch.bfloat16,torch.float32,False,False,torch,0,0,73.8987,native,0.0,850.00,2200.0
gfx950,256,432,12288,6144,False,torch.bfloat16,torch.bfloat16,False,False,torch,0,0,76.7410,native,0.0,850.00,2200.0
gfx950,256,432,12288,6144,False,torch.bfloat16,torch.float32,False,False,torch,0,0,76.7410,native,0.0,850.00,2200.0
gfx950,256,448,12288,6144,False,torch.bfloat16,torch.bfloat16,False,False,torch,0,0,79.5832,native,0.0,850.00,2200.0
gfx950,256,448,12288,6144,False,torch.bfloat16,torch.float32,False,False,torch,0,0,79.5832,native,0.0,850.00,2200.0
gfx950,256,464,12288,6144,False,torch.bfloat16,torch.bfloat16,False,False,torch,0,0,82.4255,native,0.0,850.00,2200.0
gfx950,256,464,12288,6144,False,torch.bfloat16,torch.float32,False,False,torch,0,0,82.4255,native,0.0,850.00,2200.0
gfx950,256,480,12288,6144,False,torch.bfloat16,torch.bfloat16,False,False,torch,0,0,85.2677,native,0.0,850.00,2200.0
gfx950,256,480,12288,6144,False,torch.bfloat16,torch.float32,False,False,torch,0,0,85.2677,native,0.0,850.00,2200.0
gfx950,256,496,12288,6144,False,torch.bfloat16,torch.bfloat16,False,False,torch,0,0,88.1100,native,0.0,850.00,2200.0
gfx950,256,496,12288,6144,False,torch.bfloat16,torch.float32,False,False,torch,0,0,88.1100,native,0.0,850.00,2200.0
gfx950,256,512,12288,6144,False,torch.bfloat16,torch.float32,False,False,torch,0,0,90.9522,native,0.0,850.00,2200.0
gfx950,256,544,12288,6144,False,torch.bfloat16,torch.bfloat16,False,False,torch,0,0,96.6368,native,0.0,850.00,2200.0
gfx950,256,544,12288,6144,False,torch.bfloat16,torch.float32,False,False,torch,0,0,96.6368,native,0.0,850.00,2200.0
gfx950,256,576,12288,6144,False,torch.bfloat16,torch.bfloat16,False,False,torch,0,0,102.3213,native,0.0,850.00,2200.0
gfx950,256,576,12288,6144,False,torch.bfloat16,torch.float32,False,False,torch,0,0,102.3213,native,0.0,850.00,2200.0
gfx950,256,608,12288,6144,False,torch.bfloat16,torch.bfloat16,False,False,torch,0,0,108.0058,native,0.0,850.00,2200.0
gfx950,256,608,12288,6144,False,torch.bfloat16,torch.float32,False,False,torch,0,0,108.0058,native,0.0,850.00,2200.0
gfx950,256,640,12288,6144,False,torch.bfloat16,torch.bfloat16,False,False,torch,0,0,113.6903,native,0.0,850.00,2200.0
gfx950,256,640,12288,6144,False,torch.bfloat16,torch.float32,False,False,torch,0,0,113.6903,native,0.0,850.00,2200.0
gfx950,256,672,12288,6144,False,torch.bfloat16,torch.bfloat16,False,False,torch,0,0,119.3748,native,0.0,850.00,2200.0
gfx950,256,672,12288,6144,False,torch.bfloat16,torch.float32,False,False,torch,0,0,119.3748,native,0.0,850.00,2200.0
gfx950,256,704,12288,6144,False,torch.bfloat16,torch.bfloat16,False,False,torch,0,0,125.0593,native,0.0,850.00,2200.0
gfx950,256,704,12288,6144,False,torch.bfloat16,torch.float32,False,False,torch,0,0,125.0593,native,0.0,850.00,2200.0
gfx950,256,736,12288,6144,False,torch.bfloat16,torch.bfloat16,False,False,torch,0,0,130.7439,native,0.0,850.00,2200.0
gfx950,256,736,12288,6144,False,torch.bfloat16,torch.float32,False,False,torch,0,0,130.7439,native,0.0,850.00,2200.0
gfx950,256,768,12288,6144,False,torch.bfloat16,torch.bfloat16,False,False,torch,0,0,136.4284,native,0.0,850.00,2200.0
gfx950,256,768,12288,6144,False,torch.bfloat16,torch.float32,False,False,torch,0,0,136.4284,native,0.0,850.00,2200.0
gfx950,256,800,12288,6144,False,torch.bfloat16,torch.bfloat16,False,False,torch,0,0,142.1129,native,0.0,850.00,2200.0
gfx950,256,800,12288,6144,False,torch.bfloat16,torch.float32,False,False,torch,0,0,142.1129,native,0.0,850.00,2200.0
gfx950,256,832,12288,6144,False,torch.bfloat16,torch.bfloat16,False,False,torch,0,0,147.7974,native,0.0,850.00,2200.0
gfx950,256,832,12288,6144,False,torch.bfloat16,torch.float32,False,False,torch,0,0,147.7974,native,0.0,850.00,2200.0
gfx950,256,864,12288,6144,False,torch.bfloat16,torch.bfloat16,False,False,torch,0,0,153.4819,native,0.0,850.00,2200.0
gfx950,256,864,12288,6144,False,torch.bfloat16,torch.float32,False,False,torch,0,0,153.4819,native,0.0,850.00,2200.0
gfx950,256,896,12288,6144,False,torch.bfloat16,torch.bfloat16,False,False,torch,0,0,159.1664,native,0.0,850.00,2200.0
gfx950,256,896,12288,6144,False,torch.bfloat16,torch.float32,False,False,torch,0,0,159.1664,native,0.0,850.00,2200.0
gfx950,256,928,12288,6144,False,torch.bfloat16,torch.bfloat16,False,False,torch,0,0,164.8510,native,0.0,850.00,2200.0
gfx950,256,928,12288,6144,False,torch.bfloat16,torch.float32,False,False,torch,0,0,164.8510,native,0.0,850.00,2200.0
gfx950,256,960,12288,6144,False,torch.bfloat16,torch.bfloat16,False,False,torch,0,0,170.5355,native,0.0,850.00,2200.0
gfx950,256,960,12288,6144,False,torch.bfloat16,torch.float32,False,False,torch,0,0,170.5355,native,0.0,850.00,2200.0
gfx950,256,992,12288,6144,False,torch.bfloat16,torch.bfloat16,False,False,torch,0,0,176.2200,native,0.0,850.00,2200.0
gfx950,256,992,12288,6144,False,torch.bfloat16,torch.float32,False,False,torch,0,0,176.2200,native,0.0,850.00,2200.0
gfx950,256,1024,12288,6144,False,torch.bfloat16,torch.float32,False,False,torch,0,0,181.9045,native,0.0,850.00,2200.0
gfx950,256,1152,12288,6144,False,torch.bfloat16,torch.bfloat16,False,False,torch,0,0,204.6426,native,0.0,850.00,2200.0
gfx950,256,1152,12288,6144,False,torch.bfloat16,torch.float32,False,False,torch,0,0,204.6426,native,0.0,850.00,2200.0
gfx950,256,1280,12288,6144,False,torch.bfloat16,torch.bfloat16,False,False,torch,0,0,227.3806,native,0.0,850.00,2200.0
gfx950,256,1280,12288,6144,False,torch.bfloat16,torch.float32,False,False,torch,0,0,227.3806,native,0.0,850.00,2200.0
gfx950,256,1408,12288,6144,False,torch.bfloat16,torch.bfloat16,False,False,torch,0,0,250.1187,native,0.0,850.00,2200.0
gfx950,256,1408,12288,6144,False,torch.bfloat16,torch.float32,False,False,torch,0,0,250.1187,native,0.0,850.00,2200.0
gfx950,256,1536,12288,6144,False,torch.bfloat16,torch.bfloat16,False,False,torch,0,0,272.8567,native,0.0,850.00,2200.0
gfx950,256,1536,12288,6144,False,torch.bfloat16,torch.float32,False,False,torch,0,0,272.8567,native,0.0,850.00,2200.0
gfx950,256,1664,12288,6144,False,torch.bfloat16,torch.bfloat16,False,False,torch,0,0,295.5948,native,0.0,850.00,2200.0
gfx950,256,1664,12288,6144,False,torch.bfloat16,torch.float32,False,False,torch,0,0,295.5948,native,0.0,850.00,2200.0
gfx950,256,1792,12288,6144,False,torch.bfloat16,torch.bfloat16,False,False,torch,0,0,318.3329,native,0.0,850.00,2200.0
gfx950,256,1792,12288,6144,False,torch.bfloat16,torch.float32,False,False,torch,0,0,318.3329,native,0.0,850.00,2200.0
gfx950,256,1920,12288,6144,False,torch.bfloat16,torch.bfloat16,False,False,torch,0,0,341.0709,native,0.0,850.00,2200.0
gfx950,256,1920,12288,6144,False,torch.bfloat16,torch.float32,False,False,torch,0,0,341.0709,native,0.0,850.00,2200.0
gfx950,256,2048,12288,6144,False,torch.bfloat16,torch.float32,False,False,torch,0,0,363.8090,native,0.0,850.00,2200.0
gfx950,256,2304,12288,6144,False,torch.bfloat16,torch.bfloat16,False,False,torch,0,0,409.2851,native,0.0,850.00,2200.0
gfx950,256,2304,12288,6144,False,torch.bfloat16,torch.float32,False,False,torch,0,0,409.2851,native,0.0,850.00,2200.0
gfx950,256,2560,12288,6144,False,torch.bfloat16,torch.bfloat16,False,False,torch,0,0,454.7612,native,0.0,850.00,2200.0
gfx950,256,2560,12288,6144,False,torch.bfloat16,torch.float32,False,False,torch,0,0,454.7612,native,0.0,850.00,2200.0
gfx950,256,2816,12288,6144,False,torch.bfloat16,torch.bfloat16,False,False,torch,0,0,500.2374,native,0.0,850.00,2200.0
gfx950,256,2816,12288,6144,False,torch.bfloat16,torch.float32,False,False,torch,0,0,500.2374,native,0.0,850.00,2200.0
gfx950,256,3072,12288,6144,False,torch.bfloat16,torch.bfloat16,False,False,torch,0,0,545.7135,native,0.0,850.00,2200.0
gfx950,256,3072,12288,6144,False,torch.bfloat16,torch.float32,False,False,torch,0,0,545.7135,native,0.0,850.00,2200.0
gfx950,256,3328,12288,6144,False,torch.bfloat16,torch.bfloat16,False,False,torch,0,0,591.1896,native,0.0,850.00,2200.0
gfx950,256,3328,12288,6144,False,torch.bfloat16,torch.float32,False,False,torch,0,0,591.1896,native,0.0,850.00,2200.0
gfx950,256,3584,12288,6144,False,torch.bfloat16,torch.bfloat16,False,False,torch,0,0,636.6657,native,0.0,850.00,2200.0
gfx950,256,3584,12288,6144,False,torch.bfloat16,torch.float32,False,False,torch,0,0,636.6657,native,0.0,850.00,2200.0
gfx950,256,3840,12288,6144,False,torch.bfloat16,torch.bfloat16,False,False,torch,0,0,682.1419,native,0.0,850.00,2200.0
gfx950,256,3840,12288,6144,False,torch.bfloat16,torch.float32,False,False,torch,0,0,682.1419,native,0.0,850.00,2200.0
gfx950,256,4096,12288,6144,False,torch.bfloat16,torch.float32,False,False,torch,0,0,727.6180,native,0.0,850.00,2200.0
gfx950,256,8192,12288,6144,False,torch.bfloat16,torch.float32,False,False,torch,0,0,1455.2360,native,0.0,850.00,2200.0
gfx950,256,16384,12288,6144,False,torch.bfloat16,torch.float32,False,False,torch,0,0,2910.4720,native,0.0,850.00,2200.0
gfx950,256,32768,12288,6144,False,torch.bfloat16,torch.float32,False,False,torch,0,0,5820.9439,native,0.0,850.00,2200.0
gfx950,256,1,100032,6144,False,torch.bfloat16,torch.bfloat16,False,False,torch,0,0,1.4461,native,0.0,850.00,2200.0
gfx950,256,1,100032,6144,False,torch.bfloat16,torch.float32,False,False,torch,0,0,1.4461,native,0.0,850.00,2200.0
gfx950,256,2,100032,6144,False,torch.bfloat16,torch.bfloat16,False,False,torch,0,0,2.8922,native,0.0,850.00,2200.0
gfx950,256,2,100032,6144,False,torch.bfloat16,torch.float32,False,False,torch,0,0,2.8922,native,0.0,850.00,2200.0
gfx950,256,4,100032,6144,False,torch.bfloat16,torch.bfloat16,False,False,torch,0,0,5.7844,native,0.0,850.00,2200.0
gfx950,256,4,100032,6144,False,torch.bfloat16,torch.float32,False,False,torch,0,0,5.7844,native,0.0,850.00,2200.0
gfx950,256,8,100032,6144,False,torch.bfloat16,torch.bfloat16,False,False,torch,0,0,11.5689,native,0.0,850.00,2200.0
gfx950,256,8,100032,6144,False,torch.bfloat16,torch.float32,False,False,torch,0,0,11.5689,native,0.0,850.00,2200.0
gfx950,256,16,100032,6144,False,torch.bfloat16,torch.bfloat16,False,False,torch,0,0,23.1378,native,0.0,850.00,2200.0
gfx950,256,16,100032,6144,False,torch.bfloat16,torch.float32,False,False,torch,0,0,23.1378,native,0.0,850.00,2200.0
gfx950,256,24,100032,6144,False,torch.bfloat16,torch.bfloat16,False,False,torch,0,0,34.7066,native,0.0,850.00,2200.0
gfx950,256,24,100032,6144,False,torch.bfloat16,torch.float32,False,False,torch,0,0,34.7066,native,0.0,850.00,2200.0
gfx950,256,32,100032,6144,False,torch.bfloat16,torch.bfloat16,False,False,torch,0,0,46.2755,native,0.0,850.00,2200.0
gfx950,256,32,100032,6144,False,torch.bfloat16,torch.float32,False,False,torch,0,0,46.2755,native,0.0,850.00,2200.0
gfx950,256,48,100032,6144,False,torch.bfloat16,torch.bfloat16,False,False,torch,0,0,69.4133,native,0.0,850.00,2200.0
gfx950,256,48,100032,6144,False,torch.bfloat16,torch.float32,False,False,torch,0,0,69.4133,native,0.0,850.00,2200.0
gfx950,256,64,100032,6144,False,torch.bfloat16,torch.bfloat16,False,False,torch,0,0,92.5510,native,0.0,850.00,2200.0
gfx950,256,64,100032,6144,False,torch.bfloat16,torch.float32,False,False,torch,0,0,92.5510,native,0.0,850.00,2200.0
gfx950,256,80,100032,6144,False,torch.bfloat16,torch.float32,False,False,torch,0,0,115.6888,native,0.0,850.00,2200.0
gfx950,256,96,100032,6144,False,torch.bfloat16,torch.float32,False,False,torch,0,0,138.8265,native,0.0,850.00,2200.0
gfx950,256,112,100032,6144,False,torch.bfloat16,torch.float32,False,False,torch,0,0,161.9643,native,0.0,850.00,2200.0
gfx950,256,128,100032,6144,False,torch.bfloat16,torch.float32,False,False,torch,0,0,185.1020,native,0.0,850.00,2200.0
gfx950,256,144,100032,6144,False,torch.bfloat16,torch.float32,False,False,torch,0,0,208.2398,native,0.0,850.00,2200.0
gfx950,256,160,100032,6144,False,torch.bfloat16,torch.float32,False,False,torch,0,0,231.3775,native,0.0,850.00,2200.0
gfx950,256,176,100032,6144,False,torch.bfloat16,torch.float32,False,False,torch,0,0,254.5153,native,0.0,850.00,2200.0
gfx950,256,192,100032,6144,False,torch.bfloat16,torch.float32,False,False,torch,0,0,277.6531,native,0.0,850.00,2200.0
gfx950,256,208,100032,6144,False,torch.bfloat16,torch.float32,False,False,torch,0,0,300.7908,native,0.0,850.00,2200.0
gfx950,256,224,100032,6144,False,torch.bfloat16,torch.float32,False,False,torch,0,0,323.9286,native,0.0,850.00,2200.0
gfx950,256,240,100032,6144,False,torch.bfloat16,torch.float32,False,False,torch,0,0,347.0663,native,0.0,850.00,2200.0
gfx950,256,256,100032,6144,False,torch.bfloat16,torch.float32,False,False,torch,0,0,370.2041,native,0.0,850.00,2200.0
gfx950,256,272,100032,6144,False,torch.bfloat16,torch.bfloat16,False,False,torch,0,0,393.3418,native,0.0,850.00,2200.0
gfx950,256,272,100032,6144,False,torch.bfloat16,torch.float32,False,False,torch,0,0,393.3418,native,0.0,850.00,2200.0
gfx950,256,288,100032,6144,False,torch.bfloat16,torch.bfloat16,False,False,torch,0,0,416.4796,native,0.0,850.00,2200.0
gfx950,256,288,100032,6144,False,torch.bfloat16,torch.float32,False,False,torch,0,0,416.4796,native,0.0,850.00,2200.0
gfx950,256,304,100032,6144,False,torch.bfloat16,torch.bfloat16,False,False,torch,0,0,439.6173,native,0.0,850.00,2200.0
gfx950,256,304,100032,6144,False,torch.bfloat16,torch.float32,False,False,torch,0,0,439.6173,native,0.0,850.00,2200.0
gfx950,256,320,100032,6144,False,torch.bfloat16,torch.bfloat16,False,False,torch,0,0,462.7551,native,0.0,850.00,2200.0
gfx950,256,320,100032,6144,False,torch.bfloat16,torch.float32,False,False,torch,0,0,462.7551,native,0.0,850.00,2200.0
gfx950,256,336,100032,6144,False,torch.bfloat16,torch.bfloat16,False,False,torch,0,0,485.8928,native,0.0,850.00,2200.0
gfx950,256,336,100032,6144,False,torch.bfloat16,torch.float32,False,False,torch,0,0,485.8928,native,0.0,850.00,2200.0
gfx950,256,352,100032,6144,False,torch.bfloat16,torch.bfloat16,False,False,torch,0,0,509.0306,native,0.0,850.00,2200.0
gfx950,256,352,100032,6144,False,torch.bfloat16,torch.float32,False,False,torch,0,0,509.0306,native,0.0,850.00,2200.0
gfx950,256,368,100032,6144,False,torch.bfloat16,torch.bfloat16,False,False,torch,0,0,532.1684,native,0.0,850.00,2200.0
gfx950,256,368,100032,6144,False,torch.bfloat16,torch.float32,False,False,torch,0,0,532.1684,native,0.0,850.00,2200.0
gfx950,256,384,100032,6144,False,torch.bfloat16,torch.bfloat16,False,False,torch,0,0,555.3061,native,0.0,850.00,2200.0
gfx950,256,384,100032,6144,False,torch.bfloat16,torch.float32,False,False,torch,0,0,555.3061,native,0.0,850.00,2200.0
gfx950,256,400,100032,6144,False,torch.bfloat16,torch.bfloat16,False,False,torch,0,0,578.4439,native,0.0,850.00,2200.0
gfx950,256,400,100032,6144,False,torch.bfloat16,torch.float32,False,False,torch,0,0,578.4439,native,0.0,850.00,2200.0
gfx950,256,416,100032,6144,False,torch.bfloat16,torch.bfloat16,False,False,torch,0,0,601.5816,native,0.0,850.00,2200.0
gfx950,256,416,100032,6144,False,torch.bfloat16,torch.float32,False,False,torch,0,0,601.5816,native,0.0,850.00,2200.0
gfx950,256,432,100032,6144,False,torch.bfloat16,torch.bfloat16,False,False,torch,0,0,624.7194,native,0.0,850.00,2200.0
gfx950,256,432,100032,6144,False,torch.bfloat16,torch.float32,False,False,torch,0,0,624.7194,native,0.0,850.00,2200.0
gfx950,256,448,100032,6144,False,torch.bfloat16,torch.bfloat16,False,False,torch,0,0,647.8571,native,0.0,850.00,2200.0
gfx950,256,448,100032,6144,False,torch.bfloat16,torch.float32,False,False,torch,0,0,647.8571,native,0.0,850.00,2200.0
gfx950,256,464,100032,6144,False,torch.bfloat16,torch.bfloat16,False,False,torch,0,0,670.9949,native,0.0,850.00,2200.0
gfx950,256,464,100032,6144,False,torch.bfloat16,torch.float32,False,False,torch,0,0,670.9949,native,0.0,850.00,2200.0
gfx950,256,480,100032,6144,False,torch.bfloat16,torch.bfloat16,False,False,torch,0,0,694.1326,native,0.0,850.00,2200.0
gfx950,256,480,100032,6144,False,torch.bfloat16,torch.float32,False,False,torch,0,0,694.1326,native,0.0,850.00,2200.0
gfx950,256,496,100032,6144,False,torch.bfloat16,torch.bfloat16,False,False,torch,0,0,717.2704,native,0.0,850.00,2200.0
gfx950,256,496,100032,6144,False,torch.bfloat16,torch.float32,False,False,torch,0,0,717.2704,native,0.0,850.00,2200.0
gfx950,256,512,100032,6144,False,torch.bfloat16,torch.float32,False,False,torch,0,0,740.4081,native,0.0,850.00,2200.0
gfx950,256,544,100032,6144,False,torch.bfloat16,torch.bfloat16,False,False,torch,0,0,786.6837,native,0.0,850.00,2200.0
gfx950,256,544,100032,6144,False,torch.bfloat16,torch.float32,False,False,torch,0,0,786.6837,native,0.0,850.00,2200.0
gfx950,256,576,100032,6144,False,torch.bfloat16,torch.bfloat16,False,False,torch,0,0,832.9592,native,0.0,850.00,2200.0
gfx950,256,576,100032,6144,False,torch.bfloat16,torch.float32,False,False,torch,0,0,832.9592,native,0.0,850.00,2200.0
gfx950,256,608,100032,6144,False,torch.bfloat16,torch.bfloat16,False,False,torch,0,0,879.2347,native,0.0,850.00,2200.0
gfx950,256,608,100032,6144,False,torch.bfloat16,torch.float32,False,False,torch,0,0,879.2347,native,0.0,850.00,2200.0
gfx950,256,640,100032,6144,False,torch.bfloat16,torch.bfloat16,False,False,torch,0,0,925.5102,native,0.0,850.00,2200.0
gfx950,256,640,100032,6144,False,torch.bfloat16,torch.float32,False,False,torch,0,0,925.5102,native,0.0,850.00,2200.0
gfx950,256,672,100032,6144,False,torch.bfloat16,torch.bfloat16,False,False,torch,0,0,971.7857,native,0.0,850.00,2200.0
gfx950,256,672,100032,6144,False,torch.bfloat16,torch.float32,False,False,torch,0,0,971.7857,native,0.0,850.00,2200.0
gfx950,256,704,100032,6144,False,torch.bfloat16,torch.bfloat16,False,False,torch,0,0,1018.0612,native,0.0,850.00,2200.0
gfx950,256,704,100032,6144,False,torch.bfloat16,torch.float32,False,False,torch,0,0,1018.0612,native,0.0,850.00,2200.0
gfx950,256,736,100032,6144,False,torch.bfloat16,torch.bfloat16,False,False,torch,0,0,1064.3367,native,0.0,850.00,2200.0
gfx950,256,736,100032,6144,False,torch.bfloat16,torch.float32,False,False,torch,0,0,1064.3367,native,0.0,850.00,2200.0
gfx950,256,768,100032,6144,False,torch.bfloat16,torch.bfloat16,False,False,torch,0,0,1110.6122,native,0.0,850.00,2200.0
gfx950,256,768,100032,6144,False,torch.bfloat16,torch.float32,False,False,torch,0,0,1110.6122,native,0.0,850.00,2200.0
gfx950,256,800,100032,6144,False,torch.bfloat16,torch.bfloat16,False,False,torch,0,0,1156.8877,native,0.0,850.00,2200.0
gfx950,256,800,100032,6144,False,torch.bfloat16,torch.float32,False,False,torch,0,0,1156.8877,native,0.0,850.00,2200.0
gfx950,256,832,100032,6144,False,torch.bfloat16,torch.bfloat16,False,False,torch,0,0,1203.1632,native,0.0,850.00,2200.0
gfx950,256,832,100032,6144,False,torch.bfloat16,torch.float32,False,False,torch,0,0,1203.1632,native,0.0,850.00,2200.0
gfx950,256,864,100032,6144,False,torch.bfloat16,torch.bfloat16,False,False,torch,0,0,1249.4388,native,0.0,850.00,2200.0
gfx950,256,864,100032,6144,False,torch.bfloat16,torch.float32,False,False,torch,0,0,1249.4388,native,0.0,850.00,2200.0
gfx950,256,896,100032,6144,False,torch.bfloat16,torch.bfloat16,False,False,torch,0,0,1295.7143,native,0.0,850.00,2200.0
gfx950,256,896,100032,6144,False,torch.bfloat16,torch.float32,False,False,torch,0,0,1295.7143,native,0.0,850.00,2200.0
gfx950,256,928,100032,6144,False,torch.bfloat16,torch.bfloat16,False,False,torch,0,0,1341.9898,native,0.0,850.00,2200.0
gfx950,256,928,100032,6144,False,torch.bfloat16,torch.float32,False,False,torch,0,0,1341.9898,native,0.0,850.00,2200.0
gfx950,256,960,100032,6144,False,torch.bfloat16,torch.bfloat16,False,False,torch,0,0,1388.2653,native,0.0,850.00,2200.0
gfx950,256,960,100032,6144,False,torch.bfloat16,torch.float32,False,False,torch,0,0,1388.2653,native,0.0,850.00,2200.0
gfx950,256,992,100032,6144,False,torch.bfloat16,torch.bfloat16,False,False,torch,0,0,1434.5408,native,0.0,850.00,2200.0
gfx950,256,992,100032,6144,False,torch.bfloat16,torch.float32,False,False,torch,0,0,1434.5408,native,0.0,850.00,2200.0
gfx950,256,1024,100032,6144,False,torch.bfloat16,torch.float32,False,False,torch,0,0,1480.8163,native,0.0,850.00,2200.0
gfx950,256,1152,100032,6144,False,torch.bfloat16,torch.bfloat16,False,False,torch,0,0,1665.9183,native,0.0,850.00,2200.0
gfx950,256,1152,100032,6144,False,torch.bfloat16,torch.float32,False,False,torch,0,0,1665.9183,native,0.0,850.00,2200.0
gfx950,256,1280,100032,6144,False,torch.bfloat16,torch.bfloat16,False,False,torch,0,0,1851.0204,native,0.0,850.00,2200.0
gfx950,256,1280,100032,6144,False,torch.bfloat16,torch.float32,False,False,torch,0,0,1851.0204,native,0.0,850.00,2200.0
gfx950,256,1408,100032,6144,False,torch.bfloat16,torch.bfloat16,False,False,torch,0,0,2036.1224,native,0.0,850.00,2200.0
gfx950,256,1408,100032,6144,False,torch.bfloat16,torch.float32,False,False,torch,0,0,2036.1224,native,0.0,850.00,2200.0
gfx950,256,1536,100032,6144,False,torch.bfloat16,torch.bfloat16,False,False,torch,0,0,2221.2244,native,0.0,850.00,2200.0
gfx950,256,1536,100032,6144,False,torch.bfloat16,torch.float32,False,False,torch,0,0,2221.2244,native,0.0,850.00,2200.0
gfx950,256,1664,100032,6144,False,torch.bfloat16,torch.bfloat16,False,False,torch,0,0,2406.3265,native,0.0,850.00,2200.0
gfx950,256,1664,100032,6144,False,torch.bfloat16,torch.float32,False,False,torch,0,0,2406.3265,native,0.0,850.00,2200.0
gfx950,256,1792,100032,6144,False,torch.bfloat16,torch.bfloat16,False,False,torch,0,0,2591.4285,native,0.0,850.00,2200.0
gfx950,256,1792,100032,6144,False,torch.bfloat16,torch.float32,False,False,torch,0,0,2591.4285,native,0.0,850.00,2200.0
gfx950,256,1920,100032,6144,False,torch.bfloat16,torch.bfloat16,False,False,torch,0,0,2776.5306,native,0.0,850.00,2200.0
gfx950,256,1920,100032,6144,False,torch.bfloat16,torch.float32,False,False,torch,0,0,2776.5306,native,0.0,850.00,2200.0
gfx950,256,2048,100032,6144,False,torch.bfloat16,torch.float32,False,False,torch,0,0,2961.6326,native,0.0,850.00,2200.0
gfx950,256,2304,100032,6144,False,torch.bfloat16,torch.bfloat16,False,False,torch,0,0,3331.8367,native,0.0,850.00,2200.0
gfx950,256,2304,100032,6144,False,torch.bfloat16,torch.float32,False,False,torch,0,0,3331.8367,native,0.0,850.00,2200.0
gfx950,256,2560,100032,6144,False,torch.bfloat16,torch.bfloat16,False,False,torch,0,0,3702.0407,native,0.0,850.00,2200.0
gfx950,256,2560,100032,6144,False,torch.bfloat16,torch.float32,False,False,torch,0,0,3702.0407,native,0.0,850.00,2200.0
gfx950,256,2816,100032,6144,False,torch.bfloat16,torch.bfloat16,False,False,torch,0,0,4072.2448,native,0.0,850.00,2200.0
gfx950,256,2816,100032,6144,False,torch.bfloat16,torch.float32,False,False,torch,0,0,4072.2448,native,0.0,850.00,2200.0
gfx950,256,3072,100032,6144,False,torch.bfloat16,torch.bfloat16,False,False,torch,0,0,4442.4489,native,0.0,850.00,2200.0
gfx950,256,3072,100032,6144,False,torch.bfloat16,torch.float32,False,False,torch,0,0,4442.4489,native,0.0,850.00,2200.0
gfx950,256,3328,100032,6144,False,torch.bfloat16,torch.bfloat16,False,False,torch,0,0,4812.6530,native,0.0,850.00,2200.0
gfx950,256,3328,100032,6144,False,torch.bfloat16,torch.float32,False,False,torch,0,0,4812.6530,native,0.0,850.00,2200.0
gfx950,256,3584,100032,6144,False,torch.bfloat16,torch.bfloat16,False,False,torch,0,0,5182.8570,native,0.0,850.00,2200.0
gfx950,256,3584,100032,6144,False,torch.bfloat16,torch.float32,False,False,torch,0,0,5182.8570,native,0.0,850.00,2200.0
gfx950,256,3840,100032,6144,False,torch.bfloat16,torch.bfloat16,False,False,torch,0,0,5553.0611,native,0.0,850.00,2200.0
gfx950,256,3840,100032,6144,False,torch.bfloat16,torch.float32,False,False,torch,0,0,5553.0611,native,0.0,850.00,2200.0
gfx950,256,4096,100032,6144,False,torch.bfloat16,torch.float32,False,False,torch,0,0,5923.2652,native,0.0,850.00,2200.0
gfx950,256,8192,100032,6144,False,torch.bfloat16,torch.float32,False,False,torch,0,0,11846.5304,native,0.0,850.00,2200.0
gfx950,256,16384,100032,6144,False,torch.bfloat16,torch.float32,False,False,torch,0,0,23693.0608,native,0.0,850.00,2200.0
gfx950,256,32768,100032,6144,False,torch.bfloat16,torch.bfloat16,False,False,torch,0,0,47386.1215,native,0.0,850.00,2200.0
gfx950,256,32768,100032,6144,False,torch.bfloat16,torch.float32,False,False,torch,0,0,47386.1215,native,0.0,850.00,2200.0
gfx950,256,1,2304,6144,False,torch.bfloat16,torch.float32,False,False,torch,0,0,1.0000,native,0.0,850.00,2200.0
gfx950,256,2,2304,6144,False,torch.bfloat16,torch.float32,False,False,torch,0,0,1.0000,native,0.0,850.00,2200.0
gfx950,256,4,2304,6144,False,torch.bfloat16,torch.float32,False,False,torch,0,0,1.0000,native,0.0,850.00,2200.0
gfx950,256,8,2304,6144,False,torch.bfloat16,torch.float32,False,False,torch,0,0,1.0000,native,0.0,850.00,2200.0
gfx950,256,16,2304,6144,False,torch.bfloat16,torch.float32,False,False,torch,0,0,1.0000,native,0.0,850.00,2200.0
gfx950,256,24,2304,6144,False,torch.bfloat16,torch.bfloat16,False,False,torch,0,0,1.0000,native,0.0,850.00,2200.0
gfx950,256,24,2304,6144,False,torch.bfloat16,torch.float32,False,False,torch,0,0,1.0000,native,0.0,850.00,2200.0
gfx950,256,32,2304,6144,False,torch.bfloat16,torch.float32,False,False,torch,0,0,1.0658,native,0.0,850.00,2200.0
gfx950,256,48,2304,6144,False,torch.bfloat16,torch.bfloat16,False,False,torch,0,0,1.5988,native,0.0,850.00,2200.0
gfx950,256,48,2304,6144,False,torch.bfloat16,torch.float32,False,False,torch,0,0,1.5988,native,0.0,850.00,2200.0
gfx950,256,64,2304,6144,False,torch.bfloat16,torch.float32,False,False,torch,0,0,2.1317,native,0.0,850.00,2200.0
gfx950,256,80,2304,6144,False,torch.bfloat16,torch.bfloat16,False,False,torch,0,0,2.6646,native,0.0,850.00,2200.0
gfx950,256,80,2304,6144,False,torch.bfloat16,torch.float32,False,False,torch,0,0,2.6646,native,0.0,850.00,2200.0
gfx950,256,96,2304,6144,False,torch.bfloat16,torch.bfloat16,False,False,torch,0,0,3.1975,native,0.0,850.00,2200.0
gfx950,256,96,2304,6144,False,torch.bfloat16,torch.float32,False,False,torch,0,0,3.1975,native,0.0,850.00,2200.0
gfx950,256,112,2304,6144,False,torch.bfloat16,torch.float32,False,False,torch,0,0,3.7305,native,0.0,850.00,2200.0
gfx950,256,128,2304,6144,False,torch.bfloat16,torch.float32,False,False,torch,0,0,4.2634,native,0.0,850.00,2200.0
gfx950,256,144,2304,6144,False,torch.bfloat16,torch.bfloat16,False,False,torch,0,0,4.7963,native,0.0,850.00,2200.0
gfx950,256,144,2304,6144,False,torch.bfloat16,torch.float32,False,False,torch,0,0,4.7963,native,0.0,850.00,2200.0
gfx950,256,160,2304,6144,False,torch.bfloat16,torch.bfloat16,False,False,torch,0,0,5.3292,native,0.0,850.00,2200.0
gfx950,256,160,2304,6144,False,torch.bfloat16,torch.float32,False,False,torch,0,0,5.3292,native,0.0,850.00,2200.0
gfx950,256,176,2304,6144,False,torch.bfloat16,torch.bfloat16,False,False,torch,0,0,5.8622,native,0.0,850.00,2200.0
gfx950,256,176,2304,6144,False,torch.bfloat16,torch.float32,False,False,torch,0,0,5.8622,native,0.0,850.00,2200.0
gfx950,256,192,2304,6144,False,torch.bfloat16,torch.float32,False,False,torch,0,0,6.3951,native,0.0,850.00,2200.0
gfx950,256,208,2304,6144,False,torch.bfloat16,torch.bfloat16,False,False,torch,0,0,6.9280,native,0.0,850.00,2200.0
gfx950,256,208,2304,6144,False,torch.bfloat16,torch.float32,False,False,torch,0,0,6.9280,native,0.0,850.00,2200.0
gfx950,256,224,2304,6144,False,torch.bfloat16,torch.bfloat16,False,False,torch,0,0,7.4609,native,0.0,850.00,2200.0
gfx950,256,224,2304,6144,False,torch.bfloat16,torch.float32,False,False,torch,0,0,7.4609,native,0.0,850.00,2200.0
gfx950,256,240,2304,6144,False,torch.bfloat16,torch.bfloat16,False,False,torch,0,0,7.9938,native,0.0,850.00,2200.0
gfx950,256,240,2304,6144,False,torch.bfloat16,torch.float32,False,False,torch,0,0,7.9938,native,0.0,850.00,2200.0
gfx950,256,256,2304,6144,False,torch.bfloat16,torch.float32,False,False,torch,0,0,8.5268,native,0.0,850.00,2200.0
gfx950,256,272,2304,6144,False,torch.bfloat16,torch.bfloat16,False,False,torch,0,0,9.0597,native,0.0,850.00,2200.0
gfx950,256,272,2304,6144,False,torch.bfloat16,torch.float32,False,False,torch,0,0,9.0597,native,0.0,850.00,2200.0
gfx950,256,288,2304,6144,False,torch.bfloat16,torch.bfloat16,False,False,torch,0,0,9.5926,native,0.0,850.00,2200.0
gfx950,256,288,2304,6144,False,torch.bfloat16,torch.float32,False,False,torch,0,0,9.5926,native,0.0,850.00,2200.0
gfx950,256,304,2304,6144,False,torch.bfloat16,torch.bfloat16,False,False,torch,0,0,10.1255,native,0.0,850.00,2200.0
gfx950,256,304,2304,6144,False,torch.bfloat16,torch.float32,False,False,torch,0,0,10.1255,native,0.0,850.00,2200.0
gfx950,256,320,2304,6144,False,torch.bfloat16,torch.float32,False,False,torch,0,0,10.6585,native,0.0,850.00,2200.0
gfx950,256,336,2304,6144,False,torch.bfloat16,torch.bfloat16,False,False,torch,0,0,11.1914,native,0.0,850.00,2200.0
gfx950,256,336,2304,6144,False,torch.bfloat16,torch.float32,False,False,torch,0,0,11.1914,native,0.0,850.00,2200.0
gfx950,256,352,2304,6144,False,torch.bfloat16,torch.bfloat16,False,False,torch,0,0,11.7243,native,0.0,850.00,2200.0
gfx950,256,352,2304,6144,False,torch.bfloat16,torch.float32,False,False,torch,0,0,11.7243,native,0.0,850.00,2200.0
gfx950,256,368,2304,6144,False,torch.bfloat16,torch.bfloat16,False,False,torch,0,0,12.2572,native,0.0,850.00,2200.0
gfx950,256,368,2304,6144,False,torch.bfloat16,torch.float32,False,False,torch,0,0,12.2572,native,0.0,850.00,2200.0
gfx950,256,384,2304,6144,False,torch.bfloat16,torch.bfloat16,False,False,torch,0,0,12.7902,native,0.0,850.00,2200.0
gfx950,256,384,2304,6144,False,torch.bfloat16,torch.float32,False,False,torch,0,0,12.7902,native,0.0,850.00,2200.0
gfx950,256,400,2304,6144,False,torch.bfloat16,torch.bfloat16,False,False,torch,0,0,13.3231,native,0.0,850.00,2200.0
gfx950,256,400,2304,6144,False,torch.bfloat16,torch.float32,False,False,torch,0,0,13.3231,native,0.0,850.00,2200.0
gfx950,256,416,2304,6144,False,torch.bfloat16,torch.bfloat16,False,False,torch,0,0,13.8560,native,0.0,850.00,2200.0
gfx950,256,416,2304,6144,False,torch.bfloat16,torch.float32,False,False,torch,0,0,13.8560,native,0.0,850.00,2200.0
gfx950,256,432,2304,6144,False,torch.bfloat16,torch.bfloat16,False,False,torch,0,0,14.3889,native,0.0,850.00,2200.0
gfx950,256,432,2304,6144,False,torch.bfloat16,torch.float32,False,False,torch,0,0,14.3889,native,0.0,850.00,2200.0
gfx950,256,448,2304,6144,False,torch.bfloat16,torch.bfloat16,False,False,torch,0,0,14.9219,native,0.0,850.00,2200.0
gfx950,256,448,2304,6144,False,torch.bfloat16,torch.float32,False,False,torch,0,0,14.9219,native,0.0,850.00,2200.0
gfx950,256,464,2304,6144,False,torch.bfloat16,torch.bfloat16,False,False,torch,0,0,15.4548,native,0.0,850.00,2200.0
gfx950,256,464,2304,6144,False,torch.bfloat16,torch.float32,False,False,torch,0,0,15.4548,native,0.0,850.00,2200.0
gfx950,256,480,2304,6144,False,torch.bfloat16,torch.bfloat16,False,False,torch,0,0,15.9877,native,0.0,850.00,2200.0
gfx950,256,480,2304,6144,False,torch.bfloat16,torch.float32,False,False,torch,0,0,15.9877,native,0.0,850.00,2200.0
gfx950,256,496,2304,6144,False,torch.bfloat16,torch.bfloat16,False,False,torch,0,0,16.5206,native,0.0,850.00,2200.0
gfx950,256,496,2304,6144,False,torch.bfloat16,torch.float32,False,False,torch,0,0,16.5206,native,0.0,850.00,2200.0
gfx950,256,512,2304,6144,False,torch.bfloat16,torch.float32,False,False,torch,0,0,17.0535,native,0.0,850.00,2200.0
gfx950,256,544,2304,6144,False,torch.bfloat16,torch.bfloat16,False,False,torch,0,0,18.1194,native,0.0,850.00,2200.0
gfx950,256,544,2304,6144,False,torch.bfloat16,torch.float32,False,False,torch,0,0,18.1194,native,0.0,850.00,2200.0
gfx950,256,576,2304,6144,False,torch.bfloat16,torch.bfloat16,False,False,torch,0,0,19.1852,native,0.0,850.00,2200.0
gfx950,256,576,2304,6144,False,torch.bfloat16,torch.float32,False,False,torch,0,0,19.1852,native,0.0,850.00,2200.0
gfx950,256,608,2304,6144,False,torch.bfloat16,torch.bfloat16,False,False,torch,0,0,20.2511,native,0.0,850.00,2200.0
gfx950,256,608,2304,6144,False,torch.bfloat16,torch.float32,False,False,torch,0,0,20.2511,native,0.0,850.00,2200.0
gfx950,256,640,2304,6144,False,torch.bfloat16,torch.bfloat16,False,False,torch,0,0,21.3169,native,0.0,850.00,2200.0
gfx950,256,640,2304,6144,False,torch.bfloat16,torch.float32,False,False,torch,0,0,21.3169,native,0.0,850.00,2200.0
gfx950,256,672,2304,6144,False,torch.bfloat16,torch.bfloat16,False,False,torch,0,0,22.3828,native,0.0,850.00,2200.0
gfx950,256,672,2304,6144,False,torch.bfloat16,torch.float32,False,False,torch,0,0,22.3828,native,0.0,850.00,2200.0
gfx950,256,704,2304,6144,False,torch.bfloat16,torch.bfloat16,False,False,torch,0,0,23.4486,native,0.0,850.00,2200.0
gfx950,256,704,2304,6144,False,torch.bfloat16,torch.float32,False,False,torch,0,0,23.4486,native,0.0,850.00,2200.0
gfx950,256,736,2304,6144,False,torch.bfloat16,torch.bfloat16,False,False,torch,0,0,24.5145,native,0.0,850.00,2200.0
gfx950,256,736,2304,6144,False,torch.bfloat16,torch.float32,False,False,torch,0,0,24.5145,native,0.0,850.00,2200.0
gfx950,256,768,2304,6144,False,torch.bfloat16,torch.bfloat16,False,False,torch,0,0,25.5803,native,0.0,850.00,2200.0
gfx950,256,768,2304,6144,False,torch.bfloat16,torch.float32,False,False,torch,0,0,25.5803,native,0.0,850.00,2200.0
gfx950,256,800,2304,6144,False,torch.bfloat16,torch.bfloat16,False,False,torch,0,0,26.6462,native,0.0,850.00,2200.0
gfx950,256,800,2304,6144,False,torch.bfloat16,torch.float32,False,False,torch,0,0,26.6462,native,0.0,850.00,2200.0
gfx950,256,832,2304,6144,False,torch.bfloat16,torch.bfloat16,False,False,torch,0,0,27.7120,native,0.0,850.00,2200.0
gfx950,256,832,2304,6144,False,torch.bfloat16,torch.float32,False,False,torch,0,0,27.7120,native,0.0,850.00,2200.0
gfx950,256,864,2304,6144,False,torch.bfloat16,torch.bfloat16,False,False,torch,0,0,28.7779,native,0.0,850.00,2200.0
gfx950,256,864,2304,6144,False,torch.bfloat16,torch.float32,False,False,torch,0,0,28.7779,native,0.0,850.00,2200.0
gfx950,256,896,2304,6144,False,torch.bfloat16,torch.bfloat16,False,False,torch,0,0,29.8437,native,0.0,850.00,2200.0
gfx950,256,896,2304,6144,False,torch.bfloat16,torch.float32,False,False,torch,0,0,29.8437,native,0.0,850.00,2200.0
gfx950,256,928,2304,6144,False,torch.bfloat16,torch.bfloat16,False,False,torch,0,0,30.9096,native,0.0,850.00,2200.0
gfx950,256,928,2304,6144,False,torch.bfloat16,torch.float32,False,False,torch,0,0,30.9096,native,0.0,850.00,2200.0
gfx950,256,960,2304,6144,False,torch.bfloat16,torch.bfloat16,False,False,torch,0,0,31.9754,native,0.0,850.00,2200.0
gfx950,256,960,2304,6144,False,torch.bfloat16,torch.float32,False,False,torch,0,0,31.9754,native,0.0,850.00,2200.0
gfx950,256,992,2304,6144,False,torch.bfloat16,torch.bfloat16,False,False,torch,0,0,33.0412,native,0.0,850.00,2200.0
gfx950,256,992,2304,6144,False,torch.bfloat16,torch.float32,False,False,torch,0,0,33.0412,native,0.0,850.00,2200.0
gfx950,256,1024,2304,6144,False,torch.bfloat16,torch.float32,False,False,torch,0,0,34.1071,native,0.0,850.00,2200.0
gfx950,256,1152,2304,6144,False,torch.bfloat16,torch.bfloat16,False,False,torch,0,0,38.3705,native,0.0,850.00,2200.0
gfx950,256,1152,2304,6144,False,torch.bfloat16,torch.float32,False,False,torch,0,0,38.3705,native,0.0,850.00,2200.0
gfx950,256,1280,2304,6144,False,torch.bfloat16,torch.bfloat16,False,False,torch,0,0,42.6339,native,0.0,850.00,2200.0
gfx950,256,1280,2304,6144,False,torch.bfloat16,torch.float32,False,False,torch,0,0,42.6339,native,0.0,850.00,2200.0
gfx950,256,1408,2304,6144,False,torch.bfloat16,torch.bfloat16,False,False,torch,0,0,46.8973,native,0.0,850.00,2200.0
gfx950,256,1408,2304,6144,False,torch.bfloat16,torch.float32,False,False,torch,0,0,46.8973,native,0.0,850.00,2200.0
gfx950,256,1536,2304,6144,False,torch.bfloat16,torch.bfloat16,False,False,torch,0,0,51.1606,native,0.0,850.00,2200.0
gfx950,256,1536,2304,6144,False,torch.bfloat16,torch.float32,False,False,torch,0,0,51.1606,native,0.0,850.00,2200.0
gfx950,256,1664,2304,6144,False,torch.bfloat16,torch.bfloat16,False,False,torch,0,0,55.4240,native,0.0,850.00,2200.0
gfx950,256,1664,2304,6144,False,torch.bfloat16,torch.float32,False,False,torch,0,0,55.4240,native,0.0,850.00,2200.0
gfx950,256,1792,2304,6144,False,torch.bfloat16,torch.bfloat16,False,False,torch,0,0,59.6874,native,0.0,850.00,2200.0
gfx950,256,1792,2304,6144,False,torch.bfloat16,torch.float32,False,False,torch,0,0,59.6874,native,0.0,850.00,2200.0
gfx950,256,1920,2304,6144,False,torch.bfloat16,torch.bfloat16,False,False,torch,0,0,63.9508,native,0.0,850.00,2200.0
gfx950,256,1920,2304,6144,False,torch.bfloat16,torch.float32,False,False,torch,0,0,63.9508,native,0.0,850.00,2200.0
gfx950,256,2048,2304,6144,False,torch.bfloat16,torch.float32,False,False,torch,0,0,68.2142,native,0.0,850.00,2200.0
gfx950,256,2304,2304,6144,False,torch.bfloat16,torch.bfloat16,False,False,torch,0,0,76.7410,native,0.0,850.00,2200.0
gfx950,256,2304,2304,6144,False,torch.bfloat16,torch.float32,False,False,torch,0,0,76.7410,native,0.0,850.00,2200.0
gfx950,256,2560,2304,6144,False,torch.bfloat16,torch.bfloat16,False,False,torch,0,0,85.2677,native,0.0,850.00,2200.0
gfx950,256,2560,2304,6144,False,torch.bfloat16,torch.float32,False,False,torch,0,0,85.2677,native,0.0,850.00,2200.0
gfx950,256,2816,2304,6144,False,torch.bfloat16,torch.bfloat16,False,False,torch,0,0,93.7945,native,0.0,850.00,2200.0
gfx950,256,2816,2304,6144,False,torch.bfloat16,torch.float32,False,False,torch,0,0,93.7945,native,0.0,850.00,2200.0
gfx950,256,3072,2304,6144,False,torch.bfloat16,torch.bfloat16,False,False,torch,0,0,102.3213,native,0.0,850.00,2200.0
gfx950,256,3072,2304,6144,False,torch.bfloat16,torch.float32,False,False,torch,0,0,102.3213,native,0.0,850.00,2200.0
gfx950,256,3328,2304,6144,False,torch.bfloat16,torch.bfloat16,False,False,torch,0,0,110.8481,native,0.0,850.00,2200.0
gfx950,256,3328,2304,6144,False,torch.bfloat16,torch.float32,False,False,torch,0,0,110.8481,native,0.0,850.00,2200.0
gfx950,256,3584,2304,6144,False,torch.bfloat16,torch.bfloat16,False,False,torch,0,0,119.3748,native,0.0,850.00,2200.0
gfx950,256,3584,2304,6144,False,torch.bfloat16,torch.float32,False,False,torch,0,0,119.3748,native,0.0,850.00,2200.0
gfx950,256,3840,2304,6144,False,torch.bfloat16,torch.bfloat16,False,False,torch,0,0,127.9016,native,0.0,850.00,2200.0
gfx950,256,3840,2304,6144,False,torch.bfloat16,torch.float32,False,False,torch,0,0,127.9016,native,0.0,850.00,2200.0
gfx950,256,4096,2304,6144,False,torch.bfloat16,torch.float32,False,False,torch,0,0,136.4284,native,0.0,850.00,2200.0
gfx950,256,8192,2304,6144,False,torch.bfloat16,torch.float32,False,False,torch,0,0,272.8567,native,0.0,850.00,2200.0
gfx950,256,16384,2304,6144,False,torch.bfloat16,torch.float32,False,False,torch,0,0,545.7135,native,0.0,850.00,2200.0
gfx950,256,32768,2304,6144,False,torch.bfloat16,torch.float32,False,False,torch,0,0,1091.4270,native,0.0,850.00,2200.0
gfx950,256,1,2560,6144,False,torch.bfloat16,torch.float32,False,False,torch,0,0,1.0000,native,0.0,850.00,2200.0
gfx950,256,2,2560,6144,False,torch.bfloat16,torch.float32,False,False,torch,0,0,1.0000,native,0.0,850.00,2200.0
gfx950,256,4,2560,6144,False,torch.bfloat16,torch.float32,False,False,torch,0,0,1.0000,native,0.0,850.00,2200.0
gfx950,256,8,2560,6144,False,torch.bfloat16,torch.float32,False,False,torch,0,0,1.0000,native,0.0,850.00,2200.0
gfx950,256,16,2560,6144,False,torch.bfloat16,torch.float32,False,False,torch,0,0,1.0000,native,0.0,850.00,2200.0
gfx950,256,24,2560,6144,False,torch.bfloat16,torch.bfloat16,False,False,torch,0,0,1.0000,native,0.0,850.00,2200.0
gfx950,256,24,2560,6144,False,torch.bfloat16,torch.float32,False,False,torch,0,0,1.0000,native,0.0,850.00,2200.0
gfx950,256,32,2560,6144,False,torch.bfloat16,torch.float32,False,False,torch,0,0,1.1843,native,0.0,850.00,2200.0
gfx950,256,48,2560,6144,False,torch.bfloat16,torch.bfloat16,False,False,torch,0,0,1.7764,native,0.0,850.00,2200.0
gfx950,256,48,2560,6144,False,torch.bfloat16,torch.float32,False,False,torch,0,0,1.7764,native,0.0,850.00,2200.0
gfx950,256,64,2560,6144,False,torch.bfloat16,torch.float32,False,False,torch,0,0,2.3685,native,0.0,850.00,2200.0
gfx950,256,80,2560,6144,False,torch.bfloat16,torch.bfloat16,False,False,torch,0,0,2.9607,native,0.0,850.00,2200.0
gfx950,256,80,2560,6144,False,torch.bfloat16,torch.float32,False,False,torch,0,0,2.9607,native,0.0,850.00,2200.0
gfx950,256,96,2560,6144,False,torch.bfloat16,torch.bfloat16,False,False,torch,0,0,3.5528,native,0.0,850.00,2200.0
gfx950,256,96,2560,6144,False,torch.bfloat16,torch.float32,False,False,torch,0,0,3.5528,native,0.0,850.00,2200.0
gfx950,256,112,2560,6144,False,torch.bfloat16,torch.float32,False,False,torch,0,0,4.1450,native,0.0,850.00,2200.0
gfx950,256,128,2560,6144,False,torch.bfloat16,torch.float32,False,False,torch,0,0,4.7371,native,0.0,850.00,2200.0
gfx950,256,144,2560,6144,False,torch.bfloat16,torch.bfloat16,False,False,torch,0,0,5.3292,native,0.0,850.00,2200.0
gfx950,256,144,2560,6144,False,torch.bfloat16,torch.float32,False,False,torch,0,0,5.3292,native,0.0,850.00,2200.0
gfx950,256,160,2560,6144,False,torch.bfloat16,torch.bfloat16,False,False,torch,0,0,5.9214,native,0.0,850.00,2200.0
gfx950,256,160,2560,6144,False,torch.bfloat16,torch.float32,False,False,torch,0,0,5.9214,native,0.0,850.00,2200.0
gfx950,256,176,2560,6144,False,torch.bfloat16,torch.bfloat16,False,False,torch,0,0,6.5135,native,0.0,850.00,2200.0
gfx950,256,176,2560,6144,False,torch.bfloat16,torch.float32,False,False,torch,0,0,6.5135,native,0.0,850.00,2200.0
gfx950,256,192,2560,6144,False,torch.bfloat16,torch.float32,False,False,torch,0,0,7.1056,native,0.0,850.00,2200.0
gfx950,256,208,2560,6144,False,torch.bfloat16,torch.bfloat16,False,False,torch,0,0,7.6978,native,0.0,850.00,2200.0
gfx950,256,208,2560,6144,False,torch.bfloat16,torch.float32,False,False,torch,0,0,7.6978,native,0.0,850.00,2200.0
gfx950,256,224,2560,6144,False,torch.bfloat16,torch.bfloat16,False,False,torch,0,0,8.2899,native,0.0,850.00,2200.0
gfx950,256,224,2560,6144,False,torch.bfloat16,torch.float32,False,False,torch,0,0,8.2899,native,0.0,850.00,2200.0
gfx950,256,240,2560,6144,False,torch.bfloat16,torch.bfloat16,False,False,torch,0,0,8.8821,native,0.0,850.00,2200.0
gfx950,256,240,2560,6144,False,torch.bfloat16,torch.float32,False,False,torch,0,0,8.8821,native,0.0,850.00,2200.0
gfx950,256,256,2560,6144,False,torch.bfloat16,torch.float32,False,False,torch,0,0,9.4742,native,0.0,850.00,2200.0
gfx950,256,272,2560,6144,False,torch.bfloat16,torch.bfloat16,False,False,torch,0,0,10.0663,native,0.0,850.00,2200.0
gfx950,256,272,2560,6144,False,torch.bfloat16,torch.float32,False,False,torch,0,0,10.0663,native,0.0,850.00,2200.0
gfx950,256,288,2560,6144,False,torch.bfloat16,torch.bfloat16,False,False,torch,0,0,10.6585,native,0.0,850.00,2200.0
gfx950,256,288,2560,6144,False,torch.bfloat16,torch.float32,False,False,torch,0,0,10.6585,native,0.0,850.00,2200.0
gfx950,256,304,2560,6144,False,torch.bfloat16,torch.bfloat16,False,False,torch,0,0,11.2506,native,0.0,850.00,2200.0
gfx950,256,304,2560,6144,False,torch.bfloat16,torch.float32,False,False,torch,0,0,11.2506,native,0.0,850.00,2200.0
gfx950,256,320,2560,6144,False,torch.bfloat16,torch.float32,False,False,torch,0,0,11.8427,native,0.0,850.00,2200.0
gfx950,256,336,2560,6144,False,torch.bfloat16,torch.bfloat16,False,False,torch,0,0,12.4349,native,0.0,850.00,2200.0
gfx950,256,336,2560,6144,False,torch.bfloat16,torch.float32,False,False,torch,0,0,12.4349,native,0.0,850.00,2200.0
gfx950,256,352,2560,6144,False,torch.bfloat16,torch.bfloat16,False,False,torch,0,0,13.0270,native,0.0,850.00,2200.0
gfx950,256,352,2560,6144,False,torch.bfloat16,torch.float32,False,False,torch,0,0,13.0270,native,0.0,850.00,2200.0
gfx950,256,368,2560,6144,False,torch.bfloat16,torch.bfloat16,False,False,torch,0,0,13.6192,native,0.0,850.00,2200.0
gfx950,256,368,2560,6144,False,torch.bfloat16,torch.float32,False,False,torch,0,0,13.6192,native,0.0,850.00,2200.0
gfx950,256,384,2560,6144,False,torch.bfloat16,torch.bfloat16,False,False,torch,0,0,14.2113,native,0.0,850.00,2200.0
gfx950,256,384,2560,6144,False,torch.bfloat16,torch.float32,False,False,torch,0,0,14.2113,native,0.0,850.00,2200.0
gfx950,256,400,2560,6144,False,torch.bfloat16,torch.bfloat16,False,False,torch,0,0,14.8034,native,0.0,850.00,2200.0
gfx950,256,400,2560,6144,False,torch.bfloat16,torch.float32,False,False,torch,0,0,14.8034,native,0.0,850.00,2200.0
gfx950,256,416,2560,6144,False,torch.bfloat16,torch.bfloat16,False,False,torch,0,0,15.3956,native,0.0,850.00,2200.0
gfx950,256,416,2560,6144,False,torch.bfloat16,torch.float32,False,False,torch,0,0,15.3956,native,0.0,850.00,2200.0
gfx950,256,432,2560,6144,False,torch.bfloat16,torch.bfloat16,False,False,torch,0,0,15.9877,native,0.0,850.00,2200.0
gfx950,256,432,2560,6144,False,torch.bfloat16,torch.float32,False,False,torch,0,0,15.9877,native,0.0,850.00,2200.0
gfx950,256,448,2560,6144,False,torch.bfloat16,torch.bfloat16,False,False,torch,0,0,16.5798,native,0.0,850.00,2200.0
gfx950,256,448,2560,6144,False,torch.bfloat16,torch.float32,False,False,torch,0,0,16.5798,native,0.0,850.00,2200.0
gfx950,256,464,2560,6144,False,torch.bfloat16,torch.bfloat16,False,False,torch,0,0,17.1720,native,0.0,850.00,2200.0
gfx950,256,464,2560,6144,False,torch.bfloat16,torch.float32,False,False,torch,0,0,17.1720,native,0.0,850.00,2200.0
gfx950,256,480,2560,6144,False,torch.bfloat16,torch.bfloat16,False,False,torch,0,0,17.7641,native,0.0,850.00,2200.0
gfx950,256,480,2560,6144,False,torch.bfloat16,torch.float32,False,False,torch,0,0,17.7641,native,0.0,850.00,2200.0
gfx950,256,496,2560,6144,False,torch.bfloat16,torch.bfloat16,False,False,torch,0,0,18.3562,native,0.0,850.00,2200.0
gfx950,256,496,2560,6144,False,torch.bfloat16,torch.float32,False,False,torch,0,0,18.3562,native,0.0,850.00,2200.0
gfx950,256,512,2560,6144,False,torch.bfloat16,torch.float32,False,False,torch,0,0,18.9484,native,0.0,850.00,2200.0
gfx950,256,544,2560,6144,False,torch.bfloat16,torch.bfloat16,False,False,torch,0,0,20.1327,native,0.0,850.00,2200.0
gfx950,256,544,2560,6144,False,torch.bfloat16,torch.float32,False,False,torch,0,0,20.1327,native,0.0,850.00,2200.0
gfx950,256,576,2560,6144,False,torch.bfloat16,torch.bfloat16,False,False,torch,0,0,21.3169,native,0.0,850.00,2200.0
gfx950,256,576,2560,6144,False,torch.bfloat16,torch.float32,False,False,torch,0,0,21.3169,native,0.0,850.00,2200.0
gfx950,256,608,2560,6144,False,torch.bfloat16,torch.bfloat16,False,False,torch,0,0,22.5012,native,0.0,850.00,2200.0
gfx950,256,608,2560,6144,False,torch.bfloat16,torch.float32,False,False,torch,0,0,22.5012,native,0.0,850.00,2200.0
gfx950,256,640,2560,6144,False,torch.bfloat16,torch.bfloat16,False,False,torch,0,0,23.6855,native,0.0,850.00,2200.0
gfx950,256,640,2560,6144,False,torch.bfloat16,torch.float32,False,False,torch,0,0,23.6855,native,0.0,850.00,2200.0
gfx950,256,672,2560,6144,False,torch.bfloat16,torch.bfloat16,False,False,torch,0,0,24.8698,native,0.0,850.00,2200.0
gfx950,256,672,2560,6144,False,torch.bfloat16,torch.float32,False,False,torch,0,0,24.8698,native,0.0,850.00,2200.0
gfx950,256,704,2560,6144,False,torch.bfloat16,torch.bfloat16,False,False,torch,0,0,26.0540,native,0.0,850.00,2200.0
gfx950,256,704,2560,6144,False,torch.bfloat16,torch.float32,False,False,torch,0,0,26.0540,native,0.0,850.00,2200.0
gfx950,256,736,2560,6144,False,torch.bfloat16,torch.bfloat16,False,False,torch,0,0,27.2383,native,0.0,850.00,2200.0
gfx950,256,736,2560,6144,False,torch.bfloat16,torch.float32,False,False,torch,0,0,27.2383,native,0.0,850.00,2200.0
gfx950,256,768,2560,6144,False,torch.bfloat16,torch.bfloat16,False,False,torch,0,0,28.4226,native,0.0,850.00,2200.0
gfx950,256,768,2560,6144,False,torch.bfloat16,torch.float32,False,False,torch,0,0,28.4226,native,0.0,850.00,2200.0
gfx950,256,800,2560,6144,False,torch.bfloat16,torch.bfloat16,False,False,torch,0,0,29.6069,native,0.0,850.00,2200.0
gfx950,256,800,2560,6144,False,torch.bfloat16,torch.float32,False,False,torch,0,0,29.6069,native,0.0,850.00,2200.0
gfx950,256,832,2560,6144,False,torch.bfloat16,torch.bfloat16,False,False,torch,0,0,30.7911,native,0.0,850.00,2200.0
gfx950,256,832,2560,6144,False,torch.bfloat16,torch.float32,False,False,torch,0,0,30.7911,native,0.0,850.00,2200.0
gfx950,256,864,2560,6144,False,torch.bfloat16,torch.bfloat16,False,False,torch,0,0,31.9754,native,0.0,850.00,2200.0
gfx950,256,864,2560,6144,False,torch.bfloat16,torch.float32,False,False,torch,0,0,31.9754,native,0.0,850.00,2200.0
gfx950,256,896,2560,6144,False,torch.bfloat16,torch.bfloat16,False,False,torch,0,0,33.1597,native,0.0,850.00,2200.0
gfx950,256,896,2560,6144,False,torch.bfloat16,torch.float32,False,False,torch,0,0,33.1597,native,0.0,850.00,2200.0
gfx950,256,928,2560,6144,False,torch.bfloat16,torch.bfloat16,False,False,torch,0,0,34.3439,native,0.0,850.00,2200.0
gfx950,256,928,2560,6144,False,torch.bfloat16,torch.float32,False,False,torch,0,0,34.3439,native,0.0,850.00,2200.0
gfx950,256,960,2560,6144,False,torch.bfloat16,torch.bfloat16,False,False,torch,0,0,35.5282,native,0.0,850.00,2200.0
gfx950,256,960,2560,6144,False,torch.bfloat16,torch.float32,False,False,torch,0,0,35.5282,native,0.0,850.00,2200.0
gfx950,256,992,2560,6144,False,torch.bfloat16,torch.bfloat16,False,False,torch,0,0,36.7125,native,0.0,850.00,2200.0
gfx950,256,992,2560,6144,False,torch.bfloat16,torch.float32,False,False,torch,0,0,36.7125,native,0.0,850.00,2200.0
gfx950,256,1024,2560,6144,False,torch.bfloat16,torch.float32,False,False,torch,0,0,37.8968,native,0.0,850.00,2200.0
gfx950,256,1152,2560,6144,False,torch.bfloat16,torch.bfloat16,False,False,torch,0,0,42.6339,native,0.0,850.00,2200.0
gfx950,256,1152,2560,6144,False,torch.bfloat16,torch.float32,False,False,torch,0,0,42.6339,native,0.0,850.00,2200.0
gfx950,256,1280,2560,6144,False,torch.bfloat16,torch.bfloat16,False,False,torch,0,0,47.3710,native,0.0,850.00,2200.0
gfx950,256,1280,2560,6144,False,torch.bfloat16,torch.float32,False,False,torch,0,0,47.3710,native,0.0,850.00,2200.0
gfx950,256,1408,2560,6144,False,torch.bfloat16,torch.bfloat16,False,False,torch,0,0,52.1081,native,0.0,850.00,2200.0
gfx950,256,1408,2560,6144,False,torch.bfloat16,torch.float32,False,False,torch,0,0,52.1081,native,0.0,850.00,2200.0
gfx950,256,1536,2560,6144,False,torch.bfloat16,torch.bfloat16,False,False,torch,0,0,56.8452,native,0.0,850.00,2200.0
gfx950,256,1536,2560,6144,False,torch.bfloat16,torch.float32,False,False,torch,0,0,56.8452,native,0.0,850.00,2200.0
gfx950,256,1664,2560,6144,False,torch.bfloat16,torch.bfloat16,False,False,torch,0,0,61.5823,native,0.0,850.00,2200.0
gfx950,256,1664,2560,6144,False,torch.bfloat16,torch.float32,False,False,torch,0,0,61.5823,native,0.0,850.00,2200.0
gfx950,256,1792,2560,6144,False,torch.bfloat16,torch.bfloat16,False,False,torch,0,0,66.3193,native,0.0,850.00,2200.0
gfx950,256,1792,2560,6144,False,torch.bfloat16,torch.float32,False,False,torch,0,0,66.3193,native,0.0,850.00,2200.0
gfx950,256,1920,2560,6144,False,torch.bfloat16,torch.bfloat16,False,False,torch,0,0,71.0564,native,0.0,850.00,2200.0
gfx950,256,1920,2560,6144,False,torch.bfloat16,torch.float32,False,False,torch,0,0,71.0564,native,0.0,850.00,2200.0
gfx950,256,2048,2560,6144,False,torch.bfloat16,torch.float32,False,False,torch,0,0,75.7935,native,0.0,850.00,2200.0
gfx950,256,2304,2560,6144,False,torch.bfloat16,torch.bfloat16,False,False,torch,0,0,85.2677,native,0.0,850.00,2200.0
gfx950,256,2304,2560,6144,False,torch.bfloat16,torch.float32,False,False,torch,0,0,85.2677,native,0.0,850.00,2200.0
gfx950,256,2560,2560,6144,False,torch.bfloat16,torch.bfloat16,False,False,torch,0,0,94.7419,native,0.0,850.00,2200.0
gfx950,256,2560,2560,6144,False,torch.bfloat16,torch.float32,False,False,torch,0,0,94.7419,native,0.0,850.00,2200.0
gfx950,256,2816,2560,6144,False,torch.bfloat16,torch.bfloat16,False,False,torch,0,0,104.2161,native,0.0,850.00,2200.0
gfx950,256,2816,2560,6144,False,torch.bfloat16,torch.float32,False,False,torch,0,0,104.2161,native,0.0,850.00,2200.0
gfx950,256,3072,2560,6144,False,torch.bfloat16,torch.bfloat16,False,False,torch,0,0,113.6903,native,0.0,850.00,2200.0
gfx950,256,3072,2560,6144,False,torch.bfloat16,torch.float32,False,False,torch,0,0,113.6903,native,0.0,850.00,2200.0
gfx950,256,3328,2560,6144,False,torch.bfloat16,torch.bfloat16,False,False,torch,0,0,123.1645,native,0.0,850.00,2200.0
gfx950,256,3328,2560,6144,False,torch.bfloat16,torch.float32,False,False,torch,0,0,123.1645,native,0.0,850.00,2200.0
gfx950,256,3584,2560,6144,False,torch.bfloat16,torch.bfloat16,False,False,torch,0,0,132.6387,native,0.0,850.00,2200.0
gfx950,256,3584,2560,6144,False,torch.bfloat16,torch.float32,False,False,torch,0,0,132.6387,native,0.0,850.00,2200.0
gfx950,256,3840,2560,6144,False,torch.bfloat16,torch.bfloat16,False,False,torch,0,0,142.1129,native,0.0,850.00,2200.0
gfx950,256,3840,2560,6144,False,torch.bfloat16,torch.float32,False,False,torch,0,0,142.1129,native,0.0,850.00,2200.0
gfx950,256,4096,2560,6144,False,torch.bfloat16,torch.float32,False,False,torch,0,0,151.5871,native,0.0,850.00,2200.0
gfx950,256,8192,2560,6144,False,torch.bfloat16,torch.float32,False,False,torch,0,0,303.1742,native,0.0,850.00,2200.0
gfx950,256,16384,2560,6144,False,torch.bfloat16,torch.float32,False,False,torch,0,0,606.3483,native,0.0,850.00,2200.0
gfx950,256,32768,2560,6144,False,torch.bfloat16,torch.float32,False,False,torch,0,0,1212.6966,native,0.0,850.00,2200.0
gfx950,256,24,6144,2048,False,torch.bfloat16,torch.float32,False,False,torch,0,0,1.0000,native,0.0,850.00,2200.0
gfx950,256,48,6144,2048,False,torch.bfloat16,torch.float32,False,False,torch,0,0,1.4211,native,0.0,850.00,2200.0
gfx950,256,80,6144,2048,False,torch.bfloat16,torch.bfloat16,False,False,torch,0,0,2.3685,native,0.0,850.00,2200.0
gfx950,256,80,6144,2048,False,torch.bfloat16,torch.float32,False,False,torch,0,0,2.3685,native,0.0,850.00,2200.0
gfx950,256,96,6144,2048,False,torch.bfloat16,torch.bfloat16,False,False,torch,0,0,2.8423,native,0.0,850.00,2200.0
gfx950,256,96,6144,2048,False,torch.bfloat16,torch.float32,False,False,torch,0,0,2.8423,native,0.0,850.00,2200.0
gfx950,256,112,6144,2048,False,torch.bfloat16,torch.float32,False,False,torch,0,0,3.3160,native,0.0,850.00,2200.0
gfx950,256,144,6144,2048,False,torch.bfloat16,torch.bfloat16,False,False,torch,0,0,4.2634,native,0.0,850.00,2200.0
gfx950,256,144,6144,2048,False,torch.bfloat16,torch.float32,False,False,torch,0,0,4.2634,native,0.0,850.00,2200.0
gfx950,256,160,6144,2048,False,torch.bfloat16,torch.bfloat16,False,False,torch,0,0,4.7371,native,0.0,850.00,2200.0
gfx950,256,160,6144,2048,False,torch.bfloat16,torch.float32,False,False,torch,0,0,4.7371,native,0.0,850.00,2200.0
gfx950,256,176,6144,2048,False,torch.bfloat16,torch.bfloat16,False,False,torch,0,0,5.2108,native,0.0,850.00,2200.0
gfx950,256,176,6144,2048,False,torch.bfloat16,torch.float32,False,False,torch,0,0,5.2108,native,0.0,850.00,2200.0
gfx950,256,208,6144,2048,False,torch.bfloat16,torch.bfloat16,False,False,torch,0,0,6.1582,native,0.0,850.00,2200.0
gfx950,256,208,6144,2048,False,torch.bfloat16,torch.float32,False,False,torch,0,0,6.1582,native,0.0,850.00,2200.0
gfx950,256,224,6144,2048,False,torch.bfloat16,torch.bfloat16,False,False,torch,0,0,6.6319,native,0.0,850.00,2200.0
gfx950,256,224,6144,2048,False,torch.bfloat16,torch.float32,False,False,torch,0,0,6.6319,native,0.0,850.00,2200.0
gfx950,256,240,6144,2048,False,torch.bfloat16,torch.bfloat16,False,False,torch,0,0,7.1056,native,0.0,850.00,2200.0
gfx950,256,240,6144,2048,False,torch.bfloat16,torch.float32,False,False,torch,0,0,7.1056,native,0.0,850.00,2200.0
gfx950,256,272,6144,2048,False,torch.bfloat16,torch.bfloat16,False,False,torch,0,0,8.0531,native,0.0,850.00,2200.0
gfx950,256,272,6144,2048,False,torch.bfloat16,torch.float32,False,False,torch,0,0,8.0531,native,0.0,850.00,2200.0
gfx950,256,288,6144,2048,False,torch.bfloat16,torch.bfloat16,False,False,torch,0,0,8.5268,native,0.0,850.00,2200.0
gfx950,256,288,6144,2048,False,torch.bfloat16,torch.float32,False,False,torch,0,0,8.5268,native,0.0,850.00,2200.0
gfx950,256,304,6144,2048,False,torch.bfloat16,torch.bfloat16,False,False,torch,0,0,9.0005,native,0.0,850.00,2200.0
gfx950,256,304,6144,2048,False,torch.bfloat16,torch.float32,False,False,torch,0,0,9.0005,native,0.0,850.00,2200.0
gfx950,256,336,6144,2048,False,torch.bfloat16,torch.bfloat16,False,False,torch,0,0,9.9479,native,0.0,850.00,2200.0
gfx950,256,336,6144,2048,False,torch.bfloat16,torch.float32,False,False,torch,0,0,9.9479,native,0.0,850.00,2200.0
gfx950,256,352,6144,2048,False,torch.bfloat16,torch.bfloat16,False,False,torch,0,0,10.4216,native,0.0,850.00,2200.0
gfx950,256,352,6144,2048,False,torch.bfloat16,torch.float32,False,False,torch,0,0,10.4216,native,0.0,850.00,2200.0
gfx950,256,368,6144,2048,False,torch.bfloat16,torch.bfloat16,False,False,torch,0,0,10.8953,native,0.0,850.00,2200.0
gfx950,256,368,6144,2048,False,torch.bfloat16,torch.float32,False,False,torch,0,0,10.8953,native,0.0,850.00,2200.0
gfx950,256,384,6144,2048,False,torch.bfloat16,torch.bfloat16,False,False,torch,0,0,11.3690,native,0.0,850.00,2200.0
gfx950,256,384,6144,2048,False,torch.bfloat16,torch.float32,False,False,torch,0,0,11.3690,native,0.0,850.00,2200.0
gfx950,256,400,6144,2048,False,torch.bfloat16,torch.bfloat16,False,False,torch,0,0,11.8427,native,0.0,850.00,2200.0
gfx950,256,400,6144,2048,False,torch.bfloat16,torch.float32,False,False,torch,0,0,11.8427,native,0.0,850.00,2200.0
gfx950,256,416,6144,2048,False,torch.bfloat16,torch.bfloat16,False,False,torch,0,0,12.3165,native,0.0,850.00,2200.0
gfx950,256,416,6144,2048,False,torch.bfloat16,torch.float32,False,False,torch,0,0,12.3165,native,0.0,850.00,2200.0
gfx950,256,432,6144,2048,False,torch.bfloat16,torch.bfloat16,False,False,torch,0,0,12.7902,native,0.0,850.00,2200.0
gfx950,256,432,6144,2048,False,torch.bfloat16,torch.float32,False,False,torch,0,0,12.7902,native,0.0,850.00,2200.0
gfx950,256,448,6144,2048,False,torch.bfloat16,torch.bfloat16,False,False,torch,0,0,13.2639,native,0.0,850.00,2200.0
gfx950,256,448,6144,2048,False,torch.bfloat16,torch.float32,False,False,torch,0,0,13.2639,native,0.0,850.00,2200.0
gfx950,256,464,6144,2048,False,torch.bfloat16,torch.bfloat16,False,False,torch,0,0,13.7376,native,0.0,850.00,2200.0
gfx950,256,464,6144,2048,False,torch.bfloat16,torch.float32,False,False,torch,0,0,13.7376,native,0.0,850.00,2200.0
gfx950,256,480,6144,2048,False,torch.bfloat16,torch.bfloat16,False,False,torch,0,0,14.2113,native,0.0,850.00,2200.0
gfx950,256,480,6144,2048,False,torch.bfloat16,torch.float32,False,False,torch,0,0,14.2113,native,0.0,850.00,2200.0
gfx950,256,496,6144,2048,False,torch.bfloat16,torch.bfloat16,False,False,torch,0,0,14.6850,native,0.0,850.00,2200.0
gfx950,256,496,6144,2048,False,torch.bfloat16,torch.float32,False,False,torch,0,0,14.6850,native,0.0,850.00,2200.0
gfx950,256,544,6144,2048,False,torch.bfloat16,torch.bfloat16,False,False,torch,0,0,16.1061,native,0.0,850.00,2200.0
gfx950,256,544,6144,2048,False,torch.bfloat16,torch.float32,False,False,torch,0,0,16.1061,native,0.0,850.00,2200.0
gfx950,256,576,6144,2048,False,torch.bfloat16,torch.bfloat16,False,False,torch,0,0,17.0535,native,0.0,850.00,2200.0
gfx950,256,576,6144,2048,False,torch.bfloat16,torch.float32,False,False,torch,0,0,17.0535,native,0.0,850.00,2200.0
gfx950,256,608,6144,2048,False,torch.bfloat16,torch.bfloat16,False,False,torch,0,0,18.0010,native,0.0,850.00,2200.0
gfx950,256,608,6144,2048,False,torch.bfloat16,torch.float32,False,False,torch,0,0,18.0010,native,0.0,850.00,2200.0
gfx950,256,640,6144,2048,False,torch.bfloat16,torch.bfloat16,False,False,torch,0,0,18.9484,native,0.0,850.00,2200.0
gfx950,256,640,6144,2048,False,torch.bfloat16,torch.float32,False,False,torch,0,0,18.9484,native,0.0,850.00,2200.0
gfx950,256,672,6144,2048,False,torch.bfloat16,torch.bfloat16,False,False,torch,0,0,19.8958,native,0.0,850.00,2200.0
gfx950,256,672,6144,2048,False,torch.bfloat16,torch.float32,False,False,torch,0,0,19.8958,native,0.0,850.00,2200.0
gfx950,256,704,6144,2048,False,torch.bfloat16,torch.bfloat16,False,False,torch,0,0,20.8432,native,0.0,850.00,2200.0
gfx950,256,704,6144,2048,False,torch.bfloat16,torch.float32,False,False,torch,0,0,20.8432,native,0.0,850.00,2200.0
gfx950,256,736,6144,2048,False,torch.bfloat16,torch.bfloat16,False,False,torch,0,0,21.7906,native,0.0,850.00,2200.0
gfx950,256,736,6144,2048,False,torch.bfloat16,torch.float32,False,False,torch,0,0,21.7906,native,0.0,850.00,2200.0
gfx950,256,768,6144,2048,False,torch.bfloat16,torch.bfloat16,False,False,torch,0,0,22.7381,native,0.0,850.00,2200.0
gfx950,256,768,6144,2048,False,torch.bfloat16,torch.float32,False,False,torch,0,0,22.7381,native,0.0,850.00,2200.0
gfx950,256,800,6144,2048,False,torch.bfloat16,torch.bfloat16,False,False,torch,0,0,23.6855,native,0.0,850.00,2200.0
gfx950,256,800,6144,2048,False,torch.bfloat16,torch.float32,False,False,torch,0,0,23.6855,native,0.0,850.00,2200.0
gfx950,256,832,6144,2048,False,torch.bfloat16,torch.bfloat16,False,False,torch,0,0,24.6329,native,0.0,850.00,2200.0
gfx950,256,832,6144,2048,False,torch.bfloat16,torch.float32,False,False,torch,0,0,24.6329,native,0.0,850.00,2200.0
gfx950,256,864,6144,2048,False,torch.bfloat16,torch.bfloat16,False,False,torch,0,0,25.5803,native,0.0,850.00,2200.0
gfx950,256,864,6144,2048,False,torch.bfloat16,torch.float32,False,False,torch,0,0,25.5803,native,0.0,850.00,2200.0
gfx950,256,896,6144,2048,False,torch.bfloat16,torch.bfloat16,False,False,torch,0,0,26.5277,native,0.0,850.00,2200.0
gfx950,256,896,6144,2048,False,torch.bfloat16,torch.float32,False,False,torch,0,0,26.5277,native,0.0,850.00,2200.0
gfx950,256,928,6144,2048,False,torch.bfloat16,torch.bfloat16,False,False,torch,0,0,27.4752,native,0.0,850.00,2200.0
gfx950,256,928,6144,2048,False,torch.bfloat16,torch.float32,False,False,torch,0,0,27.4752,native,0.0,850.00,2200.0
gfx950,256,960,6144,2048,False,torch.bfloat16,torch.bfloat16,False,False,torch,0,0,28.4226,native,0.0,850.00,2200.0
gfx950,256,960,6144,2048,False,torch.bfloat16,torch.float32,False,False,torch,0,0,28.4226,native,0.0,850.00,2200.0
gfx950,256,992,6144,2048,False,torch.bfloat16,torch.bfloat16,False,False,torch,0,0,29.3700,native,0.0,850.00,2200.0
gfx950,256,992,6144,2048,False,torch.bfloat16,torch.float32,False,False,torch,0,0,29.3700,native,0.0,850.00,2200.0
gfx950,256,1152,6144,2048,False,torch.bfloat16,torch.bfloat16,False,False,torch,0,0,34.1071,native,0.0,850.00,2200.0
gfx950,256,1152,6144,2048,False,torch.bfloat16,torch.float32,False,False,torch,0,0,34.1071,native,0.0,850.00,2200.0
gfx950,256,1280,6144,2048,False,torch.bfloat16,torch.bfloat16,False,False,torch,0,0,37.8968,native,0.0,850.00,2200.0
gfx950,256,1280,6144,2048,False,torch.bfloat16,torch.float32,False,False,torch,0,0,37.8968,native,0.0,850.00,2200.0
gfx950,256,1408,6144,2048,False,torch.bfloat16,torch.bfloat16,False,False,torch,0,0,41.6864,native,0.0,850.00,2200.0
gfx950,256,1408,6144,2048,False,torch.bfloat16,torch.float32,False,False,torch,0,0,41.6864,native,0.0,850.00,2200.0
gfx950,256,1536,6144,2048,False,torch.bfloat16,torch.bfloat16,False,False,torch,0,0,45.4761,native,0.0,850.00,2200.0
gfx950,256,1536,6144,2048,False,torch.bfloat16,torch.float32,False,False,torch,0,0,45.4761,native,0.0,850.00,2200.0
gfx950,256,1664,6144,2048,False,torch.bfloat16,torch.bfloat16,False,False,torch,0,0,49.2658,native,0.0,850.00,2200.0
gfx950,256,1664,6144,2048,False,torch.bfloat16,torch.float32,False,False,torch,0,0,49.2658,native,0.0,850.00,2200.0
gfx950,256,1792,6144,2048,False,torch.bfloat16,torch.bfloat16,False,False,torch,0,0,53.0555,native,0.0,850.00,2200.0
gfx950,256,1792,6144,2048,False,torch.bfloat16,torch.float32,False,False,torch,0,0,53.0555,native,0.0,850.00,2200.0
gfx950,256,1920,6144,2048,False,torch.bfloat16,torch.bfloat16,False,False,torch,0,0,56.8452,native,0.0,850.00,2200.0
gfx950,256,1920,6144,2048,False,torch.bfloat16,torch.float32,False,False,torch,0,0,56.8452,native,0.0,850.00,2200.0
gfx950,256,2304,6144,2048,False,torch.bfloat16,torch.bfloat16,False,False,torch,0,0,68.2142,native,0.0,850.00,2200.0
gfx950,256,2304,6144,2048,False,torch.bfloat16,torch.float32,False,False,torch,0,0,68.2142,native,0.0,850.00,2200.0
gfx950,256,2560,6144,2048,False,torch.bfloat16,torch.bfloat16,False,False,torch,0,0,75.7935,native,0.0,850.00,2200.0
gfx950,256,2560,6144,2048,False,torch.bfloat16,torch.float32,False,False,torch,0,0,75.7935,native,0.0,850.00,2200.0
gfx950,256,2816,6144,2048,False,torch.bfloat16,torch.bfloat16,False,False,torch,0,0,83.3729,native,0.0,850.00,2200.0
gfx950,256,2816,6144,2048,False,torch.bfloat16,torch.float32,False,False,torch,0,0,83.3729,native,0.0,850.00,2200.0
gfx950,256,3072,6144,2048,False,torch.bfloat16,torch.bfloat16,False,False,torch,0,0,90.9522,native,0.0,850.00,2200.0
gfx950,256,3072,6144,2048,False,torch.bfloat16,torch.float32,False,False,torch,0,0,90.9522,native,0.0,850.00,2200.0
gfx950,256,3328,6144,2048,False,torch.bfloat16,torch.bfloat16,False,False,torch,0,0,98.5316,native,0.0,850.00,2200.0
gfx950,256,3328,6144,2048,False,torch.bfloat16,torch.float32,False,False,torch,0,0,98.5316,native,0.0,850.00,2200.0
gfx950,256,3584,6144,2048,False,torch.bfloat16,torch.bfloat16,False,False,torch,0,0,106.1110,native,0.0,850.00,2200.0
gfx950,256,3584,6144,2048,False,torch.bfloat16,torch.float32,False,False,torch,0,0,106.1110,native,0.0,850.00,2200.0
gfx950,256,3840,6144,2048,False,torch.bfloat16,torch.bfloat16,False,False,torch,0,0,113.6903,native,0.0,850.00,2200.0
gfx950,256,3840,6144,2048,False,torch.bfloat16,torch.float32,False,False,torch,0,0,113.6903,native,0.0,850.00,2200.0
gfx950,256,32768,6144,2048,False,torch.bfloat16,torch.float32,False,False,torch,0,0,970.1573,native,0.0,850.00,2200.0
gfx950,256,24,6144,3072,False,torch.bfloat16,torch.bfloat16,False,False,torch,0,0,1.0658,native,0.0,850.00,2200.0
gfx950,256,24,6144,3072,False,torch.bfloat16,torch.float32,False,False,torch,0,0,1.0658,native,0.0,850.00,2200.0
gfx950,256,48,6144,3072,False,torch.bfloat16,torch.float32,False,False,torch,0,0,2.1317,native,0.0,850.00,2200.0
gfx950,256,80,6144,3072,False,torch.bfloat16,torch.bfloat16,False,False,torch,0,0,3.5528,native,0.0,850.00,2200.0
gfx950,256,80,6144,3072,False,torch.bfloat16,torch.float32,False,False,torch,0,0,3.5528,native,0.0,850.00,2200.0
gfx950,256,96,6144,3072,False,torch.bfloat16,torch.bfloat16,False,False,torch,0,0,4.2634,native,0.0,850.00,2200.0
gfx950,256,96,6144,3072,False,torch.bfloat16,torch.float32,False,False,torch,0,0,4.2634,native,0.0,850.00,2200.0
gfx950,256,112,6144,3072,False,torch.bfloat16,torch.float32,False,False,torch,0,0,4.9740,native,0.0,850.00,2200.0
gfx950,256,144,6144,3072,False,torch.bfloat16,torch.bfloat16,False,False,torch,0,0,6.3951,native,0.0,850.00,2200.0
gfx950,256,144,6144,3072,False,torch.bfloat16,torch.float32,False,False,torch,0,0,6.3951,native,0.0,850.00,2200.0
gfx950,256,160,6144,3072,False,torch.bfloat16,torch.bfloat16,False,False,torch,0,0,7.1056,native,0.0,850.00,2200.0
gfx950,256,160,6144,3072,False,torch.bfloat16,torch.float32,False,False,torch,0,0,7.1056,native,0.0,850.00,2200.0
gfx950,256,176,6144,3072,False,torch.bfloat16,torch.bfloat16,False,False,torch,0,0,7.8162,native,0.0,850.00,2200.0
gfx950,256,176,6144,3072,False,torch.bfloat16,torch.float32,False,False,torch,0,0,7.8162,native,0.0,850.00,2200.0
gfx950,256,208,6144,3072,False,torch.bfloat16,torch.bfloat16,False,False,torch,0,0,9.2373,native,0.0,850.00,2200.0
gfx950,256,208,6144,3072,False,torch.bfloat16,torch.float32,False,False,torch,0,0,9.2373,native,0.0,850.00,2200.0
gfx950,256,224,6144,3072,False,torch.bfloat16,torch.bfloat16,False,False,torch,0,0,9.9479,native,0.0,850.00,2200.0
gfx950,256,224,6144,3072,False,torch.bfloat16,torch.float32,False,False,torch,0,0,9.9479,native,0.0,850.00,2200.0
gfx950,256,240,6144,3072,False,torch.bfloat16,torch.bfloat16,False,False,torch,0,0,10.6585,native,0.0,850.00,2200.0
gfx950,256,240,6144,3072,False,torch.bfloat16,torch.float32,False,False,torch,0,0,10.6585,native,0.0,850.00,2200.0
gfx950,256,272,6144,3072,False,torch.bfloat16,torch.bfloat16,False,False,torch,0,0,12.0796,native,0.0,850.00,2200.0
gfx950,256,272,6144,3072,False,torch.bfloat16,torch.float32,False,False,torch,0,0,12.0796,native,0.0,850.00,2200.0
gfx950,256,288,6144,3072,False,torch.bfloat16,torch.bfloat16,False,False,torch,0,0,12.7902,native,0.0,850.00,2200.0
gfx950,256,288,6144,3072,False,torch.bfloat16,torch.float32,False,False,torch,0,0,12.7902,native,0.0,850.00,2200.0
gfx950,256,304,6144,3072,False,torch.bfloat16,torch.bfloat16,False,False,torch,0,0,13.5007,native,0.0,850.00,2200.0
gfx950,256,304,6144,3072,False,torch.bfloat16,torch.float32,False,False,torch,0,0,13.5007,native,0.0,850.00,2200.0
gfx950,256,336,6144,3072,False,torch.bfloat16,torch.bfloat16,False,False,torch,0,0,14.9219,native,0.0,850.00,2200.0
gfx950,256,336,6144,3072,False,torch.bfloat16,torch.float32,False,False,torch,0,0,14.9219,native,0.0,850.00,2200.0
gfx950,256,352,6144,3072,False,torch.bfloat16,torch.bfloat16,False,False,torch,0,0,15.6324,native,0.0,850.00,2200.0
gfx950,256,352,6144,3072,False,torch.bfloat16,torch.float32,False,False,torch,0,0,15.6324,native,0.0,850.00,2200.0
gfx950,256,368,6144,3072,False,torch.bfloat16,torch.bfloat16,False,False,torch,0,0,16.3430,native,0.0,850.00,2200.0
gfx950,256,368,6144,3072,False,torch.bfloat16,torch.float32,False,False,torch,0,0,16.3430,native,0.0,850.00,2200.0
gfx950,256,384,6144,3072,False,torch.bfloat16,torch.bfloat16,False,False,torch,0,0,17.0535,native,0.0,850.00,2200.0
gfx950,256,384,6144,3072,False,torch.bfloat16,torch.float32,False,False,torch,0,0,17.0535,native,0.0,850.00,2200.0
gfx950,256,400,6144,3072,False,torch.bfloat16,torch.bfloat16,False,False,torch,0,0,17.7641,native,0.0,850.00,2200.0
gfx950,256,400,6144,3072,False,torch.bfloat16,torch.float32,False,False,torch,0,0,17.7641,native,0.0,850.00,2200.0
gfx950,256,416,6144,3072,False,torch.bfloat16,torch.bfloat16,False,False,torch,0,0,18.4747,native,0.0,850.00,2200.0
gfx950,256,416,6144,3072,False,torch.bfloat16,torch.float32,False,False,torch,0,0,18.4747,native,0.0,850.00,2200.0
gfx950,256,432,6144,3072,False,torch.bfloat16,torch.bfloat16,False,False,torch,0,0,19.1852,native,0.0,850.00,2200.0
gfx950,256,432,6144,3072,False,torch.bfloat16,torch.float32,False,False,torch,0,0,19.1852,native,0.0,850.00,2200.0
gfx950,256,448,6144,3072,False,torch.bfloat16,torch.bfloat16,False,False,torch,0,0,19.8958,native,0.0,850.00,2200.0
gfx950,256,448,6144,3072,False,torch.bfloat16,torch.float32,False,False,torch,0,0,19.8958,native,0.0,850.00,2200.0
gfx950,256,464,6144,3072,False,torch.bfloat16,torch.bfloat16,False,False,torch,0,0,20.6064,native,0.0,850.00,2200.0
gfx950,256,464,6144,3072,False,torch.bfloat16,torch.float32,False,False,torch,0,0,20.6064,native,0.0,850.00,2200.0
gfx950,256,480,6144,3072,False,torch.bfloat16,torch.bfloat16,False,False,torch,0,0,21.3169,native,0.0,850.00,2200.0
gfx950,256,480,6144,3072,False,torch.bfloat16,torch.float32,False,False,torch,0,0,21.3169,native,0.0,850.00,2200.0
gfx950,256,496,6144,3072,False,torch.bfloat16,torch.bfloat16,False,False,torch,0,0,22.0275,native,0.0,850.00,2200.0
gfx950,256,496,6144,3072,False,torch.bfloat16,torch.float32,False,False,torch,0,0,22.0275,native,0.0,850.00,2200.0
gfx950,256,544,6144,3072,False,torch.bfloat16,torch.bfloat16,False,False,torch,0,0,24.1592,native,0.0,850.00,2200.0
gfx950,256,544,6144,3072,False,torch.bfloat16,torch.float32,False,False,torch,0,0,24.1592,native,0.0,850.00,2200.0
gfx950,256,576,6144,3072,False,torch.bfloat16,torch.bfloat16,False,False,torch,0,0,25.5803,native,0.0,850.00,2200.0
gfx950,256,576,6144,3072,False,torch.bfloat16,torch.float32,False,False,torch,0,0,25.5803,native,0.0,850.00,2200.0
gfx950,256,608,6144,3072,False,torch.bfloat16,torch.bfloat16,False,False,torch,0,0,27.0014,native,0.0,850.00,2200.0
gfx950,256,608,6144,3072,False,torch.bfloat16,torch.float32,False,False,torch,0,0,27.0014,native,0.0,850.00,2200.0
gfx950,256,640,6144,3072,False,torch.bfloat16,torch.bfloat16,False,False,torch,0,0,28.4226,native,0.0,850.00,2200.0
gfx950,256,640,6144,3072,False,torch.bfloat16,torch.float32,False,False,torch,0,0,28.4226,native,0.0,850.00,2200.0
gfx950,256,672,6144,3072,False,torch.bfloat16,torch.bfloat16,False,False,torch,0,0,29.8437,native,0.0,850.00,2200.0
gfx950,256,672,6144,3072,False,torch.bfloat16,torch.float32,False,False,torch,0,0,29.8437,native,0.0,850.00,2200.0
gfx950,256,704,6144,3072,False,torch.bfloat16,torch.bfloat16,False,False,torch,0,0,31.2648,native,0.0,850.00,2200.0
gfx950,256,704,6144,3072,False,torch.bfloat16,torch.float32,False,False,torch,0,0,31.2648,native,0.0,850.00,2200.0
gfx950,256,736,6144,3072,False,torch.bfloat16,torch.bfloat16,False,False,torch,0,0,32.6860,native,0.0,850.00,2200.0
gfx950,256,736,6144,3072,False,torch.bfloat16,torch.float32,False,False,torch,0,0,32.6860,native,0.0,850.00,2200.0
gfx950,256,768,6144,3072,False,torch.bfloat16,torch.bfloat16,False,False,torch,0,0,34.1071,native,0.0,850.00,2200.0
gfx950,256,768,6144,3072,False,torch.bfloat16,torch.float32,False,False,torch,0,0,34.1071,native,0.0,850.00,2200.0
gfx950,256,800,6144,3072,False,torch.bfloat16,torch.bfloat16,False,False,torch,0,0,35.5282,native,0.0,850.00,2200.0
gfx950,256,800,6144,3072,False,torch.bfloat16,torch.float32,False,False,torch,0,0,35.5282,native,0.0,850.00,2200.0
gfx950,256,832,6144,3072,False,torch.bfloat16,torch.bfloat16,False,False,torch,0,0,36.9494,native,0.0,850.00,2200.0
gfx950,256,832,6144,3072,False,torch.bfloat16,torch.float32,False,False,torch,0,0,36.9494,native,0.0,850.00,2200.0
gfx950,256,864,6144,3072,False,torch.bfloat16,torch.bfloat16,False,False,torch,0,0,38.3705,native,0.0,850.00,2200.0
gfx950,256,864,6144,3072,False,torch.bfloat16,torch.float32,False,False,torch,0,0,38.3705,native,0.0,850.00,2200.0
gfx950,256,896,6144,3072,False,torch.bfloat16,torch.bfloat16,False,False,torch,0,0,39.7916,native,0.0,850.00,2200.0
gfx950,256,896,6144,3072,False,torch.bfloat16,torch.float32,False,False,torch,0,0,39.7916,native,0.0,850.00,2200.0
gfx950,256,928,6144,3072,False,torch.bfloat16,torch.bfloat16,False,False,torch,0,0,41.2127,native,0.0,850.00,2200.0
gfx950,256,928,6144,3072,False,torch.bfloat16,torch.float32,False,False,torch,0,0,41.2127,native,0.0,850.00,2200.0
gfx950,256,960,6144,3072,False,torch.bfloat16,torch.bfloat16,False,False,torch,0,0,42.6339,native,0.0,850.00,2200.0
gfx950,256,960,6144,3072,False,torch.bfloat16,torch.float32,False,False,torch,0,0,42.6339,native,0.0,850.00,2200.0
gfx950,256,992,6144,3072,False,torch.bfloat16,torch.bfloat16,False,False,torch,0,0,44.0550,native,0.0,850.00,2200.0
gfx950,256,992,6144,3072,False,torch.bfloat16,torch.float32,False,False,torch,0,0,44.0550,native,0.0,850.00,2200.0
gfx950,256,1152,6144,3072,False,torch.bfloat16,torch.bfloat16,False,False,torch,0,0,51.1606,native,0.0,850.00,2200.0
gfx950,256,1152,6144,3072,False,torch.bfloat16,torch.float32,False,False,torch,0,0,51.1606,native,0.0,850.00,2200.0
gfx950,256,1280,6144,3072,False,torch.bfloat16,torch.bfloat16,False,False,torch,0,0,56.8452,native,0.0,850.00,2200.0
gfx950,256,1280,6144,3072,False,torch.bfloat16,torch.float32,False,False,torch,0,0,56.8452,native,0.0,850.00,2200.0
gfx950,256,1408,6144,3072,False,torch.bfloat16,torch.bfloat16,False,False,torch,0,0,62.5297,native,0.0,850.00,2200.0
gfx950,256,1408,6144,3072,False,torch.bfloat16,torch.float32,False,False,torch,0,0,62.5297,native,0.0,850.00,2200.0
gfx950,256,1536,6144,3072,False,torch.bfloat16,torch.bfloat16,False,False,torch,0,0,68.2142,native,0.0,850.00,2200.0
gfx950,256,1536,6144,3072,False,torch.bfloat16,torch.float32,False,False,torch,0,0,68.2142,native,0.0,850.00,2200.0
gfx950,256,1664,6144,3072,False,torch.bfloat16,torch.bfloat16,False,False,torch,0,0,73.8987,native,0.0,850.00,2200.0
gfx950,256,1664,6144,3072,False,torch.bfloat16,torch.float32,False,False,torch,0,0,73.8987,native,0.0,850.00,2200.0
gfx950,256,1792,6144,3072,False,torch.bfloat16,torch.bfloat16,False,False,torch,0,0,79.5832,native,0.0,850.00,2200.0
gfx950,256,1792,6144,3072,False,torch.bfloat16,torch.float32,False,False,torch,0,0,79.5832,native,0.0,850.00,2200.0
gfx950,256,1920,6144,3072,False,torch.bfloat16,torch.bfloat16,False,False,torch,0,0,85.2677,native,0.0,850.00,2200.0
gfx950,256,1920,6144,3072,False,torch.bfloat16,torch.float32,False,False,torch,0,0,85.2677,native,0.0,850.00,2200.0
gfx950,256,2304,6144,3072,False,torch.bfloat16,torch.bfloat16,False,False,torch,0,0,102.3213,native,0.0,850.00,2200.0
gfx950,256,2304,6144,3072,False,torch.bfloat16,torch.float32,False,False,torch,0,0,102.3213,native,0.0,850.00,2200.0
gfx950,256,2560,6144,3072,False,torch.bfloat16,torch.bfloat16,False,False,torch,0,0,113.6903,native,0.0,850.00,2200.0
gfx950,256,2560,6144,3072,False,torch.bfloat16,torch.float32,False,False,torch,0,0,113.6903,native,0.0,850.00,2200.0
gfx950,256,2816,6144,3072,False,torch.bfloat16,torch.bfloat16,False,False,torch,0,0,125.0593,native,0.0,850.00,2200.0
gfx950,256,2816,6144,3072,False,torch.bfloat16,torch.float32,False,False,torch,0,0,125.0593,native,0.0,850.00,2200.0
gfx950,256,3072,6144,3072,False,torch.bfloat16,torch.bfloat16,False,False,torch,0,0,136.4284,native,0.0,850.00,2200.0
gfx950,256,3072,6144,3072,False,torch.bfloat16,torch.float32,False,False,torch,0,0,136.4284,native,0.0,850.00,2200.0
gfx950,256,3328,6144,3072,False,torch.bfloat16,torch.bfloat16,False,False,torch,0,0,147.7974,native,0.0,850.00,2200.0
gfx950,256,3328,6144,3072,False,torch.bfloat16,torch.float32,False,False,torch,0,0,147.7974,native,0.0,850.00,2200.0
gfx950,256,3584,6144,3072,False,torch.bfloat16,torch.bfloat16,False,False,torch,0,0,159.1664,native,0.0,850.00,2200.0
gfx950,256,3584,6144,3072,False,torch.bfloat16,torch.float32,False,False,torch,0,0,159.1664,native,0.0,850.00,2200.0
gfx950,256,3840,6144,3072,False,torch.bfloat16,torch.bfloat16,False,False,torch,0,0,170.5355,native,0.0,850.00,2200.0
gfx950,256,3840,6144,3072,False,torch.bfloat16,torch.float32,False,False,torch,0,0,170.5355,native,0.0,850.00,2200.0
gfx950,256,32768,6144,3072,False,torch.bfloat16,torch.float32,False,False,torch,0,0,1455.2360,native,0.0,850.00,2200.0
gfx950,256,24,50016,6144,False,torch.bfloat16,torch.bfloat16,False,False,torch,0,0,17.3533,native,0.0,850.00,2200.0
gfx950,256,24,50016,6144,False,torch.bfloat16,torch.float32,False,False,torch,0,0,17.3533,native,0.0,850.00,2200.0
gfx950,256,48,50016,6144,False,torch.bfloat16,torch.bfloat16,False,False,torch,0,0,34.7066,native,0.0,850.00,2200.0
gfx950,256,48,50016,6144,False,torch.bfloat16,torch.float32,False,False,torch,0,0,34.7066,native,0.0,850.00,2200.0
gfx950,256,80,50016,6144,False,torch.bfloat16,torch.bfloat16,False,False,torch,0,0,57.8444,native,0.0,850.00,2200.0
gfx950,256,80,50016,6144,False,torch.bfloat16,torch.float32,False,False,torch,0,0,57.8444,native,0.0,850.00,2200.0
gfx950,256,96,50016,6144,False,torch.bfloat16,torch.bfloat16,False,False,torch,0,0,69.4133,native,0.0,850.00,2200.0
gfx950,256,96,50016,6144,False,torch.bfloat16,torch.float32,False,False,torch,0,0,69.4133,native,0.0,850.00,2200.0
gfx950,256,112,50016,6144,False,torch.bfloat16,torch.bfloat16,False,False,torch,0,0,80.9821,native,0.0,850.00,2200.0
gfx950,256,112,50016,6144,False,torch.bfloat16,torch.float32,False,False,torch,0,0,80.9821,native,0.0,850.00,2200.0
gfx950,256,144,50016,6144,False,torch.bfloat16,torch.bfloat16,False,False,torch,0,0,104.1199,native,0.0,850.00,2200.0
gfx950,256,144,50016,6144,False,torch.bfloat16,torch.float32,False,False,torch,0,0,104.1199,native,0.0,850.00,2200.0
gfx950,256,160,50016,6144,False,torch.bfloat16,torch.bfloat16,False,False,torch,0,0,115.6888,native,0.0,850.00,2200.0
gfx950,256,160,50016,6144,False,torch.bfloat16,torch.float32,False,False,torch,0,0,115.6888,native,0.0,850.00,2200.0
gfx950,256,176,50016,6144,False,torch.bfloat16,torch.bfloat16,False,False,torch,0,0,127.2577,native,0.0,850.00,2200.0
gfx950,256,176,50016,6144,False,torch.bfloat16,torch.float32,False,False,torch,0,0,127.2577,native,0.0,850.00,2200.0
gfx950,256,192,50016,6144,False,torch.bfloat16,torch.bfloat16,False,False,torch,0,0,138.8265,native,0.0,850.00,2200.0
gfx950,256,208,50016,6144,False,torch.bfloat16,torch.bfloat16,False,False,torch,0,0,150.3954,native,0.0,850.00,2200.0
gfx950,256,208,50016,6144,False,torch.bfloat16,torch.float32,False,False,torch,0,0,150.3954,native,0.0,850.00,2200.0
gfx950,256,224,50016,6144,False,torch.bfloat16,torch.bfloat16,False,False,torch,0,0,161.9643,native,0.0,850.00,2200.0
gfx950,256,224,50016,6144,False,torch.bfloat16,torch.float32,False,False,torch,0,0,161.9643,native,0.0,850.00,2200.0
gfx950,256,240,50016,6144,False,torch.bfloat16,torch.bfloat16,False,False,torch,0,0,173.5332,native,0.0,850.00,2200.0
gfx950,256,240,50016,6144,False,torch.bfloat16,torch.float32,False,False,torch,0,0,173.5332,native,0.0,850.00,2200.0
gfx950,256,272,50016,6144,False,torch.bfloat16,torch.bfloat16,False,False,torch,0,0,196.6709,native,0.0,850.00,2200.0
gfx950,256,272,50016,6144,False,torch.bfloat16,torch.float32,False,False,torch,0,0,196.6709,native,0.0,850.00,2200.0
gfx950,256,288,50016,6144,False,torch.bfloat16,torch.bfloat16,False,False,torch,0,0,208.2398,native,0.0,850.00,2200.0
gfx950,256,288,50016,6144,False,torch.bfloat16,torch.float32,False,False,torch,0,0,208.2398,native,0.0,850.00,2200.0
gfx950,256,304,50016,6144,False,torch.bfloat16,torch.bfloat16,False,False,torch,0,0,219.8087,native,0.0,850.00,2200.0
gfx950,256,304,50016,6144,False,torch.bfloat16,torch.float32,False,False,torch,0,0,219.8087,native,0.0,850.00,2200.0
gfx950,256,336,50016,6144,False,torch.bfloat16,torch.bfloat16,False,False,torch,0,0,242.9464,native,0.0,850.00,2200.0
gfx950,256,336,50016,6144,False,torch.bfloat16,torch.float32,False,False,torch,0,0,242.9464,native,0.0,850.00,2200.0
gfx950,256,352,50016,6144,False,torch.bfloat16,torch.bfloat16,False,False,torch,0,0,254.5153,native,0.0,850.00,2200.0
gfx950,256,352,50016,6144,False,torch.bfloat16,torch.float32,False,False,torch,0,0,254.5153,native,0.0,850.00,2200.0
gfx950,256,368,50016,6144,False,torch.bfloat16,torch.bfloat16,False,False,torch,0,0,266.0842,native,0.0,850.00,2200.0
gfx950,256,368,50016,6144,False,torch.bfloat16,torch.float32,False,False,torch,0,0,266.0842,native,0.0,850.00,2200.0
gfx950,256,384,50016,6144,False,torch.bfloat16,torch.bfloat16,False,False,torch,0,0,277.6531,native,0.0,850.00,2200.0
gfx950,256,384,50016,6144,False,torch.bfloat16,torch.float32,False,False,torch,0,0,277.6531,native,0.0,850.00,2200.0
gfx950,256,400,50016,6144,False,torch.bfloat16,torch.bfloat16,False,False,torch,0,0,289.2219,native,0.0,850.00,2200.0
gfx950,256,400,50016,6144,False,torch.bfloat16,torch.float32,False,False,torch,0,0,289.2219,native,0.0,850.00,2200.0
gfx950,256,416,50016,6144,False,torch.bfloat16,torch.bfloat16,False,False,torch,0,0,300.7908,native,0.0,850.00,2200.0
gfx950,256,416,50016,6144,False,torch.bfloat16,torch.float32,False,False,torch,0,0,300.7908,native,0.0,850.00,2200.0
gfx950,256,432,50016,6144,False,torch.bfloat16,torch.bfloat16,False,False,torch,0,0,312.3597,native,0.0,850.00,2200.0
gfx950,256,432,50016,6144,False,torch.bfloat16,torch.float32,False,False,torch,0,0,312.3597,native,0.0,850.00,2200.0
gfx950,256,448,50016,6144,False,torch.bfloat16,torch.bfloat16,False,False,torch,0,0,323.9286,native,0.0,850.00,2200.0
gfx950,256,448,50016,6144,False,torch.bfloat16,torch.float32,False,False,torch,0,0,323.9286,native,0.0,850.00,2200.0
gfx950,256,464,50016,6144,False,torch.bfloat16,torch.bfloat16,False,False,torch,0,0,335.4974,native,0.0,850.00,2200.0
gfx950,256,464,50016,6144,False,torch.bfloat16,torch.float32,False,False,torch,0,0,335.4974,native,0.0,850.00,2200.0
gfx950,256,480,50016,6144,False,torch.bfloat16,torch.bfloat16,False,False,torch,0,0,347.0663,native,0.0,850.00,2200.0
gfx950,256,480,50016,6144,False,torch.bfloat16,torch.float32,False,False,torch,0,0,347.0663,native,0.0,850.00,2200.0
gfx950,256,496,50016,6144,False,torch.bfloat16,torch.bfloat16,False,False,torch,0,0,358.6352,native,0.0,850.00,2200.0
gfx950,256,496,50016,6144,False,torch.bfloat16,torch.float32,False,False,torch,0,0,358.6352,native,0.0,850.00,2200.0
gfx950,256,544,50016,6144,False,torch.bfloat16,torch.bfloat16,False,False,torch,0,0,393.3418,native,0.0,850.00,2200.0
gfx950,256,544,50016,6144,False,torch.bfloat16,torch.float32,False,False,torch,0,0,393.3418,native,0.0,850.00,2200.0
gfx950,256,576,50016,6144,False,torch.bfloat16,torch.bfloat16,False,False,torch,0,0,416.4796,native,0.0,850.00,2200.0
gfx950,256,576,50016,6144,False,torch.bfloat16,torch.float32,False,False,torch,0,0,416.4796,native,0.0,850.00,2200.0
gfx950,256,608,50016,6144,False,torch.bfloat16,torch.bfloat16,False,False,torch,0,0,439.6173,native,0.0,850.00,2200.0
gfx950,256,608,50016,6144,False,torch.bfloat16,torch.float32,False,False,torch,0,0,439.6173,native,0.0,850.00,2200.0
gfx950,256,640,50016,6144,False,torch.bfloat16,torch.bfloat16,False,False,torch,0,0,462.7551,native,0.0,850.00,2200.0
gfx950,256,640,50016,6144,False,torch.bfloat16,torch.float32,False,False,torch,0,0,462.7551,native,0.0,850.00,2200.0
gfx950,256,672,50016,6144,False,torch.bfloat16,torch.bfloat16,False,False,torch,0,0,485.8928,native,0.0,850.00,2200.0
gfx950,256,672,50016,6144,False,torch.bfloat16,torch.float32,False,False,torch,0,0,485.8928,native,0.0,850.00,2200.0
gfx950,256,704,50016,6144,False,torch.bfloat16,torch.bfloat16,False,False,torch,0,0,509.0306,native,0.0,850.00,2200.0
gfx950,256,704,50016,6144,False,torch.bfloat16,torch.float32,False,False,torch,0,0,509.0306,native,0.0,850.00,2200.0
gfx950,256,736,50016,6144,False,torch.bfloat16,torch.bfloat16,False,False,torch,0,0,532.1684,native,0.0,850.00,2200.0
gfx950,256,736,50016,6144,False,torch.bfloat16,torch.float32,False,False,torch,0,0,532.1684,native,0.0,850.00,2200.0
gfx950,256,768,50016,6144,False,torch.bfloat16,torch.bfloat16,False,False,torch,0,0,555.3061,native,0.0,850.00,2200.0
gfx950,256,768,50016,6144,False,torch.bfloat16,torch.float32,False,False,torch,0,0,555.3061,native,0.0,850.00,2200.0
gfx950,256,800,50016,6144,False,torch.bfloat16,torch.bfloat16,False,False,torch,0,0,578.4439,native,0.0,850.00,2200.0
gfx950,256,800,50016,6144,False,torch.bfloat16,torch.float32,False,False,torch,0,0,578.4439,native,0.0,850.00,2200.0
gfx950,256,832,50016,6144,False,torch.bfloat16,torch.bfloat16,False,False,torch,0,0,601.5816,native,0.0,850.00,2200.0
gfx950,256,832,50016,6144,False,torch.bfloat16,torch.float32,False,False,torch,0,0,601.5816,native,0.0,850.00,2200.0
gfx950,256,864,50016,6144,False,torch.bfloat16,torch.bfloat16,False,False,torch,0,0,624.7194,native,0.0,850.00,2200.0
gfx950,256,864,50016,6144,False,torch.bfloat16,torch.float32,False,False,torch,0,0,624.7194,native,0.0,850.00,2200.0
gfx950,256,896,50016,6144,False,torch.bfloat16,torch.bfloat16,False,False,torch,0,0,647.8571,native,0.0,850.00,2200.0
gfx950,256,896,50016,6144,False,torch.bfloat16,torch.float32,False,False,torch,0,0,647.8571,native,0.0,850.00,2200.0
gfx950,256,928,50016,6144,False,torch.bfloat16,torch.bfloat16,False,False,torch,0,0,670.9949,native,0.0,850.00,2200.0
gfx950,256,928,50016,6144,False,torch.bfloat16,torch.float32,False,False,torch,0,0,670.9949,native,0.0,850.00,2200.0
gfx950,256,960,50016,6144,False,torch.bfloat16,torch.bfloat16,False,False,torch,0,0,694.1326,native,0.0,850.00,2200.0
gfx950,256,960,50016,6144,False,torch.bfloat16,torch.float32,False,False,torch,0,0,694.1326,native,0.0,850.00,2200.0
gfx950,256,992,50016,6144,False,torch.bfloat16,torch.bfloat16,False,False,torch,0,0,717.2704,native,0.0,850.00,2200.0
gfx950,256,992,50016,6144,False,torch.bfloat16,torch.float32,False,False,torch,0,0,717.2704,native,0.0,850.00,2200.0
gfx950,256,1152,50016,6144,False,torch.bfloat16,torch.bfloat16,False,False,torch,0,0,832.9592,native,0.0,850.00,2200.0
gfx950,256,1152,50016,6144,False,torch.bfloat16,torch.float32,False,False,torch,0,0,832.9592,native,0.0,850.00,2200.0
gfx950,256,1280,50016,6144,False,torch.bfloat16,torch.bfloat16,False,False,torch,0,0,925.5102,native,0.0,850.00,2200.0
gfx950,256,1280,50016,6144,False,torch.bfloat16,torch.float32,False,False,torch,0,0,925.5102,native,0.0,850.00,2200.0
gfx950,256,1408,50016,6144,False,torch.bfloat16,torch.bfloat16,False,False,torch,0,0,1018.0612,native,0.0,850.00,2200.0
gfx950,256,1408,50016,6144,False,torch.bfloat16,torch.float32,False,False,torch,0,0,1018.0612,native,0.0,850.00,2200.0
gfx950,256,1536,50016,6144,False,torch.bfloat16,torch.bfloat16,False,False,torch,0,0,1110.6122,native,0.0,850.00,2200.0
gfx950,256,1536,50016,6144,False,torch.bfloat16,torch.float32,False,False,torch,0,0,1110.6122,native,0.0,850.00,2200.0
gfx950,256,1664,50016,6144,False,torch.bfloat16,torch.bfloat16,False,False,torch,0,0,1203.1632,native,0.0,850.00,2200.0
gfx950,256,1664,50016,6144,False,torch.bfloat16,torch.float32,False,False,torch,0,0,1203.1632,native,0.0,850.00,2200.0
gfx950,256,1792,50016,6144,False,torch.bfloat16,torch.bfloat16,False,False,torch,0,0,1295.7143,native,0.0,850.00,2200.0
gfx950,256,1792,50016,6144,False,torch.bfloat16,torch.float32,False,False,torch,0,0,1295.7143,native,0.0,850.00,2200.0
gfx950,256,1920,50016,6144,False,torch.bfloat16,torch.bfloat16,False,False,torch,0,0,1388.2653,native,0.0,850.00,2200.0
gfx950,256,1920,50016,6144,False,torch.bfloat16,torch.float32,False,False,torch,0,0,1388.2653,native,0.0,850.00,2200.0
gfx950,256,2304,50016,6144,False,torch.bfloat16,torch.bfloat16,False,False,torch,0,0,1665.9183,native,0.0,850.00,2200.0
gfx950,256,2304,50016,6144,False,torch.bfloat16,torch.float32,False,False,torch,0,0,1665.9183,native,0.0,850.00,2200.0
gfx950,256,2560,50016,6144,False,torch.bfloat16,torch.bfloat16,False,False,torch,0,0,1851.0204,native,0.0,850.00,2200.0
gfx950,256,2560,50016,6144,False,torch.bfloat16,torch.float32,False,False,torch,0,0,1851.0204,native,0.0,850.00,2200.0
gfx950,256,2816,50016,6144,False,torch.bfloat16,torch.bfloat16,False,False,torch,0,0,2036.1224,native,0.0,850.00,2200.0
gfx950,256,2816,50016,6144,False,torch.bfloat16,torch.float32,False,False,torch,0,0,2036.1224,native,0.0,850.00,2200.0
gfx950,256,3072,50016,6144,False,torch.bfloat16,torch.bfloat16,False,False,torch,0,0,2221.2244,native,0.0,850.00,2200.0
gfx950,256,3072,50016,6144,False,torch.bfloat16,torch.float32,False,False,torch,0,0,2221.2244,native,0.0,850.00,2200.0
gfx950,256,3328,50016,6144,False,torch.bfloat16,torch.bfloat16,False,False,torch,0,0,2406.3265,native,0.0,850.00,2200.0
gfx950,256,3328,50016,6144,False,torch.bfloat16,torch.float32,False,False,torch,0,0,2406.3265,native,0.0,850.00,2200.0
gfx950,256,3584,50016,6144,False,torch.bfloat16,torch.bfloat16,False,False,torch,0,0,2591.4285,native,0.0,850.00,2200.0
gfx950,256,3584,50016,6144,False,torch.bfloat16,torch.float32,False,False,torch,0,0,2591.4285,native,0.0,850.00,2200.0
gfx950,256,3840,50016,6144,False,torch.bfloat16,torch.bfloat16,False,False,torch,0,0,2776.5306,native,0.0,850.00,2200.0
gfx950,256,3840,50016,6144,False,torch.bfloat16,torch.float32,False,False,torch,0,0,2776.5306,native,0.0,850.00,2200.0
gfx950,256,32768,50016,6144,False,torch.bfloat16,torch.float32,False,False,torch,0,0,23693.0608,native,0.0,850.00,2200.0
