gfx,cu_num,M,N,K,kernelId,splitK,us,kernelName,tflops,bw,errRatio
gfx950,256,1,1280,4096,21,0,8.0223,_ZN5aiter41f4gemm_bf16_per1x32Fp4_BpreShuffle_32x128E,1.31,327.34,0.0
gfx950,256,1,2304,4096,21,0,8.3559,_ZN5aiter41f4gemm_bf16_per1x32Fp4_BpreShuffle_32x128E,2.26,565.5,0.0
gfx950,256,1,4096,2048,21,0,5.9995,_ZN5aiter41f4gemm_bf16_per1x32Fp4_BpreShuffle_32x128E,2.8,700.65,0.0
gfx950,256,1,4608,4096,21,0,8.835,_ZN5aiter41f4gemm_bf16_per1x32Fp4_BpreShuffle_32x128E,4.27,1069.43,0.0
gfx950,256,1,9216,4096,21,0,8.7294,_ZN5aiter41f4gemm_bf16_per1x32Fp4_BpreShuffle_32x128E,8.65,2164.51,0.0
gfx950,256,2,1280,4096,21,0,8.0008,_ZN5aiter41f4gemm_bf16_per1x32Fp4_BpreShuffle_32x128E,2.62,328.8,0.0
gfx950,256,2,2304,4096,21,0,8.7943,_ZN5aiter41f4gemm_bf16_per1x32Fp4_BpreShuffle_32x128E,4.29,538.06,0.0
gfx950,256,2,4096,2048,21,0,6.0917,_ZN5aiter41f4gemm_bf16_per1x32Fp4_BpreShuffle_32x128E,5.51,691.55,0.0
gfx950,256,2,4608,4096,21,0,8.9699,_ZN5aiter41f4gemm_bf16_per1x32Fp4_BpreShuffle_32x128E,8.42,1054.61,0.0
gfx950,256,2,9216,4096,21,0,9.2229,_ZN5aiter41f4gemm_bf16_per1x32Fp4_BpreShuffle_32x128E,16.37,2050.91,0.0
gfx950,256,4,1280,4096,21,0,8.1421,_ZN5aiter41f4gemm_bf16_per1x32Fp4_BpreShuffle_32x128E,5.15,324.22,0.0
gfx950,256,4,2304,4096,21,0,8.4755,_ZN5aiter41f4gemm_bf16_per1x32Fp4_BpreShuffle_32x128E,8.91,559.87,0.0
gfx950,256,4,4096,2048,21,0,6.1111,_ZN5aiter41f4gemm_bf16_per1x32Fp4_BpreShuffle_32x128E,10.98,692.37,0.0
gfx950,256,4,4608,4096,21,0,8.9732,_ZN5aiter41f4gemm_bf16_per1x32Fp4_BpreShuffle_32x128E,16.83,1056.73,0.0
gfx950,256,4,9216,4096,21,0,9.2699,_ZN5aiter41f4gemm_bf16_per1x32Fp4_BpreShuffle_32x128E,32.58,2044.93,0.0
gfx950,256,8,1280,4096,21,0,8.1947,_ZN5aiter41f4gemm_bf16_per1x32Fp4_BpreShuffle_32x128E,10.24,324.39,0.0
gfx950,256,8,2304,4096,21,0,9.0371,_ZN5aiter41f4gemm_bf16_per1x32Fp4_BpreShuffle_32x128E,16.71,528.03,0.0
gfx950,256,8,4096,2048,37,0,6.5021,_ZN5aiter41f4gemm_bf16_per1x32Fp4_BpreShuffle_96x128E,20.64,656.41,0.0
gfx950,256,8,4608,4096,21,0,9.082,_ZN5aiter41f4gemm_bf16_per1x32Fp4_BpreShuffle_32x128E,33.25,1049.03,0.0
gfx950,256,8,9216,4096,21,0,9.3628,_ZN5aiter41f4gemm_bf16_per1x32Fp4_BpreShuffle_32x128E,64.51,2033.39,0.0
gfx950,256,16,1280,4096,21,0,8.4112,_ZN5aiter41f4gemm_bf16_per1x32Fp4_BpreShuffle_32x128E,19.95,320.43,0.0
gfx950,256,16,2304,4096,29,0,8.9155,_ZN5aiter41f4gemm_bf16_per1x32Fp4_BpreShuffle_64x128E,33.87,541.2,0.0
gfx950,256,16,4096,2048,37,0,6.5817,_ZN5aiter41f4gemm_bf16_per1x32Fp4_BpreShuffle_96x128E,40.79,659.67,0.0
gfx950,256,16,4608,4096,21,0,9.2513,_ZN5aiter41f4gemm_bf16_per1x32Fp4_BpreShuffle_32x128E,65.29,1039.57,0.0
gfx950,256,16,9216,4096,21,0,9.51,_ZN5aiter41f4gemm_bf16_per1x32Fp4_BpreShuffle_32x128E,127.02,2019.14,0.0
gfx950,256,24,1280,4096,21,0,8.6581,_ZN5aiter41f4gemm_bf16_per1x32Fp4_BpreShuffle_32x128E,29.07,315.55,0.0
gfx950,256,24,2304,4096,29,0,9.1493,_ZN5aiter41f4gemm_bf16_per1x32Fp4_BpreShuffle_64x128E,49.51,533.19,0.0
gfx950,256,24,4096,2048,21,0,6.4803,_ZN5aiter41f4gemm_bf16_per1x32Fp4_BpreShuffle_32x128E,62.13,681.37,0.0
gfx950,256,24,4608,4096,21,0,9.052,_ZN5aiter41f4gemm_bf16_per1x32Fp4_BpreShuffle_32x128E,100.09,1072.42,0.0
gfx950,256,24,9216,4096,21,0,9.3363,_ZN5aiter41f4gemm_bf16_per1x32Fp4_BpreShuffle_32x128E,194.07,2074.26,0.0
gfx950,256,32,1280,4096,21,0,8.9095,_ZN5aiter41f4gemm_bf16_per1x32Fp4_BpreShuffle_32x128E,37.66,310.78,0.0
gfx950,256,32,2304,4096,29,0,9.7339,_ZN5aiter41f4gemm_bf16_per1x32Fp4_BpreShuffle_64x128E,62.05,506.64,0.0
gfx950,256,32,4096,2048,14,0,6.542,a4w4_blockscale_256x32x128x128_16x16_16x16_8x32x1_8x32x1_1x16x1x16_8_2x2_intrawave_v3,82.07,686.21,0.0
gfx950,256,32,4608,4096,21,0,9.7739,_ZN5aiter41f4gemm_bf16_per1x32Fp4_BpreShuffle_32x128E,123.59,1002.43,0.0
gfx950,256,32,9216,4096,21,0,10.0349,_ZN5aiter41f4gemm_bf16_per1x32Fp4_BpreShuffle_32x128E,240.75,1946.18,0.0
gfx950,256,40,1280,4096,21,0,8.2583,_ZN5aiter41f4gemm_bf16_per1x32Fp4_BpreShuffle_32x128E,50.79,339.75,0.0
gfx950,256,40,2304,4096,21,0,8.6534,_ZN5aiter41f4gemm_bf16_per1x32Fp4_BpreShuffle_32x128E,87.25,576.05,0.0
gfx950,256,40,4096,2048,14,0,6.6966,a4w4_blockscale_256x32x128x128_16x16_16x16_8x32x1_8x32x1_1x16x1x16_8_2x2_intrawave_v3,100.21,681.38,0.0
gfx950,256,40,4608,4096,21,0,8.5535,_ZN5aiter41f4gemm_bf16_per1x32Fp4_BpreShuffle_32x128E,176.53,1155.99,0.0
gfx950,256,40,9216,4096,21,0,9.0886,_ZN5aiter41f4gemm_bf16_per1x32Fp4_BpreShuffle_32x128E,332.27,2166.84,0.0
gfx950,256,48,1280,4096,21,0,8.3727,_ZN5aiter41f4gemm_bf16_per1x32Fp4_BpreShuffle_32x128E,60.11,339.51,0.0
gfx950,256,48,2304,4096,21,0,9.0607,_ZN5aiter41f4gemm_bf16_per1x32Fp4_BpreShuffle_32x128E,99.99,556.04,0.0
gfx950,256,48,4096,2048,21,0,6.3335,_ZN5aiter41f4gemm_bf16_per1x32Fp4_BpreShuffle_32x128E,127.15,732.09,0.0
gfx950,256,48,4608,4096,21,0,8.8556,_ZN5aiter41f4gemm_bf16_per1x32Fp4_BpreShuffle_32x128E,204.61,1126.73,0.0
gfx950,256,48,9216,4096,21,0,9.7033,_ZN5aiter41f4gemm_bf16_per1x32Fp4_BpreShuffle_32x128E,373.47,2046.46,0.0
gfx950,256,56,1280,4096,21,0,8.5377,_ZN5aiter41f4gemm_bf16_per1x32Fp4_BpreShuffle_32x128E,68.78,337.27,0.0
gfx950,256,56,2304,4096,21,0,8.9416,_ZN5aiter41f4gemm_bf16_per1x32Fp4_BpreShuffle_32x128E,118.21,569.4,0.0
gfx950,256,56,4096,2048,21,0,6.4471,_ZN5aiter41f4gemm_bf16_per1x32Fp4_BpreShuffle_32x128E,145.73,730.62,0.0
gfx950,256,56,4608,4096,21,0,8.968,_ZN5aiter41f4gemm_bf16_per1x32Fp4_BpreShuffle_32x128E,235.72,1122.65,0.0
gfx950,256,56,9216,4096,21,0,9.8674,_ZN5aiter41f4gemm_bf16_per1x32Fp4_BpreShuffle_32x128E,428.47,2029.03,0.0
gfx950,256,64,1280,4096,21,0,8.731,_ZN5aiter41f4gemm_bf16_per1x32Fp4_BpreShuffle_32x128E,76.86,334.02,0.0
gfx950,256,64,2304,4096,21,0,9.2036,_ZN5aiter41f4gemm_bf16_per1x32Fp4_BpreShuffle_32x128E,131.25,558.97,0.0
gfx950,256,64,4096,2048,14,0,6.9498,a4w4_blockscale_256x32x128x128_16x16_16x16_8x32x1_8x32x1_1x16x1x16_8_2x2_intrawave_v3,154.5,688.38,0.0
gfx950,256,64,4608,4096,21,0,9.6501,_ZN5aiter41f4gemm_bf16_per1x32Fp4_BpreShuffle_32x128E,250.35,1052.64,0.0
gfx950,256,64,9216,4096,21,0,9.549,_ZN5aiter41f4gemm_bf16_per1x32Fp4_BpreShuffle_32x128E,506.0,2113.84,0.0
gfx950,256,72,1280,4096,21,0,8.1302,_ZN5aiter41f4gemm_bf16_per1x32Fp4_BpreShuffle_32x128E,92.86,363.24,0.0
gfx950,256,72,2304,4096,21,0,8.5532,_ZN5aiter41f4gemm_bf16_per1x32Fp4_BpreShuffle_32x128E,158.88,607.71,0.0
gfx950,256,72,4096,2048,21,0,6.2946,_ZN5aiter41f4gemm_bf16_per1x32Fp4_BpreShuffle_32x128E,191.9,771.75,0.0
gfx950,256,72,4608,4096,21,0,9.3387,_ZN5aiter41f4gemm_bf16_per1x32Fp4_BpreShuffle_32x128E,291.04,1097.39,0.0
gfx950,256,72,9216,4096,21,0,9.1857,_ZN5aiter41f4gemm_bf16_per1x32Fp4_BpreShuffle_32x128E,591.77,2215.28,0.0
gfx950,256,80,1280,4096,21,0,8.2562,_ZN5aiter41f4gemm_bf16_per1x32Fp4_BpreShuffle_32x128E,101.6,362.16,0.0
gfx950,256,80,2304,4096,21,0,8.7953,_ZN5aiter41f4gemm_bf16_per1x32Fp4_BpreShuffle_32x128E,171.68,597.03,0.0
gfx950,256,80,4096,2048,29,0,6.6245,_ZN5aiter41f4gemm_bf16_per1x32Fp4_BpreShuffle_64x128E,202.61,744.45,0.0
gfx950,256,80,4608,4096,21,0,8.6873,_ZN5aiter41f4gemm_bf16_per1x32Fp4_BpreShuffle_32x128E,347.62,1190.05,0.0
gfx950,256,80,9216,4096,21,0,9.9062,_ZN5aiter41f4gemm_bf16_per1x32Fp4_BpreShuffle_32x128E,609.7,2070.7,0.0
gfx950,256,88,1280,4096,21,0,8.4189,_ZN5aiter41f4gemm_bf16_per1x32Fp4_BpreShuffle_32x128E,109.6,359.54,0.0
gfx950,256,88,2304,4096,21,0,8.8011,_ZN5aiter41f4gemm_bf16_per1x32Fp4_BpreShuffle_32x128E,188.72,602.69,0.0
gfx950,256,88,4096,2048,14,0,6.8829,a4w4_blockscale_256x32x128x128_16x16_16x16_8x32x1_8x32x1_1x16x1x16_8_2x2_intrawave_v3,214.5,727.21,0.0
gfx950,256,88,4608,4096,21,0,9.5174,_ZN5aiter41f4gemm_bf16_per1x32Fp4_BpreShuffle_32x128E,349.03,1095.72,0.0
gfx950,256,88,9216,4096,21,0,10.0308,_ZN5aiter41f4gemm_bf16_per1x32Fp4_BpreShuffle_32x128E,662.34,2061.31,0.0
gfx950,256,96,1280,4096,21,0,8.4573,_ZN5aiter41f4gemm_bf16_per1x32Fp4_BpreShuffle_32x128E,119.03,362.27,0.0
gfx950,256,96,2304,4096,21,0,8.9656,_ZN5aiter41f4gemm_bf16_per1x32Fp4_BpreShuffle_32x128E,202.1,597.57,0.0
gfx950,256,96,4096,2048,21,0,6.5207,_ZN5aiter41f4gemm_bf16_per1x32Fp4_BpreShuffle_32x128E,247.0,778.91,0.0
gfx950,256,96,4608,4096,21,0,9.6416,_ZN5aiter41f4gemm_bf16_per1x32Fp4_BpreShuffle_32x128E,375.86,1090.95,0.0
gfx950,256,96,9216,4096,21,0,10.071,_ZN5aiter41f4gemm_bf16_per1x32Fp4_BpreShuffle_32x128E,719.67,2069.35,0.0
gfx950,256,104,1280,4096,21,0,8.2266,_ZN5aiter41f4gemm_bf16_per1x32Fp4_BpreShuffle_32x128E,132.56,376.91,0.0
gfx950,256,104,2304,4096,21,0,8.6958,_ZN5aiter41f4gemm_bf16_per1x32Fp4_BpreShuffle_32x128E,225.73,622.23,0.0
gfx950,256,104,4096,2048,21,0,6.277,_ZN5aiter41f4gemm_bf16_per1x32Fp4_BpreShuffle_32x128E,277.97,820.9,0.0
gfx950,256,104,4608,4096,21,0,9.3252,_ZN5aiter41f4gemm_bf16_per1x32Fp4_BpreShuffle_32x128E,421.0,1137.63,0.0
gfx950,256,104,9216,4096,29,0,10.8349,_ZN5aiter41f4gemm_bf16_per1x32Fp4_BpreShuffle_64x128E,724.67,1938.58,0.0
gfx950,256,112,1280,4096,21,0,8.3528,_ZN5aiter41f4gemm_bf16_per1x32Fp4_BpreShuffle_32x128E,140.6,375.63,0.0
gfx950,256,112,2304,4096,21,0,8.8507,_ZN5aiter41f4gemm_bf16_per1x32Fp4_BpreShuffle_32x128E,238.84,617.36,0.0
gfx950,256,112,4096,2048,21,0,6.3382,_ZN5aiter41f4gemm_bf16_per1x32Fp4_BpreShuffle_32x128E,296.46,824.6,0.0
gfx950,256,112,4608,4096,21,0,8.8679,_ZN5aiter41f4gemm_bf16_per1x32Fp4_BpreShuffle_32x128E,476.76,1206.46,0.0
gfx950,256,112,9216,4096,29,0,11.1231,_ZN5aiter41f4gemm_bf16_per1x32Fp4_BpreShuffle_64x128E,760.19,1903.08,0.0
gfx950,256,120,1280,4096,21,0,8.4446,_ZN5aiter41f4gemm_bf16_per1x32Fp4_BpreShuffle_32x128E,149.01,375.91,0.0
gfx950,256,120,2304,4096,21,0,9.0003,_ZN5aiter41f4gemm_bf16_per1x32Fp4_BpreShuffle_32x128E,251.65,613.01,0.0
gfx950,256,120,4096,2048,21,0,6.4221,_ZN5aiter41f4gemm_bf16_per1x32Fp4_BpreShuffle_32x128E,313.49,825.31,0.0
gfx950,256,120,4608,4096,21,0,9.6298,_ZN5aiter41f4gemm_bf16_per1x32Fp4_BpreShuffle_32x128E,470.4,1120.36,0.0
gfx950,256,120,9216,4096,29,0,10.6944,_ZN5aiter41f4gemm_bf16_per1x32Fp4_BpreShuffle_64x128E,847.14,1994.69,0.0
gfx950,256,128,1280,4096,21,0,8.5075,_ZN5aiter41f4gemm_bf16_per1x32Fp4_BpreShuffle_32x128E,157.76,377.46,0.0
gfx950,256,128,2304,4096,21,0,9.1118,_ZN5aiter41f4gemm_bf16_per1x32Fp4_BpreShuffle_32x128E,265.14,611.36,0.0
gfx950,256,128,4096,2048,21,0,6.9881,_ZN5aiter41f4gemm_bf16_per1x32Fp4_BpreShuffle_32x128E,307.31,769.01,0.0
gfx950,256,128,4608,4096,21,0,9.607,_ZN5aiter41f4gemm_bf16_per1x32Fp4_BpreShuffle_32x128E,502.95,1132.4,0.0
gfx950,256,128,9216,4096,29,0,10.8229,_ZN5aiter41f4gemm_bf16_per1x32Fp4_BpreShuffle_64x128E,892.89,1986.14,0.0
gfx950,256,136,1280,4096,21,0,8.2314,_ZN5aiter41f4gemm_bf16_per1x32Fp4_BpreShuffle_32x128E,173.25,394.6,0.0
gfx950,256,136,2304,4096,21,0,8.6754,_ZN5aiter41f4gemm_bf16_per1x32Fp4_BpreShuffle_32x128E,295.88,648.25,0.0
gfx950,256,136,4096,2048,29,0,6.7352,_ZN5aiter41f4gemm_bf16_per1x32Fp4_BpreShuffle_64x128E,338.77,808.84,0.0
gfx950,256,136,4608,4096,21,0,9.3608,_ZN5aiter41f4gemm_bf16_per1x32Fp4_BpreShuffle_32x128E,548.44,1171.81,0.0
gfx950,256,136,9216,4096,29,0,10.4045,_ZN5aiter41f4gemm_bf16_per1x32Fp4_BpreShuffle_64x128E,986.85,2081.76,0.0
gfx950,256,144,1280,4096,21,0,8.3437,_ZN5aiter41f4gemm_bf16_per1x32Fp4_BpreShuffle_32x128E,180.97,393.71,0.0
gfx950,256,144,2304,4096,21,0,8.8633,_ZN5aiter41f4gemm_bf16_per1x32Fp4_BpreShuffle_32x128E,306.65,640.51,0.0
gfx950,256,144,4096,2048,21,0,6.8986,_ZN5aiter41f4gemm_bf16_per1x32Fp4_BpreShuffle_32x128E,350.2,800.37,0.0
gfx950,256,144,4608,4096,21,0,8.6964,_ZN5aiter41f4gemm_bf16_per1x32Fp4_BpreShuffle_32x128E,625.07,1271.7,0.0
gfx950,256,144,9216,4096,29,0,10.1892,_ZN5aiter41f4gemm_bf16_per1x32Fp4_BpreShuffle_64x128E,1066.98,2141.83,0.0
gfx950,256,152,1280,4096,21,0,8.4341,_ZN5aiter41f4gemm_bf16_per1x32Fp4_BpreShuffle_32x128E,188.98,393.86,0.0
gfx950,256,152,2304,4096,21,0,8.948,_ZN5aiter41f4gemm_bf16_per1x32Fp4_BpreShuffle_32x128E,320.62,640.4,0.0
gfx950,256,152,4096,2048,21,0,6.4302,_ZN5aiter41f4gemm_bf16_per1x32Fp4_BpreShuffle_32x128E,396.59,870.13,0.0
gfx950,256,152,4608,4096,21,0,9.367,_ZN5aiter41f4gemm_bf16_per1x32Fp4_BpreShuffle_32x128E,612.56,1190.28,0.0
gfx950,256,152,9216,4096,29,0,10.6915,_ZN5aiter41f4gemm_bf16_per1x32Fp4_BpreShuffle_64x128E,1073.34,2056.52,0.0
gfx950,256,160,1280,4096,21,0,8.5416,_ZN5aiter41f4gemm_bf16_per1x32Fp4_BpreShuffle_32x128E,196.42,393.22,0.0
gfx950,256,160,2304,4096,21,0,8.995,_ZN5aiter41f4gemm_bf16_per1x32Fp4_BpreShuffle_32x128E,335.73,642.97,0.0
gfx950,256,160,4096,2048,21,0,7.0467,_ZN5aiter41f4gemm_bf16_per1x32Fp4_BpreShuffle_32x128E,380.94,804.47,0.0
gfx950,256,160,4608,4096,21,0,9.3892,_ZN5aiter41f4gemm_bf16_per1x32Fp4_BpreShuffle_32x128E,643.27,1197.06,0.0
gfx950,256,160,9216,4096,29,0,10.9236,_ZN5aiter41f4gemm_bf16_per1x32Fp4_BpreShuffle_64x128E,1105.83,2027.83,0.0
gfx950,256,168,1280,4096,21,0,8.285,_ZN5aiter41f4gemm_bf16_per1x32Fp4_BpreShuffle_32x128E,212.63,409.85,0.0
gfx950,256,168,2304,4096,21,0,8.8536,_ZN5aiter41f4gemm_bf16_per1x32Fp4_BpreShuffle_32x128E,358.15,659.26,0.0
gfx950,256,168,4096,2048,21,0,6.3961,_ZN5aiter41f4gemm_bf16_per1x32Fp4_BpreShuffle_32x128E,440.67,897.83,0.0
gfx950,256,168,4608,4096,21,0,9.5395,_ZN5aiter41f4gemm_bf16_per1x32Fp4_BpreShuffle_32x128E,664.79,1187.64,0.0
gfx950,256,168,9216,4096,29,0,11.0868,_ZN5aiter41f4gemm_bf16_per1x32Fp4_BpreShuffle_64x128E,1144.02,2012.75,0.0
gfx950,256,176,1280,4096,21,0,8.3791,_ZN5aiter41f4gemm_bf16_per1x32Fp4_BpreShuffle_32x128E,220.25,409.64,0.0
gfx950,256,176,2304,4096,21,0,8.8932,_ZN5aiter41f4gemm_bf16_per1x32Fp4_BpreShuffle_32x128E,373.53,662.31,0.0
gfx950,256,176,4096,2048,21,0,6.9501,_ZN5aiter41f4gemm_bf16_per1x32Fp4_BpreShuffle_32x128E,424.86,836.87,0.0
gfx950,256,176,4608,4096,21,0,9.3625,_ZN5aiter41f4gemm_bf16_per1x32Fp4_BpreShuffle_32x128E,709.62,1219.72,0.0
gfx950,256,176,9216,4096,29,0,11.3064,_ZN5aiter41f4gemm_bf16_per1x32Fp4_BpreShuffle_64x128E,1175.22,1988.15,0.0
gfx950,256,184,1280,4096,21,0,8.4721,_ZN5aiter41f4gemm_bf16_per1x32Fp4_BpreShuffle_32x128E,227.73,409.5,0.0
gfx950,256,184,2304,4096,21,0,8.9575,_ZN5aiter41f4gemm_bf16_per1x32Fp4_BpreShuffle_32x128E,387.71,663.5,0.0
gfx950,256,184,4096,2048,21,0,6.9966,_ZN5aiter41f4gemm_bf16_per1x32Fp4_BpreShuffle_32x128E,441.22,841.84,0.0
gfx950,256,184,4608,4096,21,0,8.9013,_ZN5aiter41f4gemm_bf16_per1x32Fp4_BpreShuffle_32x128E,780.31,1293.04,0.0
gfx950,256,184,9216,4096,29,0,11.4727,_ZN5aiter41f4gemm_bf16_per1x32Fp4_BpreShuffle_64x128E,1210.83,1973.61,0.0
gfx950,256,192,1280,4096,21,0,8.5186,_ZN5aiter41f4gemm_bf16_per1x32Fp4_BpreShuffle_32x128E,236.34,411.59,0.0
gfx950,256,192,2304,4096,21,0,9.0411,_ZN5aiter41f4gemm_bf16_per1x32Fp4_BpreShuffle_32x128E,400.82,663.25,0.0
gfx950,256,192,4096,2048,21,0,7.0569,_ZN5aiter41f4gemm_bf16_per1x32Fp4_BpreShuffle_32x128E,456.46,845.1,0.0
gfx950,256,192,4608,4096,21,0,9.5349,_ZN5aiter41f4gemm_bf16_per1x32Fp4_BpreShuffle_32x128E,760.13,1216.57,0.0
gfx950,256,192,9216,4096,29,0,11.6291,_ZN5aiter41f4gemm_bf16_per1x32Fp4_BpreShuffle_64x128E,1246.49,1961.16,0.0
gfx950,256,200,1280,4096,21,0,8.2884,_ZN5aiter41f4gemm_bf16_per1x32Fp4_BpreShuffle_32x128E,253.02,427.47,0.0
gfx950,256,200,2304,4096,21,0,8.8036,_ZN5aiter41f4gemm_bf16_per1x32Fp4_BpreShuffle_32x128E,428.79,687.2,0.0
gfx950,256,200,4096,2048,21,0,6.9702,_ZN5aiter41f4gemm_bf16_per1x32Fp4_BpreShuffle_32x128E,481.4,866.19,0.0
gfx950,256,200,4608,4096,21,0,8.8337,_ZN5aiter41f4gemm_bf16_per1x32Fp4_BpreShuffle_32x128E,854.65,1323.34,0.0
gfx950,256,200,9216,4096,37,0,12.2915,_ZN5aiter41f4gemm_bf16_per1x32Fp4_BpreShuffle_96x128E,1228.45,1868.8,0.0
gfx950,256,208,1280,4096,21,0,8.397,_ZN5aiter41f4gemm_bf16_per1x32Fp4_BpreShuffle_32x128E,259.74,426.33,0.0
gfx950,256,208,2304,4096,21,0,8.8839,_ZN5aiter41f4gemm_bf16_per1x32Fp4_BpreShuffle_32x128E,441.91,686.98,0.0
gfx950,256,208,4096,2048,29,0,6.8326,_ZN5aiter41f4gemm_bf16_per1x32Fp4_BpreShuffle_64x128E,510.74,894.42,0.0
gfx950,256,208,4608,4096,21,0,9.103,_ZN5aiter41f4gemm_bf16_per1x32Fp4_BpreShuffle_32x128E,862.54,1294.09,0.0
gfx950,256,208,9216,4096,37,0,12.3559,_ZN5aiter41f4gemm_bf16_per1x32Fp4_BpreShuffle_96x128E,1270.93,1872.32,0.0
gfx950,256,216,1280,4096,21,0,8.4888,_ZN5aiter41f4gemm_bf16_per1x32Fp4_BpreShuffle_32x128E,266.81,426.06,0.0
gfx950,256,216,2304,4096,21,0,9.0229,_ZN5aiter41f4gemm_bf16_per1x32Fp4_BpreShuffle_32x128E,451.84,682.3,0.0
gfx950,256,216,4096,2048,21,0,6.567,_ZN5aiter41f4gemm_bf16_per1x32Fp4_BpreShuffle_32x128E,551.83,941.82,0.0
gfx950,256,216,4608,4096,21,0,9.0016,_ZN5aiter41f4gemm_bf16_per1x32Fp4_BpreShuffle_32x128E,905.81,1318.68,0.0
gfx950,256,216,9216,4096,37,0,12.26,_ZN5aiter41f4gemm_bf16_per1x32Fp4_BpreShuffle_96x128E,1330.13,1900.33,0.0
gfx950,256,224,1280,4096,21,0,8.4906,_ZN5aiter41f4gemm_bf16_per1x32Fp4_BpreShuffle_32x128E,276.64,430.31,0.0
gfx950,256,224,2304,4096,21,0,8.9746,_ZN5aiter41f4gemm_bf16_per1x32Fp4_BpreShuffle_32x128E,471.09,691.9,0.0
gfx950,256,224,4096,2048,29,0,6.9897,_ZN5aiter41f4gemm_bf16_per1x32Fp4_BpreShuffle_64x128E,537.66,895.42,0.0
gfx950,256,224,4608,4096,21,0,9.6694,_ZN5aiter41f4gemm_bf16_per1x32Fp4_BpreShuffle_32x128E,874.48,1236.92,0.0
gfx950,256,224,9216,4096,37,0,12.347,_ZN5aiter41f4gemm_bf16_per1x32Fp4_BpreShuffle_96x128E,1369.68,1900.21,0.0
gfx950,256,232,1280,4096,21,0,8.3081,_ZN5aiter41f4gemm_bf16_per1x32Fp4_BpreShuffle_32x128E,292.81,444.2,0.0
gfx950,256,232,2304,4096,21,0,8.8656,_ZN5aiter41f4gemm_bf16_per1x32Fp4_BpreShuffle_32x128E,493.92,706.41,0.0
gfx950,256,232,4096,2048,21,0,7.0702,_ZN5aiter41f4gemm_bf16_per1x32Fp4_BpreShuffle_32x128E,550.52,895.65,0.0
gfx950,256,232,4608,4096,29,0,9.8578,_ZN5aiter41f4gemm_bf16_per1x32Fp4_BpreShuffle_64x128E,888.4,1222.43,0.0
gfx950,256,232,9216,4096,37,0,12.3442,_ZN5aiter41f4gemm_bf16_per1x32Fp4_BpreShuffle_96x128E,1418.92,1913.91,0.0
gfx950,256,240,1280,4096,21,0,8.4336,_ZN5aiter41f4gemm_bf16_per1x32Fp4_BpreShuffle_32x128E,298.4,441.97,0.0
gfx950,256,240,2304,4096,21,0,8.966,_ZN5aiter41f4gemm_bf16_per1x32Fp4_BpreShuffle_32x128E,505.23,704.44,0.0
gfx950,256,240,4096,2048,21,0,6.5726,_ZN5aiter41f4gemm_bf16_per1x32Fp4_BpreShuffle_32x128E,612.62,974.67,0.0
gfx950,256,240,4608,4096,29,0,10.0124,_ZN5aiter41f4gemm_bf16_per1x32Fp4_BpreShuffle_64x128E,904.85,1212.55,0.0
gfx950,256,240,9216,4096,37,0,12.4193,_ZN5aiter41f4gemm_bf16_per1x32Fp4_BpreShuffle_96x128E,1458.97,1915.53,0.0
gfx950,256,248,1280,4096,21,0,8.5067,_ZN5aiter41f4gemm_bf16_per1x32Fp4_BpreShuffle_32x128E,305.7,442.5,0.0
gfx950,256,248,2304,4096,21,0,9.0136,_ZN5aiter41f4gemm_bf16_per1x32Fp4_BpreShuffle_32x128E,519.31,706.63,0.0
gfx950,256,248,4096,2048,21,0,6.6578,_ZN5aiter41f4gemm_bf16_per1x32Fp4_BpreShuffle_32x128E,624.94,973.28,0.0
gfx950,256,248,4608,4096,29,0,10.6886,_ZN5aiter41f4gemm_bf16_per1x32Fp4_BpreShuffle_64x128E,875.86,1144.27,0.0
gfx950,256,248,9216,4096,37,0,12.6345,_ZN5aiter41f4gemm_bf16_per1x32Fp4_BpreShuffle_96x128E,1481.92,1895.87,0.0
gfx950,256,256,1280,4096,21,0,8.5389,_ZN5aiter41f4gemm_bf16_per1x32Fp4_BpreShuffle_32x128E,314.37,445.15,0.0
gfx950,256,256,2304,4096,21,0,9.1289,_ZN5aiter41f4gemm_bf16_per1x32Fp4_BpreShuffle_32x128E,529.29,703.54,0.0
gfx950,256,256,4096,2048,21,0,6.6551,_ZN5aiter41f4gemm_bf16_per1x32Fp4_BpreShuffle_32x128E,645.36,984.75,0.0
gfx950,256,256,4608,4096,29,0,10.8804,_ZN5aiter41f4gemm_bf16_per1x32Fp4_BpreShuffle_64x128E,888.17,1132.38,0.0
gfx950,256,256,9216,4096,37,0,12.78,_ZN5aiter41f4gemm_bf16_per1x32Fp4_BpreShuffle_96x128E,1512.31,1887.11,0.0
gfx950,256,272,1280,4096,21,0,8.6184,_ZN5aiter41f4gemm_bf16_per1x32Fp4_BpreShuffle_32x128E,330.93,449.6,0.0
gfx950,256,272,2304,4096,21,0,9.0144,_ZN5aiter41f4gemm_bf16_per1x32Fp4_BpreShuffle_32x128E,569.51,724.29,0.0
gfx950,256,272,4096,1024,13,0,6.1435,a4w4_blockscale_256x96x128x128_16x16_16x16_8x32x1_8x32x1_1x16x1x16_8_2x2_intrawave_v3,371.4,726.73,0.0
gfx950,256,272,4096,2048,29,0,6.9657,_ZN5aiter41f4gemm_bf16_per1x32Fp4_BpreShuffle_64x128E,655.12,962.01,0.0
gfx950,256,272,4608,4096,29,0,9.7311,_ZN5aiter41f4gemm_bf16_per1x32Fp4_BpreShuffle_64x128E,1055.14,1284.64,0.0
gfx950,256,272,9216,4096,37,0,12.7005,_ZN5aiter41f4gemm_bf16_per1x32Fp4_BpreShuffle_96x128E,1616.89,1924.72,0.0
gfx950,256,288,1280,4096,21,0,8.7587,_ZN5aiter41f4gemm_bf16_per1x32Fp4_BpreShuffle_32x128E,344.79,450.81,0.0
gfx950,256,288,2304,4096,21,0,9.1158,_ZN5aiter41f4gemm_bf16_per1x32Fp4_BpreShuffle_32x128E,596.31,727.91,0.0
gfx950,256,288,4096,1024,14,0,5.5716,a4w4_blockscale_256x32x128x128_16x16_16x16_8x32x1_8x32x1_1x16x1x16_8_2x2_intrawave_v3,433.61,826.32,0.0
gfx950,256,288,4096,2048,29,0,7.5469,_ZN5aiter41f4gemm_bf16_per1x32Fp4_BpreShuffle_64x128E,640.24,907.46,0.0
gfx950,256,288,4608,4096,29,0,9.9713,_ZN5aiter41f4gemm_bf16_per1x32Fp4_BpreShuffle_64x128E,1090.29,1271.77,0.0
gfx950,256,288,9216,4096,37,0,13.5803,_ZN5aiter41f4gemm_bf16_per1x32Fp4_BpreShuffle_96x128E,1601.09,1824.16,0.0
gfx950,256,304,1280,4096,21,0,8.6351,_ZN5aiter41f4gemm_bf16_per1x32Fp4_BpreShuffle_32x128E,369.15,465.8,0.0
gfx950,256,304,2304,4096,21,0,9.0358,_ZN5aiter41f4gemm_bf16_per1x32Fp4_BpreShuffle_32x128E,635.01,746.14,0.0
gfx950,256,304,4096,1024,29,0,5.7085,_ZN5aiter41f4gemm_bf16_per1x32Fp4_BpreShuffle_64x128E,446.73,830.9,0.0
gfx950,256,304,4096,2048,29,0,7.7191,_ZN5aiter41f4gemm_bf16_per1x32Fp4_BpreShuffle_64x128E,660.73,906.32,0.0
gfx950,256,304,4608,4096,29,0,10.746,_ZN5aiter41f4gemm_bf16_per1x32Fp4_BpreShuffle_64x128E,1067.9,1196.86,0.0
gfx950,256,304,9216,4096,42,0,13.8686,_ZN5aiter42f4gemm_bf16_per1x32Fp4_BpreShuffle_128x128E,1654.91,1809.86,0.0
gfx950,256,320,1280,4096,21,0,8.7675,_ZN5aiter41f4gemm_bf16_per1x32Fp4_BpreShuffle_32x128E,382.71,467.18,0.0
gfx950,256,320,2304,4096,21,0,9.1174,_ZN5aiter41f4gemm_bf16_per1x32Fp4_BpreShuffle_32x128E,662.45,751.15,0.0
gfx950,256,320,4096,1024,29,0,5.7843,_ZN5aiter41f4gemm_bf16_per1x32Fp4_BpreShuffle_64x128E,464.08,844.08,0.0
gfx950,256,320,4096,2048,29,0,7.354,_ZN5aiter41f4gemm_bf16_per1x32Fp4_BpreShuffle_64x128E,730.04,971.37,0.0
gfx950,256,320,4608,4096,29,0,10.3691,_ZN5aiter41f4gemm_bf16_per1x32Fp4_BpreShuffle_64x128E,1164.96,1257.74,0.0
gfx950,256,320,9216,4096,42,0,14.0765,_ZN5aiter42f4gemm_bf16_per1x32Fp4_BpreShuffle_128x128E,1716.28,1806.41,0.0
gfx950,256,336,1280,4096,21,0,8.6683,_ZN5aiter41f4gemm_bf16_per1x32Fp4_BpreShuffle_32x128E,406.45,481.03,0.0
gfx950,256,336,2304,4096,21,0,9.0758,_ZN5aiter41f4gemm_bf16_per1x32Fp4_BpreShuffle_32x128E,698.76,766.32,0.0
gfx950,256,336,4096,1024,0,0,5.6705,a4w4_blockscale_256x64x128x128_16x16_16x16_8x32x1_8x32x1_1x32x1x8_8_2x2_intrawave_v3,497.06,885.58,0.0
gfx950,256,336,4096,2048,29,0,7.0833,_ZN5aiter41f4gemm_bf16_per1x32Fp4_BpreShuffle_64x128E,795.84,1029.31,0.0
gfx950,256,336,4608,4096,29,0,9.9923,_ZN5aiter41f4gemm_bf16_per1x32Fp4_BpreShuffle_64x128E,1269.33,1323.21,0.0
gfx950,256,336,9216,4096,42,0,14.3092,_ZN5aiter42f4gemm_bf16_per1x32Fp4_BpreShuffle_128x128E,1772.79,1799.94,0.0
gfx950,256,352,1280,4096,21,0,8.7664,_ZN5aiter41f4gemm_bf16_per1x32Fp4_BpreShuffle_32x128E,421.04,484.06,0.0
gfx950,256,352,2304,4096,21,0,9.2252,_ZN5aiter41f4gemm_bf16_per1x32Fp4_BpreShuffle_32x128E,720.18,765.46,0.0
gfx950,256,352,4096,1024,29,0,5.7773,_ZN5aiter41f4gemm_bf16_per1x32Fp4_BpreShuffle_64x128E,511.1,893.32,0.0
gfx950,256,352,4096,2048,29,0,7.2528,_ZN5aiter41f4gemm_bf16_per1x32Fp4_BpreShuffle_64x128E,814.25,1025.58,0.0
gfx950,256,352,4608,4096,29,0,10.0937,_ZN5aiter41f4gemm_bf16_per1x32Fp4_BpreShuffle_64x128E,1316.42,1327.77,0.0
gfx950,256,352,9216,4096,42,0,14.4156,_ZN5aiter42f4gemm_bf16_per1x32Fp4_BpreShuffle_128x128E,1843.5,1809.38,0.0
gfx950,256,368,1280,4096,21,0,8.6921,_ZN5aiter41f4gemm_bf16_per1x32Fp4_BpreShuffle_32x128E,443.94,496.68,0.0
gfx950,256,368,2304,4096,21,0,9.1059,_ZN5aiter41f4gemm_bf16_per1x32Fp4_BpreShuffle_32x128E,762.78,787.18,0.0
gfx950,256,368,4096,1024,12,0,5.5927,a4w4_blockscale_256x64x128x128_16x16_16x16_8x32x1_8x32x1_1x16x1x16_8_2x2_intrawave_v3,551.97,947.7,0.0
gfx950,256,368,4096,2048,29,0,7.4011,_ZN5aiter41f4gemm_bf16_per1x32Fp4_BpreShuffle_64x128E,834.2,1024.95,0.0
gfx950,256,368,4608,4096,29,0,10.9964,_ZN5aiter41f4gemm_bf16_per1x32Fp4_BpreShuffle_64x128E,1263.28,1235.16,0.0
gfx950,256,368,9216,4096,42,0,14.8116,_ZN5aiter42f4gemm_bf16_per1x32Fp4_BpreShuffle_128x128E,1875.76,1783.13,0.0
gfx950,256,384,1280,4096,21,0,8.7625,_ZN5aiter41f4gemm_bf16_per1x32Fp4_BpreShuffle_32x128E,459.52,501.1,0.0
gfx950,256,384,2304,4096,21,0,9.2639,_ZN5aiter41f4gemm_bf16_per1x32Fp4_BpreShuffle_32x128E,782.37,785.25,0.0
gfx950,256,384,4096,1024,29,0,5.8922,_ZN5aiter41f4gemm_bf16_per1x32Fp4_BpreShuffle_64x128E,546.69,923.17,0.0
gfx950,256,384,4096,2048,29,0,7.4482,_ZN5aiter41f4gemm_bf16_per1x32Fp4_BpreShuffle_64x128E,864.97,1038.27,0.0
gfx950,256,384,4608,4096,29,0,10.5469,_ZN5aiter41f4gemm_bf16_per1x32Fp4_BpreShuffle_64x128E,1374.39,1304.89,0.0
gfx950,256,384,9216,4096,42,0,14.9332,_ZN5aiter42f4gemm_bf16_per1x32Fp4_BpreShuffle_128x128E,1941.38,1790.55,0.0
gfx950,256,400,1280,4096,21,0,8.7141,_ZN5aiter41f4gemm_bf16_per1x32Fp4_BpreShuffle_32x128E,481.32,512.35,0.0
gfx950,256,400,2304,4096,21,0,9.2011,_ZN5aiter41f4gemm_bf16_per1x32Fp4_BpreShuffle_32x128E,820.53,802.19,0.0
gfx950,256,400,4096,1024,37,0,6.3565,_ZN5aiter41f4gemm_bf16_per1x32Fp4_BpreShuffle_96x128E,527.88,877.65,0.0
gfx950,256,400,4096,2048,29,0,7.1914,_ZN5aiter41f4gemm_bf16_per1x32Fp4_BpreShuffle_64x128E,933.18,1095.85,0.0
gfx950,256,400,4608,4096,29,0,10.577,_ZN5aiter41f4gemm_bf16_per1x32Fp4_BpreShuffle_64x128E,1427.58,1318.22,0.0
gfx950,256,400,9216,4096,30,0,15.8067,_ZN5aiter41f4gemm_bf16_per1x32Fp4_BpreShuffle_64x256E,1910.52,1712.34,0.0
gfx950,256,416,1280,4096,21,0,8.7983,_ZN5aiter41f4gemm_bf16_per1x32Fp4_BpreShuffle_32x128E,495.79,515.82,0.0
gfx950,256,416,2304,4096,21,0,9.2609,_ZN5aiter41f4gemm_bf16_per1x32Fp4_BpreShuffle_32x128E,847.84,808.51,0.0
gfx950,256,416,4096,1024,29,0,5.8515,_ZN5aiter41f4gemm_bf16_per1x32Fp4_BpreShuffle_64x128E,596.37,977.19,0.0
gfx950,256,416,4096,2048,29,0,7.3558,_ZN5aiter41f4gemm_bf16_per1x32Fp4_BpreShuffle_64x128E,948.82,1091.41,0.0
gfx950,256,416,4608,4096,29,0,10.954,_ZN5aiter41f4gemm_bf16_per1x32Fp4_BpreShuffle_64x128E,1433.58,1289.3,0.0
gfx950,256,416,9216,4096,46,0,16.1969,_ZN5aiter42f4gemm_bf16_per1x32Fp4_BpreShuffle_160x128E,1939.07,1691.31,0.0
gfx950,256,432,1280,4096,21,0,8.7531,_ZN5aiter41f4gemm_bf16_per1x32Fp4_BpreShuffle_32x128E,517.51,526.91,0.0
gfx950,256,432,2304,4096,21,0,9.245,_ZN5aiter41f4gemm_bf16_per1x32Fp4_BpreShuffle_32x128E,881.96,821.42,0.0
gfx950,256,432,4096,1024,29,0,6.4227,_ZN5aiter41f4gemm_bf16_per1x32Fp4_BpreShuffle_64x128E,564.23,911.97,0.0
gfx950,256,432,4096,2048,29,0,7.4725,_ZN5aiter41f4gemm_bf16_per1x32Fp4_BpreShuffle_64x128E,969.92,1094.09,0.0
gfx950,256,432,4608,4096,29,0,10.7119,_ZN5aiter41f4gemm_bf16_per1x32Fp4_BpreShuffle_64x128E,1522.37,1335.27,0.0
gfx950,256,432,9216,4096,46,0,15.969,_ZN5aiter42f4gemm_bf16_per1x32Fp4_BpreShuffle_160x128E,2042.39,1735.97,0.0
gfx950,256,448,1280,4096,21,0,8.8543,_ZN5aiter41f4gemm_bf16_per1x32Fp4_BpreShuffle_32x128E,530.55,529.21,0.0
gfx950,256,448,2304,4096,21,0,9.3199,_ZN5aiter41f4gemm_bf16_per1x32Fp4_BpreShuffle_32x128E,907.28,826.24,0.0
gfx950,256,448,4096,1024,8,0,6.304,a4w4_blockscale_256x128x128x128_16x16_16x16_8x32x1_8x32x1_1x32x1x8_8_2x2_intrawave_v3,596.14,951.23,0.0
gfx950,256,448,4096,2048,29,0,7.568,_ZN5aiter41f4gemm_bf16_per1x32Fp4_BpreShuffle_64x128E,993.15,1099.77,0.0
gfx950,256,448,4608,4096,29,0,10.8298,_ZN5aiter41f4gemm_bf16_per1x32Fp4_BpreShuffle_64x128E,1561.56,1337.37,0.0
gfx950,256,448,9216,4096,46,0,16.0739,_ZN5aiter42f4gemm_bf16_per1x32Fp4_BpreShuffle_160x128E,2104.21,1745.03,0.0
gfx950,256,464,1280,4096,21,0,8.7753,_ZN5aiter41f4gemm_bf16_per1x32Fp4_BpreShuffle_32x128E,554.44,542.38,0.0
gfx950,256,464,2304,4096,29,0,10.2908,_ZN5aiter41f4gemm_bf16_per1x32Fp4_BpreShuffle_64x128E,851.02,758.64,0.0
gfx950,256,464,4096,1024,29,0,6.4454,_ZN5aiter41f4gemm_bf16_per1x32Fp4_BpreShuffle_64x128E,603.89,951.97,0.0
gfx950,256,464,4096,2048,29,0,7.3171,_ZN5aiter41f4gemm_bf16_per1x32Fp4_BpreShuffle_64x128E,1063.9,1157.63,0.0
gfx950,256,464,4608,4096,37,0,12.2716,_ZN5aiter41f4gemm_bf16_per1x32Fp4_BpreShuffle_96x128E,1427.31,1194.93,0.0
gfx950,256,464,9216,4096,46,0,16.8507,_ZN5aiter42f4gemm_bf16_per1x32Fp4_BpreShuffle_160x128E,2078.89,1684.03,0.0
gfx950,256,480,1280,4096,21,0,8.8647,_ZN5aiter41f4gemm_bf16_per1x32Fp4_BpreShuffle_32x128E,567.78,545.23,0.0
gfx950,256,480,2304,4096,29,0,10.2839,_ZN5aiter41f4gemm_bf16_per1x32Fp4_BpreShuffle_64x128E,880.96,769.5,0.0
gfx950,256,480,4096,1024,29,0,6.0175,_ZN5aiter41f4gemm_bf16_per1x32Fp4_BpreShuffle_64x128E,669.14,1042.8,0.0
gfx950,256,480,4096,2048,29,0,7.4901,_ZN5aiter41f4gemm_bf16_per1x32Fp4_BpreShuffle_64x128E,1075.16,1150.58,0.0
gfx950,256,480,4608,4096,37,0,12.9131,_ZN5aiter41f4gemm_bf16_per1x32Fp4_BpreShuffle_96x128E,1403.18,1149.52,0.0
gfx950,256,480,9216,4096,46,0,16.8457,_ZN5aiter42f4gemm_bf16_per1x32Fp4_BpreShuffle_160x128E,2151.22,1703.98,0.0
gfx950,256,496,1280,4096,21,0,8.8403,_ZN5aiter41f4gemm_bf16_per1x32Fp4_BpreShuffle_32x128E,588.32,555.07,0.0
gfx950,256,496,2304,4096,29,0,10.4148,_ZN5aiter41f4gemm_bf16_per1x32Fp4_BpreShuffle_64x128E,898.88,770.05,0.0
gfx950,256,496,4096,1024,13,0,6.4266,a4w4_blockscale_256x96x128x128_16x16_16x16_8x32x1_8x32x1_1x16x1x16_8_2x2_intrawave_v3,647.43,998.09,0.0
gfx950,256,496,4096,2048,29,0,8.1384,_ZN5aiter41f4gemm_bf16_per1x32Fp4_BpreShuffle_64x128E,1022.5,1077.05,0.0
gfx950,256,496,4608,4096,37,0,12.3283,_ZN5aiter41f4gemm_bf16_per1x32Fp4_BpreShuffle_96x128E,1518.73,1218.67,0.0
gfx950,256,496,9216,4096,38,0,17.2809,_ZN5aiter41f4gemm_bf16_per1x32Fp4_BpreShuffle_96x256E,2166.94,1680.03,0.0
gfx950,256,512,1280,4096,21,0,8.8835,_ZN5aiter41f4gemm_bf16_per1x32Fp4_BpreShuffle_32x128E,604.35,560.67,0.0
gfx950,256,512,2304,4096,29,0,10.5032,_ZN5aiter41f4gemm_bf16_per1x32Fp4_BpreShuffle_64x128E,920.07,773.71,0.0
gfx950,256,512,4096,1024,12,0,5.8164,a4w4_blockscale_256x64x128x128_16x16_16x16_8x32x1_8x32x1_1x16x1x16_8_2x2_intrawave_v3,738.42,1126.75,0.0
gfx950,256,512,4096,2048,29,0,8.14,_ZN5aiter41f4gemm_bf16_per1x32Fp4_BpreShuffle_64x128E,1055.27,1094.95,0.0
gfx950,256,512,4608,4096,37,0,12.3469,_ZN5aiter41f4gemm_bf16_per1x32Fp4_BpreShuffle_96x128E,1565.36,1231.43,0.0
gfx950,256,512,9216,4096,38,0,17.8835,_ZN5aiter41f4gemm_bf16_per1x32Fp4_BpreShuffle_96x256E,2161.47,1641.74,0.0
gfx950,256,516,2304,4096,29,0,10.2089,_ZN5aiter41f4gemm_bf16_per1x32Fp4_BpreShuffle_64x128E,953.99,798.63,0.0
gfx950,256,516,4096,2048,37,0,8.4843,_ZN5aiter41f4gemm_bf16_per1x32Fp4_BpreShuffle_96x128E,1020.36,1054.86,0.0
gfx950,256,590,2304,4096,29,0,10.3859,_ZN5aiter41f4gemm_bf16_per1x32Fp4_BpreShuffle_64x128E,1072.21,832.44,0.0
gfx950,256,590,4096,2048,37,0,8.6733,_ZN5aiter41f4gemm_bf16_per1x32Fp4_BpreShuffle_96x128E,1141.27,1110.51,0.0
gfx950,256,620,9216,4096,38,0,18.6155,_ZN5aiter41f4gemm_bf16_per1x32Fp4_BpreShuffle_96x256E,2514.49,1696.0,0.0
gfx950,256,656,1280,4096,21,0,9.0934,_ZN5aiter41f4gemm_bf16_per1x32Fp4_BpreShuffle_32x128E,756.45,620.7,0.0
gfx950,256,656,4096,1024,13,0,6.7331,a4w4_blockscale_256x96x128x128_16x16_16x16_8x32x1_8x32x1_1x16x1x16_8_2x2_intrawave_v3,817.29,1159.49,0.0
gfx950,256,671,1280,4096,21,0,9.1513,_ZN5aiter41f4gemm_bf16_per1x32Fp4_BpreShuffle_32x128E,768.85,624.33,0.0
gfx950,256,671,4096,1024,37,0,7.088,_ZN5aiter41f4gemm_bf16_per1x32Fp4_BpreShuffle_96x128E,794.12,1119.86,0.0
gfx950,256,706,1280,4096,21,0,9.0037,_ZN5aiter41f4gemm_bf16_per1x32Fp4_BpreShuffle_32x128E,822.21,652.47,0.0
gfx950,256,706,4096,1024,13,0,6.7142,a4w4_blockscale_256x96x128x128_16x16_16x16_8x32x1_8x32x1_1x16x1x16_8_2x2_intrawave_v3,882.06,1227.57,0.0
gfx950,256,737,1280,4096,21,0,8.9908,_ZN5aiter41f4gemm_bf16_per1x32Fp4_BpreShuffle_32x128E,859.55,669.3,0.0
gfx950,256,737,4096,1024,4,0,6.7531,a4w4_blockscale_256x96x128x128_16x16_16x16_8x32x1_8x32x1_1x32x1x8_8_2x2_intrawave_v3,915.49,1260.46,0.0
gfx950,256,757,4608,4096,42,0,14.8305,_ZN5aiter42f4gemm_bf16_per1x32Fp4_BpreShuffle_128x128E,1926.83,1211.29,0.0
gfx950,256,768,4608,4096,42,0,14.3488,_ZN5aiter42f4gemm_bf16_per1x32Fp4_BpreShuffle_128x128E,2020.45,1260.59,0.0
gfx950,256,777,1280,4096,21,0,9.233,_ZN5aiter41f4gemm_bf16_per1x32Fp4_BpreShuffle_32x128E,882.43,671.71,0.0
gfx950,256,777,4096,1024,12,0,6.9053,a4w4_blockscale_256x64x128x128_16x16_16x16_8x32x1_8x32x1_1x16x1x16_8_2x2_intrawave_v3,943.91,1283.1,0.0
gfx950,256,807,4608,4096,42,0,14.464,_ZN5aiter42f4gemm_bf16_per1x32Fp4_BpreShuffle_128x128E,2106.14,1280.92,0.0
gfx950,256,926,9216,4096,47,0,24.2946,_ZN5aiter42f4gemm_bf16_per1x32Fp4_BpreShuffle_160x256E,2877.62,1557.5,0.0
gfx950,256,1024,1280,4096,29,0,10.4606,_ZN5aiter41f4gemm_bf16_per1x32Fp4_BpreShuffle_64x128E,1026.46,701.68,0.0
gfx950,256,1024,2304,4096,37,0,12.8416,_ZN5aiter41f4gemm_bf16_per1x32Fp4_BpreShuffle_96x128E,1505.06,898.2,0.0
gfx950,256,1024,4096,1024,42,0,8.1221,_ZN5aiter42f4gemm_bf16_per1x32Fp4_BpreShuffle_128x128E,1057.6,1355.57,0.0
gfx950,256,1024,4096,2048,42,0,10.4343,_ZN5aiter42f4gemm_bf16_per1x32Fp4_BpreShuffle_128x128E,1646.48,1306.41,0.0
gfx950,256,1120,1280,4096,29,0,10.6287,_ZN5aiter41f4gemm_bf16_per1x32Fp4_BpreShuffle_64x128E,1104.94,732.21,0.0
gfx950,256,1120,4096,1024,4,0,9.0779,a4w4_blockscale_256x96x128x128_16x16_16x16_8x32x1_8x32x1_1x32x1x8_8_2x2_intrawave_v3,1034.96,1304.89,0.0
gfx950,256,1131,1280,4096,29,0,10.7635,_ZN5aiter41f4gemm_bf16_per1x32Fp4_BpreShuffle_64x128E,1101.82,727.75,0.0
gfx950,256,1131,4096,1024,46,0,8.8057,_ZN5aiter42f4gemm_bf16_per1x32Fp4_BpreShuffle_160x128E,1077.43,1356.1,0.0
gfx950,256,1132,1280,4096,29,0,10.7126,_ZN5aiter41f4gemm_bf16_per1x32Fp4_BpreShuffle_64x128E,1108.03,731.63,0.0
gfx950,256,1132,4096,1024,13,0,8.9603,a4w4_blockscale_256x96x128x128_16x16_16x16_8x32x1_8x32x1_1x16x1x16_8_2x2_intrawave_v3,1059.78,1333.67,0.0
gfx950,256,1141,1280,4096,29,0,10.7279,_ZN5aiter41f4gemm_bf16_per1x32Fp4_BpreShuffle_64x128E,1115.25,734.46,0.0
gfx950,256,1141,4096,1024,4,0,8.9279,a4w4_blockscale_256x96x128x128_16x16_16x16_8x32x1_8x32x1_1x32x1x8_8_2x2_intrawave_v3,1072.08,1347.28,0.0
gfx950,256,1144,1280,4096,29,0,10.6528,_ZN5aiter41f4gemm_bf16_per1x32Fp4_BpreShuffle_64x128E,1126.06,740.93,0.0
gfx950,256,1144,4096,1024,13,0,9.2236,a4w4_blockscale_256x96x128x128_16x16_16x16_8x32x1_8x32x1_1x16x1x16_8_2x2_intrawave_v3,1040.44,1306.92,0.0
gfx950,256,1147,9216,4096,50,0,28.9404,_ZN5aiter42f4gemm_bf16_per1x32Fp4_BpreShuffle_192x256E,2992.2,1463.87,0.0
gfx950,256,1149,1280,4096,29,0,10.6423,_ZN5aiter41f4gemm_bf16_per1x32Fp4_BpreShuffle_64x128E,1132.1,743.83,0.0
gfx950,256,1149,4096,1024,13,0,8.5883,a4w4_blockscale_256x96x128x128_16x16_16x16_8x32x1_8x32x1_1x16x1x16_8_2x2_intrawave_v3,1122.28,1408.67,0.0
gfx950,256,1150,1280,4096,29,0,10.6209,_ZN5aiter41f4gemm_bf16_per1x32Fp4_BpreShuffle_64x128E,1135.37,745.76,0.0
gfx950,256,1150,4096,1024,46,0,8.864,_ZN5aiter42f4gemm_bf16_per1x32Fp4_BpreShuffle_160x128E,1088.32,1365.83,0.0
gfx950,256,1153,1280,4096,29,0,10.5488,_ZN5aiter41f4gemm_bf16_per1x32Fp4_BpreShuffle_64x128E,1146.11,752.17,0.0
gfx950,256,1153,4096,1024,4,0,9.033,a4w4_blockscale_256x96x128x128_16x16_16x16_8x32x1_8x32x1_1x32x1x8_8_2x2_intrawave_v3,1070.75,1343.17,0.0
gfx950,256,1154,1280,4096,29,0,10.5068,_ZN5aiter41f4gemm_bf16_per1x32Fp4_BpreShuffle_64x128E,1151.69,755.61,0.0
gfx950,256,1154,4096,1024,46,0,9.415,_ZN5aiter42f4gemm_bf16_per1x32Fp4_BpreShuffle_160x128E,1028.19,1289.6,0.0
gfx950,256,1156,1280,4096,29,0,10.5647,_ZN5aiter41f4gemm_bf16_per1x32Fp4_BpreShuffle_64x128E,1147.36,752.34,0.0
gfx950,256,1156,4096,1024,46,0,8.9211,_ZN5aiter42f4gemm_bf16_per1x32Fp4_BpreShuffle_160x128E,1087.0,1362.95,0.0
gfx950,256,1157,1280,4096,29,0,10.5898,_ZN5aiter41f4gemm_bf16_per1x32Fp4_BpreShuffle_64x128E,1145.63,751.0,0.0
gfx950,256,1157,4096,1024,13,0,8.9182,a4w4_blockscale_256x96x128x128_16x16_16x16_8x32x1_8x32x1_1x16x1x16_8_2x2_intrawave_v3,1088.29,1364.37,0.0
gfx950,256,1158,1280,4096,29,0,10.6757,_ZN5aiter41f4gemm_bf16_per1x32Fp4_BpreShuffle_64x128E,1137.4,745.38,0.0
gfx950,256,1158,4096,1024,46,0,8.9927,_ZN5aiter42f4gemm_bf16_per1x32Fp4_BpreShuffle_160x128E,1080.21,1354.03,0.0
gfx950,256,1160,1280,4096,29,0,10.6885,_ZN5aiter41f4gemm_bf16_per1x32Fp4_BpreShuffle_64x128E,1138.0,745.35,0.0
gfx950,256,1160,4096,1024,13,0,8.9657,a4w4_blockscale_256x96x128x128_16x16_16x16_8x32x1_8x32x1_1x16x1x16_8_2x2_intrawave_v3,1085.33,1360.05,0.0
gfx950,256,1161,1280,4096,29,0,10.6423,_ZN5aiter41f4gemm_bf16_per1x32Fp4_BpreShuffle_64x128E,1143.92,749.02,0.0
gfx950,256,1161,4096,1024,13,0,9.1246,a4w4_blockscale_256x96x128x128_16x16_16x16_8x32x1_8x32x1_1x16x1x16_8_2x2_intrawave_v3,1067.35,1337.32,0.0
gfx950,256,1162,1280,4096,29,0,10.6503,_ZN5aiter41f4gemm_bf16_per1x32Fp4_BpreShuffle_64x128E,1144.05,748.89,0.0
gfx950,256,1162,4096,1024,46,0,9.5132,_ZN5aiter42f4gemm_bf16_per1x32Fp4_BpreShuffle_160x128E,1024.64,1283.61,0.0
gfx950,256,1163,1280,4096,29,0,10.6979,_ZN5aiter41f4gemm_bf16_per1x32Fp4_BpreShuffle_64x128E,1139.94,745.99,0.0
gfx950,256,1163,4096,1024,46,0,8.9744,_ZN5aiter42f4gemm_bf16_per1x32Fp4_BpreShuffle_160x128E,1087.09,1361.64,0.0
gfx950,256,1164,1280,4096,29,0,10.6505,_ZN5aiter41f4gemm_bf16_per1x32Fp4_BpreShuffle_64x128E,1146.0,749.74,0.0
gfx950,256,1164,4096,1024,49,0,9.4102,_ZN5aiter42f4gemm_bf16_per1x32Fp4_BpreShuffle_192x128E,1037.63,1299.51,0.0
gfx950,256,1166,1280,4096,29,0,10.6579,_ZN5aiter41f4gemm_bf16_per1x32Fp4_BpreShuffle_64x128E,1147.17,750.09,0.0
gfx950,256,1166,4096,1024,46,0,9.426,_ZN5aiter42f4gemm_bf16_per1x32Fp4_BpreShuffle_160x128E,1037.67,1299.17,0.0
gfx950,256,1167,1280,4096,29,0,10.6877,_ZN5aiter41f4gemm_bf16_per1x32Fp4_BpreShuffle_64x128E,1144.95,748.43,0.0
gfx950,256,1167,4096,1024,38,0,9.3442,_ZN5aiter41f4gemm_bf16_per1x32Fp4_BpreShuffle_96x256E,1047.66,1311.48,0.0
gfx950,256,1168,1280,4096,29,0,10.6156,_ZN5aiter41f4gemm_bf16_per1x32Fp4_BpreShuffle_64x128E,1153.71,753.95,0.0
gfx950,256,1168,4096,1024,46,0,9.4399,_ZN5aiter42f4gemm_bf16_per1x32Fp4_BpreShuffle_160x128E,1037.92,1299.11,0.0
gfx950,256,1169,1280,4096,29,0,10.7154,_ZN5aiter41f4gemm_bf16_per1x32Fp4_BpreShuffle_64x128E,1143.95,747.35,0.0
gfx950,256,1169,4096,1024,46,0,9.4348,_ZN5aiter42f4gemm_bf16_per1x32Fp4_BpreShuffle_160x128E,1039.37,1300.73,0.0
gfx950,256,1170,1280,4096,29,0,10.6916,_ZN5aiter41f4gemm_bf16_per1x32Fp4_BpreShuffle_64x128E,1147.47,749.45,0.0
gfx950,256,1170,4096,1024,46,0,8.8218,_ZN5aiter42f4gemm_bf16_per1x32Fp4_BpreShuffle_160x128E,1112.55,1392.1,0.0
gfx950,256,1171,1280,4096,29,0,10.642,_ZN5aiter41f4gemm_bf16_per1x32Fp4_BpreShuffle_64x128E,1153.81,753.37,0.0
gfx950,256,1171,4096,1024,46,0,9.0011,_ZN5aiter42f4gemm_bf16_per1x32Fp4_BpreShuffle_160x128E,1091.32,1365.34,0.0
gfx950,256,1172,1280,4096,29,0,10.5752,_ZN5aiter41f4gemm_bf16_per1x32Fp4_BpreShuffle_64x128E,1162.09,758.57,0.0
gfx950,256,1172,4096,1024,46,0,8.9264,_ZN5aiter42f4gemm_bf16_per1x32Fp4_BpreShuffle_160x128E,1101.39,1377.74,0.0
gfx950,256,1174,1280,4096,29,0,10.702,_ZN5aiter41f4gemm_bf16_per1x32Fp4_BpreShuffle_64x128E,1150.28,750.44,0.0
gfx950,256,1174,4096,1024,4,0,9.1064,a4w4_blockscale_256x96x128x128_16x16_16x16_8x32x1_8x32x1_1x32x1x8_8_2x2_intrawave_v3,1081.46,1352.42,0.0
gfx950,256,1175,1280,4096,29,0,10.6391,_ZN5aiter41f4gemm_bf16_per1x32Fp4_BpreShuffle_64x128E,1158.06,755.31,0.0
gfx950,256,1175,4096,1024,46,0,9.4758,_ZN5aiter42f4gemm_bf16_per1x32Fp4_BpreShuffle_160x128E,1040.19,1300.61,0.0
gfx950,256,1177,1280,4096,29,0,10.6019,_ZN5aiter41f4gemm_bf16_per1x32Fp4_BpreShuffle_64x128E,1164.11,758.83,0.0
gfx950,256,1177,4096,1024,38,0,9.3574,_ZN5aiter41f4gemm_bf16_per1x32Fp4_BpreShuffle_96x256E,1055.14,1318.93,0.0
gfx950,256,1179,1280,4096,29,0,10.6683,_ZN5aiter41f4gemm_bf16_per1x32Fp4_BpreShuffle_64x128E,1158.83,754.97,0.0
gfx950,256,1179,4096,1024,46,0,8.9591,_ZN5aiter42f4gemm_bf16_per1x32Fp4_BpreShuffle_160x128E,1103.92,1379.51,0.0
gfx950,256,1180,1280,4096,29,0,10.6791,_ZN5aiter41f4gemm_bf16_per1x32Fp4_BpreShuffle_64x128E,1158.64,754.64,0.0
gfx950,256,1180,4096,1024,38,0,9.4374,_ZN5aiter41f4gemm_bf16_per1x32Fp4_BpreShuffle_96x256E,1048.86,1310.52,0.0
gfx950,256,1181,1280,4096,29,0,10.5785,_ZN5aiter41f4gemm_bf16_per1x32Fp4_BpreShuffle_64x128E,1170.65,762.25,0.0
gfx950,256,1181,4096,1024,46,0,9.0472,_ZN5aiter42f4gemm_bf16_per1x32Fp4_BpreShuffle_160x128E,1095.03,1368.0,0.0
gfx950,256,1182,1280,4096,29,0,10.5478,_ZN5aiter41f4gemm_bf16_per1x32Fp4_BpreShuffle_64x128E,1175.05,764.91,0.0
gfx950,256,1182,4096,1024,46,0,9.0472,_ZN5aiter42f4gemm_bf16_per1x32Fp4_BpreShuffle_160x128E,1095.96,1368.96,0.0
gfx950,256,1183,1280,4096,29,0,10.5684,_ZN5aiter41f4gemm_bf16_per1x32Fp4_BpreShuffle_64x128E,1173.75,763.85,0.0
gfx950,256,1183,4096,1024,46,0,9.4828,_ZN5aiter42f4gemm_bf16_per1x32Fp4_BpreShuffle_160x128E,1046.5,1307.0,0.0
gfx950,256,1184,1280,4096,29,0,10.5352,_ZN5aiter41f4gemm_bf16_per1x32Fp4_BpreShuffle_64x128E,1178.44,766.7,0.0
gfx950,256,1184,4096,1024,46,0,8.9599,_ZN5aiter42f4gemm_bf16_per1x32Fp4_BpreShuffle_160x128E,1108.51,1384.24,0.0
gfx950,256,1185,1280,4096,29,0,10.6132,_ZN5aiter41f4gemm_bf16_per1x32Fp4_BpreShuffle_64x128E,1170.77,761.5,0.0
gfx950,256,1185,4096,1024,46,0,9.457,_ZN5aiter42f4gemm_bf16_per1x32Fp4_BpreShuffle_160x128E,1051.13,1312.4,0.0
gfx950,256,1186,1280,4096,29,0,10.5687,_ZN5aiter41f4gemm_bf16_per1x32Fp4_BpreShuffle_64x128E,1176.69,765.14,0.0
gfx950,256,1186,4096,1024,13,0,9.1211,a4w4_blockscale_256x96x128x128_16x16_16x16_8x32x1_8x32x1_1x16x1x16_8_2x2_intrawave_v3,1090.76,1361.69,0.0
gfx950,256,1187,1280,4096,29,0,10.6611,_ZN5aiter41f4gemm_bf16_per1x32Fp4_BpreShuffle_64x128E,1167.48,758.94,0.0
gfx950,256,1187,4096,1024,4,0,9.3247,a4w4_blockscale_256x96x128x128_16x16_16x16_8x32x1_8x32x1_1x32x1x8_8_2x2_intrawave_v3,1067.84,1332.89,0.0
gfx950,256,1189,1280,4096,29,0,10.7154,_ZN5aiter41f4gemm_bf16_per1x32Fp4_BpreShuffle_64x128E,1163.52,755.95,0.0
gfx950,256,1189,4096,1024,46,0,9.4048,_ZN5aiter42f4gemm_bf16_per1x32Fp4_BpreShuffle_160x128E,1060.53,1323.39,0.0
gfx950,256,1190,1280,4096,29,0,10.6845,_ZN5aiter41f4gemm_bf16_per1x32Fp4_BpreShuffle_64x128E,1167.87,758.57,0.0
gfx950,256,1190,4096,1024,13,0,8.9204,a4w4_blockscale_256x96x128x128_16x16_16x16_8x32x1_8x32x1_1x16x1x16_8_2x2_intrawave_v3,1119.06,1396.23,0.0
gfx950,256,1191,1280,4096,29,0,10.7424,_ZN5aiter41f4gemm_bf16_per1x32Fp4_BpreShuffle_64x128E,1162.55,754.91,0.0
gfx950,256,1191,4096,1024,46,0,8.9069,_ZN5aiter42f4gemm_bf16_per1x32Fp4_BpreShuffle_160x128E,1121.7,1399.32,0.0
gfx950,256,1192,1280,4096,29,0,10.7303,_ZN5aiter41f4gemm_bf16_per1x32Fp4_BpreShuffle_64x128E,1164.83,756.19,0.0
gfx950,256,1192,4096,1024,46,0,8.9846,_ZN5aiter42f4gemm_bf16_per1x32Fp4_BpreShuffle_160x128E,1112.93,1388.19,0.0
gfx950,256,1194,1280,4096,29,0,10.7623,_ZN5aiter41f4gemm_bf16_per1x32Fp4_BpreShuffle_64x128E,1163.32,754.8,0.0
gfx950,256,1194,4096,1024,46,0,9.1254,_ZN5aiter42f4gemm_bf16_per1x32Fp4_BpreShuffle_160x128E,1097.6,1368.68,0.0
gfx950,256,1195,1280,4096,29,0,10.7192,_ZN5aiter41f4gemm_bf16_per1x32Fp4_BpreShuffle_64x128E,1168.98,758.27,0.0
gfx950,256,1195,4096,1024,4,0,9.3104,a4w4_blockscale_256x96x128x128_16x16_16x16_8x32x1_8x32x1_1x32x1x8_8_2x2_intrawave_v3,1076.69,1342.42,0.0
gfx950,256,1196,1280,4096,29,0,10.7906,_ZN5aiter41f4gemm_bf16_per1x32Fp4_BpreShuffle_64x128E,1162.21,753.68,0.0
gfx950,256,1196,4096,1024,49,0,9.4733,_ZN5aiter42f4gemm_bf16_per1x32Fp4_BpreShuffle_192x128E,1059.06,1320.25,0.0
gfx950,256,1197,1280,4096,29,0,10.8087,_ZN5aiter41f4gemm_bf16_per1x32Fp4_BpreShuffle_64x128E,1161.24,752.84,0.0
gfx950,256,1197,4096,1024,13,0,8.9769,a4w4_blockscale_256x96x128x128_16x16_16x16_8x32x1_8x32x1_1x16x1x16_8_2x2_intrawave_v3,1118.56,1394.23,0.0
gfx950,256,1198,1280,4096,29,0,10.7247,_ZN5aiter41f4gemm_bf16_per1x32Fp4_BpreShuffle_64x128E,1171.31,759.17,0.0
gfx950,256,1198,4096,1024,46,0,9.01,_ZN5aiter42f4gemm_bf16_per1x32Fp4_BpreShuffle_160x128E,1115.38,1390.07,0.0
gfx950,256,1199,1280,4096,29,0,10.7001,_ZN5aiter41f4gemm_bf16_per1x32Fp4_BpreShuffle_64x128E,1174.98,761.34,0.0
gfx950,256,1199,4096,1024,46,0,9.4926,_ZN5aiter42f4gemm_bf16_per1x32Fp4_BpreShuffle_160x128E,1059.56,1320.32,0.0
gfx950,256,1200,1280,4096,29,0,10.7679,_ZN5aiter41f4gemm_bf16_per1x32Fp4_BpreShuffle_64x128E,1168.56,756.98,0.0
gfx950,256,1200,4096,1024,46,0,9.0053,_ZN5aiter42f4gemm_bf16_per1x32Fp4_BpreShuffle_160x128E,1117.82,1392.73,0.0
gfx950,256,1201,1280,4096,29,0,10.7888,_ZN5aiter41f4gemm_bf16_per1x32Fp4_BpreShuffle_64x128E,1167.27,755.94,0.0
gfx950,256,1201,4096,1024,46,0,9.0472,_ZN5aiter42f4gemm_bf16_per1x32Fp4_BpreShuffle_160x128E,1113.57,1387.24,0.0
gfx950,256,1202,1280,4096,29,0,10.739,_ZN5aiter41f4gemm_bf16_per1x32Fp4_BpreShuffle_64x128E,1173.66,759.87,0.0
gfx950,256,1202,4096,1024,46,0,9.4828,_ZN5aiter42f4gemm_bf16_per1x32Fp4_BpreShuffle_160x128E,1063.3,1324.44,0.0
gfx950,256,1203,1280,4096,29,0,10.736,_ZN5aiter41f4gemm_bf16_per1x32Fp4_BpreShuffle_64x128E,1174.96,760.51,0.0
gfx950,256,1203,4096,1024,13,0,9.2735,a4w4_blockscale_256x96x128x128_16x16_16x16_8x32x1_8x32x1_1x16x1x16_8_2x2_intrawave_v3,1088.21,1355.27,0.0
gfx950,256,1204,1280,4096,29,0,10.7604,_ZN5aiter41f4gemm_bf16_per1x32Fp4_BpreShuffle_64x128E,1173.27,759.22,0.0
gfx950,256,1204,4096,1024,46,0,9.1131,_ZN5aiter42f4gemm_bf16_per1x32Fp4_BpreShuffle_160x128E,1108.28,1380.08,0.0
gfx950,256,1206,1280,4096,29,0,10.7979,_ZN5aiter41f4gemm_bf16_per1x32Fp4_BpreShuffle_64x128E,1171.14,757.43,0.0
gfx950,256,1206,4096,1024,46,0,9.457,_ZN5aiter42f4gemm_bf16_per1x32Fp4_BpreShuffle_160x128E,1069.75,1331.73,0.0
gfx950,256,1207,1280,4096,29,0,10.7954,_ZN5aiter41f4gemm_bf16_per1x32Fp4_BpreShuffle_64x128E,1172.38,758.04,0.0
gfx950,256,1207,4096,1024,13,0,9.4711,a4w4_blockscale_256x96x128x128_16x16_16x16_8x32x1_8x32x1_1x16x1x16_8_2x2_intrawave_v3,1069.05,1330.67,0.0
gfx950,256,1208,1280,4096,29,0,10.7693,_ZN5aiter41f4gemm_bf16_per1x32Fp4_BpreShuffle_64x128E,1176.2,760.3,0.0
gfx950,256,1208,4096,1024,46,0,9.0782,_ZN5aiter42f4gemm_bf16_per1x32Fp4_BpreShuffle_160x128E,1116.24,1389.22,0.0
gfx950,256,1209,1280,4096,29,0,10.6525,_ZN5aiter41f4gemm_bf16_per1x32Fp4_BpreShuffle_64x128E,1190.08,769.07,0.0
gfx950,256,1209,4096,1024,46,0,9.1288,_ZN5aiter42f4gemm_bf16_per1x32Fp4_BpreShuffle_160x128E,1110.97,1382.47,0.0
gfx950,256,1210,1280,4096,29,0,10.7809,_ZN5aiter41f4gemm_bf16_per1x32Fp4_BpreShuffle_64x128E,1176.87,760.34,0.0
gfx950,256,1210,4096,1024,13,0,9.4107,a4w4_blockscale_256x96x128x128_16x16_16x16_8x32x1_8x32x1_1x16x1x16_8_2x2_intrawave_v3,1078.58,1341.98,0.0
gfx950,256,1210,9216,4096,44,0,28.9681,_ZN5aiter42f4gemm_bf16_per1x32Fp4_BpreShuffle_128x384E,3153.54,1507.01,0.0
gfx950,256,1211,1280,4096,29,0,10.8286,_ZN5aiter41f4gemm_bf16_per1x32Fp4_BpreShuffle_64x128E,1172.66,757.41,0.0
gfx950,256,1211,4096,1024,13,0,8.9776,a4w4_blockscale_256x96x128x128_16x16_16x16_8x32x1_8x32x1_1x16x1x16_8_2x2_intrawave_v3,1131.55,1407.69,0.0
gfx950,256,1212,1280,4096,29,0,10.6746,_ZN5aiter41f4gemm_bf16_per1x32Fp4_BpreShuffle_64x128E,1190.56,768.77,0.0
gfx950,256,1212,4096,1024,46,0,9.4265,_ZN5aiter42f4gemm_bf16_per1x32Fp4_BpreShuffle_160x128E,1078.55,1341.58,0.0
gfx950,256,1213,1280,4096,29,0,10.632,_ZN5aiter41f4gemm_bf16_per1x32Fp4_BpreShuffle_64x128E,1196.32,772.29,0.0
gfx950,256,1213,4096,1024,46,0,9.2294,_ZN5aiter42f4gemm_bf16_per1x32Fp4_BpreShuffle_160x128E,1102.5,1371.17,0.0
gfx950,256,1214,1280,4096,29,0,10.7095,_ZN5aiter41f4gemm_bf16_per1x32Fp4_BpreShuffle_64x128E,1188.64,767.13,0.0
gfx950,256,1214,4096,1024,46,0,9.475,_ZN5aiter42f4gemm_bf16_per1x32Fp4_BpreShuffle_160x128E,1074.8,1336.55,0.0
gfx950,256,1215,1280,4096,29,0,10.7405,_ZN5aiter41f4gemm_bf16_per1x32Fp4_BpreShuffle_64x128E,1186.18,765.34,0.0
gfx950,256,1215,4096,1024,46,0,9.5082,_ZN5aiter42f4gemm_bf16_per1x32Fp4_BpreShuffle_160x128E,1071.93,1332.8,0.0
gfx950,256,1216,1280,4096,29,0,10.7031,_ZN5aiter41f4gemm_bf16_per1x32Fp4_BpreShuffle_64x128E,1191.31,768.45,0.0
gfx950,256,1216,4096,1024,13,0,9.1441,a4w4_blockscale_256x96x128x128_16x16_16x16_8x32x1_8x32x1_1x16x1x16_8_2x2_intrawave_v3,1115.53,1386.82,0.0
gfx950,256,1217,1280,4096,29,0,10.5607,_ZN5aiter41f4gemm_bf16_per1x32Fp4_BpreShuffle_64x128E,1208.36,779.25,0.0
gfx950,256,1217,4096,1024,46,0,9.1038,_ZN5aiter42f4gemm_bf16_per1x32Fp4_BpreShuffle_160x128E,1121.39,1393.91,0.0
gfx950,256,1218,1280,4096,29,0,10.6262,_ZN5aiter41f4gemm_bf16_per1x32Fp4_BpreShuffle_64x128E,1201.9,774.88,0.0
gfx950,256,1218,4096,1024,46,0,9.0587,_ZN5aiter42f4gemm_bf16_per1x32Fp4_BpreShuffle_160x128E,1127.9,1401.82,0.0
gfx950,256,1219,1280,4096,29,0,10.6635,_ZN5aiter41f4gemm_bf16_per1x32Fp4_BpreShuffle_64x128E,1198.68,772.6,0.0
gfx950,256,1219,4096,1024,13,0,9.2349,a4w4_blockscale_256x96x128x128_16x16_16x16_8x32x1_8x32x1_1x16x1x16_8_2x2_intrawave_v3,1107.29,1376.01,0.0
gfx950,256,1220,1280,4096,29,0,10.6383,_ZN5aiter41f4gemm_bf16_per1x32Fp4_BpreShuffle_64x128E,1202.51,774.86,0.0
gfx950,256,1220,4096,1024,46,0,9.1612,_ZN5aiter42f4gemm_bf16_per1x32Fp4_BpreShuffle_160x128E,1117.11,1388.03,0.0
gfx950,256,1221,1280,4096,29,0,10.711,_ZN5aiter41f4gemm_bf16_per1x32Fp4_BpreShuffle_64x128E,1195.32,770.03,0.0
gfx950,256,1221,4096,1024,13,0,9.2068,a4w4_blockscale_256x96x128x128_16x16_16x16_8x32x1_8x32x1_1x16x1x16_8_2x2_intrawave_v3,1112.49,1382.1,0.0
gfx950,256,1222,1280,4096,29,0,10.6569,_ZN5aiter41f4gemm_bf16_per1x32Fp4_BpreShuffle_64x128E,1202.38,774.37,0.0
gfx950,256,1222,4096,1024,4,0,9.322,a4w4_blockscale_256x96x128x128_16x16_16x16_8x32x1_8x32x1_1x32x1x8_8_2x2_intrawave_v3,1099.64,1365.96,0.0
gfx950,256,1222,9216,4096,44,0,29.1948,_ZN5aiter42f4gemm_bf16_per1x32Fp4_BpreShuffle_128x384E,3160.08,1503.72,0.0
gfx950,256,1223,1280,4096,29,0,10.6998,_ZN5aiter41f4gemm_bf16_per1x32Fp4_BpreShuffle_64x128E,1198.53,771.7,0.0
gfx950,256,1223,4096,1024,46,0,9.0884,_ZN5aiter42f4gemm_bf16_per1x32Fp4_BpreShuffle_160x128E,1128.83,1402.02,0.0
gfx950,256,1224,1280,4096,29,0,10.7586,_ZN5aiter41f4gemm_bf16_per1x32Fp4_BpreShuffle_64x128E,1192.96,767.91,0.0
gfx950,256,1224,4096,1024,13,0,8.986,a4w4_blockscale_256x96x128x128_16x16_16x16_8x32x1_8x32x1_1x16x1x16_8_2x2_intrawave_v3,1142.63,1418.97,0.0
gfx950,256,1224,9216,4096,54,0,29.6259,_ZN5aiter42f4gemm_bf16_per1x32Fp4_BpreShuffle_256x256E,3119.19,1483.23,0.0
gfx950,256,1225,1280,4096,29,0,10.6613,_ZN5aiter41f4gemm_bf16_per1x32Fp4_BpreShuffle_64x128E,1204.83,775.35,0.0
gfx950,256,1225,4096,1024,4,0,9.5958,a4w4_blockscale_256x96x128x128_16x16_16x16_8x32x1_8x32x1_1x32x1x8_8_2x2_intrawave_v3,1070.89,1329.7,0.0
gfx950,256,1226,1280,4096,29,0,10.6691,_ZN5aiter41f4gemm_bf16_per1x32Fp4_BpreShuffle_64x128E,1204.93,775.22,0.0
gfx950,256,1226,4096,1024,13,0,9.2968,a4w4_blockscale_256x96x128x128_16x16_16x16_8x32x1_8x32x1_1x16x1x16_8_2x2_intrawave_v3,1106.23,1373.4,0.0
gfx950,256,1227,1280,4096,29,0,10.707,_ZN5aiter41f4gemm_bf16_per1x32Fp4_BpreShuffle_64x128E,1201.65,772.9,0.0
gfx950,256,1227,4096,1024,13,0,9.0009,a4w4_blockscale_256x96x128x128_16x16_16x16_8x32x1_8x32x1_1x16x1x16_8_2x2_intrawave_v3,1143.53,1419.52,0.0
gfx950,256,1228,1280,4096,29,0,10.7938,_ZN5aiter41f4gemm_bf16_per1x32Fp4_BpreShuffle_64x128E,1192.95,767.11,0.0
gfx950,256,1228,4096,1024,13,0,8.9747,a4w4_blockscale_256x96x128x128_16x16_16x16_8x32x1_8x32x1_1x16x1x16_8_2x2_intrawave_v3,1147.81,1424.63,0.0
gfx950,256,1229,1280,4096,29,0,10.6824,_ZN5aiter41f4gemm_bf16_per1x32Fp4_BpreShuffle_64x128E,1206.38,775.54,0.0
gfx950,256,1229,4096,1024,13,0,9.0907,a4w4_blockscale_256x96x128x128_16x16_16x16_8x32x1_8x32x1_1x16x1x16_8_2x2_intrawave_v3,1134.08,1407.41,0.0
gfx950,256,1230,1280,4096,29,0,10.686,_ZN5aiter41f4gemm_bf16_per1x32Fp4_BpreShuffle_64x128E,1206.95,775.71,0.0
gfx950,256,1230,4096,1024,13,0,9.4719,a4w4_blockscale_256x96x128x128_16x16_16x16_8x32x1_8x32x1_1x16x1x16_8_2x2_intrawave_v3,1089.33,1351.69,0.0
gfx950,256,1231,1280,4096,29,0,10.6699,_ZN5aiter41f4gemm_bf16_per1x32Fp4_BpreShuffle_64x128E,1209.76,777.32,0.0
gfx950,256,1231,4096,1024,4,0,9.5126,a4w4_blockscale_256x96x128x128_16x16_16x16_8x32x1_8x32x1_1x32x1x8_8_2x2_intrawave_v3,1085.55,1346.82,0.0
gfx950,256,1233,1280,4096,29,0,10.7867,_ZN5aiter41f4gemm_bf16_per1x32Fp4_BpreShuffle_64x128E,1198.6,769.75,0.0
gfx950,256,1233,4096,1024,12,0,9.6503,a4w4_blockscale_256x64x128x128_16x16_16x16_8x32x1_8x32x1_1x16x1x16_8_2x2_intrawave_v3,1071.8,1329.41,0.0
gfx950,256,1233,9216,4096,44,0,29.1161,_ZN5aiter42f4gemm_bf16_per1x32Fp4_BpreShuffle_128x384E,3197.14,1515.53,0.0
gfx950,256,1234,1280,4096,29,0,10.722,_ZN5aiter41f4gemm_bf16_per1x32Fp4_BpreShuffle_64x128E,1206.81,774.83,0.0
gfx950,256,1234,4096,1024,46,0,9.147,_ZN5aiter42f4gemm_bf16_per1x32Fp4_BpreShuffle_160x128E,1131.69,1403.51,0.0
gfx950,256,1235,1280,4096,29,0,10.7323,_ZN5aiter41f4gemm_bf16_per1x32Fp4_BpreShuffle_64x128E,1206.63,774.51,0.0
gfx950,256,1235,4096,1024,46,0,9.2285,_ZN5aiter42f4gemm_bf16_per1x32Fp4_BpreShuffle_160x128E,1122.6,1392.06,0.0
gfx950,256,1236,1280,4096,29,0,10.81,_ZN5aiter41f4gemm_bf16_per1x32Fp4_BpreShuffle_64x128E,1198.93,769.37,0.0
gfx950,256,1236,4096,1024,13,0,8.96,a4w4_blockscale_256x96x128x128_16x16_16x16_8x32x1_8x32x1_1x16x1x16_8_2x2_intrawave_v3,1157.18,1434.74,0.0
gfx950,256,1237,1280,4096,29,0,10.7271,_ZN5aiter41f4gemm_bf16_per1x32Fp4_BpreShuffle_64x128E,1209.17,775.75,0.0
gfx950,256,1237,4096,1024,46,0,9.1845,_ZN5aiter42f4gemm_bf16_per1x32Fp4_BpreShuffle_160x128E,1129.81,1400.62,0.0
gfx950,256,1238,1280,4096,29,0,10.6947,_ZN5aiter41f4gemm_bf16_per1x32Fp4_BpreShuffle_64x128E,1213.81,778.53,0.0
gfx950,256,1238,4096,1024,46,0,9.2687,_ZN5aiter42f4gemm_bf16_per1x32Fp4_BpreShuffle_160x128E,1120.45,1388.84,0.0
gfx950,256,1238,9216,4096,54,0,29.695,_ZN5aiter42f4gemm_bf16_per1x32Fp4_BpreShuffle_256x256E,3147.53,1489.43,0.0
gfx950,256,1239,1280,4096,29,0,10.7389,_ZN5aiter41f4gemm_bf16_per1x32Fp4_BpreShuffle_64x128E,1209.79,775.75,0.0
gfx950,256,1239,4096,1024,12,0,9.605,a4w4_blockscale_256x64x128x128_16x16_16x16_8x32x1_8x32x1_1x16x1x16_8_2x2_intrawave_v3,1082.09,1341.11,0.0
gfx950,256,1240,1280,4096,29,0,10.7571,_ZN5aiter41f4gemm_bf16_per1x32Fp4_BpreShuffle_64x128E,1208.72,774.87,0.0
gfx950,256,1240,4096,1024,13,0,9.073,a4w4_blockscale_256x96x128x128_16x16_16x16_8x32x1_8x32x1_1x16x1x16_8_2x2_intrawave_v3,1146.46,1420.71,0.0
gfx950,256,1241,1280,4096,29,0,10.7531,_ZN5aiter41f4gemm_bf16_per1x32Fp4_BpreShuffle_64x128E,1210.15,775.59,0.0
gfx950,256,1241,4096,1024,46,0,9.1896,_ZN5aiter42f4gemm_bf16_per1x32Fp4_BpreShuffle_160x128E,1132.83,1403.63,0.0
gfx950,256,1242,1280,4096,29,0,10.684,_ZN5aiter41f4gemm_bf16_per1x32Fp4_BpreShuffle_64x128E,1218.95,781.03,0.0
gfx950,256,1242,4096,1024,13,0,9.1152,a4w4_blockscale_256x96x128x128_16x16_16x16_8x32x1_8x32x1_1x16x1x16_8_2x2_intrawave_v3,1143.0,1416.04,0.0
gfx950,256,1243,1280,4096,29,0,10.6663,_ZN5aiter41f4gemm_bf16_per1x32Fp4_BpreShuffle_64x128E,1221.96,782.76,0.0
gfx950,256,1243,4096,1024,13,0,9.387,a4w4_blockscale_256x96x128x128_16x16_16x16_8x32x1_8x32x1_1x16x1x16_8_2x2_intrawave_v3,1110.8,1375.97,0.0
gfx950,256,1244,1280,4096,29,0,10.6513,_ZN5aiter41f4gemm_bf16_per1x32Fp4_BpreShuffle_64x128E,1224.67,784.3,0.0
gfx950,256,1244,4096,1024,49,0,9.6315,_ZN5aiter42f4gemm_bf16_per1x32Fp4_BpreShuffle_192x128E,1083.47,1341.94,0.0
gfx950,256,1245,1280,4096,29,0,10.6843,_ZN5aiter41f4gemm_bf16_per1x32Fp4_BpreShuffle_64x128E,1221.86,782.31,0.0
gfx950,256,1245,4096,1024,4,0,9.1733,a4w4_blockscale_256x96x128x128_16x16_16x16_8x32x1_8x32x1_1x32x1x8_8_2x2_intrawave_v3,1138.5,1409.92,0.0
gfx950,256,1246,1280,4096,29,0,10.6208,_ZN5aiter41f4gemm_bf16_per1x32Fp4_BpreShuffle_64x128E,1230.16,787.42,0.0
gfx950,256,1246,4096,1024,46,0,9.1434,_ZN5aiter42f4gemm_bf16_per1x32Fp4_BpreShuffle_160x128E,1143.14,1415.48,0.0
gfx950,256,1247,1280,4096,29,0,10.6938,_ZN5aiter41f4gemm_bf16_per1x32Fp4_BpreShuffle_64x128E,1222.74,782.47,0.0
gfx950,256,1247,4096,1024,13,0,9.4669,a4w4_blockscale_256x96x128x128_16x16_16x16_8x32x1_8x32x1_1x16x1x16_8_2x2_intrawave_v3,1104.97,1368.03,0.0
gfx950,256,1248,1280,4096,29,0,10.6544,_ZN5aiter41f4gemm_bf16_per1x32Fp4_BpreShuffle_64x128E,1228.25,785.8,0.0
gfx950,256,1248,4096,1024,4,0,9.1438,a4w4_blockscale_256x96x128x128_16x16_16x16_8x32x1_8x32x1_1x32x1x8_8_2x2_intrawave_v3,1144.93,1417.33,0.0
gfx950,256,1249,1280,4096,29,0,10.6898,_ZN5aiter41f4gemm_bf16_per1x32Fp4_BpreShuffle_64x128E,1225.16,783.63,0.0
gfx950,256,1249,4096,1024,13,0,9.0782,a4w4_blockscale_256x96x128x128_16x16_16x16_8x32x1_8x32x1_1x16x1x16_8_2x2_intrawave_v3,1154.12,1428.53,0.0
gfx950,256,1250,1280,4096,29,0,10.6556,_ZN5aiter41f4gemm_bf16_per1x32Fp4_BpreShuffle_64x128E,1230.08,786.58,0.0
gfx950,256,1250,4096,1024,46,0,9.3417,_ZN5aiter42f4gemm_bf16_per1x32Fp4_BpreShuffle_160x128E,1122.47,1389.16,0.0
gfx950,256,1251,1280,4096,29,0,10.8108,_ZN5aiter41f4gemm_bf16_per1x32Fp4_BpreShuffle_64x128E,1213.39,775.71,0.0
gfx950,256,1251,4096,1024,46,0,9.2459,_ZN5aiter42f4gemm_bf16_per1x32Fp4_BpreShuffle_160x128E,1135.01,1404.5,0.0
gfx950,256,1252,1280,4096,29,0,10.7104,_ZN5aiter41f4gemm_bf16_per1x32Fp4_BpreShuffle_64x128E,1225.74,783.41,0.0
gfx950,256,1252,4096,1024,38,0,9.5493,_ZN5aiter41f4gemm_bf16_per1x32Fp4_BpreShuffle_96x256E,1099.82,1360.79,0.0
gfx950,256,1253,1280,4096,29,0,10.7081,_ZN5aiter41f4gemm_bf16_per1x32Fp4_BpreShuffle_64x128E,1226.98,784.01,0.0
gfx950,256,1253,4096,1024,13,0,9.1233,a4w4_blockscale_256x96x128x128_16x16_16x16_8x32x1_8x32x1_1x16x1x16_8_2x2_intrawave_v3,1152.1,1425.28,0.0
gfx950,256,1254,1280,4096,29,0,10.7999,_ZN5aiter41f4gemm_bf16_per1x32Fp4_BpreShuffle_64x128E,1217.52,777.77,0.0
gfx950,256,1254,4096,1024,46,0,9.3248,_ZN5aiter42f4gemm_bf16_per1x32Fp4_BpreShuffle_160x128E,1128.1,1395.42,0.0
gfx950,256,1255,1280,4096,29,0,10.7875,_ZN5aiter41f4gemm_bf16_per1x32Fp4_BpreShuffle_64x128E,1219.9,779.09,0.0
gfx950,256,1255,4096,1024,4,0,9.2751,a4w4_blockscale_256x96x128x128_16x16_16x16_8x32x1_8x32x1_1x32x1x8_8_2x2_intrawave_v3,1135.05,1403.83,0.0
gfx950,256,1256,1280,4096,29,0,10.8253,_ZN5aiter41f4gemm_bf16_per1x32Fp4_BpreShuffle_64x128E,1216.61,776.8,0.0
gfx950,256,1256,4096,1024,46,0,9.3058,_ZN5aiter42f4gemm_bf16_per1x32Fp4_BpreShuffle_160x128E,1132.21,1400.13,0.0
gfx950,256,1257,1280,4096,29,0,10.8302,_ZN5aiter41f4gemm_bf16_per1x32Fp4_BpreShuffle_64x128E,1217.02,776.87,0.0
gfx950,256,1257,4096,1024,49,0,9.6796,_ZN5aiter42f4gemm_bf16_per1x32Fp4_BpreShuffle_192x128E,1089.35,1346.96,0.0
gfx950,256,1258,1280,4096,29,0,10.852,_ZN5aiter41f4gemm_bf16_per1x32Fp4_BpreShuffle_64x128E,1215.54,775.74,0.0
gfx950,256,1258,4096,1024,46,0,9.2823,_ZN5aiter42f4gemm_bf16_per1x32Fp4_BpreShuffle_160x128E,1136.88,1405.56,0.0
gfx950,256,1259,1280,4096,29,0,10.8456,_ZN5aiter41f4gemm_bf16_per1x32Fp4_BpreShuffle_64x128E,1217.23,776.62,0.0
gfx950,256,1259,4096,1024,46,0,9.2375,_ZN5aiter42f4gemm_bf16_per1x32Fp4_BpreShuffle_160x128E,1143.3,1413.31,0.0
gfx950,256,1260,1280,4096,29,0,10.8047,_ZN5aiter41f4gemm_bf16_per1x32Fp4_BpreShuffle_64x128E,1222.81,779.99,0.0
gfx950,256,1260,4096,1024,46,0,9.1814,_ZN5aiter42f4gemm_bf16_per1x32Fp4_BpreShuffle_160x128E,1151.2,1422.9,0.0
gfx950,256,1261,1280,4096,29,0,10.8386,_ZN5aiter41f4gemm_bf16_per1x32Fp4_BpreShuffle_64x128E,1219.95,777.97,0.0
gfx950,256,1261,4096,1024,46,0,9.7962,_ZN5aiter42f4gemm_bf16_per1x32Fp4_BpreShuffle_160x128E,1079.81,1334.49,0.0
gfx950,256,1262,1280,4096,29,0,10.7823,_ZN5aiter41f4gemm_bf16_per1x32Fp4_BpreShuffle_64x128E,1227.29,782.46,0.0
gfx950,256,1262,4096,1024,13,0,9.2347,a4w4_blockscale_256x96x128x128_16x16_16x16_8x32x1_8x32x1_1x16x1x16_8_2x2_intrawave_v3,1146.37,1416.57,0.0
gfx950,256,1263,1280,4096,29,0,10.9097,_ZN5aiter41f4gemm_bf16_per1x32Fp4_BpreShuffle_64x128E,1213.92,773.75,0.0
gfx950,256,1263,4096,1024,46,0,9.3603,_ZN5aiter42f4gemm_bf16_per1x32Fp4_BpreShuffle_160x128E,1131.89,1398.49,0.0
gfx950,256,1264,1280,4096,29,0,10.8179,_ZN5aiter41f4gemm_bf16_per1x32Fp4_BpreShuffle_64x128E,1225.19,780.74,0.0
gfx950,256,1264,4096,1024,46,0,9.2333,_ZN5aiter42f4gemm_bf16_per1x32Fp4_BpreShuffle_160x128E,1148.37,1418.67,0.0
gfx950,256,1265,1280,4096,29,0,10.8428,_ZN5aiter41f4gemm_bf16_per1x32Fp4_BpreShuffle_64x128E,1223.35,779.37,0.0
gfx950,256,1265,4096,1024,46,0,9.7991,_ZN5aiter42f4gemm_bf16_per1x32Fp4_BpreShuffle_160x128E,1082.91,1337.64,0.0
gfx950,256,1266,1280,4096,29,0,10.8424,_ZN5aiter41f4gemm_bf16_per1x32Fp4_BpreShuffle_64x128E,1224.36,779.82,0.0
gfx950,256,1266,4096,1024,38,0,9.5864,_ZN5aiter41f4gemm_bf16_per1x32Fp4_BpreShuffle_96x256E,1107.82,1368.23,0.0
gfx950,256,1267,1280,4096,29,0,10.9288,_ZN5aiter41f4gemm_bf16_per1x32Fp4_BpreShuffle_64x128E,1215.64,774.08,0.0
gfx950,256,1267,4096,1024,46,0,9.675,_ZN5aiter42f4gemm_bf16_per1x32Fp4_BpreShuffle_160x128E,1098.54,1356.6,0.0
gfx950,256,1268,1280,4096,29,0,10.8535,_ZN5aiter41f4gemm_bf16_per1x32Fp4_BpreShuffle_64x128E,1225.04,779.88,0.0
gfx950,256,1268,4096,1024,46,0,9.2236,_ZN5aiter42f4gemm_bf16_per1x32Fp4_BpreShuffle_160x128E,1153.21,1423.94,0.0
gfx950,256,1269,1280,4096,29,0,10.8916,_ZN5aiter41f4gemm_bf16_per1x32Fp4_BpreShuffle_64x128E,1221.71,777.57,0.0
gfx950,256,1269,4096,1024,46,0,9.215,_ZN5aiter42f4gemm_bf16_per1x32Fp4_BpreShuffle_160x128E,1155.2,1426.21,0.0
gfx950,256,1269,9216,4096,44,0,30.2705,_ZN5aiter42f4gemm_bf16_per1x32Fp4_BpreShuffle_128x384E,3165.01,1482.09,0.0
gfx950,256,1270,1280,4096,29,0,10.8443,_ZN5aiter41f4gemm_bf16_per1x32Fp4_BpreShuffle_64x128E,1228.01,781.39,0.0
gfx950,256,1270,4096,1024,46,0,9.2816,_ZN5aiter42f4gemm_bf16_per1x32Fp4_BpreShuffle_160x128E,1147.81,1416.91,0.0
gfx950,256,1271,1280,4096,29,0,10.8827,_ZN5aiter41f4gemm_bf16_per1x32Fp4_BpreShuffle_64x128E,1224.64,779.05,0.0
gfx950,256,1271,4096,1024,8,0,9.814,a4w4_blockscale_256x128x128x128_16x16_16x16_8x32x1_8x32x1_1x32x1x8_8_2x2_intrawave_v3,1086.4,1340.93,0.0
gfx950,256,1271,9216,4096,44,0,30.0288,_ZN5aiter42f4gemm_bf16_per1x32Fp4_BpreShuffle_128x384E,3195.51,1495.38,0.0
gfx950,256,1272,1280,4096,29,0,10.814,_ZN5aiter41f4gemm_bf16_per1x32Fp4_BpreShuffle_64x128E,1233.39,784.43,0.0
gfx950,256,1272,4096,1024,46,0,9.7653,_ZN5aiter42f4gemm_bf16_per1x32Fp4_BpreShuffle_160x128E,1092.68,1348.51,0.0
gfx950,256,1273,1280,4096,29,0,10.7693,_ZN5aiter41f4gemm_bf16_per1x32Fp4_BpreShuffle_64x128E,1239.48,788.11,0.0
gfx950,256,1273,4096,1024,13,0,9.1913,a4w4_blockscale_256x96x128x128_16x16_16x16_8x32x1_8x32x1_1x16x1x16_8_2x2_intrawave_v3,1161.83,1433.68,0.0
gfx950,256,1274,1280,4096,29,0,10.7542,_ZN5aiter41f4gemm_bf16_per1x32Fp4_BpreShuffle_64x128E,1242.2,789.65,0.0
gfx950,256,1274,4096,1024,46,0,9.299,_ZN5aiter42f4gemm_bf16_per1x32Fp4_BpreShuffle_160x128E,1149.27,1418.01,0.0
gfx950,256,1275,1280,4096,29,0,10.8315,_ZN5aiter41f4gemm_bf16_per1x32Fp4_BpreShuffle_64x128E,1234.3,784.44,0.0
gfx950,256,1275,4096,1024,46,0,9.2532,_ZN5aiter42f4gemm_bf16_per1x32Fp4_BpreShuffle_160x128E,1155.87,1425.97,0.0
gfx950,256,1276,1280,4096,29,0,10.8084,_ZN5aiter41f4gemm_bf16_per1x32Fp4_BpreShuffle_64x128E,1237.91,786.54,0.0
gfx950,256,1276,4096,1024,4,0,9.2674,a4w4_blockscale_256x96x128x128_16x16_16x16_8x32x1_8x32x1_1x32x1x8_8_2x2_intrawave_v3,1155.0,1424.72,0.0
gfx950,256,1277,1280,4096,29,0,10.8267,_ZN5aiter41f4gemm_bf16_per1x32Fp4_BpreShuffle_64x128E,1236.79,785.64,0.0
gfx950,256,1277,4096,1024,12,0,9.6296,a4w4_blockscale_256x64x128x128_16x16_16x16_8x32x1_8x32x1_1x16x1x16_8_2x2_intrawave_v3,1112.43,1372.04,0.0
gfx950,256,1278,1280,4096,29,0,10.79,_ZN5aiter41f4gemm_bf16_per1x32Fp4_BpreShuffle_64x128E,1241.96,788.74,0.0
gfx950,256,1278,4096,1024,46,0,9.2644,_ZN5aiter42f4gemm_bf16_per1x32Fp4_BpreShuffle_160x128E,1157.19,1427.06,0.0
gfx950,256,1279,1280,4096,29,0,10.7837,_ZN5aiter41f4gemm_bf16_per1x32Fp4_BpreShuffle_64x128E,1243.66,789.62,0.0
gfx950,256,1279,4096,1024,46,0,9.3106,_ZN5aiter42f4gemm_bf16_per1x32Fp4_BpreShuffle_160x128E,1152.35,1420.91,0.0
gfx950,256,1280,1280,4096,29,0,10.8056,_ZN5aiter41f4gemm_bf16_per1x32Fp4_BpreShuffle_64x128E,1242.11,788.45,0.0
gfx950,256,1280,4096,1024,49,0,9.7966,_ZN5aiter42f4gemm_bf16_per1x32Fp4_BpreShuffle_192x128E,1096.04,1351.31,0.0
gfx950,256,1281,1280,4096,29,0,10.6715,_ZN5aiter41f4gemm_bf16_per1x32Fp4_BpreShuffle_64x128E,1258.7,798.79,0.0
gfx950,256,1281,4096,1024,13,0,9.3869,a4w4_blockscale_256x96x128x128_16x16_16x16_8x32x1_8x32x1_1x16x1x16_8_2x2_intrawave_v3,1144.77,1411.22,0.0
gfx950,256,1282,1280,4096,29,0,10.7012,_ZN5aiter41f4gemm_bf16_per1x32Fp4_BpreShuffle_64x128E,1256.19,797.0,0.0
gfx950,256,1282,4096,1024,49,0,9.8572,_ZN5aiter42f4gemm_bf16_per1x32Fp4_BpreShuffle_192x128E,1091.0,1344.77,0.0
gfx950,256,1283,1280,4096,29,0,10.6618,_ZN5aiter41f4gemm_bf16_per1x32Fp4_BpreShuffle_64x128E,1261.82,800.38,0.0
gfx950,256,1283,4096,1024,8,0,10.0331,a4w4_blockscale_256x128x128x128_16x16_16x16_8x32x1_8x32x1_1x32x1x8_8_2x2_intrawave_v3,1072.71,1322.06,0.0
gfx950,256,1284,1280,4096,29,0,10.7447,_ZN5aiter41f4gemm_bf16_per1x32Fp4_BpreShuffle_64x128E,1253.06,794.63,0.0
gfx950,256,1284,4096,1024,13,0,9.5324,a4w4_blockscale_256x96x128x128_16x16_16x16_8x32x1_8x32x1_1x16x1x16_8_2x2_intrawave_v3,1129.93,1392.42,0.0
gfx950,256,1285,1280,4096,29,0,10.6813,_ZN5aiter41f4gemm_bf16_per1x32Fp4_BpreShuffle_64x128E,1261.48,799.78,0.0
gfx950,256,1285,4096,1024,38,0,9.7089,_ZN5aiter41f4gemm_bf16_per1x32Fp4_BpreShuffle_96x256E,1110.26,1368.0,0.0
gfx950,256,1286,1280,4096,29,0,10.7314,_ZN5aiter41f4gemm_bf16_per1x32Fp4_BpreShuffle_64x128E,1256.56,796.48,0.0
gfx950,256,1286,4096,1024,13,0,9.526,a4w4_blockscale_256x96x128x128_16x16_16x16_8x32x1_8x32x1_1x16x1x16_8_2x2_intrawave_v3,1132.45,1395.18,0.0
gfx950,256,1287,1280,4096,29,0,10.7926,_ZN5aiter41f4gemm_bf16_per1x32Fp4_BpreShuffle_64x128E,1250.41,792.39,0.0
gfx950,256,1287,4096,1024,38,0,9.727,_ZN5aiter41f4gemm_bf16_per1x32Fp4_BpreShuffle_96x256E,1109.91,1367.25,0.0
gfx950,256,1288,1280,4096,29,0,10.7817,_ZN5aiter41f4gemm_bf16_per1x32Fp4_BpreShuffle_64x128E,1252.65,793.62,0.0
gfx950,256,1288,4096,1024,13,0,9.9947,a4w4_blockscale_256x96x128x128_16x16_16x16_8x32x1_8x32x1_1x16x1x16_8_2x2_intrawave_v3,1081.03,1331.5,0.0
gfx950,256,1289,1280,4096,29,0,10.7801,_ZN5aiter41f4gemm_bf16_per1x32Fp4_BpreShuffle_64x128E,1253.81,794.16,0.0
gfx950,256,1289,4096,1024,38,0,9.7911,_ZN5aiter41f4gemm_bf16_per1x32Fp4_BpreShuffle_96x256E,1104.36,1360.07,0.0
gfx950,256,1290,1280,4096,29,0,10.7891,_ZN5aiter41f4gemm_bf16_per1x32Fp4_BpreShuffle_64x128E,1253.73,793.93,0.0
gfx950,256,1290,4096,1024,4,0,9.3485,a4w4_blockscale_256x96x128x128_16x16_16x16_8x32x1_8x32x1_1x32x1x8_8_2x2_intrawave_v3,1157.54,1425.4,0.0
gfx950,256,1291,1280,4096,29,0,10.909,_ZN5aiter41f4gemm_bf16_per1x32Fp4_BpreShuffle_64x128E,1240.91,785.62,0.0
gfx950,256,1291,4096,1024,4,0,9.3659,a4w4_blockscale_256x96x128x128_16x16_16x16_8x32x1_8x32x1_1x32x1x8_8_2x2_intrawave_v3,1156.29,1423.68,0.0
gfx950,256,1292,1280,4096,29,0,10.8995,_ZN5aiter41f4gemm_bf16_per1x32Fp4_BpreShuffle_64x128E,1242.96,786.73,0.0
gfx950,256,1292,4096,1024,13,0,9.0856,a4w4_blockscale_256x96x128x128_16x16_16x16_8x32x1_8x32x1_1x16x1x16_8_2x2_intrawave_v3,1192.89,1468.56,0.0
gfx950,256,1293,1280,4096,29,0,10.9017,_ZN5aiter41f4gemm_bf16_per1x32Fp4_BpreShuffle_64x128E,1243.67,787.0,0.0
gfx950,256,1293,4096,1024,38,0,9.7672,_ZN5aiter41f4gemm_bf16_per1x32Fp4_BpreShuffle_96x256E,1110.5,1366.97,0.0
gfx950,256,1294,1280,4096,29,0,10.8457,_ZN5aiter41f4gemm_bf16_per1x32Fp4_BpreShuffle_64x128E,1251.06,791.48,0.0
gfx950,256,1294,4096,1024,13,0,9.3435,a4w4_blockscale_256x96x128x128_16x16_16x16_8x32x1_8x32x1_1x16x1x16_8_2x2_intrawave_v3,1161.76,1429.88,0.0
gfx950,256,1295,1280,4096,29,0,10.7199,_ZN5aiter41f4gemm_bf16_per1x32Fp4_BpreShuffle_64x128E,1266.72,801.2,0.0
gfx950,256,1295,4096,1024,13,0,9.7779,a4w4_blockscale_256x96x128x128_16x16_16x16_8x32x1_8x32x1_1x16x1x16_8_2x2_intrawave_v3,1111.0,1367.25,0.0
gfx950,256,1295,9216,4096,50,0,30.2292,_ZN5aiter42f4gemm_bf16_per1x32Fp4_BpreShuffle_192x256E,3234.26,1501.73,0.0
gfx950,256,1296,1280,4096,29,0,10.8354,_ZN5aiter41f4gemm_bf16_per1x32Fp4_BpreShuffle_64x128E,1254.18,793.09,0.0
gfx950,256,1296,4096,1024,13,0,9.2478,a4w4_blockscale_256x96x128x128_16x16_16x16_8x32x1_8x32x1_1x16x1x16_8_2x2_intrawave_v3,1175.59,1446.56,0.0
gfx950,256,1297,1280,4096,29,0,10.766,_ZN5aiter41f4gemm_bf16_per1x32Fp4_BpreShuffle_64x128E,1263.24,798.63,0.0
gfx950,256,1297,4096,1024,13,0,9.08,a4w4_blockscale_256x96x128x128_16x16_16x16_8x32x1_8x32x1_1x16x1x16_8_2x2_intrawave_v3,1198.24,1474.26,0.0
gfx950,256,1298,1280,4096,29,0,10.8112,_ZN5aiter41f4gemm_bf16_per1x32Fp4_BpreShuffle_64x128E,1258.93,795.71,0.0
gfx950,256,1298,4096,1024,4,0,9.4172,a4w4_blockscale_256x96x128x128_16x16_16x16_8x32x1_8x32x1_1x32x1x8_8_2x2_intrawave_v3,1156.23,1422.39,0.0
gfx950,256,1299,1280,4096,29,0,10.8855,_ZN5aiter41f4gemm_bf16_per1x32Fp4_BpreShuffle_64x128E,1251.3,790.71,0.0
gfx950,256,1299,4096,1024,4,0,9.3582,a4w4_blockscale_256x96x128x128_16x16_16x16_8x32x1_8x32x1_1x32x1x8_8_2x2_intrawave_v3,1164.41,1432.29,0.0
gfx950,256,1299,9216,4096,50,0,30.744,_ZN5aiter42f4gemm_bf16_per1x32Fp4_BpreShuffle_192x256E,3189.93,1479.24,0.0
gfx950,256,1300,1280,4096,29,0,10.9071,_ZN5aiter41f4gemm_bf16_per1x32Fp4_BpreShuffle_64x128E,1249.78,789.56,0.0
gfx950,256,1300,4096,1024,13,0,9.2149,a4w4_blockscale_256x96x128x128_16x16_16x16_8x32x1_8x32x1_1x16x1x16_8_2x2_intrawave_v3,1183.43,1455.51,0.0
gfx950,256,1301,1280,4096,29,0,10.8189,_ZN5aiter41f4gemm_bf16_per1x32Fp4_BpreShuffle_64x128E,1260.94,796.43,0.0
gfx950,256,1301,4096,1024,4,0,9.7733,a4w4_blockscale_256x96x128x128_16x16_16x16_8x32x1_8x32x1_1x32x1x8_8_2x2_intrawave_v3,1116.67,1373.24,0.0
gfx950,256,1302,1280,4096,29,0,10.8263,_ZN5aiter41f4gemm_bf16_per1x32Fp4_BpreShuffle_64x128E,1261.05,796.31,0.0
gfx950,256,1302,4096,1024,49,0,9.8578,_ZN5aiter42f4gemm_bf16_per1x32Fp4_BpreShuffle_192x128E,1107.95,1362.35,0.0
gfx950,256,1303,1280,4096,29,0,10.7335,_ZN5aiter41f4gemm_bf16_per1x32Fp4_BpreShuffle_64x128E,1272.93,803.62,0.0
gfx950,256,1303,4096,1024,13,0,9.4639,a4w4_blockscale_256x96x128x128_16x16_16x16_8x32x1_8x32x1_1x16x1x16_8_2x2_intrawave_v3,1154.95,1419.97,0.0
gfx950,256,1304,1280,4096,29,0,10.7587,_ZN5aiter41f4gemm_bf16_per1x32Fp4_BpreShuffle_64x128E,1270.92,802.17,0.0
gfx950,256,1304,4096,1024,13,0,9.769,a4w4_blockscale_256x96x128x128_16x16_16x16_8x32x1_8x32x1_1x16x1x16_8_2x2_intrawave_v3,1119.74,1376.51,0.0
gfx950,256,1305,1280,4096,29,0,10.8165,_ZN5aiter41f4gemm_bf16_per1x32Fp4_BpreShuffle_64x128E,1265.1,798.31,0.0
gfx950,256,1305,4096,1024,13,0,9.117,a4w4_blockscale_256x96x128x128_16x16_16x16_8x32x1_8x32x1_1x16x1x16_8_2x2_intrawave_v3,1200.74,1475.91,0.0
gfx950,256,1306,1280,4096,29,0,10.829,_ZN5aiter41f4gemm_bf16_per1x32Fp4_BpreShuffle_64x128E,1264.6,797.81,0.0
gfx950,256,1306,4096,1024,4,0,9.6614,a4w4_blockscale_256x96x128x128_16x16_16x16_8x32x1_8x32x1_1x32x1x8_8_2x2_intrawave_v3,1133.95,1393.65,0.0
gfx950,256,1307,1280,4096,29,0,10.8447,_ZN5aiter41f4gemm_bf16_per1x32Fp4_BpreShuffle_64x128E,1263.74,797.08,0.0
gfx950,256,1307,4096,1024,13,0,9.6123,a4w4_blockscale_256x96x128x128_16x16_16x16_8x32x1_8x32x1_1x16x1x16_8_2x2_intrawave_v3,1140.61,1401.67,0.0
gfx950,256,1308,1280,4096,29,0,10.7853,_ZN5aiter41f4gemm_bf16_per1x32Fp4_BpreShuffle_64x128E,1271.67,801.9,0.0
gfx950,256,1308,4096,1024,49,0,9.8628,_ZN5aiter42f4gemm_bf16_per1x32Fp4_BpreShuffle_192x128E,1112.49,1366.95,0.0
gfx950,256,1309,1280,4096,29,0,10.6436,_ZN5aiter41f4gemm_bf16_per1x32Fp4_BpreShuffle_64x128E,1289.59,813.01,0.0
gfx950,256,1309,4096,1024,13,0,9.7155,a4w4_blockscale_256x96x128x128_16x16_16x16_8x32x1_8x32x1_1x16x1x16_8_2x2_intrawave_v3,1130.22,1388.57,0.0
gfx950,256,1310,1280,4096,29,0,10.7208,_ZN5aiter41f4gemm_bf16_per1x32Fp4_BpreShuffle_64x128E,1281.28,807.58,0.0
gfx950,256,1310,4096,1024,13,0,9.413,a4w4_blockscale_256x96x128x128_16x16_16x16_8x32x1_8x32x1_1x16x1x16_8_2x2_intrawave_v3,1167.44,1434.12,0.0
gfx950,256,1311,1280,4096,29,0,10.8011,_ZN5aiter41f4gemm_bf16_per1x32Fp4_BpreShuffle_64x128E,1272.73,802.0,0.0
gfx950,256,1311,4096,1024,13,0,9.7551,a4w4_blockscale_256x96x128x128_16x16_16x16_8x32x1_8x32x1_1x16x1x16_8_2x2_intrawave_v3,1127.36,1384.72,0.0
gfx950,256,1312,1280,4096,29,0,10.7364,_ZN5aiter41f4gemm_bf16_per1x32Fp4_BpreShuffle_64x128E,1281.37,807.27,0.0
gfx950,256,1312,4096,1024,43,0,9.9926,_ZN5aiter42f4gemm_bf16_per1x32Fp4_BpreShuffle_128x256E,1101.4,1352.68,0.0
gfx950,256,1313,1280,4096,29,0,10.7831,_ZN5aiter41f4gemm_bf16_per1x32Fp4_BpreShuffle_64x128E,1276.79,804.2,0.0
gfx950,256,1313,4096,1024,38,0,9.9776,_ZN5aiter41f4gemm_bf16_per1x32Fp4_BpreShuffle_96x256E,1103.9,1355.59,0.0
gfx950,256,1314,1280,4096,29,0,10.7696,_ZN5aiter41f4gemm_bf16_per1x32Fp4_BpreShuffle_64x128E,1279.37,805.63,0.0
gfx950,256,1314,4096,1024,4,0,9.8691,a4w4_blockscale_256x96x128x128_16x16_16x16_8x32x1_8x32x1_1x32x1x8_8_2x2_intrawave_v3,1116.88,1371.37,0.0
gfx950,256,1315,1280,4096,29,0,10.7416,_ZN5aiter41f4gemm_bf16_per1x32Fp4_BpreShuffle_64x128E,1283.68,808.16,0.0
gfx950,256,1315,4096,1024,13,0,9.8123,a4w4_blockscale_256x96x128x128_16x16_16x16_8x32x1_8x32x1_1x16x1x16_8_2x2_intrawave_v3,1124.2,1380.2,0.0
gfx950,256,1315,9216,4096,54,0,30.616,_ZN5aiter42f4gemm_bf16_per1x32Fp4_BpreShuffle_256x256E,3242.72,1496.13,0.0
gfx950,256,1316,1280,4096,29,0,10.6941,_ZN5aiter41f4gemm_bf16_per1x32Fp4_BpreShuffle_64x128E,1290.36,812.18,0.0
gfx950,256,1316,4096,1024,4,0,9.3643,a4w4_blockscale_256x96x128x128_16x16_16x16_8x32x1_8x32x1_1x32x1x8_8_2x2_intrawave_v3,1178.88,1447.16,0.0
gfx950,256,1317,1280,4096,29,0,10.816,_ZN5aiter41f4gemm_bf16_per1x32Fp4_BpreShuffle_64x128E,1276.79,803.46,0.0
gfx950,256,1317,4096,1024,4,0,9.4229,a4w4_blockscale_256x96x128x128_16x16_16x16_8x32x1_8x32x1_1x32x1x8_8_2x2_intrawave_v3,1172.44,1439.08,0.0
gfx950,256,1318,1280,4096,29,0,10.8424,_ZN5aiter41f4gemm_bf16_per1x32Fp4_BpreShuffle_64x128E,1274.65,801.92,0.0
gfx950,256,1318,4096,1024,38,0,9.9975,_ZN5aiter41f4gemm_bf16_per1x32Fp4_BpreShuffle_96x256E,1105.9,1357.24,0.0
gfx950,256,1319,1280,4096,29,0,10.8355,_ZN5aiter41f4gemm_bf16_per1x32Fp4_BpreShuffle_64x128E,1276.43,802.86,0.0
gfx950,256,1319,4096,1024,13,0,9.4864,a4w4_blockscale_256x96x128x128_16x16_16x16_8x32x1_8x32x1_1x16x1x16_8_2x2_intrawave_v3,1166.36,1431.28,0.0
gfx950,256,1320,1280,4096,29,0,10.8448,_ZN5aiter41f4gemm_bf16_per1x32Fp4_BpreShuffle_64x128E,1276.3,802.6,0.0
gfx950,256,1320,4096,1024,13,0,9.3587,a4w4_blockscale_256x96x128x128_16x16_16x16_8x32x1_8x32x1_1x16x1x16_8_2x2_intrawave_v3,1183.17,1451.74,0.0
gfx950,256,1321,1280,4096,29,0,10.8779,_ZN5aiter41f4gemm_bf16_per1x32Fp4_BpreShuffle_64x128E,1273.38,800.58,0.0
gfx950,256,1321,4096,1024,13,0,9.9247,a4w4_blockscale_256x96x128x128_16x16_16x16_8x32x1_8x32x1_1x16x1x16_8_2x2_intrawave_v3,1116.54,1369.83,0.0
gfx950,256,1322,1280,4096,29,0,10.9323,_ZN5aiter41f4gemm_bf16_per1x32Fp4_BpreShuffle_64x128E,1268.0,797.02,0.0
gfx950,256,1322,4096,1024,13,0,9.1487,a4w4_blockscale_256x96x128x128_16x16_16x16_8x32x1_8x32x1_1x16x1x16_8_2x2_intrawave_v3,1212.17,1486.97,0.0
gfx950,256,1323,1280,4096,29,0,10.9271,_ZN5aiter41f4gemm_bf16_per1x32Fp4_BpreShuffle_64x128E,1269.56,797.82,0.0
gfx950,256,1323,4096,1024,13,0,9.9692,a4w4_blockscale_256x96x128x128_16x16_16x16_8x32x1_8x32x1_1x16x1x16_8_2x2_intrawave_v3,1113.24,1365.46,0.0
gfx950,256,1324,1280,4096,29,0,10.9401,_ZN5aiter41f4gemm_bf16_per1x32Fp4_BpreShuffle_64x128E,1269.01,797.29,0.0
gfx950,256,1324,4096,1024,4,0,9.8871,a4w4_blockscale_256x96x128x128_16x16_16x16_8x32x1_8x32x1_1x32x1x8_8_2x2_intrawave_v3,1123.33,1377.68,0.0
gfx950,256,1325,1280,4096,29,0,11.0584,_ZN5aiter41f4gemm_bf16_per1x32Fp4_BpreShuffle_64x128E,1256.39,789.18,0.0
gfx950,256,1325,4096,1024,8,0,10.113,a4w4_blockscale_256x128x128x128_16x16_16x16_8x32x1_8x32x1_1x32x1x8_8_2x2_intrawave_v3,1099.07,1347.77,0.0
gfx950,256,1326,1280,4096,29,0,10.9555,_ZN5aiter41f4gemm_bf16_per1x32Fp4_BpreShuffle_64x128E,1269.14,797.01,0.0
gfx950,256,1326,4096,1024,49,0,9.9319,_ZN5aiter42f4gemm_bf16_per1x32Fp4_BpreShuffle_192x128E,1119.96,1373.22,0.0
gfx950,256,1327,1280,4096,29,0,10.7656,_ZN5aiter41f4gemm_bf16_per1x32Fp4_BpreShuffle_64x128E,1292.51,811.5,0.0
gfx950,256,1327,4096,1024,4,0,9.3292,a4w4_blockscale_256x96x128x128_16x16_16x16_8x32x1_8x32x1_1x32x1x8_8_2x2_intrawave_v3,1193.21,1462.86,0.0
gfx950,256,1328,1280,4096,29,0,11.0259,_ZN5aiter41f4gemm_bf16_per1x32Fp4_BpreShuffle_64x128E,1262.94,792.76,0.0
gfx950,256,1328,4096,1024,13,0,9.9527,a4w4_blockscale_256x96x128x128_16x16_16x16_8x32x1_8x32x1_1x16x1x16_8_2x2_intrawave_v3,1119.3,1372.1,0.0
gfx950,256,1329,1280,4096,29,0,10.9979,_ZN5aiter41f4gemm_bf16_per1x32Fp4_BpreShuffle_64x128E,1267.11,795.19,0.0
gfx950,256,1329,4096,1024,4,0,9.4935,a4w4_blockscale_256x96x128x128_16x16_16x16_8x32x1_8x32x1_1x32x1x8_8_2x2_intrawave_v3,1174.33,1439.38,0.0
gfx950,256,1330,1280,4096,29,0,11.0291,_ZN5aiter41f4gemm_bf16_per1x32Fp4_BpreShuffle_64x128E,1264.48,793.36,0.0
gfx950,256,1330,4096,1024,4,0,9.3736,a4w4_blockscale_256x96x128x128_16x16_16x16_8x32x1_8x32x1_1x32x1x8_8_2x2_intrawave_v3,1190.24,1458.72,0.0
gfx950,256,1331,9216,4096,50,0,30.2136,_ZN5aiter42f4gemm_bf16_per1x32Fp4_BpreShuffle_192x256E,3325.89,1526.9,0.0
gfx950,256,1332,1280,4096,29,0,10.8637,_ZN5aiter41f4gemm_bf16_per1x32Fp4_BpreShuffle_64x128E,1285.66,806.29,0.0
gfx950,256,1332,4096,1024,13,0,9.1332,a4w4_blockscale_256x96x128x128_16x16_16x16_8x32x1_8x32x1_1x16x1x16_8_2x2_intrawave_v3,1223.41,1499.02,0.0
gfx950,256,1333,1280,4096,29,0,10.9273,_ZN5aiter41f4gemm_bf16_per1x32Fp4_BpreShuffle_64x128E,1279.14,802.02,0.0
gfx950,256,1333,4096,1024,43,0,10.0707,_ZN5aiter42f4gemm_bf16_per1x32Fp4_BpreShuffle_128x256E,1110.35,1360.34,0.0
gfx950,256,1334,1280,4096,29,0,10.9514,_ZN5aiter41f4gemm_bf16_per1x32Fp4_BpreShuffle_64x128E,1277.28,800.67,0.0
gfx950,256,1334,4096,1024,13,0,9.1774,a4w4_blockscale_256x96x128x128_16x16_16x16_8x32x1_8x32x1_1x16x1x16_8_2x2_intrawave_v3,1219.34,1493.7,0.0
gfx950,256,1335,1280,4096,29,0,11.0346,_ZN5aiter41f4gemm_bf16_per1x32Fp4_BpreShuffle_64x128E,1268.6,795.06,0.0
gfx950,256,1335,4096,1024,4,0,9.4235,a4w4_blockscale_256x96x128x128_16x16_16x16_8x32x1_8x32x1_1x32x1x8_8_2x2_intrawave_v3,1188.39,1455.62,0.0
gfx950,256,1336,1280,4096,29,0,10.9694,_ZN5aiter41f4gemm_bf16_per1x32Fp4_BpreShuffle_64x128E,1277.1,800.2,0.0
gfx950,256,1336,4096,1024,4,0,10.0063,a4w4_blockscale_256x96x128x128_16x16_16x16_8x32x1_8x32x1_1x32x1x8_8_2x2_intrawave_v3,1120.01,1371.71,0.0
gfx950,256,1337,1280,4096,29,0,11.008,_ZN5aiter41f4gemm_bf16_per1x32Fp4_BpreShuffle_64x128E,1273.57,797.81,0.0
gfx950,256,1337,4096,1024,49,0,9.9806,_ZN5aiter42f4gemm_bf16_per1x32Fp4_BpreShuffle_192x128E,1123.74,1376.11,0.0
gfx950,256,1339,1280,4096,29,0,10.8893,_ZN5aiter41f4gemm_bf16_per1x32Fp4_BpreShuffle_64x128E,1289.38,807.36,0.0
gfx950,256,1339,4096,1024,4,0,9.8071,a4w4_blockscale_256x96x128x128_16x16_16x16_8x32x1_8x32x1_1x32x1x8_8_2x2_intrawave_v3,1145.33,1402.23,0.0
gfx950,256,1340,1280,4096,29,0,10.8755,_ZN5aiter41f4gemm_bf16_per1x32Fp4_BpreShuffle_64x128E,1291.98,808.81,0.0
gfx950,256,1340,4096,1024,13,0,9.1933,a4w4_blockscale_256x96x128x128_16x16_16x16_8x32x1_8x32x1_1x16x1x16_8_2x2_intrawave_v3,1222.71,1496.8,0.0
gfx950,256,1341,1280,4096,29,0,10.9509,_ZN5aiter41f4gemm_bf16_per1x32Fp4_BpreShuffle_64x128E,1284.04,803.66,0.0
gfx950,256,1341,4096,1024,4,0,9.8819,a4w4_blockscale_256x96x128x128_16x16_16x16_8x32x1_8x32x1_1x32x1x8_8_2x2_intrawave_v3,1138.36,1393.38,0.0
gfx950,256,1342,1280,4096,29,0,10.9883,_ZN5aiter41f4gemm_bf16_per1x32Fp4_BpreShuffle_64x128E,1280.62,801.34,0.0
gfx950,256,1342,4096,1024,13,0,9.1986,a4w4_blockscale_256x96x128x128_16x16_16x16_8x32x1_8x32x1_1x16x1x16_8_2x2_intrawave_v3,1223.83,1497.83,0.0
gfx950,256,1343,1280,4096,29,0,10.9716,_ZN5aiter41f4gemm_bf16_per1x32Fp4_BpreShuffle_64x128E,1283.53,802.98,0.0
gfx950,256,1343,4096,1024,13,0,9.1853,a4w4_blockscale_256x96x128x128_16x16_16x16_8x32x1_8x32x1_1x16x1x16_8_2x2_intrawave_v3,1226.51,1500.94,0.0
gfx950,256,1344,1280,4096,29,0,10.9187,_ZN5aiter41f4gemm_bf16_per1x32Fp4_BpreShuffle_64x128E,1290.71,807.29,0.0
gfx950,256,1344,4096,1024,13,0,10.0023,a4w4_blockscale_256x96x128x128_16x16_16x16_8x32x1_8x32x1_1x16x1x16_8_2x2_intrawave_v3,1127.17,1379.22,0.0
gfx950,256,1345,1280,4096,29,0,10.7563,_ZN5aiter41f4gemm_bf16_per1x32Fp4_BpreShuffle_64x128E,1311.17,819.91,0.0
gfx950,256,1345,4096,1024,49,0,10.1082,_ZN5aiter42f4gemm_bf16_per1x32Fp4_BpreShuffle_192x128E,1116.19,1365.63,0.0
gfx950,256,1346,1280,4096,29,0,10.7878,_ZN5aiter41f4gemm_bf16_per1x32Fp4_BpreShuffle_64x128E,1308.31,817.94,0.0
gfx950,256,1346,4096,1024,13,0,9.8439,a4w4_blockscale_256x96x128x128_16x16_16x16_8x32x1_8x32x1_1x16x1x16_8_2x2_intrawave_v3,1147.01,1403.18,0.0
gfx950,256,1347,1280,4096,29,0,10.7792,_ZN5aiter41f4gemm_bf16_per1x32Fp4_BpreShuffle_64x128E,1310.33,819.02,0.0
gfx950,256,1347,4096,1024,4,0,9.8099,a4w4_blockscale_256x96x128x128_16x16_16x16_8x32x1_8x32x1_1x32x1x8_8_2x2_intrawave_v3,1151.84,1408.93,0.0
gfx950,256,1348,1280,4096,29,0,10.7899,_ZN5aiter41f4gemm_bf16_per1x32Fp4_BpreShuffle_64x128E,1310.0,818.64,0.0
gfx950,256,1348,4096,1024,13,0,9.3219,a4w4_blockscale_256x96x128x128_16x16_16x16_8x32x1_8x32x1_1x16x1x16_8_2x2_intrawave_v3,1213.04,1483.62,0.0
gfx950,256,1349,1280,4096,29,0,10.8395,_ZN5aiter41f4gemm_bf16_per1x32Fp4_BpreShuffle_64x128E,1304.98,815.32,0.0
gfx950,256,1349,4096,1024,4,0,9.837,a4w4_blockscale_256x96x128x128_16x16_16x16_8x32x1_8x32x1_1x32x1x8_8_2x2_intrawave_v3,1150.37,1406.82,0.0
gfx950,256,1350,1280,4096,29,0,10.8286,_ZN5aiter41f4gemm_bf16_per1x32Fp4_BpreShuffle_64x128E,1307.26,816.56,0.0
gfx950,256,1350,4096,1024,13,0,10.2506,a4w4_blockscale_256x96x128x128_16x16_16x16_8x32x1_8x32x1_1x16x1x16_8_2x2_intrawave_v3,1104.78,1350.9,0.0
gfx950,256,1351,1280,4096,29,0,10.8421,_ZN5aiter41f4gemm_bf16_per1x32Fp4_BpreShuffle_64x128E,1306.6,815.97,0.0
gfx950,256,1351,4096,1024,13,0,9.4799,a4w4_blockscale_256x96x128x128_16x16_16x16_8x32x1_8x32x1_1x16x1x16_8_2x2_intrawave_v3,1195.48,1461.65,0.0
gfx950,256,1352,1280,4096,29,0,10.9272,_ZN5aiter41f4gemm_bf16_per1x32Fp4_BpreShuffle_64x128E,1297.38,810.04,0.0
gfx950,256,1352,4096,1024,13,0,9.6087,a4w4_blockscale_256x96x128x128_16x16_16x16_8x32x1_8x32x1_1x16x1x16_8_2x2_intrawave_v3,1180.33,1442.96,0.0
gfx950,256,1353,1280,4096,29,0,10.9061,_ZN5aiter41f4gemm_bf16_per1x32Fp4_BpreShuffle_64x128E,1300.85,812.03,0.0
gfx950,256,1353,4096,1024,13,0,9.7963,a4w4_blockscale_256x96x128x128_16x16_16x16_8x32x1_8x32x1_1x16x1x16_8_2x2_intrawave_v3,1158.58,1416.21,0.0
gfx950,256,1354,1280,4096,29,0,10.7935,_ZN5aiter41f4gemm_bf16_per1x32Fp4_BpreShuffle_64x128E,1315.4,820.93,0.0
gfx950,256,1354,4096,1024,13,0,9.7366,a4w4_blockscale_256x96x128x128_16x16_16x16_8x32x1_8x32x1_1x16x1x16_8_2x2_intrawave_v3,1166.54,1425.79,0.0
gfx950,256,1355,1280,4096,29,0,10.9247,_ZN5aiter41f4gemm_bf16_per1x32Fp4_BpreShuffle_64x128E,1300.56,811.49,0.0
gfx950,256,1355,4096,1024,13,0,9.5629,a4w4_blockscale_256x96x128x128_16x16_16x16_8x32x1_8x32x1_1x16x1x16_8_2x2_intrawave_v3,1188.61,1452.6,0.0
gfx950,256,1356,1280,4096,29,0,10.7824,_ZN5aiter41f4gemm_bf16_per1x32Fp4_BpreShuffle_64x128E,1318.69,822.63,0.0
gfx950,256,1356,4096,1024,4,0,9.8642,a4w4_blockscale_256x96x128x128_16x16_16x16_8x32x1_8x32x1_1x32x1x8_8_2x2_intrawave_v3,1153.16,1409.11,0.0
gfx950,256,1357,1280,4096,29,0,10.9267,_ZN5aiter41f4gemm_bf16_per1x32Fp4_BpreShuffle_64x128E,1302.24,812.18,0.0
gfx950,256,1357,4096,1024,13,0,9.5497,a4w4_blockscale_256x96x128x128_16x16_16x16_8x32x1_8x32x1_1x16x1x16_8_2x2_intrawave_v3,1192.01,1456.43,0.0
gfx950,256,1358,1280,4096,29,0,10.9674,_ZN5aiter41f4gemm_bf16_per1x32Fp4_BpreShuffle_64x128E,1298.36,809.59,0.0
gfx950,256,1358,4096,1024,13,0,9.5357,a4w4_blockscale_256x96x128x128_16x16_16x16_8x32x1_8x32x1_1x16x1x16_8_2x2_intrawave_v3,1194.64,1459.48,0.0
gfx950,256,1359,1280,4096,29,0,10.8136,_ZN5aiter41f4gemm_bf16_per1x32Fp4_BpreShuffle_64x128E,1317.8,821.53,0.0
gfx950,256,1359,4096,1024,13,0,9.8412,a4w4_blockscale_256x96x128x128_16x16_16x16_8x32x1_8x32x1_1x16x1x16_8_2x2_intrawave_v3,1158.41,1415.06,0.0
gfx950,256,1360,1280,4096,29,0,10.8651,_ZN5aiter41f4gemm_bf16_per1x32Fp4_BpreShuffle_64x128E,1312.52,818.06,0.0
gfx950,256,1360,4096,1024,13,0,9.5345,a4w4_blockscale_256x96x128x128_16x16_16x16_8x32x1_8x32x1_1x16x1x16_8_2x2_intrawave_v3,1196.55,1461.49,0.0
gfx950,256,1361,1280,4096,29,0,10.9114,_ZN5aiter41f4gemm_bf16_per1x32Fp4_BpreShuffle_64x128E,1307.91,815.01,0.0
gfx950,256,1361,4096,1024,49,0,9.8629,_ZN5aiter42f4gemm_bf16_per1x32Fp4_BpreShuffle_192x128E,1157.56,1413.71,0.0
gfx950,256,1362,1280,4096,29,0,10.9109,_ZN5aiter41f4gemm_bf16_per1x32Fp4_BpreShuffle_64x128E,1308.93,815.47,0.0
gfx950,256,1362,4096,1024,49,0,9.9575,_ZN5aiter42f4gemm_bf16_per1x32Fp4_BpreShuffle_192x128E,1147.4,1401.15,0.0
gfx950,256,1363,1280,4096,29,0,10.9612,_ZN5aiter41f4gemm_bf16_per1x32Fp4_BpreShuffle_64x128E,1303.88,812.15,0.0
gfx950,256,1363,4096,1024,49,0,9.8358,_ZN5aiter42f4gemm_bf16_per1x32Fp4_BpreShuffle_192x128E,1162.45,1419.38,0.0
gfx950,256,1364,1280,4096,29,0,10.9441,_ZN5aiter41f4gemm_bf16_per1x32Fp4_BpreShuffle_64x128E,1306.88,813.84,0.0
gfx950,256,1364,4096,1024,13,0,9.6807,a4w4_blockscale_256x96x128x128_16x16_16x16_8x32x1_8x32x1_1x16x1x16_8_2x2_intrawave_v3,1181.95,1443.02,0.0
gfx950,256,1365,1280,4096,29,0,10.9446,_ZN5aiter41f4gemm_bf16_per1x32Fp4_BpreShuffle_64x128E,1307.77,814.22,0.0
gfx950,256,1365,4096,1024,13,0,9.8141,a4w4_blockscale_256x96x128x128_16x16_16x16_8x32x1_8x32x1_1x16x1x16_8_2x2_intrawave_v3,1166.73,1424.29,0.0
gfx950,256,1366,1280,4096,29,0,10.8463,_ZN5aiter41f4gemm_bf16_per1x32Fp4_BpreShuffle_64x128E,1320.59,822.03,0.0
gfx950,256,1366,4096,1024,13,0,10.0169,a4w4_blockscale_256x96x128x128_16x16_16x16_8x32x1_8x32x1_1x16x1x16_8_2x2_intrawave_v3,1143.95,1396.32,0.0
gfx950,256,1367,1280,4096,29,0,10.8709,_ZN5aiter41f4gemm_bf16_per1x32Fp4_BpreShuffle_64x128E,1318.57,820.59,0.0
gfx950,256,1367,4096,1024,38,0,9.8695,_ZN5aiter41f4gemm_bf16_per1x32Fp4_BpreShuffle_96x256E,1161.89,1418.06,0.0
gfx950,256,1368,1280,4096,29,0,10.8199,_ZN5aiter41f4gemm_bf16_per1x32Fp4_BpreShuffle_64x128E,1325.75,824.89,0.0
gfx950,256,1368,4096,1024,8,0,10.0471,a4w4_blockscale_256x128x128x128_16x16_16x16_8x32x1_8x32x1_1x32x1x8_8_2x2_intrawave_v3,1142.18,1393.86,0.0
gfx950,256,1369,1280,4096,29,0,10.8843,_ZN5aiter41f4gemm_bf16_per1x32Fp4_BpreShuffle_64x128E,1318.87,820.43,0.0
gfx950,256,1369,4096,1024,38,0,10.0213,_ZN5aiter41f4gemm_bf16_per1x32Fp4_BpreShuffle_96x256E,1145.96,1398.31,0.0
gfx950,256,1370,1280,4096,29,0,10.9371,_ZN5aiter41f4gemm_bf16_per1x32Fp4_BpreShuffle_64x128E,1313.46,816.89,0.0
gfx950,256,1370,4096,1024,13,0,9.6536,a4w4_blockscale_256x96x128x128_16x16_16x16_8x32x1_8x32x1_1x16x1x16_8_2x2_intrawave_v3,1190.48,1452.48,0.0
gfx950,256,1370,9216,4096,54,0,32.4508,_ZN5aiter42f4gemm_bf16_per1x32Fp4_BpreShuffle_256x256E,3187.33,1446.25,0.0
gfx950,256,1371,1280,4096,29,0,10.906,_ZN5aiter41f4gemm_bf16_per1x32Fp4_BpreShuffle_64x128E,1318.17,819.64,0.0
gfx950,256,1371,4096,1024,13,0,9.5861,a4w4_blockscale_256x96x128x128_16x16_16x16_8x32x1_8x32x1_1x16x1x16_8_2x2_intrawave_v3,1199.74,1463.61,0.0
gfx950,256,1372,1280,4096,29,0,10.7728,_ZN5aiter41f4gemm_bf16_per1x32Fp4_BpreShuffle_64x128E,1335.44,830.2,0.0
gfx950,256,1372,4096,1024,49,0,10.1389,_ZN5aiter42f4gemm_bf16_per1x32Fp4_BpreShuffle_192x128E,1135.15,1384.67,0.0
gfx950,256,1373,1280,4096,29,0,10.7505,_ZN5aiter41f4gemm_bf16_per1x32Fp4_BpreShuffle_64x128E,1339.19,832.35,0.0
gfx950,256,1373,4096,1024,4,0,9.8628,a4w4_blockscale_256x96x128x128_16x16_16x16_8x32x1_8x32x1_1x32x1x8_8_2x2_intrawave_v3,1167.78,1424.32,0.0
gfx950,256,1374,1280,4096,29,0,10.9038,_ZN5aiter41f4gemm_bf16_per1x32Fp4_BpreShuffle_64x128E,1321.32,821.07,0.0
gfx950,256,1374,4096,1024,13,0,9.1431,a4w4_blockscale_256x96x128x128_16x16_16x16_8x32x1_8x32x1_1x16x1x16_8_2x2_intrawave_v3,1260.62,1537.38,0.0
gfx950,256,1375,1280,4096,29,0,10.8027,_ZN5aiter41f4gemm_bf16_per1x32Fp4_BpreShuffle_64x128E,1334.66,829.19,0.0
gfx950,256,1375,4096,1024,38,0,9.9656,_ZN5aiter41f4gemm_bf16_per1x32Fp4_BpreShuffle_96x256E,1157.42,1411.37,0.0
gfx950,256,1376,1280,4096,29,0,10.8868,_ZN5aiter41f4gemm_bf16_per1x32Fp4_BpreShuffle_64x128E,1325.31,823.2,0.0
gfx950,256,1376,4096,1024,49,0,10.3183,_ZN5aiter42f4gemm_bf16_per1x32Fp4_BpreShuffle_192x128E,1118.67,1363.97,0.0
gfx950,256,1377,1280,4096,29,0,10.8338,_ZN5aiter41f4gemm_bf16_per1x32Fp4_BpreShuffle_64x128E,1332.76,827.66,0.0
gfx950,256,1377,4096,1024,13,0,10.0881,a4w4_blockscale_256x96x128x128_16x16_16x16_8x32x1_8x32x1_1x16x1x16_8_2x2_intrawave_v3,1145.02,1395.96,0.0
gfx950,256,1378,1280,4096,29,0,10.8198,_ZN5aiter41f4gemm_bf16_per1x32Fp4_BpreShuffle_64x128E,1335.46,829.15,0.0
gfx950,256,1378,4096,1024,4,0,9.9026,a4w4_blockscale_256x96x128x128_16x16_16x16_8x32x1_8x32x1_1x32x1x8_8_2x2_intrawave_v3,1167.32,1422.99,0.0
gfx950,256,1379,1280,4096,29,0,10.8629,_ZN5aiter41f4gemm_bf16_per1x32Fp4_BpreShuffle_64x128E,1331.12,826.29,0.0
gfx950,256,1379,4096,1024,49,0,9.8467,_ZN5aiter42f4gemm_bf16_per1x32Fp4_BpreShuffle_192x128E,1174.8,1431.95,0.0
gfx950,256,1380,1280,4096,29,0,10.833,_ZN5aiter41f4gemm_bf16_per1x32Fp4_BpreShuffle_64x128E,1335.77,828.99,0.0
gfx950,256,1380,4096,1024,4,0,9.8151,a4w4_blockscale_256x96x128x128_16x16_16x16_8x32x1_8x32x1_1x32x1x8_8_2x2_intrawave_v3,1179.44,1437.45,0.0
gfx950,256,1381,1280,4096,29,0,10.8282,_ZN5aiter41f4gemm_bf16_per1x32Fp4_BpreShuffle_64x128E,1337.33,829.79,0.0
gfx950,256,1381,4096,1024,13,0,10.0114,a4w4_blockscale_256x96x128x128_16x16_16x16_8x32x1_8x32x1_1x16x1x16_8_2x2_intrawave_v3,1157.15,1410.13,0.0
gfx950,256,1382,1280,4096,29,0,10.8666,_ZN5aiter41f4gemm_bf16_per1x32Fp4_BpreShuffle_64x128E,1333.57,827.28,0.0
gfx950,256,1382,4096,1024,13,0,9.9759,a4w4_blockscale_256x96x128x128_16x16_16x16_8x32x1_8x32x1_1x16x1x16_8_2x2_intrawave_v3,1162.11,1416.02,0.0
gfx950,256,1382,9216,4096,54,0,31.7716,_ZN5aiter42f4gemm_bf16_per1x32Fp4_BpreShuffle_256x256E,3283.99,1484.9,0.0
gfx950,256,1383,1280,4096,29,0,10.902,_ZN5aiter41f4gemm_bf16_per1x32Fp4_BpreShuffle_64x128E,1330.2,825.01,0.0
gfx950,256,1383,4096,1024,4,0,9.8111,a4w4_blockscale_256x96x128x128_16x16_16x16_8x32x1_8x32x1_1x32x1x8_8_2x2_intrawave_v3,1182.48,1440.69,0.0
gfx950,256,1384,1280,4096,29,0,11.0039,_ZN5aiter41f4gemm_bf16_per1x32Fp4_BpreShuffle_64x128E,1318.83,817.79,0.0
gfx950,256,1384,4096,1024,13,0,9.9398,a4w4_blockscale_256x96x128x128_16x16_16x16_8x32x1_8x32x1_1x16x1x16_8_2x2_intrawave_v3,1168.01,1422.91,0.0
gfx950,256,1384,9216,4096,54,0,32.7972,_ZN5aiter42f4gemm_bf16_per1x32Fp4_BpreShuffle_256x256E,3185.9,1439.72,0.0
gfx950,256,1385,1280,4096,29,0,10.9114,_ZN5aiter41f4gemm_bf16_per1x32Fp4_BpreShuffle_64x128E,1330.97,825.15,0.0
gfx950,256,1385,4096,1024,8,0,10.1827,a4w4_blockscale_256x128x128x128_16x16_16x16_8x32x1_8x32x1_1x32x1x8_8_2x2_intrawave_v3,1140.98,1389.83,0.0
gfx950,256,1385,9216,4096,54,0,31.7552,_ZN5aiter42f4gemm_bf16_per1x32Fp4_BpreShuffle_256x256E,3292.81,1487.6,0.0
gfx950,256,1386,1280,4096,29,0,11.0479,_ZN5aiter41f4gemm_bf16_per1x32Fp4_BpreShuffle_64x128E,1315.48,815.37,0.0
gfx950,256,1386,4096,1024,4,0,9.8874,a4w4_blockscale_256x96x128x128_16x16_16x16_8x32x1_8x32x1_1x32x1x8_8_2x2_intrawave_v3,1175.9,1432.22,0.0
gfx950,256,1386,9216,4096,54,0,33.234,_ZN5aiter42f4gemm_bf16_per1x32Fp4_BpreShuffle_256x256E,3148.57,1422.03,0.0
gfx950,256,1387,1280,4096,29,0,11.0712,_ZN5aiter41f4gemm_bf16_per1x32Fp4_BpreShuffle_64x128E,1313.66,814.07,0.0
gfx950,256,1387,4096,1024,13,0,9.9071,a4w4_blockscale_256x96x128x128_16x16_16x16_8x32x1_8x32x1_1x16x1x16_8_2x2_intrawave_v3,1174.41,1430.25,0.0
gfx950,256,1387,9216,4096,54,0,32.4112,_ZN5aiter42f4gemm_bf16_per1x32Fp4_BpreShuffle_256x256E,3230.83,1458.76,0.0
gfx950,256,1388,1280,4096,29,0,11.0507,_ZN5aiter41f4gemm_bf16_per1x32Fp4_BpreShuffle_64x128E,1317.04,816.0,0.0
gfx950,256,1388,4096,1024,49,0,9.9477,_ZN5aiter42f4gemm_bf16_per1x32Fp4_BpreShuffle_192x128E,1170.46,1425.28,0.0
gfx950,256,1389,1280,4096,29,0,10.9196,_ZN5aiter41f4gemm_bf16_per1x32Fp4_BpreShuffle_64x128E,1333.81,826.22,0.0
gfx950,256,1389,4096,1024,13,0,9.5787,a4w4_blockscale_256x96x128x128_16x16_16x16_8x32x1_8x32x1_1x16x1x16_8_2x2_intrawave_v3,1216.43,1481.1,0.0
gfx950,256,1389,9216,4096,54,0,32.3588,_ZN5aiter42f4gemm_bf16_per1x32Fp4_BpreShuffle_256x256E,3240.73,1462.39,0.0
gfx950,256,1390,1280,4096,29,0,10.9676,_ZN5aiter41f4gemm_bf16_per1x32Fp4_BpreShuffle_64x128E,1328.93,823.02,0.0
gfx950,256,1390,4096,1024,49,0,9.8709,_ZN5aiter42f4gemm_bf16_per1x32Fp4_BpreShuffle_192x128E,1181.27,1438.14,0.0
gfx950,256,1390,9216,4096,54,0,32.6768,_ZN5aiter42f4gemm_bf16_per1x32Fp4_BpreShuffle_256x256E,3211.5,1448.78,0.0
gfx950,256,1392,1280,4096,29,0,11.0852,_ZN5aiter41f4gemm_bf16_per1x32Fp4_BpreShuffle_64x128E,1316.73,815.12,0.0
gfx950,256,1392,4096,1024,4,0,9.9453,a4w4_blockscale_256x96x128x128_16x16_16x16_8x32x1_8x32x1_1x32x1x8_8_2x2_intrawave_v3,1174.12,1429.13,0.0
gfx950,256,1392,9216,4096,54,0,30.9512,_ZN5aiter42f4gemm_bf16_per1x32Fp4_BpreShuffle_256x256E,3395.43,1530.88,0.0
gfx950,256,1393,1280,4096,29,0,10.8966,_ZN5aiter41f4gemm_bf16_per1x32Fp4_BpreShuffle_64x128E,1340.48,829.65,0.0
gfx950,256,1393,4096,1024,49,0,9.8771,_ZN5aiter42f4gemm_bf16_per1x32Fp4_BpreShuffle_192x128E,1183.07,1439.88,0.0
gfx950,256,1393,9216,4096,48,0,32.8392,_ZN5aiter42f4gemm_bf16_per1x32Fp4_BpreShuffle_160x384E,3202.51,1443.49,0.0
gfx950,256,1394,1280,4096,29,0,11.004,_ZN5aiter41f4gemm_bf16_per1x32Fp4_BpreShuffle_64x128E,1328.35,821.97,0.0
gfx950,256,1394,4096,1024,38,0,10.0771,_ZN5aiter41f4gemm_bf16_per1x32Fp4_BpreShuffle_96x256E,1160.43,1412.17,0.0
gfx950,256,1395,1280,4096,29,0,11.0181,_ZN5aiter41f4gemm_bf16_per1x32Fp4_BpreShuffle_64x128E,1327.6,821.34,0.0
gfx950,256,1395,4096,1024,13,0,9.5964,a4w4_blockscale_256x96x128x128_16x16_16x16_8x32x1_8x32x1_1x16x1x16_8_2x2_intrawave_v3,1219.43,1483.81,0.0
gfx950,256,1395,9216,4096,54,0,31.2726,_ZN5aiter42f4gemm_bf16_per1x32Fp4_BpreShuffle_256x256E,3367.77,1517.11,0.0
gfx950,256,1396,1280,4096,29,0,11.0913,_ZN5aiter41f4gemm_bf16_per1x32Fp4_BpreShuffle_64x128E,1319.78,816.33,0.0
gfx950,256,1396,4096,1024,4,0,9.9347,a4w4_blockscale_256x96x128x128_16x16_16x16_8x32x1_8x32x1_1x32x1x8_8_2x2_intrawave_v3,1178.75,1434.16,0.0
gfx950,256,1396,9216,4096,54,0,32.48,_ZN5aiter42f4gemm_bf16_per1x32Fp4_BpreShuffle_256x256E,3244.9,1461.34,0.0
gfx950,256,1397,1280,4096,29,0,11.0823,_ZN5aiter41f4gemm_bf16_per1x32Fp4_BpreShuffle_64x128E,1321.8,817.41,0.0
gfx950,256,1397,4096,1024,4,0,9.8569,a4w4_blockscale_256x96x128x128_16x16_16x16_8x32x1_8x32x1_1x32x1x8_8_2x2_intrawave_v3,1188.9,1446.36,0.0
gfx950,256,1397,9216,4096,54,0,31.2836,_ZN5aiter42f4gemm_bf16_per1x32Fp4_BpreShuffle_256x256E,3371.41,1517.89,0.0
gfx950,256,1398,1280,4096,29,0,10.9277,_ZN5aiter41f4gemm_bf16_per1x32Fp4_BpreShuffle_64x128E,1341.46,829.4,0.0
gfx950,256,1398,4096,1024,13,0,9.9412,a4w4_blockscale_256x96x128x128_16x16_16x16_8x32x1_8x32x1_1x16x1x16_8_2x2_intrawave_v3,1179.66,1434.97,0.0
gfx950,256,1399,9216,4096,54,0,32.9893,_ZN5aiter42f4gemm_bf16_per1x32Fp4_BpreShuffle_256x256E,3201.67,1440.65,0.0
gfx950,256,1400,1280,4096,29,0,11.0771,_ZN5aiter41f4gemm_bf16_per1x32Fp4_BpreShuffle_64x128E,1325.26,819.04,0.0
gfx950,256,1400,4096,1024,13,0,9.5758,a4w4_blockscale_256x96x128x128_16x16_16x16_8x32x1_8x32x1_1x16x1x16_8_2x2_intrawave_v3,1226.43,1491.55,0.0
gfx950,256,1402,1280,4096,29,0,11.0327,_ZN5aiter41f4gemm_bf16_per1x32Fp4_BpreShuffle_64x128E,1332.5,823.18,0.0
gfx950,256,1402,4096,1024,49,0,9.9021,_ZN5aiter42f4gemm_bf16_per1x32Fp4_BpreShuffle_192x128E,1187.71,1444.15,0.0
gfx950,256,1403,1280,4096,29,0,11.0716,_ZN5aiter41f4gemm_bf16_per1x32Fp4_BpreShuffle_64x128E,1328.76,820.7,0.0
gfx950,256,1403,4096,1024,8,0,10.1187,a4w4_blockscale_256x128x128x128_16x16_16x16_8x32x1_8x32x1_1x32x1x8_8_2x2_intrawave_v3,1163.12,1414.1,0.0
gfx950,256,1403,9216,4096,54,0,33.0148,_ZN5aiter42f4gemm_bf16_per1x32Fp4_BpreShuffle_256x256E,3208.35,1442.01,0.0
gfx950,256,1404,1280,4096,29,0,10.9855,_ZN5aiter41f4gemm_bf16_per1x32Fp4_BpreShuffle_64x128E,1340.13,827.55,0.0
gfx950,256,1404,4096,1024,13,0,10.082,a4w4_blockscale_256x96x128x128_16x16_16x16_8x32x1_8x32x1_1x16x1x16_8_2x2_intrawave_v3,1168.18,1420.11,0.0
gfx950,256,1406,1280,4096,29,0,10.9595,_ZN5aiter41f4gemm_bf16_per1x32Fp4_BpreShuffle_64x128E,1345.22,830.36,0.0
gfx950,256,1406,4096,1024,4,0,9.8898,a4w4_blockscale_256x96x128x128_16x16_16x16_8x32x1_8x32x1_1x32x1x8_8_2x2_intrawave_v3,1192.58,1449.47,0.0
gfx950,256,1407,1280,4096,29,0,11.0096,_ZN5aiter41f4gemm_bf16_per1x32Fp4_BpreShuffle_64x128E,1340.05,827.0,0.0
gfx950,256,1407,4096,1024,8,0,10.1326,a4w4_blockscale_256x128x128x128_16x16_16x16_8x32x1_8x32x1_1x32x1x8_8_2x2_intrawave_v3,1164.83,1415.6,0.0
gfx950,256,1407,9216,4096,54,0,32.3712,_ZN5aiter42f4gemm_bf16_per1x32Fp4_BpreShuffle_256x256E,3281.46,1473.21,0.0
gfx950,256,1408,1280,4096,29,0,10.9487,_ZN5aiter41f4gemm_bf16_per1x32Fp4_BpreShuffle_64x128E,1348.47,832.02,0.0
gfx950,256,1408,4096,1024,13,0,10.0067,a4w4_blockscale_256x96x128x128_16x16_16x16_8x32x1_8x32x1_1x16x1x16_8_2x2_intrawave_v3,1180.33,1434.28,0.0
gfx950,256,1408,9216,4096,54,0,32.2348,_ZN5aiter42f4gemm_bf16_per1x32Fp4_BpreShuffle_256x256E,3297.69,1480.08,0.0
gfx950,256,1409,9216,4096,54,0,33.1388,_ZN5aiter42f4gemm_bf16_per1x32Fp4_BpreShuffle_256x256E,3210.01,1440.33,0.0
gfx950,256,1410,1280,4096,29,0,10.9203,_ZN5aiter41f4gemm_bf16_per1x32Fp4_BpreShuffle_64x128E,1353.89,835.02,0.0
gfx950,256,1410,4096,1024,4,0,9.8557,a4w4_blockscale_256x96x128x128_16x16_16x16_8x32x1_8x32x1_1x32x1x8_8_2x2_intrawave_v3,1200.11,1458.02,0.0
gfx950,256,1410,9216,4096,54,0,33.0592,_ZN5aiter42f4gemm_bf16_per1x32Fp4_BpreShuffle_256x256E,3220.02,1444.41,0.0
gfx950,256,1411,1280,4096,29,0,10.9704,_ZN5aiter41f4gemm_bf16_per1x32Fp4_BpreShuffle_64x128E,1348.67,831.63,0.0
gfx950,256,1411,4096,1024,13,0,9.9276,a4w4_blockscale_256x96x128x128_16x16_16x16_8x32x1_8x32x1_1x16x1x16_8_2x2_intrawave_v3,1192.26,1448.34,0.0
gfx950,256,1411,9216,4096,54,0,32.0832,_ZN5aiter42f4gemm_bf16_per1x32Fp4_BpreShuffle_256x256E,3320.33,1488.99,0.0
gfx950,256,1412,1280,4096,29,0,10.9481,_ZN5aiter41f4gemm_bf16_per1x32Fp4_BpreShuffle_64x128E,1352.37,833.75,0.0
gfx950,256,1412,4096,1024,4,0,9.826,a4w4_blockscale_256x96x128x128_16x16_16x16_8x32x1_8x32x1_1x32x1x8_8_2x2_intrawave_v3,1205.45,1464.2,0.0
gfx950,256,1412,9216,4096,54,0,32.6352,_ZN5aiter42f4gemm_bf16_per1x32Fp4_BpreShuffle_256x256E,3266.49,1464.43,0.0
gfx950,256,1413,1280,4096,29,0,10.8289,_ZN5aiter41f4gemm_bf16_per1x32Fp4_BpreShuffle_64x128E,1368.23,843.35,0.0
gfx950,256,1413,4096,1024,13,0,9.7685,a4w4_blockscale_256x96x128x128_16x16_16x16_8x32x1_8x32x1_1x16x1x16_8_2x2_intrawave_v3,1213.4,1473.71,0.0
gfx950,256,1413,9216,4096,54,0,32.5912,_ZN5aiter42f4gemm_bf16_per1x32Fp4_BpreShuffle_256x256E,3273.21,1467.04,0.0
gfx950,256,1414,1280,4096,29,0,10.9563,_ZN5aiter41f4gemm_bf16_per1x32Fp4_BpreShuffle_64x128E,1353.27,833.96,0.0
gfx950,256,1414,4096,1024,13,0,9.6068,a4w4_blockscale_256x96x128x128_16x16_16x16_8x32x1_8x32x1_1x16x1x16_8_2x2_intrawave_v3,1234.7,1499.42,0.0
gfx950,256,1415,1280,4096,29,0,10.8267,_ZN5aiter41f4gemm_bf16_per1x32Fp4_BpreShuffle_64x128E,1370.44,844.37,0.0
gfx950,256,1415,4096,1024,13,0,9.8239,a4w4_blockscale_256x96x128x128_16x16_16x16_8x32x1_8x32x1_1x16x1x16_8_2x2_intrawave_v3,1208.27,1467.17,0.0
gfx950,256,1415,9216,4096,54,0,31.1394,_ZN5aiter42f4gemm_bf16_per1x32Fp4_BpreShuffle_256x256E,3430.67,1536.75,0.0
gfx950,256,1416,1280,4096,29,0,10.9701,_ZN5aiter41f4gemm_bf16_per1x32Fp4_BpreShuffle_64x128E,1353.48,833.75,0.0
gfx950,256,1416,4096,1024,4,0,9.8141,a4w4_blockscale_256x96x128x128_16x16_16x16_8x32x1_8x32x1_1x32x1x8_8_2x2_intrawave_v3,1210.33,1469.52,0.0
gfx950,256,1417,1280,4096,29,0,10.8739,_ZN5aiter41f4gemm_bf16_per1x32Fp4_BpreShuffle_64x128E,1366.42,841.55,0.0
gfx950,256,1417,4096,1024,13,0,9.771,a4w4_blockscale_256x96x128x128_16x16_16x16_8x32x1_8x32x1_1x16x1x16_8_2x2_intrawave_v3,1216.52,1476.89,0.0
gfx950,256,1418,1280,4096,29,0,11.0262,_ZN5aiter41f4gemm_bf16_per1x32Fp4_BpreShuffle_64x128E,1348.5,830.35,0.0
gfx950,256,1418,4096,1024,13,0,9.5945,a4w4_blockscale_256x96x128x128_16x16_16x16_8x32x1_8x32x1_1x16x1x16_8_2x2_intrawave_v3,1239.78,1504.97,0.0
gfx950,256,1418,9216,4096,54,0,31.6996,_ZN5aiter42f4gemm_bf16_per1x32Fp4_BpreShuffle_256x256E,3377.19,1511.53,0.0
gfx950,256,1419,1280,4096,29,0,10.9431,_ZN5aiter41f4gemm_bf16_per1x32Fp4_BpreShuffle_64x128E,1359.7,837.07,0.0
gfx950,256,1419,4096,1024,13,0,9.9957,a4w4_blockscale_256x96x128x128_16x16_16x16_8x32x1_8x32x1_1x16x1x16_8_2x2_intrawave_v3,1190.86,1445.43,0.0
gfx950,256,1419,9216,4096,54,0,33.6244,_ZN5aiter42f4gemm_bf16_per1x32Fp4_BpreShuffle_256x256E,3186.11,1425.62,0.0
gfx950,256,1420,1280,4096,29,0,11.0096,_ZN5aiter41f4gemm_bf16_per1x32Fp4_BpreShuffle_64x128E,1352.44,832.44,0.0
gfx950,256,1420,4096,1024,4,0,9.9224,a4w4_blockscale_256x96x128x128_16x16_16x16_8x32x1_8x32x1_1x32x1x8_8_2x2_intrawave_v3,1200.5,1456.99,0.0
gfx950,256,1420,9216,4096,54,0,32.3264,_ZN5aiter42f4gemm_bf16_per1x32Fp4_BpreShuffle_256x256E,3316.37,1483.49,0.0
gfx950,256,1421,1280,4096,29,0,10.9635,_ZN5aiter41f4gemm_bf16_per1x32Fp4_BpreShuffle_64x128E,1359.08,836.36,0.0
gfx950,256,1421,4096,1024,13,0,9.6272,a4w4_blockscale_256x96x128x128_16x16_16x16_8x32x1_8x32x1_1x16x1x16_8_2x2_intrawave_v3,1238.18,1502.57,0.0
gfx950,256,1421,9216,4096,54,0,31.5497,_ZN5aiter42f4gemm_bf16_per1x32Fp4_BpreShuffle_256x256E,3400.41,1520.66,0.0
gfx950,256,1422,1280,4096,29,0,10.9799,_ZN5aiter41f4gemm_bf16_per1x32Fp4_BpreShuffle_64x128E,1358.0,835.53,0.0
gfx950,256,1422,4096,1024,13,0,9.661,a4w4_blockscale_256x96x128x128_16x16_16x16_8x32x1_8x32x1_1x16x1x16_8_2x2_intrawave_v3,1234.72,1498.21,0.0
gfx950,256,1422,9216,4096,54,0,32.2056,_ZN5aiter42f4gemm_bf16_per1x32Fp4_BpreShuffle_256x256E,3333.5,1490.33,0.0
gfx950,256,1423,1280,4096,29,0,11.0227,_ZN5aiter41f4gemm_bf16_per1x32Fp4_BpreShuffle_64x128E,1353.68,832.7,0.0
gfx950,256,1423,4096,1024,49,0,9.9961,_ZN5aiter42f4gemm_bf16_per1x32Fp4_BpreShuffle_192x128E,1194.16,1448.86,0.0
gfx950,256,1424,1280,4096,29,0,11.0158,_ZN5aiter41f4gemm_bf16_per1x32Fp4_BpreShuffle_64x128E,1355.48,833.64,0.0
gfx950,256,1424,4096,1024,13,0,9.7852,a4w4_blockscale_256x96x128x128_16x16_16x16_8x32x1_8x32x1_1x16x1x16_8_2x2_intrawave_v3,1220.76,1480.98,0.0
gfx950,256,1424,9216,4096,54,0,31.8122,_ZN5aiter42f4gemm_bf16_per1x32Fp4_BpreShuffle_256x256E,3379.47,1510.05,0.0
gfx950,256,1425,1280,4096,29,0,11.0305,_ZN5aiter41f4gemm_bf16_per1x32Fp4_BpreShuffle_64x128E,1354.63,832.95,0.0
gfx950,256,1425,4096,1024,49,0,10.0997,_ZN5aiter42f4gemm_bf16_per1x32Fp4_BpreShuffle_192x128E,1183.58,1435.72,0.0
gfx950,256,1425,4608,4096,51,0,20.6714,_ZN5aiter42f4gemm_bf16_per1x32Fp4_BpreShuffle_224x128E,2602.24,1233.03,0.0
gfx950,256,1425,9216,4096,54,0,32.0836,_ZN5aiter42f4gemm_bf16_per1x32Fp4_BpreShuffle_256x256E,3353.24,1497.91,0.0
gfx950,256,1426,1280,4096,29,0,11.0231,_ZN5aiter41f4gemm_bf16_per1x32Fp4_BpreShuffle_64x128E,1356.49,833.93,0.0
gfx950,256,1426,4096,1024,4,0,9.9215,a4w4_blockscale_256x96x128x128_16x16_16x16_8x32x1_8x32x1_1x32x1x8_8_2x2_intrawave_v3,1205.68,1462.39,0.0
gfx950,256,1427,1280,4096,29,0,11.0135,_ZN5aiter41f4gemm_bf16_per1x32Fp4_BpreShuffle_64x128E,1358.62,835.07,0.0
gfx950,256,1427,4096,1024,13,0,10.0095,a4w4_blockscale_256x96x128x128_16x16_16x16_8x32x1_8x32x1_1x16x1x16_8_2x2_intrawave_v3,1195.92,1450.4,0.0
gfx950,256,1427,9216,4096,54,0,32.6556,_ZN5aiter42f4gemm_bf16_per1x32Fp4_BpreShuffle_256x256E,3299.12,1472.93,0.0
gfx950,256,1428,1280,4096,29,0,11.0427,_ZN5aiter41f4gemm_bf16_per1x32Fp4_BpreShuffle_64x128E,1355.98,833.28,0.0
gfx950,256,1428,4096,1024,13,0,9.7907,a4w4_blockscale_256x96x128x128_16x16_16x16_8x32x1_8x32x1_1x16x1x16_8_2x2_intrawave_v3,1223.5,1483.7,0.0
gfx950,256,1429,1280,4096,29,0,11.0311,_ZN5aiter41f4gemm_bf16_per1x32Fp4_BpreShuffle_64x128E,1358.36,834.57,0.0
gfx950,256,1429,4096,1024,13,0,9.6085,a4w4_blockscale_256x96x128x128_16x16_16x16_8x32x1_8x32x1_1x16x1x16_8_2x2_intrawave_v3,1247.57,1512.74,0.0
gfx950,256,1429,9216,4096,48,0,33.22,_ZN5aiter42f4gemm_bf16_per1x32Fp4_BpreShuffle_160x384E,3247.62,1449.14,0.0
gfx950,256,1430,1280,4096,29,0,10.9863,_ZN5aiter41f4gemm_bf16_per1x32Fp4_BpreShuffle_64x128E,1364.85,838.4,0.0
gfx950,256,1430,4096,1024,13,0,10.0947,a4w4_blockscale_256x96x128x128_16x16_16x16_8x32x1_8x32x1_1x16x1x16_8_2x2_intrawave_v3,1188.32,1440.74,0.0
gfx950,256,1431,1280,4096,29,0,11.0166,_ZN5aiter41f4gemm_bf16_per1x32Fp4_BpreShuffle_64x128E,1362.05,836.51,0.0
gfx950,256,1431,4096,1024,13,0,9.6339,a4w4_blockscale_256x96x128x128_16x16_16x16_8x32x1_8x32x1_1x16x1x16_8_2x2_intrawave_v3,1246.03,1510.56,0.0
gfx950,256,1431,9216,4096,54,0,32.108,_ZN5aiter42f4gemm_bf16_per1x32Fp4_BpreShuffle_256x256E,3364.8,1500.6,0.0
gfx950,256,1432,1280,4096,29,0,10.9995,_ZN5aiter41f4gemm_bf16_per1x32Fp4_BpreShuffle_64x128E,1365.12,838.23,0.0
gfx950,256,1432,4096,1024,13,0,9.809,a4w4_blockscale_256x96x128x128_16x16_16x16_8x32x1_8x32x1_1x16x1x16_8_2x2_intrawave_v3,1224.64,1484.48,0.0
gfx950,256,1433,1280,4096,29,0,10.9498,_ZN5aiter41f4gemm_bf16_per1x32Fp4_BpreShuffle_64x128E,1372.27,842.45,0.0
gfx950,256,1433,4096,1024,13,0,9.5656,a4w4_blockscale_256x96x128x128_16x16_16x16_8x32x1_8x32x1_1x16x1x16_8_2x2_intrawave_v3,1256.68,1523.16,0.0
gfx950,256,1433,9216,4096,54,0,33.188,_ZN5aiter42f4gemm_bf16_per1x32Fp4_BpreShuffle_256x256E,3259.85,1453.0,0.0
gfx950,256,1434,1280,4096,29,0,11.0101,_ZN5aiter41f4gemm_bf16_per1x32Fp4_BpreShuffle_64x128E,1365.71,838.26,0.0
gfx950,256,1434,4096,1024,13,0,9.6259,a4w4_blockscale_256x96x128x128_16x16_16x16_8x32x1_8x32x1_1x16x1x16_8_2x2_intrawave_v3,1249.68,1514.53,0.0
gfx950,256,1436,9216,4096,54,0,32.0303,_ZN5aiter42f4gemm_bf16_per1x32Fp4_BpreShuffle_256x256E,3384.74,1507.44,0.0
gfx950,256,1437,9216,4096,54,0,33.5436,_ZN5aiter42f4gemm_bf16_per1x32Fp4_BpreShuffle_256x256E,3234.29,1440.04,0.0
gfx950,256,1438,1280,4096,29,0,10.8957,_ZN5aiter41f4gemm_bf16_per1x32Fp4_BpreShuffle_64x128E,1383.9,848.75,0.0
gfx950,256,1438,4096,1024,4,0,9.9406,a4w4_blockscale_256x96x128x128_16x16_16x16_8x32x1_8x32x1_1x32x1x8_8_2x2_intrawave_v3,1213.49,1470.08,0.0
gfx950,256,1438,9216,4096,54,0,32.1788,_ZN5aiter42f4gemm_bf16_per1x32Fp4_BpreShuffle_256x256E,3373.82,1501.75,0.0
gfx950,256,1440,1280,4096,29,0,10.9526,_ZN5aiter41f4gemm_bf16_per1x32Fp4_BpreShuffle_64x128E,1378.62,845.18,0.0
gfx950,256,1440,4096,1024,13,0,9.2467,a4w4_blockscale_256x96x128x128_16x16_16x16_8x32x1_8x32x1_1x16x1x16_8_2x2_intrawave_v3,1306.37,1582.28,0.0
gfx950,256,1441,1280,4096,29,0,10.8898,_ZN5aiter41f4gemm_bf16_per1x32Fp4_BpreShuffle_64x128E,1387.54,850.48,0.0
gfx950,256,1441,4096,1024,12,0,10.2545,a4w4_blockscale_256x64x128x128_16x16_16x16_8x32x1_8x32x1_1x16x1x16_8_2x2_intrawave_v3,1178.8,1427.63,0.0
gfx950,256,1441,9216,4096,54,0,33.4052,_ZN5aiter42f4gemm_bf16_per1x32Fp4_BpreShuffle_256x256E,3256.73,1448.46,0.0
gfx950,256,1442,1280,4096,29,0,10.9723,_ZN5aiter41f4gemm_bf16_per1x32Fp4_BpreShuffle_64x128E,1378.06,844.51,0.0
gfx950,256,1442,4096,1024,13,0,9.7777,a4w4_blockscale_256x96x128x128_16x16_16x16_8x32x1_8x32x1_1x16x1x16_8_2x2_intrawave_v3,1237.14,1498.14,0.0
gfx950,256,1443,1280,4096,29,0,11.0367,_ZN5aiter41f4gemm_bf16_per1x32Fp4_BpreShuffle_64x128E,1370.97,840.0,0.0
gfx950,256,1443,4096,1024,38,0,10.1603,_ZN5aiter41f4gemm_bf16_per1x32Fp4_BpreShuffle_96x256E,1191.38,1442.58,0.0
gfx950,256,1443,9216,4096,52,0,33.2608,_ZN5aiter42f4gemm_bf16_per1x32Fp4_BpreShuffle_224x256E,3275.41,1455.98,0.0
gfx950,256,1444,9216,4096,54,0,32.67,_ZN5aiter42f4gemm_bf16_per1x32Fp4_BpreShuffle_256x256E,3336.96,1482.94,0.0
gfx950,256,1445,9216,4096,48,0,33.3176,_ZN5aiter42f4gemm_bf16_per1x32Fp4_BpreShuffle_160x384E,3274.36,1454.73,0.0
gfx950,256,1446,9216,4096,54,0,33.0876,_ZN5aiter42f4gemm_bf16_per1x32Fp4_BpreShuffle_256x256E,3299.4,1465.46,0.0
gfx950,256,1447,1280,4096,29,0,11.0545,_ZN5aiter41f4gemm_bf16_per1x32Fp4_BpreShuffle_64x128E,1372.55,840.31,0.0
gfx950,256,1447,4096,1024,49,0,10.1023,_ZN5aiter42f4gemm_bf16_per1x32Fp4_BpreShuffle_192x128E,1201.54,1454.31,0.0
gfx950,256,1448,1280,4096,29,0,11.0161,_ZN5aiter41f4gemm_bf16_per1x32Fp4_BpreShuffle_64x128E,1378.29,843.66,0.0
gfx950,256,1448,4096,1024,13,0,9.8105,a4w4_blockscale_256x96x128x128_16x16_16x16_8x32x1_8x32x1_1x16x1x16_8_2x2_intrawave_v3,1238.13,1498.45,0.0
gfx950,256,1449,1280,4096,29,0,10.9344,_ZN5aiter41f4gemm_bf16_per1x32Fp4_BpreShuffle_64x128E,1389.55,850.38,0.0
gfx950,256,1449,4096,1024,49,0,10.0133,_ZN5aiter42f4gemm_bf16_per1x32Fp4_BpreShuffle_192x128E,1213.89,1468.97,0.0
gfx950,256,1449,9216,4096,54,0,31.9836,_ZN5aiter42f4gemm_bf16_per1x32Fp4_BpreShuffle_256x256E,3420.37,1517.96,0.0
gfx950,256,1450,1280,4096,29,0,11.0134,_ZN5aiter41f4gemm_bf16_per1x32Fp4_BpreShuffle_64x128E,1380.53,844.7,0.0
gfx950,256,1450,4096,1024,13,0,9.9851,a4w4_blockscale_256x96x128x128_16x16_16x16_8x32x1_8x32x1_1x16x1x16_8_2x2_intrawave_v3,1218.16,1473.99,0.0
gfx950,256,1450,9216,4096,54,0,33.4852,_ZN5aiter42f4gemm_bf16_per1x32Fp4_BpreShuffle_256x256E,3269.25,1450.5,0.0
gfx950,256,1451,1280,4096,29,0,11.064,_ZN5aiter41f4gemm_bf16_per1x32Fp4_BpreShuffle_64x128E,1375.17,841.26,0.0
gfx950,256,1451,4096,1024,49,0,10.1227,_ZN5aiter42f4gemm_bf16_per1x32Fp4_BpreShuffle_192x128E,1202.43,1454.82,0.0
gfx950,256,1452,1280,4096,29,0,11.0551,_ZN5aiter41f4gemm_bf16_per1x32Fp4_BpreShuffle_64x128E,1377.22,842.35,0.0
gfx950,256,1452,4096,1024,13,0,10.2488,a4w4_blockscale_256x96x128x128_16x16_16x16_8x32x1_8x32x1_1x16x1x16_8_2x2_intrawave_v3,1188.46,1437.76,0.0
gfx950,256,1453,9216,4096,48,0,33.5528,_ZN5aiter42f4gemm_bf16_per1x32Fp4_BpreShuffle_160x384E,3269.41,1449.41,0.0
gfx950,256,1454,1280,4096,29,0,11.1203,_ZN5aiter41f4gemm_bf16_per1x32Fp4_BpreShuffle_64x128E,1371.03,838.24,0.0
gfx950,256,1454,4096,1024,13,0,9.8344,a4w4_blockscale_256x96x128x128_16x16_16x16_8x32x1_8x32x1_1x16x1x16_8_2x2_intrawave_v3,1240.24,1500.12,0.0
gfx950,256,1454,9216,4096,54,0,31.9196,_ZN5aiter42f4gemm_bf16_per1x32Fp4_BpreShuffle_256x256E,3439.06,1524.21,0.0
gfx950,256,1455,1280,4096,29,0,11.1491,_ZN5aiter41f4gemm_bf16_per1x32Fp4_BpreShuffle_64x128E,1368.43,836.49,0.0
gfx950,256,1455,4096,1024,38,0,10.1154,_ZN5aiter41f4gemm_bf16_per1x32Fp4_BpreShuffle_96x256E,1206.62,1459.31,0.0
gfx950,256,1455,9216,4096,54,0,32.994,_ZN5aiter42f4gemm_bf16_per1x32Fp4_BpreShuffle_256x256E,3329.36,1475.2,0.0
gfx950,256,1456,9216,4096,54,0,32.0608,_ZN5aiter42f4gemm_bf16_per1x32Fp4_BpreShuffle_256x256E,3428.62,1518.78,0.0
gfx950,256,1457,1280,4096,29,0,11.0738,_ZN5aiter41f4gemm_bf16_per1x32Fp4_BpreShuffle_64x128E,1379.63,843.01,0.0
gfx950,256,1457,4096,1024,13,0,10.01,a4w4_blockscale_256x96x128x128_16x16_16x16_8x32x1_8x32x1_1x16x1x16_8_2x2_intrawave_v3,1221.0,1476.41,0.0
gfx950,256,1457,9216,4096,54,0,32.6401,_ZN5aiter42f4gemm_bf16_per1x32Fp4_BpreShuffle_256x256E,3370.08,1492.45,0.0
gfx950,256,1460,1280,4096,29,0,11.1083,_ZN5aiter41f4gemm_bf16_per1x32Fp4_BpreShuffle_64x128E,1378.18,841.63,0.0
gfx950,256,1460,4096,1024,49,0,10.0551,_ZN5aiter42f4gemm_bf16_per1x32Fp4_BpreShuffle_192x128E,1218.03,1472.39,0.0
gfx950,256,1461,1280,4096,29,0,10.9693,_ZN5aiter41f4gemm_bf16_per1x32Fp4_BpreShuffle_64x128E,1396.6,852.72,0.0
gfx950,256,1461,4096,1024,13,0,10.2282,a4w4_blockscale_256x96x128x128_16x16_16x16_8x32x1_8x32x1_1x16x1x16_8_2x2_intrawave_v3,1198.23,1448.32,0.0
gfx950,256,1462,9216,4096,54,0,33.0076,_ZN5aiter42f4gemm_bf16_per1x32Fp4_BpreShuffle_256x256E,3344.0,1478.94,0.0
gfx950,256,1463,1280,4096,29,0,11.0563,_ZN5aiter41f4gemm_bf16_per1x32Fp4_BpreShuffle_64x128E,1387.5,846.84,0.0
gfx950,256,1463,4096,1024,13,0,10.1879,a4w4_blockscale_256x96x128x128_16x16_16x16_8x32x1_8x32x1_1x16x1x16_8_2x2_intrawave_v3,1204.62,1455.76,0.0
gfx950,256,1463,9216,4096,54,0,31.1584,_ZN5aiter42f4gemm_bf16_per1x32Fp4_BpreShuffle_256x256E,3544.88,1567.37,0.0
gfx950,256,1464,9216,4096,54,0,33.1644,_ZN5aiter42f4gemm_bf16_per1x32Fp4_BpreShuffle_256x256E,3332.74,1473.18,0.0
gfx950,256,1465,9216,4096,48,0,33.672,_ZN5aiter42f4gemm_bf16_per1x32Fp4_BpreShuffle_160x384E,3284.74,1451.58,0.0
gfx950,256,1466,9216,4096,52,0,33.2149,_ZN5aiter42f4gemm_bf16_per1x32Fp4_BpreShuffle_224x256E,3332.22,1472.17,0.0
gfx950,256,1467,1280,4096,29,0,11.0757,_ZN5aiter41f4gemm_bf16_per1x32Fp4_BpreShuffle_64x128E,1388.86,847.02,0.0
gfx950,256,1467,4096,1024,38,0,10.2282,_ZN5aiter41f4gemm_bf16_per1x32Fp4_BpreShuffle_96x256E,1203.15,1453.42,0.0
gfx950,256,1468,1280,4096,29,0,11.1068,_ZN5aiter41f4gemm_bf16_per1x32Fp4_BpreShuffle_64x128E,1385.92,845.07,0.0
gfx950,256,1468,4096,1024,13,0,9.8334,a4w4_blockscale_256x96x128x128_16x16_16x16_8x32x1_8x32x1_1x16x1x16_8_2x2_intrawave_v3,1252.31,1512.66,0.0
gfx950,256,1468,9216,4096,54,0,33.266,_ZN5aiter42f4gemm_bf16_per1x32Fp4_BpreShuffle_256x256E,3331.64,1471.14,0.0
gfx950,256,1469,1280,4096,29,0,11.0615,_ZN5aiter41f4gemm_bf16_per1x32Fp4_BpreShuffle_64x128E,1392.54,848.94,0.0
gfx950,256,1469,4096,1024,13,0,10.0386,a4w4_blockscale_256x96x128x128_16x16_16x16_8x32x1_8x32x1_1x16x1x16_8_2x2_intrawave_v3,1227.55,1482.61,0.0
gfx950,256,1469,9216,4096,54,0,33.2144,_ZN5aiter42f4gemm_bf16_per1x32Fp4_BpreShuffle_256x256E,3339.09,1474.04,0.0
gfx950,256,1471,1280,4096,29,0,11.1167,_ZN5aiter41f4gemm_bf16_per1x32Fp4_BpreShuffle_64x128E,1387.51,845.56,0.0
gfx950,256,1471,4096,1024,13,0,10.1374,a4w4_blockscale_256x96x128x128_16x16_16x16_8x32x1_8x32x1_1x16x1x16_8_2x2_intrawave_v3,1217.24,1469.88,0.0
gfx950,256,1471,9216,4096,54,0,32.5552,_ZN5aiter42f4gemm_bf16_per1x32Fp4_BpreShuffle_256x256E,3411.34,1505.15,0.0
gfx950,256,1473,1280,4096,29,0,10.8719,_ZN5aiter41f4gemm_bf16_per1x32Fp4_BpreShuffle_64x128E,1420.68,865.44,0.0
gfx950,256,1473,4096,1024,49,0,10.2595,_ZN5aiter42f4gemm_bf16_per1x32Fp4_BpreShuffle_192x128E,1204.39,1454.08,0.0
gfx950,256,1473,9216,4096,54,0,33.5632,_ZN5aiter42f4gemm_bf16_per1x32Fp4_BpreShuffle_256x256E,3313.38,1461.17,0.0
gfx950,256,1476,1280,4096,29,0,11.0064,_ZN5aiter41f4gemm_bf16_per1x32Fp4_BpreShuffle_64x128E,1406.18,856.12,0.0
gfx950,256,1476,4096,1024,13,0,9.8378,a4w4_blockscale_256x96x128x128_16x16_16x16_8x32x1_8x32x1_1x16x1x16_8_2x2_intrawave_v3,1258.57,1519.06,0.0
gfx950,256,1477,9216,4096,54,0,31.898,_ZN5aiter42f4gemm_bf16_per1x32Fp4_BpreShuffle_256x256E,3495.82,1540.01,0.0
gfx950,256,1478,9216,4096,54,0,32.848,_ZN5aiter42f4gemm_bf16_per1x32Fp4_BpreShuffle_256x256E,3397.02,1496.1,0.0
gfx950,256,1480,9216,4096,52,0,31.8964,_ZN5aiter42f4gemm_bf16_per1x32Fp4_BpreShuffle_224x256E,3503.1,1542.02,0.0
gfx950,256,1481,1280,4096,29,0,11.1017,_ZN5aiter41f4gemm_bf16_per1x32Fp4_BpreShuffle_64x128E,1398.83,850.85,0.0
gfx950,256,1481,4096,1024,49,0,10.1778,_ZN5aiter42f4gemm_bf16_per1x32Fp4_BpreShuffle_192x128E,1220.65,1472.59,0.0
gfx950,256,1482,1280,4096,29,0,11.0542,_ZN5aiter41f4gemm_bf16_per1x32Fp4_BpreShuffle_64x128E,1405.79,854.92,0.0
gfx950,256,1482,4096,1024,13,0,10.3143,a4w4_blockscale_256x96x128x128_16x16_16x16_8x32x1_8x32x1_1x16x1x16_8_2x2_intrawave_v3,1205.31,1453.95,0.0
gfx950,256,1482,9216,4096,54,0,32.614,_ZN5aiter42f4gemm_bf16_per1x32Fp4_BpreShuffle_256x256E,3430.65,1509.34,0.0
gfx950,256,1483,9216,4096,54,0,33.4529,_ZN5aiter42f4gemm_bf16_per1x32Fp4_BpreShuffle_256x256E,3346.88,1472.11,0.0
gfx950,256,1484,9216,4096,52,0,33.4397,_ZN5aiter42f4gemm_bf16_per1x32Fp4_BpreShuffle_224x256E,3350.46,1473.3,0.0
gfx950,256,1486,1280,4096,29,0,11.0746,_ZN5aiter41f4gemm_bf16_per1x32Fp4_BpreShuffle_64x128E,1406.99,855.01,0.0
gfx950,256,1486,4096,1024,12,0,10.3767,a4w4_blockscale_256x64x128x128_16x16_16x16_8x32x1_8x32x1_1x16x1x16_8_2x2_intrawave_v3,1201.29,1448.56,0.0
gfx950,256,1486,9216,4096,54,0,33.0788,_ZN5aiter42f4gemm_bf16_per1x32Fp4_BpreShuffle_256x256E,3391.58,1490.61,0.0
gfx950,256,1488,1280,4096,29,0,11.0391,_ZN5aiter41f4gemm_bf16_per1x32Fp4_BpreShuffle_64x128E,1413.41,858.6,0.0
gfx950,256,1488,4096,1024,12,0,10.292,a4w4_blockscale_256x64x128x128_16x16_16x16_8x32x1_8x32x1_1x16x1x16_8_2x2_intrawave_v3,1212.81,1462.17,0.0
gfx950,256,1488,9216,4096,54,0,32.5392,_ZN5aiter42f4gemm_bf16_per1x32Fp4_BpreShuffle_256x256E,3452.46,1516.59,0.0
gfx950,256,1491,1280,4096,29,0,11.0087,_ZN5aiter41f4gemm_bf16_per1x32Fp4_BpreShuffle_64x128E,1420.17,862.22,0.0
gfx950,256,1491,4096,1024,13,0,10.2222,a4w4_blockscale_256x96x128x128_16x16_16x16_8x32x1_8x32x1_1x16x1x16_8_2x2_intrawave_v3,1223.55,1474.71,0.0
gfx950,256,1493,1280,4096,29,0,11.102,_ZN5aiter41f4gemm_bf16_per1x32Fp4_BpreShuffle_64x128E,1410.13,855.81,0.0
gfx950,256,1493,4096,1024,13,0,9.7814,a4w4_blockscale_256x96x128x128_16x16_16x16_8x32x1_8x32x1_1x16x1x16_8_2x2_intrawave_v3,1280.41,1542.95,0.0
gfx950,256,1493,9216,4096,48,0,33.7276,_ZN5aiter42f4gemm_bf16_per1x32Fp4_BpreShuffle_160x384E,3342.0,1466.19,0.0
gfx950,256,1494,1280,4096,29,0,11.0292,_ZN5aiter41f4gemm_bf16_per1x32Fp4_BpreShuffle_64x128E,1420.39,861.88,0.0
gfx950,256,1494,4096,1024,13,0,10.3001,a4w4_blockscale_256x96x128x128_16x16_16x16_8x32x1_8x32x1_1x16x1x16_8_2x2_intrawave_v3,1216.74,1466.1,0.0
gfx950,256,1494,9216,4096,54,0,33.5952,_ZN5aiter42f4gemm_bf16_per1x32Fp4_BpreShuffle_256x256E,3357.42,1472.58,0.0
gfx950,256,1496,1280,4096,29,0,10.9793,_ZN5aiter41f4gemm_bf16_per1x32Fp4_BpreShuffle_64x128E,1428.75,866.63,0.0
gfx950,256,1496,4096,1024,13,0,10.0032,a4w4_blockscale_256x96x128x128_16x16_16x16_8x32x1_8x32x1_1x16x1x16_8_2x2_intrawave_v3,1254.53,1511.35,0.0
gfx950,256,1496,9216,4096,52,0,33.0877,_ZN5aiter42f4gemm_bf16_per1x32Fp4_BpreShuffle_224x256E,3413.48,1496.4,0.0
gfx950,256,1498,9216,4096,54,0,31.5928,_ZN5aiter42f4gemm_bf16_per1x32Fp4_BpreShuffle_256x256E,3579.78,1568.5,0.0
gfx950,256,1499,1280,4096,29,0,11.0799,_ZN5aiter41f4gemm_bf16_per1x32Fp4_BpreShuffle_64x128E,1418.62,860.01,0.0
gfx950,256,1499,4096,1024,13,0,9.8544,a4w4_blockscale_256x96x128x128_16x16_16x16_8x32x1_8x32x1_1x16x1x16_8_2x2_intrawave_v3,1276.03,1536.82,0.0
gfx950,256,1500,1280,4096,29,0,10.9049,_ZN5aiter41f4gemm_bf16_per1x32Fp4_BpreShuffle_64x128E,1442.35,874.23,0.0
gfx950,256,1500,4096,1024,13,0,10.1106,a4w4_blockscale_256x96x128x128_16x16_16x16_8x32x1_8x32x1_1x16x1x16_8_2x2_intrawave_v3,1244.53,1498.74,0.0
gfx950,256,1501,1280,4096,29,0,10.9676,_ZN5aiter41f4gemm_bf16_per1x32Fp4_BpreShuffle_64x128E,1435.06,869.66,0.0
gfx950,256,1501,4096,1024,13,0,9.9922,a4w4_blockscale_256x96x128x128_16x16_16x16_8x32x1_8x32x1_1x16x1x16_8_2x2_intrawave_v3,1260.11,1517.37,0.0
gfx950,256,1502,1280,4096,29,0,11.1003,_ZN5aiter41f4gemm_bf16_per1x32Fp4_BpreShuffle_64x128E,1418.85,859.68,0.0
gfx950,256,1502,4096,1024,13,0,9.9346,a4w4_blockscale_256x96x128x128_16x16_16x16_8x32x1_8x32x1_1x16x1x16_8_2x2_intrawave_v3,1268.26,1527.04,0.0
gfx950,256,1502,9216,4096,54,0,33.3864,_ZN5aiter42f4gemm_bf16_per1x32Fp4_BpreShuffle_256x256E,3396.51,1486.69,0.0
gfx950,256,1505,9216,4096,54,0,32.5188,_ZN5aiter42f4gemm_bf16_per1x32Fp4_BpreShuffle_256x256E,3494.09,1528.25,0.0
gfx950,256,1506,9216,4096,54,0,32.7847,_ZN5aiter42f4gemm_bf16_per1x32Fp4_BpreShuffle_256x256E,3468.06,1516.48,0.0
gfx950,256,1507,9216,4096,54,0,32.0611,_ZN5aiter42f4gemm_bf16_per1x32Fp4_BpreShuffle_256x256E,3548.68,1551.34,0.0
gfx950,256,1508,1280,4096,29,0,11.0163,_ZN5aiter41f4gemm_bf16_per1x32Fp4_BpreShuffle_64x128E,1435.38,868.74,0.0
gfx950,256,1508,4096,1024,13,0,9.8336,a4w4_blockscale_256x96x128x128_16x16_16x16_8x32x1_8x32x1_1x16x1x16_8_2x2_intrawave_v3,1286.41,1548.04,0.0
gfx950,256,1508,9216,4096,54,0,32.9172,_ZN5aiter42f4gemm_bf16_per1x32Fp4_BpreShuffle_256x256E,3458.68,1511.62,0.0
gfx950,256,1509,1280,4096,29,0,11.124,_ZN5aiter41f4gemm_bf16_per1x32Fp4_BpreShuffle_64x128E,1422.42,860.74,0.0
gfx950,256,1509,4096,1024,13,0,10.1433,a4w4_blockscale_256x96x128x128_16x16_16x16_8x32x1_8x32x1_1x16x1x16_8_2x2_intrawave_v3,1247.96,1501.63,0.0
gfx950,256,1511,1280,4096,29,0,11.0936,_ZN5aiter41f4gemm_bf16_per1x32Fp4_BpreShuffle_64x128E,1428.21,863.93,0.0
gfx950,256,1511,4096,1024,13,0,10.2135,a4w4_blockscale_256x96x128x128_16x16_16x16_8x32x1_8x32x1_1x16x1x16_8_2x2_intrawave_v3,1241.02,1493.01,0.0
gfx950,256,1511,9216,4096,54,0,33.7129,_ZN5aiter42f4gemm_bf16_per1x32Fp4_BpreShuffle_256x256E,3383.77,1477.76,0.0
gfx950,256,1512,1280,4096,29,0,11.1195,_ZN5aiter41f4gemm_bf16_per1x32Fp4_BpreShuffle_64x128E,1425.83,862.34,0.0
gfx950,256,1512,4096,1024,13,0,10.008,a4w4_blockscale_256x96x128x128_16x16_16x16_8x32x1_8x32x1_1x16x1x16_8_2x2_intrawave_v3,1267.34,1524.54,0.0
gfx950,256,1512,9216,4096,52,0,33.0252,_ZN5aiter42f4gemm_bf16_per1x32Fp4_BpreShuffle_224x256E,3456.52,1509.15,0.0
gfx950,256,1517,1280,4096,29,0,11.1183,_ZN5aiter41f4gemm_bf16_per1x32Fp4_BpreShuffle_64x128E,1430.7,864.5,0.0
gfx950,256,1517,4096,1024,13,0,10.03,a4w4_blockscale_256x96x128x128_16x16_16x16_8x32x1_8x32x1_1x16x1x16_8_2x2_intrawave_v3,1268.75,1525.54,0.0
gfx950,256,1517,9216,4096,54,0,32.9756,_ZN5aiter42f4gemm_bf16_per1x32Fp4_BpreShuffle_256x256E,3473.16,1514.53,0.0
gfx950,256,1518,1280,4096,29,0,11.1595,_ZN5aiter41f4gemm_bf16_per1x32Fp4_BpreShuffle_64x128E,1426.35,861.72,0.0
gfx950,256,1518,4096,1024,49,0,10.3101,_ZN5aiter42f4gemm_bf16_per1x32Fp4_BpreShuffle_192x128E,1235.09,1484.93,0.0
gfx950,256,1522,1280,4096,29,0,11.2714,_ZN5aiter41f4gemm_bf16_per1x32Fp4_BpreShuffle_64x128E,1415.91,854.8,0.0
gfx950,256,1522,4096,1024,13,0,9.9125,a4w4_blockscale_256x96x128x128_16x16_16x16_8x32x1_8x32x1_1x16x1x16_8_2x2_intrawave_v3,1288.02,1548.01,0.0
gfx950,256,1523,9216,4096,54,0,34.2748,_ZN5aiter42f4gemm_bf16_per1x32Fp4_BpreShuffle_256x256E,3354.73,1460.71,0.0
gfx950,256,1524,1280,4096,29,0,11.2281,_ZN5aiter41f4gemm_bf16_per1x32Fp4_BpreShuffle_64x128E,1423.24,858.92,0.0
gfx950,256,1524,4096,1024,13,0,9.9395,a4w4_blockscale_256x96x128x128_16x16_16x16_8x32x1_8x32x1_1x16x1x16_8_2x2_intrawave_v3,1286.21,1545.56,0.0
gfx950,256,1528,9216,4096,54,0,32.8564,_ZN5aiter42f4gemm_bf16_per1x32Fp4_BpreShuffle_256x256E,3511.04,1526.88,0.0
gfx950,256,1529,1280,4096,29,0,11.1688,_ZN5aiter41f4gemm_bf16_per1x32Fp4_BpreShuffle_64x128E,1435.49,865.54,0.0
gfx950,256,1529,4096,1024,13,0,9.9224,a4w4_blockscale_256x96x128x128_16x16_16x16_8x32x1_8x32x1_1x16x1x16_8_2x2_intrawave_v3,1292.65,1552.61,0.0
gfx950,256,1529,9216,4096,54,0,33.2212,_ZN5aiter42f4gemm_bf16_per1x32Fp4_BpreShuffle_256x256E,3474.76,1510.73,0.0
gfx950,256,1531,9216,4096,54,0,31.973,_ZN5aiter42f4gemm_bf16_per1x32Fp4_BpreShuffle_256x256E,3615.13,1570.99,0.0
gfx950,256,1532,9216,4096,54,0,33.3368,_ZN5aiter42f4gemm_bf16_per1x32Fp4_BpreShuffle_256x256E,3469.5,1507.34,0.0
gfx950,256,1534,9216,4096,54,0,32.5476,_ZN5aiter42f4gemm_bf16_per1x32Fp4_BpreShuffle_256x256E,3558.27,1545.14,0.0
gfx950,256,1535,9216,4096,54,0,32.98,_ZN5aiter42f4gemm_bf16_per1x32Fp4_BpreShuffle_256x256E,3513.91,1525.51,0.0
gfx950,256,1536,9216,4096,54,0,33.42,_ZN5aiter42f4gemm_bf16_per1x32Fp4_BpreShuffle_256x256E,3469.9,1506.03,0.0
gfx950,256,1537,9216,4096,48,0,33.884,_ZN5aiter42f4gemm_bf16_per1x32Fp4_BpreShuffle_160x384E,3424.61,1486.01,0.0
gfx950,256,1538,1280,4096,29,0,11.0246,_ZN5aiter41f4gemm_bf16_per1x32Fp4_BpreShuffle_64x128E,1462.83,880.63,0.0
gfx950,256,1538,4096,1024,43,0,10.4235,_ZN5aiter42f4gemm_bf16_per1x32Fp4_BpreShuffle_128x256E,1237.75,1485.48,0.0
gfx950,256,1539,1280,4096,29,0,11.1651,_ZN5aiter41f4gemm_bf16_per1x32Fp4_BpreShuffle_64x128E,1445.36,869.96,0.0
gfx950,256,1539,4096,1024,43,0,10.4718,_ZN5aiter42f4gemm_bf16_per1x32Fp4_BpreShuffle_128x256E,1232.84,1479.46,0.0
gfx950,256,1541,1280,4096,29,0,11.1692,_ZN5aiter41f4gemm_bf16_per1x32Fp4_BpreShuffle_64x128E,1446.71,870.46,0.0
gfx950,256,1541,4096,1024,43,0,10.487,_ZN5aiter42f4gemm_bf16_per1x32Fp4_BpreShuffle_128x256E,1232.65,1478.98,0.0
gfx950,256,1542,1280,4096,29,0,11.1291,_ZN5aiter41f4gemm_bf16_per1x32Fp4_BpreShuffle_64x128E,1452.86,874.01,0.0
gfx950,256,1542,4096,1024,43,0,10.3914,_ZN5aiter42f4gemm_bf16_per1x32Fp4_BpreShuffle_128x256E,1244.8,1493.42,0.0
gfx950,256,1543,1280,4096,29,0,11.2213,_ZN5aiter41f4gemm_bf16_per1x32Fp4_BpreShuffle_64x128E,1441.86,867.24,0.0
gfx950,256,1543,4096,1024,43,0,10.4912,_ZN5aiter42f4gemm_bf16_per1x32Fp4_BpreShuffle_128x256E,1233.76,1480.04,0.0
gfx950,256,1544,9216,4096,54,0,33.7296,_ZN5aiter42f4gemm_bf16_per1x32Fp4_BpreShuffle_256x256E,3455.96,1497.07,0.0
gfx950,256,1550,9216,4096,54,0,34.2957,_ZN5aiter42f4gemm_bf16_per1x32Fp4_BpreShuffle_256x256E,3412.12,1475.94,0.0
gfx950,256,1551,1280,4096,29,0,11.0722,_ZN5aiter41f4gemm_bf16_per1x32Fp4_BpreShuffle_64x128E,1468.85,882.25,0.0
gfx950,256,1551,4096,1024,8,0,10.8686,a4w4_blockscale_256x128x128x128_16x16_16x16_8x32x1_8x32x1_1x32x1x8_8_2x2_intrawave_v3,1197.09,1435.06,0.0
gfx950,256,1551,9216,4096,52,0,33.4552,_ZN5aiter42f4gemm_bf16_per1x32Fp4_BpreShuffle_224x256E,3500.1,1513.63,0.0
gfx950,256,1553,1280,4096,29,0,11.1663,_ZN5aiter41f4gemm_bf16_per1x32Fp4_BpreShuffle_64x128E,1458.35,875.64,0.0
gfx950,256,1553,4096,1024,43,0,10.448,_ZN5aiter42f4gemm_bf16_per1x32Fp4_BpreShuffle_128x256E,1246.89,1494.49,0.0
gfx950,256,1553,9216,4096,54,0,33.1503,_ZN5aiter42f4gemm_bf16_per1x32Fp4_BpreShuffle_256x256E,3536.85,1528.79,0.0
gfx950,256,1555,9216,4096,48,0,33.7748,_ZN5aiter42f4gemm_bf16_per1x32Fp4_BpreShuffle_160x384E,3475.92,1501.73,0.0
gfx950,256,1556,9216,4096,54,0,33.89,_ZN5aiter42f4gemm_bf16_per1x32Fp4_BpreShuffle_256x256E,3466.33,1497.23,0.0
gfx950,256,1557,1280,4096,29,0,11.1664,_ZN5aiter41f4gemm_bf16_per1x32Fp4_BpreShuffle_64x128E,1462.09,877.28,0.0
gfx950,256,1557,4096,1024,51,0,10.7987,_ZN5aiter42f4gemm_bf16_per1x32Fp4_BpreShuffle_224x128E,1209.5,1449.18,0.0
gfx950,256,1557,9216,4096,54,0,33.2649,_ZN5aiter42f4gemm_bf16_per1x32Fp4_BpreShuffle_256x256E,3533.74,1525.98,0.0
gfx950,256,1558,9216,4096,52,0,34.1325,_ZN5aiter42f4gemm_bf16_per1x32Fp4_BpreShuffle_224x256E,3446.13,1487.8,0.0
gfx950,256,1560,1280,4096,29,0,11.1805,_ZN5aiter41f4gemm_bf16_per1x32Fp4_BpreShuffle_64x128E,1463.06,877.41,0.0
gfx950,256,1560,4096,1024,43,0,10.576,_ZN5aiter42f4gemm_bf16_per1x32Fp4_BpreShuffle_128x256E,1237.35,1482.17,0.0
gfx950,256,1560,9216,4096,52,0,33.9977,_ZN5aiter42f4gemm_bf16_per1x32Fp4_BpreShuffle_224x256E,3464.24,1494.9,0.0
gfx950,256,1561,1280,4096,29,0,11.1462,_ZN5aiter41f4gemm_bf16_per1x32Fp4_BpreShuffle_64x128E,1468.51,880.53,0.0
gfx950,256,1561,4096,1024,8,0,10.8391,a4w4_blockscale_256x128x128x128_16x16_16x16_8x32x1_8x32x1_1x32x1x8_8_2x2_intrawave_v3,1208.09,1446.99,0.0
gfx950,256,1563,1280,4096,29,0,11.1076,_ZN5aiter41f4gemm_bf16_per1x32Fp4_BpreShuffle_64x128E,1475.5,884.42,0.0
gfx950,256,1563,4096,1024,8,0,10.8297,a4w4_blockscale_256x128x128x128_16x16_16x16_8x32x1_8x32x1_1x32x1x8_8_2x2_intrawave_v3,1210.69,1449.86,0.0
gfx950,256,1564,9216,4096,54,0,34.4289,_ZN5aiter42f4gemm_bf16_per1x32Fp4_BpreShuffle_256x256E,3429.62,1478.56,0.0
gfx950,256,1567,1280,4096,29,0,11.1191,_ZN5aiter41f4gemm_bf16_per1x32Fp4_BpreShuffle_64x128E,1477.74,885.16,0.0
gfx950,256,1567,4096,1024,43,0,10.6538,_ZN5aiter42f4gemm_bf16_per1x32Fp4_BpreShuffle_128x256E,1233.83,1477.06,0.0
gfx950,256,1567,9216,4096,52,0,33.9045,_ZN5aiter42f4gemm_bf16_per1x32Fp4_BpreShuffle_224x256E,3489.35,1503.24,0.0
gfx950,256,1569,1280,4096,29,0,11.0803,_ZN5aiter41f4gemm_bf16_per1x32Fp4_BpreShuffle_64x128E,1484.81,889.09,0.0
gfx950,256,1569,4096,1024,43,0,10.5595,_ZN5aiter42f4gemm_bf16_per1x32Fp4_BpreShuffle_128x256E,1246.43,1491.9,0.0
gfx950,256,1570,1280,4096,29,0,11.2165,_ZN5aiter41f4gemm_bf16_per1x32Fp4_BpreShuffle_64x128E,1467.72,878.71,0.0
gfx950,256,1570,4096,1024,8,0,10.9287,a4w4_blockscale_256x128x128x128_16x16_16x16_8x32x1_8x32x1_1x32x1x8_8_2x2_intrawave_v3,1205.09,1442.3,0.0
gfx950,256,1570,9216,4096,48,0,34.5528,_ZN5aiter42f4gemm_bf16_per1x32Fp4_BpreShuffle_160x384E,3430.43,1476.81,0.0
gfx950,256,1571,9216,4096,48,0,34.4849,_ZN5aiter42f4gemm_bf16_per1x32Fp4_BpreShuffle_160x384E,3439.38,1480.31,0.0
gfx950,256,1573,9216,4096,48,0,34.2591,_ZN5aiter42f4gemm_bf16_per1x32Fp4_BpreShuffle_160x384E,3466.45,1491.27,0.0
gfx950,256,1576,9216,4096,54,0,33.4576,_ZN5aiter42f4gemm_bf16_per1x32Fp4_BpreShuffle_256x256E,3556.26,1528.83,0.0
gfx950,256,1577,1280,4096,29,0,11.1487,_ZN5aiter41f4gemm_bf16_per1x32Fp4_BpreShuffle_64x128E,1483.23,886.94,0.0
gfx950,256,1577,4096,1024,43,0,10.6723,_ZN5aiter42f4gemm_bf16_per1x32Fp4_BpreShuffle_128x256E,1239.55,1482.66,0.0
gfx950,256,1578,1280,4096,29,0,11.3332,_ZN5aiter41f4gemm_bf16_per1x32Fp4_BpreShuffle_64x128E,1460.01,872.91,0.0
gfx950,256,1578,4096,1024,43,0,10.6047,_ZN5aiter42f4gemm_bf16_per1x32Fp4_BpreShuffle_128x256E,1248.24,1492.93,0.0
gfx950,256,1579,1280,4096,29,0,11.252,_ZN5aiter41f4gemm_bf16_per1x32Fp4_BpreShuffle_64x128E,1471.47,879.62,0.0
gfx950,256,1579,4096,1024,51,0,10.7578,_ZN5aiter42f4gemm_bf16_per1x32Fp4_BpreShuffle_224x128E,1231.26,1472.49,0.0
gfx950,256,1579,9216,4096,48,0,34.3368,_ZN5aiter42f4gemm_bf16_per1x32Fp4_BpreShuffle_160x384E,3471.8,1491.47,0.0
gfx950,256,1582,1280,4096,29,0,11.2795,_ZN5aiter41f4gemm_bf16_per1x32Fp4_BpreShuffle_64x128E,1470.67,878.7,0.0
gfx950,256,1582,4096,1024,43,0,10.4957,_ZN5aiter42f4gemm_bf16_per1x32Fp4_BpreShuffle_128x256E,1264.4,1511.75,0.0
gfx950,256,1582,9216,4096,54,0,33.8857,_ZN5aiter42f4gemm_bf16_per1x32Fp4_BpreShuffle_256x256E,3524.7,1513.14,0.0
gfx950,256,1584,9216,4096,48,0,34.3593,_ZN5aiter42f4gemm_bf16_per1x32Fp4_BpreShuffle_160x384E,3480.51,1493.47,0.0
gfx950,256,1585,1280,4096,29,0,11.271,_ZN5aiter41f4gemm_bf16_per1x32Fp4_BpreShuffle_64x128E,1474.57,880.59,0.0
gfx950,256,1585,4096,1024,43,0,10.5419,_ZN5aiter42f4gemm_bf16_per1x32Fp4_BpreShuffle_128x256E,1261.25,1507.6,0.0
gfx950,256,1587,9216,4096,54,0,35.3929,_ZN5aiter42f4gemm_bf16_per1x32Fp4_BpreShuffle_256x256E,3385.27,1451.59,0.0
gfx950,256,1589,9216,4096,54,0,33.3089,_ZN5aiter42f4gemm_bf16_per1x32Fp4_BpreShuffle_256x256E,3601.6,1543.64,0.0
gfx950,256,1590,1280,4096,29,0,11.3126,_ZN5aiter41f4gemm_bf16_per1x32Fp4_BpreShuffle_64x128E,1473.79,879.39,0.0
gfx950,256,1590,4096,1024,51,0,10.9072,_ZN5aiter42f4gemm_bf16_per1x32Fp4_BpreShuffle_224x128E,1222.85,1461.1,0.0
gfx950,256,1590,9216,4096,48,0,34.2865,_ZN5aiter42f4gemm_bf16_per1x32Fp4_BpreShuffle_160x384E,3501.12,1500.23,0.0
gfx950,256,1591,9216,4096,54,0,34.3847,_ZN5aiter42f4gemm_bf16_per1x32Fp4_BpreShuffle_256x256E,3493.31,1496.54,0.0
gfx950,256,1592,9216,4096,48,0,34.8397,_ZN5aiter42f4gemm_bf16_per1x32Fp4_BpreShuffle_160x384E,3449.86,1477.58,0.0
gfx950,256,1593,1280,4096,29,0,11.2476,_ZN5aiter41f4gemm_bf16_per1x32Fp4_BpreShuffle_64x128E,1485.1,885.7,0.0
gfx950,256,1593,4096,1024,51,0,10.8566,_ZN5aiter42f4gemm_bf16_per1x32Fp4_BpreShuffle_224x128E,1230.87,1470.32,0.0
gfx950,256,1594,9216,4096,54,0,32.8416,_ZN5aiter42f4gemm_bf16_per1x32Fp4_BpreShuffle_256x256E,3664.35,1568.73,0.0
gfx950,256,1595,9216,4096,54,0,34.815,_ZN5aiter42f4gemm_bf16_per1x32Fp4_BpreShuffle_256x256E,3458.81,1480.4,0.0
gfx950,256,1598,9216,4096,54,0,33.1627,_ZN5aiter42f4gemm_bf16_per1x32Fp4_BpreShuffle_256x256E,3637.97,1556.01,0.0
gfx950,256,1599,9216,4096,54,0,33.1347,_ZN5aiter42f4gemm_bf16_per1x32Fp4_BpreShuffle_256x256E,3643.32,1557.94,0.0
gfx950,256,1612,1280,4096,37,0,13.0933,_ZN5aiter41f4gemm_bf16_per1x32Fp4_BpreShuffle_96x128E,1290.97,767.53,0.0
gfx950,256,1612,4096,1024,43,0,10.8423,_ZN5aiter42f4gemm_bf16_per1x32Fp4_BpreShuffle_128x256E,1247.19,1487.51,0.0
gfx950,256,1789,2304,4096,42,0,15.4428,_ZN5aiter42f4gemm_bf16_per1x32Fp4_BpreShuffle_128x128E,2186.54,1076.63,0.0
gfx950,256,1789,4096,2048,51,0,14.5035,_ZN5aiter42f4gemm_bf16_per1x32Fp4_BpreShuffle_224x128E,2069.46,1425.98,0.0
gfx950,256,1823,2304,4096,46,0,16.9037,_ZN5aiter42f4gemm_bf16_per1x32Fp4_BpreShuffle_160x128E,2035.53,996.97,0.0
gfx950,256,1823,4096,2048,43,0,14.2166,_ZN5aiter42f4gemm_bf16_per1x32Fp4_BpreShuffle_128x256E,2151.35,1476.8,0.0
gfx950,256,1926,1280,4096,37,0,13.3848,_ZN5aiter41f4gemm_bf16_per1x32Fp4_BpreShuffle_96x128E,1508.84,858.92,0.0
gfx950,256,1926,4096,1024,43,0,12.0839,_ZN5aiter42f4gemm_bf16_per1x32Fp4_BpreShuffle_128x256E,1337.02,1560.84,0.0
gfx950,256,1947,9216,4096,39,0,50.6745,_ZN5aiter41f4gemm_bf16_per1x32Fp4_BpreShuffle_96x384E,2900.74,1159.34,0.0
gfx950,256,1956,1280,4096,37,0,13.3938,_ZN5aiter41f4gemm_bf16_per1x32Fp4_BpreShuffle_96x128E,1531.32,868.66,0.0
gfx950,256,1956,4096,1024,53,0,12.0609,_ZN5aiter42f4gemm_bf16_per1x32Fp4_BpreShuffle_256x128E,1360.44,1585.47,0.0
gfx950,256,2027,9216,4096,47,0,50.927,_ZN5aiter42f4gemm_bf16_per1x32Fp4_BpreShuffle_160x256E,3004.96,1185.76,0.0
gfx950,256,2048,1280,4096,37,0,13.2276,_ZN5aiter41f4gemm_bf16_per1x32Fp4_BpreShuffle_96x128E,1623.49,911.63,0.0
gfx950,256,2048,2304,4096,46,0,17.3383,_ZN5aiter42f4gemm_bf16_per1x32Fp4_BpreShuffle_160x128E,2229.44,1058.36,0.0
gfx950,256,2048,4096,1024,53,0,12.0703,_ZN5aiter42f4gemm_bf16_per1x32Fp4_BpreShuffle_256x128E,1423.32,1650.58,0.0
gfx950,256,2048,4096,2048,43,0,15.7662,_ZN5aiter42f4gemm_bf16_per1x32Fp4_BpreShuffle_128x256E,2179.33,1463.17,0.0
gfx950,256,2048,4608,4096,50,0,25.9428,_ZN5aiter42f4gemm_bf16_per1x32Fp4_BpreShuffle_160x256E,2979.99,1252.98,0.0
gfx950,256,2048,9216,4096,47,0,50.7426,_ZN5aiter42f4gemm_bf16_per1x32Fp4_BpreShuffle_160x256E,3047.12,1198.55,0.0
gfx950,256,2106,4608,4096,47,0,25.4192,_ZN5aiter42f4gemm_bf16_per1x32Fp4_BpreShuffle_160x256E,3127.51,1304.49,0.0
gfx950,256,2112,1280,4096,37,0,13.4314,_ZN5aiter41f4gemm_bf16_per1x32Fp4_BpreShuffle_96x128E,1648.82,919.75,0.0
gfx950,256,2112,4096,1024,47,0,12.451,_ZN5aiter42f4gemm_bf16_per1x32Fp4_BpreShuffle_160x256E,1422.92,1644.85,0.0
gfx950,256,2177,1280,4096,37,0,13.4874,_ZN5aiter41f4gemm_bf16_per1x32Fp4_BpreShuffle_96x128E,1692.51,938.14,0.0
gfx950,256,2177,4096,1024,13,0,12.4952,a4w4_blockscale_256x96x128x128_16x16_16x16_8x32x1_8x32x1_1x16x1x16_8_2x2_intrawave_v3,1461.52,1684.31,0.0
gfx950,256,2235,1280,4096,37,0,13.6201,_ZN5aiter41f4gemm_bf16_per1x32Fp4_BpreShuffle_96x128E,1720.67,948.62,0.0
gfx950,256,2235,4096,1024,13,0,12.6,a4w4_blockscale_256x96x128x128_16x16_16x16_8x32x1_8x32x1_1x16x1x16_8_2x2_intrawave_v3,1487.98,1710.36,0.0
gfx950,256,2324,1280,4096,37,0,13.7668,_ZN5aiter41f4gemm_bf16_per1x32Fp4_BpreShuffle_96x128E,1770.12,968.3,0.0
gfx950,256,2324,4096,1024,47,0,13.2391,_ZN5aiter42f4gemm_bf16_per1x32Fp4_BpreShuffle_160x256E,1472.54,1686.31,0.0
gfx950,256,2335,1280,4096,37,0,13.6297,_ZN5aiter41f4gemm_bf16_per1x32Fp4_BpreShuffle_96x128E,1796.39,981.76,0.0
gfx950,256,2335,4096,1024,47,0,12.8855,_ZN5aiter42f4gemm_bf16_per1x32Fp4_BpreShuffle_160x256E,1520.11,1740.02,0.0
gfx950,256,2403,1280,4096,42,0,15.0873,_ZN5aiter42f4gemm_bf16_per1x32Fp4_BpreShuffle_128x128E,1670.1,907.68,0.0
gfx950,256,2403,4096,1024,47,0,13.1624,_ZN5aiter42f4gemm_bf16_per1x32Fp4_BpreShuffle_160x256E,1531.47,1748.38,0.0
gfx950,256,2406,1280,4096,42,0,14.9331,_ZN5aiter42f4gemm_bf16_per1x32Fp4_BpreShuffle_128x128E,1689.45,917.98,0.0
gfx950,256,2406,4096,1024,47,0,13.5482,_ZN5aiter42f4gemm_bf16_per1x32Fp4_BpreShuffle_160x256E,1489.72,1700.52,0.0
gfx950,256,2417,1280,4096,42,0,15.0894,_ZN5aiter42f4gemm_bf16_per1x32Fp4_BpreShuffle_128x128E,1679.6,911.83,0.0
gfx950,256,2417,4096,1024,47,0,13.0097,_ZN5aiter42f4gemm_bf16_per1x32Fp4_BpreShuffle_160x256E,1558.47,1778.27,0.0
gfx950,256,2437,1280,4096,42,0,15.0387,_ZN5aiter42f4gemm_bf16_per1x32Fp4_BpreShuffle_128x128E,1699.2,921.03,0.0
gfx950,256,2437,4096,1024,47,0,13.1394,_ZN5aiter42f4gemm_bf16_per1x32Fp4_BpreShuffle_160x256E,1555.86,1773.96,0.0
gfx950,256,2446,1280,4096,42,0,15.2416,_ZN5aiter42f4gemm_bf16_per1x32Fp4_BpreShuffle_128x128E,1682.77,911.49,0.0
gfx950,256,2446,4096,1024,47,0,13.5525,_ZN5aiter42f4gemm_bf16_per1x32Fp4_BpreShuffle_160x256E,1514.0,1725.67,0.0
gfx950,256,2463,4608,4096,50,0,29.5436,_ZN5aiter42f4gemm_bf16_per1x32Fp4_BpreShuffle_192x256E,3147.05,1258.49,0.0
gfx950,256,2473,1280,4096,42,0,15.1605,_ZN5aiter42f4gemm_bf16_per1x32Fp4_BpreShuffle_128x128E,1710.45,924.58,0.0
gfx950,256,2473,4096,1024,47,0,13.6452,_ZN5aiter42f4gemm_bf16_per1x32Fp4_BpreShuffle_160x256E,1520.32,1731.17,0.0
gfx950,256,2479,1280,4096,42,0,15.1929,_ZN5aiter42f4gemm_bf16_per1x32Fp4_BpreShuffle_128x128E,1710.94,924.42,0.0
gfx950,256,2479,4096,1024,47,0,13.2985,_ZN5aiter42f4gemm_bf16_per1x32Fp4_BpreShuffle_160x256E,1563.74,1780.23,0.0
gfx950,256,2490,1280,4096,42,0,15.005,_ZN5aiter42f4gemm_bf16_per1x32Fp4_BpreShuffle_128x128E,1740.06,939.38,0.0
gfx950,256,2490,4096,1024,47,0,13.1725,_ZN5aiter42f4gemm_bf16_per1x32Fp4_BpreShuffle_160x256E,1585.7,1804.53,0.0
gfx950,256,2492,1280,4096,42,0,14.9536,_ZN5aiter42f4gemm_bf16_per1x32Fp4_BpreShuffle_128x128E,1747.44,943.22,0.0
gfx950,256,2492,4096,1024,47,0,13.7601,_ZN5aiter42f4gemm_bf16_per1x32Fp4_BpreShuffle_160x256E,1519.2,1728.73,0.0
gfx950,256,2494,1280,4096,42,0,15.0692,_ZN5aiter42f4gemm_bf16_per1x32Fp4_BpreShuffle_128x128E,1735.43,936.6,0.0
gfx950,256,2494,4096,1024,47,0,13.7875,_ZN5aiter42f4gemm_bf16_per1x32Fp4_BpreShuffle_160x256E,1517.4,1726.56,0.0
gfx950,256,2496,1280,4096,42,0,14.9281,_ZN5aiter42f4gemm_bf16_per1x32Fp4_BpreShuffle_128x128E,1753.23,946.07,0.0
gfx950,256,2496,4096,1024,47,0,13.8408,_ZN5aiter42f4gemm_bf16_per1x32Fp4_BpreShuffle_160x256E,1512.77,1721.17,0.0
gfx950,256,2505,1280,4096,42,0,15.1695,_ZN5aiter42f4gemm_bf16_per1x32Fp4_BpreShuffle_128x128E,1731.56,933.75,0.0
gfx950,256,2505,4096,1024,47,0,13.4223,_ZN5aiter42f4gemm_bf16_per1x32Fp4_BpreShuffle_160x256E,1565.56,1780.67,0.0
gfx950,256,2506,1280,4096,42,0,15.0829,_ZN5aiter42f4gemm_bf16_per1x32Fp4_BpreShuffle_128x128E,1742.19,939.41,0.0
gfx950,256,2506,4096,1024,47,0,13.7935,_ZN5aiter42f4gemm_bf16_per1x32Fp4_BpreShuffle_160x256E,1524.04,1733.38,0.0
gfx950,256,2509,1280,4096,42,0,15.2915,_ZN5aiter42f4gemm_bf16_per1x32Fp4_BpreShuffle_128x128E,1720.48,927.5,0.0
gfx950,256,2509,4096,1024,47,0,13.7379,_ZN5aiter42f4gemm_bf16_per1x32Fp4_BpreShuffle_160x256E,1532.04,1742.3,0.0
gfx950,256,2510,1280,4096,42,0,15.1632,_ZN5aiter42f4gemm_bf16_per1x32Fp4_BpreShuffle_128x128E,1735.73,935.65,0.0
gfx950,256,2510,4096,1024,47,0,13.4229,_ZN5aiter42f4gemm_bf16_per1x32Fp4_BpreShuffle_160x256E,1568.62,1783.83,0.0
gfx950,256,2515,1280,4096,42,0,15.1179,_ZN5aiter42f4gemm_bf16_per1x32Fp4_BpreShuffle_128x128E,1744.4,939.98,0.0
gfx950,256,2515,4096,1024,47,0,13.7889,_ZN5aiter42f4gemm_bf16_per1x32Fp4_BpreShuffle_160x256E,1530.02,1739.64,0.0
gfx950,256,2519,1280,4096,42,0,15.1759,_ZN5aiter42f4gemm_bf16_per1x32Fp4_BpreShuffle_128x128E,1740.5,937.6,0.0
gfx950,256,2519,4096,1024,47,0,13.4606,_ZN5aiter42f4gemm_bf16_per1x32Fp4_BpreShuffle_160x256E,1569.83,1784.66,0.0
gfx950,256,2521,1280,4096,42,0,15.1557,_ZN5aiter42f4gemm_bf16_per1x32Fp4_BpreShuffle_128x128E,1744.2,939.46,0.0
gfx950,256,2521,4096,1024,47,0,13.8395,_ZN5aiter42f4gemm_bf16_per1x32Fp4_BpreShuffle_160x256E,1528.07,1737.05,0.0
gfx950,256,2528,1280,4096,42,0,15.0935,_ZN5aiter42f4gemm_bf16_per1x32Fp4_BpreShuffle_128x128E,1756.25,945.47,0.0
gfx950,256,2528,4096,1024,47,0,13.7853,_ZN5aiter42f4gemm_bf16_per1x32Fp4_BpreShuffle_160x256E,1538.33,1748.3,0.0
gfx950,256,2533,1280,4096,42,0,15.2515,_ZN5aiter42f4gemm_bf16_per1x32Fp4_BpreShuffle_128x128E,1741.5,937.19,0.0
gfx950,256,2533,4096,1024,47,0,13.5775,_ZN5aiter42f4gemm_bf16_per1x32Fp4_BpreShuffle_160x256E,1564.97,1778.26,0.0
gfx950,256,2535,1280,4096,42,0,15.1239,_ZN5aiter42f4gemm_bf16_per1x32Fp4_BpreShuffle_128x128E,1757.58,945.7,0.0
gfx950,256,2535,4096,1024,47,0,13.888,_ZN5aiter42f4gemm_bf16_per1x32Fp4_BpreShuffle_160x256E,1531.19,1739.76,0.0
gfx950,256,2537,9216,4096,50,0,58.6534,_ZN5aiter42f4gemm_bf16_per1x32Fp4_BpreShuffle_192x256E,3265.58,1207.64,0.0
gfx950,256,2539,1280,4096,42,0,15.1628,_ZN5aiter42f4gemm_bf16_per1x32Fp4_BpreShuffle_128x128E,1755.83,944.49,0.0
gfx950,256,2539,4096,1024,47,0,13.5408,_ZN5aiter42f4gemm_bf16_per1x32Fp4_BpreShuffle_160x256E,1572.93,1786.94,0.0
gfx950,256,2542,9216,4096,50,0,59.2942,_ZN5aiter42f4gemm_bf16_per1x32Fp4_BpreShuffle_192x256E,3236.65,1196.31,0.0
gfx950,256,2545,2304,4096,49,0,19.6922,_ZN5aiter42f4gemm_bf16_per1x32Fp4_BpreShuffle_192x128E,2439.3,1099.83,0.0
gfx950,256,2545,4096,2048,47,0,17.7777,_ZN5aiter42f4gemm_bf16_per1x32Fp4_BpreShuffle_160x256E,2401.77,1555.26,0.0
gfx950,256,2555,1280,4096,42,0,15.2047,_ZN5aiter42f4gemm_bf16_per1x32Fp4_BpreShuffle_128x128E,1762.03,946.74,0.0
gfx950,256,2555,4096,1024,47,0,13.9354,_ZN5aiter42f4gemm_bf16_per1x32Fp4_BpreShuffle_160x256E,1538.02,1746.33,0.0
gfx950,256,2556,1280,4096,42,0,15.15,_ZN5aiter42f4gemm_bf16_per1x32Fp4_BpreShuffle_128x128E,1769.08,950.46,0.0
gfx950,256,2556,4096,1024,47,0,13.7644,_ZN5aiter42f4gemm_bf16_per1x32Fp4_BpreShuffle_160x256E,1557.73,1768.66,0.0
gfx950,256,2557,1280,4096,42,0,15.3575,_ZN5aiter42f4gemm_bf16_per1x32Fp4_BpreShuffle_128x128E,1745.86,937.92,0.0
gfx950,256,2557,4096,1024,47,0,13.9215,_ZN5aiter42f4gemm_bf16_per1x32Fp4_BpreShuffle_160x256E,1540.76,1749.33,0.0
gfx950,256,2560,9216,4096,44,0,58.637,_ZN5aiter42f4gemm_bf16_per1x32Fp4_BpreShuffle_128x384E,3296.1,1216.01,0.0
gfx950,256,2570,1280,4096,42,0,15.1382,_ZN5aiter42f4gemm_bf16_per1x32Fp4_BpreShuffle_128x128E,1780.16,955.46,0.0
gfx950,256,2570,4096,1024,44,0,13.9882,_ZN5aiter42f4gemm_bf16_per1x32Fp4_BpreShuffle_128x384E,1541.21,1749.08,0.0
gfx950,256,2570,9216,4096,44,0,59.4562,_ZN5aiter42f4gemm_bf16_per1x32Fp4_BpreShuffle_128x384E,3263.39,1202.7,0.0
gfx950,256,2572,1280,4096,42,0,15.2966,_ZN5aiter42f4gemm_bf16_per1x32Fp4_BpreShuffle_128x128E,1763.1,946.17,0.0
gfx950,256,2572,4096,1024,44,0,13.8803,_ZN5aiter42f4gemm_bf16_per1x32Fp4_BpreShuffle_128x384E,1554.4,1763.93,0.0
gfx950,256,2577,1280,4096,42,0,15.3713,_ZN5aiter42f4gemm_bf16_per1x32Fp4_BpreShuffle_128x128E,1757.94,943.07,0.0
gfx950,256,2577,4096,1024,44,0,13.9076,_ZN5aiter42f4gemm_bf16_per1x32Fp4_BpreShuffle_128x384E,1554.36,1763.59,0.0
gfx950,256,2580,1280,4096,42,0,15.0835,_ZN5aiter42f4gemm_bf16_per1x32Fp4_BpreShuffle_128x128E,1793.57,961.98,0.0
gfx950,256,2580,4096,1024,44,0,14.2243,_ZN5aiter42f4gemm_bf16_per1x32Fp4_BpreShuffle_128x384E,1521.52,1726.16,0.0
gfx950,256,2582,1280,4096,42,0,15.3954,_ZN5aiter42f4gemm_bf16_per1x32Fp4_BpreShuffle_128x128E,1758.59,943.09,0.0
gfx950,256,2582,4096,1024,44,0,14.1364,_ZN5aiter42f4gemm_bf16_per1x32Fp4_BpreShuffle_128x384E,1532.17,1738.13,0.0
gfx950,256,2584,1280,4096,42,0,15.2623,_ZN5aiter42f4gemm_bf16_per1x32Fp4_BpreShuffle_128x128E,1775.3,951.92,0.0
gfx950,256,2584,4096,1024,44,0,13.9603,_ZN5aiter42f4gemm_bf16_per1x32Fp4_BpreShuffle_128x384E,1552.7,1761.3,0.0
gfx950,256,2585,1280,4096,42,0,15.3149,_ZN5aiter42f4gemm_bf16_per1x32Fp4_BpreShuffle_128x128E,1769.89,948.95,0.0
gfx950,256,2585,4096,1024,44,0,14.0657,_ZN5aiter42f4gemm_bf16_per1x32Fp4_BpreShuffle_128x384E,1541.66,1748.72,0.0
gfx950,256,2586,1280,4096,42,0,15.1565,_ZN5aiter42f4gemm_bf16_per1x32Fp4_BpreShuffle_128x128E,1789.08,959.17,0.0
gfx950,256,2586,4096,1024,44,0,14.0224,_ZN5aiter42f4gemm_bf16_per1x32Fp4_BpreShuffle_128x384E,1547.02,1754.74,0.0
gfx950,256,2588,9216,4096,44,0,60.8694,_ZN5aiter42f4gemm_bf16_per1x32Fp4_BpreShuffle_128x384E,3209.95,1180.83,0.0
gfx950,256,2590,1280,4096,42,0,15.2884,_ZN5aiter42f4gemm_bf16_per1x32Fp4_BpreShuffle_128x128E,1776.39,952.1,0.0
gfx950,256,2590,4096,1024,44,0,14.0694,_ZN5aiter42f4gemm_bf16_per1x32Fp4_BpreShuffle_128x384E,1544.24,1751.35,0.0
gfx950,256,2594,1280,4096,42,0,15.1472,_ZN5aiter42f4gemm_bf16_per1x32Fp4_BpreShuffle_128x128E,1795.72,962.2,0.0
gfx950,256,2594,4096,1024,44,0,14.0657,_ZN5aiter42f4gemm_bf16_per1x32Fp4_BpreShuffle_128x384E,1547.03,1754.29,0.0
gfx950,256,2600,1280,4096,42,0,15.2505,_ZN5aiter42f4gemm_bf16_per1x32Fp4_BpreShuffle_128x128E,1787.68,957.49,0.0
gfx950,256,2600,4096,1024,44,0,14.0628,_ZN5aiter42f4gemm_bf16_per1x32Fp4_BpreShuffle_128x384E,1550.93,1758.37,0.0
gfx950,256,2602,9216,4096,40,0,59.925,_ZN5aiter41f4gemm_bf16_per1x32Fp4_BpreShuffle_96x512E,3278.17,1204.23,0.0
gfx950,256,2603,9216,4096,44,0,61.6807,_ZN5aiter42f4gemm_bf16_per1x32Fp4_BpreShuffle_128x384E,3186.08,1170.28,0.0
gfx950,256,2605,1280,4096,42,0,15.3847,_ZN5aiter42f4gemm_bf16_per1x32Fp4_BpreShuffle_128x128E,1775.49,950.64,0.0
gfx950,256,2605,4096,1024,44,0,14.1697,_ZN5aiter42f4gemm_bf16_per1x32Fp4_BpreShuffle_128x384E,1542.19,1748.17,0.0
gfx950,256,2609,1280,4096,42,0,15.1625,_ZN5aiter42f4gemm_bf16_per1x32Fp4_BpreShuffle_128x128E,1804.28,965.78,0.0
gfx950,256,2609,4096,1024,44,0,14.1963,_ZN5aiter42f4gemm_bf16_per1x32Fp4_BpreShuffle_128x384E,1541.66,1747.35,0.0
gfx950,256,2612,1280,4096,42,0,15.2868,_ZN5aiter42f4gemm_bf16_per1x32Fp4_BpreShuffle_128x128E,1791.66,958.84,0.0
gfx950,256,2612,4096,1024,44,0,14.1381,_ZN5aiter42f4gemm_bf16_per1x32Fp4_BpreShuffle_128x384E,1549.79,1756.39,0.0
gfx950,256,2613,9216,4096,44,0,59.4489,_ZN5aiter42f4gemm_bf16_per1x32Fp4_BpreShuffle_128x384E,3318.39,1217.66,0.0
gfx950,256,2617,1280,4096,42,0,15.4004,_ZN5aiter42f4gemm_bf16_per1x32Fp4_BpreShuffle_128x128E,1781.85,953.26,0.0
gfx950,256,2617,4096,1024,44,0,14.1979,_ZN5aiter42f4gemm_bf16_per1x32Fp4_BpreShuffle_128x384E,1546.21,1752.06,0.0
gfx950,256,2617,9216,4096,50,0,59.5306,_ZN5aiter42f4gemm_bf16_per1x32Fp4_BpreShuffle_192x256E,3318.91,1217.37,0.0
gfx950,256,2620,9216,4096,44,0,61.4635,_ZN5aiter42f4gemm_bf16_per1x32Fp4_BpreShuffle_128x384E,3218.23,1180.08,0.0
gfx950,256,2621,1280,4096,42,0,15.2138,_ZN5aiter42f4gemm_bf16_per1x32Fp4_BpreShuffle_128x128E,1806.46,966.16,0.0
gfx950,256,2621,4096,1024,44,0,14.0906,_ZN5aiter42f4gemm_bf16_per1x32Fp4_BpreShuffle_128x384E,1560.37,1767.87,0.0
gfx950,256,2623,1280,4096,42,0,15.2652,_ZN5aiter42f4gemm_bf16_per1x32Fp4_BpreShuffle_128x128E,1801.75,963.51,0.0
gfx950,256,2623,4096,1024,44,0,14.0342,_ZN5aiter42f4gemm_bf16_per1x32Fp4_BpreShuffle_128x384E,1567.84,1776.21,0.0
gfx950,256,2623,9216,4096,44,0,59.8134,_ZN5aiter42f4gemm_bf16_per1x32Fp4_BpreShuffle_128x384E,3310.79,1213.66,0.0
gfx950,256,2624,9216,4096,44,0,60.2207,_ZN5aiter42f4gemm_bf16_per1x32Fp4_BpreShuffle_128x384E,3289.66,1205.8,0.0
gfx950,256,2625,1280,4096,42,0,15.0846,_ZN5aiter42f4gemm_bf16_per1x32Fp4_BpreShuffle_128x128E,1824.72,975.66,0.0
gfx950,256,2625,4096,1024,44,0,14.1324,_ZN5aiter42f4gemm_bf16_per1x32Fp4_BpreShuffle_128x384E,1558.13,1765.1,0.0
gfx950,256,2625,9216,4096,50,0,59.7494,_ZN5aiter42f4gemm_bf16_per1x32Fp4_BpreShuffle_192x256E,3316.87,1215.65,0.0
gfx950,256,2628,1280,4096,42,0,15.3154,_ZN5aiter42f4gemm_bf16_per1x32Fp4_BpreShuffle_128x128E,1799.27,961.86,0.0
gfx950,256,2628,4096,1024,44,0,13.9979,_ZN5aiter42f4gemm_bf16_per1x32Fp4_BpreShuffle_128x384E,1574.9,1783.93,0.0
gfx950,256,2630,1280,4096,42,0,15.0531,_ZN5aiter42f4gemm_bf16_per1x32Fp4_BpreShuffle_128x128E,1832.02,979.23,0.0
gfx950,256,2630,4096,1024,44,0,14.1648,_ZN5aiter42f4gemm_bf16_per1x32Fp4_BpreShuffle_128x384E,1557.53,1764.14,0.0
gfx950,256,2631,9216,4096,44,0,60.2686,_ZN5aiter42f4gemm_bf16_per1x32Fp4_BpreShuffle_128x384E,3295.81,1207.22,0.0
gfx950,256,2634,1280,4096,42,0,15.271,_ZN5aiter42f4gemm_bf16_per1x32Fp4_BpreShuffle_128x128E,1808.62,966.47,0.0
gfx950,256,2634,4096,1024,44,0,14.1644,_ZN5aiter42f4gemm_bf16_per1x32Fp4_BpreShuffle_128x384E,1559.94,1766.65,0.0
gfx950,256,2636,9216,4096,44,0,60.9679,_ZN5aiter42f4gemm_bf16_per1x32Fp4_BpreShuffle_128x384E,3264.2,1195.05,0.0
gfx950,256,2640,1280,4096,42,0,15.3806,_ZN5aiter42f4gemm_bf16_per1x32Fp4_BpreShuffle_128x128E,1799.83,961.38,0.0
gfx950,256,2640,4096,1024,44,0,14.3595,_ZN5aiter42f4gemm_bf16_per1x32Fp4_BpreShuffle_128x384E,1542.25,1746.28,0.0
gfx950,256,2641,9216,4096,54,0,60.7678,_ZN5aiter42f4gemm_bf16_per1x32Fp4_BpreShuffle_256x256E,3281.16,1200.67,0.0
gfx950,256,2642,1280,4096,42,0,15.4895,_ZN5aiter42f4gemm_bf16_per1x32Fp4_BpreShuffle_128x128E,1788.53,955.21,0.0
gfx950,256,2642,4096,1024,44,0,14.2895,_ZN5aiter42f4gemm_bf16_per1x32Fp4_BpreShuffle_128x384E,1550.98,1756.05,0.0
gfx950,256,2644,1280,4096,42,0,15.5228,_ZN5aiter42f4gemm_bf16_per1x32Fp4_BpreShuffle_128x128E,1786.04,953.76,0.0
gfx950,256,2644,4096,1024,44,0,14.2791,_ZN5aiter42f4gemm_bf16_per1x32Fp4_BpreShuffle_128x384E,1553.28,1758.55,0.0
gfx950,256,2644,9216,4096,50,0,60.3958,_ZN5aiter42f4gemm_bf16_per1x32Fp4_BpreShuffle_192x256E,3305.12,1209.08,0.0
gfx950,256,2645,1280,4096,42,0,15.5531,_ZN5aiter42f4gemm_bf16_per1x32Fp4_BpreShuffle_128x128E,1783.24,952.2,0.0
gfx950,256,2645,4096,1024,44,0,14.1554,_ZN5aiter42f4gemm_bf16_per1x32Fp4_BpreShuffle_128x384E,1567.45,1774.53,0.0
gfx950,256,2647,1280,4096,42,0,15.4963,_ZN5aiter42f4gemm_bf16_per1x32Fp4_BpreShuffle_128x128E,1791.12,956.28,0.0
gfx950,256,2647,4096,1024,44,0,14.192,_ZN5aiter42f4gemm_bf16_per1x32Fp4_BpreShuffle_128x384E,1564.59,1771.18,0.0
gfx950,256,2651,1280,4096,42,0,15.4214,_ZN5aiter42f4gemm_bf16_per1x32Fp4_BpreShuffle_128x128E,1802.54,962.12,0.0
gfx950,256,2651,4096,1024,44,0,14.1885,_ZN5aiter42f4gemm_bf16_per1x32Fp4_BpreShuffle_128x384E,1567.34,1774.07,0.0
gfx950,256,2652,1280,4096,42,0,15.4197,_ZN5aiter42f4gemm_bf16_per1x32Fp4_BpreShuffle_128x128E,1803.42,962.53,0.0
gfx950,256,2652,4096,1024,44,0,14.1619,_ZN5aiter42f4gemm_bf16_per1x32Fp4_BpreShuffle_128x384E,1570.88,1778.02,0.0
gfx950,256,2655,1280,4096,42,0,15.2054,_ZN5aiter42f4gemm_bf16_per1x32Fp4_BpreShuffle_128x128E,1830.91,977.0,0.0
gfx950,256,2655,4096,1024,44,0,14.1783,_ZN5aiter42f4gemm_bf16_per1x32Fp4_BpreShuffle_128x384E,1570.83,1777.81,0.0
gfx950,256,2657,9216,4096,50,0,60.2834,_ZN5aiter42f4gemm_bf16_per1x32Fp4_BpreShuffle_192x256E,3327.56,1215.75,0.0
gfx950,256,2660,1280,4096,42,0,15.4864,_ZN5aiter42f4gemm_bf16_per1x32Fp4_BpreShuffle_128x128E,1801.07,960.76,0.0
gfx950,256,2660,4096,1024,44,0,14.3294,_ZN5aiter42f4gemm_bf16_per1x32Fp4_BpreShuffle_128x384E,1557.2,1762.1,0.0
gfx950,256,2660,9216,4096,50,0,59.749,_ZN5aiter42f4gemm_bf16_per1x32Fp4_BpreShuffle_192x256E,3361.12,1227.66,0.0
gfx950,256,2661,1280,4096,42,0,15.4611,_ZN5aiter42f4gemm_bf16_per1x32Fp4_BpreShuffle_128x128E,1804.7,962.63,0.0
gfx950,256,2661,4096,1024,44,0,14.2608,_ZN5aiter42f4gemm_bf16_per1x32Fp4_BpreShuffle_128x384E,1565.28,1771.18,0.0
gfx950,256,2661,9216,4096,50,0,61.4506,_ZN5aiter42f4gemm_bf16_per1x32Fp4_BpreShuffle_192x256E,3269.27,1193.99,0.0
gfx950,256,2662,9216,4096,50,0,60.1551,_ZN5aiter42f4gemm_bf16_per1x32Fp4_BpreShuffle_192x256E,3340.93,1220.05,0.0
gfx950,256,2664,9216,4096,50,0,59.4562,_ZN5aiter42f4gemm_bf16_per1x32Fp4_BpreShuffle_192x256E,3382.75,1235.08,0.0
gfx950,256,2668,1280,4096,42,0,15.5546,_ZN5aiter42f4gemm_bf16_per1x32Fp4_BpreShuffle_128x128E,1798.57,958.92,0.0
gfx950,256,2668,4096,1024,44,0,14.2891,_ZN5aiter42f4gemm_bf16_per1x32Fp4_BpreShuffle_128x384E,1566.29,1771.94,0.0
gfx950,256,2669,1280,4096,42,0,15.2651,_ZN5aiter42f4gemm_bf16_per1x32Fp4_BpreShuffle_128x128E,1833.36,977.41,0.0
gfx950,256,2669,4096,1024,44,0,14.2607,_ZN5aiter42f4gemm_bf16_per1x32Fp4_BpreShuffle_128x384E,1569.99,1776.08,0.0
gfx950,256,2671,9216,4096,44,0,60.9291,_ZN5aiter42f4gemm_bf16_per1x32Fp4_BpreShuffle_128x384E,3309.65,1207.57,0.0
gfx950,256,2672,1280,4096,42,0,15.4196,_ZN5aiter42f4gemm_bf16_per1x32Fp4_BpreShuffle_128x128E,1817.03,968.51,0.0
gfx950,256,2672,4096,1024,44,0,14.1562,_ZN5aiter42f4gemm_bf16_per1x32Fp4_BpreShuffle_128x384E,1583.36,1791.03,0.0
gfx950,256,2674,1280,4096,42,0,15.5915,_ZN5aiter42f4gemm_bf16_per1x32Fp4_BpreShuffle_128x128E,1798.35,958.42,0.0
gfx950,256,2674,4096,1024,44,0,14.164,_ZN5aiter42f4gemm_bf16_per1x32Fp4_BpreShuffle_128x384E,1583.67,1791.28,0.0
gfx950,256,2682,1280,4096,42,0,15.3778,_ZN5aiter42f4gemm_bf16_per1x32Fp4_BpreShuffle_128x128E,1828.79,974.14,0.0
gfx950,256,2682,4096,1024,44,0,14.1882,_ZN5aiter42f4gemm_bf16_per1x32Fp4_BpreShuffle_128x384E,1585.7,1793.13,0.0
gfx950,256,2683,1280,4096,42,0,15.4064,_ZN5aiter42f4gemm_bf16_per1x32Fp4_BpreShuffle_128x128E,1826.08,972.63,0.0
gfx950,256,2683,4096,1024,44,0,14.2767,_ZN5aiter42f4gemm_bf16_per1x32Fp4_BpreShuffle_128x384E,1576.46,1782.62,0.0
gfx950,256,2685,1280,4096,42,0,15.407,_ZN5aiter42f4gemm_bf16_per1x32Fp4_BpreShuffle_128x128E,1827.37,973.19,0.0
gfx950,256,2685,4096,1024,44,0,14.2877,_ZN5aiter42f4gemm_bf16_per1x32Fp4_BpreShuffle_128x384E,1576.42,1782.47,0.0
gfx950,256,2685,9216,4096,44,0,60.5162,_ZN5aiter42f4gemm_bf16_per1x32Fp4_BpreShuffle_128x384E,3349.69,1220.55,0.0
gfx950,256,2687,9216,4096,44,0,61.1538,_ZN5aiter42f4gemm_bf16_per1x32Fp4_BpreShuffle_128x384E,3317.24,1208.5,0.0
gfx950,256,2689,9216,4096,54,0,62.2711,_ZN5aiter42f4gemm_bf16_per1x32Fp4_BpreShuffle_256x256E,3260.14,1187.47,0.0
gfx950,256,2691,9216,4096,54,0,60.6722,_ZN5aiter42f4gemm_bf16_per1x32Fp4_BpreShuffle_256x256E,3348.55,1219.44,0.0
gfx950,256,2693,1280,4096,42,0,15.3861,_ZN5aiter42f4gemm_bf16_per1x32Fp4_BpreShuffle_128x128E,1835.3,976.91,0.0
gfx950,256,2693,4096,1024,44,0,14.1689,_ZN5aiter42f4gemm_bf16_per1x32Fp4_BpreShuffle_128x384E,1594.37,1802.33,0.0
gfx950,256,2693,9216,4096,54,0,62.4847,_ZN5aiter42f4gemm_bf16_per1x32Fp4_BpreShuffle_256x256E,3253.83,1184.72,0.0
gfx950,256,2694,9216,4096,54,0,62.8759,_ZN5aiter42f4gemm_bf16_per1x32Fp4_BpreShuffle_256x256E,3234.79,1177.68,0.0
gfx950,256,2695,1280,4096,42,0,15.4824,_ZN5aiter42f4gemm_bf16_per1x32Fp4_BpreShuffle_128x128E,1825.24,971.43,0.0
gfx950,256,2695,4096,1024,44,0,14.097,_ZN5aiter42f4gemm_bf16_per1x32Fp4_BpreShuffle_128x384E,1603.7,1812.76,0.0
gfx950,256,2698,1280,4096,42,0,15.4012,_ZN5aiter42f4gemm_bf16_per1x32Fp4_BpreShuffle_128x128E,1836.91,977.44,0.0
gfx950,256,2698,4096,1024,44,0,14.0792,_ZN5aiter42f4gemm_bf16_per1x32Fp4_BpreShuffle_128x384E,1607.51,1816.9,0.0
gfx950,256,2699,9216,4096,54,0,63.4623,_ZN5aiter42f4gemm_bf16_per1x32Fp4_BpreShuffle_256x256E,3210.85,1168.41,0.0
gfx950,256,2703,1280,4096,42,0,15.5212,_ZN5aiter42f4gemm_bf16_per1x32Fp4_BpreShuffle_128x128E,1826.08,971.37,0.0
gfx950,256,2703,4096,1024,44,0,14.2207,_ZN5aiter42f4gemm_bf16_per1x32Fp4_BpreShuffle_128x384E,1594.46,1801.88,0.0
gfx950,256,2703,9216,4096,54,0,62.2743,_ZN5aiter42f4gemm_bf16_per1x32Fp4_BpreShuffle_256x256E,3276.95,1192.01,0.0
gfx950,256,2704,1280,4096,42,0,15.457,_ZN5aiter42f4gemm_bf16_per1x32Fp4_BpreShuffle_128x128E,1834.35,975.7,0.0
gfx950,256,2704,4096,1024,44,0,14.1541,_ZN5aiter42f4gemm_bf16_per1x32Fp4_BpreShuffle_128x384E,1602.56,1810.98,0.0
gfx950,256,2704,9216,4096,54,0,63.3114,_ZN5aiter42f4gemm_bf16_per1x32Fp4_BpreShuffle_256x256E,3224.46,1172.81,0.0
gfx950,256,2707,9216,4096,54,0,62.8455,_ZN5aiter42f4gemm_bf16_per1x32Fp4_BpreShuffle_256x256E,3251.97,1182.48,0.0
gfx950,256,2710,1280,4096,42,0,15.5565,_ZN5aiter42f4gemm_bf16_per1x32Fp4_BpreShuffle_128x128E,1826.66,971.24,0.0
gfx950,256,2710,4096,1024,44,0,14.1591,_ZN5aiter42f4gemm_bf16_per1x32Fp4_BpreShuffle_128x384E,1605.55,1814.03,0.0
gfx950,256,2711,1280,4096,42,0,15.342,_ZN5aiter42f4gemm_bf16_per1x32Fp4_BpreShuffle_128x128E,1852.88,985.12,0.0
gfx950,256,2711,4096,1024,44,0,14.1574,_ZN5aiter42f4gemm_bf16_per1x32Fp4_BpreShuffle_128x384E,1606.33,1814.86,0.0
gfx950,256,2712,1280,4096,42,0,15.445,_ZN5aiter42f4gemm_bf16_per1x32Fp4_BpreShuffle_128x128E,1841.2,978.85,0.0
gfx950,256,2712,4096,1024,44,0,14.1876,_ZN5aiter42f4gemm_bf16_per1x32Fp4_BpreShuffle_128x384E,1603.51,1811.61,0.0
gfx950,256,2715,9216,4096,54,0,62.7359,_ZN5aiter42f4gemm_bf16_per1x32Fp4_BpreShuffle_256x256E,3267.28,1187.16,0.0
gfx950,256,2720,9216,4096,54,0,63.4459,_ZN5aiter42f4gemm_bf16_per1x32Fp4_BpreShuffle_256x256E,3236.66,1175.49,0.0
gfx950,256,2721,1280,4096,42,0,15.3995,_ZN5aiter42f4gemm_bf16_per1x32Fp4_BpreShuffle_128x128E,1852.77,984.44,0.0
gfx950,256,2721,4096,1024,44,0,14.1348,_ZN5aiter42f4gemm_bf16_per1x32Fp4_BpreShuffle_128x384E,1614.84,1823.92,0.0
gfx950,256,2722,9216,4096,54,0,61.0187,_ZN5aiter42f4gemm_bf16_per1x32Fp4_BpreShuffle_256x256E,3367.89,1222.92,0.0
gfx950,256,2724,9216,4096,54,0,62.0011,_ZN5aiter42f4gemm_bf16_per1x32Fp4_BpreShuffle_256x256E,3316.96,1204.2,0.0
gfx950,256,2726,9216,4096,54,0,63.3375,_ZN5aiter42f4gemm_bf16_per1x32Fp4_BpreShuffle_256x256E,3249.36,1179.44,0.0
gfx950,256,2728,1280,4096,42,0,15.5024,_ZN5aiter42f4gemm_bf16_per1x32Fp4_BpreShuffle_128x128E,1845.21,979.98,0.0
gfx950,256,2728,4096,1024,44,0,14.0621,_ZN5aiter42f4gemm_bf16_per1x32Fp4_BpreShuffle_128x384E,1627.36,1837.68,0.0
gfx950,256,2728,9216,4096,54,0,62.7575,_ZN5aiter42f4gemm_bf16_per1x32Fp4_BpreShuffle_256x256E,3281.79,1190.99,0.0
gfx950,256,2732,9216,4096,54,0,61.7631,_ZN5aiter42f4gemm_bf16_per1x32Fp4_BpreShuffle_256x256E,3339.52,1211.5,0.0
gfx950,256,2733,9216,4096,54,0,62.0867,_ZN5aiter42f4gemm_bf16_per1x32Fp4_BpreShuffle_256x256E,3323.33,1205.51,0.0
gfx950,256,2734,1280,4096,42,0,15.5633,_ZN5aiter42f4gemm_bf16_per1x32Fp4_BpreShuffle_128x128E,1842.03,977.92,0.0
gfx950,256,2734,4096,1024,44,0,14.1478,_ZN5aiter42f4gemm_bf16_per1x32Fp4_BpreShuffle_128x384E,1621.06,1830.24,0.0
gfx950,256,2736,9216,4096,54,0,63.3175,_ZN5aiter42f4gemm_bf16_per1x32Fp4_BpreShuffle_256x256E,3262.31,1183.05,0.0
gfx950,256,2738,1280,4096,42,0,15.5876,_ZN5aiter42f4gemm_bf16_per1x32Fp4_BpreShuffle_128x128E,1841.85,977.58,0.0
gfx950,256,2738,4096,1024,44,0,14.2255,_ZN5aiter42f4gemm_bf16_per1x32Fp4_BpreShuffle_128x384E,1614.57,1822.69,0.0
gfx950,256,2739,9216,4096,54,0,62.9843,_ZN5aiter42f4gemm_bf16_per1x32Fp4_BpreShuffle_256x256E,3283.16,1190.28,0.0
gfx950,256,2743,9216,4096,54,0,62.8995,_ZN5aiter42f4gemm_bf16_per1x32Fp4_BpreShuffle_256x256E,3292.39,1193.19,0.0
gfx950,256,2744,1280,4096,42,0,15.4619,_ZN5aiter42f4gemm_bf16_per1x32Fp4_BpreShuffle_128x128E,1860.89,987.32,0.0
gfx950,256,2744,4096,1024,44,0,14.2811,_ZN5aiter42f4gemm_bf16_per1x32Fp4_BpreShuffle_128x384E,1611.8,1819.25,0.0
gfx950,256,2744,9216,4096,54,0,61.2979,_ZN5aiter42f4gemm_bf16_per1x32Fp4_BpreShuffle_256x256E,3379.64,1224.7,0.0
gfx950,256,2746,9216,4096,52,0,64.4143,_ZN5aiter42f4gemm_bf16_per1x32Fp4_BpreShuffle_224x256E,3218.48,1166.08,0.0
gfx950,256,2748,1280,4096,42,0,15.5021,_ZN5aiter42f4gemm_bf16_per1x32Fp4_BpreShuffle_128x128E,1858.77,985.95,0.0
gfx950,256,2748,4096,1024,44,0,14.273,_ZN5aiter42f4gemm_bf16_per1x32Fp4_BpreShuffle_128x384E,1615.07,1822.72,0.0
gfx950,256,2748,9216,4096,54,0,63.0151,_ZN5aiter42f4gemm_bf16_per1x32Fp4_BpreShuffle_256x256E,3292.34,1192.63,0.0
gfx950,256,2750,9216,4096,54,0,62.2967,_ZN5aiter42f4gemm_bf16_per1x32Fp4_BpreShuffle_256x256E,3332.73,1207.04,0.0
gfx950,256,2751,1280,4096,42,0,15.4362,_ZN5aiter42f4gemm_bf16_per1x32Fp4_BpreShuffle_128x128E,1868.75,991.05,0.0
gfx950,256,2751,4096,1024,44,0,14.1397,_ZN5aiter42f4gemm_bf16_per1x32Fp4_BpreShuffle_128x384E,1632.08,1841.75,0.0
gfx950,256,2752,1280,4096,42,0,15.357,_ZN5aiter42f4gemm_bf16_per1x32Fp4_BpreShuffle_128x128E,1879.07,996.46,0.0
gfx950,256,2752,4096,1024,44,0,14.147,_ZN5aiter42f4gemm_bf16_per1x32Fp4_BpreShuffle_128x384E,1631.83,1841.42,0.0
gfx950,256,2752,9216,4096,54,0,62.3019,_ZN5aiter42f4gemm_bf16_per1x32Fp4_BpreShuffle_256x256E,3334.87,1207.59,0.0
gfx950,256,2754,9216,4096,54,0,61.8459,_ZN5aiter42f4gemm_bf16_per1x32Fp4_BpreShuffle_256x256E,3361.9,1217.16,0.0
gfx950,256,2757,9216,4096,54,0,63.6015,_ZN5aiter42f4gemm_bf16_per1x32Fp4_BpreShuffle_256x256E,3272.67,1184.53,0.0
gfx950,256,2758,1280,4096,42,0,15.3924,_ZN5aiter42f4gemm_bf16_per1x32Fp4_BpreShuffle_128x128E,1878.83,995.97,0.0
gfx950,256,2758,4096,1024,44,0,14.3038,_ZN5aiter42f4gemm_bf16_per1x32Fp4_BpreShuffle_128x384E,1617.46,1824.88,0.0
gfx950,256,2758,9216,4096,54,0,63.5091,_ZN5aiter42f4gemm_bf16_per1x32Fp4_BpreShuffle_256x256E,3278.62,1186.57,0.0
gfx950,256,2759,1280,4096,42,0,15.5796,_ZN5aiter42f4gemm_bf16_per1x32Fp4_BpreShuffle_128x128E,1856.93,984.29,0.0
gfx950,256,2759,4096,1024,44,0,14.2207,_ZN5aiter42f4gemm_bf16_per1x32Fp4_BpreShuffle_128x384E,1627.5,1836.16,0.0
gfx950,256,2761,1280,4096,42,0,15.5138,_ZN5aiter42f4gemm_bf16_per1x32Fp4_BpreShuffle_128x128E,1866.16,989.06,0.0
gfx950,256,2761,4096,1024,44,0,14.3867,_ZN5aiter42f4gemm_bf16_per1x32Fp4_BpreShuffle_128x384E,1609.89,1816.18,0.0
gfx950,256,2762,9216,4096,54,0,62.4983,_ZN5aiter42f4gemm_bf16_per1x32Fp4_BpreShuffle_256x256E,3336.48,1207.07,0.0
gfx950,256,2763,9216,4096,52,0,62.9235,_ZN5aiter42f4gemm_bf16_per1x32Fp4_BpreShuffle_224x256E,3315.13,1199.24,0.0
gfx950,256,2768,4608,4096,54,0,32.7192,_ZN5aiter42f4gemm_bf16_per1x32Fp4_BpreShuffle_256x256E,3193.49,1241.35,0.0
gfx950,256,2768,9216,4096,54,0,62.4503,_ZN5aiter42f4gemm_bf16_per1x32Fp4_BpreShuffle_256x256E,3346.29,1209.97,0.0
gfx950,256,2770,9216,4096,54,0,63.7523,_ZN5aiter42f4gemm_bf16_per1x32Fp4_BpreShuffle_256x256E,3280.32,1185.9,0.0
gfx950,256,2772,1280,4096,42,0,15.5539,_ZN5aiter42f4gemm_bf16_per1x32Fp4_BpreShuffle_128x128E,1868.76,989.77,0.0
gfx950,256,2772,4096,1024,44,0,14.2522,_ZN5aiter42f4gemm_bf16_per1x32Fp4_BpreShuffle_128x384E,1631.55,1840.04,0.0
gfx950,256,2772,9216,4096,54,0,63.6979,_ZN5aiter42f4gemm_bf16_per1x32Fp4_BpreShuffle_256x256E,3285.49,1187.56,0.0
gfx950,256,2776,1280,4096,42,0,15.4894,_ZN5aiter42f4gemm_bf16_per1x32Fp4_BpreShuffle_128x128E,1879.25,995.08,0.0
gfx950,256,2776,4096,1024,44,0,14.2885,_ZN5aiter42f4gemm_bf16_per1x32Fp4_BpreShuffle_128x384E,1629.76,1837.8,0.0
gfx950,256,2776,9216,4096,54,0,62.8703,_ZN5aiter42f4gemm_bf16_per1x32Fp4_BpreShuffle_256x256E,3333.55,1204.49,0.0
gfx950,256,2779,1280,4096,42,0,15.486,_ZN5aiter42f4gemm_bf16_per1x32Fp4_BpreShuffle_128x128E,1881.69,996.19,0.0
gfx950,256,2779,4096,1024,44,0,14.3959,_ZN5aiter42f4gemm_bf16_per1x32Fp4_BpreShuffle_128x384E,1619.35,1825.91,0.0
gfx950,256,2781,9216,4096,54,0,62.2823,_ZN5aiter42f4gemm_bf16_per1x32Fp4_BpreShuffle_256x256E,3371.08,1217.51,0.0
gfx950,256,2786,9216,4096,54,0,63.7607,_ZN5aiter42f4gemm_bf16_per1x32Fp4_BpreShuffle_256x256E,3298.83,1190.88,0.0
gfx950,256,2787,1280,4096,42,0,15.4387,_ZN5aiter42f4gemm_bf16_per1x32Fp4_BpreShuffle_128x128E,1892.89,1001.63,0.0
gfx950,256,2787,4096,1024,44,0,14.3724,_ZN5aiter42f4gemm_bf16_per1x32Fp4_BpreShuffle_128x384E,1626.66,1833.74,0.0
gfx950,256,2787,9216,4096,54,0,62.9502,_ZN5aiter42f4gemm_bf16_per1x32Fp4_BpreShuffle_256x256E,3342.51,1206.54,0.0
gfx950,256,2788,9216,4096,52,0,63.9803,_ZN5aiter42f4gemm_bf16_per1x32Fp4_BpreShuffle_224x256E,3289.87,1187.44,0.0
gfx950,256,2793,1280,4096,42,0,15.5114,_ZN5aiter42f4gemm_bf16_per1x32Fp4_BpreShuffle_128x128E,1888.08,998.72,0.0
gfx950,256,2793,4096,1024,44,0,14.3763,_ZN5aiter42f4gemm_bf16_per1x32Fp4_BpreShuffle_128x384E,1629.72,1836.87,0.0
gfx950,256,2796,9216,4096,54,0,63.2327,_ZN5aiter42f4gemm_bf16_per1x32Fp4_BpreShuffle_256x256E,3338.32,1204.07,0.0
gfx950,256,2803,9216,4096,54,0,63.0931,_ZN5aiter42f4gemm_bf16_per1x32Fp4_BpreShuffle_256x256E,3354.08,1209.0,0.0
gfx950,256,2805,1280,4096,42,0,15.6113,_ZN5aiter42f4gemm_bf16_per1x32Fp4_BpreShuffle_128x128E,1884.06,995.87,0.0
gfx950,256,2805,4096,1024,44,0,14.3418,_ZN5aiter42f4gemm_bf16_per1x32Fp4_BpreShuffle_128x384E,1640.66,1848.57,0.0
gfx950,256,2805,9216,4096,54,0,62.5459,_ZN5aiter42f4gemm_bf16_per1x32Fp4_BpreShuffle_256x256E,3385.84,1220.24,0.0
gfx950,256,2806,1280,4096,42,0,15.6675,_ZN5aiter42f4gemm_bf16_per1x32Fp4_BpreShuffle_128x128E,1877.97,992.6,0.0
gfx950,256,2806,4096,1024,44,0,14.3871,_ZN5aiter42f4gemm_bf16_per1x32Fp4_BpreShuffle_128x384E,1636.08,1843.36,0.0
gfx950,256,2809,1280,4096,42,0,15.6052,_ZN5aiter42f4gemm_bf16_per1x32Fp4_BpreShuffle_128x128E,1887.48,997.44,0.0
gfx950,256,2809,4096,1024,44,0,14.4928,_ZN5aiter42f4gemm_bf16_per1x32Fp4_BpreShuffle_128x384E,1625.88,1831.72,0.0
gfx950,256,2809,9216,4096,54,0,62.2159,_ZN5aiter42f4gemm_bf16_per1x32Fp4_BpreShuffle_256x256E,3408.65,1228.03,0.0
gfx950,256,2813,9216,4096,54,0,63.2947,_ZN5aiter42f4gemm_bf16_per1x32Fp4_BpreShuffle_256x256E,3355.33,1208.39,0.0
gfx950,256,2815,1280,4096,42,0,15.5373,_ZN5aiter42f4gemm_bf16_per1x32Fp4_BpreShuffle_128x128E,1899.78,1003.58,0.0
gfx950,256,2815,4096,1024,44,0,14.3995,_ZN5aiter42f4gemm_bf16_per1x32Fp4_BpreShuffle_128x384E,1639.91,1847.21,0.0
gfx950,256,2816,9216,4096,54,0,62.9359,_ZN5aiter42f4gemm_bf16_per1x32Fp4_BpreShuffle_256x256E,3378.05,1216.25,0.0
gfx950,256,2817,1280,4096,42,0,15.4356,_ZN5aiter42f4gemm_bf16_per1x32Fp4_BpreShuffle_128x128E,1913.65,1010.79,0.0
gfx950,256,2817,4096,1024,44,0,14.4795,_ZN5aiter42f4gemm_bf16_per1x32Fp4_BpreShuffle_128x384E,1632.01,1838.21,0.0
gfx950,256,2817,9216,4096,54,0,62.8607,_ZN5aiter42f4gemm_bf16_per1x32Fp4_BpreShuffle_256x256E,3383.3,1218.03,0.0
gfx950,256,2818,1280,4096,42,0,15.7154,_ZN5aiter42f4gemm_bf16_per1x32Fp4_BpreShuffle_128x128E,1880.25,993.09,0.0
gfx950,256,2818,4096,1024,44,0,14.2924,_ZN5aiter42f4gemm_bf16_per1x32Fp4_BpreShuffle_128x384E,1653.96,1862.88,0.0
gfx950,256,2823,9216,4096,54,0,63.5027,_ZN5aiter42f4gemm_bf16_per1x32Fp4_BpreShuffle_256x256E,3356.23,1207.66,0.0
gfx950,256,2842,1280,4096,42,0,15.5765,_ZN5aiter42f4gemm_bf16_per1x32Fp4_BpreShuffle_128x128E,1913.17,1009.04,0.0
gfx950,256,2842,4096,1024,44,0,14.2449,_ZN5aiter42f4gemm_bf16_per1x32Fp4_BpreShuffle_128x384E,1673.61,1883.76,0.0
gfx950,256,2851,1280,4096,42,0,15.3558,_ZN5aiter42f4gemm_bf16_per1x32Fp4_BpreShuffle_128x128E,1946.81,1026.25,0.0
gfx950,256,2851,4096,1024,44,0,14.2579,_ZN5aiter42f4gemm_bf16_per1x32Fp4_BpreShuffle_128x384E,1677.38,1887.53,0.0
gfx950,256,2853,9216,4096,54,0,65.4927,_ZN5aiter42f4gemm_bf16_per1x32Fp4_BpreShuffle_256x256E,3288.83,1180.34,0.0
gfx950,256,2861,9216,4096,54,0,64.5235,_ZN5aiter42f4gemm_bf16_per1x32Fp4_BpreShuffle_256x256E,3347.59,1200.61,0.0
gfx950,256,2871,9216,4096,54,0,64.8551,_ZN5aiter42f4gemm_bf16_per1x32Fp4_BpreShuffle_256x256E,3342.12,1197.63,0.0
gfx950,256,2873,1280,4096,42,0,15.6977,_ZN5aiter42f4gemm_bf16_per1x32Fp4_BpreShuffle_128x128E,1919.11,1010.35,0.0
gfx950,256,2873,4096,1024,44,0,14.5134,_ZN5aiter42f4gemm_bf16_per1x32Fp4_BpreShuffle_128x384E,1660.57,1867.5,0.0
gfx950,256,2879,1280,4096,42,0,15.3396,_ZN5aiter42f4gemm_bf16_per1x32Fp4_BpreShuffle_128x128E,1968.01,1035.74,0.0
gfx950,256,2879,4096,1024,44,0,14.3718,_ZN5aiter42f4gemm_bf16_per1x32Fp4_BpreShuffle_128x384E,1680.43,1889.53,0.0
gfx950,256,2883,1280,4096,42,0,15.5987,_ZN5aiter42f4gemm_bf16_per1x32Fp4_BpreShuffle_128x128E,1938.01,1019.72,0.0
gfx950,256,2883,4096,1024,44,0,14.7668,_ZN5aiter42f4gemm_bf16_per1x32Fp4_BpreShuffle_128x384E,1637.75,1841.35,0.0
gfx950,256,2888,9216,4096,54,0,64.4279,_ZN5aiter42f4gemm_bf16_per1x32Fp4_BpreShuffle_256x256E,3384.2,1210.98,0.0
gfx950,256,2891,1280,4096,42,0,15.6579,_ZN5aiter42f4gemm_bf16_per1x32Fp4_BpreShuffle_128x128E,1936.04,1018.22,0.0
gfx950,256,2891,4096,1024,44,0,14.6069,_ZN5aiter42f4gemm_bf16_per1x32Fp4_BpreShuffle_128x384E,1660.27,1866.27,0.0
gfx950,256,2891,9216,4096,54,0,63.3934,_ZN5aiter42f4gemm_bf16_per1x32Fp4_BpreShuffle_256x256E,3443.0,1231.71,0.0
gfx950,256,2894,4608,4096,54,0,31.9369,_ZN5aiter42f4gemm_bf16_per1x32Fp4_BpreShuffle_256x256E,3420.65,1316.2,0.0
gfx950,256,2902,4608,4096,52,0,31.4626,_ZN5aiter42f4gemm_bf16_per1x32Fp4_BpreShuffle_224x256E,3481.81,1338.9,0.0
gfx950,256,2907,1280,4096,42,0,15.7785,_ZN5aiter42f4gemm_bf16_per1x32Fp4_BpreShuffle_128x128E,1931.88,1015.11,0.0
gfx950,256,2907,4096,1024,44,0,14.5745,_ZN5aiter42f4gemm_bf16_per1x32Fp4_BpreShuffle_128x384E,1673.17,1879.97,0.0
gfx950,256,2970,9216,4096,54,0,64.4079,_ZN5aiter42f4gemm_bf16_per1x32Fp4_BpreShuffle_256x256E,3481.37,1237.43,0.0
gfx950,256,3110,9216,4096,54,0,65.9168,_ZN5aiter42f4gemm_bf16_per1x32Fp4_BpreShuffle_256x256E,3562.02,1252.6,0.0
gfx950,256,3150,1280,4096,42,0,15.9438,_ZN5aiter42f4gemm_bf16_per1x32Fp4_BpreShuffle_128x128E,2071.66,1074.82,0.0
gfx950,256,3150,4096,1024,54,0,15.577,_ZN5aiter42f4gemm_bf16_per1x32Fp4_BpreShuffle_256x256E,1696.35,1894.76,0.0
gfx950,256,3223,1280,4096,30,0,17.0262,_ZN5aiter41f4gemm_bf16_per1x32Fp4_BpreShuffle_64x256E,1984.92,1026.24,0.0
gfx950,256,3223,4096,1024,54,0,15.8953,_ZN5aiter42f4gemm_bf16_per1x32Fp4_BpreShuffle_256x256E,1700.91,1896.8,0.0
gfx950,256,3227,1280,4096,30,0,17.0664,_ZN5aiter41f4gemm_bf16_per1x32Fp4_BpreShuffle_64x256E,1982.7,1024.91,0.0
gfx950,256,3227,4096,1024,54,0,15.3762,_ZN5aiter42f4gemm_bf16_per1x32Fp4_BpreShuffle_256x256E,1760.52,1963.1,0.0
gfx950,256,3406,4608,4096,54,0,35.4221,_ZN5aiter42f4gemm_bf16_per1x32Fp4_BpreShuffle_256x256E,3629.72,1349.51,0.0
gfx950,256,3473,4608,4096,54,0,36.5289,_ZN5aiter42f4gemm_bf16_per1x32Fp4_BpreShuffle_256x256E,3588.98,1329.28,0.0
gfx950,256,3485,1280,4096,46,0,17.8092,_ZN5aiter42f4gemm_bf16_per1x32Fp4_BpreShuffle_160x128E,2051.91,1048.91,0.0
gfx950,256,3485,4096,1024,54,0,15.402,_ZN5aiter42f4gemm_bf16_per1x32Fp4_BpreShuffle_256x256E,1898.08,2105.61,0.0
gfx950,256,3512,1280,4096,46,0,17.8187,_ZN5aiter42f4gemm_bf16_per1x32Fp4_BpreShuffle_160x128E,2066.7,1055.34,0.0
gfx950,256,3512,4096,1024,54,0,15.8028,_ZN5aiter42f4gemm_bf16_per1x32Fp4_BpreShuffle_256x256E,1864.28,2067.08,0.0
gfx950,256,3544,1280,4096,46,0,17.8472,_ZN5aiter42f4gemm_bf16_per1x32Fp4_BpreShuffle_160x128E,2082.21,1061.91,0.0
gfx950,256,3544,4096,1024,54,0,15.693,_ZN5aiter42f4gemm_bf16_per1x32Fp4_BpreShuffle_256x256E,1894.43,2099.29,0.0
gfx950,256,3555,1280,4096,46,0,17.9557,_ZN5aiter42f4gemm_bf16_per1x32Fp4_BpreShuffle_160x128E,2076.05,1058.32,0.0
gfx950,256,3555,4096,1024,54,0,15.8112,_ZN5aiter42f4gemm_bf16_per1x32Fp4_BpreShuffle_256x256E,1886.1,2089.65,0.0
gfx950,256,3575,1280,4096,46,0,17.882,_ZN5aiter42f4gemm_bf16_per1x32Fp4_BpreShuffle_160x128E,2096.33,1067.84,0.0
gfx950,256,3575,4096,1024,54,0,16.2301,_ZN5aiter42f4gemm_bf16_per1x32Fp4_BpreShuffle_256x256E,1847.76,2046.44,0.0
gfx950,256,3594,1280,4096,46,0,17.5275,_ZN5aiter42f4gemm_bf16_per1x32Fp4_BpreShuffle_160x128E,2150.1,1094.43,0.0
gfx950,256,3594,4096,1024,54,0,15.8747,_ZN5aiter42f4gemm_bf16_per1x32Fp4_BpreShuffle_256x256E,1899.16,2102.67,0.0
gfx950,256,3600,4608,4096,47,0,49.4506,_ZN5aiter42f4gemm_bf16_per1x32Fp4_BpreShuffle_160x256E,2748.11,1010.86,0.0
gfx950,256,3626,1280,4096,46,0,17.9673,_ZN5aiter42f4gemm_bf16_per1x32Fp4_BpreShuffle_160x128E,2116.14,1075.85,0.0
gfx950,256,3626,4096,1024,54,0,15.8886,_ZN5aiter42f4gemm_bf16_per1x32Fp4_BpreShuffle_256x256E,1914.4,2118.37,0.0
gfx950,256,3689,1280,4096,46,0,18.0862,_ZN5aiter42f4gemm_bf16_per1x32Fp4_BpreShuffle_160x128E,2138.76,1084.82,0.0
gfx950,256,3689,4096,1024,54,0,15.942,_ZN5aiter42f4gemm_bf16_per1x32Fp4_BpreShuffle_256x256E,1941.14,2145.67,0.0
gfx950,256,3714,9216,4096,54,0,83.6944,_ZN5aiter42f4gemm_bf16_per1x32Fp4_BpreShuffle_256x256E,3350.26,1134.33,0.0
gfx950,256,3715,2304,4096,47,0,25.652,_ZN5aiter42f4gemm_bf16_per1x32Fp4_BpreShuffle_160x256E,2733.44,1147.89,0.0
gfx950,256,3715,4096,2048,54,0,21.4629,_ZN5aiter42f4gemm_bf16_per1x32Fp4_BpreShuffle_256x256E,2903.96,1790.61,0.0
gfx950,256,3718,1280,4096,46,0,18.1521,_ZN5aiter42f4gemm_bf16_per1x32Fp4_BpreShuffle_160x128E,2147.74,1088.25,0.0
gfx950,256,3718,4096,1024,54,0,16.351,_ZN5aiter42f4gemm_bf16_per1x32Fp4_BpreShuffle_256x256E,1907.46,2107.43,0.0
gfx950,256,3726,1280,4096,46,0,17.7459,_ZN5aiter42f4gemm_bf16_per1x32Fp4_BpreShuffle_160x128E,2201.63,1115.23,0.0
gfx950,256,3726,4096,1024,54,0,15.7051,_ZN5aiter42f4gemm_bf16_per1x32Fp4_BpreShuffle_256x256E,1990.18,2198.54,0.0
gfx950,256,3759,1280,4096,46,0,18.2858,_ZN5aiter42f4gemm_bf16_per1x32Fp4_BpreShuffle_160x128E,2155.55,1090.62,0.0
gfx950,256,3759,4096,1024,54,0,16.3818,_ZN5aiter42f4gemm_bf16_per1x32Fp4_BpreShuffle_256x256E,1924.87,2125.25,0.0
gfx950,256,3761,9216,4096,54,0,84.372,_ZN5aiter42f4gemm_bf16_per1x32Fp4_BpreShuffle_256x256E,3365.41,1136.63,0.0
gfx950,256,3771,1280,4096,46,0,18.3096,_ZN5aiter42f4gemm_bf16_per1x32Fp4_BpreShuffle_160x128E,2159.62,1092.23,0.0
gfx950,256,3771,4096,1024,54,0,15.8335,_ZN5aiter42f4gemm_bf16_per1x32Fp4_BpreShuffle_256x256E,1997.88,2205.45,0.0
gfx950,256,3777,9216,4096,50,0,85.4288,_ZN5aiter42f4gemm_bf16_per1x32Fp4_BpreShuffle_192x256E,3337.91,1126.4,0.0
gfx950,256,3786,1280,4096,46,0,18.0235,_ZN5aiter42f4gemm_bf16_per1x32Fp4_BpreShuffle_160x128E,2202.63,1113.4,0.0
gfx950,256,3786,4096,1024,54,0,16.3616,_ZN5aiter42f4gemm_bf16_per1x32Fp4_BpreShuffle_256x256E,1941.09,2142.24,0.0
gfx950,256,3788,1280,4096,46,0,17.8006,_ZN5aiter42f4gemm_bf16_per1x32Fp4_BpreShuffle_160x128E,2231.39,1127.86,0.0
gfx950,256,3788,4096,1024,54,0,16.1309,_ZN5aiter42f4gemm_bf16_per1x32Fp4_BpreShuffle_256x256E,1969.89,2173.96,0.0
gfx950,256,3789,1280,4096,46,0,18.2131,_ZN5aiter42f4gemm_bf16_per1x32Fp4_BpreShuffle_160x128E,2181.43,1102.57,0.0
gfx950,256,3789,4096,1024,54,0,16.1892,_ZN5aiter42f4gemm_bf16_per1x32Fp4_BpreShuffle_256x256E,1963.31,2166.67,0.0
gfx950,256,3811,1280,4096,46,0,18.2817,_ZN5aiter42f4gemm_bf16_per1x32Fp4_BpreShuffle_160x128E,2185.86,1103.97,0.0
gfx950,256,3811,4096,1024,54,0,16.3195,_ZN5aiter42f4gemm_bf16_per1x32Fp4_BpreShuffle_256x256E,1958.94,2161.1,0.0
gfx950,256,3812,9216,4096,50,0,85.282,_ZN5aiter42f4gemm_bf16_per1x32Fp4_BpreShuffle_192x256E,3374.64,1136.75,0.0
gfx950,256,3820,9216,4096,54,0,86.3908,_ZN5aiter42f4gemm_bf16_per1x32Fp4_BpreShuffle_256x256E,3338.32,1124.05,0.0
gfx950,256,3822,1280,4096,46,0,18.2992,_ZN5aiter42f4gemm_bf16_per1x32Fp4_BpreShuffle_160x128E,2190.07,1105.69,0.0
gfx950,256,3822,4096,1024,54,0,16.3506,_ZN5aiter42f4gemm_bf16_per1x32Fp4_BpreShuffle_256x256E,1960.86,2162.85,0.0
gfx950,256,3832,1280,4096,46,0,18.5034,_ZN5aiter42f4gemm_bf16_per1x32Fp4_BpreShuffle_160x128E,2171.57,1095.98,0.0
gfx950,256,3832,4096,1024,54,0,15.9284,_ZN5aiter42f4gemm_bf16_per1x32Fp4_BpreShuffle_256x256E,2018.1,2225.64,0.0
gfx950,256,3833,1280,4096,46,0,18.2353,_ZN5aiter42f4gemm_bf16_per1x32Fp4_BpreShuffle_160x128E,2204.07,1112.34,0.0
gfx950,256,3833,4096,1024,54,0,16.2092,_ZN5aiter42f4gemm_bf16_per1x32Fp4_BpreShuffle_256x256E,1983.66,2187.62,0.0
gfx950,256,3835,9216,4096,50,0,86.5057,_ZN5aiter42f4gemm_bf16_per1x32Fp4_BpreShuffle_192x256E,3346.98,1126.11,0.0
gfx950,256,3841,9216,4096,54,0,86.6528,_ZN5aiter42f4gemm_bf16_per1x32Fp4_BpreShuffle_256x256E,3346.53,1125.62,0.0
gfx950,256,3848,9216,4096,54,0,86.726,_ZN5aiter42f4gemm_bf16_per1x32Fp4_BpreShuffle_256x256E,3349.79,1126.32,0.0
gfx950,256,3849,1280,4096,46,0,18.2775,_ZN5aiter42f4gemm_bf16_per1x32Fp4_BpreShuffle_160x128E,2208.16,1113.81,0.0
gfx950,256,3849,4096,1024,54,0,16.4749,_ZN5aiter42f4gemm_bf16_per1x32Fp4_BpreShuffle_256x256E,1959.81,2160.79,0.0
gfx950,256,3850,9216,4096,44,0,87.0177,_ZN5aiter42f4gemm_bf16_per1x32Fp4_BpreShuffle_128x384E,3340.3,1123.02,0.0
gfx950,256,3851,9216,4096,50,0,86.6924,_ZN5aiter42f4gemm_bf16_per1x32Fp4_BpreShuffle_192x256E,3353.71,1127.47,0.0
gfx950,256,3852,1280,4096,46,0,18.1313,_ZN5aiter42f4gemm_bf16_per1x32Fp4_BpreShuffle_160x128E,2227.7,1123.55,0.0
gfx950,256,3852,4096,1024,54,0,16.5241,_ZN5aiter42f4gemm_bf16_per1x32Fp4_BpreShuffle_256x256E,1955.5,2155.94,0.0
gfx950,256,3852,9216,4096,50,0,86.7689,_ZN5aiter42f4gemm_bf16_per1x32Fp4_BpreShuffle_192x256E,3351.62,1126.71,0.0
gfx950,256,3853,1280,4096,46,0,18.0919,_ZN5aiter42f4gemm_bf16_per1x32Fp4_BpreShuffle_160x128E,2233.13,1126.25,0.0
gfx950,256,3853,4096,1024,54,0,16.0674,_ZN5aiter42f4gemm_bf16_per1x32Fp4_BpreShuffle_256x256E,2011.61,2217.76,0.0
gfx950,256,3871,9216,4096,50,0,87.9805,_ZN5aiter42f4gemm_bf16_per1x32Fp4_BpreShuffle_192x256E,3321.77,1115.62,0.0
gfx950,256,3880,1280,4096,46,0,18.1805,_ZN5aiter42f4gemm_bf16_per1x32Fp4_BpreShuffle_160x128E,2237.82,1127.61,0.0
gfx950,256,3880,4096,1024,54,0,16.6994,_ZN5aiter42f4gemm_bf16_per1x32Fp4_BpreShuffle_256x256E,1949.04,2147.9,0.0
gfx950,256,3882,1280,4096,46,0,18.0358,_ZN5aiter42f4gemm_bf16_per1x32Fp4_BpreShuffle_160x128E,2256.94,1137.17,0.0
gfx950,256,3882,4096,1024,54,0,16.7861,_ZN5aiter42f4gemm_bf16_per1x32Fp4_BpreShuffle_256x256E,1939.97,2137.85,0.0
gfx950,256,3897,9216,4096,44,0,88.0422,_ZN5aiter42f4gemm_bf16_per1x32Fp4_BpreShuffle_128x384E,3341.73,1120.88,0.0
gfx950,256,3899,1280,4096,46,0,18.143,_ZN5aiter42f4gemm_bf16_per1x32Fp4_BpreShuffle_160x128E,2253.43,1134.76,0.0
gfx950,256,3899,4096,1024,54,0,16.7204,_ZN5aiter42f4gemm_bf16_per1x32Fp4_BpreShuffle_256x256E,1956.12,2155.09,0.0
gfx950,256,3902,9216,4096,54,0,87.777,_ZN5aiter42f4gemm_bf16_per1x32Fp4_BpreShuffle_256x256E,3356.13,1125.44,0.0
gfx950,256,3912,1280,4096,46,0,18.1136,_ZN5aiter42f4gemm_bf16_per1x32Fp4_BpreShuffle_160x128E,2264.61,1139.91,0.0
gfx950,256,3912,4096,1024,54,0,16.7624,_ZN5aiter42f4gemm_bf16_per1x32Fp4_BpreShuffle_256x256E,1957.73,2156.45,0.0
gfx950,256,3919,1280,4096,46,0,18.2845,_ZN5aiter42f4gemm_bf16_per1x32Fp4_BpreShuffle_160x128E,2247.46,1131.02,0.0
gfx950,256,3919,4096,1024,54,0,16.5441,_ZN5aiter42f4gemm_bf16_per1x32Fp4_BpreShuffle_256x256E,1987.11,2188.58,0.0
gfx950,256,3923,1280,4096,46,0,18.1447,_ZN5aiter42f4gemm_bf16_per1x32Fp4_BpreShuffle_160x128E,2267.09,1140.75,0.0
gfx950,256,3923,4096,1024,45,0,17.7637,_ZN5aiter42f4gemm_bf16_per1x32Fp4_BpreShuffle_128x512E,1852.57,2040.28,0.0
gfx950,256,3928,1280,4096,46,0,18.4383,_ZN5aiter42f4gemm_bf16_per1x32Fp4_BpreShuffle_160x128E,2233.83,1123.84,0.0
gfx950,256,3928,4096,1024,54,0,16.7457,_ZN5aiter42f4gemm_bf16_per1x32Fp4_BpreShuffle_256x256E,1967.7,2166.91,0.0
gfx950,256,3936,9216,4096,54,0,89.2098,_ZN5aiter42f4gemm_bf16_per1x32Fp4_BpreShuffle_256x256E,3331.0,1115.17,0.0
gfx950,256,3940,1280,4096,46,0,18.4206,_ZN5aiter42f4gemm_bf16_per1x32Fp4_BpreShuffle_160x128E,2242.81,1127.92,0.0
gfx950,256,3940,4096,1024,54,0,16.8559,_ZN5aiter42f4gemm_bf16_per1x32Fp4_BpreShuffle_256x256E,1960.8,2158.94,0.0
gfx950,256,3941,1280,4096,46,0,18.3427,_ZN5aiter42f4gemm_bf16_per1x32Fp4_BpreShuffle_160x128E,2252.91,1132.96,0.0
gfx950,256,3941,4096,1024,54,0,16.4053,_ZN5aiter42f4gemm_bf16_per1x32Fp4_BpreShuffle_256x256E,2015.17,2218.77,0.0
gfx950,256,3942,1280,4096,46,0,18.1089,_ZN5aiter42f4gemm_bf16_per1x32Fp4_BpreShuffle_160x128E,2282.57,1147.84,0.0
gfx950,256,3942,4096,1024,54,0,16.8787,_ZN5aiter42f4gemm_bf16_per1x32Fp4_BpreShuffle_256x256E,1959.15,2157.06,0.0
gfx950,256,3945,1280,4096,46,0,18.3503,_ZN5aiter42f4gemm_bf16_per1x32Fp4_BpreShuffle_160x128E,2254.26,1133.5,0.0
gfx950,256,3945,4096,1024,54,0,16.47,_ZN5aiter42f4gemm_bf16_per1x32Fp4_BpreShuffle_256x256E,2009.29,2212.17,0.0
gfx950,256,3949,1280,4096,46,0,18.2523,_ZN5aiter42f4gemm_bf16_per1x32Fp4_BpreShuffle_160x128E,2268.66,1140.59,0.0
gfx950,256,3949,4096,1024,54,0,17.0171,_ZN5aiter42f4gemm_bf16_per1x32Fp4_BpreShuffle_256x256E,1946.67,2143.09,0.0
gfx950,256,3954,1280,4096,46,0,18.311,_ZN5aiter42f4gemm_bf16_per1x32Fp4_BpreShuffle_160x128E,2264.25,1138.19,0.0
gfx950,256,3954,4096,1024,54,0,16.5895,_ZN5aiter42f4gemm_bf16_per1x32Fp4_BpreShuffle_256x256E,1999.37,2200.96,0.0
gfx950,256,3957,1280,4096,46,0,18.6697,_ZN5aiter42f4gemm_bf16_per1x32Fp4_BpreShuffle_160x128E,2222.43,1117.07,0.0
gfx950,256,3957,4096,1024,54,0,16.9697,_ZN5aiter42f4gemm_bf16_per1x32Fp4_BpreShuffle_256x256E,1956.06,2153.18,0.0
gfx950,256,3971,9216,4096,50,0,88.369,_ZN5aiter42f4gemm_bf16_per1x32Fp4_BpreShuffle_192x256E,3392.6,1133.89,0.0
gfx950,256,3973,9216,4096,50,0,88.9083,_ZN5aiter42f4gemm_bf16_per1x32Fp4_BpreShuffle_192x256E,3373.72,1127.47,0.0
gfx950,256,3975,9216,4096,50,0,86.4488,_ZN5aiter42f4gemm_bf16_per1x32Fp4_BpreShuffle_192x256E,3471.45,1160.02,0.0
gfx950,256,3978,1280,4096,46,0,18.2102,_ZN5aiter42f4gemm_bf16_per1x32Fp4_BpreShuffle_160x128E,2290.6,1150.57,0.0
gfx950,256,3978,4096,1024,54,0,16.5719,_ZN5aiter42f4gemm_bf16_per1x32Fp4_BpreShuffle_256x256E,2013.64,2215.9,0.0
gfx950,256,3981,1280,4096,46,0,18.2151,_ZN5aiter42f4gemm_bf16_per1x32Fp4_BpreShuffle_160x128E,2291.71,1151.02,0.0
gfx950,256,3981,4096,1024,54,0,16.8426,_ZN5aiter42f4gemm_bf16_per1x32Fp4_BpreShuffle_256x256E,1982.77,2181.84,0.0
gfx950,256,3983,1280,4096,46,0,18.2516,_ZN5aiter42f4gemm_bf16_per1x32Fp4_BpreShuffle_160x128E,2288.28,1149.22,0.0
gfx950,256,3983,4096,1024,54,0,16.766,_ZN5aiter42f4gemm_bf16_per1x32Fp4_BpreShuffle_256x256E,1992.83,2192.84,0.0
gfx950,256,3993,1280,4096,46,0,18.5295,_ZN5aiter42f4gemm_bf16_per1x32Fp4_BpreShuffle_160x128E,2259.62,1134.47,0.0
gfx950,256,3993,4096,1024,54,0,16.9003,_ZN5aiter42f4gemm_bf16_per1x32Fp4_BpreShuffle_256x256E,1981.96,2180.57,0.0
gfx950,256,3996,1280,4096,46,0,18.3858,_ZN5aiter42f4gemm_bf16_per1x32Fp4_BpreShuffle_160x128E,2278.99,1144.09,0.0
gfx950,256,3996,4096,1024,54,0,16.831,_ZN5aiter42f4gemm_bf16_per1x32Fp4_BpreShuffle_256x256E,1991.62,2191.1,0.0
gfx950,256,3997,1280,4096,46,0,18.3665,_ZN5aiter42f4gemm_bf16_per1x32Fp4_BpreShuffle_160x128E,2281.96,1145.54,0.0
gfx950,256,3997,4096,1024,54,0,16.6101,_ZN5aiter42f4gemm_bf16_per1x32Fp4_BpreShuffle_256x256E,2018.61,2220.76,0.0
gfx950,256,4001,9216,4096,44,0,88.8369,_ZN5aiter42f4gemm_bf16_per1x32Fp4_BpreShuffle_128x384E,3400.22,1134.83,0.0
gfx950,256,4005,1280,4096,38,0,19.1956,_ZN5aiter41f4gemm_bf16_per1x32Fp4_BpreShuffle_96x256E,2187.77,1097.98,0.0
gfx950,256,4005,4096,1024,54,0,16.585,_ZN5aiter42f4gemm_bf16_per1x32Fp4_BpreShuffle_256x256E,2025.71,2228.32,0.0
gfx950,256,4011,9216,4096,50,0,88.1289,_ZN5aiter42f4gemm_bf16_per1x32Fp4_BpreShuffle_192x256E,3436.11,1146.27,0.0
gfx950,256,4017,1280,4096,38,0,19.3704,_ZN5aiter41f4gemm_bf16_per1x32Fp4_BpreShuffle_96x256E,2174.52,1090.93,0.0
gfx950,256,4017,4096,1024,54,0,16.9204,_ZN5aiter42f4gemm_bf16_per1x32Fp4_BpreShuffle_256x256E,1991.5,2190.32,0.0
gfx950,256,4020,9216,4096,44,0,89.7415,_ZN5aiter42f4gemm_bf16_per1x32Fp4_BpreShuffle_128x384E,3381.93,1127.73,0.0
gfx950,256,4022,1280,4096,38,0,19.5537,_ZN5aiter41f4gemm_bf16_per1x32Fp4_BpreShuffle_96x256E,2156.82,1081.88,0.0
gfx950,256,4022,4096,1024,54,0,16.911,_ZN5aiter42f4gemm_bf16_per1x32Fp4_BpreShuffle_256x256E,1995.09,2194.11,0.0
gfx950,256,4024,9216,4096,54,0,88.7282,_ZN5aiter42f4gemm_bf16_per1x32Fp4_BpreShuffle_256x256E,3423.96,1141.53,0.0
gfx950,256,4037,9216,4096,44,0,90.0681,_ZN5aiter42f4gemm_bf16_per1x32Fp4_BpreShuffle_128x384E,3383.92,1127.5,0.0
gfx950,256,4045,9216,4096,44,0,89.9706,_ZN5aiter42f4gemm_bf16_per1x32Fp4_BpreShuffle_128x384E,3394.3,1130.55,0.0
gfx950,256,4066,9216,4096,44,0,89.7841,_ZN5aiter42f4gemm_bf16_per1x32Fp4_BpreShuffle_128x384E,3419.01,1137.69,0.0
gfx950,256,4076,9216,4096,44,0,89.4745,_ZN5aiter42f4gemm_bf16_per1x32Fp4_BpreShuffle_128x384E,3439.28,1143.91,0.0
gfx950,256,4081,9216,4096,44,0,89.7976,_ZN5aiter42f4gemm_bf16_per1x32Fp4_BpreShuffle_128x384E,3431.11,1140.94,0.0
gfx950,256,4094,1280,4096,38,0,19.3852,_ZN5aiter41f4gemm_bf16_per1x32Fp4_BpreShuffle_96x256E,2214.51,1108.4,0.0
gfx950,256,4094,4096,1024,54,0,16.7422,_ZN5aiter42f4gemm_bf16_per1x32Fp4_BpreShuffle_256x256E,2051.28,2253.67,0.0
gfx950,256,4096,2304,4096,47,0,26.4479,_ZN5aiter42f4gemm_bf16_per1x32Fp4_BpreShuffle_160x256E,2923.08,1209.23,0.0
gfx950,256,4096,4096,2048,54,0,25.0503,_ZN5aiter42f4gemm_bf16_per1x32Fp4_BpreShuffle_256x256E,2743.26,1674.35,0.0
gfx950,256,4096,4608,4096,50,0,51.3392,_ZN5aiter42f4gemm_bf16_per1x32Fp4_BpreShuffle_160x256E,3011.71,1082.5,0.0
gfx950,256,4101,1280,4096,38,0,19.7885,_ZN5aiter41f4gemm_bf16_per1x32Fp4_BpreShuffle_96x256E,2173.09,1087.44,0.0
gfx950,256,4101,4096,1024,38,0,22.0392,_ZN5aiter41f4gemm_bf16_per1x32Fp4_BpreShuffle_96x256E,1560.93,1714.77,0.0
gfx950,256,4104,9216,4096,52,0,91.2609,_ZN5aiter42f4gemm_bf16_per1x32Fp4_BpreShuffle_224x256E,3395.12,1127.8,0.0
gfx950,256,4188,1280,4096,38,0,19.7191,_ZN5aiter41f4gemm_bf16_per1x32Fp4_BpreShuffle_96x256E,2227.0,1111.6,0.0
gfx950,256,4188,4096,1024,38,0,22.186,_ZN5aiter41f4gemm_bf16_per1x32Fp4_BpreShuffle_96x256E,1583.5,1737.56,0.0
gfx950,256,4190,1280,4096,38,0,19.5237,_ZN5aiter41f4gemm_bf16_per1x32Fp4_BpreShuffle_96x256E,2250.36,1123.2,0.0
gfx950,256,4190,4096,1024,38,0,22.2759,_ZN5aiter41f4gemm_bf16_per1x32Fp4_BpreShuffle_96x256E,1577.86,1731.33,0.0
gfx950,256,4197,9216,4096,54,0,93.4453,_ZN5aiter42f4gemm_bf16_per1x32Fp4_BpreShuffle_256x256E,3390.89,1121.82,0.0
gfx950,256,4287,9216,4096,54,0,93.1621,_ZN5aiter42f4gemm_bf16_per1x32Fp4_BpreShuffle_256x256E,3474.13,1145.02,0.0
gfx950,256,4338,2304,4096,47,0,26.6469,_ZN5aiter42f4gemm_bf16_per1x32Fp4_BpreShuffle_160x256E,3072.67,1260.65,0.0
gfx950,256,4338,4096,2048,39,0,32.9757,_ZN5aiter41f4gemm_bf16_per1x32Fp4_BpreShuffle_96x384E,2207.07,1339.57,0.0
gfx950,256,4378,2304,4096,47,0,27.0953,_ZN5aiter42f4gemm_bf16_per1x32Fp4_BpreShuffle_160x256E,3049.68,1249.61,0.0
gfx950,256,4378,4096,2048,39,0,32.598,_ZN5aiter41f4gemm_bf16_per1x32Fp4_BpreShuffle_96x384E,2253.23,1366.4,0.0
gfx950,256,4416,4608,4096,47,0,54.0774,_ZN5aiter42f4gemm_bf16_per1x32Fp4_BpreShuffle_160x256E,3082.59,1094.34,0.0
gfx950,256,4544,9216,4096,54,0,94.8001,_ZN5aiter42f4gemm_bf16_per1x32Fp4_BpreShuffle_256x256E,3618.78,1180.75,0.0
gfx950,256,4609,1280,4096,38,0,20.096,_ZN5aiter41f4gemm_bf16_per1x32Fp4_BpreShuffle_96x256E,2404.9,1187.29,0.0
gfx950,256,4609,4096,1024,47,0,23.5909,_ZN5aiter42f4gemm_bf16_per1x32Fp4_BpreShuffle_160x256E,1638.9,1789.41,0.0
gfx950,256,4701,1280,4096,38,0,20.3531,_ZN5aiter41f4gemm_bf16_per1x32Fp4_BpreShuffle_96x256E,2421.92,1193.12,0.0
gfx950,256,4701,4096,1024,47,0,24.3874,_ZN5aiter42f4gemm_bf16_per1x32Fp4_BpreShuffle_160x256E,1617.02,1763.81,0.0
gfx950,256,4790,9216,4096,54,0,99.0569,_ZN5aiter42f4gemm_bf16_per1x32Fp4_BpreShuffle_256x256E,3650.76,1180.87,0.0
gfx950,256,4825,1280,4096,38,0,20.03,_ZN5aiter41f4gemm_bf16_per1x32Fp4_BpreShuffle_96x256E,2525.9,1240.89,0.0
gfx950,256,4825,4096,1024,47,0,23.8044,_ZN5aiter42f4gemm_bf16_per1x32Fp4_BpreShuffle_160x256E,1700.32,1852.34,0.0
gfx950,256,4885,1280,4096,38,0,20.5021,_ZN5aiter41f4gemm_bf16_per1x32Fp4_BpreShuffle_96x256E,2498.42,1225.8,0.0
gfx950,256,4885,4096,1024,47,0,24.3614,_ZN5aiter42f4gemm_bf16_per1x32Fp4_BpreShuffle_160x256E,1682.1,1831.43,0.0
gfx950,256,4939,1280,4096,43,0,21.5592,_ZN5aiter42f4gemm_bf16_per1x32Fp4_BpreShuffle_128x256E,2402.18,1177.24,0.0
gfx950,256,4939,4096,1024,47,0,24.8166,_ZN5aiter42f4gemm_bf16_per1x32Fp4_BpreShuffle_160x256E,1669.5,1816.78,0.0
gfx950,256,4988,1280,4096,43,0,21.7791,_ZN5aiter42f4gemm_bf16_per1x32Fp4_BpreShuffle_128x256E,2401.52,1175.72,0.0
gfx950,256,4988,4096,1024,47,0,24.2351,_ZN5aiter42f4gemm_bf16_per1x32Fp4_BpreShuffle_160x256E,1726.52,1877.97,0.0
gfx950,256,4988,9216,4096,54,0,99.816,_ZN5aiter42f4gemm_bf16_per1x32Fp4_BpreShuffle_256x256E,3772.76,1212.52,0.0
gfx950,256,4992,1280,4096,51,0,21.6771,_ZN5aiter42f4gemm_bf16_per1x32Fp4_BpreShuffle_224x128E,2414.76,1182.1,0.0
gfx950,256,4992,4096,1024,47,0,24.9458,_ZN5aiter42f4gemm_bf16_per1x32Fp4_BpreShuffle_160x256E,1678.68,1825.86,0.0
gfx950,256,4995,1280,4096,43,0,21.2346,_ZN5aiter42f4gemm_bf16_per1x32Fp4_BpreShuffle_128x256E,2466.56,1207.39,0.0
gfx950,256,4995,4096,1024,47,0,24.5567,_ZN5aiter42f4gemm_bf16_per1x32Fp4_BpreShuffle_160x256E,1706.3,1855.85,0.0
gfx950,256,5022,9216,4096,54,0,100.3349,_ZN5aiter42f4gemm_bf16_per1x32Fp4_BpreShuffle_256x256E,3778.83,1213.19,0.0
gfx950,256,5024,1280,4096,43,0,21.364,_ZN5aiter42f4gemm_bf16_per1x32Fp4_BpreShuffle_128x256E,2465.85,1206.33,0.0
gfx950,256,5024,4096,1024,47,0,24.8931,_ZN5aiter42f4gemm_bf16_per1x32Fp4_BpreShuffle_160x256E,1693.01,1840.91,0.0
gfx950,256,5027,1280,4096,43,0,21.2791,_ZN5aiter42f4gemm_bf16_per1x32Fp4_BpreShuffle_128x256E,2477.17,1211.79,0.0
gfx950,256,5027,4096,1024,47,0,24.302,_ZN5aiter42f4gemm_bf16_per1x32Fp4_BpreShuffle_160x256E,1735.23,1886.76,0.0
gfx950,256,5040,1280,4096,43,0,21.4771,_ZN5aiter42f4gemm_bf16_per1x32Fp4_BpreShuffle_128x256E,2460.68,1203.41,0.0
gfx950,256,5040,4096,1024,47,0,25.5024,_ZN5aiter42f4gemm_bf16_per1x32Fp4_BpreShuffle_160x256E,1657.83,1802.39,0.0
gfx950,256,5049,1280,4096,43,0,21.4021,_ZN5aiter42f4gemm_bf16_per1x32Fp4_BpreShuffle_128x256E,2473.71,1209.57,0.0
gfx950,256,5049,4096,1024,47,0,25.2821,_ZN5aiter42f4gemm_bf16_per1x32Fp4_BpreShuffle_160x256E,1675.26,1821.2,0.0
gfx950,256,5052,1280,4096,43,0,21.3555,_ZN5aiter42f4gemm_bf16_per1x32Fp4_BpreShuffle_128x256E,2480.58,1212.85,0.0
gfx950,256,5052,4096,1024,47,0,25.146,_ZN5aiter42f4gemm_bf16_per1x32Fp4_BpreShuffle_160x256E,1685.33,1832.09,0.0
gfx950,256,5054,1280,4096,43,0,21.5043,_ZN5aiter42f4gemm_bf16_per1x32Fp4_BpreShuffle_128x256E,2464.39,1204.89,0.0
gfx950,256,5054,4096,1024,47,0,24.8858,_ZN5aiter42f4gemm_bf16_per1x32Fp4_BpreShuffle_160x256E,1703.62,1851.95,0.0
gfx950,256,5054,9216,4096,54,0,100.0018,_ZN5aiter42f4gemm_bf16_per1x32Fp4_BpreShuffle_256x256E,3815.57,1223.78,0.0
gfx950,256,5090,9216,4096,54,0,99.4205,_ZN5aiter42f4gemm_bf16_per1x32Fp4_BpreShuffle_256x256E,3865.22,1238.35,0.0
gfx950,256,5098,1280,4096,43,0,21.8854,_ZN5aiter42f4gemm_bf16_per1x32Fp4_BpreShuffle_128x256E,2442.56,1193.17,0.0
gfx950,256,5098,4096,1024,47,0,25.3044,_ZN5aiter42f4gemm_bf16_per1x32Fp4_BpreShuffle_160x256E,1690.03,1836.45,0.0
gfx950,256,5101,1280,4096,51,0,22.1118,_ZN5aiter42f4gemm_bf16_per1x32Fp4_BpreShuffle_224x128E,2418.97,1181.58,0.0
gfx950,256,5101,4096,1024,47,0,25.3829,_ZN5aiter42f4gemm_bf16_per1x32Fp4_BpreShuffle_160x256E,1685.79,1831.79,0.0
gfx950,256,5108,1280,4096,43,0,21.8238,_ZN5aiter42f4gemm_bf16_per1x32Fp4_BpreShuffle_128x256E,2454.26,1198.65,0.0
gfx950,256,5108,4096,1024,47,0,24.8635,_ZN5aiter42f4gemm_bf16_per1x32Fp4_BpreShuffle_160x256E,1723.37,1872.51,0.0
gfx950,256,5132,1280,4096,43,0,21.3242,_ZN5aiter42f4gemm_bf16_per1x32Fp4_BpreShuffle_128x256E,2523.56,1231.92,0.0
gfx950,256,5132,4096,1024,40,0,26.5221,_ZN5aiter41f4gemm_bf16_per1x32Fp4_BpreShuffle_96x512E,1623.19,1763.29,0.0
gfx950,256,5152,1280,4096,43,0,21.6122,_ZN5aiter42f4gemm_bf16_per1x32Fp4_BpreShuffle_128x256E,2499.64,1219.77,0.0
gfx950,256,5152,4096,1024,40,0,26.2633,_ZN5aiter41f4gemm_bf16_per1x32Fp4_BpreShuffle_96x512E,1645.57,1787.29,0.0
gfx950,256,5156,9216,4096,54,0,100.0785,_ZN5aiter42f4gemm_bf16_per1x32Fp4_BpreShuffle_256x256E,3889.6,1243.72,0.0
gfx950,256,5170,1280,4096,43,0,21.5884,_ZN5aiter42f4gemm_bf16_per1x32Fp4_BpreShuffle_128x256E,2511.13,1224.95,0.0
gfx950,256,5170,4096,1024,40,0,26.4293,_ZN5aiter41f4gemm_bf16_per1x32Fp4_BpreShuffle_96x512E,1640.95,1781.99,0.0
gfx950,256,5178,1280,4096,43,0,21.7191,_ZN5aiter42f4gemm_bf16_per1x32Fp4_BpreShuffle_128x256E,2499.89,1219.28,0.0
gfx950,256,5178,4096,1024,40,0,26.2004,_ZN5aiter41f4gemm_bf16_per1x32Fp4_BpreShuffle_96x512E,1657.85,1800.22,0.0
gfx950,256,5184,9216,4096,54,0,100.7073,_ZN5aiter42f4gemm_bf16_per1x32Fp4_BpreShuffle_256x256E,3886.3,1241.64,0.0
gfx950,256,5189,2304,4096,44,0,31.0172,_ZN5aiter42f4gemm_bf16_per1x32Fp4_BpreShuffle_128x384E,3157.57,1265.64,0.0
gfx950,256,5189,4096,2048,44,0,37.4285,_ZN5aiter42f4gemm_bf16_per1x32Fp4_BpreShuffle_128x384E,2325.95,1389.75,0.0
gfx950,256,5208,1280,4096,43,0,21.9538,_ZN5aiter42f4gemm_bf16_per1x32Fp4_BpreShuffle_128x256E,2487.49,1212.54,0.0
gfx950,256,5208,4096,1024,45,0,26.8756,_ZN5aiter42f4gemm_bf16_per1x32Fp4_BpreShuffle_128x512E,1625.56,1764.71,0.0
gfx950,256,5216,1280,4096,43,0,22.1922,_ZN5aiter42f4gemm_bf16_per1x32Fp4_BpreShuffle_128x256E,2464.55,1201.18,0.0
gfx950,256,5216,4096,1024,40,0,26.6106,_ZN5aiter41f4gemm_bf16_per1x32Fp4_BpreShuffle_96x512E,1644.27,1784.9,0.0
gfx950,256,5217,1280,4096,43,0,22.0618,_ZN5aiter42f4gemm_bf16_per1x32Fp4_BpreShuffle_128x256E,2479.59,1208.49,0.0
gfx950,256,5217,4096,1024,40,0,26.5349,_ZN5aiter41f4gemm_bf16_per1x32Fp4_BpreShuffle_96x512E,1649.28,1790.32,0.0
gfx950,256,5217,4608,4096,44,0,60.575,_ZN5aiter42f4gemm_bf16_per1x32Fp4_BpreShuffle_128x384E,3251.1,1125.9,0.0
gfx950,256,5218,9216,4096,54,0,102.111,_ZN5aiter42f4gemm_bf16_per1x32Fp4_BpreShuffle_256x256E,3858.02,1231.4,0.0
gfx950,256,5228,4608,4096,50,0,61.3839,_ZN5aiter42f4gemm_bf16_per1x32Fp4_BpreShuffle_192x256E,3215.02,1113.08,0.0
gfx950,256,5229,1280,4096,43,0,22.1647,_ZN5aiter42f4gemm_bf16_per1x32Fp4_BpreShuffle_128x256E,2473.76,1205.37,0.0
gfx950,256,5229,4096,1024,40,0,26.5408,_ZN5aiter41f4gemm_bf16_per1x32Fp4_BpreShuffle_96x512E,1652.7,1793.86,0.0
gfx950,256,5237,1280,4096,43,0,22.0711,_ZN5aiter42f4gemm_bf16_per1x32Fp4_BpreShuffle_128x256E,2488.05,1212.15,0.0
gfx950,256,5237,4096,1024,40,0,26.299,_ZN5aiter41f4gemm_bf16_per1x32Fp4_BpreShuffle_96x512E,1670.45,1813.0,0.0
gfx950,256,5247,1280,4096,43,0,22.1505,_ZN5aiter42f4gemm_bf16_per1x32Fp4_BpreShuffle_128x256E,2483.86,1209.89,0.0
gfx950,256,5247,4096,1024,40,0,26.8588,_ZN5aiter41f4gemm_bf16_per1x32Fp4_BpreShuffle_96x512E,1638.76,1778.45,0.0
gfx950,256,5251,4608,4096,44,0,61.4003,_ZN5aiter42f4gemm_bf16_per1x32Fp4_BpreShuffle_128x384E,3228.3,1117.01,0.0
gfx950,256,5251,9216,4096,54,0,101.2707,_ZN5aiter42f4gemm_bf16_per1x32Fp4_BpreShuffle_256x256E,3914.63,1248.29,0.0
gfx950,256,5263,1280,4096,43,0,21.7943,_ZN5aiter42f4gemm_bf16_per1x32Fp4_BpreShuffle_128x256E,2532.16,1233.04,0.0
gfx950,256,5263,4096,1024,54,0,26.7053,_ZN5aiter42f4gemm_bf16_per1x32Fp4_BpreShuffle_256x256E,1653.2,1793.89,0.0
gfx950,256,5264,1280,4096,43,0,21.3819,_ZN5aiter42f4gemm_bf16_per1x32Fp4_BpreShuffle_128x256E,2581.48,1257.04,0.0
gfx950,256,5264,4096,1024,40,0,26.5905,_ZN5aiter41f4gemm_bf16_per1x32Fp4_BpreShuffle_96x512E,1660.65,1801.96,0.0
gfx950,256,5270,9216,4096,54,0,102.5916,_ZN5aiter42f4gemm_bf16_per1x32Fp4_BpreShuffle_256x256E,3878.21,1236.01,0.0
gfx950,256,5271,1280,4096,43,0,21.4713,_ZN5aiter42f4gemm_bf16_per1x32Fp4_BpreShuffle_128x256E,2574.15,1253.31,0.0
gfx950,256,5271,4096,1024,40,0,26.5657,_ZN5aiter41f4gemm_bf16_per1x32Fp4_BpreShuffle_96x512E,1664.42,1805.94,0.0
gfx950,256,5294,9216,4096,54,0,101.061,_ZN5aiter42f4gemm_bf16_per1x32Fp4_BpreShuffle_256x256E,3954.87,1259.59,0.0
gfx950,256,5311,1280,4096,43,0,21.9386,_ZN5aiter42f4gemm_bf16_per1x32Fp4_BpreShuffle_128x256E,2538.44,1235.02,0.0
gfx950,256,5311,4096,1024,40,0,26.5356,_ZN5aiter41f4gemm_bf16_per1x32Fp4_BpreShuffle_96x512E,1678.95,1821.1,0.0
gfx950,256,5311,9216,4096,54,0,103.001,_ZN5aiter42f4gemm_bf16_per1x32Fp4_BpreShuffle_256x256E,3892.85,1239.25,0.0
gfx950,256,5337,1280,4096,43,0,22.0442,_ZN5aiter42f4gemm_bf16_per1x32Fp4_BpreShuffle_128x256E,2538.65,1234.53,0.0
gfx950,256,5337,4096,1024,40,0,26.4805,_ZN5aiter41f4gemm_bf16_per1x32Fp4_BpreShuffle_96x512E,1690.68,1833.44,0.0
gfx950,256,5363,9216,4096,54,0,101.6298,_ZN5aiter42f4gemm_bf16_per1x32Fp4_BpreShuffle_256x256E,3984.0,1266.45,0.0
gfx950,256,5384,9216,4096,54,0,117.5091,_ZN5aiter42f4gemm_bf16_per1x32Fp4_BpreShuffle_256x256E,3459.12,1098.97,0.0
gfx950,256,5391,2304,4096,52,0,32.6599,_ZN5aiter42f4gemm_bf16_per1x32Fp4_BpreShuffle_224x256E,3115.49,1243.15,0.0
gfx950,256,5391,4096,2048,44,0,38.5701,_ZN5aiter42f4gemm_bf16_per1x32Fp4_BpreShuffle_128x384E,2344.98,1396.88,0.0
gfx950,256,5399,1280,4096,43,0,21.6908,_ZN5aiter42f4gemm_bf16_per1x32Fp4_BpreShuffle_128x256E,2609.98,1267.82,0.0
gfx950,256,5399,4096,1024,40,0,26.7814,_ZN5aiter41f4gemm_bf16_per1x32Fp4_BpreShuffle_96x512E,1691.1,1832.99,0.0
gfx950,256,5496,9216,4096,54,0,110.1103,_ZN5aiter42f4gemm_bf16_per1x32Fp4_BpreShuffle_256x256E,3768.35,1193.64,0.0
gfx950,256,5563,9216,4096,54,0,114.9539,_ZN5aiter42f4gemm_bf16_per1x32Fp4_BpreShuffle_256x256E,3653.57,1155.29,0.0
gfx950,256,5592,1280,4096,43,0,22.5835,_ZN5aiter42f4gemm_bf16_per1x32Fp4_BpreShuffle_128x256E,2596.43,1257.08,0.0
gfx950,256,5592,4096,1024,40,0,26.6681,_ZN5aiter41f4gemm_bf16_per1x32Fp4_BpreShuffle_96x512E,1759.0,1903.77,0.0
gfx950,256,5663,9216,4096,54,0,120.7475,_ZN5aiter42f4gemm_bf16_per1x32Fp4_BpreShuffle_256x256E,3540.8,1116.81,0.0
gfx950,256,5693,4608,4096,52,0,65.5587,_ZN5aiter42f4gemm_bf16_per1x32Fp4_BpreShuffle_224x256E,3278.03,1122.1,0.0
gfx950,256,5705,9216,4096,54,0,118.587,_ZN5aiter42f4gemm_bf16_per1x32Fp4_BpreShuffle_256x256E,3632.04,1144.42,0.0
gfx950,256,5751,9216,4096,54,0,118.4391,_ZN5aiter42f4gemm_bf16_per1x32Fp4_BpreShuffle_256x256E,3665.9,1153.8,0.0
gfx950,256,5782,2304,4096,52,0,33.1133,_ZN5aiter42f4gemm_bf16_per1x32Fp4_BpreShuffle_224x256E,3295.7,1304.72,0.0
gfx950,256,5782,4096,2048,50,0,38.7202,_ZN5aiter42f4gemm_bf16_per1x32Fp4_BpreShuffle_192x256E,2505.3,1484.53,0.0
gfx950,256,5846,9216,4096,54,0,119.4671,_ZN5aiter42f4gemm_bf16_per1x32Fp4_BpreShuffle_256x256E,3694.39,1160.16,0.0
gfx950,256,5890,9216,4096,54,0,121.8259,_ZN5aiter42f4gemm_bf16_per1x32Fp4_BpreShuffle_256x256E,3650.13,1145.09,0.0
gfx950,256,5905,9216,4096,54,0,122.2367,_ZN5aiter42f4gemm_bf16_per1x32Fp4_BpreShuffle_256x256E,3647.13,1143.75,0.0
gfx950,256,6029,1280,4096,43,0,22.6294,_ZN5aiter42f4gemm_bf16_per1x32Fp4_BpreShuffle_128x256E,2793.65,1343.52,0.0
gfx950,256,6029,4096,1024,40,0,28.1408,_ZN5aiter41f4gemm_bf16_per1x32Fp4_BpreShuffle_96x512E,1797.21,1939.3,0.0
gfx950,256,6057,9216,4096,54,0,121.4911,_ZN5aiter42f4gemm_bf16_per1x32Fp4_BpreShuffle_256x256E,3763.96,1176.4,0.0
gfx950,256,6062,4608,4096,54,0,66.4747,_ZN5aiter42f4gemm_bf16_per1x32Fp4_BpreShuffle_256x256E,3442.4,1169.16,0.0
gfx950,256,6085,4608,4096,48,0,67.93,_ZN5aiter42f4gemm_bf16_per1x32Fp4_BpreShuffle_160x384E,3381.44,1147.93,0.0
gfx950,256,6123,4608,4096,54,0,66.8024,_ZN5aiter42f4gemm_bf16_per1x32Fp4_BpreShuffle_256x256E,3459.99,1173.71,0.0
gfx950,256,6234,2304,4096,54,0,34.7693,_ZN5aiter42f4gemm_bf16_per1x32Fp4_BpreShuffle_256x256E,3384.1,1329.11,0.0
gfx950,256,6234,4096,2048,45,0,41.6056,_ZN5aiter42f4gemm_bf16_per1x32Fp4_BpreShuffle_128x512E,2513.82,1481.7,0.0
gfx950,256,6246,1280,4096,43,0,23.7363,_ZN5aiter42f4gemm_bf16_per1x32Fp4_BpreShuffle_128x256E,2759.24,1323.0,0.0
gfx950,256,6246,4096,1024,54,0,28.6577,_ZN5aiter42f4gemm_bf16_per1x32Fp4_BpreShuffle_256x256E,1828.31,1970.23,0.0
gfx950,256,6254,1280,4096,43,0,23.4483,_ZN5aiter42f4gemm_bf16_per1x32Fp4_BpreShuffle_128x256E,2796.7,1340.82,0.0
gfx950,256,6254,4096,1024,54,0,29.2225,_ZN5aiter42f4gemm_bf16_per1x32Fp4_BpreShuffle_256x256E,1795.27,1934.54,0.0
gfx950,256,6259,1280,4096,43,0,23.7644,_ZN5aiter42f4gemm_bf16_per1x32Fp4_BpreShuffle_128x256E,2761.71,1323.95,0.0
gfx950,256,6259,4096,1024,54,0,28.607,_ZN5aiter42f4gemm_bf16_per1x32Fp4_BpreShuffle_256x256E,1835.37,1977.68,0.0
gfx950,256,6288,1280,4096,43,0,22.5717,_ZN5aiter42f4gemm_bf16_per1x32Fp4_BpreShuffle_128x256E,2921.11,1399.83,0.0
gfx950,256,6288,4096,1024,54,0,28.7388,_ZN5aiter42f4gemm_bf16_per1x32Fp4_BpreShuffle_256x256E,1835.41,1977.39,0.0
gfx950,256,6292,1280,4096,43,0,22.6516,_ZN5aiter42f4gemm_bf16_per1x32Fp4_BpreShuffle_128x256E,2912.66,1395.71,0.0
gfx950,256,6292,4096,1024,54,0,28.7835,_ZN5aiter42f4gemm_bf16_per1x32Fp4_BpreShuffle_256x256E,1833.73,1975.53,0.0
gfx950,256,6297,1280,4096,43,0,22.9316,_ZN5aiter42f4gemm_bf16_per1x32Fp4_BpreShuffle_128x256E,2879.38,1379.67,0.0
gfx950,256,6297,4096,1024,54,0,29.24,_ZN5aiter42f4gemm_bf16_per1x32Fp4_BpreShuffle_256x256E,1806.53,1946.18,0.0
gfx950,256,6321,9216,4096,54,0,125.9471,_ZN5aiter42f4gemm_bf16_per1x32Fp4_BpreShuffle_256x256E,3789.05,1177.7,0.0
gfx950,256,6323,2304,4096,48,0,35.2956,_ZN5aiter42f4gemm_bf16_per1x32Fp4_BpreShuffle_160x384E,3381.23,1326.07,0.0
gfx950,256,6323,4096,2048,45,0,42.1221,_ZN5aiter42f4gemm_bf16_per1x32Fp4_BpreShuffle_128x512E,2518.45,1483.0,0.0
gfx950,256,6339,9216,4096,54,0,125.5102,_ZN5aiter42f4gemm_bf16_per1x32Fp4_BpreShuffle_256x256E,3813.06,1184.74,0.0
gfx950,256,6382,1280,4096,43,0,24.528,_ZN5aiter42f4gemm_bf16_per1x32Fp4_BpreShuffle_128x256E,2728.32,1305.84,0.0
gfx950,256,6382,4096,1024,54,0,28.9624,_ZN5aiter42f4gemm_bf16_per1x32Fp4_BpreShuffle_256x256E,1848.47,1990.38,0.0
gfx950,256,6406,1280,4096,43,0,23.3956,_ZN5aiter42f4gemm_bf16_per1x32Fp4_BpreShuffle_128x256E,2871.13,1373.77,0.0
gfx950,256,6406,4096,1024,54,0,29.2177,_ZN5aiter42f4gemm_bf16_per1x32Fp4_BpreShuffle_256x256E,1839.21,1980.13,0.0
gfx950,256,6413,1280,4096,43,0,23.2896,_ZN5aiter42f4gemm_bf16_per1x32Fp4_BpreShuffle_128x256E,2887.35,1381.41,0.0
gfx950,256,6413,4096,1024,54,0,29.3342,_ZN5aiter42f4gemm_bf16_per1x32Fp4_BpreShuffle_256x256E,1833.91,1974.35,0.0
gfx950,256,6423,1280,4096,43,0,22.9596,_ZN5aiter42f4gemm_bf16_per1x32Fp4_BpreShuffle_128x256E,2933.42,1403.27,0.0
gfx950,256,6423,4096,1024,54,0,28.7138,_ZN5aiter42f4gemm_bf16_per1x32Fp4_BpreShuffle_256x256E,1876.45,2020.04,0.0
gfx950,256,6427,4608,4096,48,0,69.0904,_ZN5aiter42f4gemm_bf16_per1x32Fp4_BpreShuffle_160x384E,3511.5,1184.4,0.0
gfx950,256,6502,1280,4096,43,0,23.6308,_ZN5aiter42f4gemm_bf16_per1x32Fp4_BpreShuffle_128x256E,2885.15,1378.82,0.0
gfx950,256,6502,4096,1024,54,0,29.2623,_ZN5aiter42f4gemm_bf16_per1x32Fp4_BpreShuffle_256x256E,1863.92,2005.67,0.0
gfx950,256,6510,9216,4096,54,0,129.276,_ZN5aiter42f4gemm_bf16_per1x32Fp4_BpreShuffle_256x256E,3801.85,1177.32,0.0
gfx950,256,6518,9216,4096,54,0,126.8842,_ZN5aiter42f4gemm_bf16_per1x32Fp4_BpreShuffle_256x256E,3878.28,1200.8,0.0
gfx950,256,6561,4608,4096,54,0,67.0299,_ZN5aiter42f4gemm_bf16_per1x32Fp4_BpreShuffle_256x256E,3694.91,1243.33,0.0
gfx950,256,6578,1280,4096,47,0,25.4872,_ZN5aiter42f4gemm_bf16_per1x32Fp4_BpreShuffle_160x256E,2706.27,1292.13,0.0
gfx950,256,6578,4096,1024,54,0,29.3059,_ZN5aiter42f4gemm_bf16_per1x32Fp4_BpreShuffle_256x256E,1882.91,2025.26,0.0
gfx950,256,6616,9216,4096,54,0,128.2732,_ZN5aiter42f4gemm_bf16_per1x32Fp4_BpreShuffle_256x256E,3893.96,1203.45,0.0
gfx950,256,6673,1280,4096,47,0,25.8982,_ZN5aiter42f4gemm_bf16_per1x32Fp4_BpreShuffle_160x256E,2701.79,1288.53,0.0
gfx950,256,6673,4096,1024,54,0,28.9584,_ZN5aiter42f4gemm_bf16_per1x32Fp4_BpreShuffle_256x256E,1933.02,2078.12,0.0
gfx950,256,6675,9216,4096,54,0,129.0008,_ZN5aiter42f4gemm_bf16_per1x32Fp4_BpreShuffle_256x256E,3906.53,1206.03,0.0
gfx950,256,6690,4608,4096,54,0,70.6088,_ZN5aiter42f4gemm_bf16_per1x32Fp4_BpreShuffle_256x256E,3576.59,1200.89,0.0
gfx950,256,6700,9216,4096,54,0,130.3001,_ZN5aiter42f4gemm_bf16_per1x32Fp4_BpreShuffle_256x256E,3882.06,1197.93,0.0
gfx950,256,6715,4608,4096,54,0,69.7447,_ZN5aiter42f4gemm_bf16_per1x32Fp4_BpreShuffle_256x256E,3634.44,1219.81,0.0
gfx950,256,6763,4608,4096,45,0,69.5091,_ZN5aiter42f4gemm_bf16_per1x32Fp4_BpreShuffle_128x512E,3672.82,1231.72,0.0
gfx950,256,6820,1280,4096,47,0,25.9918,_ZN5aiter42f4gemm_bf16_per1x32Fp4_BpreShuffle_160x256E,2751.36,1309.95,0.0
gfx950,256,6820,4096,1024,54,0,29.6147,_ZN5aiter42f4gemm_bf16_per1x32Fp4_BpreShuffle_256x256E,1931.82,2075.27,0.0
gfx950,256,6836,4608,4096,54,0,70.7419,_ZN5aiter42f4gemm_bf16_per1x32Fp4_BpreShuffle_256x256E,3647.77,1221.88,0.0
gfx950,256,6877,9216,4096,54,0,129.6186,_ZN5aiter42f4gemm_bf16_per1x32Fp4_BpreShuffle_256x256E,4005.57,1232.19,0.0
gfx950,256,6907,9216,4096,54,0,130.4236,_ZN5aiter42f4gemm_bf16_per1x32Fp4_BpreShuffle_256x256E,3998.21,1229.3,0.0
gfx950,256,6928,1280,4096,47,0,25.5317,_ZN5aiter42f4gemm_bf16_per1x32Fp4_BpreShuffle_160x256E,2845.3,1353.05,0.0
gfx950,256,6928,4096,1024,54,0,29.8162,_ZN5aiter42f4gemm_bf16_per1x32Fp4_BpreShuffle_256x256E,1949.15,2092.77,0.0
gfx950,256,6931,4608,4096,45,0,73.6063,_ZN5aiter42f4gemm_bf16_per1x32Fp4_BpreShuffle_128x512E,3554.54,1188.87,0.0
gfx950,256,7031,4608,4096,54,0,71.3835,_ZN5aiter42f4gemm_bf16_per1x32Fp4_BpreShuffle_256x256E,3718.11,1241.66,0.0
gfx950,256,7047,4608,4096,54,0,69.8284,_ZN5aiter42f4gemm_bf16_per1x32Fp4_BpreShuffle_256x256E,3809.56,1271.9,0.0
gfx950,256,7177,1280,4096,47,0,27.1923,_ZN5aiter42f4gemm_bf16_per1x32Fp4_BpreShuffle_160x256E,2767.56,1312.62,0.0
gfx950,256,7177,4096,1024,54,0,30.2265,_ZN5aiter42f4gemm_bf16_per1x32Fp4_BpreShuffle_256x256E,1991.8,2136.06,0.0
gfx950,256,7188,1280,4096,47,0,27.2372,_ZN5aiter42f4gemm_bf16_per1x32Fp4_BpreShuffle_160x256E,2767.23,1312.31,0.0
gfx950,256,7188,4096,1024,54,0,30.774,_ZN5aiter42f4gemm_bf16_per1x32Fp4_BpreShuffle_256x256E,1959.36,2101.17,0.0
gfx950,256,7191,1280,4096,47,0,26.7312,_ZN5aiter42f4gemm_bf16_per1x32Fp4_BpreShuffle_160x256E,2820.79,1337.67,0.0
gfx950,256,7191,4096,1024,54,0,30.8044,_ZN5aiter42f4gemm_bf16_per1x32Fp4_BpreShuffle_256x256E,1958.24,2099.95,0.0
gfx950,256,7193,2304,4096,39,0,50.6782,_ZN5aiter41f4gemm_bf16_per1x32Fp4_BpreShuffle_96x384E,2678.93,1037.83,0.0
gfx950,256,7193,4096,2048,54,0,43.3337,_ZN5aiter42f4gemm_bf16_per1x32Fp4_BpreShuffle_256x256E,2784.87,1626.56,0.0
gfx950,256,7194,1280,4096,47,0,26.7496,_ZN5aiter42f4gemm_bf16_per1x32Fp4_BpreShuffle_160x256E,2820.03,1337.27,0.0
gfx950,256,7194,4096,1024,45,0,30.5439,_ZN5aiter42f4gemm_bf16_per1x32Fp4_BpreShuffle_128x512E,1975.77,2118.71,0.0
gfx950,256,7205,4608,4096,54,0,83.7728,_ZN5aiter42f4gemm_bf16_per1x32Fp4_BpreShuffle_256x256E,3246.63,1081.43,0.0
gfx950,256,7209,1280,4096,47,0,26.0292,_ZN5aiter42f4gemm_bf16_per1x32Fp4_BpreShuffle_160x256E,2904.12,1376.93,0.0
gfx950,256,7209,4096,1024,54,0,30.6914,_ZN5aiter42f4gemm_bf16_per1x32Fp4_BpreShuffle_256x256E,1970.37,2112.78,0.0
gfx950,256,7220,1280,4096,47,0,26.3665,_ZN5aiter42f4gemm_bf16_per1x32Fp4_BpreShuffle_160x256E,2871.34,1361.24,0.0
gfx950,256,7220,4096,1024,54,0,30.2017,_ZN5aiter42f4gemm_bf16_per1x32Fp4_BpreShuffle_256x256E,2005.38,2150.21,0.0
gfx950,256,7220,9216,4096,54,0,145.0877,_ZN5aiter42f4gemm_bf16_per1x32Fp4_BpreShuffle_256x256E,3756.98,1149.24,0.0
gfx950,256,7225,1280,4096,47,0,26.158,_ZN5aiter42f4gemm_bf16_per1x32Fp4_BpreShuffle_160x256E,2896.23,1372.97,0.0
gfx950,256,7225,4096,1024,54,0,30.4708,_ZN5aiter42f4gemm_bf16_per1x32Fp4_BpreShuffle_256x256E,1989.04,2132.65,0.0
gfx950,256,7226,1280,4096,47,0,26.8832,_ZN5aiter42f4gemm_bf16_per1x32Fp4_BpreShuffle_160x256E,2818.49,1336.11,0.0
gfx950,256,7226,4096,1024,54,0,30.3712,_ZN5aiter42f4gemm_bf16_per1x32Fp4_BpreShuffle_256x256E,1995.84,2139.93,0.0
gfx950,256,7238,1280,4096,47,0,25.7528,_ZN5aiter42f4gemm_bf16_per1x32Fp4_BpreShuffle_160x256E,2947.09,1396.9,0.0
gfx950,256,7238,4096,1024,54,0,30.6909,_ZN5aiter42f4gemm_bf16_per1x32Fp4_BpreShuffle_256x256E,1978.33,2121.04,0.0
gfx950,256,7239,1280,4096,47,0,26.4088,_ZN5aiter42f4gemm_bf16_per1x32Fp4_BpreShuffle_160x256E,2874.28,1362.38,0.0
gfx950,256,7239,4096,1024,45,0,31.2384,_ZN5aiter42f4gemm_bf16_per1x32Fp4_BpreShuffle_128x512E,1943.93,2084.15,0.0
gfx950,256,7240,1280,4096,47,0,26.6618,_ZN5aiter42f4gemm_bf16_per1x32Fp4_BpreShuffle_160x256E,2847.4,1349.62,0.0
gfx950,256,7240,4096,1024,54,0,30.9507,_ZN5aiter42f4gemm_bf16_per1x32Fp4_BpreShuffle_256x256E,1962.27,2103.8,0.0
gfx950,256,7247,9216,4096,54,0,144.3234,_ZN5aiter42f4gemm_bf16_per1x32Fp4_BpreShuffle_256x256E,3791.0,1159.15,0.0
gfx950,256,7250,1280,4096,47,0,26.022,_ZN5aiter42f4gemm_bf16_per1x32Fp4_BpreShuffle_160x256E,2921.44,1384.58,0.0
gfx950,256,7250,4096,1024,54,0,30.5136,_ZN5aiter42f4gemm_bf16_per1x32Fp4_BpreShuffle_256x256E,1993.12,2136.79,0.0
gfx950,256,7257,1280,4096,47,0,26.668,_ZN5aiter42f4gemm_bf16_per1x32Fp4_BpreShuffle_160x256E,2853.43,1352.25,0.0
gfx950,256,7257,4096,1024,45,0,30.7339,_ZN5aiter42f4gemm_bf16_per1x32Fp4_BpreShuffle_128x512E,1980.75,2123.46,0.0
gfx950,256,7259,1280,4096,47,0,25.9288,_ZN5aiter42f4gemm_bf16_per1x32Fp4_BpreShuffle_160x256E,2935.58,1391.15,0.0
gfx950,256,7259,4096,1024,45,0,30.8504,_ZN5aiter42f4gemm_bf16_per1x32Fp4_BpreShuffle_128x512E,1973.81,2116.0,0.0
gfx950,256,7264,1280,4096,47,0,25.5028,_ZN5aiter42f4gemm_bf16_per1x32Fp4_BpreShuffle_160x256E,2986.67,1415.29,0.0
gfx950,256,7264,4096,1024,45,0,30.7943,_ZN5aiter42f4gemm_bf16_per1x32Fp4_BpreShuffle_128x512E,1978.77,2121.27,0.0
gfx950,256,7271,1280,4096,47,0,26.1123,_ZN5aiter42f4gemm_bf16_per1x32Fp4_BpreShuffle_160x256E,2919.77,1383.49,0.0
gfx950,256,7271,4096,1024,54,0,30.6528,_ZN5aiter42f4gemm_bf16_per1x32Fp4_BpreShuffle_256x256E,1989.82,2133.05,0.0
gfx950,256,7278,1280,4096,47,0,26.6263,_ZN5aiter42f4gemm_bf16_per1x32Fp4_BpreShuffle_160x256E,2866.16,1358.0,0.0
gfx950,256,7278,4096,1024,54,0,30.2524,_ZN5aiter42f4gemm_bf16_per1x32Fp4_BpreShuffle_256x256E,2018.1,2163.29,0.0
gfx950,256,7286,1280,4096,47,0,26.1763,_ZN5aiter42f4gemm_bf16_per1x32Fp4_BpreShuffle_160x256E,2918.64,1382.75,0.0
gfx950,256,7286,4096,1024,45,0,30.6141,_ZN5aiter42f4gemm_bf16_per1x32Fp4_BpreShuffle_128x512E,1996.45,2140.01,0.0
gfx950,256,7298,1280,4096,47,0,26.531,_ZN5aiter42f4gemm_bf16_per1x32Fp4_BpreShuffle_160x256E,2884.36,1366.35,0.0
gfx950,256,7298,4096,1024,54,0,30.5592,_ZN5aiter42f4gemm_bf16_per1x32Fp4_BpreShuffle_256x256E,2003.33,2147.27,0.0
gfx950,256,7300,1280,4096,47,0,26.589,_ZN5aiter42f4gemm_bf16_per1x32Fp4_BpreShuffle_160x256E,2878.86,1363.72,0.0
gfx950,256,7300,4096,1024,54,0,30.558,_ZN5aiter42f4gemm_bf16_per1x32Fp4_BpreShuffle_256x256E,2003.95,2147.93,0.0
gfx950,256,7305,1280,4096,47,0,26.7932,_ZN5aiter42f4gemm_bf16_per1x32Fp4_BpreShuffle_160x256E,2858.88,1354.18,0.0
gfx950,256,7305,4096,1024,54,0,30.9628,_ZN5aiter42f4gemm_bf16_per1x32Fp4_BpreShuffle_256x256E,1979.11,2121.25,0.0
gfx950,256,7309,1280,4096,47,0,26.8843,_ZN5aiter42f4gemm_bf16_per1x32Fp4_BpreShuffle_160x256E,2850.75,1350.28,0.0
gfx950,256,7309,4096,1024,54,0,30.6091,_ZN5aiter42f4gemm_bf16_per1x32Fp4_BpreShuffle_256x256E,2003.08,2146.9,0.0
gfx950,256,7310,1280,4096,47,0,27.3348,_ZN5aiter42f4gemm_bf16_per1x32Fp4_BpreShuffle_160x256E,2804.15,1328.19,0.0
gfx950,256,7310,4096,1024,45,0,31.0254,_ZN5aiter42f4gemm_bf16_per1x32Fp4_BpreShuffle_128x512E,1976.47,2118.37,0.0
gfx950,256,7311,1280,4096,47,0,26.8083,_ZN5aiter42f4gemm_bf16_per1x32Fp4_BpreShuffle_160x256E,2859.61,1354.45,0.0
gfx950,256,7311,4096,1024,54,0,31.0168,_ZN5aiter42f4gemm_bf16_per1x32Fp4_BpreShuffle_256x256E,1977.29,2119.24,0.0
gfx950,256,7313,9216,4096,54,0,147.8039,_ZN5aiter42f4gemm_bf16_per1x32Fp4_BpreShuffle_256x256E,3735.44,1141.0,0.0
gfx950,256,7315,1280,4096,47,0,26.5318,_ZN5aiter42f4gemm_bf16_per1x32Fp4_BpreShuffle_160x256E,2891.0,1369.26,0.0
gfx950,256,7315,4096,1024,54,0,30.6505,_ZN5aiter42f4gemm_bf16_per1x32Fp4_BpreShuffle_256x256E,2002.01,2145.7,0.0
gfx950,256,7316,9216,4096,45,0,146.9968,_ZN5aiter42f4gemm_bf16_per1x32Fp4_BpreShuffle_128x512E,3757.49,1147.69,0.0
gfx950,256,7317,9216,4096,54,0,145.9209,_ZN5aiter42f4gemm_bf16_per1x32Fp4_BpreShuffle_256x256E,3785.72,1156.29,0.0
gfx950,256,7319,9216,4096,54,0,144.3853,_ZN5aiter42f4gemm_bf16_per1x32Fp4_BpreShuffle_256x256E,3827.02,1168.87,0.0
gfx950,256,7322,1280,4096,47,0,26.804,_ZN5aiter42f4gemm_bf16_per1x32Fp4_BpreShuffle_160x256E,2864.38,1356.56,0.0
gfx950,256,7322,4096,1024,54,0,30.7972,_ZN5aiter42f4gemm_bf16_per1x32Fp4_BpreShuffle_256x256E,1994.38,2137.46,0.0
gfx950,256,7322,9216,4096,54,0,146.2729,_ZN5aiter42f4gemm_bf16_per1x32Fp4_BpreShuffle_256x256E,3779.19,1154.21,0.0
gfx950,256,7324,1280,4096,47,0,27.4457,_ZN5aiter42f4gemm_bf16_per1x32Fp4_BpreShuffle_160x256E,2798.17,1325.18,0.0
gfx950,256,7324,4096,1024,54,0,30.5196,_ZN5aiter42f4gemm_bf16_per1x32Fp4_BpreShuffle_256x256E,2013.07,2157.47,0.0
gfx950,256,7328,1280,4096,47,0,27.3028,_ZN5aiter42f4gemm_bf16_per1x32Fp4_BpreShuffle_160x256E,2814.35,1332.79,0.0
gfx950,256,7328,4096,1024,54,0,30.8283,_ZN5aiter42f4gemm_bf16_per1x32Fp4_BpreShuffle_256x256E,1994.0,2137.0,0.0
gfx950,256,7331,1280,4096,47,0,27.1784,_ZN5aiter42f4gemm_bf16_per1x32Fp4_BpreShuffle_160x256E,2828.39,1339.4,0.0
gfx950,256,7331,4096,1024,54,0,30.2532,_ZN5aiter42f4gemm_bf16_per1x32Fp4_BpreShuffle_256x256E,2032.74,2178.49,0.0
gfx950,256,7335,1280,4096,47,0,27.2496,_ZN5aiter42f4gemm_bf16_per1x32Fp4_BpreShuffle_160x256E,2822.54,1336.57,0.0
gfx950,256,7335,4096,1024,54,0,31.1384,_ZN5aiter42f4gemm_bf16_per1x32Fp4_BpreShuffle_256x256E,1976.03,2117.67,0.0
gfx950,256,7335,9216,4096,54,0,142.3484,_ZN5aiter42f4gemm_bf16_per1x32Fp4_BpreShuffle_256x256E,3890.27,1187.9,0.0
gfx950,256,7337,1280,4096,47,0,27.226,_ZN5aiter42f4gemm_bf16_per1x32Fp4_BpreShuffle_160x256E,2825.76,1338.07,0.0
gfx950,256,7337,4096,1024,54,0,30.7968,_ZN5aiter42f4gemm_bf16_per1x32Fp4_BpreShuffle_256x256E,1998.49,2141.73,0.0
gfx950,256,7337,9216,4096,54,0,146.4729,_ZN5aiter42f4gemm_bf16_per1x32Fp4_BpreShuffle_256x256E,3781.76,1154.73,0.0
gfx950,256,7340,9216,4096,54,0,148.2457,_ZN5aiter42f4gemm_bf16_per1x32Fp4_BpreShuffle_256x256E,3738.06,1141.33,0.0
gfx950,256,7341,1280,4096,47,0,26.8804,_ZN5aiter42f4gemm_bf16_per1x32Fp4_BpreShuffle_160x256E,2863.65,1355.96,0.0
gfx950,256,7341,4096,1024,54,0,30.948,_ZN5aiter42f4gemm_bf16_per1x32Fp4_BpreShuffle_256x256E,1989.81,2132.39,0.0
gfx950,256,7342,4608,4096,54,0,86.3153,_ZN5aiter42f4gemm_bf16_per1x32Fp4_BpreShuffle_256x256E,3210.92,1067.45,0.0
gfx950,256,7343,1280,4096,47,0,27.2489,_ZN5aiter42f4gemm_bf16_per1x32Fp4_BpreShuffle_160x256E,2825.69,1337.96,0.0
gfx950,256,7343,4096,1024,45,0,31.2116,_ZN5aiter42f4gemm_bf16_per1x32Fp4_BpreShuffle_128x512E,1973.55,2114.94,0.0
gfx950,256,7345,1280,4096,47,0,26.8986,_ZN5aiter42f4gemm_bf16_per1x32Fp4_BpreShuffle_160x256E,2863.27,1355.73,0.0
gfx950,256,7345,4096,1024,54,0,30.88,_ZN5aiter42f4gemm_bf16_per1x32Fp4_BpreShuffle_256x256E,1995.28,2138.21,0.0
gfx950,256,7347,1280,4096,47,0,27.1042,_ZN5aiter42f4gemm_bf16_per1x32Fp4_BpreShuffle_160x256E,2842.32,1345.78,0.0
gfx950,256,7347,4096,1024,54,0,30.8956,_ZN5aiter42f4gemm_bf16_per1x32Fp4_BpreShuffle_256x256E,1994.82,2137.7,0.0
gfx950,256,7348,1280,4096,47,0,26.57,_ZN5aiter42f4gemm_bf16_per1x32Fp4_BpreShuffle_160x256E,2899.86,1373.02,0.0
gfx950,256,7348,4096,1024,54,0,30.735,_ZN5aiter42f4gemm_bf16_per1x32Fp4_BpreShuffle_256x256E,2005.51,2149.15,0.0
gfx950,256,7352,1280,4096,47,0,26.6468,_ZN5aiter42f4gemm_bf16_per1x32Fp4_BpreShuffle_160x256E,2893.08,1369.75,0.0
gfx950,256,7352,4096,1024,54,0,30.6692,_ZN5aiter42f4gemm_bf16_per1x32Fp4_BpreShuffle_256x256E,2010.91,2154.9,0.0
gfx950,256,7353,1280,4096,47,0,27.4408,_ZN5aiter42f4gemm_bf16_per1x32Fp4_BpreShuffle_160x256E,2809.75,1330.28,0.0
gfx950,256,7353,4096,1024,54,0,30.7254,_ZN5aiter42f4gemm_bf16_per1x32Fp4_BpreShuffle_256x256E,2007.51,2151.24,0.0
gfx950,256,7356,1280,4096,47,0,27.0073,_ZN5aiter42f4gemm_bf16_per1x32Fp4_BpreShuffle_160x256E,2856.01,1352.15,0.0
gfx950,256,7356,4096,1024,54,0,30.583,_ZN5aiter42f4gemm_bf16_per1x32Fp4_BpreShuffle_256x256E,2017.68,2162.11,0.0
gfx950,256,7358,9216,4096,54,0,141.8075,_ZN5aiter42f4gemm_bf16_per1x32Fp4_BpreShuffle_256x256E,3917.36,1195.75,0.0
gfx950,256,7363,1280,4096,47,0,26.8497,_ZN5aiter42f4gemm_bf16_per1x32Fp4_BpreShuffle_160x256E,2875.51,1361.29,0.0
gfx950,256,7363,4096,1024,54,0,30.727,_ZN5aiter42f4gemm_bf16_per1x32Fp4_BpreShuffle_256x256E,2010.13,2153.96,0.0
gfx950,256,7364,1280,4096,47,0,26.2429,_ZN5aiter42f4gemm_bf16_per1x32Fp4_BpreShuffle_160x256E,2942.4,1392.94,0.0
gfx950,256,7364,4096,1024,54,0,30.7868,_ZN5aiter42f4gemm_bf16_per1x32Fp4_BpreShuffle_256x256E,2006.5,2150.06,0.0
gfx950,256,7366,1280,4096,47,0,26.3928,_ZN5aiter42f4gemm_bf16_per1x32Fp4_BpreShuffle_160x256E,2926.48,1385.38,0.0
gfx950,256,7366,4096,1024,54,0,30.6269,_ZN5aiter42f4gemm_bf16_per1x32Fp4_BpreShuffle_256x256E,2017.52,2161.85,0.0
gfx950,256,7367,1280,4096,47,0,27.1136,_ZN5aiter42f4gemm_bf16_per1x32Fp4_BpreShuffle_160x256E,2849.07,1348.72,0.0
gfx950,256,7367,4096,1024,54,0,30.6853,_ZN5aiter42f4gemm_bf16_per1x32Fp4_BpreShuffle_256x256E,2013.96,2158.02,0.0
gfx950,256,7372,1280,4096,47,0,26.3572,_ZN5aiter42f4gemm_bf16_per1x32Fp4_BpreShuffle_160x256E,2932.82,1388.3,0.0
gfx950,256,7372,4096,1024,54,0,30.8857,_ZN5aiter42f4gemm_bf16_per1x32Fp4_BpreShuffle_256x256E,2002.25,2145.43,0.0
gfx950,256,7375,9216,4096,54,0,149.6207,_ZN5aiter42f4gemm_bf16_per1x32Fp4_BpreShuffle_256x256E,3721.37,1135.63,0.0
gfx950,256,7377,1280,4096,47,0,26.5419,_ZN5aiter42f4gemm_bf16_per1x32Fp4_BpreShuffle_160x256E,2914.39,1379.5,0.0
gfx950,256,7377,4096,1024,54,0,30.4413,_ZN5aiter42f4gemm_bf16_per1x32Fp4_BpreShuffle_256x256E,2032.86,2178.18,0.0
gfx950,256,7379,1280,4096,47,0,26.2955,_ZN5aiter42f4gemm_bf16_per1x32Fp4_BpreShuffle_160x256E,2942.5,1392.78,0.0
gfx950,256,7379,4096,1024,54,0,30.3394,_ZN5aiter42f4gemm_bf16_per1x32Fp4_BpreShuffle_256x256E,2040.24,2186.07,0.0
gfx950,256,7386,1280,4096,47,0,26.4477,_ZN5aiter42f4gemm_bf16_per1x32Fp4_BpreShuffle_160x256E,2928.34,1385.99,0.0
gfx950,256,7386,4096,1024,54,0,30.4656,_ZN5aiter42f4gemm_bf16_per1x32Fp4_BpreShuffle_256x256E,2033.71,2179.01,0.0
gfx950,256,7388,9216,4096,54,0,145.9321,_ZN5aiter42f4gemm_bf16_per1x32Fp4_BpreShuffle_256x256E,3822.16,1166.16,0.0
gfx950,256,7390,1280,4096,47,0,26.4864,_ZN5aiter42f4gemm_bf16_per1x32Fp4_BpreShuffle_160x256E,2925.64,1384.66,0.0
gfx950,256,7390,4096,1024,45,0,31.1556,_ZN5aiter42f4gemm_bf16_per1x32Fp4_BpreShuffle_128x512E,1989.75,2131.87,0.0
gfx950,256,7391,9216,4096,54,0,145.6125,_ZN5aiter42f4gemm_bf16_per1x32Fp4_BpreShuffle_256x256E,3832.1,1169.14,0.0
gfx950,256,7392,9216,4096,54,0,145.6369,_ZN5aiter42f4gemm_bf16_per1x32Fp4_BpreShuffle_256x256E,3831.98,1169.09,0.0
gfx950,256,7393,1280,4096,47,0,26.8873,_ZN5aiter42f4gemm_bf16_per1x32Fp4_BpreShuffle_160x256E,2883.19,1364.52,0.0
gfx950,256,7393,4096,1024,45,0,31.0306,_ZN5aiter42f4gemm_bf16_per1x32Fp4_BpreShuffle_128x512E,1998.57,2141.3,0.0
gfx950,256,7395,9216,4096,54,0,144.4093,_ZN5aiter42f4gemm_bf16_per1x32Fp4_BpreShuffle_256x256E,3866.12,1179.45,0.0
gfx950,256,7396,9216,4096,54,0,143.7318,_ZN5aiter42f4gemm_bf16_per1x32Fp4_BpreShuffle_256x256E,3884.87,1185.15,0.0
gfx950,256,7398,9216,4096,54,0,145.7785,_ZN5aiter42f4gemm_bf16_per1x32Fp4_BpreShuffle_256x256E,3831.36,1168.8,0.0
gfx950,256,7404,9216,4096,54,0,149.2965,_ZN5aiter42f4gemm_bf16_per1x32Fp4_BpreShuffle_256x256E,3744.12,1142.08,0.0
gfx950,256,7405,1280,4096,47,0,25.6776,_ZN5aiter42f4gemm_bf16_per1x32Fp4_BpreShuffle_160x256E,3023.92,1430.96,0.0
gfx950,256,7405,4096,1024,54,0,30.723,_ZN5aiter42f4gemm_bf16_per1x32Fp4_BpreShuffle_256x256E,2021.86,2166.14,0.0
gfx950,256,7408,9216,4096,54,0,147.2937,_ZN5aiter42f4gemm_bf16_per1x32Fp4_BpreShuffle_256x256E,3797.08,1158.16,0.0
gfx950,256,7411,9216,4096,54,0,146.4085,_ZN5aiter42f4gemm_bf16_per1x32Fp4_BpreShuffle_256x256E,3821.58,1165.59,0.0
gfx950,256,7412,1280,4096,47,0,25.9967,_ZN5aiter42f4gemm_bf16_per1x32Fp4_BpreShuffle_160x256E,2989.63,1414.64,0.0
gfx950,256,7412,4096,1024,54,0,31.016,_ZN5aiter42f4gemm_bf16_per1x32Fp4_BpreShuffle_256x256E,2004.65,2147.64,0.0
gfx950,256,7412,9216,4096,54,0,143.9016,_ZN5aiter42f4gemm_bf16_per1x32Fp4_BpreShuffle_256x256E,3888.68,1186.03,0.0
gfx950,256,7413,1280,4096,47,0,26.08,_ZN5aiter42f4gemm_bf16_per1x32Fp4_BpreShuffle_160x256E,2980.48,1410.3,0.0
gfx950,256,7413,4096,1024,54,0,30.6557,_ZN5aiter42f4gemm_bf16_per1x32Fp4_BpreShuffle_256x256E,2028.49,2173.17,0.0
gfx950,256,7414,9216,4096,54,0,146.2929,_ZN5aiter42f4gemm_bf16_per1x32Fp4_BpreShuffle_256x256E,3826.15,1166.93,0.0
gfx950,256,7420,9216,4096,54,0,148.572,_ZN5aiter42f4gemm_bf16_per1x32Fp4_BpreShuffle_256x256E,3770.5,1149.85,0.0
gfx950,256,7421,1280,4096,47,0,26.3172,_ZN5aiter42f4gemm_bf16_per1x32Fp4_BpreShuffle_160x256E,2956.8,1398.99,0.0
gfx950,256,7421,4096,1024,54,0,31.0279,_ZN5aiter42f4gemm_bf16_per1x32Fp4_BpreShuffle_256x256E,2006.32,2149.34,0.0
gfx950,256,7423,1280,4096,47,0,26.313,_ZN5aiter42f4gemm_bf16_per1x32Fp4_BpreShuffle_160x256E,2958.07,1399.56,0.0
gfx950,256,7423,4096,1024,54,0,30.7475,_ZN5aiter42f4gemm_bf16_per1x32Fp4_BpreShuffle_256x256E,2025.16,2169.51,0.0
gfx950,256,7426,1280,4096,47,0,26.5184,_ZN5aiter42f4gemm_bf16_per1x32Fp4_BpreShuffle_160x256E,2936.35,1389.24,0.0
gfx950,256,7426,4096,1024,54,0,30.644,_ZN5aiter42f4gemm_bf16_per1x32Fp4_BpreShuffle_256x256E,2032.82,2177.69,0.0
gfx950,256,7430,1280,4096,47,0,26.7204,_ZN5aiter42f4gemm_bf16_per1x32Fp4_BpreShuffle_160x256E,2915.72,1379.43,0.0
gfx950,256,7430,4096,1024,54,0,30.7497,_ZN5aiter42f4gemm_bf16_per1x32Fp4_BpreShuffle_256x256E,2026.93,2171.33,0.0
gfx950,256,7430,9216,4096,54,0,148.9005,_ZN5aiter42f4gemm_bf16_per1x32Fp4_BpreShuffle_256x256E,3767.26,1148.69,0.0
gfx950,256,7434,9216,4096,54,0,146.4356,_ZN5aiter42f4gemm_bf16_per1x32Fp4_BpreShuffle_256x256E,3832.73,1168.59,0.0
gfx950,256,7435,9216,4096,54,0,145.8693,_ZN5aiter42f4gemm_bf16_per1x32Fp4_BpreShuffle_256x256E,3848.13,1173.26,0.0
gfx950,256,7436,1280,4096,47,0,26.4748,_ZN5aiter42f4gemm_bf16_per1x32Fp4_BpreShuffle_160x256E,2945.14,1393.27,0.0
gfx950,256,7436,4096,1024,54,0,30.8634,_ZN5aiter42f4gemm_bf16_per1x32Fp4_BpreShuffle_256x256E,2021.09,2165.03,0.0
gfx950,256,7436,9216,4096,54,0,145.3464,_ZN5aiter42f4gemm_bf16_per1x32Fp4_BpreShuffle_256x256E,3862.49,1177.63,0.0
gfx950,256,7437,9216,4096,54,0,147.1577,_ZN5aiter42f4gemm_bf16_per1x32Fp4_BpreShuffle_256x256E,3815.46,1163.27,0.0
gfx950,256,7438,1280,4096,47,0,27.2152,_ZN5aiter42f4gemm_bf16_per1x32Fp4_BpreShuffle_160x256E,2865.79,1355.7,0.0
gfx950,256,7438,4096,1024,54,0,31.1074,_ZN5aiter42f4gemm_bf16_per1x32Fp4_BpreShuffle_256x256E,2005.78,2148.6,0.0
gfx950,256,7440,9216,4096,54,0,145.0609,_ZN5aiter42f4gemm_bf16_per1x32Fp4_BpreShuffle_256x256E,3872.18,1180.51,0.0
gfx950,256,7442,1280,4096,47,0,26.104,_ZN5aiter42f4gemm_bf16_per1x32Fp4_BpreShuffle_160x256E,2989.39,1414.12,0.0
gfx950,256,7442,4096,1024,54,0,30.8348,_ZN5aiter42f4gemm_bf16_per1x32Fp4_BpreShuffle_256x256E,2024.6,2168.73,0.0
gfx950,256,7444,9216,4096,54,0,150.1481,_ZN5aiter42f4gemm_bf16_per1x32Fp4_BpreShuffle_256x256E,3742.99,1141.06,0.0
gfx950,256,7445,9216,4096,54,0,147.5231,_ZN5aiter42f4gemm_bf16_per1x32Fp4_BpreShuffle_256x256E,3810.11,1161.5,0.0
gfx950,256,7450,9216,4096,54,0,149.0429,_ZN5aiter42f4gemm_bf16_per1x32Fp4_BpreShuffle_256x256E,3773.79,1150.34,0.0
gfx950,256,7451,1280,4096,47,0,26.918,_ZN5aiter42f4gemm_bf16_per1x32Fp4_BpreShuffle_160x256E,2902.5,1372.9,0.0
gfx950,256,7451,4096,1024,54,0,30.5217,_ZN5aiter42f4gemm_bf16_per1x32Fp4_BpreShuffle_256x256E,2047.84,2193.54,0.0
gfx950,256,7454,1280,4096,47,0,26.4908,_ZN5aiter42f4gemm_bf16_per1x32Fp4_BpreShuffle_160x256E,2950.49,1395.56,0.0
gfx950,256,7454,4096,1024,54,0,30.606,_ZN5aiter42f4gemm_bf16_per1x32Fp4_BpreShuffle_256x256E,2043.02,2188.35,0.0
gfx950,256,7455,1280,4096,47,0,26.7207,_ZN5aiter42f4gemm_bf16_per1x32Fp4_BpreShuffle_160x256E,2925.5,1383.72,0.0
gfx950,256,7455,4096,1024,45,0,30.7368,_ZN5aiter42f4gemm_bf16_per1x32Fp4_BpreShuffle_128x512E,2034.6,2179.32,0.0
gfx950,256,7455,9216,4096,54,0,144.3185,_ZN5aiter42f4gemm_bf16_per1x32Fp4_BpreShuffle_256x256E,3899.94,1188.71,0.0
gfx950,256,7456,9216,4096,54,0,144.732,_ZN5aiter42f4gemm_bf16_per1x32Fp4_BpreShuffle_256x256E,3889.32,1185.45,0.0
gfx950,256,7457,9216,4096,54,0,147.5573,_ZN5aiter42f4gemm_bf16_per1x32Fp4_BpreShuffle_256x256E,3815.36,1162.9,0.0
gfx950,256,7458,2304,4096,39,0,51.3238,_ZN5aiter41f4gemm_bf16_per1x32Fp4_BpreShuffle_96x384E,2742.69,1059.14,0.0
gfx950,256,7458,4096,2048,54,0,43.9209,_ZN5aiter42f4gemm_bf16_per1x32Fp4_BpreShuffle_256x256E,2848.86,1660.42,0.0
gfx950,256,7459,9216,4096,54,0,148.4001,_ZN5aiter42f4gemm_bf16_per1x32Fp4_BpreShuffle_256x256E,3794.71,1156.57,0.0
gfx950,256,7463,1280,4096,47,0,27.0144,_ZN5aiter42f4gemm_bf16_per1x32Fp4_BpreShuffle_160x256E,2896.8,1370.05,0.0
gfx950,256,7463,4096,1024,54,0,31.3152,_ZN5aiter42f4gemm_bf16_per1x32Fp4_BpreShuffle_256x256E,1999.16,2141.3,0.0
gfx950,256,7465,1280,4096,47,0,27.0273,_ZN5aiter42f4gemm_bf16_per1x32Fp4_BpreShuffle_160x256E,2896.19,1369.73,0.0
gfx950,256,7465,4096,1024,54,0,31.146,_ZN5aiter42f4gemm_bf16_per1x32Fp4_BpreShuffle_256x256E,2010.56,2153.49,0.0
gfx950,256,7471,1280,4096,47,0,26.1915,_ZN5aiter42f4gemm_bf16_per1x32Fp4_BpreShuffle_160x256E,2991.01,1414.5,0.0
gfx950,256,7471,4096,1024,45,0,31.0711,_ZN5aiter42f4gemm_bf16_per1x32Fp4_BpreShuffle_128x512E,2017.03,2160.36,0.0
gfx950,256,7475,1280,4096,47,0,26.9264,_ZN5aiter42f4gemm_bf16_per1x32Fp4_BpreShuffle_160x256E,2910.94,1376.58,0.0
gfx950,256,7475,4096,1024,54,0,30.9772,_ZN5aiter42f4gemm_bf16_per1x32Fp4_BpreShuffle_256x256E,2024.23,2168.03,0.0
gfx950,256,7475,9216,4096,54,0,149.0185,_ZN5aiter42f4gemm_bf16_per1x32Fp4_BpreShuffle_256x256E,3787.07,1153.97,0.0
gfx950,256,7480,1280,4096,47,0,27.42,_ZN5aiter42f4gemm_bf16_per1x32Fp4_BpreShuffle_160x256E,2860.45,1352.64,0.0
gfx950,256,7480,4096,1024,45,0,31.1242,_ZN5aiter42f4gemm_bf16_per1x32Fp4_BpreShuffle_128x512E,2016.01,2159.19,0.0
gfx950,256,7482,1280,4096,47,0,27.8944,_ZN5aiter42f4gemm_bf16_per1x32Fp4_BpreShuffle_160x256E,2812.55,1329.96,0.0
gfx950,256,7482,4096,1024,45,0,30.8343,_ZN5aiter42f4gemm_bf16_per1x32Fp4_BpreShuffle_128x512E,2035.51,2180.06,0.0
gfx950,256,7483,1280,4096,47,0,26.6656,_ZN5aiter42f4gemm_bf16_per1x32Fp4_BpreShuffle_160x256E,2942.55,1391.42,0.0
gfx950,256,7483,4096,1024,54,0,30.826,_ZN5aiter42f4gemm_bf16_per1x32Fp4_BpreShuffle_256x256E,2036.33,2180.92,0.0
gfx950,256,7486,9216,4096,54,0,146.7161,_ZN5aiter42f4gemm_bf16_per1x32Fp4_BpreShuffle_256x256E,3852.16,1173.61,0.0
gfx950,256,7487,1280,4096,47,0,26.802,_ZN5aiter42f4gemm_bf16_per1x32Fp4_BpreShuffle_160x256E,2929.14,1385.03,0.0
gfx950,256,7487,4096,1024,45,0,30.8194,_ZN5aiter42f4gemm_bf16_per1x32Fp4_BpreShuffle_128x512E,2037.86,2182.52,0.0
gfx950,256,7490,9216,4096,54,0,145.6563,_ZN5aiter42f4gemm_bf16_per1x32Fp4_BpreShuffle_256x256E,3882.26,1182.71,0.0
gfx950,256,7501,1280,4096,47,0,27.3224,_ZN5aiter42f4gemm_bf16_per1x32Fp4_BpreShuffle_160x256E,2878.73,1361.01,0.0
gfx950,256,7501,4096,1024,54,0,30.8252,_ZN5aiter42f4gemm_bf16_per1x32Fp4_BpreShuffle_256x256E,2041.28,2186.06,0.0
gfx950,256,7502,1280,4096,47,0,27.4004,_ZN5aiter42f4gemm_bf16_per1x32Fp4_BpreShuffle_160x256E,2870.91,1357.3,0.0
gfx950,256,7502,4096,1024,45,0,31.2258,_ZN5aiter42f4gemm_bf16_per1x32Fp4_BpreShuffle_128x512E,2015.36,2158.3,0.0
gfx950,256,7504,1280,4096,47,0,27.4326,_ZN5aiter42f4gemm_bf16_per1x32Fp4_BpreShuffle_160x256E,2868.31,1356.05,0.0
gfx950,256,7504,4096,1024,45,0,30.9466,_ZN5aiter42f4gemm_bf16_per1x32Fp4_BpreShuffle_128x512E,2034.09,2178.33,0.0
gfx950,256,7508,9216,4096,54,0,148.4931,_ZN5aiter42f4gemm_bf16_per1x32Fp4_BpreShuffle_256x256E,3817.25,1162.6,0.0
gfx950,256,7510,1280,4096,47,0,26.8,_ZN5aiter42f4gemm_bf16_per1x32Fp4_BpreShuffle_160x256E,2938.36,1389.09,0.0
gfx950,256,7510,4096,1024,45,0,31.5808,_ZN5aiter42f4gemm_bf16_per1x32Fp4_BpreShuffle_128x512E,1994.83,2136.24,0.0
gfx950,256,7513,1280,4096,47,0,26.8495,_ZN5aiter42f4gemm_bf16_per1x32Fp4_BpreShuffle_160x256E,2934.11,1387.04,0.0
gfx950,256,7513,4096,1024,54,0,30.998,_ZN5aiter42f4gemm_bf16_per1x32Fp4_BpreShuffle_256x256E,2033.15,2177.25,0.0
gfx950,256,7515,1280,4096,47,0,27.2298,_ZN5aiter42f4gemm_bf16_per1x32Fp4_BpreShuffle_160x256E,2893.91,1368.01,0.0
gfx950,256,7515,4096,1024,54,0,30.5451,_ZN5aiter42f4gemm_bf16_per1x32Fp4_BpreShuffle_256x256E,2063.85,2210.1,0.0
gfx950,256,7517,1280,4096,47,0,28.2851,_ZN5aiter42f4gemm_bf16_per1x32Fp4_BpreShuffle_160x256E,2786.68,1317.29,0.0
gfx950,256,7517,4096,1024,54,0,31.0372,_ZN5aiter42f4gemm_bf16_per1x32Fp4_BpreShuffle_256x256E,2031.66,2175.62,0.0
gfx950,256,7522,1280,4096,47,0,26.988,_ZN5aiter42f4gemm_bf16_per1x32Fp4_BpreShuffle_160x256E,2922.55,1381.46,0.0
gfx950,256,7522,4096,1024,45,0,31.5833,_ZN5aiter42f4gemm_bf16_per1x32Fp4_BpreShuffle_128x512E,1997.86,2139.38,0.0
gfx950,256,7524,1280,4096,47,0,26.4594,_ZN5aiter42f4gemm_bf16_per1x32Fp4_BpreShuffle_160x256E,2981.73,1409.41,0.0
gfx950,256,7524,4096,1024,45,0,31.3679,_ZN5aiter42f4gemm_bf16_per1x32Fp4_BpreShuffle_128x512E,2012.12,2154.62,0.0
gfx950,256,7525,1280,4096,47,0,26.2056,_ZN5aiter42f4gemm_bf16_per1x32Fp4_BpreShuffle_160x256E,3011.01,1423.23,0.0
gfx950,256,7525,4096,1024,54,0,31.0088,_ZN5aiter42f4gemm_bf16_per1x32Fp4_BpreShuffle_256x256E,2035.69,2179.86,0.0
gfx950,256,7527,1280,4096,47,0,26.3642,_ZN5aiter42f4gemm_bf16_per1x32Fp4_BpreShuffle_160x256E,2993.69,1415.02,0.0
gfx950,256,7527,4096,1024,45,0,31.3923,_ZN5aiter42f4gemm_bf16_per1x32Fp4_BpreShuffle_128x512E,2011.35,2153.78,0.0
gfx950,256,7528,1280,4096,47,0,26.9798,_ZN5aiter42f4gemm_bf16_per1x32Fp4_BpreShuffle_160x256E,2925.77,1382.9,0.0
gfx950,256,7528,4096,1024,54,0,30.698,_ZN5aiter42f4gemm_bf16_per1x32Fp4_BpreShuffle_256x256E,2057.12,2202.78,0.0
gfx950,256,7529,1280,4096,47,0,25.9196,_ZN5aiter42f4gemm_bf16_per1x32Fp4_BpreShuffle_160x256E,3045.85,1439.65,0.0
gfx950,256,7529,4096,1024,54,0,31.026,_ZN5aiter42f4gemm_bf16_per1x32Fp4_BpreShuffle_256x256E,2035.64,2179.77,0.0
gfx950,256,7531,1280,4096,47,0,26.5396,_ZN5aiter42f4gemm_bf16_per1x32Fp4_BpreShuffle_160x256E,2975.49,1406.36,0.0
gfx950,256,7531,4096,1024,54,0,30.6636,_ZN5aiter42f4gemm_bf16_per1x32Fp4_BpreShuffle_256x256E,2060.25,2206.1,0.0
gfx950,256,7532,1280,4096,47,0,27.3972,_ZN5aiter42f4gemm_bf16_per1x32Fp4_BpreShuffle_160x256E,2882.73,1362.51,0.0
gfx950,256,7532,4096,1024,45,0,31.0282,_ZN5aiter42f4gemm_bf16_per1x32Fp4_BpreShuffle_128x512E,2036.31,2180.46,0.0
gfx950,256,7534,1280,4096,47,0,26.7611,_ZN5aiter42f4gemm_bf16_per1x32Fp4_BpreShuffle_160x256E,2952.04,1395.24,0.0
gfx950,256,7534,4096,1024,54,0,30.7536,_ZN5aiter42f4gemm_bf16_per1x32Fp4_BpreShuffle_256x256E,2055.04,2200.49,0.0
gfx950,256,7535,9216,4096,54,0,146.5896,_ZN5aiter42f4gemm_bf16_per1x32Fp4_BpreShuffle_256x256E,3880.72,1181.47,0.0
gfx950,256,7536,1280,4096,47,0,26.778,_ZN5aiter42f4gemm_bf16_per1x32Fp4_BpreShuffle_160x256E,2950.96,1394.7,0.0
gfx950,256,7536,4096,1024,45,0,31.2396,_ZN5aiter42f4gemm_bf16_per1x32Fp4_BpreShuffle_128x512E,2023.6,2166.82,0.0
gfx950,256,7537,1280,4096,47,0,26.6068,_ZN5aiter42f4gemm_bf16_per1x32Fp4_BpreShuffle_160x256E,2970.34,1403.85,0.0
gfx950,256,7537,4096,1024,45,0,31.0935,_ZN5aiter42f4gemm_bf16_per1x32Fp4_BpreShuffle_128x512E,2033.38,2177.28,0.0
gfx950,256,7537,9216,4096,52,0,150.3279,_ZN5aiter42f4gemm_bf16_per1x32Fp4_BpreShuffle_224x256E,3785.22,1152.36,0.0
gfx950,256,7539,1280,4096,47,0,25.7245,_ZN5aiter42f4gemm_bf16_per1x32Fp4_BpreShuffle_160x256E,3073.03,1452.36,0.0
gfx950,256,7539,4096,1024,54,0,31.2948,_ZN5aiter42f4gemm_bf16_per1x32Fp4_BpreShuffle_256x256E,2020.84,2163.83,0.0
gfx950,256,7539,9216,4096,54,0,147.2229,_ZN5aiter42f4gemm_bf16_per1x32Fp4_BpreShuffle_256x256E,3866.08,1176.94,0.0
gfx950,256,7545,9216,4096,54,0,145.0769,_ZN5aiter42f4gemm_bf16_per1x32Fp4_BpreShuffle_256x256E,3926.39,1195.2,0.0
gfx950,256,7549,1280,4096,47,0,28.1717,_ZN5aiter42f4gemm_bf16_per1x32Fp4_BpreShuffle_160x256E,2809.81,1327.83,0.0
gfx950,256,7549,4096,1024,45,0,30.8438,_ZN5aiter42f4gemm_bf16_per1x32Fp4_BpreShuffle_128x512E,2053.11,2198.29,0.0
gfx950,256,7552,9216,4096,54,0,149.9389,_ZN5aiter42f4gemm_bf16_per1x32Fp4_BpreShuffle_256x256E,3802.59,1157.4,0.0
gfx950,256,7557,9216,4096,54,0,144.2825,_ZN5aiter42f4gemm_bf16_per1x32Fp4_BpreShuffle_256x256E,3954.29,1203.48,0.0
gfx950,256,7558,9216,4096,54,0,146.7868,_ZN5aiter42f4gemm_bf16_per1x32Fp4_BpreShuffle_256x256E,3887.34,1183.09,0.0
gfx950,256,7559,1280,4096,47,0,26.988,_ZN5aiter42f4gemm_bf16_per1x32Fp4_BpreShuffle_160x256E,2936.93,1387.78,0.0
gfx950,256,7559,4096,1024,54,0,31.0106,_ZN5aiter42f4gemm_bf16_per1x32Fp4_BpreShuffle_256x256E,2044.77,2189.27,0.0
gfx950,256,7564,1280,4096,47,0,26.2448,_ZN5aiter42f4gemm_bf16_per1x32Fp4_BpreShuffle_160x256E,3022.1,1427.95,0.0
gfx950,256,7564,4096,1024,54,0,30.9784,_ZN5aiter42f4gemm_bf16_per1x32Fp4_BpreShuffle_256x256E,2048.25,2192.95,0.0
gfx950,256,7565,9216,4096,54,0,151.0733,_ZN5aiter42f4gemm_bf16_per1x32Fp4_BpreShuffle_256x256E,3780.54,1150.47,0.0
gfx950,256,7566,1280,4096,47,0,26.4224,_ZN5aiter42f4gemm_bf16_per1x32Fp4_BpreShuffle_160x256E,3002.58,1418.7,0.0
gfx950,256,7566,4096,1024,54,0,30.6888,_ZN5aiter42f4gemm_bf16_per1x32Fp4_BpreShuffle_256x256E,2068.12,2214.22,0.0
gfx950,256,7575,1280,4096,47,0,26.4471,_ZN5aiter42f4gemm_bf16_per1x32Fp4_BpreShuffle_160x256E,3003.34,1418.95,0.0
gfx950,256,7575,4096,1024,54,0,31.1736,_ZN5aiter42f4gemm_bf16_per1x32Fp4_BpreShuffle_256x256E,2038.38,2182.29,0.0
gfx950,256,7576,1280,4096,47,0,26.6613,_ZN5aiter42f4gemm_bf16_per1x32Fp4_BpreShuffle_160x256E,2979.6,1407.72,0.0
gfx950,256,7576,4096,1024,54,0,30.4833,_ZN5aiter42f4gemm_bf16_per1x32Fp4_BpreShuffle_256x256E,2084.82,2232.0,0.0
gfx950,256,7579,9216,4096,54,0,149.5622,_ZN5aiter42f4gemm_bf16_per1x32Fp4_BpreShuffle_256x256E,3825.8,1164.01,0.0
gfx950,256,7580,1280,4096,47,0,26.3359,_ZN5aiter42f4gemm_bf16_per1x32Fp4_BpreShuffle_160x256E,3018.01,1425.81,0.0
gfx950,256,7580,4096,1024,54,0,31.6928,_ZN5aiter42f4gemm_bf16_per1x32Fp4_BpreShuffle_256x256E,2006.31,2147.92,0.0
gfx950,256,7580,9216,4096,54,0,146.4793,_ZN5aiter42f4gemm_bf16_per1x32Fp4_BpreShuffle_256x256E,3906.84,1188.65,0.0
gfx950,256,7586,9216,4096,54,0,149.4053,_ZN5aiter42f4gemm_bf16_per1x32Fp4_BpreShuffle_256x256E,3833.36,1166.19,0.0
gfx950,256,7589,9216,4096,54,0,147.7641,_ZN5aiter42f4gemm_bf16_per1x32Fp4_BpreShuffle_256x256E,3877.47,1179.56,0.0
gfx950,256,7591,9216,4096,54,0,149.9217,_ZN5aiter42f4gemm_bf16_per1x32Fp4_BpreShuffle_256x256E,3822.67,1162.86,0.0
gfx950,256,7592,1280,4096,47,0,26.634,_ZN5aiter42f4gemm_bf16_per1x32Fp4_BpreShuffle_160x256E,2988.96,1411.93,0.0
gfx950,256,7592,4096,1024,45,0,31.1671,_ZN5aiter42f4gemm_bf16_per1x32Fp4_BpreShuffle_128x512E,2043.38,2187.5,0.0
gfx950,256,7593,1280,4096,47,0,26.4796,_ZN5aiter42f4gemm_bf16_per1x32Fp4_BpreShuffle_160x256E,3006.78,1420.34,0.0
gfx950,256,7593,4096,1024,54,0,30.7915,_ZN5aiter42f4gemm_bf16_per1x32Fp4_BpreShuffle_256x256E,2068.58,2214.46,0.0
gfx950,256,7595,1280,4096,47,0,26.4764,_ZN5aiter42f4gemm_bf16_per1x32Fp4_BpreShuffle_160x256E,3007.94,1420.86,0.0
gfx950,256,7595,4096,1024,45,0,31.2772,_ZN5aiter42f4gemm_bf16_per1x32Fp4_BpreShuffle_128x512E,2036.99,2180.63,0.0
gfx950,256,7597,9216,4096,54,0,150.4656,_ZN5aiter42f4gemm_bf16_per1x32Fp4_BpreShuffle_256x256E,3811.86,1159.47,0.0
gfx950,256,7599,1280,4096,47,0,26.7332,_ZN5aiter42f4gemm_bf16_per1x32Fp4_BpreShuffle_160x256E,2980.61,1407.9,0.0
gfx950,256,7599,4096,1024,54,0,31.3127,_ZN5aiter42f4gemm_bf16_per1x32Fp4_BpreShuffle_256x256E,2035.76,2179.27,0.0
gfx950,256,7601,9216,4096,54,0,149.905,_ZN5aiter42f4gemm_bf16_per1x32Fp4_BpreShuffle_256x256E,3828.13,1164.36,0.0
gfx950,256,7602,1280,4096,47,0,26.2626,_ZN5aiter42f4gemm_bf16_per1x32Fp4_BpreShuffle_160x256E,3035.22,1433.65,0.0
gfx950,256,7602,4096,1024,45,0,30.967,_ZN5aiter42f4gemm_bf16_per1x32Fp4_BpreShuffle_128x512E,2059.3,2204.44,0.0
gfx950,256,7603,9216,4096,54,0,146.6161,_ZN5aiter42f4gemm_bf16_per1x32Fp4_BpreShuffle_256x256E,3915.04,1190.75,0.0
gfx950,256,7607,1280,4096,47,0,26.816,_ZN5aiter42f4gemm_bf16_per1x32Fp4_BpreShuffle_160x256E,2974.54,1404.93,0.0
gfx950,256,7607,4096,1024,54,0,31.4836,_ZN5aiter42f4gemm_bf16_per1x32Fp4_BpreShuffle_256x256E,2026.84,2169.65,0.0
gfx950,256,7611,1280,4096,47,0,27.0881,_ZN5aiter42f4gemm_bf16_per1x32Fp4_BpreShuffle_160x256E,2946.21,1391.49,0.0
gfx950,256,7611,4096,1024,54,0,30.929,_ZN5aiter42f4gemm_bf16_per1x32Fp4_BpreShuffle_256x256E,2064.27,2209.68,0.0
gfx950,256,7614,1280,4096,47,0,26.72,_ZN5aiter42f4gemm_bf16_per1x32Fp4_BpreShuffle_160x256E,2987.97,1411.18,0.0
gfx950,256,7614,4096,1024,54,0,31.3336,_ZN5aiter42f4gemm_bf16_per1x32Fp4_BpreShuffle_256x256E,2038.41,2181.98,0.0
gfx950,256,7618,1280,4096,47,0,26.5679,_ZN5aiter42f4gemm_bf16_per1x32Fp4_BpreShuffle_160x256E,3006.66,1419.95,0.0
gfx950,256,7618,4096,1024,54,0,31.0468,_ZN5aiter42f4gemm_bf16_per1x32Fp4_BpreShuffle_256x256E,2058.33,2203.26,0.0
gfx950,256,7618,9216,4096,54,0,147.2965,_ZN5aiter42f4gemm_bf16_per1x32Fp4_BpreShuffle_256x256E,3904.64,1187.34,0.0
gfx950,256,7619,1280,4096,47,0,26.9608,_ZN5aiter42f4gemm_bf16_per1x32Fp4_BpreShuffle_160x256E,2963.23,1399.43,0.0
gfx950,256,7619,4096,1024,54,0,31.1256,_ZN5aiter42f4gemm_bf16_per1x32Fp4_BpreShuffle_256x256E,2053.38,2197.96,0.0
gfx950,256,7620,1280,4096,47,0,26.7443,_ZN5aiter42f4gemm_bf16_per1x32Fp4_BpreShuffle_160x256E,2987.61,1410.93,0.0
gfx950,256,7620,4096,1024,45,0,31.1831,_ZN5aiter42f4gemm_bf16_per1x32Fp4_BpreShuffle_128x512E,2049.87,2194.19,0.0
gfx950,256,7622,9216,4096,54,0,151.3794,_ZN5aiter42f4gemm_bf16_per1x32Fp4_BpreShuffle_256x256E,3801.32,1155.86,0.0
gfx950,256,7623,1280,4096,47,0,27.7328,_ZN5aiter42f4gemm_bf16_per1x32Fp4_BpreShuffle_160x256E,2882.25,1361.14,0.0
gfx950,256,7623,4096,1024,45,0,31.2493,_ZN5aiter42f4gemm_bf16_per1x32Fp4_BpreShuffle_128x512E,2046.33,2190.38,0.0
gfx950,256,7623,9216,4096,54,0,149.2133,_ZN5aiter42f4gemm_bf16_per1x32Fp4_BpreShuffle_256x256E,3857.01,1172.77,0.0
gfx950,256,7624,1280,4096,47,0,27.9454,_ZN5aiter42f4gemm_bf16_per1x32Fp4_BpreShuffle_160x256E,2860.7,1350.95,0.0
gfx950,256,7624,4096,1024,54,0,30.4817,_ZN5aiter42f4gemm_bf16_per1x32Fp4_BpreShuffle_256x256E,2098.14,2245.82,0.0
gfx950,256,7629,1280,4096,47,0,27.0499,_ZN5aiter42f4gemm_bf16_per1x32Fp4_BpreShuffle_160x256E,2957.34,1396.53,0.0
gfx950,256,7629,4096,1024,54,0,31.0092,_ZN5aiter42f4gemm_bf16_per1x32Fp4_BpreShuffle_256x256E,2063.8,2209.02,0.0
gfx950,256,7630,9216,4096,54,0,149.5377,_ZN5aiter42f4gemm_bf16_per1x32Fp4_BpreShuffle_256x256E,3852.18,1171.19,0.0
gfx950,256,7632,1280,4096,47,0,26.8004,_ZN5aiter42f4gemm_bf16_per1x32Fp4_BpreShuffle_160x256E,2986.05,1410.04,0.0
gfx950,256,7632,4096,1024,45,0,31.9256,_ZN5aiter42f4gemm_bf16_per1x32Fp4_BpreShuffle_128x512E,2005.35,2146.43,0.0
gfx950,256,7632,9216,4096,54,0,145.8567,_ZN5aiter42f4gemm_bf16_per1x32Fp4_BpreShuffle_256x256E,3950.43,1201.03,0.0
gfx950,256,7634,9216,4096,54,0,145.7115,_ZN5aiter42f4gemm_bf16_per1x32Fp4_BpreShuffle_256x256E,3955.4,1202.5,0.0
gfx950,256,7635,9216,4096,54,0,148.6369,_ZN5aiter42f4gemm_bf16_per1x32Fp4_BpreShuffle_256x256E,3878.06,1178.97,0.0
gfx950,256,7637,1280,4096,47,0,26.8904,_ZN5aiter42f4gemm_bf16_per1x32Fp4_BpreShuffle_160x256E,2978.01,1406.18,0.0
gfx950,256,7637,4096,1024,45,0,31.0486,_ZN5aiter42f4gemm_bf16_per1x32Fp4_BpreShuffle_128x512E,2063.34,2208.46,0.0
gfx950,256,7642,1280,4096,47,0,27.0908,_ZN5aiter42f4gemm_bf16_per1x32Fp4_BpreShuffle_160x256E,2957.91,1396.63,0.0
gfx950,256,7642,4096,1024,54,0,31.2558,_ZN5aiter42f4gemm_bf16_per1x32Fp4_BpreShuffle_256x256E,2051.0,2195.21,0.0
gfx950,256,7646,9216,4096,54,0,147.5841,_ZN5aiter42f4gemm_bf16_per1x32Fp4_BpreShuffle_256x256E,3911.35,1188.91,0.0
gfx950,256,7647,9216,4096,54,0,149.9563,_ZN5aiter42f4gemm_bf16_per1x32Fp4_BpreShuffle_256x256E,3849.98,1170.24,0.0
gfx950,256,7648,9216,4096,54,0,150.1901,_ZN5aiter42f4gemm_bf16_per1x32Fp4_BpreShuffle_256x256E,3844.49,1168.56,0.0
gfx950,256,7650,1280,4096,47,0,26.8274,_ZN5aiter42f4gemm_bf16_per1x32Fp4_BpreShuffle_160x256E,2990.08,1411.71,0.0
gfx950,256,7650,4096,1024,54,0,31.1972,_ZN5aiter42f4gemm_bf16_per1x32Fp4_BpreShuffle_256x256E,2057.01,2201.57,0.0
gfx950,256,7651,1280,4096,47,0,26.6651,_ZN5aiter42f4gemm_bf16_per1x32Fp4_BpreShuffle_160x256E,3008.67,1420.48,0.0
gfx950,256,7651,4096,1024,54,0,31.7812,_ZN5aiter42f4gemm_bf16_per1x32Fp4_BpreShuffle_256x256E,2019.47,2161.39,0.0
gfx950,256,7652,9216,4096,54,0,146.9249,_ZN5aiter42f4gemm_bf16_per1x32Fp4_BpreShuffle_256x256E,3931.99,1195.08,0.0
gfx950,256,7653,1280,4096,47,0,27.4744,_ZN5aiter42f4gemm_bf16_per1x32Fp4_BpreShuffle_160x256E,2920.81,1378.97,0.0
gfx950,256,7653,4096,1024,54,0,31.2244,_ZN5aiter42f4gemm_bf16_per1x32Fp4_BpreShuffle_256x256E,2056.02,2200.49,0.0
gfx950,256,7653,9216,4096,54,0,148.3725,_ZN5aiter42f4gemm_bf16_per1x32Fp4_BpreShuffle_256x256E,3894.13,1183.56,0.0
gfx950,256,7656,1280,4096,47,0,26.6458,_ZN5aiter42f4gemm_bf16_per1x32Fp4_BpreShuffle_160x256E,3012.82,1422.37,0.0
gfx950,256,7656,4096,1024,54,0,30.8401,_ZN5aiter42f4gemm_bf16_per1x32Fp4_BpreShuffle_256x256E,2082.46,2228.75,0.0
gfx950,256,7657,1280,4096,47,0,27.1368,_ZN5aiter42f4gemm_bf16_per1x32Fp4_BpreShuffle_160x256E,2958.69,1396.81,0.0
gfx950,256,7657,4096,1024,54,0,31.326,_ZN5aiter42f4gemm_bf16_per1x32Fp4_BpreShuffle_256x256E,2050.42,2194.46,0.0
gfx950,256,7658,9216,4096,54,0,151.4939,_ZN5aiter42f4gemm_bf16_per1x32Fp4_BpreShuffle_256x256E,3816.39,1159.85,0.0
gfx950,256,7660,9216,4096,54,0,147.6673,_ZN5aiter42f4gemm_bf16_per1x32Fp4_BpreShuffle_256x256E,3916.31,1190.18,0.0
gfx950,256,7661,1280,4096,47,0,27.3728,_ZN5aiter42f4gemm_bf16_per1x32Fp4_BpreShuffle_160x256E,2934.72,1385.44,0.0
gfx950,256,7661,4096,1024,54,0,30.9996,_ZN5aiter42f4gemm_bf16_per1x32Fp4_BpreShuffle_256x256E,2073.1,2218.69,0.0
gfx950,256,7662,1280,4096,47,0,26.8021,_ZN5aiter42f4gemm_bf16_per1x32Fp4_BpreShuffle_160x256E,2997.6,1415.11,0.0
gfx950,256,7662,4096,1024,54,0,30.9715,_ZN5aiter42f4gemm_bf16_per1x32Fp4_BpreShuffle_256x256E,2075.25,2220.98,0.0
gfx950,256,7664,4608,4096,54,0,88.5648,_ZN5aiter42f4gemm_bf16_per1x32Fp4_BpreShuffle_256x256E,3266.61,1081.29,0.0
gfx950,256,7664,9216,4096,54,0,148.3553,_ZN5aiter42f4gemm_bf16_per1x32Fp4_BpreShuffle_256x256E,3900.18,1185.22,0.0
gfx950,256,7665,1280,4096,47,0,27.9808,_ZN5aiter42f4gemm_bf16_per1x32Fp4_BpreShuffle_160x256E,2872.45,1355.99,0.0
gfx950,256,7665,4096,1024,54,0,30.7112,_ZN5aiter42f4gemm_bf16_per1x32Fp4_BpreShuffle_256x256E,2093.66,2240.66,0.0
gfx950,256,7666,9216,4096,54,0,150.8658,_ZN5aiter42f4gemm_bf16_per1x32Fp4_BpreShuffle_256x256E,3836.28,1165.76,0.0
gfx950,256,7669,1280,4096,47,0,27.0404,_ZN5aiter42f4gemm_bf16_per1x32Fp4_BpreShuffle_160x256E,2973.89,1403.83,0.0
gfx950,256,7669,4096,1024,54,0,31.4384,_ZN5aiter42f4gemm_bf16_per1x32Fp4_BpreShuffle_256x256E,2046.29,2189.94,0.0
gfx950,256,7670,1280,4096,47,0,28.3844,_ZN5aiter42f4gemm_bf16_per1x32Fp4_BpreShuffle_160x256E,2833.45,1337.52,0.0
gfx950,256,7670,4096,1024,54,0,31.068,_ZN5aiter42f4gemm_bf16_per1x32Fp4_BpreShuffle_256x256E,2070.96,2216.33,0.0
gfx950,256,7673,9216,4096,54,0,146.9782,_ZN5aiter42f4gemm_bf16_per1x32Fp4_BpreShuffle_256x256E,3941.35,1197.57,0.0
gfx950,256,7674,1280,4096,47,0,27.8734,_ZN5aiter42f4gemm_bf16_per1x32Fp4_BpreShuffle_160x256E,2886.9,1362.71,0.0
gfx950,256,7674,4096,1024,54,0,31.0356,_ZN5aiter42f4gemm_bf16_per1x32Fp4_BpreShuffle_256x256E,2074.2,2219.76,0.0
gfx950,256,7675,9216,4096,54,0,149.617,_ZN5aiter42f4gemm_bf16_per1x32Fp4_BpreShuffle_256x256E,3872.84,1176.73,0.0
gfx950,256,7677,1280,4096,47,0,27.8836,_ZN5aiter42f4gemm_bf16_per1x32Fp4_BpreShuffle_160x256E,2886.97,1362.7,0.0
gfx950,256,7677,4096,1024,54,0,31.454,_ZN5aiter42f4gemm_bf16_per1x32Fp4_BpreShuffle_256x256E,2047.41,2191.07,0.0
gfx950,256,7679,1280,4096,47,0,27.3119,_ZN5aiter42f4gemm_bf16_per1x32Fp4_BpreShuffle_160x256E,2948.17,1391.56,0.0
gfx950,256,7679,4096,1024,54,0,31.5212,_ZN5aiter42f4gemm_bf16_per1x32Fp4_BpreShuffle_256x256E,2043.58,2186.95,0.0
gfx950,256,7679,9216,4096,54,0,153.9358,_ZN5aiter42f4gemm_bf16_per1x32Fp4_BpreShuffle_256x256E,3766.15,1144.25,0.0
gfx950,256,7681,9216,4096,54,0,146.9969,_ZN5aiter42f4gemm_bf16_per1x32Fp4_BpreShuffle_256x256E,3944.95,1198.54,0.0
gfx950,256,7682,9216,4096,54,0,151.6394,_ZN5aiter42f4gemm_bf16_per1x32Fp4_BpreShuffle_256x256E,3824.68,1161.98,0.0
gfx950,256,7687,1280,4096,47,0,27.1596,_ZN5aiter42f4gemm_bf16_per1x32Fp4_BpreShuffle_160x256E,2967.79,1400.73,0.0
gfx950,256,7687,4096,1024,54,0,31.2728,_ZN5aiter42f4gemm_bf16_per1x32Fp4_BpreShuffle_256x256E,2061.96,2206.54,0.0
gfx950,256,7689,1280,4096,47,0,26.4424,_ZN5aiter42f4gemm_bf16_per1x32Fp4_BpreShuffle_160x256E,3049.08,1439.07,0.0
gfx950,256,7689,4096,1024,54,0,31.2716,_ZN5aiter42f4gemm_bf16_per1x32Fp4_BpreShuffle_256x256E,2062.57,2207.19,0.0
gfx950,256,7694,1280,4096,47,0,26.6252,_ZN5aiter42f4gemm_bf16_per1x32Fp4_BpreShuffle_160x256E,3030.12,1430.05,0.0
gfx950,256,7694,4096,1024,54,0,31.5744,_ZN5aiter42f4gemm_bf16_per1x32Fp4_BpreShuffle_256x256E,2044.12,2187.4,0.0
gfx950,256,7695,9216,4096,54,0,150.8678,_ZN5aiter42f4gemm_bf16_per1x32Fp4_BpreShuffle_256x256E,3850.74,1169.69,0.0
gfx950,256,7696,1280,4096,47,0,26.6768,_ZN5aiter42f4gemm_bf16_per1x32Fp4_BpreShuffle_160x256E,3025.04,1427.63,0.0
gfx950,256,7696,4096,1024,54,0,31.954,_ZN5aiter42f4gemm_bf16_per1x32Fp4_BpreShuffle_256x256E,2020.36,2161.96,0.0
gfx950,256,7700,9216,4096,54,0,153.6802,_ZN5aiter42f4gemm_bf16_per1x32Fp4_BpreShuffle_256x256E,3782.73,1148.95,0.0
gfx950,256,7701,1280,4096,47,0,26.9048,_ZN5aiter42f4gemm_bf16_per1x32Fp4_BpreShuffle_160x256E,3001.35,1416.39,0.0
gfx950,256,7701,4096,1024,54,0,31.2534,_ZN5aiter42f4gemm_bf16_per1x32Fp4_BpreShuffle_256x256E,2067.0,2211.81,0.0
gfx950,256,7701,9216,4096,54,0,148.2309,_ZN5aiter42f4gemm_bf16_per1x32Fp4_BpreShuffle_256x256E,3922.3,1191.32,0.0
gfx950,256,7703,9216,4096,54,0,150.7118,_ZN5aiter42f4gemm_bf16_per1x32Fp4_BpreShuffle_256x256E,3858.74,1171.98,0.0
gfx950,256,7706,1280,4096,47,0,26.1249,_ZN5aiter42f4gemm_bf16_per1x32Fp4_BpreShuffle_160x256E,3092.96,1459.55,0.0
gfx950,256,7706,4096,1024,54,0,31.1909,_ZN5aiter42f4gemm_bf16_per1x32Fp4_BpreShuffle_256x256E,2072.48,2217.64,0.0
gfx950,256,7709,9216,4096,54,0,147.5051,_ZN5aiter42f4gemm_bf16_per1x32Fp4_BpreShuffle_256x256E,3945.69,1198.3,0.0
gfx950,256,7712,1280,4096,47,0,26.4788,_ZN5aiter42f4gemm_bf16_per1x32Fp4_BpreShuffle_160x256E,3054.0,1441.09,0.0
gfx950,256,7712,4096,1024,54,0,31.6976,_ZN5aiter42f4gemm_bf16_per1x32Fp4_BpreShuffle_256x256E,2040.94,2183.84,0.0
gfx950,256,7712,9216,4096,54,0,147.3633,_ZN5aiter42f4gemm_bf16_per1x32Fp4_BpreShuffle_256x256E,3951.03,1199.87,0.0
gfx950,256,7713,1280,4096,47,0,27.8779,_ZN5aiter42f4gemm_bf16_per1x32Fp4_BpreShuffle_160x256E,2901.1,1368.93,0.0
gfx950,256,7713,4096,1024,54,0,30.9699,_ZN5aiter42f4gemm_bf16_per1x32Fp4_BpreShuffle_256x256E,2089.17,2235.43,0.0
gfx950,256,7714,1280,4096,47,0,26.3011,_ZN5aiter42f4gemm_bf16_per1x32Fp4_BpreShuffle_160x256E,3075.43,1451.18,0.0
gfx950,256,7714,4096,1024,54,0,30.6293,_ZN5aiter42f4gemm_bf16_per1x32Fp4_BpreShuffle_256x256E,2112.67,2260.57,0.0
gfx950,256,7716,1280,4096,47,0,26.976,_ZN5aiter42f4gemm_bf16_per1x32Fp4_BpreShuffle_160x256E,2999.26,1415.21,0.0
gfx950,256,7716,4096,1024,54,0,32.0205,_ZN5aiter42f4gemm_bf16_per1x32Fp4_BpreShuffle_256x256E,2021.41,2162.9,0.0
gfx950,256,7719,1280,4096,47,0,26.6925,_ZN5aiter42f4gemm_bf16_per1x32Fp4_BpreShuffle_160x256E,3032.3,1430.76,0.0
gfx950,256,7719,4096,1024,54,0,31.2949,_ZN5aiter42f4gemm_bf16_per1x32Fp4_BpreShuffle_256x256E,2069.08,2213.89,0.0
gfx950,256,7720,9216,4096,54,0,149.989,_ZN5aiter42f4gemm_bf16_per1x32Fp4_BpreShuffle_256x256E,3885.89,1179.95,0.0
gfx950,256,7721,1280,4096,47,0,27.5508,_ZN5aiter42f4gemm_bf16_per1x32Fp4_BpreShuffle_160x256E,2938.59,1386.52,0.0
gfx950,256,7721,4096,1024,54,0,31.2973,_ZN5aiter42f4gemm_bf16_per1x32Fp4_BpreShuffle_256x256E,2069.46,2214.27,0.0
gfx950,256,7722,9216,4096,54,0,149.7965,_ZN5aiter42f4gemm_bf16_per1x32Fp4_BpreShuffle_256x256E,3891.89,1181.74,0.0
gfx950,256,7724,9216,4096,54,0,148.481,_ZN5aiter42f4gemm_bf16_per1x32Fp4_BpreShuffle_256x256E,3927.39,1192.49,0.0
gfx950,256,7725,9216,4096,54,0,153.7038,_ZN5aiter42f4gemm_bf16_per1x32Fp4_BpreShuffle_256x256E,3794.43,1152.1,0.0
gfx950,256,7726,1280,4096,47,0,26.8456,_ZN5aiter42f4gemm_bf16_per1x32Fp4_BpreShuffle_160x256E,3017.74,1423.8,0.0
gfx950,256,7726,4096,1024,54,0,31.6444,_ZN5aiter42f4gemm_bf16_per1x32Fp4_BpreShuffle_256x256E,2048.08,2191.36,0.0
gfx950,256,7727,1280,4096,47,0,26.1605,_ZN5aiter42f4gemm_bf16_per1x32Fp4_BpreShuffle_160x256E,3097.17,1461.27,0.0
gfx950,256,7727,4096,1024,45,0,31.6269,_ZN5aiter42f4gemm_bf16_per1x32Fp4_BpreShuffle_128x512E,2049.48,2192.85,0.0
gfx950,256,7729,9216,4096,54,0,151.0334,_ZN5aiter42f4gemm_bf16_per1x32Fp4_BpreShuffle_256x256E,3863.52,1173.01,0.0
gfx950,256,7735,1280,4096,47,0,26.7144,_ZN5aiter42f4gemm_bf16_per1x32Fp4_BpreShuffle_160x256E,3036.09,1432.35,0.0
gfx950,256,7735,4096,1024,54,0,31.234,_ZN5aiter42f4gemm_bf16_per1x32Fp4_BpreShuffle_256x256E,2077.41,2222.66,0.0
gfx950,256,7736,9216,4096,54,0,149.8058,_ZN5aiter42f4gemm_bf16_per1x32Fp4_BpreShuffle_256x256E,3898.7,1183.58,0.0
gfx950,256,7737,1280,4096,47,0,26.6457,_ZN5aiter42f4gemm_bf16_per1x32Fp4_BpreShuffle_160x256E,3044.71,1436.39,0.0
gfx950,256,7737,4096,1024,45,0,31.8105,_ZN5aiter42f4gemm_bf16_per1x32Fp4_BpreShuffle_128x512E,2040.29,2182.93,0.0
gfx950,256,7738,1280,4096,47,0,26.3295,_ZN5aiter42f4gemm_bf16_per1x32Fp4_BpreShuffle_160x256E,3081.67,1453.81,0.0
gfx950,256,7738,4096,1024,54,0,31.6936,_ZN5aiter42f4gemm_bf16_per1x32Fp4_BpreShuffle_256x256E,2048.08,2191.25,0.0
gfx950,256,7738,9216,4096,54,0,145.4132,_ZN5aiter42f4gemm_bf16_per1x32Fp4_BpreShuffle_256x256E,4017.51,1219.62,0.0
gfx950,256,7740,1280,4096,47,0,26.6326,_ZN5aiter42f4gemm_bf16_per1x32Fp4_BpreShuffle_160x256E,3047.38,1437.61,0.0
gfx950,256,7740,4096,1024,54,0,31.118,_ZN5aiter42f4gemm_bf16_per1x32Fp4_BpreShuffle_256x256E,2086.5,2232.35,0.0
gfx950,256,7740,9216,4096,54,0,147.4474,_ZN5aiter42f4gemm_bf16_per1x32Fp4_BpreShuffle_256x256E,3963.11,1203.07,0.0
gfx950,256,7744,1280,4096,47,0,26.5456,_ZN5aiter42f4gemm_bf16_per1x32Fp4_BpreShuffle_160x256E,3058.95,1443.02,0.0
gfx950,256,7744,4096,1024,45,0,31.4205,_ZN5aiter42f4gemm_bf16_per1x32Fp4_BpreShuffle_128x512E,2067.48,2211.96,0.0
gfx950,256,7745,1280,4096,47,0,26.5892,_ZN5aiter42f4gemm_bf16_per1x32Fp4_BpreShuffle_160x256E,3054.33,1440.83,0.0
gfx950,256,7745,4096,1024,45,0,31.7738,_ZN5aiter42f4gemm_bf16_per1x32Fp4_BpreShuffle_128x512E,2044.76,2187.64,0.0
gfx950,256,7747,9216,4096,54,0,150.4063,_ZN5aiter42f4gemm_bf16_per1x32Fp4_BpreShuffle_256x256E,3888.66,1180.36,0.0
gfx950,256,7748,1280,4096,47,0,27.1714,_ZN5aiter42f4gemm_bf16_per1x32Fp4_BpreShuffle_160x256E,2990.04,1410.46,0.0
gfx950,256,7748,4096,1024,54,0,32.0149,_ZN5aiter42f4gemm_bf16_per1x32Fp4_BpreShuffle_256x256E,2030.15,2171.98,0.0
gfx950,256,7752,9216,4096,54,0,146.8057,_ZN5aiter42f4gemm_bf16_per1x32Fp4_BpreShuffle_256x256E,3986.61,1210.0,0.0
gfx950,256,7753,1280,4096,47,0,26.9039,_ZN5aiter42f4gemm_bf16_per1x32Fp4_BpreShuffle_160x256E,3021.72,1425.34,0.0
gfx950,256,7753,4096,1024,54,0,32.0257,_ZN5aiter42f4gemm_bf16_per1x32Fp4_BpreShuffle_256x256E,2030.77,2172.61,0.0
gfx950,256,7754,9216,4096,54,0,150.1502,_ZN5aiter42f4gemm_bf16_per1x32Fp4_BpreShuffle_256x256E,3898.81,1183.32,0.0
gfx950,256,7756,1280,4096,47,0,26.6668,_ZN5aiter42f4gemm_bf16_per1x32Fp4_BpreShuffle_160x256E,3049.77,1438.53,0.0
gfx950,256,7756,4096,1024,54,0,31.1858,_ZN5aiter42f4gemm_bf16_per1x32Fp4_BpreShuffle_256x256E,2086.27,2231.96,0.0
gfx950,256,7756,9216,4096,54,0,152.9298,_ZN5aiter42f4gemm_bf16_per1x32Fp4_BpreShuffle_256x256E,3828.94,1162.08,0.0
gfx950,256,7758,1280,4096,47,0,27.4817,_ZN5aiter42f4gemm_bf16_per1x32Fp4_BpreShuffle_160x256E,2960.1,1396.21,0.0
gfx950,256,7758,4096,1024,54,0,31.3132,_ZN5aiter42f4gemm_bf16_per1x32Fp4_BpreShuffle_256x256E,2078.32,2223.43,0.0
gfx950,256,7760,1280,4096,47,0,26.1523,_ZN5aiter42f4gemm_bf16_per1x32Fp4_BpreShuffle_160x256E,3111.37,1467.54,0.0
gfx950,256,7760,4096,1024,54,0,31.8392,_ZN5aiter42f4gemm_bf16_per1x32Fp4_BpreShuffle_256x256E,2044.51,2187.25,0.0
gfx950,256,7760,9216,4096,54,0,147.2534,_ZN5aiter42f4gemm_bf16_per1x32Fp4_BpreShuffle_256x256E,3978.59,1207.44,0.0
gfx950,256,7762,1280,4096,47,0,27.4146,_ZN5aiter42f4gemm_bf16_per1x32Fp4_BpreShuffle_160x256E,2968.87,1400.3,0.0
gfx950,256,7762,4096,1024,54,0,31.4885,_ZN5aiter42f4gemm_bf16_per1x32Fp4_BpreShuffle_256x256E,2067.81,2212.16,0.0
gfx950,256,7763,1280,4096,47,0,27.2256,_ZN5aiter42f4gemm_bf16_per1x32Fp4_BpreShuffle_160x256E,2989.87,1410.19,0.0
gfx950,256,7763,4096,1024,54,0,31.1689,_ZN5aiter42f4gemm_bf16_per1x32Fp4_BpreShuffle_256x256E,2089.29,2235.12,0.0
gfx950,256,7763,9216,4096,54,0,153.4358,_ZN5aiter42f4gemm_bf16_per1x32Fp4_BpreShuffle_256x256E,3819.75,1159.19,0.0
gfx950,256,7764,1280,4096,47,0,26.9628,_ZN5aiter42f4gemm_bf16_per1x32Fp4_BpreShuffle_160x256E,3019.4,1424.11,0.0
gfx950,256,7764,4096,1024,54,0,31.2711,_ZN5aiter42f4gemm_bf16_per1x32Fp4_BpreShuffle_256x256E,2082.73,2228.1,0.0
gfx950,256,7764,9216,4096,54,0,147.3566,_ZN5aiter42f4gemm_bf16_per1x32Fp4_BpreShuffle_256x256E,3977.85,1207.15,0.0
gfx950,256,7765,9216,4096,54,0,148.8617,_ZN5aiter42f4gemm_bf16_per1x32Fp4_BpreShuffle_256x256E,3938.14,1195.08,0.0
gfx950,256,7768,1280,4096,47,0,26.9554,_ZN5aiter42f4gemm_bf16_per1x32Fp4_BpreShuffle_160x256E,3021.78,1425.18,0.0
gfx950,256,7768,4096,1024,54,0,30.9972,_ZN5aiter42f4gemm_bf16_per1x32Fp4_BpreShuffle_256x256E,2102.21,2248.91,0.0
gfx950,256,7770,1280,4096,47,0,28.4944,_ZN5aiter42f4gemm_bf16_per1x32Fp4_BpreShuffle_160x256E,2859.31,1348.53,0.0
gfx950,256,7770,4096,1024,54,0,31.4312,_ZN5aiter42f4gemm_bf16_per1x32Fp4_BpreShuffle_256x256E,2073.72,2218.41,0.0
gfx950,256,7772,1280,4096,47,0,27.148,_ZN5aiter42f4gemm_bf16_per1x32Fp4_BpreShuffle_160x256E,3001.89,1415.75,0.0
gfx950,256,7772,4096,1024,45,0,31.7499,_ZN5aiter42f4gemm_bf16_per1x32Fp4_BpreShuffle_128x512E,2053.43,2196.69,0.0
gfx950,256,7773,9216,4096,54,0,149.3675,_ZN5aiter42f4gemm_bf16_per1x32Fp4_BpreShuffle_256x256E,3928.85,1192.13,0.0
gfx950,256,7774,9216,4096,54,0,149.161,_ZN5aiter42f4gemm_bf16_per1x32Fp4_BpreShuffle_256x256E,3934.79,1193.92,0.0
gfx950,256,7775,9216,4096,54,0,150.3162,_ZN5aiter42f4gemm_bf16_per1x32Fp4_BpreShuffle_256x256E,3905.05,1184.88,0.0
gfx950,256,7777,9216,4096,54,0,151.7234,_ZN5aiter42f4gemm_bf16_per1x32Fp4_BpreShuffle_256x256E,3869.83,1174.16,0.0
gfx950,256,7779,9216,4096,54,0,150.5838,_ZN5aiter42f4gemm_bf16_per1x32Fp4_BpreShuffle_256x256E,3900.12,1183.32,0.0
gfx950,256,7781,9216,4096,54,0,147.9226,_ZN5aiter42f4gemm_bf16_per1x32Fp4_BpreShuffle_256x256E,3971.31,1204.88,0.0
gfx950,256,7782,1280,4096,47,0,26.4752,_ZN5aiter42f4gemm_bf16_per1x32Fp4_BpreShuffle_160x256E,3082.14,1453.47,0.0
gfx950,256,7782,4096,1024,54,0,31.4544,_ZN5aiter42f4gemm_bf16_per1x32Fp4_BpreShuffle_256x256E,2075.39,2220.09,0.0
gfx950,256,7784,1280,4096,47,0,27.5252,_ZN5aiter42f4gemm_bf16_per1x32Fp4_BpreShuffle_160x256E,2965.32,1398.36,0.0
gfx950,256,7784,4096,1024,54,0,31.8765,_ZN5aiter42f4gemm_bf16_per1x32Fp4_BpreShuffle_256x256E,2048.43,2191.24,0.0
gfx950,256,7785,1280,4096,47,0,27.7152,_ZN5aiter42f4gemm_bf16_per1x32Fp4_BpreShuffle_160x256E,2945.37,1388.94,0.0
gfx950,256,7785,4096,1024,54,0,31.7825,_ZN5aiter42f4gemm_bf16_per1x32Fp4_BpreShuffle_256x256E,2054.76,2198.0,0.0
gfx950,256,7785,9216,4096,54,0,149.2806,_ZN5aiter42f4gemm_bf16_per1x32Fp4_BpreShuffle_256x256E,3937.2,1194.47,0.0
gfx950,256,7790,1280,4096,47,0,27.4984,_ZN5aiter42f4gemm_bf16_per1x32Fp4_BpreShuffle_160x256E,2970.5,1400.73,0.0
gfx950,256,7790,4096,1024,54,0,30.8648,_ZN5aiter42f4gemm_bf16_per1x32Fp4_BpreShuffle_256x256E,2117.21,2264.76,0.0
gfx950,256,7793,9216,4096,54,0,147.4214,_ZN5aiter42f4gemm_bf16_per1x32Fp4_BpreShuffle_256x256E,3990.95,1210.65,0.0
gfx950,256,7794,1280,4096,47,0,27.1511,_ZN5aiter42f4gemm_bf16_per1x32Fp4_BpreShuffle_160x256E,3010.04,1419.32,0.0
gfx950,256,7794,4096,1024,54,0,31.0017,_ZN5aiter42f4gemm_bf16_per1x32Fp4_BpreShuffle_256x256E,2108.94,2255.88,0.0
gfx950,256,7796,1280,4096,47,0,27.4198,_ZN5aiter42f4gemm_bf16_per1x32Fp4_BpreShuffle_160x256E,2981.31,1405.75,0.0
gfx950,256,7796,4096,1024,54,0,31.2199,_ZN5aiter42f4gemm_bf16_per1x32Fp4_BpreShuffle_256x256E,2094.74,2240.67,0.0
gfx950,256,7797,9216,4096,54,0,148.9174,_ZN5aiter42f4gemm_bf16_per1x32Fp4_BpreShuffle_256x256E,3952.89,1199.03,0.0
gfx950,256,7798,9216,4096,54,0,147.7855,_ZN5aiter42f4gemm_bf16_per1x32Fp4_BpreShuffle_256x256E,3983.67,1208.36,0.0
gfx950,256,7799,1280,4096,47,0,27.8516,_ZN5aiter42f4gemm_bf16_per1x32Fp4_BpreShuffle_160x256E,2936.22,1384.45,0.0
gfx950,256,7799,4096,1024,54,0,31.0524,_ZN5aiter42f4gemm_bf16_per1x32Fp4_BpreShuffle_256x256E,2106.85,2253.6,0.0
gfx950,256,7808,1280,4096,47,0,28.228,_ZN5aiter42f4gemm_bf16_per1x32Fp4_BpreShuffle_160x256E,2900.41,1367.46,0.0
gfx950,256,7808,4096,1024,54,0,31.136,_ZN5aiter42f4gemm_bf16_per1x32Fp4_BpreShuffle_256x256E,2103.62,2250.06,0.0
gfx950,256,7809,1280,4096,47,0,27.2948,_ZN5aiter42f4gemm_bf16_per1x32Fp4_BpreShuffle_160x256E,2999.96,1414.38,0.0
gfx950,256,7809,4096,1024,54,0,31.3007,_ZN5aiter42f4gemm_bf16_per1x32Fp4_BpreShuffle_256x256E,2092.82,2238.5,0.0
gfx950,256,7811,1280,4096,47,0,27.325,_ZN5aiter42f4gemm_bf16_per1x32Fp4_BpreShuffle_160x256E,2997.41,1413.16,0.0
gfx950,256,7811,4096,1024,45,0,31.0388,_ZN5aiter42f4gemm_bf16_per1x32Fp4_BpreShuffle_128x512E,2111.02,2257.95,0.0
gfx950,256,7812,1280,4096,47,0,27.1192,_ZN5aiter42f4gemm_bf16_per1x32Fp4_BpreShuffle_160x256E,3020.54,1424.05,0.0
gfx950,256,7812,4096,1024,45,0,31.6341,_ZN5aiter42f4gemm_bf16_per1x32Fp4_BpreShuffle_128x512E,2071.56,2215.74,0.0
gfx950,256,7817,9216,4096,54,0,150.6934,_ZN5aiter42f4gemm_bf16_per1x32Fp4_BpreShuffle_256x256E,3916.32,1187.62,0.0
gfx950,256,7821,1280,4096,47,0,27.3044,_ZN5aiter42f4gemm_bf16_per1x32Fp4_BpreShuffle_160x256E,3003.51,1415.91,0.0
gfx950,256,7821,4096,1024,54,0,31.9649,_ZN5aiter42f4gemm_bf16_per1x32Fp4_BpreShuffle_256x256E,2052.48,2195.26,0.0
gfx950,256,7825,9216,4096,54,0,150.8619,_ZN5aiter42f4gemm_bf16_per1x32Fp4_BpreShuffle_256x256E,3915.95,1187.38,0.0
gfx950,256,7827,1280,4096,47,0,27.8976,_ZN5aiter42f4gemm_bf16_per1x32Fp4_BpreShuffle_160x256E,2941.9,1386.8,0.0
gfx950,256,7827,4096,1024,54,0,32.0633,_ZN5aiter42f4gemm_bf16_per1x32Fp4_BpreShuffle_256x256E,2047.75,2190.15,0.0
gfx950,256,7828,1280,4096,47,0,27.7964,_ZN5aiter42f4gemm_bf16_per1x32Fp4_BpreShuffle_160x256E,2952.99,1392.01,0.0
gfx950,256,7828,4096,1024,54,0,31.5196,_ZN5aiter42f4gemm_bf16_per1x32Fp4_BpreShuffle_256x256E,2083.34,2228.2,0.0
gfx950,256,7834,1280,4096,47,0,27.1339,_ZN5aiter42f4gemm_bf16_per1x32Fp4_BpreShuffle_160x256E,3027.41,1427.02,0.0
gfx950,256,7834,4096,1024,54,0,30.9993,_ZN5aiter42f4gemm_bf16_per1x32Fp4_BpreShuffle_256x256E,2119.93,2267.29,0.0
gfx950,256,7834,9216,4096,54,0,152.1456,_ZN5aiter42f4gemm_bf16_per1x32Fp4_BpreShuffle_256x256E,3887.38,1178.57,0.0
gfx950,256,7835,1280,4096,47,0,27.9323,_ZN5aiter42f4gemm_bf16_per1x32Fp4_BpreShuffle_160x256E,2941.25,1386.39,0.0
gfx950,256,7835,4096,1024,45,0,31.7576,_ZN5aiter42f4gemm_bf16_per1x32Fp4_BpreShuffle_128x512E,2069.58,2213.42,0.0
gfx950,256,7836,1280,4096,47,0,27.076,_ZN5aiter42f4gemm_bf16_per1x32Fp4_BpreShuffle_160x256E,3034.66,1430.41,0.0
gfx950,256,7836,4096,1024,54,0,31.6225,_ZN5aiter42f4gemm_bf16_per1x32Fp4_BpreShuffle_256x256E,2078.68,2223.15,0.0
gfx950,256,7837,1280,4096,47,0,27.5644,_ZN5aiter42f4gemm_bf16_per1x32Fp4_BpreShuffle_160x256E,2981.27,1405.23,0.0
gfx950,256,7837,4096,1024,54,0,31.9065,_ZN5aiter42f4gemm_bf16_per1x32Fp4_BpreShuffle_256x256E,2060.44,2203.64,0.0
gfx950,256,7839,9216,4096,54,0,147.9466,_ZN5aiter42f4gemm_bf16_per1x32Fp4_BpreShuffle_256x256E,4000.26,1212.72,0.0
gfx950,256,7840,9216,4096,54,0,147.4751,_ZN5aiter42f4gemm_bf16_per1x32Fp4_BpreShuffle_256x256E,4013.56,1216.73,0.0
gfx950,256,7841,1280,4096,47,0,26.3877,_ZN5aiter42f4gemm_bf16_per1x32Fp4_BpreShuffle_160x256E,3115.8,1468.59,0.0
gfx950,256,7841,4096,1024,54,0,30.8326,_ZN5aiter42f4gemm_bf16_per1x32Fp4_BpreShuffle_256x256E,2133.3,2281.52,0.0
gfx950,256,7842,1280,4096,47,0,26.5245,_ZN5aiter42f4gemm_bf16_per1x32Fp4_BpreShuffle_160x256E,3100.13,1461.19,0.0
gfx950,256,7842,4096,1024,54,0,32.1957,_ZN5aiter42f4gemm_bf16_per1x32Fp4_BpreShuffle_256x256E,2043.24,2185.2,0.0
gfx950,256,7843,9216,4096,54,0,149.8548,_ZN5aiter42f4gemm_bf16_per1x32Fp4_BpreShuffle_256x256E,3951.34,1197.82,0.0
gfx950,256,7845,9216,4096,54,0,148.3395,_ZN5aiter42f4gemm_bf16_per1x32Fp4_BpreShuffle_256x256E,3992.72,1210.33,0.0
gfx950,256,7848,1280,4096,47,0,26.5759,_ZN5aiter42f4gemm_bf16_per1x32Fp4_BpreShuffle_160x256E,3096.5,1459.41,0.0
gfx950,256,7848,4096,1024,54,0,31.4785,_ZN5aiter42f4gemm_bf16_per1x32Fp4_BpreShuffle_256x256E,2091.39,2236.64,0.0
gfx950,256,7848,9216,4096,54,0,148.8366,_ZN5aiter42f4gemm_bf16_per1x32Fp4_BpreShuffle_256x256E,3980.9,1206.7,0.0
gfx950,256,7850,1280,4096,47,0,26.6861,_ZN5aiter42f4gemm_bf16_per1x32Fp4_BpreShuffle_160x256E,3084.5,1453.72,0.0
gfx950,256,7850,4096,1024,54,0,31.2881,_ZN5aiter42f4gemm_bf16_per1x32Fp4_BpreShuffle_256x256E,2104.65,2250.81,0.0
gfx950,256,7851,1280,4096,47,0,26.3364,_ZN5aiter42f4gemm_bf16_per1x32Fp4_BpreShuffle_160x256E,3125.85,1473.2,0.0
gfx950,256,7851,4096,1024,54,0,31.5273,_ZN5aiter42f4gemm_bf16_per1x32Fp4_BpreShuffle_256x256E,2088.95,2234.01,0.0
gfx950,256,7852,9216,4096,54,0,149.0265,_ZN5aiter42f4gemm_bf16_per1x32Fp4_BpreShuffle_256x256E,3977.86,1205.71,0.0
gfx950,256,7853,9216,4096,54,0,153.3534,_ZN5aiter42f4gemm_bf16_per1x32Fp4_BpreShuffle_256x256E,3866.11,1171.83,0.0
gfx950,256,7856,1280,4096,47,0,27.036,_ZN5aiter42f4gemm_bf16_per1x32Fp4_BpreShuffle_160x256E,3046.91,1435.93,0.0
gfx950,256,7856,4096,1024,54,0,31.6276,_ZN5aiter42f4gemm_bf16_per1x32Fp4_BpreShuffle_256x256E,2083.65,2228.3,0.0
gfx950,256,7862,1280,4096,47,0,25.7528,_ZN5aiter42f4gemm_bf16_per1x32Fp4_BpreShuffle_160x256E,3201.17,1508.56,0.0
gfx950,256,7862,4096,1024,54,0,31.7677,_ZN5aiter42f4gemm_bf16_per1x32Fp4_BpreShuffle_256x256E,2076.05,2220.12,0.0
gfx950,256,7865,1280,4096,47,0,27.5948,_ZN5aiter42f4gemm_bf16_per1x32Fp4_BpreShuffle_160x256E,2988.62,1408.36,0.0
gfx950,256,7865,4096,1024,54,0,31.5185,_ZN5aiter42f4gemm_bf16_per1x32Fp4_BpreShuffle_256x256E,2093.26,2238.5,0.0
gfx950,256,7866,9216,4096,54,0,150.6228,_ZN5aiter42f4gemm_bf16_per1x32Fp4_BpreShuffle_256x256E,3942.72,1194.84,0.0
gfx950,256,7867,1280,4096,47,0,26.7984,_ZN5aiter42f4gemm_bf16_per1x32Fp4_BpreShuffle_160x256E,3078.22,1450.56,0.0
gfx950,256,7867,4096,1024,54,0,31.3904,_ZN5aiter42f4gemm_bf16_per1x32Fp4_BpreShuffle_256x256E,2102.34,2248.19,0.0
gfx950,256,7870,1280,4096,47,0,26.5512,_ZN5aiter42f4gemm_bf16_per1x32Fp4_BpreShuffle_160x256E,3108.07,1464.58,0.0
gfx950,256,7870,4096,1024,45,0,31.7012,_ZN5aiter42f4gemm_bf16_per1x32Fp4_BpreShuffle_128x512E,2082.52,2226.97,0.0
gfx950,256,7875,9216,4096,54,0,151.9198,_ZN5aiter42f4gemm_bf16_per1x32Fp4_BpreShuffle_256x256E,3913.53,1185.85,0.0
gfx950,256,7876,1280,4096,47,0,27.4244,_ZN5aiter42f4gemm_bf16_per1x32Fp4_BpreShuffle_160x256E,3011.4,1418.96,0.0
gfx950,256,7876,4096,1024,54,0,31.8285,_ZN5aiter42f4gemm_bf16_per1x32Fp4_BpreShuffle_256x256E,2075.77,2219.7,0.0
gfx950,256,7878,9216,4096,54,0,152.2878,_ZN5aiter42f4gemm_bf16_per1x32Fp4_BpreShuffle_256x256E,3905.56,1183.39,0.0
gfx950,256,7879,9216,4096,54,0,151.7987,_ZN5aiter42f4gemm_bf16_per1x32Fp4_BpreShuffle_256x256E,3918.64,1187.34,0.0
gfx950,256,7881,9216,4096,54,0,152.803,_ZN5aiter42f4gemm_bf16_per1x32Fp4_BpreShuffle_256x256E,3893.87,1179.8,0.0
gfx950,256,7883,1280,4096,47,0,26.7729,_ZN5aiter42f4gemm_bf16_per1x32Fp4_BpreShuffle_160x256E,3087.42,1454.69,0.0
gfx950,256,7883,4096,1024,54,0,31.1782,_ZN5aiter42f4gemm_bf16_per1x32Fp4_BpreShuffle_256x256E,2120.95,2267.96,0.0
gfx950,256,7883,9216,4096,54,0,148.685,_ZN5aiter42f4gemm_bf16_per1x32Fp4_BpreShuffle_256x256E,4002.73,1212.75,0.0
gfx950,256,7884,1280,4096,47,0,28.0352,_ZN5aiter42f4gemm_bf16_per1x32Fp4_BpreShuffle_160x256E,2948.78,1389.36,0.0
gfx950,256,7884,4096,1024,54,0,31.9821,_ZN5aiter42f4gemm_bf16_per1x32Fp4_BpreShuffle_256x256E,2067.9,2211.22,0.0
gfx950,256,7884,9216,4096,54,0,151.9757,_ZN5aiter42f4gemm_bf16_per1x32Fp4_BpreShuffle_256x256E,3916.56,1186.63,0.0
gfx950,256,7885,1280,4096,47,0,26.9132,_ZN5aiter42f4gemm_bf16_per1x32Fp4_BpreShuffle_160x256E,3072.11,1447.45,0.0
gfx950,256,7885,4096,1024,45,0,31.6669,_ZN5aiter42f4gemm_bf16_per1x32Fp4_BpreShuffle_128x512E,2088.75,2233.51,0.0
gfx950,256,7887,9216,4096,54,0,150.873,_ZN5aiter42f4gemm_bf16_per1x32Fp4_BpreShuffle_256x256E,3946.69,1195.71,0.0
gfx950,256,7888,1280,4096,47,0,27.3624,_ZN5aiter42f4gemm_bf16_per1x32Fp4_BpreShuffle_160x256E,3022.82,1424.19,0.0
gfx950,256,7888,4096,1024,54,0,31.5665,_ZN5aiter42f4gemm_bf16_per1x32Fp4_BpreShuffle_256x256E,2096.19,2241.44,0.0
gfx950,256,7889,1280,4096,47,0,27.3294,_ZN5aiter42f4gemm_bf16_per1x32Fp4_BpreShuffle_160x256E,3026.86,1426.08,0.0
gfx950,256,7889,4096,1024,54,0,31.7885,_ZN5aiter42f4gemm_bf16_per1x32Fp4_BpreShuffle_256x256E,2081.81,2226.06,0.0
gfx950,256,7890,1280,4096,47,0,26.4449,_ZN5aiter42f4gemm_bf16_per1x32Fp4_BpreShuffle_160x256E,3128.49,1473.95,0.0
gfx950,256,7890,4096,1024,54,0,31.2025,_ZN5aiter42f4gemm_bf16_per1x32Fp4_BpreShuffle_256x256E,2121.18,2268.14,0.0
gfx950,256,7896,9216,4096,54,0,154.6992,_ZN5aiter42f4gemm_bf16_per1x32Fp4_BpreShuffle_256x256E,3853.47,1167.33,0.0
gfx950,256,7899,1280,4096,47,0,28.2164,_ZN5aiter42f4gemm_bf16_per1x32Fp4_BpreShuffle_160x256E,2935.42,1382.88,0.0
gfx950,256,7899,4096,1024,54,0,31.5093,_ZN5aiter42f4gemm_bf16_per1x32Fp4_BpreShuffle_256x256E,2102.92,2248.54,0.0
gfx950,256,7900,1280,4096,47,0,26.3305,_ZN5aiter42f4gemm_bf16_per1x32Fp4_BpreShuffle_160x256E,3146.07,1482.11,0.0
gfx950,256,7900,4096,1024,54,0,31.6029,_ZN5aiter42f4gemm_bf16_per1x32Fp4_BpreShuffle_256x256E,2096.96,2242.16,0.0
gfx950,256,7903,1280,4096,47,0,26.4978,_ZN5aiter42f4gemm_bf16_per1x32Fp4_BpreShuffle_160x256E,3127.39,1473.27,0.0
gfx950,256,7903,4096,1024,54,0,31.8668,_ZN5aiter42f4gemm_bf16_per1x32Fp4_BpreShuffle_256x256E,2080.38,2224.41,0.0
gfx950,256,7905,9216,4096,54,0,147.6526,_ZN5aiter42f4gemm_bf16_per1x32Fp4_BpreShuffle_256x256E,4041.97,1224.28,0.0
gfx950,256,7906,1280,4096,47,0,27.294,_ZN5aiter42f4gemm_bf16_per1x32Fp4_BpreShuffle_160x256E,3037.31,1430.8,0.0
gfx950,256,7906,4096,1024,45,0,32.2005,_ZN5aiter42f4gemm_bf16_per1x32Fp4_BpreShuffle_128x512E,2059.61,2202.17,0.0
gfx950,256,7908,1280,4096,47,0,26.6454,_ZN5aiter42f4gemm_bf16_per1x32Fp4_BpreShuffle_160x256E,3112.03,1465.98,0.0
gfx950,256,7908,4096,1024,54,0,32.0449,_ZN5aiter42f4gemm_bf16_per1x32Fp4_BpreShuffle_256x256E,2070.13,2213.41,0.0
gfx950,256,7908,9216,4096,54,0,153.073,_ZN5aiter42f4gemm_bf16_per1x32Fp4_BpreShuffle_256x256E,3900.32,1181.33,0.0
gfx950,256,7909,9216,4096,54,0,149.2962,_ZN5aiter42f4gemm_bf16_per1x32Fp4_BpreShuffle_256x256E,3999.5,1211.35,0.0
gfx950,256,7913,1280,4096,47,0,26.6648,_ZN5aiter42f4gemm_bf16_per1x32Fp4_BpreShuffle_160x256E,3111.74,1465.77,0.0
gfx950,256,7913,4096,1024,45,0,32.0989,_ZN5aiter42f4gemm_bf16_per1x32Fp4_BpreShuffle_128x512E,2067.95,2211.04,0.0
gfx950,256,7914,1280,4096,47,0,26.9309,_ZN5aiter42f4gemm_bf16_per1x32Fp4_BpreShuffle_160x256E,3081.38,1451.46,0.0
gfx950,256,7914,4096,1024,54,0,30.9766,_ZN5aiter42f4gemm_bf16_per1x32Fp4_BpreShuffle_256x256E,2143.15,2291.43,0.0
gfx950,256,7914,9216,4096,54,0,150.4626,_ZN5aiter42f4gemm_bf16_per1x32Fp4_BpreShuffle_256x256E,3971.0,1202.64,0.0
gfx950,256,7917,1280,4096,47,0,26.6256,_ZN5aiter42f4gemm_bf16_per1x32Fp4_BpreShuffle_160x256E,3117.89,1468.62,0.0
gfx950,256,7917,4096,1024,54,0,31.8761,_ZN5aiter42f4gemm_bf16_per1x32Fp4_BpreShuffle_256x256E,2083.46,2227.58,0.0
gfx950,256,7918,1280,4096,47,0,27.5188,_ZN5aiter42f4gemm_bf16_per1x32Fp4_BpreShuffle_160x256E,3017.07,1421.12,0.0
gfx950,256,7918,4096,1024,54,0,31.4885,_ZN5aiter42f4gemm_bf16_per1x32Fp4_BpreShuffle_256x256E,2109.37,2255.28,0.0
gfx950,256,7919,9216,4096,54,0,150.4798,_ZN5aiter42f4gemm_bf16_per1x32Fp4_BpreShuffle_256x256E,3973.05,1203.19,0.0
gfx950,256,7922,1280,4096,47,0,27.4086,_ZN5aiter42f4gemm_bf16_per1x32Fp4_BpreShuffle_160x256E,3030.73,1427.51,0.0
gfx950,256,7922,4096,1024,54,0,31.5481,_ZN5aiter42f4gemm_bf16_per1x32Fp4_BpreShuffle_256x256E,2106.45,2252.12,0.0
gfx950,256,7923,9216,4096,54,0,153.4986,_ZN5aiter42f4gemm_bf16_per1x32Fp4_BpreShuffle_256x256E,3896.89,1180.06,0.0
gfx950,256,7924,1280,4096,47,0,27.114,_ZN5aiter42f4gemm_bf16_per1x32Fp4_BpreShuffle_160x256E,3064.44,1443.36,0.0
gfx950,256,7924,4096,1024,54,0,32.5193,_ZN5aiter42f4gemm_bf16_per1x32Fp4_BpreShuffle_256x256E,2044.06,2185.4,0.0
gfx950,256,7924,9216,4096,54,0,148.9382,_ZN5aiter42f4gemm_bf16_per1x32Fp4_BpreShuffle_256x256E,4016.71,1216.33,0.0
gfx950,256,7927,9216,4096,54,0,156.5671,_ZN5aiter42f4gemm_bf16_per1x32Fp4_BpreShuffle_256x256E,3822.44,1157.45,0.0
gfx950,256,7930,1280,4096,47,0,27.5788,_ZN5aiter42f4gemm_bf16_per1x32Fp4_BpreShuffle_160x256E,3015.07,1420.04,0.0
gfx950,256,7930,4096,1024,54,0,31.0422,_ZN5aiter42f4gemm_bf16_per1x32Fp4_BpreShuffle_256x256E,2142.94,2291.07,0.0
gfx950,256,7930,9216,4096,54,0,151.8802,_ZN5aiter42f4gemm_bf16_per1x32Fp4_BpreShuffle_256x256E,3941.89,1193.58,0.0
gfx950,256,7935,9216,4096,54,0,151.779,_ZN5aiter42f4gemm_bf16_per1x32Fp4_BpreShuffle_256x256E,3947.0,1195.05,0.0
gfx950,256,7938,1280,4096,47,0,26.9898,_ZN5aiter42f4gemm_bf16_per1x32Fp4_BpreShuffle_160x256E,3083.98,1452.39,0.0
gfx950,256,7938,4096,1024,54,0,31.8949,_ZN5aiter42f4gemm_bf16_per1x32Fp4_BpreShuffle_256x256E,2087.76,2232.0,0.0
gfx950,256,7938,9216,4096,54,0,156.5499,_ZN5aiter42f4gemm_bf16_per1x32Fp4_BpreShuffle_256x256E,3828.17,1159.02,0.0
gfx950,256,7939,9216,4096,54,0,151.0274,_ZN5aiter42f4gemm_bf16_per1x32Fp4_BpreShuffle_256x256E,3968.65,1201.54,0.0
gfx950,256,7942,9216,4096,54,0,152.6086,_ZN5aiter42f4gemm_bf16_per1x32Fp4_BpreShuffle_256x256E,3929.01,1189.49,0.0
gfx950,256,7943,9216,4096,54,0,151.8238,_ZN5aiter42f4gemm_bf16_per1x32Fp4_BpreShuffle_256x256E,3949.82,1195.77,0.0
gfx950,256,7944,1280,4096,47,0,27.9048,_ZN5aiter42f4gemm_bf16_per1x32Fp4_BpreShuffle_160x256E,2985.11,1405.76,0.0
gfx950,256,7944,4096,1024,54,0,32.0502,_ZN5aiter42f4gemm_bf16_per1x32Fp4_BpreShuffle_256x256E,2079.21,2222.82,0.0
gfx950,256,7946,1280,4096,47,0,27.1384,_ZN5aiter42f4gemm_bf16_per1x32Fp4_BpreShuffle_160x256E,3070.18,1445.8,0.0
gfx950,256,7946,4096,1024,54,0,32.2305,_ZN5aiter42f4gemm_bf16_per1x32Fp4_BpreShuffle_256x256E,2068.1,2210.92,0.0
gfx950,256,7947,1280,4096,47,0,27.2807,_ZN5aiter42f4gemm_bf16_per1x32Fp4_BpreShuffle_160x256E,3054.55,1438.42,0.0
gfx950,256,7947,4096,1024,54,0,31.8477,_ZN5aiter42f4gemm_bf16_per1x32Fp4_BpreShuffle_256x256E,2093.22,2237.77,0.0
gfx950,256,7948,1280,4096,47,0,27.4567,_ZN5aiter42f4gemm_bf16_per1x32Fp4_BpreShuffle_160x256E,3035.35,1429.37,0.0
gfx950,256,7948,4096,1024,54,0,31.4377,_ZN5aiter42f4gemm_bf16_per1x32Fp4_BpreShuffle_256x256E,2120.79,2267.23,0.0
gfx950,256,7949,9216,4096,54,0,151.0481,_ZN5aiter42f4gemm_bf16_per1x32Fp4_BpreShuffle_256x256E,3973.1,1202.73,0.0
gfx950,256,7952,9216,4096,54,0,151.1054,_ZN5aiter42f4gemm_bf16_per1x32Fp4_BpreShuffle_256x256E,3973.09,1202.68,0.0
gfx950,256,7953,1280,4096,50,0,28.4653,_ZN5aiter42f4gemm_bf16_per1x32Fp4_BpreShuffle_192x256E,2929.65,1379.53,0.0
gfx950,256,7953,4096,1024,54,0,31.2929,_ZN5aiter42f4gemm_bf16_per1x32Fp4_BpreShuffle_256x256E,2131.94,2279.11,0.0
gfx950,256,7953,9216,4096,54,0,151.9354,_ZN5aiter42f4gemm_bf16_per1x32Fp4_BpreShuffle_256x256E,3951.89,1196.24,0.0
gfx950,256,7954,1280,4096,47,0,27.544,_ZN5aiter42f4gemm_bf16_per1x32Fp4_BpreShuffle_160x256E,3028.02,1425.84,0.0
gfx950,256,7954,4096,1024,54,0,31.7273,_ZN5aiter42f4gemm_bf16_per1x32Fp4_BpreShuffle_256x256E,2103.02,2248.18,0.0
gfx950,256,7954,9216,4096,54,0,153.7718,_ZN5aiter42f4gemm_bf16_per1x32Fp4_BpreShuffle_256x256E,3905.18,1182.09,0.0
gfx950,256,7955,1280,4096,47,0,27.3899,_ZN5aiter42f4gemm_bf16_per1x32Fp4_BpreShuffle_160x256E,3045.44,1434.04,0.0
gfx950,256,7955,4096,1024,54,0,31.8776,_ZN5aiter42f4gemm_bf16_per1x32Fp4_BpreShuffle_256x256E,2093.36,2237.86,0.0
gfx950,256,7956,9216,4096,54,0,156.1897,_ZN5aiter42f4gemm_bf16_per1x32Fp4_BpreShuffle_256x256E,3845.69,1164.05,0.0
gfx950,256,7957,9216,4096,54,0,153.465,_ZN5aiter42f4gemm_bf16_per1x32Fp4_BpreShuffle_256x256E,3914.47,1184.85,0.0
gfx950,256,7958,1280,4096,47,0,27.4744,_ZN5aiter42f4gemm_bf16_per1x32Fp4_BpreShuffle_160x256E,3037.22,1430.13,0.0
gfx950,256,7958,4096,1024,45,0,31.818,_ZN5aiter42f4gemm_bf16_per1x32Fp4_BpreShuffle_128x512E,2098.07,2242.87,0.0
gfx950,256,7959,1280,4096,47,0,27.3776,_ZN5aiter42f4gemm_bf16_per1x32Fp4_BpreShuffle_160x256E,3048.34,1435.35,0.0
gfx950,256,7959,4096,1024,54,0,31.7561,_ZN5aiter42f4gemm_bf16_per1x32Fp4_BpreShuffle_256x256E,2102.43,2247.51,0.0
gfx950,256,7959,9216,4096,54,0,151.6918,_ZN5aiter42f4gemm_bf16_per1x32Fp4_BpreShuffle_256x256E,3961.22,1198.98,0.0
gfx950,256,7960,9216,4096,45,0,156.7295,_ZN5aiter42f4gemm_bf16_per1x32Fp4_BpreShuffle_128x512E,3834.38,1160.57,0.0
gfx950,256,7962,9216,4096,54,0,157.0158,_ZN5aiter42f4gemm_bf16_per1x32Fp4_BpreShuffle_256x256E,3828.35,1158.71,0.0
gfx950,256,7964,1280,4096,47,0,28.1396,_ZN5aiter42f4gemm_bf16_per1x32Fp4_BpreShuffle_160x256E,2967.65,1397.3,0.0
gfx950,256,7964,4096,1024,54,0,31.1463,_ZN5aiter42f4gemm_bf16_per1x32Fp4_BpreShuffle_256x256E,2144.94,2292.91,0.0
gfx950,256,7966,1280,4096,47,0,27.7344,_ZN5aiter42f4gemm_bf16_per1x32Fp4_BpreShuffle_160x256E,3011.77,1418.05,0.0
gfx950,256,7966,4096,1024,54,0,31.1826,_ZN5aiter42f4gemm_bf16_per1x32Fp4_BpreShuffle_256x256E,2142.98,2290.8,0.0
gfx950,256,7966,9216,4096,54,0,151.9371,_ZN5aiter42f4gemm_bf16_per1x32Fp4_BpreShuffle_256x256E,3958.3,1197.98,0.0
gfx950,256,7967,9216,4096,54,0,155.3471,_ZN5aiter42f4gemm_bf16_per1x32Fp4_BpreShuffle_256x256E,3871.9,1171.82,0.0
gfx950,256,7968,1280,4096,47,0,28.4168,_ZN5aiter42f4gemm_bf16_per1x32Fp4_BpreShuffle_160x256E,2940.18,1384.32,0.0
gfx950,256,7968,4096,1024,54,0,31.125,_ZN5aiter42f4gemm_bf16_per1x32Fp4_BpreShuffle_256x256E,2147.48,2295.6,0.0
gfx950,256,7972,9216,4096,54,0,152.463,_ZN5aiter42f4gemm_bf16_per1x32Fp4_BpreShuffle_256x256E,3947.62,1194.66,0.0
gfx950,256,7974,9216,4096,54,0,153.2823,_ZN5aiter42f4gemm_bf16_per1x32Fp4_BpreShuffle_256x256E,3927.5,1188.54,0.0
gfx950,256,7976,1280,4096,47,0,28.438,_ZN5aiter42f4gemm_bf16_per1x32Fp4_BpreShuffle_160x256E,2940.94,1384.59,0.0
gfx950,256,7976,4096,1024,54,0,31.6719,_ZN5aiter42f4gemm_bf16_per1x32Fp4_BpreShuffle_256x256E,2112.52,2258.16,0.0
gfx950,256,7977,1280,4096,47,0,27.4928,_ZN5aiter42f4gemm_bf16_per1x32Fp4_BpreShuffle_160x256E,3042.43,1432.36,0.0
gfx950,256,7977,4096,1024,45,0,32.0005,_ZN5aiter42f4gemm_bf16_per1x32Fp4_BpreShuffle_128x512E,2091.09,2235.25,0.0
gfx950,256,7977,9216,4096,54,0,154.8421,_ZN5aiter42f4gemm_bf16_per1x32Fp4_BpreShuffle_256x256E,3889.4,1176.96,0.0
gfx950,256,7982,1280,4096,47,0,27.784,_ZN5aiter42f4gemm_bf16_per1x32Fp4_BpreShuffle_160x256E,3012.43,1418.17,0.0
gfx950,256,7982,4096,1024,54,0,31.5117,_ZN5aiter42f4gemm_bf16_per1x32Fp4_BpreShuffle_256x256E,2124.86,2271.3,0.0
gfx950,256,7982,9216,4096,54,0,154.0398,_ZN5aiter42f4gemm_bf16_per1x32Fp4_BpreShuffle_256x256E,3912.11,1183.76,0.0
gfx950,256,7983,1280,4096,47,0,28.004,_ZN5aiter42f4gemm_bf16_per1x32Fp4_BpreShuffle_160x256E,2989.14,1407.2,0.0
gfx950,256,7983,4096,1024,54,0,31.1019,_ZN5aiter42f4gemm_bf16_per1x32Fp4_BpreShuffle_256x256E,2153.12,2301.51,0.0
gfx950,256,7985,9216,4096,54,0,157.4443,_ZN5aiter42f4gemm_bf16_per1x32Fp4_BpreShuffle_256x256E,3828.96,1158.55,0.0
gfx950,256,7988,1280,4096,47,0,28.3988,_ZN5aiter42f4gemm_bf16_per1x32Fp4_BpreShuffle_160x256E,2949.43,1388.44,0.0
gfx950,256,7988,4096,1024,54,0,32.6101,_ZN5aiter42f4gemm_bf16_per1x32Fp4_BpreShuffle_256x256E,2054.83,2196.4,0.0
gfx950,256,7988,9216,4096,54,0,153.0713,_ZN5aiter42f4gemm_bf16_per1x32Fp4_BpreShuffle_256x256E,3939.82,1192.05,0.0
gfx950,256,7991,9216,4096,54,0,155.5367,_ZN5aiter42f4gemm_bf16_per1x32Fp4_BpreShuffle_256x256E,3878.83,1173.55,0.0
gfx950,256,7992,1280,4096,47,0,27.9104,_ZN5aiter42f4gemm_bf16_per1x32Fp4_BpreShuffle_160x256E,3002.54,1413.4,0.0
gfx950,256,7992,4096,1024,54,0,31.6845,_ZN5aiter42f4gemm_bf16_per1x32Fp4_BpreShuffle_256x256E,2115.92,2261.66,0.0
gfx950,256,7993,9216,4096,54,0,152.9078,_ZN5aiter42f4gemm_bf16_per1x32Fp4_BpreShuffle_256x256E,3946.5,1193.99,0.0
gfx950,256,7994,1280,4096,47,0,27.8656,_ZN5aiter42f4gemm_bf16_per1x32Fp4_BpreShuffle_160x256E,3008.12,1416.0,0.0
gfx950,256,7994,4096,1024,54,0,31.5597,_ZN5aiter42f4gemm_bf16_per1x32Fp4_BpreShuffle_256x256E,2124.82,2271.15,0.0
gfx950,256,7995,9216,4096,54,0,155.4775,_ZN5aiter42f4gemm_bf16_per1x32Fp4_BpreShuffle_256x256E,3882.25,1174.52,0.0
gfx950,256,7997,9216,4096,54,0,155.419,_ZN5aiter42f4gemm_bf16_per1x32Fp4_BpreShuffle_256x256E,3884.68,1175.23,0.0
gfx950,256,7998,9216,4096,54,0,155.1839,_ZN5aiter42f4gemm_bf16_per1x32Fp4_BpreShuffle_256x256E,3891.05,1177.14,0.0
gfx950,256,7999,1280,4096,47,0,27.7936,_ZN5aiter42f4gemm_bf16_per1x32Fp4_BpreShuffle_160x256E,3017.8,1420.5,0.0
gfx950,256,7999,4096,1024,54,0,32.4185,_ZN5aiter42f4gemm_bf16_per1x32Fp4_BpreShuffle_256x256E,2069.82,2212.33,0.0
gfx950,256,8000,1280,4096,47,0,28.5308,_ZN5aiter42f4gemm_bf16_per1x32Fp4_BpreShuffle_160x256E,2940.19,1383.96,0.0
gfx950,256,8000,4096,1024,54,0,32.3381,_ZN5aiter42f4gemm_bf16_per1x32Fp4_BpreShuffle_256x256E,2075.23,2218.1,0.0
gfx950,256,8000,9216,4096,54,0,156.0567,_ZN5aiter42f4gemm_bf16_per1x32Fp4_BpreShuffle_256x256E,3870.26,1170.82,0.0
gfx950,256,8003,1280,4096,47,0,26.7064,_ZN5aiter42f4gemm_bf16_per1x32Fp4_BpreShuffle_160x256E,3142.23,1479.02,0.0
gfx950,256,8003,4096,1024,54,0,31.4625,_ZN5aiter42f4gemm_bf16_per1x32Fp4_BpreShuffle_256x256E,2133.78,2280.66,0.0
gfx950,256,8008,9216,4096,54,0,155.1971,_ZN5aiter42f4gemm_bf16_per1x32Fp4_BpreShuffle_256x256E,3895.59,1178.36,0.0
gfx950,256,8010,9216,4096,54,0,152.9379,_ZN5aiter42f4gemm_bf16_per1x32Fp4_BpreShuffle_256x256E,3954.12,1196.04,0.0
gfx950,256,8011,1280,4096,47,0,27.0216,_ZN5aiter42f4gemm_bf16_per1x32Fp4_BpreShuffle_160x256E,3108.68,1463.13,0.0
gfx950,256,8011,4096,1024,54,0,31.4001,_ZN5aiter42f4gemm_bf16_per1x32Fp4_BpreShuffle_256x256E,2140.16,2287.41,0.0
gfx950,256,8012,9216,4096,54,0,154.7127,_ZN5aiter42f4gemm_bf16_per1x32Fp4_BpreShuffle_256x256E,3909.74,1182.58,0.0
gfx950,256,8013,9216,4096,54,0,153.1659,_ZN5aiter42f4gemm_bf16_per1x32Fp4_BpreShuffle_256x256E,3949.71,1194.66,0.0
gfx950,256,8014,1280,4096,47,0,27.4616,_ZN5aiter42f4gemm_bf16_per1x32Fp4_BpreShuffle_160x256E,3060.01,1440.19,0.0
gfx950,256,8014,4096,1024,54,0,31.2376,_ZN5aiter42f4gemm_bf16_per1x32Fp4_BpreShuffle_256x256E,2152.1,2300.14,0.0
gfx950,256,8017,1280,4096,47,0,26.8476,_ZN5aiter42f4gemm_bf16_per1x32Fp4_BpreShuffle_160x256E,3131.17,1473.64,0.0
gfx950,256,8017,4096,1024,54,0,32.0305,_ZN5aiter42f4gemm_bf16_per1x32Fp4_BpreShuffle_256x256E,2099.61,2244.02,0.0
gfx950,256,8017,9216,4096,54,0,152.6786,_ZN5aiter42f4gemm_bf16_per1x32Fp4_BpreShuffle_256x256E,3964.3,1199.01,0.0
gfx950,256,8019,9216,4096,54,0,151.1002,_ZN5aiter42f4gemm_bf16_per1x32Fp4_BpreShuffle_256x256E,4006.71,1211.8,0.0
gfx950,256,8020,1280,4096,47,0,26.9905,_ZN5aiter42f4gemm_bf16_per1x32Fp4_BpreShuffle_160x256E,3115.76,1466.35,0.0
gfx950,256,8020,4096,1024,54,0,31.6304,_ZN5aiter42f4gemm_bf16_per1x32Fp4_BpreShuffle_256x256E,2126.96,2273.23,0.0
gfx950,256,8021,1280,4096,47,0,26.6948,_ZN5aiter42f4gemm_bf16_per1x32Fp4_BpreShuffle_160x256E,3150.66,1482.77,0.0
gfx950,256,8021,4096,1024,45,0,32.4118,_ZN5aiter42f4gemm_bf16_per1x32Fp4_BpreShuffle_128x512E,2075.94,2218.7,0.0
gfx950,256,8025,1280,4096,47,0,26.8808,_ZN5aiter42f4gemm_bf16_per1x32Fp4_BpreShuffle_160x256E,3130.42,1473.19,0.0
gfx950,256,8025,4096,1024,54,0,31.6498,_ZN5aiter42f4gemm_bf16_per1x32Fp4_BpreShuffle_256x256E,2126.98,2273.21,0.0
gfx950,256,8026,1280,4096,47,0,27.0457,_ZN5aiter42f4gemm_bf16_per1x32Fp4_BpreShuffle_160x256E,3111.72,1464.38,0.0
gfx950,256,8026,4096,1024,45,0,32.3989,_ZN5aiter42f4gemm_bf16_per1x32Fp4_BpreShuffle_128x512E,2078.06,2220.92,0.0
gfx950,256,8028,9216,4096,54,0,152.3334,_ZN5aiter42f4gemm_bf16_per1x32Fp4_BpreShuffle_256x256E,3978.73,1203.2,0.0
gfx950,256,8029,9216,4096,54,0,151.8701,_ZN5aiter42f4gemm_bf16_per1x32Fp4_BpreShuffle_256x256E,3991.37,1207.01,0.0
gfx950,256,8034,9216,4096,54,0,151.8678,_ZN5aiter42f4gemm_bf16_per1x32Fp4_BpreShuffle_256x256E,3993.91,1207.7,0.0
gfx950,256,8036,1280,4096,47,0,27.8604,_ZN5aiter42f4gemm_bf16_per1x32Fp4_BpreShuffle_160x256E,3024.49,1423.21,0.0
gfx950,256,8036,4096,1024,54,0,31.77,_ZN5aiter42f4gemm_bf16_per1x32Fp4_BpreShuffle_256x256E,2121.84,2267.63,0.0
gfx950,256,8037,9216,4096,54,0,156.3475,_ZN5aiter42f4gemm_bf16_per1x32Fp4_BpreShuffle_256x256E,3880.93,1173.49,0.0
gfx950,256,8040,1280,4096,47,0,26.9597,_ZN5aiter42f4gemm_bf16_per1x32Fp4_BpreShuffle_160x256E,3127.09,1471.45,0.0
gfx950,256,8040,4096,1024,54,0,31.5752,_ZN5aiter42f4gemm_bf16_per1x32Fp4_BpreShuffle_256x256E,2135.99,2282.72,0.0
gfx950,256,8040,9216,4096,54,0,153.6102,_ZN5aiter42f4gemm_bf16_per1x32Fp4_BpreShuffle_256x256E,3951.56,1194.8,0.0
gfx950,256,8042,9216,4096,54,0,153.1526,_ZN5aiter42f4gemm_bf16_per1x32Fp4_BpreShuffle_256x256E,3964.35,1198.64,0.0
gfx950,256,8043,1280,4096,47,0,27.2743,_ZN5aiter42f4gemm_bf16_per1x32Fp4_BpreShuffle_160x256E,3092.18,1454.98,0.0
gfx950,256,8043,4096,1024,54,0,31.9657,_ZN5aiter42f4gemm_bf16_per1x32Fp4_BpreShuffle_256x256E,2110.69,2255.65,0.0
gfx950,256,8044,9216,4096,54,0,153.719,_ZN5aiter42f4gemm_bf16_per1x32Fp4_BpreShuffle_256x256E,3950.73,1194.49,0.0
gfx950,256,8045,1280,4096,47,0,26.6196,_ZN5aiter42f4gemm_bf16_per1x32Fp4_BpreShuffle_160x256E,3169.02,1491.11,0.0
gfx950,256,8045,4096,1024,54,0,32.2921,_ZN5aiter42f4gemm_bf16_per1x32Fp4_BpreShuffle_256x256E,2089.87,2233.39,0.0
gfx950,256,8047,1280,4096,47,0,26.7978,_ZN5aiter42f4gemm_bf16_per1x32Fp4_BpreShuffle_160x256E,3148.73,1481.54,0.0
gfx950,256,8047,4096,1024,54,0,31.7996,_ZN5aiter42f4gemm_bf16_per1x32Fp4_BpreShuffle_256x256E,2122.77,2268.53,0.0
gfx950,256,8049,1280,4096,47,0,28.0596,_ZN5aiter42f4gemm_bf16_per1x32Fp4_BpreShuffle_160x256E,3007.88,1415.25,0.0
gfx950,256,8049,4096,1024,54,0,31.331,_ZN5aiter42f4gemm_bf16_per1x32Fp4_BpreShuffle_256x256E,2155.05,2303.01,0.0
gfx950,256,8054,9216,4096,54,0,155.9882,_ZN5aiter42f4gemm_bf16_per1x32Fp4_BpreShuffle_256x256E,3898.09,1178.42,0.0
gfx950,256,8055,9216,4096,54,0,154.3835,_ZN5aiter42f4gemm_bf16_per1x32Fp4_BpreShuffle_256x256E,3939.1,1190.81,0.0
gfx950,256,8057,1280,4096,47,0,27.4748,_ZN5aiter42f4gemm_bf16_per1x32Fp4_BpreShuffle_160x256E,3074.95,1446.71,0.0
gfx950,256,8057,4096,1024,54,0,31.2236,_ZN5aiter42f4gemm_bf16_per1x32Fp4_BpreShuffle_256x256E,2164.61,2313.16,0.0
gfx950,256,8058,1280,4096,47,0,27.0804,_ZN5aiter42f4gemm_bf16_per1x32Fp4_BpreShuffle_160x256E,3120.13,1467.95,0.0
gfx950,256,8058,4096,1024,45,0,32.4182,_ZN5aiter42f4gemm_bf16_per1x32Fp4_BpreShuffle_128x512E,2085.11,2228.19,0.0
gfx950,256,8058,9216,4096,54,0,155.5155,_ZN5aiter42f4gemm_bf16_per1x32Fp4_BpreShuffle_256x256E,3911.88,1182.53,0.0
gfx950,256,8060,1280,4096,47,0,27.7984,_ZN5aiter42f4gemm_bf16_per1x32Fp4_BpreShuffle_160x256E,3040.29,1430.37,0.0
gfx950,256,8060,4096,1024,54,0,31.8433,_ZN5aiter42f4gemm_bf16_per1x32Fp4_BpreShuffle_256x256E,2123.28,2268.97,0.0
gfx950,256,8061,1280,4096,47,0,27.726,_ZN5aiter42f4gemm_bf16_per1x32Fp4_BpreShuffle_160x256E,3048.61,1434.27,0.0
gfx950,256,8061,4096,1024,54,0,32.1937,_ZN5aiter42f4gemm_bf16_per1x32Fp4_BpreShuffle_256x256E,2100.43,2244.54,0.0
gfx950,256,8062,1280,4096,47,0,27.3102,_ZN5aiter42f4gemm_bf16_per1x32Fp4_BpreShuffle_160x256E,3095.41,1456.27,0.0
gfx950,256,8062,4096,1024,54,0,32.2389,_ZN5aiter42f4gemm_bf16_per1x32Fp4_BpreShuffle_256x256E,2097.74,2241.66,0.0
gfx950,256,8064,1280,4096,47,0,26.7172,_ZN5aiter42f4gemm_bf16_per1x32Fp4_BpreShuffle_160x256E,3164.9,1488.94,0.0
gfx950,256,8064,4096,1024,54,0,31.8141,_ZN5aiter42f4gemm_bf16_per1x32Fp4_BpreShuffle_256x256E,2126.28,2272.14,0.0
gfx950,256,8067,1280,4096,47,0,28.6198,_ZN5aiter42f4gemm_bf16_per1x32Fp4_BpreShuffle_160x256E,2955.6,1390.44,0.0
gfx950,256,8067,4096,1024,54,0,31.4936,_ZN5aiter42f4gemm_bf16_per1x32Fp4_BpreShuffle_256x256E,2148.72,2296.1,0.0
gfx950,256,8068,9216,4096,54,0,156.0655,_ZN5aiter42f4gemm_bf16_per1x32Fp4_BpreShuffle_256x256E,3902.94,1179.68,0.0
gfx950,256,8070,1280,4096,47,0,27.518,_ZN5aiter42f4gemm_bf16_per1x32Fp4_BpreShuffle_160x256E,3075.08,1446.62,0.0
gfx950,256,8070,4096,1024,54,0,32.0345,_ZN5aiter42f4gemm_bf16_per1x32Fp4_BpreShuffle_256x256E,2113.22,2258.14,0.0
gfx950,256,8074,1280,4096,47,0,26.9088,_ZN5aiter42f4gemm_bf16_per1x32Fp4_BpreShuffle_160x256E,3146.26,1480.05,0.0
gfx950,256,8074,4096,1024,45,0,31.7339,_ZN5aiter42f4gemm_bf16_per1x32Fp4_BpreShuffle_128x512E,2134.3,2280.63,0.0
gfx950,256,8075,9216,4096,54,0,153.6602,_ZN5aiter42f4gemm_bf16_per1x32Fp4_BpreShuffle_256x256E,3967.47,1199.08,0.0
gfx950,256,8078,9216,4096,54,0,153.7483,_ZN5aiter42f4gemm_bf16_per1x32Fp4_BpreShuffle_256x256E,3966.67,1198.79,0.0
gfx950,256,8081,1280,4096,47,0,27.3765,_ZN5aiter42f4gemm_bf16_per1x32Fp4_BpreShuffle_160x256E,3095.19,1455.95,0.0
gfx950,256,8081,4096,1024,54,0,32.0465,_ZN5aiter42f4gemm_bf16_per1x32Fp4_BpreShuffle_256x256E,2115.31,2260.28,0.0
gfx950,256,8082,1280,4096,47,0,26.533,_ZN5aiter42f4gemm_bf16_per1x32Fp4_BpreShuffle_160x256E,3193.98,1502.4,0.0
gfx950,256,8082,4096,1024,54,0,31.6991,_ZN5aiter42f4gemm_bf16_per1x32Fp4_BpreShuffle_256x256E,2138.76,2285.33,0.0
gfx950,256,8085,1280,4096,47,0,27.0705,_ZN5aiter42f4gemm_bf16_per1x32Fp4_BpreShuffle_160x256E,3131.73,1473.08,0.0
gfx950,256,8085,4096,1024,54,0,31.4698,_ZN5aiter42f4gemm_bf16_per1x32Fp4_BpreShuffle_256x256E,2155.14,2302.81,0.0
gfx950,256,8095,1280,4096,47,0,26.7657,_ZN5aiter42f4gemm_bf16_per1x32Fp4_BpreShuffle_160x256E,3171.31,1491.58,0.0
gfx950,256,8095,4096,1024,54,0,31.5003,_ZN5aiter42f4gemm_bf16_per1x32Fp4_BpreShuffle_256x256E,2155.72,2303.34,0.0
gfx950,256,8096,9216,4096,54,0,154.0211,_ZN5aiter42f4gemm_bf16_per1x32Fp4_BpreShuffle_256x256E,3968.47,1199.06,0.0
gfx950,256,8101,9216,4096,54,0,154.6603,_ZN5aiter42f4gemm_bf16_per1x32Fp4_BpreShuffle_256x256E,3954.51,1194.77,0.0
gfx950,256,8102,1280,4096,47,0,27.5382,_ZN5aiter42f4gemm_bf16_per1x32Fp4_BpreShuffle_160x256E,3085.01,1450.91,0.0
gfx950,256,8102,4096,1024,54,0,31.7727,_ZN5aiter42f4gemm_bf16_per1x32Fp4_BpreShuffle_256x256E,2139.08,2285.51,0.0
gfx950,256,8106,1280,4096,47,0,27.0578,_ZN5aiter42f4gemm_bf16_per1x32Fp4_BpreShuffle_160x256E,3141.33,1477.35,0.0
gfx950,256,8106,4096,1024,54,0,31.6263,_ZN5aiter42f4gemm_bf16_per1x32Fp4_BpreShuffle_256x256E,2150.05,2297.19,0.0
gfx950,256,8107,9216,4096,54,0,153.3482,_ZN5aiter42f4gemm_bf16_per1x32Fp4_BpreShuffle_256x256E,3991.3,1205.79,0.0
gfx950,256,8109,1280,4096,47,0,27.8559,_ZN5aiter42f4gemm_bf16_per1x32Fp4_BpreShuffle_160x256E,3052.46,1435.52,0.0
gfx950,256,8109,4096,1024,54,0,31.9165,_ZN5aiter42f4gemm_bf16_per1x32Fp4_BpreShuffle_256x256E,2131.29,2277.13,0.0
gfx950,256,8109,9216,4096,54,0,154.0755,_ZN5aiter42f4gemm_bf16_per1x32Fp4_BpreShuffle_256x256E,3973.44,1200.36,0.0
gfx950,256,8110,1280,4096,47,0,27.9708,_ZN5aiter42f4gemm_bf16_per1x32Fp4_BpreShuffle_160x256E,3040.3,1429.79,0.0
gfx950,256,8110,4096,1024,54,0,31.6241,_ZN5aiter42f4gemm_bf16_per1x32Fp4_BpreShuffle_256x256E,2151.26,2298.46,0.0
gfx950,256,8110,9216,4096,54,0,154.9219,_ZN5aiter42f4gemm_bf16_per1x32Fp4_BpreShuffle_256x256E,3952.21,1193.94,0.0
gfx950,256,8111,9216,4096,54,0,151.6914,_ZN5aiter42f4gemm_bf16_per1x32Fp4_BpreShuffle_256x256E,4036.88,1219.5,0.0
gfx950,256,8112,9216,4096,54,0,152.8842,_ZN5aiter42f4gemm_bf16_per1x32Fp4_BpreShuffle_256x256E,4005.88,1210.12,0.0
gfx950,256,8114,9216,4096,54,0,158.7485,_ZN5aiter42f4gemm_bf16_per1x32Fp4_BpreShuffle_256x256E,3858.85,1165.67,0.0
gfx950,256,8116,1280,4096,47,0,27.9701,_ZN5aiter42f4gemm_bf16_per1x32Fp4_BpreShuffle_160x256E,3042.62,1430.81,0.0
gfx950,256,8116,4096,1024,54,0,31.6769,_ZN5aiter42f4gemm_bf16_per1x32Fp4_BpreShuffle_256x256E,2149.26,2296.27,0.0
gfx950,256,8121,1280,4096,47,0,28.2397,_ZN5aiter42f4gemm_bf16_per1x32Fp4_BpreShuffle_160x256E,3015.43,1417.97,0.0
gfx950,256,8121,4096,1024,54,0,31.2809,_ZN5aiter42f4gemm_bf16_per1x32Fp4_BpreShuffle_256x256E,2177.81,2326.73,0.0
gfx950,256,8123,9216,4096,54,0,154.5817,_ZN5aiter42f4gemm_bf16_per1x32Fp4_BpreShuffle_256x256E,3967.26,1198.29,0.0
gfx950,256,8125,9216,4096,54,0,158.0096,_ZN5aiter42f4gemm_bf16_per1x32Fp4_BpreShuffle_256x256E,3882.15,1172.55,0.0
gfx950,256,8127,9216,4096,54,0,154.7079,_ZN5aiter42f4gemm_bf16_per1x32Fp4_BpreShuffle_256x256E,3965.98,1197.84,0.0
gfx950,256,8128,9216,4096,54,0,154.6332,_ZN5aiter42f4gemm_bf16_per1x32Fp4_BpreShuffle_256x256E,3968.38,1198.55,0.0
gfx950,256,8129,9216,4096,54,0,155.9199,_ZN5aiter42f4gemm_bf16_per1x32Fp4_BpreShuffle_256x256E,3936.12,1188.79,0.0
gfx950,256,8131,9216,4096,54,0,155.6319,_ZN5aiter42f4gemm_bf16_per1x32Fp4_BpreShuffle_256x256E,3944.37,1191.25,0.0
gfx950,256,8136,9216,4096,54,0,153.1544,_ZN5aiter42f4gemm_bf16_per1x32Fp4_BpreShuffle_256x256E,4010.64,1211.19,0.0
gfx950,256,8137,1280,4096,47,0,27.2556,_ZN5aiter42f4gemm_bf16_per1x32Fp4_BpreShuffle_160x256E,3130.46,1471.87,0.0
gfx950,256,8137,4096,1024,54,0,31.8597,_ZN5aiter42f4gemm_bf16_per1x32Fp4_BpreShuffle_256x256E,2142.46,2288.84,0.0
gfx950,256,8138,1280,4096,47,0,28.2748,_ZN5aiter42f4gemm_bf16_per1x32Fp4_BpreShuffle_160x256E,3017.99,1418.98,0.0
gfx950,256,8138,4096,1024,54,0,31.7989,_ZN5aiter42f4gemm_bf16_per1x32Fp4_BpreShuffle_256x256E,2146.82,2293.49,0.0
gfx950,256,8138,9216,4096,54,0,154.776,_ZN5aiter42f4gemm_bf16_per1x32Fp4_BpreShuffle_256x256E,3969.6,1198.77,0.0
gfx950,256,8139,9216,4096,54,0,157.5339,_ZN5aiter42f4gemm_bf16_per1x32Fp4_BpreShuffle_256x256E,3900.58,1177.91,0.0
gfx950,256,8140,1280,4096,47,0,28.5063,_ZN5aiter42f4gemm_bf16_per1x32Fp4_BpreShuffle_160x256E,2994.22,1407.78,0.0
gfx950,256,8140,4096,1024,54,0,31.5037,_ZN5aiter42f4gemm_bf16_per1x32Fp4_BpreShuffle_256x256E,2167.47,2315.53,0.0
gfx950,256,8142,1280,4096,47,0,28.4724,_ZN5aiter42f4gemm_bf16_per1x32Fp4_BpreShuffle_160x256E,2998.52,1409.78,0.0
gfx950,256,8142,4096,1024,54,0,31.1776,_ZN5aiter42f4gemm_bf16_per1x32Fp4_BpreShuffle_256x256E,2190.68,2340.31,0.0
gfx950,256,8144,1280,4096,47,0,28.562,_ZN5aiter42f4gemm_bf16_per1x32Fp4_BpreShuffle_160x256E,2989.85,1405.68,0.0
gfx950,256,8144,4096,1024,54,0,32.7729,_ZN5aiter42f4gemm_bf16_per1x32Fp4_BpreShuffle_256x256E,2084.55,2226.92,0.0
gfx950,256,8144,9216,4096,54,0,154.1358,_ZN5aiter42f4gemm_bf16_per1x32Fp4_BpreShuffle_256x256E,3989.02,1204.54,0.0
gfx950,256,8145,1280,4096,47,0,28.3082,_ZN5aiter42f4gemm_bf16_per1x32Fp4_BpreShuffle_160x256E,3017.02,1418.44,0.0
gfx950,256,8145,4096,1024,54,0,31.4633,_ZN5aiter42f4gemm_bf16_per1x32Fp4_BpreShuffle_256x256E,2171.58,2319.88,0.0
gfx950,256,8146,9216,4096,54,0,154.7278,_ZN5aiter42f4gemm_bf16_per1x32Fp4_BpreShuffle_256x256E,3974.74,1200.2,0.0
gfx950,256,8148,1280,4096,47,0,28.2124,_ZN5aiter42f4gemm_bf16_per1x32Fp4_BpreShuffle_160x256E,3028.38,1423.75,0.0
gfx950,256,8148,4096,1024,54,0,32.2613,_ZN5aiter42f4gemm_bf16_per1x32Fp4_BpreShuffle_256x256E,2118.65,2263.31,0.0
gfx950,256,8150,1280,4096,47,0,27.7752,_ZN5aiter42f4gemm_bf16_per1x32Fp4_BpreShuffle_160x256E,3076.81,1446.49,0.0
gfx950,256,8150,4096,1024,54,0,32.4341,_ZN5aiter42f4gemm_bf16_per1x32Fp4_BpreShuffle_256x256E,2107.88,2251.79,0.0
gfx950,256,8151,9216,4096,54,0,156.4699,_ZN5aiter42f4gemm_bf16_per1x32Fp4_BpreShuffle_256x256E,3932.9,1187.49,0.0
gfx950,256,8152,1280,4096,47,0,28.1692,_ZN5aiter42f4gemm_bf16_per1x32Fp4_BpreShuffle_160x256E,3034.52,1426.59,0.0
gfx950,256,8152,4096,1024,54,0,31.2848,_ZN5aiter42f4gemm_bf16_per1x32Fp4_BpreShuffle_256x256E,2185.85,2335.07,0.0
gfx950,256,8153,1280,4096,47,0,27.4428,_ZN5aiter42f4gemm_bf16_per1x32Fp4_BpreShuffle_160x256E,3115.22,1464.52,0.0
gfx950,256,8153,4096,1024,54,0,31.158,_ZN5aiter42f4gemm_bf16_per1x32Fp4_BpreShuffle_256x256E,2195.02,2344.85,0.0
gfx950,256,8155,1280,4096,47,0,28.4984,_ZN5aiter42f4gemm_bf16_per1x32Fp4_BpreShuffle_160x256E,3000.57,1410.59,0.0
gfx950,256,8155,4096,1024,54,0,31.6671,_ZN5aiter42f4gemm_bf16_per1x32Fp4_BpreShuffle_256x256E,2160.26,2307.7,0.0
gfx950,256,8156,1280,4096,47,0,28.0428,_ZN5aiter42f4gemm_bf16_per1x32Fp4_BpreShuffle_160x256E,3049.69,1433.68,0.0
gfx950,256,8156,4096,1024,54,0,31.2946,_ZN5aiter42f4gemm_bf16_per1x32Fp4_BpreShuffle_256x256E,2186.24,2335.45,0.0
gfx950,256,8156,9216,4096,54,0,155.8035,_ZN5aiter42f4gemm_bf16_per1x32Fp4_BpreShuffle_256x256E,3952.14,1193.23,0.0
gfx950,256,8158,1280,4096,47,0,28.2546,_ZN5aiter42f4gemm_bf16_per1x32Fp4_BpreShuffle_160x256E,3027.57,1423.26,0.0
gfx950,256,8158,4096,1024,54,0,31.2568,_ZN5aiter42f4gemm_bf16_per1x32Fp4_BpreShuffle_256x256E,2189.42,2338.83,0.0
gfx950,256,8159,1280,4096,50,0,28.956,_ZN5aiter42f4gemm_bf16_per1x32Fp4_BpreShuffle_192x256E,2954.6,1388.94,0.0
gfx950,256,8159,4096,1024,54,0,31.7895,_ZN5aiter42f4gemm_bf16_per1x32Fp4_BpreShuffle_256x256E,2153.0,2299.91,0.0
gfx950,256,8160,1280,4096,47,0,27.9884,_ZN5aiter42f4gemm_bf16_per1x32Fp4_BpreShuffle_160x256E,3057.12,1437.12,0.0
gfx950,256,8160,4096,1024,54,0,32.0669,_ZN5aiter42f4gemm_bf16_per1x32Fp4_BpreShuffle_256x256E,2134.63,2280.29,0.0
gfx950,256,8160,9216,4096,54,0,154.1178,_ZN5aiter42f4gemm_bf16_per1x32Fp4_BpreShuffle_256x256E,3997.33,1206.81,0.0
gfx950,256,8163,1280,4096,50,0,28.3008,_ZN5aiter42f4gemm_bf16_per1x32Fp4_BpreShuffle_192x256E,3024.48,1421.75,0.0
gfx950,256,8163,4096,1024,54,0,31.2764,_ZN5aiter42f4gemm_bf16_per1x32Fp4_BpreShuffle_256x256E,2189.39,2338.76,0.0
gfx950,256,8164,9216,4096,54,0,156.1375,_ZN5aiter42f4gemm_bf16_per1x32Fp4_BpreShuffle_256x256E,3947.55,1191.73,0.0
gfx950,256,8165,9216,4096,54,0,154.6899,_ZN5aiter42f4gemm_bf16_per1x32Fp4_BpreShuffle_256x256E,3984.98,1203.01,0.0
gfx950,256,8166,1280,4096,50,0,29.0622,_ZN5aiter42f4gemm_bf16_per1x32Fp4_BpreShuffle_192x256E,2946.33,1384.97,0.0
gfx950,256,8166,4096,1024,54,0,31.0309,_ZN5aiter42f4gemm_bf16_per1x32Fp4_BpreShuffle_256x256E,2207.52,2358.1,0.0
gfx950,256,8167,1280,4096,50,0,30.41,_ZN5aiter42f4gemm_bf16_per1x32Fp4_BpreShuffle_192x256E,2816.09,1323.74,0.0
gfx950,256,8167,4096,1024,54,0,31.9001,_ZN5aiter42f4gemm_bf16_per1x32Fp4_BpreShuffle_256x256E,2147.63,2294.12,0.0
gfx950,256,8170,1280,4096,50,0,29.6188,_ZN5aiter42f4gemm_bf16_per1x32Fp4_BpreShuffle_192x256E,2892.37,1359.57,0.0
gfx950,256,8170,4096,1024,54,0,32.2199,_ZN5aiter42f4gemm_bf16_per1x32Fp4_BpreShuffle_256x256E,2127.1,2272.16,0.0
gfx950,256,8171,1280,4096,50,0,29.0609,_ZN5aiter42f4gemm_bf16_per1x32Fp4_BpreShuffle_192x256E,2948.26,1385.83,0.0
gfx950,256,8171,4096,1024,54,0,31.8625,_ZN5aiter42f4gemm_bf16_per1x32Fp4_BpreShuffle_256x256E,2151.22,2297.92,0.0
gfx950,256,8172,1280,4096,50,0,28.018,_ZN5aiter42f4gemm_bf16_per1x32Fp4_BpreShuffle_192x256E,3058.38,1437.58,0.0
gfx950,256,8172,4096,1024,54,0,31.1976,_ZN5aiter42f4gemm_bf16_per1x32Fp4_BpreShuffle_256x256E,2197.34,2347.18,0.0
gfx950,256,8173,9216,4096,54,0,156.2277,_ZN5aiter42f4gemm_bf16_per1x32Fp4_BpreShuffle_256x256E,3949.63,1192.22,0.0
gfx950,256,8175,1280,4096,50,0,30.7969,_ZN5aiter42f4gemm_bf16_per1x32Fp4_BpreShuffle_192x256E,2783.43,1308.31,0.0
gfx950,256,8175,4096,1024,54,0,32.2277,_ZN5aiter42f4gemm_bf16_per1x32Fp4_BpreShuffle_256x256E,2127.89,2272.96,0.0
gfx950,256,8175,9216,4096,54,0,155.9519,_ZN5aiter42f4gemm_bf16_per1x32Fp4_BpreShuffle_256x256E,3957.58,1194.59,0.0
gfx950,256,8177,1280,4096,50,0,29.7128,_ZN5aiter42f4gemm_bf16_per1x32Fp4_BpreShuffle_192x256E,2885.69,1356.35,0.0
gfx950,256,8177,4096,1024,54,0,31.8585,_ZN5aiter42f4gemm_bf16_per1x32Fp4_BpreShuffle_256x256E,2153.07,2299.85,0.0
gfx950,256,8178,9216,4096,54,0,156.5667,_ZN5aiter42f4gemm_bf16_per1x32Fp4_BpreShuffle_256x256E,3943.48,1190.29,0.0
gfx950,256,8179,9216,4096,54,0,159.3919,_ZN5aiter42f4gemm_bf16_per1x32Fp4_BpreShuffle_256x256E,3874.06,1169.32,0.0
gfx950,256,8180,9216,4096,54,0,154.6635,_ZN5aiter42f4gemm_bf16_per1x32Fp4_BpreShuffle_256x256E,3992.99,1205.2,0.0
gfx950,256,8182,1280,4096,50,0,29.4276,_ZN5aiter42f4gemm_bf16_per1x32Fp4_BpreShuffle_192x256E,2915.44,1370.28,0.0
gfx950,256,8182,4096,1024,54,0,31.8861,_ZN5aiter42f4gemm_bf16_per1x32Fp4_BpreShuffle_256x256E,2152.52,2299.22,0.0
gfx950,256,8183,1280,4096,50,0,29.4656,_ZN5aiter42f4gemm_bf16_per1x32Fp4_BpreShuffle_192x256E,2912.04,1368.67,0.0
gfx950,256,8183,4096,1024,54,0,31.8585,_ZN5aiter42f4gemm_bf16_per1x32Fp4_BpreShuffle_256x256E,2154.65,2301.49,0.0
gfx950,256,8183,9216,4096,54,0,156.5919,_ZN5aiter42f4gemm_bf16_per1x32Fp4_BpreShuffle_256x256E,3945.26,1190.75,0.0
gfx950,256,8184,1280,4096,50,0,28.8757,_ZN5aiter42f4gemm_bf16_per1x32Fp4_BpreShuffle_192x256E,2971.89,1396.79,0.0
gfx950,256,8184,4096,1024,54,0,31.1063,_ZN5aiter42f4gemm_bf16_per1x32Fp4_BpreShuffle_256x256E,2207.02,2357.42,0.0
gfx950,256,8189,9216,4096,54,0,154.5114,_ZN5aiter42f4gemm_bf16_per1x32Fp4_BpreShuffle_256x256E,4001.32,1207.58,0.0
gfx950,256,8190,9216,4096,54,0,156.8975,_ZN5aiter42f4gemm_bf16_per1x32Fp4_BpreShuffle_256x256E,3940.94,1189.35,0.0
gfx950,256,8192,1280,4096,50,0,30.119,_ZN5aiter42f4gemm_bf16_per1x32Fp4_BpreShuffle_192x256E,2852.0,1340.36,0.0
gfx950,256,8192,2304,4096,47,0,54.2043,_ZN5aiter42f4gemm_bf16_per1x32Fp4_BpreShuffle_160x256E,2852.52,1092.99,0.0
gfx950,256,8192,4096,1024,54,0,31.6809,_ZN5aiter42f4gemm_bf16_per1x32Fp4_BpreShuffle_256x256E,2169.11,2316.86,0.0
gfx950,256,8192,4096,2048,54,0,44.3325,_ZN5aiter42f4gemm_bf16_per1x32Fp4_BpreShuffle_256x256E,3100.19,1797.59,0.0
gfx950,256,8192,4608,4096,44,0,91.0792,_ZN5aiter42f4gemm_bf16_per1x32Fp4_BpreShuffle_128x384E,3395.26,1116.74,0.0
gfx950,256,8196,1280,4096,50,0,29.0562,_ZN5aiter42f4gemm_bf16_per1x32Fp4_BpreShuffle_192x256E,2957.76,1390.02,0.0
gfx950,256,8196,4096,1024,54,0,37.9924,_ZN5aiter42f4gemm_bf16_per1x32Fp4_BpreShuffle_256x256E,1809.65,1932.89,0.0
gfx950,256,8198,1280,4096,50,0,31.086,_ZN5aiter42f4gemm_bf16_per1x32Fp4_BpreShuffle_192x256E,2765.3,1299.55,0.0
gfx950,256,8198,4096,1024,54,0,38.2377,_ZN5aiter42f4gemm_bf16_per1x32Fp4_BpreShuffle_256x256E,1798.48,1920.95,0.0
gfx950,256,8201,1280,4096,50,0,30.116,_ZN5aiter42f4gemm_bf16_per1x32Fp4_BpreShuffle_192x256E,2855.42,1341.87,0.0
gfx950,256,8201,4096,1024,54,0,37.6919,_ZN5aiter42f4gemm_bf16_per1x32Fp4_BpreShuffle_256x256E,1825.19,1949.45,0.0
gfx950,256,8202,9216,4096,54,0,159.0523,_ZN5aiter42f4gemm_bf16_per1x32Fp4_BpreShuffle_256x256E,3893.25,1174.78,0.0
gfx950,256,8203,1280,4096,50,0,30.2336,_ZN5aiter42f4gemm_bf16_per1x32Fp4_BpreShuffle_192x256E,2845.0,1336.95,0.0
gfx950,256,8203,4096,1024,54,0,38.2827,_ZN5aiter42f4gemm_bf16_per1x32Fp4_BpreShuffle_256x256E,1797.46,1919.82,0.0
gfx950,256,8203,9216,4096,54,0,155.8943,_ZN5aiter42f4gemm_bf16_per1x32Fp4_BpreShuffle_256x256E,3972.6,1198.71,0.0
gfx950,256,8206,1280,4096,50,0,29.9034,_ZN5aiter42f4gemm_bf16_per1x32Fp4_BpreShuffle_192x256E,2877.47,1352.18,0.0
gfx950,256,8206,4096,1024,54,0,38.269,_ZN5aiter42f4gemm_bf16_per1x32Fp4_BpreShuffle_256x256E,1798.76,1921.19,0.0
gfx950,256,8207,9216,4096,54,0,158.7031,_ZN5aiter42f4gemm_bf16_per1x32Fp4_BpreShuffle_256x256E,3904.19,1178.01,0.0
gfx950,256,8208,1280,4096,50,0,28.9612,_ZN5aiter42f4gemm_bf16_per1x32Fp4_BpreShuffle_192x256E,2971.81,1396.49,0.0
gfx950,256,8208,4096,1024,54,0,38.4409,_ZN5aiter42f4gemm_bf16_per1x32Fp4_BpreShuffle_256x256E,1791.16,1913.06,0.0
gfx950,256,8210,1280,4096,50,0,30.4328,_ZN5aiter42f4gemm_bf16_per1x32Fp4_BpreShuffle_192x256E,2828.79,1329.26,0.0
gfx950,256,8210,4096,1024,54,0,37.7135,_ZN5aiter42f4gemm_bf16_per1x32Fp4_BpreShuffle_256x256E,1826.15,1950.42,0.0
gfx950,256,8215,9216,4096,54,0,154.4195,_ZN5aiter42f4gemm_bf16_per1x32Fp4_BpreShuffle_256x256E,4016.41,1211.75,0.0
gfx950,256,8220,1280,4096,50,0,29.9148,_ZN5aiter42f4gemm_bf16_per1x32Fp4_BpreShuffle_192x256E,2881.28,1353.82,0.0
gfx950,256,8220,4096,1024,54,0,38.0741,_ZN5aiter42f4gemm_bf16_per1x32Fp4_BpreShuffle_256x256E,1811.06,1934.23,0.0
gfx950,256,8222,1280,4096,50,0,29.648,_ZN5aiter42f4gemm_bf16_per1x32Fp4_BpreShuffle_192x256E,2907.92,1366.31,0.0
gfx950,256,8222,4096,1024,54,0,38.0147,_ZN5aiter42f4gemm_bf16_per1x32Fp4_BpreShuffle_256x256E,1814.33,1937.71,0.0
gfx950,256,8223,1280,4096,50,0,30.6705,_ZN5aiter42f4gemm_bf16_per1x32Fp4_BpreShuffle_192x256E,2811.31,1320.91,0.0
gfx950,256,8223,4096,1024,54,0,38.0564,_ZN5aiter42f4gemm_bf16_per1x32Fp4_BpreShuffle_256x256E,1812.56,1935.81,0.0
gfx950,256,8227,9216,4096,54,0,156.4103,_ZN5aiter42f4gemm_bf16_per1x32Fp4_BpreShuffle_256x256E,3971.08,1197.9,0.0
gfx950,256,8229,4608,4096,54,0,93.9114,_ZN5aiter42f4gemm_bf16_per1x32Fp4_BpreShuffle_256x256E,3307.74,1087.5,0.0
gfx950,256,8230,1280,4096,50,0,29.3716,_ZN5aiter42f4gemm_bf16_per1x32Fp4_BpreShuffle_192x256E,2938.14,1380.42,0.0
gfx950,256,8230,4096,1024,54,0,38.1731,_ZN5aiter42f4gemm_bf16_per1x32Fp4_BpreShuffle_256x256E,1808.56,1931.49,0.0
gfx950,256,8231,9216,4096,54,0,154.7045,_ZN5aiter42f4gemm_bf16_per1x32Fp4_BpreShuffle_256x256E,4016.82,1211.63,0.0
gfx950,256,8233,1280,4096,50,0,30.4664,_ZN5aiter42f4gemm_bf16_per1x32Fp4_BpreShuffle_192x256E,2833.59,1331.27,0.0
gfx950,256,8233,4096,1024,54,0,38.2214,_ZN5aiter42f4gemm_bf16_per1x32Fp4_BpreShuffle_256x256E,1806.93,1929.74,0.0
gfx950,256,8233,9216,4096,54,0,154.4162,_ZN5aiter42f4gemm_bf16_per1x32Fp4_BpreShuffle_256x256E,4025.29,1214.16,0.0
gfx950,256,8237,9216,4096,54,0,157.7783,_ZN5aiter42f4gemm_bf16_per1x32Fp4_BpreShuffle_256x256E,3941.43,1188.81,0.0
gfx950,256,8239,1280,4096,50,0,29.6932,_ZN5aiter42f4gemm_bf16_per1x32Fp4_BpreShuffle_192x256E,2909.49,1366.87,0.0
gfx950,256,8239,4096,1024,54,0,38.8005,_ZN5aiter42f4gemm_bf16_per1x32Fp4_BpreShuffle_256x256E,1781.26,1902.28,0.0
gfx950,256,8240,1280,4096,50,0,29.3528,_ZN5aiter42f4gemm_bf16_per1x32Fp4_BpreShuffle_192x256E,2943.59,1382.88,0.0
gfx950,256,8240,4096,1024,54,0,38.3931,_ZN5aiter42f4gemm_bf16_per1x32Fp4_BpreShuffle_256x256E,1800.38,1922.69,0.0
gfx950,256,8241,1280,4096,50,0,29.7376,_ZN5aiter42f4gemm_bf16_per1x32Fp4_BpreShuffle_192x256E,2905.85,1365.14,0.0
gfx950,256,8241,4096,1024,54,0,38.1956,_ZN5aiter42f4gemm_bf16_per1x32Fp4_BpreShuffle_256x256E,1809.91,1932.86,0.0
gfx950,256,8243,1280,4096,50,0,29.8308,_ZN5aiter42f4gemm_bf16_per1x32Fp4_BpreShuffle_192x256E,2897.48,1361.18,0.0
gfx950,256,8243,4096,1024,54,0,38.2863,_ZN5aiter42f4gemm_bf16_per1x32Fp4_BpreShuffle_256x256E,1806.06,1928.74,0.0
gfx950,256,8250,1280,4096,50,0,29.4907,_ZN5aiter42f4gemm_bf16_per1x32Fp4_BpreShuffle_192x256E,2933.38,1377.97,0.0
gfx950,256,8250,4096,1024,54,0,38.0896,_ZN5aiter42f4gemm_bf16_per1x32Fp4_BpreShuffle_256x256E,1816.93,1940.3,0.0
gfx950,256,8253,1280,4096,50,0,30.3416,_ZN5aiter42f4gemm_bf16_per1x32Fp4_BpreShuffle_192x256E,2852.16,1339.79,0.0
gfx950,256,8253,4096,1024,54,0,38.0772,_ZN5aiter42f4gemm_bf16_per1x32Fp4_BpreShuffle_256x256E,1818.18,1941.62,0.0
gfx950,256,8254,1280,4096,50,0,30.2196,_ZN5aiter42f4gemm_bf16_per1x32Fp4_BpreShuffle_192x256E,2864.02,1345.35,0.0
gfx950,256,8254,4096,1024,54,0,38.0735,_ZN5aiter42f4gemm_bf16_per1x32Fp4_BpreShuffle_256x256E,1818.58,1942.03,0.0
gfx950,256,8257,9216,4096,54,0,156.0102,_ZN5aiter42f4gemm_bf16_per1x32Fp4_BpreShuffle_256x256E,3995.78,1204.91,0.0
gfx950,256,8259,1280,4096,50,0,29.3015,_ZN5aiter42f4gemm_bf16_per1x32Fp4_BpreShuffle_192x256E,2955.54,1388.29,0.0
gfx950,256,8259,4096,1024,54,0,38.3189,_ZN5aiter42f4gemm_bf16_per1x32Fp4_BpreShuffle_256x256E,1808.02,1930.73,0.0
gfx950,256,8260,1280,4096,50,0,29.5264,_ZN5aiter42f4gemm_bf16_per1x32Fp4_BpreShuffle_192x256E,2933.39,1377.87,0.0
gfx950,256,8260,4096,1024,40,0,38.7577,_ZN5aiter41f4gemm_bf16_per1x32Fp4_BpreShuffle_96x512E,1787.77,1909.1,0.0
gfx950,256,8262,9216,4096,54,0,157.3367,_ZN5aiter42f4gemm_bf16_per1x32Fp4_BpreShuffle_256x256E,3964.49,1195.4,0.0
gfx950,256,8264,1280,4096,50,0,29.124,_ZN5aiter42f4gemm_bf16_per1x32Fp4_BpreShuffle_192x256E,2975.36,1397.54,0.0
gfx950,256,8264,4096,1024,54,0,38.566,_ZN5aiter42f4gemm_bf16_per1x32Fp4_BpreShuffle_256x256E,1797.53,1919.49,0.0
gfx950,256,8264,9216,4096,54,0,156.7311,_ZN5aiter42f4gemm_bf16_per1x32Fp4_BpreShuffle_256x256E,3980.77,1200.28,0.0
gfx950,256,8265,4096,1024,54,0,38.5439,_ZN5aiter42f4gemm_bf16_per1x32Fp4_BpreShuffle_256x256E,1798.78,1920.82,0.0
gfx950,256,8265,9216,4096,54,0,157.6681,_ZN5aiter42f4gemm_bf16_per1x32Fp4_BpreShuffle_256x256E,3957.6,1193.28,0.0
gfx950,256,8266,9216,4096,45,0,158.2196,_ZN5aiter42f4gemm_bf16_per1x32Fp4_BpreShuffle_128x512E,3944.28,1189.25,0.0
gfx950,256,8269,9216,4096,54,0,156.8135,_ZN5aiter42f4gemm_bf16_per1x32Fp4_BpreShuffle_256x256E,3981.09,1200.3,0.0
gfx950,256,8271,9216,4096,54,0,158.5954,_ZN5aiter42f4gemm_bf16_per1x32Fp4_BpreShuffle_256x256E,3937.31,1187.07,0.0
gfx950,256,8273,9216,4096,54,0,157.4145,_ZN5aiter42f4gemm_bf16_per1x32Fp4_BpreShuffle_256x256E,3967.81,1196.24,0.0
gfx950,256,8274,1280,4096,50,0,30.7505,_ZN5aiter42f4gemm_bf16_per1x32Fp4_BpreShuffle_192x256E,2821.39,1325.12,0.0
gfx950,256,8274,4096,1024,54,0,39.6021,_ZN5aiter42f4gemm_bf16_per1x32Fp4_BpreShuffle_256x256E,1752.62,1871.47,0.0
gfx950,256,8274,9216,4096,54,0,159.2829,_ZN5aiter42f4gemm_bf16_per1x32Fp4_BpreShuffle_256x256E,3921.74,1182.34,0.0
gfx950,256,8275,1280,4096,50,0,30.1596,_ZN5aiter42f4gemm_bf16_per1x32Fp4_BpreShuffle_192x256E,2877.02,1351.23,0.0
gfx950,256,8275,4096,1024,54,0,38.3844,_ZN5aiter42f4gemm_bf16_per1x32Fp4_BpreShuffle_256x256E,1808.44,1931.06,0.0
gfx950,256,8276,1280,4096,50,0,29.4052,_ZN5aiter42f4gemm_bf16_per1x32Fp4_BpreShuffle_192x256E,2951.18,1386.06,0.0
gfx950,256,8276,4096,1024,54,0,38.4142,_ZN5aiter42f4gemm_bf16_per1x32Fp4_BpreShuffle_256x256E,1807.25,1929.79,0.0
gfx950,256,8277,9216,4096,54,0,155.1211,_ZN5aiter42f4gemm_bf16_per1x32Fp4_BpreShuffle_256x256E,4028.42,1214.45,0.0
gfx950,256,8278,1280,4096,50,0,28.758,_ZN5aiter42f4gemm_bf16_per1x32Fp4_BpreShuffle_192x256E,3018.33,1417.57,0.0
gfx950,256,8278,4096,1024,40,0,38.9799,_ZN5aiter41f4gemm_bf16_per1x32Fp4_BpreShuffle_96x512E,1781.45,1902.23,0.0
gfx950,256,8279,9216,4096,54,0,157.0943,_ZN5aiter42f4gemm_bf16_per1x32Fp4_BpreShuffle_256x256E,3978.78,1199.46,0.0
gfx950,256,8282,1280,4096,50,0,29.1801,_ZN5aiter42f4gemm_bf16_per1x32Fp4_BpreShuffle_192x256E,2976.11,1397.7,0.0
gfx950,256,8282,4096,1024,54,0,38.593,_ZN5aiter42f4gemm_bf16_per1x32Fp4_BpreShuffle_256x256E,1800.18,1922.21,0.0
gfx950,256,8283,1280,4096,50,0,29.3508,_ZN5aiter42f4gemm_bf16_per1x32Fp4_BpreShuffle_192x256E,2959.15,1389.72,0.0
gfx950,256,8283,4096,1024,54,0,38.0829,_ZN5aiter42f4gemm_bf16_per1x32Fp4_BpreShuffle_256x256E,1824.52,1948.18,0.0
gfx950,256,8285,9216,4096,54,0,157.0711,_ZN5aiter42f4gemm_bf16_per1x32Fp4_BpreShuffle_256x256E,3982.25,1200.42,0.0
gfx950,256,8289,9216,4096,54,0,155.0194,_ZN5aiter42f4gemm_bf16_per1x32Fp4_BpreShuffle_256x256E,4036.9,1216.84,0.0
gfx950,256,8290,1280,4096,50,0,29.1088,_ZN5aiter42f4gemm_bf16_per1x32Fp4_BpreShuffle_192x256E,2986.28,1402.39,0.0
gfx950,256,8290,4096,1024,40,0,38.4764,_ZN5aiter41f4gemm_bf16_per1x32Fp4_BpreShuffle_96x512E,1807.38,1929.84,0.0
gfx950,256,8290,9216,4096,54,0,157.4991,_ZN5aiter42f4gemm_bf16_per1x32Fp4_BpreShuffle_256x256E,3973.83,1197.81,0.0
gfx950,256,8292,1280,4096,50,0,31.2992,_ZN5aiter42f4gemm_bf16_per1x32Fp4_BpreShuffle_192x256E,2777.96,1304.54,0.0
gfx950,256,8292,4096,1024,54,0,38.4652,_ZN5aiter42f4gemm_bf16_per1x32Fp4_BpreShuffle_256x256E,1808.34,1930.85,0.0
gfx950,256,8295,1280,4096,50,0,30.3724,_ZN5aiter42f4gemm_bf16_per1x32Fp4_BpreShuffle_192x256E,2863.76,1344.8,0.0
gfx950,256,8295,4096,1024,54,0,38.831,_ZN5aiter42f4gemm_bf16_per1x32Fp4_BpreShuffle_256x256E,1791.96,1913.34,0.0
gfx950,256,8301,1280,4096,50,0,30.4076,_ZN5aiter42f4gemm_bf16_per1x32Fp4_BpreShuffle_192x256E,2862.52,1344.15,0.0
gfx950,256,8301,4096,1024,54,0,38.6929,_ZN5aiter42f4gemm_bf16_per1x32Fp4_BpreShuffle_256x256E,1799.65,1921.52,0.0
gfx950,256,8302,9216,4096,54,0,156.7675,_ZN5aiter42f4gemm_bf16_per1x32Fp4_BpreShuffle_256x256E,3998.15,1204.96,0.0
gfx950,256,8303,1280,4096,50,0,30.5041,_ZN5aiter42f4gemm_bf16_per1x32Fp4_BpreShuffle_192x256E,2854.15,1340.2,0.0
gfx950,256,8303,4096,1024,40,0,38.8953,_ZN5aiter41f4gemm_bf16_per1x32Fp4_BpreShuffle_96x512E,1790.72,1911.97,0.0
gfx950,256,8303,9216,4096,54,0,158.0039,_ZN5aiter42f4gemm_bf16_per1x32Fp4_BpreShuffle_256x256E,3967.34,1195.67,0.0
gfx950,256,8304,9216,4096,54,0,159.5731,_ZN5aiter42f4gemm_bf16_per1x32Fp4_BpreShuffle_256x256E,3928.8,1184.04,0.0
gfx950,256,8308,4608,4096,54,0,93.7634,_ZN5aiter42f4gemm_bf16_per1x32Fp4_BpreShuffle_256x256E,3344.76,1098.71,0.0
gfx950,256,8309,1280,4096,52,0,30.4313,_ZN5aiter42f4gemm_bf16_per1x32Fp4_BpreShuffle_224x256E,2863.04,1344.32,0.0
gfx950,256,8309,4096,1024,54,0,38.7758,_ZN5aiter42f4gemm_bf16_per1x32Fp4_BpreShuffle_256x256E,1797.54,1919.2,0.0
gfx950,256,8309,9216,4096,54,0,156.5647,_ZN5aiter42f4gemm_bf16_per1x32Fp4_BpreShuffle_256x256E,4006.7,1207.44,0.0
gfx950,256,8311,1280,4096,50,0,28.4777,_ZN5aiter42f4gemm_bf16_per1x32Fp4_BpreShuffle_192x256E,3060.19,1436.86,0.0
gfx950,256,8311,4096,1024,54,0,38.6701,_ZN5aiter42f4gemm_bf16_per1x32Fp4_BpreShuffle_256x256E,1802.88,1924.9,0.0
gfx950,256,8312,1280,4096,50,0,30.5156,_ZN5aiter42f4gemm_bf16_per1x32Fp4_BpreShuffle_192x256E,2856.17,1341.06,0.0
gfx950,256,8312,4096,1024,54,0,38.7989,_ZN5aiter42f4gemm_bf16_per1x32Fp4_BpreShuffle_256x256E,1797.12,1918.73,0.0
gfx950,256,8314,1280,4096,50,0,29.3888,_ZN5aiter42f4gemm_bf16_per1x32Fp4_BpreShuffle_192x256E,2966.39,1392.79,0.0
gfx950,256,8314,4096,1024,40,0,39.2805,_ZN5aiter41f4gemm_bf16_per1x32Fp4_BpreShuffle_96x512E,1775.51,1895.65,0.0
gfx950,256,8316,9216,4096,54,0,157.5479,_ZN5aiter42f4gemm_bf16_per1x32Fp4_BpreShuffle_256x256E,3985.05,1200.82,0.0
gfx950,256,8318,9216,4096,54,0,154.6243,_ZN5aiter42f4gemm_bf16_per1x32Fp4_BpreShuffle_256x256E,4061.38,1223.79,0.0
gfx950,256,8319,1280,4096,50,0,29.9168,_ZN5aiter42f4gemm_bf16_per1x32Fp4_BpreShuffle_192x256E,2915.79,1368.98,0.0
gfx950,256,8319,4096,1024,54,0,38.7775,_ZN5aiter42f4gemm_bf16_per1x32Fp4_BpreShuffle_256x256E,1799.62,1921.36,0.0
gfx950,256,8325,1280,4096,50,0,29.2012,_ZN5aiter42f4gemm_bf16_per1x32Fp4_BpreShuffle_192x256E,2989.4,1403.47,0.0
gfx950,256,8325,4096,1024,40,0,38.6648,_ZN5aiter41f4gemm_bf16_per1x32Fp4_BpreShuffle_96x512E,1806.17,1928.32,0.0
gfx950,256,8325,9216,4096,54,0,157.1315,_ZN5aiter42f4gemm_bf16_per1x32Fp4_BpreShuffle_256x256E,3999.94,1205.17,0.0
gfx950,256,8326,1280,4096,50,0,31.7681,_ZN5aiter42f4gemm_bf16_per1x32Fp4_BpreShuffle_192x256E,2748.18,1290.21,0.0
gfx950,256,8326,4096,1024,54,0,38.8826,_ZN5aiter42f4gemm_bf16_per1x32Fp4_BpreShuffle_256x256E,1796.27,1917.74,0.0
gfx950,256,8328,9216,4096,54,0,156.3007,_ZN5aiter42f4gemm_bf16_per1x32Fp4_BpreShuffle_256x256E,4022.65,1211.97,0.0
gfx950,256,8329,9216,4096,54,0,155.9259,_ZN5aiter42f4gemm_bf16_per1x32Fp4_BpreShuffle_256x256E,4032.8,1215.01,0.0
gfx950,256,8330,1280,4096,50,0,30.5261,_ZN5aiter42f4gemm_bf16_per1x32Fp4_BpreShuffle_192x256E,2861.37,1343.31,0.0
gfx950,256,8330,4096,1024,40,0,39.3217,_ZN5aiter41f4gemm_bf16_per1x32Fp4_BpreShuffle_96x512E,1777.06,1897.21,0.0
gfx950,256,8331,1280,4096,50,0,30.9029,_ZN5aiter42f4gemm_bf16_per1x32Fp4_BpreShuffle_192x256E,2826.82,1327.08,0.0
gfx950,256,8331,4096,1024,40,0,39.1324,_ZN5aiter41f4gemm_bf16_per1x32Fp4_BpreShuffle_96x512E,1785.87,1906.61,0.0
gfx950,256,8334,1280,4096,50,0,29.1804,_ZN5aiter42f4gemm_bf16_per1x32Fp4_BpreShuffle_192x256E,2994.76,1405.89,0.0
gfx950,256,8334,4096,1024,54,0,39.0568,_ZN5aiter42f4gemm_bf16_per1x32Fp4_BpreShuffle_256x256E,1789.97,1910.97,0.0
gfx950,256,8336,1280,4096,50,0,30.3384,_ZN5aiter42f4gemm_bf16_per1x32Fp4_BpreShuffle_192x256E,2881.14,1352.53,0.0
gfx950,256,8336,4096,1024,54,0,39.2153,_ZN5aiter42f4gemm_bf16_per1x32Fp4_BpreShuffle_256x256E,1783.17,1903.69,0.0
gfx950,256,8339,1280,4096,48,0,30.6085,_ZN5aiter42f4gemm_bf16_per1x32Fp4_BpreShuffle_160x384E,2856.75,1341.05,0.0
gfx950,256,8339,4096,1024,54,0,38.8922,_ZN5aiter42f4gemm_bf16_per1x32Fp4_BpreShuffle_256x256E,1798.63,1920.17,0.0
gfx950,256,8341,1280,4096,50,0,28.7012,_ZN5aiter42f4gemm_bf16_per1x32Fp4_BpreShuffle_192x256E,3047.32,1430.49,0.0
gfx950,256,8341,4096,1024,40,0,38.8619,_ZN5aiter41f4gemm_bf16_per1x32Fp4_BpreShuffle_96x512E,1800.46,1922.12,0.0
gfx950,256,8342,1280,4096,50,0,30.572,_ZN5aiter42f4gemm_bf16_per1x32Fp4_BpreShuffle_192x256E,2861.19,1343.1,0.0
gfx950,256,8342,4096,1024,40,0,38.69,_ZN5aiter41f4gemm_bf16_per1x32Fp4_BpreShuffle_96x512E,1808.68,1930.88,0.0
gfx950,256,8342,9216,4096,54,0,158.6907,_ZN5aiter42f4gemm_bf16_per1x32Fp4_BpreShuffle_256x256E,3968.73,1195.52,0.0
gfx950,256,8343,1280,4096,50,0,30.4109,_ZN5aiter42f4gemm_bf16_per1x32Fp4_BpreShuffle_192x256E,2876.69,1350.37,0.0
gfx950,256,8343,4096,1024,40,0,38.7892,_ZN5aiter41f4gemm_bf16_per1x32Fp4_BpreShuffle_96x512E,1804.27,1926.17,0.0
gfx950,256,8343,9216,4096,54,0,156.1347,_ZN5aiter42f4gemm_bf16_per1x32Fp4_BpreShuffle_256x256E,4034.18,1215.23,0.0
gfx950,256,8344,9216,4096,54,0,155.7372,_ZN5aiter42f4gemm_bf16_per1x32Fp4_BpreShuffle_256x256E,4044.96,1218.46,0.0
gfx950,256,8346,4096,1024,40,0,39.3356,_ZN5aiter41f4gemm_bf16_per1x32Fp4_BpreShuffle_96x512E,1779.85,1900.08,0.0
gfx950,256,8347,1280,4096,50,0,29.5471,_ZN5aiter42f4gemm_bf16_per1x32Fp4_BpreShuffle_192x256E,2962.21,1390.47,0.0
gfx950,256,8347,4096,1024,40,0,39.3925,_ZN5aiter41f4gemm_bf16_per1x32Fp4_BpreShuffle_96x512E,1777.49,1897.56,0.0
gfx950,256,8348,1280,4096,50,0,29.3633,_ZN5aiter42f4gemm_bf16_per1x32Fp4_BpreShuffle_192x256E,2981.11,1399.33,0.0
gfx950,256,8348,4096,1024,40,0,39.1156,_ZN5aiter41f4gemm_bf16_per1x32Fp4_BpreShuffle_96x512E,1790.29,1911.21,0.0
gfx950,256,8351,1280,4096,50,0,31.068,_ZN5aiter42f4gemm_bf16_per1x32Fp4_BpreShuffle_192x256E,2818.55,1323.0,0.0
gfx950,256,8351,4096,1024,40,0,39.9541,_ZN5aiter41f4gemm_bf16_per1x32Fp4_BpreShuffle_96x512E,1753.34,1871.75,0.0
gfx950,256,8352,4608,4096,54,0,92.6669,_ZN5aiter42f4gemm_bf16_per1x32Fp4_BpreShuffle_256x256E,3402.27,1117.06,0.0
gfx950,256,8356,1280,4096,50,0,28.3896,_ZN5aiter42f4gemm_bf16_per1x32Fp4_BpreShuffle_192x256E,3086.31,1448.63,0.0
gfx950,256,8356,4096,1024,40,0,39.3453,_ZN5aiter41f4gemm_bf16_per1x32Fp4_BpreShuffle_96x512E,1781.54,1901.82,0.0
gfx950,256,8357,9216,4096,54,0,156.5653,_ZN5aiter42f4gemm_bf16_per1x32Fp4_BpreShuffle_256x256E,4029.84,1213.72,0.0
gfx950,256,8358,1280,4096,50,0,29.5004,_ZN5aiter42f4gemm_bf16_per1x32Fp4_BpreShuffle_192x256E,2970.81,1394.39,0.0
gfx950,256,8358,4096,1024,40,0,38.9492,_ZN5aiter41f4gemm_bf16_per1x32Fp4_BpreShuffle_96x512E,1800.09,1921.61,0.0
gfx950,256,8358,9216,4096,54,0,157.8159,_ZN5aiter42f4gemm_bf16_per1x32Fp4_BpreShuffle_256x256E,3998.38,1204.23,0.0
gfx950,256,8359,1280,4096,50,0,30.3212,_ZN5aiter42f4gemm_bf16_per1x32Fp4_BpreShuffle_192x256E,2890.73,1356.8,0.0
gfx950,256,8359,4096,1024,40,0,39.8827,_ZN5aiter41f4gemm_bf16_per1x32Fp4_BpreShuffle_96x512E,1758.17,1876.85,0.0
gfx950,256,8360,9216,4096,54,0,159.6064,_ZN5aiter42f4gemm_bf16_per1x32Fp4_BpreShuffle_256x256E,3954.47,1190.97,0.0
gfx950,256,8361,1280,4096,50,0,29.7746,_ZN5aiter42f4gemm_bf16_per1x32Fp4_BpreShuffle_192x256E,2944.5,1382.01,0.0
gfx950,256,8361,4096,1024,40,0,39.1421,_ZN5aiter41f4gemm_bf16_per1x32Fp4_BpreShuffle_96x512E,1791.86,1912.81,0.0
gfx950,256,8362,1280,4096,50,0,29.9916,_ZN5aiter42f4gemm_bf16_per1x32Fp4_BpreShuffle_192x256E,2923.55,1372.17,0.0
gfx950,256,8362,4096,1024,40,0,39.1537,_ZN5aiter41f4gemm_bf16_per1x32Fp4_BpreShuffle_96x512E,1791.54,1912.46,0.0
gfx950,256,8363,1280,4096,50,0,28.822,_ZN5aiter42f4gemm_bf16_per1x32Fp4_BpreShuffle_192x256E,3042.55,1428.01,0.0
gfx950,256,8363,4096,1024,54,0,39.2458,_ZN5aiter42f4gemm_bf16_per1x32Fp4_BpreShuffle_256x256E,1787.55,1908.2,0.0
gfx950,256,8365,1280,4096,50,0,29.85,_ZN5aiter42f4gemm_bf16_per1x32Fp4_BpreShuffle_192x256E,2938.47,1379.14,0.0
gfx950,256,8365,4096,1024,40,0,39.34,_ZN5aiter41f4gemm_bf16_per1x32Fp4_BpreShuffle_96x512E,1783.7,1904.07,0.0
gfx950,256,8365,9216,4096,54,0,160.7843,_ZN5aiter42f4gemm_bf16_per1x32Fp4_BpreShuffle_256x256E,3927.85,1182.89,0.0
gfx950,256,8366,1280,4096,54,0,31.2548,_ZN5aiter42f4gemm_bf16_per1x32Fp4_BpreShuffle_256x256E,2806.73,1317.3,0.0
gfx950,256,8366,4096,1024,40,0,38.6914,_ZN5aiter41f4gemm_bf16_per1x32Fp4_BpreShuffle_96x512E,1813.82,1936.21,0.0
gfx950,256,8366,9216,4096,54,0,156.28,_ZN5aiter42f4gemm_bf16_per1x32Fp4_BpreShuffle_256x256E,4041.54,1217.11,0.0
gfx950,256,8369,4096,1024,40,0,39.2239,_ZN5aiter41f4gemm_bf16_per1x32Fp4_BpreShuffle_96x512E,1789.83,1910.59,0.0
gfx950,256,8373,1280,4096,50,0,29.926,_ZN5aiter42f4gemm_bf16_per1x32Fp4_BpreShuffle_192x256E,2933.81,1376.87,0.0
gfx950,256,8373,4096,1024,40,0,39.3484,_ZN5aiter41f4gemm_bf16_per1x32Fp4_BpreShuffle_96x512E,1785.02,1905.43,0.0
gfx950,256,8374,1280,4096,50,0,30.1228,_ZN5aiter42f4gemm_bf16_per1x32Fp4_BpreShuffle_192x256E,2914.99,1368.03,0.0
gfx950,256,8374,4096,1024,40,0,38.9458,_ZN5aiter41f4gemm_bf16_per1x32Fp4_BpreShuffle_96x512E,1803.69,1925.35,0.0
gfx950,256,8375,1280,4096,50,0,29.5161,_ZN5aiter42f4gemm_bf16_per1x32Fp4_BpreShuffle_192x256E,2975.27,1396.3,0.0
gfx950,256,8375,4096,1024,40,0,39.1597,_ZN5aiter41f4gemm_bf16_per1x32Fp4_BpreShuffle_96x512E,1794.05,1915.06,0.0
gfx950,256,8375,9216,4096,54,0,158.6645,_ZN5aiter42f4gemm_bf16_per1x32Fp4_BpreShuffle_256x256E,3985.08,1199.98,0.0
gfx950,256,8376,9216,4096,54,0,157.9823,_ZN5aiter42f4gemm_bf16_per1x32Fp4_BpreShuffle_256x256E,4002.77,1205.29,0.0
gfx950,256,8378,1280,4096,50,0,30.7708,_ZN5aiter42f4gemm_bf16_per1x32Fp4_BpreShuffle_192x256E,2854.97,1339.82,0.0
gfx950,256,8378,4096,1024,40,0,39.3818,_ZN5aiter41f4gemm_bf16_per1x32Fp4_BpreShuffle_96x512E,1784.57,1904.92,0.0
gfx950,256,8381,1280,4096,50,0,29.9808,_ZN5aiter42f4gemm_bf16_per1x32Fp4_BpreShuffle_192x256E,2931.25,1375.58,0.0
gfx950,256,8381,4096,1024,40,0,39.8817,_ZN5aiter41f4gemm_bf16_per1x32Fp4_BpreShuffle_96x512E,1762.84,1881.7,0.0
gfx950,256,8382,2304,4096,47,0,56.1554,_ZN5aiter42f4gemm_bf16_per1x32Fp4_BpreShuffle_160x256E,2817.27,1077.53,0.0
gfx950,256,8382,4096,2048,54,0,55.7129,_ZN5aiter42f4gemm_bf16_per1x32Fp4_BpreShuffle_256x256E,2524.13,1461.83,0.0
gfx950,256,8384,1280,4096,50,0,30.7845,_ZN5aiter42f4gemm_bf16_per1x32Fp4_BpreShuffle_192x256E,2855.74,1340.12,0.0
gfx950,256,8384,4096,1024,40,0,40.0393,_ZN5aiter41f4gemm_bf16_per1x32Fp4_BpreShuffle_96x512E,1756.53,1874.95,0.0
gfx950,256,8385,1280,4096,50,0,30.302,_ZN5aiter42f4gemm_bf16_per1x32Fp4_BpreShuffle_192x256E,2901.56,1361.61,0.0
gfx950,256,8385,4096,1024,40,0,39.0322,_ZN5aiter41f4gemm_bf16_per1x32Fp4_BpreShuffle_96x512E,1802.06,1923.54,0.0
gfx950,256,8386,1280,4096,50,0,29.242,_ZN5aiter42f4gemm_bf16_per1x32Fp4_BpreShuffle_192x256E,3007.1,1411.13,0.0
gfx950,256,8386,4096,1024,40,0,39.0789,_ZN5aiter41f4gemm_bf16_per1x32Fp4_BpreShuffle_96x512E,1800.12,1921.47,0.0
gfx950,256,8389,9216,4096,54,0,156.9059,_ZN5aiter42f4gemm_bf16_per1x32Fp4_BpreShuffle_256x256E,4036.48,1215.26,0.0
gfx950,256,8390,1280,4096,50,0,30.0576,_ZN5aiter42f4gemm_bf16_per1x32Fp4_BpreShuffle_192x256E,2926.9,1373.45,0.0
gfx950,256,8390,4096,1024,40,0,38.9892,_ZN5aiter41f4gemm_bf16_per1x32Fp4_BpreShuffle_96x512E,1805.13,1926.78,0.0
gfx950,256,8390,9216,4096,54,0,159.9064,_ZN5aiter42f4gemm_bf16_per1x32Fp4_BpreShuffle_256x256E,3961.22,1192.58,0.0
gfx950,256,8391,1280,4096,50,0,28.4735,_ZN5aiter42f4gemm_bf16_per1x32Fp4_BpreShuffle_192x256E,3090.1,1450.02,0.0
gfx950,256,8391,4096,1024,40,0,38.8257,_ZN5aiter41f4gemm_bf16_per1x32Fp4_BpreShuffle_96x512E,1812.94,1935.12,0.0
gfx950,256,8392,9216,4096,54,0,156.8876,_ZN5aiter42f4gemm_bf16_per1x32Fp4_BpreShuffle_256x256E,4038.4,1215.79,0.0
gfx950,256,8393,1280,4096,50,0,29.864,_ZN5aiter42f4gemm_bf16_per1x32Fp4_BpreShuffle_192x256E,2946.93,1382.81,0.0
gfx950,256,8393,4096,1024,40,0,39.5063,_ZN5aiter41f4gemm_bf16_per1x32Fp4_BpreShuffle_96x512E,1782.14,1902.22,0.0
gfx950,256,8393,9216,4096,54,0,158.1447,_ZN5aiter42f4gemm_bf16_per1x32Fp4_BpreShuffle_256x256E,4006.78,1206.26,0.0
gfx950,256,8395,9216,4096,54,0,157.4791,_ZN5aiter42f4gemm_bf16_per1x32Fp4_BpreShuffle_256x256E,4024.67,1211.61,0.0
gfx950,256,8397,1280,4096,50,0,29.5935,_ZN5aiter42f4gemm_bf16_per1x32Fp4_BpreShuffle_192x256E,2975.28,1396.08,0.0
gfx950,256,8397,4096,1024,40,0,39.3409,_ZN5aiter41f4gemm_bf16_per1x32Fp4_BpreShuffle_96x512E,1790.48,1911.11,0.0
gfx950,256,8397,9216,4096,54,0,159.9919,_ZN5aiter42f4gemm_bf16_per1x32Fp4_BpreShuffle_256x256E,3962.4,1192.84,0.0
gfx950,256,8398,9216,4096,54,0,155.9783,_ZN5aiter42f4gemm_bf16_per1x32Fp4_BpreShuffle_256x256E,4064.85,1223.67,0.0
gfx950,256,8400,1280,4096,50,0,30.1696,_ZN5aiter42f4gemm_bf16_per1x32Fp4_BpreShuffle_192x256E,2919.51,1369.88,0.0
gfx950,256,8400,4096,1024,40,0,38.8838,_ZN5aiter41f4gemm_bf16_per1x32Fp4_BpreShuffle_96x512E,1812.18,1934.24,0.0
gfx950,256,8402,4096,1024,40,0,39.6617,_ZN5aiter41f4gemm_bf16_per1x32Fp4_BpreShuffle_96x512E,1777.06,1896.75,0.0
gfx950,256,8402,9216,4096,54,0,157.1647,_ZN5aiter42f4gemm_bf16_per1x32Fp4_BpreShuffle_256x256E,4036.08,1214.95,0.0
gfx950,256,8403,1280,4096,50,0,29.6233,_ZN5aiter42f4gemm_bf16_per1x32Fp4_BpreShuffle_192x256E,2974.41,1395.61,0.0
gfx950,256,8403,4096,1024,40,0,39.8583,_ZN5aiter41f4gemm_bf16_per1x32Fp4_BpreShuffle_96x512E,1768.5,1887.61,0.0
gfx950,256,8403,9216,4096,54,0,157.2528,_ZN5aiter42f4gemm_bf16_per1x32Fp4_BpreShuffle_256x256E,4034.3,1214.4,0.0
gfx950,256,8405,1280,4096,50,0,29.844,_ZN5aiter42f4gemm_bf16_per1x32Fp4_BpreShuffle_192x256E,2953.12,1385.59,0.0
gfx950,256,8405,4096,1024,40,0,39.2122,_ZN5aiter41f4gemm_bf16_per1x32Fp4_BpreShuffle_96x512E,1798.07,1919.15,0.0
gfx950,256,8406,1280,4096,50,0,29.2292,_ZN5aiter42f4gemm_bf16_per1x32Fp4_BpreShuffle_192x256E,3015.59,1414.9,0.0
gfx950,256,8406,4096,1024,40,0,39.0257,_ZN5aiter41f4gemm_bf16_per1x32Fp4_BpreShuffle_96x512E,1806.88,1928.55,0.0
gfx950,256,8407,1280,4096,50,0,29.615,_ZN5aiter42f4gemm_bf16_per1x32Fp4_BpreShuffle_192x256E,2976.66,1396.62,0.0
gfx950,256,8407,4096,1024,40,0,38.927,_ZN5aiter41f4gemm_bf16_per1x32Fp4_BpreShuffle_96x512E,1811.67,1933.66,0.0
gfx950,256,8410,9216,4096,54,0,158.2199,_ZN5aiter42f4gemm_bf16_per1x32Fp4_BpreShuffle_256x256E,4012.98,1207.88,0.0
gfx950,256,8411,1280,4096,50,0,30.3852,_ZN5aiter42f4gemm_bf16_per1x32Fp4_BpreShuffle_192x256E,2902.59,1361.83,0.0
gfx950,256,8411,4096,1024,40,0,39.276,_ZN5aiter41f4gemm_bf16_per1x32Fp4_BpreShuffle_96x512E,1796.43,1917.37,0.0
gfx950,256,8413,1280,4096,50,0,30.6041,_ZN5aiter42f4gemm_bf16_per1x32Fp4_BpreShuffle_192x256E,2882.51,1352.39,0.0
gfx950,256,8413,4096,1024,40,0,39.4809,_ZN5aiter41f4gemm_bf16_per1x32Fp4_BpreShuffle_96x512E,1787.53,1907.86,0.0
gfx950,256,8413,9216,4096,54,0,155.4867,_ZN5aiter42f4gemm_bf16_per1x32Fp4_BpreShuffle_256x256E,4084.98,1229.51,0.0
gfx950,256,8417,1280,4096,50,0,29.2931,_ZN5aiter42f4gemm_bf16_per1x32Fp4_BpreShuffle_192x256E,3012.95,1413.54,0.0
gfx950,256,8417,4096,1024,40,0,39.6581,_ZN5aiter41f4gemm_bf16_per1x32Fp4_BpreShuffle_96x512E,1780.39,1900.21,0.0
gfx950,256,8418,9216,4096,54,0,157.2359,_ZN5aiter42f4gemm_bf16_per1x32Fp4_BpreShuffle_256x256E,4041.94,1216.48,0.0
gfx950,256,8419,1280,4096,50,0,29.7752,_ZN5aiter42f4gemm_bf16_per1x32Fp4_BpreShuffle_192x256E,2964.87,1390.96,0.0
gfx950,256,8419,4096,1024,40,0,39.1293,_ZN5aiter41f4gemm_bf16_per1x32Fp4_BpreShuffle_96x512E,1804.88,1926.33,0.0
gfx950,256,8420,1280,4096,50,0,29.4252,_ZN5aiter42f4gemm_bf16_per1x32Fp4_BpreShuffle_192x256E,3000.49,1407.66,0.0
gfx950,256,8420,4096,1024,40,0,39.4131,_ZN5aiter41f4gemm_bf16_per1x32Fp4_BpreShuffle_96x512E,1792.1,1912.68,0.0
gfx950,256,8420,9216,4096,54,0,157.9499,_ZN5aiter42f4gemm_bf16_per1x32Fp4_BpreShuffle_256x256E,4024.62,1211.24,0.0
gfx950,256,8424,9216,4096,54,0,155.5448,_ZN5aiter42f4gemm_bf16_per1x32Fp4_BpreShuffle_256x256E,4088.79,1230.5,0.0
gfx950,256,8425,9216,4096,54,0,160.2795,_ZN5aiter42f4gemm_bf16_per1x32Fp4_BpreShuffle_256x256E,3968.48,1194.28,0.0
gfx950,256,8426,1280,4096,50,0,30.2364,_ZN5aiter42f4gemm_bf16_per1x32Fp4_BpreShuffle_192x256E,2922.07,1370.81,0.0
gfx950,256,8426,4096,1024,40,0,39.3254,_ZN5aiter41f4gemm_bf16_per1x32Fp4_BpreShuffle_96x512E,1797.37,1918.28,0.0
gfx950,256,8427,9216,4096,54,0,157.8768,_ZN5aiter42f4gemm_bf16_per1x32Fp4_BpreShuffle_256x256E,4029.83,1212.71,0.0
gfx950,256,8430,1280,4096,50,0,29.8404,_ZN5aiter42f4gemm_bf16_per1x32Fp4_BpreShuffle_192x256E,2962.26,1389.62,0.0
gfx950,256,8430,4096,1024,40,0,40.8209,_ZN5aiter41f4gemm_bf16_per1x32Fp4_BpreShuffle_96x512E,1732.35,1848.85,0.0
gfx950,256,8432,1280,4096,50,0,29.0792,_ZN5aiter42f4gemm_bf16_per1x32Fp4_BpreShuffle_192x256E,3040.52,1426.31,0.0
gfx950,256,8432,4096,1024,40,0,39.3573,_ZN5aiter41f4gemm_bf16_per1x32Fp4_BpreShuffle_96x512E,1797.19,1918.05,0.0
gfx950,256,8435,1280,4096,50,0,29.3239,_ZN5aiter42f4gemm_bf16_per1x32Fp4_BpreShuffle_192x256E,3016.22,1414.88,0.0
gfx950,256,8435,4096,1024,40,0,40.043,_ZN5aiter41f4gemm_bf16_per1x32Fp4_BpreShuffle_96x512E,1767.05,1885.86,0.0
gfx950,256,8436,9216,4096,54,0,157.9147,_ZN5aiter42f4gemm_bf16_per1x32Fp4_BpreShuffle_256x256E,4033.17,1213.59,0.0
gfx950,256,8439,9216,4096,54,0,158.9307,_ZN5aiter42f4gemm_bf16_per1x32Fp4_BpreShuffle_256x256E,4008.81,1206.22,0.0
gfx950,256,8440,1280,4096,50,0,30.4117,_ZN5aiter42f4gemm_bf16_per1x32Fp4_BpreShuffle_192x256E,2910.06,1365.03,0.0
gfx950,256,8440,4096,1024,40,0,38.8909,_ZN5aiter41f4gemm_bf16_per1x32Fp4_BpreShuffle_96x512E,1820.47,1942.84,0.0
gfx950,256,8441,9216,4096,54,0,159.875,_ZN5aiter42f4gemm_bf16_per1x32Fp4_BpreShuffle_256x256E,3986.08,1199.35,0.0
gfx950,256,8442,9216,4096,54,0,158.7708,_ZN5aiter42f4gemm_bf16_per1x32Fp4_BpreShuffle_256x256E,4014.28,1207.82,0.0
gfx950,256,8446,1280,4096,50,0,31.2401,_ZN5aiter42f4gemm_bf16_per1x32Fp4_BpreShuffle_192x256E,2834.91,1329.72,0.0
gfx950,256,8446,4096,1024,40,0,40.3841,_ZN5aiter41f4gemm_bf16_per1x32Fp4_BpreShuffle_96x512E,1754.41,1872.3,0.0
gfx950,256,8449,9216,4096,54,0,156.8347,_ZN5aiter42f4gemm_bf16_per1x32Fp4_BpreShuffle_256x256E,4067.2,1223.64,0.0
gfx950,256,8451,1280,4096,50,0,29.3576,_ZN5aiter42f4gemm_bf16_per1x32Fp4_BpreShuffle_192x256E,3018.47,1415.77,0.0
gfx950,256,8451,4096,1024,40,0,39.3144,_ZN5aiter41f4gemm_bf16_per1x32Fp4_BpreShuffle_96x512E,1803.21,1924.35,0.0
gfx950,256,8453,1280,4096,50,0,31.1289,_ZN5aiter42f4gemm_bf16_per1x32Fp4_BpreShuffle_192x256E,2847.39,1335.51,0.0
gfx950,256,8453,4096,1024,40,0,39.7266,_ZN5aiter41f4gemm_bf16_per1x32Fp4_BpreShuffle_96x512E,1784.92,1904.82,0.0
gfx950,256,8455,9216,4096,54,0,162.2095,_ZN5aiter42f4gemm_bf16_per1x32Fp4_BpreShuffle_256x256E,3935.23,1183.86,0.0
gfx950,256,8456,9216,4096,54,0,157.3871,_ZN5aiter42f4gemm_bf16_per1x32Fp4_BpreShuffle_256x256E,4056.28,1220.26,0.0
gfx950,256,8459,1280,4096,50,0,31.054,_ZN5aiter42f4gemm_bf16_per1x32Fp4_BpreShuffle_192x256E,2856.28,1339.62,0.0
gfx950,256,8459,4096,1024,40,0,39.3905,_ZN5aiter41f4gemm_bf16_per1x32Fp4_BpreShuffle_96x512E,1801.43,1922.4,0.0
gfx950,256,8460,1280,4096,50,0,30.592,_ZN5aiter42f4gemm_bf16_per1x32Fp4_BpreShuffle_192x256E,2899.76,1360.0,0.0
gfx950,256,8460,4096,1024,40,0,38.8526,_ZN5aiter41f4gemm_bf16_per1x32Fp4_BpreShuffle_96x512E,1826.59,1949.24,0.0
gfx950,256,8463,1280,4096,50,0,30.3409,_ZN5aiter42f4gemm_bf16_per1x32Fp4_BpreShuffle_192x256E,2924.8,1371.71,0.0
gfx950,256,8463,4096,1024,40,0,39.6426,_ZN5aiter41f4gemm_bf16_per1x32Fp4_BpreShuffle_96x512E,1790.82,1911.05,0.0
gfx950,256,8465,1280,4096,50,0,28.9395,_ZN5aiter42f4gemm_bf16_per1x32Fp4_BpreShuffle_192x256E,3067.16,1438.45,0.0
gfx950,256,8465,4096,1024,40,0,39.1177,_ZN5aiter41f4gemm_bf16_per1x32Fp4_BpreShuffle_96x512E,1815.28,1937.14,0.0
gfx950,256,8468,1280,4096,50,0,29.2408,_ZN5aiter42f4gemm_bf16_per1x32Fp4_BpreShuffle_192x256E,3036.63,1424.11,0.0
gfx950,256,8468,4096,1024,40,0,39.7009,_ZN5aiter41f4gemm_bf16_per1x32Fp4_BpreShuffle_96x512E,1789.25,1909.34,0.0
gfx950,256,8471,9216,4096,54,0,159.5474,_ZN5aiter42f4gemm_bf16_per1x32Fp4_BpreShuffle_256x256E,4008.46,1205.66,0.0
gfx950,256,8472,1280,4096,50,0,30.1004,_ZN5aiter42f4gemm_bf16_per1x32Fp4_BpreShuffle_192x256E,2951.3,1384.05,0.0
gfx950,256,8472,4096,1024,40,0,40.0776,_ZN5aiter41f4gemm_bf16_per1x32Fp4_BpreShuffle_96x512E,1773.27,1892.27,0.0
gfx950,256,8472,9216,4096,54,0,157.6737,_ZN5aiter42f4gemm_bf16_per1x32Fp4_BpreShuffle_256x256E,4056.57,1220.12,0.0
gfx950,256,8473,1280,4096,50,0,28.8848,_ZN5aiter42f4gemm_bf16_per1x32Fp4_BpreShuffle_192x256E,3075.87,1442.45,0.0
gfx950,256,8473,4096,1024,40,0,38.9479,_ZN5aiter41f4gemm_bf16_per1x32Fp4_BpreShuffle_96x512E,1824.92,1947.37,0.0
gfx950,256,8477,1280,4096,50,0,30.3436,_ZN5aiter42f4gemm_bf16_per1x32Fp4_BpreShuffle_192x256E,2929.38,1373.71,0.0
gfx950,256,8477,4096,1024,40,0,39.5468,_ZN5aiter41f4gemm_bf16_per1x32Fp4_BpreShuffle_96x512E,1798.13,1918.76,0.0
gfx950,256,8478,1280,4096,50,0,29.5532,_ZN5aiter42f4gemm_bf16_per1x32Fp4_BpreShuffle_192x256E,3008.08,1410.61,0.0
gfx950,256,8478,4096,1024,40,0,38.8673,_ZN5aiter41f4gemm_bf16_per1x32Fp4_BpreShuffle_96x512E,1829.78,1952.53,0.0
gfx950,256,8478,9216,4096,54,0,159.1987,_ZN5aiter42f4gemm_bf16_per1x32Fp4_BpreShuffle_256x256E,4020.56,1209.2,0.0
gfx950,256,8480,1280,4096,50,0,29.5876,_ZN5aiter42f4gemm_bf16_per1x32Fp4_BpreShuffle_192x256E,3005.29,1409.28,0.0
gfx950,256,8480,4096,1024,40,0,39.3561,_ZN5aiter41f4gemm_bf16_per1x32Fp4_BpreShuffle_96x512E,1807.48,1928.72,0.0
gfx950,256,8480,9216,4096,54,0,162.1099,_ZN5aiter42f4gemm_bf16_per1x32Fp4_BpreShuffle_256x256E,3949.29,1187.74,0.0
gfx950,256,8481,1280,4096,50,0,29.7888,_ZN5aiter42f4gemm_bf16_per1x32Fp4_BpreShuffle_192x256E,2985.34,1399.92,0.0
gfx950,256,8481,4096,1024,40,0,39.5837,_ZN5aiter41f4gemm_bf16_per1x32Fp4_BpreShuffle_96x512E,1797.3,1917.85,0.0
gfx950,256,8483,9216,4096,54,0,160.8971,_ZN5aiter42f4gemm_bf16_per1x32Fp4_BpreShuffle_256x256E,3980.46,1197.08,0.0
gfx950,256,8485,9216,4096,54,0,158.3256,_ZN5aiter42f4gemm_bf16_per1x32Fp4_BpreShuffle_256x256E,4046.07,1216.78,0.0
gfx950,256,8486,1280,4096,50,0,30.0748,_ZN5aiter42f4gemm_bf16_per1x32Fp4_BpreShuffle_192x256E,2958.69,1387.37,0.0
gfx950,256,8486,4096,1024,40,0,38.9316,_ZN5aiter41f4gemm_bf16_per1x32Fp4_BpreShuffle_96x512E,1828.48,1951.1,0.0
gfx950,256,8487,1280,4096,48,0,30.494,_ZN5aiter42f4gemm_bf16_per1x32Fp4_BpreShuffle_160x384E,2918.37,1368.45,0.0
gfx950,256,8487,4096,1024,40,0,39.0785,_ZN5aiter41f4gemm_bf16_per1x32Fp4_BpreShuffle_96x512E,1821.82,1943.98,0.0
gfx950,256,8488,9216,4096,54,0,157.0007,_ZN5aiter42f4gemm_bf16_per1x32Fp4_BpreShuffle_256x256E,4081.65,1227.44,0.0
gfx950,256,8489,1280,4096,50,0,29.8308,_ZN5aiter42f4gemm_bf16_per1x32Fp4_BpreShuffle_192x256E,2983.95,1399.18,0.0
gfx950,256,8489,4096,1024,40,0,39.6454,_ZN5aiter41f4gemm_bf16_per1x32Fp4_BpreShuffle_96x512E,1796.2,1916.63,0.0
gfx950,256,8496,9216,4096,54,0,159.0052,_ZN5aiter42f4gemm_bf16_per1x32Fp4_BpreShuffle_256x256E,4034.0,1212.99,0.0
gfx950,256,8499,1280,4096,50,0,30.1877,_ZN5aiter42f4gemm_bf16_per1x32Fp4_BpreShuffle_192x256E,2952.15,1384.17,0.0
gfx950,256,8499,4096,1024,40,0,39.2377,_ZN5aiter41f4gemm_bf16_per1x32Fp4_BpreShuffle_96x512E,1817.0,1938.76,0.0
gfx950,256,8502,9216,4096,54,0,161.0195,_ZN5aiter42f4gemm_bf16_per1x32Fp4_BpreShuffle_256x256E,3986.35,1198.58,0.0
gfx950,256,8503,1280,4096,50,0,30.6969,_ZN5aiter42f4gemm_bf16_per1x32Fp4_BpreShuffle_192x256E,2904.54,1361.81,0.0
gfx950,256,8503,4096,1024,40,0,39.6009,_ZN5aiter41f4gemm_bf16_per1x32Fp4_BpreShuffle_96x512E,1801.18,1921.86,0.0
gfx950,256,8503,9216,4096,54,0,158.6457,_ZN5aiter42f4gemm_bf16_per1x32Fp4_BpreShuffle_256x256E,4046.47,1216.65,0.0
gfx950,256,8505,9216,4096,54,0,159.9221,_ZN5aiter42f4gemm_bf16_per1x32Fp4_BpreShuffle_256x256E,4015.12,1207.19,0.0
gfx950,256,8510,1280,4096,50,0,30.1748,_ZN5aiter42f4gemm_bf16_per1x32Fp4_BpreShuffle_192x256E,2957.23,1386.44,0.0
gfx950,256,8510,4096,1024,40,0,40.1529,_ZN5aiter41f4gemm_bf16_per1x32Fp4_BpreShuffle_96x512E,1777.88,1896.95,0.0
gfx950,256,8513,9216,4096,54,0,158.3227,_ZN5aiter42f4gemm_bf16_per1x32Fp4_BpreShuffle_256x256E,4059.49,1220.42,0.0
gfx950,256,8514,1280,4096,50,0,29.924,_ZN5aiter42f4gemm_bf16_per1x32Fp4_BpreShuffle_192x256E,2983.42,1398.68,0.0
gfx950,256,8514,4096,1024,40,0,39.6462,_ZN5aiter41f4gemm_bf16_per1x32Fp4_BpreShuffle_96x512E,1801.45,1922.08,0.0
gfx950,256,8521,1280,4096,50,0,31.1932,_ZN5aiter42f4gemm_bf16_per1x32Fp4_BpreShuffle_192x256E,2864.38,1342.8,0.0
gfx950,256,8521,4096,1024,40,0,40.8573,_ZN5aiter41f4gemm_bf16_per1x32Fp4_BpreShuffle_96x512E,1749.49,1866.59,0.0
gfx950,256,8521,9216,4096,54,0,162.2599,_ZN5aiter42f4gemm_bf16_per1x32Fp4_BpreShuffle_256x256E,3964.71,1191.82,0.0
gfx950,256,8523,1280,4096,50,0,30.2956,_ZN5aiter42f4gemm_bf16_per1x32Fp4_BpreShuffle_192x256E,2949.94,1382.89,0.0
gfx950,256,8523,4096,1024,40,0,39.5933,_ZN5aiter41f4gemm_bf16_per1x32Fp4_BpreShuffle_96x512E,1805.76,1926.62,0.0
gfx950,256,8523,9216,4096,54,0,156.5327,_ZN5aiter42f4gemm_bf16_per1x32Fp4_BpreShuffle_256x256E,4110.74,1235.69,0.0
gfx950,256,8525,1280,4096,50,0,30.5085,_ZN5aiter42f4gemm_bf16_per1x32Fp4_BpreShuffle_192x256E,2930.04,1373.54,0.0
gfx950,256,8525,4096,1024,40,0,39.5725,_ZN5aiter41f4gemm_bf16_per1x32Fp4_BpreShuffle_96x512E,1807.14,1928.08,0.0
gfx950,256,8526,9216,4096,54,0,159.7935,_ZN5aiter42f4gemm_bf16_per1x32Fp4_BpreShuffle_256x256E,4028.27,1210.86,0.0
gfx950,256,8527,1280,4096,50,0,30.2561,_ZN5aiter42f4gemm_bf16_per1x32Fp4_BpreShuffle_192x256E,2955.18,1385.3,0.0
gfx950,256,8527,4096,1024,40,0,40.0469,_ZN5aiter41f4gemm_bf16_per1x32Fp4_BpreShuffle_96x512E,1786.15,1905.67,0.0
gfx950,256,8529,9216,4096,54,0,160.5404,_ZN5aiter42f4gemm_bf16_per1x32Fp4_BpreShuffle_256x256E,4010.94,1205.6,0.0
gfx950,256,8532,9216,4096,54,0,159.9231,_ZN5aiter42f4gemm_bf16_per1x32Fp4_BpreShuffle_256x256E,4027.84,1210.64,0.0
gfx950,256,8533,4608,4096,54,0,95.8326,_ZN5aiter42f4gemm_bf16_per1x32Fp4_BpreShuffle_256x256E,3361.17,1101.43,0.0
gfx950,256,8537,1280,4096,50,0,30.0436,_ZN5aiter42f4gemm_bf16_per1x32Fp4_BpreShuffle_192x256E,2979.57,1396.63,0.0
gfx950,256,8537,4096,1024,40,0,39.1201,_ZN5aiter41f4gemm_bf16_per1x32Fp4_BpreShuffle_96x512E,1830.61,1953.04,0.0
gfx950,256,8538,1280,4096,50,0,29.74,_ZN5aiter42f4gemm_bf16_per1x32Fp4_BpreShuffle_192x256E,3010.34,1411.05,0.0
gfx950,256,8538,4096,1024,40,0,39.2177,_ZN5aiter41f4gemm_bf16_per1x32Fp4_BpreShuffle_96x512E,1826.27,1948.4,0.0
gfx950,256,8541,1280,4096,50,0,31.4105,_ZN5aiter42f4gemm_bf16_per1x32Fp4_BpreShuffle_192x256E,2851.24,1336.44,0.0
gfx950,256,8541,4096,1024,40,0,39.5079,_ZN5aiter41f4gemm_bf16_per1x32Fp4_BpreShuffle_96x512E,1813.49,1934.75,0.0
gfx950,256,8543,4096,1024,40,0,40.5417,_ZN5aiter41f4gemm_bf16_per1x32Fp4_BpreShuffle_96x512E,1767.66,1885.85,0.0
gfx950,256,8547,1280,4096,50,0,30.5017,_ZN5aiter42f4gemm_bf16_per1x32Fp4_BpreShuffle_192x256E,2938.26,1377.17,0.0
gfx950,256,8547,4096,1024,40,0,38.8924,_ZN5aiter41f4gemm_bf16_per1x32Fp4_BpreShuffle_96x512E,1843.48,1966.71,0.0
gfx950,256,8548,9216,4096,54,0,162.4992,_ZN5aiter42f4gemm_bf16_per1x32Fp4_BpreShuffle_256x256E,3971.42,1193.47,0.0
gfx950,256,8549,1280,4096,50,0,30.5296,_ZN5aiter42f4gemm_bf16_per1x32Fp4_BpreShuffle_192x256E,2936.26,1376.21,0.0
gfx950,256,8549,4096,1024,40,0,39.9706,_ZN5aiter41f4gemm_bf16_per1x32Fp4_BpreShuffle_96x512E,1794.17,1914.1,0.0
gfx950,256,8554,1280,4096,50,0,29.6224,_ZN5aiter42f4gemm_bf16_per1x32Fp4_BpreShuffle_192x256E,3027.95,1419.14,0.0
gfx950,256,8554,4096,1024,40,0,40.6745,_ZN5aiter41f4gemm_bf16_per1x32Fp4_BpreShuffle_96x512E,1764.16,1882.04,0.0
gfx950,256,8555,1280,4096,50,0,29.6568,_ZN5aiter42f4gemm_bf16_per1x32Fp4_BpreShuffle_192x256E,3024.79,1417.65,0.0
gfx950,256,8555,4096,1024,40,0,40.1157,_ZN5aiter41f4gemm_bf16_per1x32Fp4_BpreShuffle_96x512E,1788.94,1908.48,0.0
gfx950,256,8561,1280,4096,50,0,30.9417,_ZN5aiter42f4gemm_bf16_per1x32Fp4_BpreShuffle_192x256E,2901.22,1359.67,0.0
gfx950,256,8561,4096,1024,40,0,39.9169,_ZN5aiter41f4gemm_bf16_per1x32Fp4_BpreShuffle_96x512E,1799.11,1919.29,0.0
gfx950,256,8562,9216,4096,54,0,158.4035,_ZN5aiter42f4gemm_bf16_per1x32Fp4_BpreShuffle_256x256E,4080.78,1226.14,0.0
gfx950,256,8563,9216,4096,54,0,157.294,_ZN5aiter42f4gemm_bf16_per1x32Fp4_BpreShuffle_256x256E,4110.04,1234.91,0.0
gfx950,256,8565,1280,4096,50,0,29.5936,_ZN5aiter42f4gemm_bf16_per1x32Fp4_BpreShuffle_192x256E,3034.8,1422.23,0.0
gfx950,256,8565,4096,1024,40,0,39.7457,_ZN5aiter41f4gemm_bf16_per1x32Fp4_BpreShuffle_96x512E,1807.7,1928.43,0.0
gfx950,256,8566,9216,4096,54,0,156.7764,_ZN5aiter42f4gemm_bf16_per1x32Fp4_BpreShuffle_256x256E,4125.06,1239.38,0.0
gfx950,256,8569,9216,4096,54,0,159.2313,_ZN5aiter42f4gemm_bf16_per1x32Fp4_BpreShuffle_256x256E,4062.88,1220.66,0.0
gfx950,256,8571,9216,4096,54,0,162.1383,_ZN5aiter42f4gemm_bf16_per1x32Fp4_BpreShuffle_256x256E,3990.97,1199.03,0.0
gfx950,256,8572,1280,4096,50,0,30.018,_ZN5aiter42f4gemm_bf16_per1x32Fp4_BpreShuffle_192x256E,2994.33,1403.2,0.0
gfx950,256,8572,4096,1024,40,0,39.9869,_ZN5aiter41f4gemm_bf16_per1x32Fp4_BpreShuffle_96x512E,1798.27,1918.32,0.0
gfx950,256,8573,9216,4096,54,0,157.8599,_ZN5aiter42f4gemm_bf16_per1x32Fp4_BpreShuffle_256x256E,4100.09,1231.78,0.0
gfx950,256,8574,1280,4096,50,0,30.2792,_ZN5aiter42f4gemm_bf16_per1x32Fp4_BpreShuffle_192x256E,2969.2,1391.4,0.0
gfx950,256,8574,4096,1024,40,0,39.6093,_ZN5aiter41f4gemm_bf16_per1x32Fp4_BpreShuffle_96x512E,1815.83,1937.05,0.0
gfx950,256,8574,9216,4096,45,0,160.5388,_ZN5aiter42f4gemm_bf16_per1x32Fp4_BpreShuffle_128x512E,4032.14,1211.36,0.0
gfx950,256,8575,1280,4096,50,0,29.069,_ZN5aiter42f4gemm_bf16_per1x32Fp4_BpreShuffle_192x256E,3093.17,1449.48,0.0
gfx950,256,8575,4096,1024,40,0,38.5559,_ZN5aiter41f4gemm_bf16_per1x32Fp4_BpreShuffle_96x512E,1865.66,1990.2,0.0
gfx950,256,8577,1280,4096,50,0,30.8913,_ZN5aiter42f4gemm_bf16_per1x32Fp4_BpreShuffle_192x256E,2911.38,1364.28,0.0
gfx950,256,8577,4096,1024,40,0,39.5391,_ZN5aiter41f4gemm_bf16_per1x32Fp4_BpreShuffle_96x512E,1819.69,1941.15,0.0
gfx950,256,8577,4608,4096,54,0,94.1822,_ZN5aiter42f4gemm_bf16_per1x32Fp4_BpreShuffle_256x256E,3437.71,1125.99,0.0
gfx950,256,8577,9216,4096,54,0,157.9974,_ZN5aiter42f4gemm_bf16_per1x32Fp4_BpreShuffle_256x256E,4098.43,1231.23,0.0
gfx950,256,8578,1280,4096,50,0,30.3409,_ZN5aiter42f4gemm_bf16_per1x32Fp4_BpreShuffle_192x256E,2964.54,1389.18,0.0
gfx950,256,8578,4096,1024,40,0,39.7246,_ZN5aiter41f4gemm_bf16_per1x32Fp4_BpreShuffle_96x512E,1811.41,1932.31,0.0
gfx950,256,8580,9216,4096,54,0,159.0362,_ZN5aiter42f4gemm_bf16_per1x32Fp4_BpreShuffle_256x256E,4073.09,1223.58,0.0
gfx950,256,8583,1280,4096,50,0,31.33,_ZN5aiter42f4gemm_bf16_per1x32Fp4_BpreShuffle_192x256E,2872.62,1346.06,0.0
gfx950,256,8583,4096,1024,40,0,39.4417,_ZN5aiter41f4gemm_bf16_per1x32Fp4_BpreShuffle_96x512E,1825.46,1947.27,0.0
gfx950,256,8588,1280,4096,50,0,29.928,_ZN5aiter42f4gemm_bf16_per1x32Fp4_BpreShuffle_192x256E,3008.95,1409.88,0.0
gfx950,256,8588,4096,1024,40,0,39.2587,_ZN5aiter41f4gemm_bf16_per1x32Fp4_BpreShuffle_96x512E,1835.04,1957.45,0.0
gfx950,256,8588,9216,4096,54,0,161.5248,_ZN5aiter42f4gemm_bf16_per1x32Fp4_BpreShuffle_256x256E,4014.07,1205.74,0.0
gfx950,256,8589,9216,4096,54,0,161.2886,_ZN5aiter42f4gemm_bf16_per1x32Fp4_BpreShuffle_256x256E,4020.42,1207.63,0.0
gfx950,256,8590,4096,1024,40,0,41.1065,_ZN5aiter41f4gemm_bf16_per1x32Fp4_BpreShuffle_96x512E,1752.96,1869.89,0.0
gfx950,256,8590,9216,4096,54,0,159.5795,_ZN5aiter42f4gemm_bf16_per1x32Fp4_BpreShuffle_256x256E,4063.95,1220.69,0.0
gfx950,256,8591,1280,4096,52,0,31.344,_ZN5aiter42f4gemm_bf16_per1x32Fp4_BpreShuffle_224x256E,2874.02,1346.63,0.0
gfx950,256,8591,4096,1024,40,0,39.5805,_ZN5aiter41f4gemm_bf16_per1x32Fp4_BpreShuffle_96x512E,1820.76,1942.2,0.0
gfx950,256,8592,1280,4096,50,0,31.4119,_ZN5aiter42f4gemm_bf16_per1x32Fp4_BpreShuffle_192x256E,2868.14,1343.87,0.0
gfx950,256,8592,4096,1024,40,0,38.6434,_ZN5aiter41f4gemm_bf16_per1x32Fp4_BpreShuffle_96x512E,1865.13,1989.52,0.0
gfx950,256,8594,1280,4096,50,0,30.3404,_ZN5aiter42f4gemm_bf16_per1x32Fp4_BpreShuffle_192x256E,2970.12,1391.63,0.0
gfx950,256,8594,4096,1024,40,0,39.5265,_ZN5aiter41f4gemm_bf16_per1x32Fp4_BpreShuffle_96x512E,1823.88,1945.51,0.0
gfx950,256,8595,1280,4096,50,0,31.0305,_ZN5aiter42f4gemm_bf16_per1x32Fp4_BpreShuffle_192x256E,2904.4,1360.83,0.0
gfx950,256,8595,4096,1024,40,0,39.316,_ZN5aiter41f4gemm_bf16_per1x32Fp4_BpreShuffle_96x512E,1833.86,1956.15,0.0
gfx950,256,8596,9216,4096,54,0,159.8013,_ZN5aiter42f4gemm_bf16_per1x32Fp4_BpreShuffle_256x256E,4061.15,1219.77,0.0
gfx950,256,8597,1280,4096,50,0,29.4749,_ZN5aiter42f4gemm_bf16_per1x32Fp4_BpreShuffle_192x256E,3058.4,1432.96,0.0
gfx950,256,8597,4096,1024,40,0,39.2114,_ZN5aiter41f4gemm_bf16_per1x32Fp4_BpreShuffle_96x512E,1839.18,1961.81,0.0
gfx950,256,8598,1280,4096,50,0,30.57,_ZN5aiter42f4gemm_bf16_per1x32Fp4_BpreShuffle_192x256E,2949.18,1381.78,0.0
gfx950,256,8598,4096,1024,40,0,40.2785,_ZN5aiter41f4gemm_bf16_per1x32Fp4_BpreShuffle_96x512E,1790.66,1910.05,0.0
gfx950,256,8601,1280,4096,50,0,29.3823,_ZN5aiter42f4gemm_bf16_per1x32Fp4_BpreShuffle_192x256E,3069.47,1438.11,0.0
gfx950,256,8601,2304,4096,47,0,53.8122,_ZN5aiter42f4gemm_bf16_per1x32Fp4_BpreShuffle_160x256E,3016.76,1151.54,0.0
gfx950,256,8601,4096,1024,40,0,40.0929,_ZN5aiter41f4gemm_bf16_per1x32Fp4_BpreShuffle_96x512E,1799.58,1919.55,0.0
gfx950,256,8601,4096,2048,44,0,58.0827,_ZN5aiter42f4gemm_bf16_per1x32Fp4_BpreShuffle_128x384E,2484.4,1436.94,0.0
gfx950,256,8602,1280,4096,50,0,30.7168,_ZN5aiter42f4gemm_bf16_per1x32Fp4_BpreShuffle_192x256E,2936.46,1375.78,0.0
gfx950,256,8602,4096,1024,40,0,40.2917,_ZN5aiter41f4gemm_bf16_per1x32Fp4_BpreShuffle_96x512E,1790.91,1910.29,0.0
gfx950,256,8602,9216,4096,54,0,158.6546,_ZN5aiter42f4gemm_bf16_per1x32Fp4_BpreShuffle_256x256E,4093.35,1229.36,0.0
gfx950,256,8605,9216,4096,54,0,162.5288,_ZN5aiter42f4gemm_bf16_per1x32Fp4_BpreShuffle_256x256E,3997.17,1200.43,0.0
gfx950,256,8609,1280,4096,52,0,32.2089,_ZN5aiter42f4gemm_bf16_per1x32Fp4_BpreShuffle_224x256E,2802.7,1313.04,0.0
gfx950,256,8609,4096,1024,40,0,39.9029,_ZN5aiter41f4gemm_bf16_per1x32Fp4_BpreShuffle_96x512E,1809.83,1930.43,0.0
gfx950,256,8610,1280,4096,50,0,30.5434,_ZN5aiter42f4gemm_bf16_per1x32Fp4_BpreShuffle_192x256E,2955.87,1384.79,0.0
gfx950,256,8610,4096,1024,40,0,40.6713,_ZN5aiter41f4gemm_bf16_per1x32Fp4_BpreShuffle_96x512E,1775.84,1894.18,0.0
gfx950,256,8610,9216,4096,54,0,160.0223,_ZN5aiter42f4gemm_bf16_per1x32Fp4_BpreShuffle_256x256E,4062.14,1219.87,0.0
gfx950,256,8613,1280,4096,50,0,31.0525,_ZN5aiter42f4gemm_bf16_per1x32Fp4_BpreShuffle_192x256E,2908.42,1362.54,0.0
gfx950,256,8613,4096,1024,40,0,39.4199,_ZN5aiter41f4gemm_bf16_per1x32Fp4_BpreShuffle_96x512E,1832.86,1954.97,0.0
gfx950,256,8614,9216,4096,54,0,161.7725,_ZN5aiter42f4gemm_bf16_per1x32Fp4_BpreShuffle_256x256E,4020.06,1207.18,0.0
gfx950,256,8619,1280,4096,50,0,31.0284,_ZN5aiter42f4gemm_bf16_per1x32Fp4_BpreShuffle_192x256E,2912.71,1364.49,0.0
gfx950,256,8619,4096,1024,40,0,40.1609,_ZN5aiter41f4gemm_bf16_per1x32Fp4_BpreShuffle_96x512E,1800.29,1920.2,0.0
gfx950,256,8620,9216,4096,54,0,162.6474,_ZN5aiter42f4gemm_bf16_per1x32Fp4_BpreShuffle_256x256E,4001.22,1201.45,0.0
gfx950,256,8621,1280,4096,50,0,30.8044,_ZN5aiter42f4gemm_bf16_per1x32Fp4_BpreShuffle_192x256E,2934.57,1374.71,0.0
gfx950,256,8621,4096,1024,40,0,39.3427,_ZN5aiter41f4gemm_bf16_per1x32Fp4_BpreShuffle_96x512E,1838.16,1960.58,0.0
gfx950,256,8625,9216,4096,54,0,159.91,_ZN5aiter42f4gemm_bf16_per1x32Fp4_BpreShuffle_256x256E,4072.08,1222.65,0.0
gfx950,256,8626,9216,4096,54,0,160.2111,_ZN5aiter42f4gemm_bf16_per1x32Fp4_BpreShuffle_256x256E,4064.89,1220.48,0.0
gfx950,256,8631,9216,4096,54,0,158.6355,_ZN5aiter42f4gemm_bf16_per1x32Fp4_BpreShuffle_256x256E,4107.65,1233.25,0.0
gfx950,256,8633,1280,4096,50,0,29.9926,_ZN5aiter42f4gemm_bf16_per1x32Fp4_BpreShuffle_192x256E,3018.2,1413.76,0.0
gfx950,256,8633,4096,1024,40,0,39.6148,_ZN5aiter41f4gemm_bf16_per1x32Fp4_BpreShuffle_96x512E,1828.08,1949.75,0.0
gfx950,256,8633,9216,4096,54,0,160.9272,_ZN5aiter42f4gemm_bf16_per1x32Fp4_BpreShuffle_256x256E,4050.09,1215.94,0.0
gfx950,256,8634,1280,4096,50,0,30.4377,_ZN5aiter42f4gemm_bf16_per1x32Fp4_BpreShuffle_192x256E,2974.41,1393.24,0.0
gfx950,256,8634,4096,1024,40,0,39.4529,_ZN5aiter41f4gemm_bf16_per1x32Fp4_BpreShuffle_96x512E,1835.79,1957.97,0.0
gfx950,256,8635,9216,4096,54,0,158.9463,_ZN5aiter42f4gemm_bf16_per1x32Fp4_BpreShuffle_256x256E,4101.52,1231.35,0.0
gfx950,256,8636,9216,4096,54,0,159.1691,_ZN5aiter42f4gemm_bf16_per1x32Fp4_BpreShuffle_256x256E,4096.25,1229.76,0.0
gfx950,256,8638,4096,1024,40,0,40.2002,_ZN5aiter41f4gemm_bf16_per1x32Fp4_BpreShuffle_96x512E,1802.5,1922.44,0.0
gfx950,256,8641,1280,4096,52,0,31.6473,_ZN5aiter42f4gemm_bf16_per1x32Fp4_BpreShuffle_224x256E,2863.04,1341.0,0.0
gfx950,256,8641,4096,1024,40,0,40.8281,_ZN5aiter41f4gemm_bf16_per1x32Fp4_BpreShuffle_96x512E,1775.39,1893.51,0.0
gfx950,256,8641,9216,4096,54,0,159.8267,_ZN5aiter42f4gemm_bf16_per1x32Fp4_BpreShuffle_256x256E,4081.76,1225.34,0.0
gfx950,256,8642,9216,4096,54,0,157.1591,_ZN5aiter42f4gemm_bf16_per1x32Fp4_BpreShuffle_256x256E,4151.52,1246.27,0.0
gfx950,256,8644,9216,4096,54,0,157.0107,_ZN5aiter42f4gemm_bf16_per1x32Fp4_BpreShuffle_256x256E,4156.41,1247.71,0.0
gfx950,256,8646,1280,4096,52,0,31.032,_ZN5aiter42f4gemm_bf16_per1x32Fp4_BpreShuffle_224x256E,2921.5,1368.34,0.0
gfx950,256,8646,4096,1024,40,0,39.3943,_ZN5aiter41f4gemm_bf16_per1x32Fp4_BpreShuffle_96x512E,1841.08,1963.53,0.0
gfx950,256,8646,9216,4096,54,0,162.7003,_ZN5aiter42f4gemm_bf16_per1x32Fp4_BpreShuffle_256x256E,4011.98,1204.33,0.0
gfx950,256,8647,1280,4096,50,0,30.0348,_ZN5aiter42f4gemm_bf16_per1x32Fp4_BpreShuffle_192x256E,3018.84,1413.92,0.0
gfx950,256,8647,4096,1024,40,0,39.5197,_ZN5aiter41f4gemm_bf16_per1x32Fp4_BpreShuffle_96x512E,1835.45,1957.52,0.0
gfx950,256,8648,1280,4096,50,0,30.2624,_ZN5aiter42f4gemm_bf16_per1x32Fp4_BpreShuffle_192x256E,2996.49,1403.44,0.0
gfx950,256,8648,4096,1024,40,0,39.6727,_ZN5aiter41f4gemm_bf16_per1x32Fp4_BpreShuffle_96x512E,1828.58,1950.19,0.0
gfx950,256,8649,1280,4096,50,0,31.4064,_ZN5aiter42f4gemm_bf16_per1x32Fp4_BpreShuffle_192x256E,2887.67,1352.46,0.0
gfx950,256,8649,4096,1024,40,0,40.2347,_ZN5aiter41f4gemm_bf16_per1x32Fp4_BpreShuffle_96x512E,1803.25,1923.17,0.0
gfx950,256,8650,1280,4096,52,0,31.5269,_ZN5aiter42f4gemm_bf16_per1x32Fp4_BpreShuffle_224x256E,2876.97,1347.44,0.0
gfx950,256,8650,4096,1024,40,0,39.8377,_ZN5aiter41f4gemm_bf16_per1x32Fp4_BpreShuffle_96x512E,1821.43,1942.55,0.0
gfx950,256,8651,9216,4096,54,0,159.8169,_ZN5aiter42f4gemm_bf16_per1x32Fp4_BpreShuffle_256x256E,4086.73,1226.7,0.0
gfx950,256,8656,9216,4096,54,0,161.8495,_ZN5aiter42f4gemm_bf16_per1x32Fp4_BpreShuffle_256x256E,4037.74,1211.92,0.0
gfx950,256,8661,1280,4096,50,0,31.4288,_ZN5aiter42f4gemm_bf16_per1x32Fp4_BpreShuffle_192x256E,2889.62,1353.26,0.0
gfx950,256,8661,4096,1024,40,0,40.5945,_ZN5aiter41f4gemm_bf16_per1x32Fp4_BpreShuffle_96x512E,1789.74,1908.69,0.0
gfx950,256,8662,1280,4096,50,0,29.9204,_ZN5aiter42f4gemm_bf16_per1x32Fp4_BpreShuffle_192x256E,3035.64,1421.64,0.0
gfx950,256,8662,4096,1024,40,0,39.6721,_ZN5aiter41f4gemm_bf16_per1x32Fp4_BpreShuffle_96x512E,1831.57,1953.29,0.0
gfx950,256,8663,1280,4096,50,0,30.0352,_ZN5aiter42f4gemm_bf16_per1x32Fp4_BpreShuffle_192x256E,3024.39,1416.36,0.0
gfx950,256,8663,4096,1024,40,0,39.8597,_ZN5aiter41f4gemm_bf16_per1x32Fp4_BpreShuffle_96x512E,1823.16,1944.32,0.0
gfx950,256,8663,9216,4096,54,0,163.359,_ZN5aiter42f4gemm_bf16_per1x32Fp4_BpreShuffle_256x256E,4003.66,1201.6,0.0
gfx950,256,8664,1280,4096,50,0,31.2972,_ZN5aiter42f4gemm_bf16_per1x32Fp4_BpreShuffle_192x256E,2902.77,1359.39,0.0
gfx950,256,8664,4096,1024,40,0,40.2352,_ZN5aiter41f4gemm_bf16_per1x32Fp4_BpreShuffle_96x512E,1806.35,1926.39,0.0
gfx950,256,8666,1280,4096,50,0,30.3104,_ZN5aiter42f4gemm_bf16_per1x32Fp4_BpreShuffle_192x256E,2997.97,1403.95,0.0
gfx950,256,8666,4096,1024,40,0,39.7913,_ZN5aiter41f4gemm_bf16_per1x32Fp4_BpreShuffle_96x512E,1826.92,1948.32,0.0
gfx950,256,8667,9216,4096,54,0,157.5611,_ZN5aiter42f4gemm_bf16_per1x32Fp4_BpreShuffle_256x256E,4152.91,1246.34,0.0
gfx950,256,8668,4096,1024,40,0,40.5805,_ZN5aiter41f4gemm_bf16_per1x32Fp4_BpreShuffle_96x512E,1791.81,1910.85,0.0
gfx950,256,8668,9216,4096,54,0,160.5595,_ZN5aiter42f4gemm_bf16_per1x32Fp4_BpreShuffle_256x256E,4075.82,1223.19,0.0
gfx950,256,8669,9216,4096,54,0,161.2444,_ZN5aiter42f4gemm_bf16_per1x32Fp4_BpreShuffle_256x256E,4058.98,1218.12,0.0
gfx950,256,8671,9216,4096,54,0,160.8771,_ZN5aiter42f4gemm_bf16_per1x32Fp4_BpreShuffle_256x256E,4069.18,1221.16,0.0
gfx950,256,8672,9216,4096,54,0,160.218,_ZN5aiter42f4gemm_bf16_per1x32Fp4_BpreShuffle_256x256E,4086.4,1226.31,0.0
gfx950,256,8673,1280,4096,50,0,29.5531,_ZN5aiter42f4gemm_bf16_per1x32Fp4_BpreShuffle_192x256E,3077.27,1441.02,0.0
gfx950,256,8673,4096,1024,40,0,39.9233,_ZN5aiter41f4gemm_bf16_per1x32Fp4_BpreShuffle_96x512E,1822.35,1943.4,0.0
gfx950,256,8674,1280,4096,50,0,31.0852,_ZN5aiter42f4gemm_bf16_per1x32Fp4_BpreShuffle_192x256E,2925.94,1370.15,0.0
gfx950,256,8674,4096,1024,40,0,39.4999,_ZN5aiter41f4gemm_bf16_per1x32Fp4_BpreShuffle_96x512E,1842.1,1964.45,0.0
gfx950,256,8675,9216,4096,54,0,158.5491,_ZN5aiter42f4gemm_bf16_per1x32Fp4_BpreShuffle_256x256E,4130.84,1239.61,0.0
gfx950,256,8676,9216,4096,54,0,158.2936,_ZN5aiter42f4gemm_bf16_per1x32Fp4_BpreShuffle_256x256E,4137.98,1241.74,0.0
gfx950,256,8678,1280,4096,50,0,31.1696,_ZN5aiter42f4gemm_bf16_per1x32Fp4_BpreShuffle_192x256E,2919.36,1367.03,0.0
gfx950,256,8678,4096,1024,40,0,39.8946,_ZN5aiter41f4gemm_bf16_per1x32Fp4_BpreShuffle_96x512E,1824.72,1945.89,0.0
gfx950,256,8678,9216,4096,54,0,161.9023,_ZN5aiter42f4gemm_bf16_per1x32Fp4_BpreShuffle_256x256E,4046.68,1214.31,0.0
gfx950,256,8679,9216,4096,54,0,157.7459,_ZN5aiter42f4gemm_bf16_per1x32Fp4_BpreShuffle_256x256E,4153.79,1246.44,0.0
gfx950,256,8682,9216,4096,54,0,159.8111,_ZN5aiter42f4gemm_bf16_per1x32Fp4_BpreShuffle_256x256E,4101.52,1230.71,0.0
gfx950,256,8684,1280,4096,50,0,31.6688,_ZN5aiter42f4gemm_bf16_per1x32Fp4_BpreShuffle_192x256E,2875.33,1346.35,0.0
gfx950,256,8684,4096,1024,40,0,41.0253,_ZN5aiter41f4gemm_bf16_per1x32Fp4_BpreShuffle_96x512E,1775.65,1893.53,0.0
gfx950,256,8685,1280,4096,50,0,29.9003,_ZN5aiter42f4gemm_bf16_per1x32Fp4_BpreShuffle_192x256E,3045.75,1426.14,0.0
gfx950,256,8685,4096,1024,40,0,40.5229,_ZN5aiter41f4gemm_bf16_per1x32Fp4_BpreShuffle_96x512E,1797.87,1917.22,0.0
gfx950,256,8686,9216,4096,54,0,160.1923,_ZN5aiter42f4gemm_bf16_per1x32Fp4_BpreShuffle_256x256E,4093.65,1228.3,0.0
gfx950,256,8688,1280,4096,52,0,31.7222,_ZN5aiter42f4gemm_bf16_per1x32Fp4_BpreShuffle_224x256E,2871.81,1344.67,0.0
gfx950,256,8688,4096,1024,40,0,40.7805,_ZN5aiter41f4gemm_bf16_per1x32Fp4_BpreShuffle_96x512E,1787.13,1905.75,0.0
gfx950,256,8688,9216,4096,54,0,161.8443,_ZN5aiter42f4gemm_bf16_per1x32Fp4_BpreShuffle_256x256E,4052.8,1216.01,0.0
gfx950,256,8689,9216,4096,54,0,162.1199,_ZN5aiter42f4gemm_bf16_per1x32Fp4_BpreShuffle_256x256E,4046.37,1214.07,0.0
gfx950,256,8690,9216,4096,54,0,161.3335,_ZN5aiter42f4gemm_bf16_per1x32Fp4_BpreShuffle_256x256E,4066.56,1220.12,0.0
gfx950,256,8693,9216,4096,54,0,159.7147,_ZN5aiter42f4gemm_bf16_per1x32Fp4_BpreShuffle_256x256E,4109.2,1232.87,0.0
gfx950,256,8694,1280,4096,50,0,29.9364,_ZN5aiter42f4gemm_bf16_per1x32Fp4_BpreShuffle_192x256E,3045.23,1425.8,0.0
gfx950,256,8694,4096,1024,40,0,39.3799,_ZN5aiter41f4gemm_bf16_per1x32Fp4_BpreShuffle_96x512E,1851.97,1974.86,0.0
gfx950,256,8697,1280,4096,50,0,29.5664,_ZN5aiter42f4gemm_bf16_per1x32Fp4_BpreShuffle_192x256E,3084.4,1444.11,0.0
gfx950,256,8697,4096,1024,40,0,40.051,_ZN5aiter41f4gemm_bf16_per1x32Fp4_BpreShuffle_96x512E,1821.57,1942.42,0.0
gfx950,256,8698,1280,4096,50,0,31.2916,_ZN5aiter42f4gemm_bf16_per1x32Fp4_BpreShuffle_192x256E,2914.68,1364.64,0.0
gfx950,256,8698,4096,1024,40,0,40.1512,_ZN5aiter41f4gemm_bf16_per1x32Fp4_BpreShuffle_96x512E,1817.23,1937.79,0.0
gfx950,256,8699,1280,4096,50,0,29.9005,_ZN5aiter42f4gemm_bf16_per1x32Fp4_BpreShuffle_192x256E,3050.64,1428.28,0.0
gfx950,256,8699,4096,1024,40,0,39.4497,_ZN5aiter41f4gemm_bf16_per1x32Fp4_BpreShuffle_96x512E,1849.76,1972.47,0.0
gfx950,256,8699,9216,4096,54,0,161.9779,_ZN5aiter42f4gemm_bf16_per1x32Fp4_BpreShuffle_256x256E,4054.58,1216.4,0.0
gfx950,256,8701,1280,4096,48,0,31.4902,_ZN5aiter42f4gemm_bf16_per1x32Fp4_BpreShuffle_160x384E,2897.3,1356.47,0.0
gfx950,256,8701,4096,1024,40,0,39.5417,_ZN5aiter41f4gemm_bf16_per1x32Fp4_BpreShuffle_96x512E,1845.88,1968.32,0.0
gfx950,256,8705,1280,4096,50,0,31.7248,_ZN5aiter42f4gemm_bf16_per1x32Fp4_BpreShuffle_192x256E,2877.2,1347.02,0.0
gfx950,256,8705,4096,1024,40,0,39.9229,_ZN5aiter41f4gemm_bf16_per1x32Fp4_BpreShuffle_96x512E,1829.1,1950.4,0.0
gfx950,256,8705,9216,4096,54,0,161.8311,_ZN5aiter42f4gemm_bf16_per1x32Fp4_BpreShuffle_256x256E,4061.06,1218.26,0.0
gfx950,256,8706,1280,4096,50,0,30.4429,_ZN5aiter42f4gemm_bf16_per1x32Fp4_BpreShuffle_192x256E,2998.7,1403.9,0.0
gfx950,256,8706,4096,1024,40,0,39.5913,_ZN5aiter41f4gemm_bf16_per1x32Fp4_BpreShuffle_96x512E,1844.63,1966.95,0.0
gfx950,256,8707,9216,4096,54,0,162.092,_ZN5aiter42f4gemm_bf16_per1x32Fp4_BpreShuffle_256x256E,4055.45,1216.55,0.0
gfx950,256,8708,1280,4096,50,0,30.4368,_ZN5aiter42f4gemm_bf16_per1x32Fp4_BpreShuffle_192x256E,2999.99,1404.48,0.0
gfx950,256,8708,4096,1024,40,0,40.4648,_ZN5aiter41f4gemm_bf16_per1x32Fp4_BpreShuffle_96x512E,1805.22,1924.92,0.0
gfx950,256,8709,1280,4096,50,0,31.7149,_ZN5aiter42f4gemm_bf16_per1x32Fp4_BpreShuffle_192x256E,2879.42,1348.03,0.0
gfx950,256,8709,4096,1024,40,0,38.857,_ZN5aiter41f4gemm_bf16_per1x32Fp4_BpreShuffle_96x512E,1880.13,2004.79,0.0
gfx950,256,8710,9216,4096,54,0,163.3418,_ZN5aiter42f4gemm_bf16_per1x32Fp4_BpreShuffle_256x256E,4025.81,1207.62,0.0
gfx950,256,8711,9216,4096,54,0,159.6175,_ZN5aiter42f4gemm_bf16_per1x32Fp4_BpreShuffle_256x256E,4120.22,1235.93,0.0
gfx950,256,8713,1280,4096,50,0,29.4144,_ZN5aiter42f4gemm_bf16_per1x32Fp4_BpreShuffle_192x256E,3106.04,1454.08,0.0
gfx950,256,8713,4096,1024,40,0,39.2122,_ZN5aiter41f4gemm_bf16_per1x32Fp4_BpreShuffle_96x512E,1863.96,1987.52,0.0
gfx950,256,8714,1280,4096,50,0,31.3661,_ZN5aiter42f4gemm_bf16_per1x32Fp4_BpreShuffle_192x256E,2913.11,1363.75,0.0
gfx950,256,8714,4096,1024,40,0,40.1301,_ZN5aiter41f4gemm_bf16_per1x32Fp4_BpreShuffle_96x512E,1821.53,1942.28,0.0
gfx950,256,8717,9216,4096,54,0,164.9687,_ZN5aiter42f4gemm_bf16_per1x32Fp4_BpreShuffle_256x256E,3989.31,1196.58,0.0
gfx950,256,8719,9216,4096,54,0,162.0666,_ZN5aiter42f4gemm_bf16_per1x32Fp4_BpreShuffle_256x256E,4061.68,1218.26,0.0
gfx950,256,8723,1280,4096,50,0,30.2172,_ZN5aiter42f4gemm_bf16_per1x32Fp4_BpreShuffle_192x256E,3026.99,1416.98,0.0
gfx950,256,8723,4096,1024,40,0,39.6731,_ZN5aiter41f4gemm_bf16_per1x32Fp4_BpreShuffle_96x512E,1844.42,1966.63,0.0
gfx950,256,8724,9216,4096,54,0,162.5127,_ZN5aiter42f4gemm_bf16_per1x32Fp4_BpreShuffle_256x256E,4052.85,1215.55,0.0
gfx950,256,8725,1280,4096,50,0,29.6256,_ZN5aiter42f4gemm_bf16_per1x32Fp4_BpreShuffle_192x256E,3088.15,1445.58,0.0
gfx950,256,8725,4096,1024,40,0,39.2309,_ZN5aiter41f4gemm_bf16_per1x32Fp4_BpreShuffle_96x512E,1865.64,1989.24,0.0
gfx950,256,8727,1280,4096,50,0,29.4679,_ZN5aiter42f4gemm_bf16_per1x32Fp4_BpreShuffle_192x256E,3105.39,1453.63,0.0
gfx950,256,8727,4096,1024,40,0,40.4729,_ZN5aiter41f4gemm_bf16_per1x32Fp4_BpreShuffle_96x512E,1808.8,1928.62,0.0
gfx950,256,8728,1280,4096,50,0,29.6604,_ZN5aiter42f4gemm_bf16_per1x32Fp4_BpreShuffle_192x256E,3085.59,1444.35,0.0
gfx950,256,8728,4096,1024,40,0,40.8597,_ZN5aiter41f4gemm_bf16_per1x32Fp4_BpreShuffle_96x512E,1791.88,1910.58,0.0
gfx950,256,8729,1280,4096,50,0,30.6881,_ZN5aiter42f4gemm_bf16_per1x32Fp4_BpreShuffle_192x256E,2982.6,1396.13,0.0
gfx950,256,8729,4096,1024,40,0,40.0446,_ZN5aiter41f4gemm_bf16_per1x32Fp4_BpreShuffle_96x512E,1828.57,1949.69,0.0
gfx950,256,8731,9216,4096,54,0,162.1815,_ZN5aiter42f4gemm_bf16_per1x32Fp4_BpreShuffle_256x256E,4064.39,1218.91,0.0
gfx950,256,8732,9216,4096,54,0,159.7831,_ZN5aiter42f4gemm_bf16_per1x32Fp4_BpreShuffle_256x256E,4125.87,1237.34,0.0
gfx950,256,8733,9216,4096,54,0,163.0552,_ZN5aiter42f4gemm_bf16_per1x32Fp4_BpreShuffle_256x256E,4043.54,1212.63,0.0
gfx950,256,8737,9216,4096,54,0,164.509,_ZN5aiter42f4gemm_bf16_per1x32Fp4_BpreShuffle_256x256E,4009.64,1202.42,0.0
gfx950,256,8739,1280,4096,50,0,29.6412,_ZN5aiter42f4gemm_bf16_per1x32Fp4_BpreShuffle_192x256E,3091.48,1447.0,0.0
gfx950,256,8739,4096,1024,40,0,39.8624,_ZN5aiter41f4gemm_bf16_per1x32Fp4_BpreShuffle_96x512E,1839.03,1960.78,0.0
gfx950,256,8740,1280,4096,50,0,30.586,_ZN5aiter42f4gemm_bf16_per1x32Fp4_BpreShuffle_192x256E,2996.32,1402.45,0.0
gfx950,256,8740,2304,4096,47,0,55.8931,_ZN5aiter42f4gemm_bf16_per1x32Fp4_BpreShuffle_160x256E,2951.38,1125.22,0.0
gfx950,256,8740,4096,1024,40,0,41.1929,_ZN5aiter41f4gemm_bf16_per1x32Fp4_BpreShuffle_96x512E,1779.83,1897.66,0.0
gfx950,256,8740,4096,2048,40,0,57.9983,_ZN5aiter41f4gemm_bf16_per1x32Fp4_BpreShuffle_96x512E,2528.23,1461.11,0.0
gfx950,256,8740,9216,4096,54,0,162.611,_ZN5aiter42f4gemm_bf16_per1x32Fp4_BpreShuffle_256x256E,4057.83,1216.83,0.0
gfx950,256,8742,9216,4096,54,0,162.0504,_ZN5aiter42f4gemm_bf16_per1x32Fp4_BpreShuffle_256x256E,4072.8,1221.29,0.0
gfx950,256,8743,9216,4096,54,0,162.3327,_ZN5aiter42f4gemm_bf16_per1x32Fp4_BpreShuffle_256x256E,4066.18,1219.29,0.0
gfx950,256,8746,1280,4096,50,0,30.8557,_ZN5aiter42f4gemm_bf16_per1x32Fp4_BpreShuffle_192x256E,2972.17,1391.09,0.0
gfx950,256,8746,4096,1024,40,0,40.5929,_ZN5aiter41f4gemm_bf16_per1x32Fp4_BpreShuffle_96x512E,1807.38,1927.0,0.0
gfx950,256,8748,9216,4096,54,0,163.0171,_ZN5aiter42f4gemm_bf16_per1x32Fp4_BpreShuffle_256x256E,4051.43,1214.8,0.0
gfx950,256,8749,1280,4096,50,0,31.0872,_ZN5aiter42f4gemm_bf16_per1x32Fp4_BpreShuffle_192x256E,2951.05,1381.17,0.0
gfx950,256,8749,4096,1024,40,0,39.2453,_ZN5aiter41f4gemm_bf16_per1x32Fp4_BpreShuffle_96x512E,1870.08,1993.83,0.0
gfx950,256,8753,9216,4096,54,0,163.0895,_ZN5aiter42f4gemm_bf16_per1x32Fp4_BpreShuffle_256x256E,4051.94,1214.89,0.0
gfx950,256,8755,1280,4096,50,0,30.6413,_ZN5aiter42f4gemm_bf16_per1x32Fp4_BpreShuffle_192x256E,2996.05,1402.18,0.0
gfx950,256,8755,4096,1024,40,0,39.2091,_ZN5aiter41f4gemm_bf16_per1x32Fp4_BpreShuffle_96x512E,1873.09,1997.0,0.0
gfx950,256,8756,9216,4096,54,0,160.4481,_ZN5aiter42f4gemm_bf16_per1x32Fp4_BpreShuffle_256x256E,4120.06,1235.27,0.0
gfx950,256,8758,9216,4096,54,0,161.5111,_ZN5aiter42f4gemm_bf16_per1x32Fp4_BpreShuffle_256x256E,4093.88,1227.4,0.0
gfx950,256,8760,9216,4096,54,0,159.4764,_ZN5aiter42f4gemm_bf16_per1x32Fp4_BpreShuffle_256x256E,4147.06,1243.31,0.0
gfx950,256,8763,1280,4096,50,0,31.5725,_ZN5aiter42f4gemm_bf16_per1x32Fp4_BpreShuffle_192x256E,2910.34,1361.99,0.0
gfx950,256,8763,4096,1024,40,0,39.6421,_ZN5aiter41f4gemm_bf16_per1x32Fp4_BpreShuffle_96x512E,1854.33,1976.95,0.0
gfx950,256,8763,9216,4096,54,0,161.7035,_ZN5aiter42f4gemm_bf16_per1x32Fp4_BpreShuffle_256x256E,4091.34,1226.57,0.0
gfx950,256,8764,1280,4096,50,0,30.0064,_ZN5aiter42f4gemm_bf16_per1x32Fp4_BpreShuffle_192x256E,3062.59,1433.23,0.0
gfx950,256,8764,4096,1024,40,0,40.9339,_ZN5aiter41f4gemm_bf16_per1x32Fp4_BpreShuffle_96x512E,1796.01,1914.77,0.0
gfx950,256,8765,1280,4096,50,0,31.3837,_ZN5aiter42f4gemm_bf16_per1x32Fp4_BpreShuffle_192x256E,2928.52,1370.47,0.0
gfx950,256,8765,4096,1024,40,0,40.7585,_ZN5aiter41f4gemm_bf16_per1x32Fp4_BpreShuffle_96x512E,1803.95,1923.22,0.0
gfx950,256,8765,9216,4096,54,0,163.6068,_ZN5aiter42f4gemm_bf16_per1x32Fp4_BpreShuffle_256x256E,4044.67,1212.55,0.0
gfx950,256,8766,9216,4096,54,0,158.9167,_ZN5aiter42f4gemm_bf16_per1x32Fp4_BpreShuffle_256x256E,4164.51,1248.47,0.0
gfx950,256,8767,1280,4096,50,0,30.3784,_ZN5aiter42f4gemm_bf16_per1x32Fp4_BpreShuffle_192x256E,3026.12,1416.13,0.0
gfx950,256,8767,4096,1024,40,0,41.1771,_ZN5aiter41f4gemm_bf16_per1x32Fp4_BpreShuffle_96x512E,1786.02,1904.1,0.0
gfx950,256,8769,1280,4096,50,0,29.5676,_ZN5aiter42f4gemm_bf16_per1x32Fp4_BpreShuffle_192x256E,3109.81,1455.28,0.0
gfx950,256,8769,4096,1024,40,0,40.1701,_ZN5aiter41f4gemm_bf16_per1x32Fp4_BpreShuffle_96x512E,1831.21,1952.26,0.0
gfx950,256,8771,1280,4096,50,0,29.9568,_ZN5aiter42f4gemm_bf16_per1x32Fp4_BpreShuffle_192x256E,3070.11,1436.68,0.0
gfx950,256,8771,4096,1024,40,0,40.1069,_ZN5aiter41f4gemm_bf16_per1x32Fp4_BpreShuffle_96x512E,1834.51,1955.77,0.0
gfx950,256,8773,1280,4096,50,0,29.203,_ZN5aiter42f4gemm_bf16_per1x32Fp4_BpreShuffle_192x256E,3150.07,1474.08,0.0
gfx950,256,8773,4096,1024,40,0,40.7409,_ZN5aiter41f4gemm_bf16_per1x32Fp4_BpreShuffle_96x512E,1806.37,1925.76,0.0
gfx950,256,8776,1280,4096,50,0,30.4956,_ZN5aiter42f4gemm_bf16_per1x32Fp4_BpreShuffle_192x256E,3017.58,1412.05,0.0
gfx950,256,8776,4096,1024,40,0,40.2189,_ZN5aiter41f4gemm_bf16_per1x32Fp4_BpreShuffle_96x512E,1830.44,1951.41,0.0
gfx950,256,8776,9216,4096,54,0,161.7229,_ZN5aiter42f4gemm_bf16_per1x32Fp4_BpreShuffle_256x256E,4096.92,1228.07,0.0
gfx950,256,8778,1280,4096,50,0,30.5217,_ZN5aiter42f4gemm_bf16_per1x32Fp4_BpreShuffle_192x256E,3015.69,1411.14,0.0
gfx950,256,8778,4096,1024,40,0,39.4329,_ZN5aiter41f4gemm_bf16_per1x32Fp4_BpreShuffle_96x512E,1867.35,1990.75,0.0
gfx950,256,8778,9216,4096,54,0,162.0343,_ZN5aiter42f4gemm_bf16_per1x32Fp4_BpreShuffle_256x256E,4089.98,1225.96,0.0
gfx950,256,8779,1280,4096,50,0,30.8209,_ZN5aiter42f4gemm_bf16_per1x32Fp4_BpreShuffle_192x256E,2986.76,1397.59,0.0
gfx950,256,8779,4096,1024,40,0,39.2389,_ZN5aiter41f4gemm_bf16_per1x32Fp4_BpreShuffle_96x512E,1876.8,2000.81,0.0
gfx950,256,8780,1280,4096,50,0,31.6134,_ZN5aiter42f4gemm_bf16_per1x32Fp4_BpreShuffle_192x256E,2912.21,1362.7,0.0
gfx950,256,8780,4096,1024,40,0,39.5837,_ZN5aiter41f4gemm_bf16_per1x32Fp4_BpreShuffle_96x512E,1860.66,1983.6,0.0
gfx950,256,8781,9216,4096,54,0,163.8139,_ZN5aiter42f4gemm_bf16_per1x32Fp4_BpreShuffle_256x256E,4046.93,1213.02,0.0
gfx950,256,8785,1280,4096,50,0,31.7846,_ZN5aiter42f4gemm_bf16_per1x32Fp4_BpreShuffle_192x256E,2898.18,1356.09,0.0
gfx950,256,8785,4096,1024,40,0,40.7953,_ZN5aiter41f4gemm_bf16_per1x32Fp4_BpreShuffle_96x512E,1806.43,1925.76,0.0
gfx950,256,8787,1280,4096,50,0,31.3217,_ZN5aiter42f4gemm_bf16_per1x32Fp4_BpreShuffle_192x256E,2941.68,1376.42,0.0
gfx950,256,8787,4096,1024,40,0,40.6075,_ZN5aiter41f4gemm_bf16_per1x32Fp4_BpreShuffle_96x512E,1815.2,1935.09,0.0
gfx950,256,8788,1280,4096,50,0,29.8244,_ZN5aiter42f4gemm_bf16_per1x32Fp4_BpreShuffle_192x256E,3089.71,1445.68,0.0
gfx950,256,8788,4096,1024,40,0,40.7113,_ZN5aiter41f4gemm_bf16_per1x32Fp4_BpreShuffle_96x512E,1810.78,1930.37,0.0
gfx950,256,8790,1280,4096,50,0,30.7409,_ZN5aiter42f4gemm_bf16_per1x32Fp4_BpreShuffle_192x256E,2998.28,1402.88,0.0
gfx950,256,8790,4096,1024,40,0,39.4009,_ZN5aiter41f4gemm_bf16_per1x32Fp4_BpreShuffle_96x512E,1871.43,1995.01,0.0
gfx950,256,8790,9216,4096,54,0,161.0567,_ZN5aiter42f4gemm_bf16_per1x32Fp4_BpreShuffle_256x256E,4120.43,1234.93,0.0
gfx950,256,8791,1280,4096,50,0,31.7164,_ZN5aiter42f4gemm_bf16_per1x32Fp4_BpreShuffle_192x256E,2906.39,1359.88,0.0
gfx950,256,8791,4096,1024,40,0,40.9177,_ZN5aiter41f4gemm_bf16_per1x32Fp4_BpreShuffle_96x512E,1802.26,1921.27,0.0
gfx950,256,8794,1280,4096,50,0,29.7997,_ZN5aiter42f4gemm_bf16_per1x32Fp4_BpreShuffle_192x256E,3094.39,1447.81,0.0
gfx950,256,8794,4096,1024,40,0,39.708,_ZN5aiter41f4gemm_bf16_per1x32Fp4_BpreShuffle_96x512E,1857.8,1980.46,0.0
gfx950,256,8794,9216,4096,54,0,162.1189,_ZN5aiter42f4gemm_bf16_per1x32Fp4_BpreShuffle_256x256E,4095.3,1227.34,0.0
gfx950,256,8795,1280,4096,50,0,30.4324,_ZN5aiter42f4gemm_bf16_per1x32Fp4_BpreShuffle_192x256E,3030.4,1417.86,0.0
gfx950,256,8795,4096,1024,54,0,40.8801,_ZN5aiter42f4gemm_bf16_per1x32Fp4_BpreShuffle_256x256E,1804.74,1923.89,0.0
gfx950,256,8795,9216,4096,54,0,164.6658,_ZN5aiter42f4gemm_bf16_per1x32Fp4_BpreShuffle_256x256E,4032.41,1208.48,0.0
gfx950,256,8796,1280,4096,50,0,29.8788,_ZN5aiter42f4gemm_bf16_per1x32Fp4_BpreShuffle_192x256E,3086.9,1444.28,0.0
gfx950,256,8796,4096,1024,40,0,39.9915,_ZN5aiter41f4gemm_bf16_per1x32Fp4_BpreShuffle_96x512E,1845.05,1966.86,0.0
gfx950,256,8796,9216,4096,54,0,160.0735,_ZN5aiter42f4gemm_bf16_per1x32Fp4_BpreShuffle_256x256E,4148.57,1243.28,0.0
gfx950,256,8797,1280,4096,50,0,30.6648,_ZN5aiter42f4gemm_bf16_per1x32Fp4_BpreShuffle_192x256E,3008.11,1407.41,0.0
gfx950,256,8797,4096,1024,40,0,39.6932,_ZN5aiter41f4gemm_bf16_per1x32Fp4_BpreShuffle_96x512E,1859.12,1981.86,0.0
gfx950,256,8797,4608,4096,54,0,95.1434,_ZN5aiter42f4gemm_bf16_per1x32Fp4_BpreShuffle_256x256E,3490.26,1140.66,0.0
gfx950,256,8798,1280,4096,50,0,30.3536,_ZN5aiter42f4gemm_bf16_per1x32Fp4_BpreShuffle_192x256E,3039.3,1421.99,0.0
gfx950,256,8798,4096,1024,45,0,41.1499,_ZN5aiter42f4gemm_bf16_per1x32Fp4_BpreShuffle_128x512E,1793.52,1911.91,0.0
gfx950,256,8799,9216,4096,54,0,162.1293,_ZN5aiter42f4gemm_bf16_per1x32Fp4_BpreShuffle_256x256E,4097.36,1227.9,0.0
gfx950,256,8800,1280,4096,50,0,30.1588,_ZN5aiter42f4gemm_bf16_per1x32Fp4_BpreShuffle_192x256E,3059.63,1431.48,0.0
gfx950,256,8800,4096,1024,54,0,41.1477,_ZN5aiter42f4gemm_bf16_per1x32Fp4_BpreShuffle_256x256E,1794.02,1912.44,0.0
gfx950,256,8800,9216,4096,54,0,159.7411,_ZN5aiter42f4gemm_bf16_per1x32Fp4_BpreShuffle_256x256E,4159.09,1246.38,0.0
gfx950,256,8801,1280,4096,50,0,30.4453,_ZN5aiter42f4gemm_bf16_per1x32Fp4_BpreShuffle_192x256E,3031.18,1418.16,0.0
gfx950,256,8801,4096,1024,40,0,39.9597,_ZN5aiter41f4gemm_bf16_per1x32Fp4_BpreShuffle_96x512E,1847.56,1969.51,0.0
gfx950,256,8803,1280,4096,50,0,30.1064,_ZN5aiter42f4gemm_bf16_per1x32Fp4_BpreShuffle_192x256E,3066.0,1434.43,0.0
gfx950,256,8803,4096,1024,40,0,40.6481,_ZN5aiter41f4gemm_bf16_per1x32Fp4_BpreShuffle_96x512E,1816.69,1936.58,0.0
gfx950,256,8805,1280,4096,48,0,31.7489,_ZN5aiter42f4gemm_bf16_per1x32Fp4_BpreShuffle_160x384E,2908.04,1360.52,0.0
gfx950,256,8805,4096,1024,40,0,40.2665,_ZN5aiter41f4gemm_bf16_per1x32Fp4_BpreShuffle_96x512E,1834.32,1955.37,0.0
gfx950,256,8807,9216,4096,54,0,161.2175,_ZN5aiter42f4gemm_bf16_per1x32Fp4_BpreShuffle_256x256E,4124.28,1235.86,0.0
gfx950,256,8808,1280,4096,52,0,31.7361,_ZN5aiter42f4gemm_bf16_per1x32Fp4_BpreShuffle_224x256E,2910.21,1361.5,0.0
gfx950,256,8808,4096,1024,40,0,40.7185,_ZN5aiter41f4gemm_bf16_per1x32Fp4_BpreShuffle_96x512E,1814.58,1934.3,0.0
gfx950,256,8810,1280,4096,50,0,29.8309,_ZN5aiter42f4gemm_bf16_per1x32Fp4_BpreShuffle_192x256E,3096.77,1448.76,0.0
gfx950,256,8810,4096,1024,40,0,39.3791,_ZN5aiter41f4gemm_bf16_per1x32Fp4_BpreShuffle_96x512E,1876.72,2000.54,0.0
gfx950,256,8810,9216,4096,54,0,163.4816,_ZN5aiter42f4gemm_bf16_per1x32Fp4_BpreShuffle_256x256E,4068.55,1219.12,0.0
gfx950,256,8813,1280,4096,50,0,29.9419,_ZN5aiter42f4gemm_bf16_per1x32Fp4_BpreShuffle_192x256E,3086.34,1443.85,0.0
gfx950,256,8813,4096,1024,40,0,39.4397,_ZN5aiter41f4gemm_bf16_per1x32Fp4_BpreShuffle_96x512E,1874.48,1998.13,0.0
gfx950,256,8814,1280,4096,50,0,30.81,_ZN5aiter42f4gemm_bf16_per1x32Fp4_BpreShuffle_192x256E,2999.72,1403.32,0.0
gfx950,256,8814,4096,1024,40,0,39.3308,_ZN5aiter41f4gemm_bf16_per1x32Fp4_BpreShuffle_96x512E,1879.88,2003.88,0.0
gfx950,256,8815,9216,4096,54,0,161.704,_ZN5aiter42f4gemm_bf16_per1x32Fp4_BpreShuffle_256x256E,4115.61,1233.15,0.0
gfx950,256,8817,1280,4096,50,0,30.8511,_ZN5aiter42f4gemm_bf16_per1x32Fp4_BpreShuffle_192x256E,2996.75,1401.9,0.0
gfx950,256,8817,4096,1024,40,0,40.6649,_ZN5aiter41f4gemm_bf16_per1x32Fp4_BpreShuffle_96x512E,1818.83,1938.78,0.0
gfx950,256,8817,4608,4096,54,0,96.5041,_ZN5aiter42f4gemm_bf16_per1x32Fp4_BpreShuffle_256x256E,3448.88,1126.91,0.0
gfx950,256,8817,9216,4096,54,0,161.5684,_ZN5aiter42f4gemm_bf16_per1x32Fp4_BpreShuffle_256x256E,4120.0,1234.44,0.0
gfx950,256,8823,1280,4096,50,0,30.3261,_ZN5aiter42f4gemm_bf16_per1x32Fp4_BpreShuffle_192x256E,3050.7,1427.08,0.0
gfx950,256,8823,4096,1024,40,0,39.3743,_ZN5aiter41f4gemm_bf16_per1x32Fp4_BpreShuffle_96x512E,1879.72,2003.66,0.0
gfx950,256,8826,1280,4096,50,0,31.3233,_ZN5aiter42f4gemm_bf16_per1x32Fp4_BpreShuffle_192x256E,2954.58,1382.09,0.0
gfx950,256,8826,4096,1024,40,0,39.8591,_ZN5aiter41f4gemm_bf16_per1x32Fp4_BpreShuffle_96x512E,1857.49,1979.94,0.0
gfx950,256,8827,1280,4096,48,0,31.9856,_ZN5aiter42f4gemm_bf16_per1x32Fp4_BpreShuffle_160x384E,2893.73,1353.62,0.0
gfx950,256,8827,4096,1024,40,0,40.6721,_ZN5aiter41f4gemm_bf16_per1x32Fp4_BpreShuffle_96x512E,1820.57,1940.58,0.0
gfx950,256,8829,1280,4096,50,0,30.4404,_ZN5aiter42f4gemm_bf16_per1x32Fp4_BpreShuffle_192x256E,3041.31,1422.63,0.0
gfx950,256,8829,4096,1024,40,0,39.4858,_ZN5aiter41f4gemm_bf16_per1x32Fp4_BpreShuffle_96x512E,1875.69,1999.32,0.0
gfx950,256,8830,9216,4096,54,0,160.8787,_ZN5aiter42f4gemm_bf16_per1x32Fp4_BpreShuffle_256x256E,4143.76,1241.39,0.0
gfx950,256,8832,9216,4096,54,0,161.236,_ZN5aiter42f4gemm_bf16_per1x32Fp4_BpreShuffle_256x256E,4135.51,1238.89,0.0
gfx950,256,8833,1280,4096,50,0,30.4248,_ZN5aiter42f4gemm_bf16_per1x32Fp4_BpreShuffle_192x256E,3044.25,1423.97,0.0
gfx950,256,8833,4096,1024,40,0,40.1771,_ZN5aiter41f4gemm_bf16_per1x32Fp4_BpreShuffle_96x512E,1844.25,1965.79,0.0
gfx950,256,8836,1280,4096,50,0,31.8702,_ZN5aiter42f4gemm_bf16_per1x32Fp4_BpreShuffle_192x256E,2907.17,1359.82,0.0
gfx950,256,8836,4096,1024,40,0,39.6053,_ZN5aiter41f4gemm_bf16_per1x32Fp4_BpreShuffle_96x512E,1871.51,1994.83,0.0
gfx950,256,8837,4096,1024,40,0,41.2173,_ZN5aiter41f4gemm_bf16_per1x32Fp4_BpreShuffle_96x512E,1798.52,1917.02,0.0
gfx950,256,8839,9216,4096,54,0,161.0944,_ZN5aiter42f4gemm_bf16_per1x32Fp4_BpreShuffle_256x256E,4142.43,1240.87,0.0
gfx950,256,8842,9216,4096,54,0,162.2872,_ZN5aiter42f4gemm_bf16_per1x32Fp4_BpreShuffle_256x256E,4113.38,1232.13,0.0
gfx950,256,8843,1280,4096,50,0,30.8716,_ZN5aiter42f4gemm_bf16_per1x32Fp4_BpreShuffle_192x256E,3003.59,1404.85,0.0
gfx950,256,8843,4096,1024,40,0,39.4177,_ZN5aiter41f4gemm_bf16_per1x32Fp4_BpreShuffle_96x512E,1881.91,2005.87,0.0
gfx950,256,8848,1280,4096,50,0,31.6801,_ZN5aiter42f4gemm_bf16_per1x32Fp4_BpreShuffle_192x256E,2928.59,1369.72,0.0
gfx950,256,8848,4096,1024,40,0,39.7545,_ZN5aiter41f4gemm_bf16_per1x32Fp4_BpreShuffle_96x512E,1867.02,1989.97,0.0
gfx950,256,8848,9216,4096,54,0,160.3047,_ZN5aiter42f4gemm_bf16_per1x32Fp4_BpreShuffle_256x256E,4167.07,1248.13,0.0
gfx950,256,8849,1280,4096,50,0,30.662,_ZN5aiter42f4gemm_bf16_per1x32Fp4_BpreShuffle_192x256E,3026.17,1415.36,0.0
gfx950,256,8849,4096,1024,40,0,41.028,_ZN5aiter41f4gemm_bf16_per1x32Fp4_BpreShuffle_96x512E,1809.27,1928.41,0.0
gfx950,256,8849,9216,4096,54,0,162.0595,_ZN5aiter42f4gemm_bf16_per1x32Fp4_BpreShuffle_256x256E,4122.42,1234.74,0.0
gfx950,256,8852,9216,4096,54,0,166.1158,_ZN5aiter42f4gemm_bf16_per1x32Fp4_BpreShuffle_256x256E,4023.12,1204.96,0.0
gfx950,256,8853,9216,4096,54,0,164.1676,_ZN5aiter42f4gemm_bf16_per1x32Fp4_BpreShuffle_256x256E,4071.32,1219.39,0.0
gfx950,256,8854,9216,4096,54,0,161.5343,_ZN5aiter42f4gemm_bf16_per1x32Fp4_BpreShuffle_256x256E,4138.16,1239.39,0.0
gfx950,256,8856,1280,4096,50,0,30.9888,_ZN5aiter42f4gemm_bf16_per1x32Fp4_BpreShuffle_192x256E,2996.63,1401.47,0.0
gfx950,256,8856,4096,1024,54,0,40.9285,_ZN5aiter42f4gemm_bf16_per1x32Fp4_BpreShuffle_256x256E,1815.1,1934.59,0.0
gfx950,256,8858,1280,4096,50,0,30.3799,_ZN5aiter42f4gemm_bf16_per1x32Fp4_BpreShuffle_192x256E,3057.38,1429.86,0.0
gfx950,256,8858,4096,1024,40,0,39.9892,_ZN5aiter41f4gemm_bf16_per1x32Fp4_BpreShuffle_96x512E,1858.16,1980.46,0.0
gfx950,256,8859,1280,4096,50,0,29.292,_ZN5aiter42f4gemm_bf16_per1x32Fp4_BpreShuffle_192x256E,3171.29,1483.13,0.0
gfx950,256,8859,4096,1024,40,0,40.4309,_ZN5aiter41f4gemm_bf16_per1x32Fp4_BpreShuffle_96x512E,1838.07,1959.04,0.0
gfx950,256,8859,9216,4096,54,0,164.7895,_ZN5aiter42f4gemm_bf16_per1x32Fp4_BpreShuffle_256x256E,4058.71,1215.53,0.0
gfx950,256,8860,1280,4096,50,0,30.2821,_ZN5aiter42f4gemm_bf16_per1x32Fp4_BpreShuffle_192x256E,3067.95,1434.79,0.0
gfx950,256,8860,4096,1024,40,0,40.1762,_ZN5aiter41f4gemm_bf16_per1x32Fp4_BpreShuffle_96x512E,1849.93,1971.68,0.0
gfx950,256,8863,9216,4096,54,0,163.7971,_ZN5aiter42f4gemm_bf16_per1x32Fp4_BpreShuffle_256x256E,4085.14,1223.4,0.0
gfx950,256,8865,9216,4096,54,0,160.1007,_ZN5aiter42f4gemm_bf16_per1x32Fp4_BpreShuffle_256x256E,4180.4,1251.9,0.0
gfx950,256,8867,9216,4096,54,0,163.149,_ZN5aiter42f4gemm_bf16_per1x32Fp4_BpreShuffle_256x256E,4103.22,1228.76,0.0
gfx950,256,8869,1280,4096,50,0,31.2297,_ZN5aiter42f4gemm_bf16_per1x32Fp4_BpreShuffle_192x256E,2977.88,1392.58,0.0
gfx950,256,8869,4096,1024,40,0,39.7868,_ZN5aiter41f4gemm_bf16_per1x32Fp4_BpreShuffle_96x512E,1869.93,1992.95,0.0
gfx950,256,8873,9216,4096,54,0,160.4149,_ZN5aiter42f4gemm_bf16_per1x32Fp4_BpreShuffle_256x256E,4175.98,1250.47,0.0
gfx950,256,8877,1280,4096,50,0,31.1712,_ZN5aiter42f4gemm_bf16_per1x32Fp4_BpreShuffle_192x256E,2986.16,1396.37,0.0
gfx950,256,8877,4096,1024,40,0,39.5597,_ZN5aiter41f4gemm_bf16_per1x32Fp4_BpreShuffle_96x512E,1882.36,2006.15,0.0
gfx950,256,8879,1280,4096,50,0,29.6344,_ZN5aiter42f4gemm_bf16_per1x32Fp4_BpreShuffle_192x256E,3141.72,1469.1,0.0
gfx950,256,8879,4096,1024,40,0,40.6265,_ZN5aiter41f4gemm_bf16_per1x32Fp4_BpreShuffle_96x512E,1833.35,1953.9,0.0
gfx950,256,8879,9216,4096,54,0,161.6167,_ZN5aiter42f4gemm_bf16_per1x32Fp4_BpreShuffle_256x256E,4147.73,1241.93,0.0
gfx950,256,8880,9216,4096,54,0,165.8503,_ZN5aiter42f4gemm_bf16_per1x32Fp4_BpreShuffle_256x256E,4042.31,1210.35,0.0
gfx950,256,8881,9216,4096,54,0,162.8215,_ZN5aiter42f4gemm_bf16_per1x32Fp4_BpreShuffle_256x256E,4117.96,1232.99,0.0
gfx950,256,8883,9216,4096,54,0,165.6576,_ZN5aiter42f4gemm_bf16_per1x32Fp4_BpreShuffle_256x256E,4048.37,1212.13,0.0
gfx950,256,8884,1280,4096,50,0,30.1532,_ZN5aiter42f4gemm_bf16_per1x32Fp4_BpreShuffle_192x256E,3089.41,1444.59,0.0
gfx950,256,8884,4096,1024,40,0,39.2741,_ZN5aiter41f4gemm_bf16_per1x32Fp4_BpreShuffle_96x512E,1897.55,2022.29,0.0
gfx950,256,8889,1280,4096,50,0,30.9892,_ZN5aiter42f4gemm_bf16_per1x32Fp4_BpreShuffle_192x256E,3007.75,1406.36,0.0
gfx950,256,8889,4096,1024,40,0,40.6741,_ZN5aiter41f4gemm_bf16_per1x32Fp4_BpreShuffle_96x512E,1833.26,1953.75,0.0
gfx950,256,8890,1280,4096,50,0,30.1516,_ZN5aiter42f4gemm_bf16_per1x32Fp4_BpreShuffle_192x256E,3091.66,1445.58,0.0
gfx950,256,8890,4096,1024,40,0,41.066,_ZN5aiter41f4gemm_bf16_per1x32Fp4_BpreShuffle_96x512E,1815.97,1935.32,0.0
gfx950,256,8891,1280,4096,50,0,29.5766,_ZN5aiter42f4gemm_bf16_per1x32Fp4_BpreShuffle_192x256E,3152.12,1473.84,0.0
gfx950,256,8891,4096,1024,40,0,41.3049,_ZN5aiter41f4gemm_bf16_per1x32Fp4_BpreShuffle_96x512E,1805.67,1924.33,0.0
gfx950,256,8891,9216,4096,54,0,161.5771,_ZN5aiter42f4gemm_bf16_per1x32Fp4_BpreShuffle_256x256E,4154.35,1243.75,0.0
gfx950,256,8892,1280,4096,50,0,30.4208,_ZN5aiter42f4gemm_bf16_per1x32Fp4_BpreShuffle_192x256E,3064.99,1433.09,0.0
gfx950,256,8892,4096,1024,40,0,40.3856,_ZN5aiter41f4gemm_bf16_per1x32Fp4_BpreShuffle_96x512E,1846.98,1968.35,0.0
gfx950,256,8893,9216,4096,54,0,163.9203,_ZN5aiter42f4gemm_bf16_per1x32Fp4_BpreShuffle_256x256E,4095.89,1226.22,0.0
gfx950,256,8896,1280,4096,50,0,30.4645,_ZN5aiter42f4gemm_bf16_per1x32Fp4_BpreShuffle_192x256E,3061.97,1431.64,0.0
gfx950,256,8896,4096,1024,40,0,40.1329,_ZN5aiter41f4gemm_bf16_per1x32Fp4_BpreShuffle_96x512E,1859.45,1981.61,0.0
gfx950,256,8896,9216,4096,54,0,160.5851,_ZN5aiter42f4gemm_bf16_per1x32Fp4_BpreShuffle_256x256E,4182.37,1252.07,0.0
gfx950,256,8897,1280,4096,50,0,30.8193,_ZN5aiter42f4gemm_bf16_per1x32Fp4_BpreShuffle_192x256E,3027.06,1415.31,0.0
gfx950,256,8897,4096,1024,40,0,39.9044,_ZN5aiter41f4gemm_bf16_per1x32Fp4_BpreShuffle_96x512E,1870.31,1993.18,0.0
gfx950,256,8898,1280,4096,50,0,30.8221,_ZN5aiter42f4gemm_bf16_per1x32Fp4_BpreShuffle_192x256E,3027.12,1415.33,0.0
gfx950,256,8898,4096,1024,40,0,39.8913,_ZN5aiter41f4gemm_bf16_per1x32Fp4_BpreShuffle_96x512E,1871.13,1994.05,0.0
gfx950,256,8898,9216,4096,54,0,162.9356,_ZN5aiter42f4gemm_bf16_per1x32Fp4_BpreShuffle_256x256E,4122.96,1234.26,0.0
gfx950,256,8902,9216,4096,54,0,165.4517,_ZN5aiter42f4gemm_bf16_per1x32Fp4_BpreShuffle_256x256E,4062.08,1215.99,0.0
gfx950,256,8903,1280,4096,50,0,29.9856,_ZN5aiter42f4gemm_bf16_per1x32Fp4_BpreShuffle_192x256E,3113.32,1455.58,0.0
gfx950,256,8903,4096,1024,40,0,39.8053,_ZN5aiter41f4gemm_bf16_per1x32Fp4_BpreShuffle_96x512E,1876.23,1999.45,0.0
gfx950,256,8904,9216,4096,54,0,160.8959,_ZN5aiter42f4gemm_bf16_per1x32Fp4_BpreShuffle_256x256E,4178.04,1250.67,0.0
gfx950,256,8905,9216,4096,54,0,162.6452,_ZN5aiter42f4gemm_bf16_per1x32Fp4_BpreShuffle_256x256E,4133.57,1237.35,0.0
gfx950,256,8910,1280,4096,50,0,31.7201,_ZN5aiter42f4gemm_bf16_per1x32Fp4_BpreShuffle_192x256E,2945.39,1377.0,0.0
gfx950,256,8910,4096,1024,40,0,41.2309,_ZN5aiter41f4gemm_bf16_per1x32Fp4_BpreShuffle_96x512E,1812.78,1931.8,0.0
gfx950,256,8913,1280,4096,52,0,31.8173,_ZN5aiter42f4gemm_bf16_per1x32Fp4_BpreShuffle_224x256E,2937.38,1373.23,0.0
gfx950,256,8913,4096,1024,40,0,40.0041,_ZN5aiter41f4gemm_bf16_per1x32Fp4_BpreShuffle_96x512E,1869.0,1991.69,0.0
gfx950,256,8913,9216,4096,54,0,164.2145,_ZN5aiter42f4gemm_bf16_per1x32Fp4_BpreShuffle_256x256E,4097.74,1226.52,0.0
gfx950,256,8915,1280,4096,50,0,30.6293,_ZN5aiter42f4gemm_bf16_per1x32Fp4_BpreShuffle_192x256E,3052.0,1426.8,0.0
gfx950,256,8915,4096,1024,40,0,40.6155,_ZN5aiter41f4gemm_bf16_per1x32Fp4_BpreShuffle_96x512E,1841.28,1962.14,0.0
gfx950,256,8916,1280,4096,50,0,30.3288,_ZN5aiter42f4gemm_bf16_per1x32Fp4_BpreShuffle_192x256E,3082.58,1441.08,0.0
gfx950,256,8916,4096,1024,40,0,39.8276,_ZN5aiter41f4gemm_bf16_per1x32Fp4_BpreShuffle_96x512E,1877.91,2001.18,0.0
gfx950,256,8920,9216,4096,54,0,163.5236,_ZN5aiter42f4gemm_bf16_per1x32Fp4_BpreShuffle_256x256E,4118.29,1232.58,0.0
gfx950,256,8922,9216,4096,54,0,162.9079,_ZN5aiter42f4gemm_bf16_per1x32Fp4_BpreShuffle_256x256E,4134.78,1237.49,0.0
gfx950,256,8924,9216,4096,54,0,163.2688,_ZN5aiter42f4gemm_bf16_per1x32Fp4_BpreShuffle_256x256E,4126.57,1235.01,0.0
gfx950,256,8926,9216,4096,54,0,164.2886,_ZN5aiter42f4gemm_bf16_per1x32Fp4_BpreShuffle_256x256E,4101.87,1227.59,0.0
gfx950,256,8928,9216,4096,54,0,162.9012,_ZN5aiter42f4gemm_bf16_per1x32Fp4_BpreShuffle_256x256E,4137.73,1238.3,0.0
gfx950,256,8929,9216,4096,54,0,161.6228,_ZN5aiter42f4gemm_bf16_per1x32Fp4_BpreShuffle_256x256E,4170.93,1248.22,0.0
gfx950,256,8933,1280,4096,50,0,30.0932,_ZN5aiter42f4gemm_bf16_per1x32Fp4_BpreShuffle_192x256E,3112.64,1454.97,0.0
gfx950,256,8933,4096,1024,40,0,40.022,_ZN5aiter41f4gemm_bf16_per1x32Fp4_BpreShuffle_96x512E,1872.36,1995.15,0.0
gfx950,256,8933,9216,4096,54,0,163.0964,_ZN5aiter42f4gemm_bf16_per1x32Fp4_BpreShuffle_256x256E,4135.09,1237.44,0.0
gfx950,256,8934,9216,4096,54,0,162.1695,_ZN5aiter42f4gemm_bf16_per1x32Fp4_BpreShuffle_256x256E,4159.19,1244.64,0.0
gfx950,256,8936,9216,4096,54,0,161.2655,_ZN5aiter42f4gemm_bf16_per1x32Fp4_BpreShuffle_256x256E,4183.45,1251.87,0.0
gfx950,256,8937,9216,4096,54,0,163.1791,_ZN5aiter42f4gemm_bf16_per1x32Fp4_BpreShuffle_256x256E,4134.85,1237.32,0.0
gfx950,256,8940,1280,4096,50,0,31.7813,_ZN5aiter42f4gemm_bf16_per1x32Fp4_BpreShuffle_192x256E,2949.62,1378.7,0.0
gfx950,256,8940,4096,1024,40,0,40.2641,_ZN5aiter41f4gemm_bf16_per1x32Fp4_BpreShuffle_96x512E,1862.56,1984.67,0.0
gfx950,256,8940,9216,4096,54,0,164.2359,_ZN5aiter42f4gemm_bf16_per1x32Fp4_BpreShuffle_256x256E,4109.62,1229.73,0.0
gfx950,256,8941,9216,4096,54,0,164.7649,_ZN5aiter42f4gemm_bf16_per1x32Fp4_BpreShuffle_256x256E,4096.89,1225.9,0.0
gfx950,256,8948,9216,4096,45,0,164.3712,_ZN5aiter42f4gemm_bf16_per1x32Fp4_BpreShuffle_128x512E,4109.91,1229.71,0.0
gfx950,256,8949,9216,4096,54,0,162.9509,_ZN5aiter42f4gemm_bf16_per1x32Fp4_BpreShuffle_256x256E,4146.2,1240.56,0.0
gfx950,256,8950,9216,4096,54,0,162.6426,_ZN5aiter42f4gemm_bf16_per1x32Fp4_BpreShuffle_256x256E,4154.52,1243.03,0.0
gfx950,256,8951,4096,1024,40,0,41.2577,_ZN5aiter41f4gemm_bf16_per1x32Fp4_BpreShuffle_96x512E,1819.94,1939.19,0.0
gfx950,256,8953,1280,4096,50,0,30.4346,_ZN5aiter42f4gemm_bf16_per1x32Fp4_BpreShuffle_192x256E,3084.61,1441.68,0.0
gfx950,256,8953,4096,1024,40,0,40.4405,_ZN5aiter41f4gemm_bf16_per1x32Fp4_BpreShuffle_96x512E,1857.13,1978.81,0.0
gfx950,256,8956,9216,4096,54,0,163.8844,_ZN5aiter42f4gemm_bf16_per1x32Fp4_BpreShuffle_256x256E,4125.81,1234.37,0.0
gfx950,256,8959,9216,4096,54,0,162.4736,_ZN5aiter42f4gemm_bf16_per1x32Fp4_BpreShuffle_256x256E,4163.03,1245.46,0.0
gfx950,256,8962,9216,4096,45,0,169.5062,_ZN5aiter42f4gemm_bf16_per1x32Fp4_BpreShuffle_128x512E,3991.64,1194.15,0.0
gfx950,256,8975,1280,4096,52,0,32.3261,_ZN5aiter42f4gemm_bf16_per1x32Fp4_BpreShuffle_224x256E,2911.26,1360.46,0.0
gfx950,256,8975,4096,1024,40,0,39.6781,_ZN5aiter41f4gemm_bf16_per1x32Fp4_BpreShuffle_96x512E,1897.46,2021.66,0.0
gfx950,256,8975,9216,4096,45,0,168.1505,_ZN5aiter42f4gemm_bf16_per1x32Fp4_BpreShuffle_128x512E,4029.66,1205.36,0.0
gfx950,256,8976,1280,4096,50,0,31.3237,_ZN5aiter42f4gemm_bf16_per1x32Fp4_BpreShuffle_192x256E,3004.76,1404.14,0.0
gfx950,256,8976,4096,1024,40,0,40.4269,_ZN5aiter41f4gemm_bf16_per1x32Fp4_BpreShuffle_96x512E,1862.53,1984.43,0.0
gfx950,256,8977,1280,4096,50,0,29.2352,_ZN5aiter42f4gemm_bf16_per1x32Fp4_BpreShuffle_192x256E,3219.77,1504.61,0.0
gfx950,256,8977,4096,1024,40,0,40.5309,_ZN5aiter41f4gemm_bf16_per1x32Fp4_BpreShuffle_96x512E,1857.95,1979.55,0.0
gfx950,256,8977,9216,4096,45,0,169.9492,_ZN5aiter42f4gemm_bf16_per1x32Fp4_BpreShuffle_128x512E,3987.9,1192.85,0.0
gfx950,256,8979,1280,4096,48,0,31.4732,_ZN5aiter42f4gemm_bf16_per1x32Fp4_BpreShuffle_160x384E,2991.49,1397.91,0.0
gfx950,256,8979,4096,1024,40,0,39.6148,_ZN5aiter41f4gemm_bf16_per1x32Fp4_BpreShuffle_96x512E,1901.34,2025.77,0.0
gfx950,256,8982,9216,4096,45,0,167.8031,_ZN5aiter42f4gemm_bf16_per1x32Fp4_BpreShuffle_128x512E,4041.15,1208.71,0.0
gfx950,256,8984,9216,4096,45,0,168.6396,_ZN5aiter42f4gemm_bf16_per1x32Fp4_BpreShuffle_128x512E,4022.0,1202.96,0.0
gfx950,256,8985,9216,4096,45,0,168.6862,_ZN5aiter42f4gemm_bf16_per1x32Fp4_BpreShuffle_128x512E,4021.34,1202.75,0.0
gfx950,256,8987,9216,4096,45,0,167.9789,_ZN5aiter42f4gemm_bf16_per1x32Fp4_BpreShuffle_128x512E,4039.17,1208.06,0.0
gfx950,256,8993,1280,4096,50,0,31.5519,_ZN5aiter42f4gemm_bf16_per1x32Fp4_BpreShuffle_192x256E,2988.68,1396.47,0.0
gfx950,256,8993,4096,1024,40,0,40.7485,_ZN5aiter41f4gemm_bf16_per1x32Fp4_BpreShuffle_96x512E,1851.33,1972.4,0.0
gfx950,256,8996,1280,4096,50,0,30.2489,_ZN5aiter42f4gemm_bf16_per1x32Fp4_BpreShuffle_192x256E,3118.46,1457.08,0.0
gfx950,256,8996,4096,1024,40,0,40.9993,_ZN5aiter41f4gemm_bf16_per1x32Fp4_BpreShuffle_96x512E,1840.61,1960.97,0.0
gfx950,256,8996,9216,4096,45,0,166.7212,_ZN5aiter42f4gemm_bf16_per1x32Fp4_BpreShuffle_128x512E,4073.72,1218.28,0.0
gfx950,256,8998,1280,4096,50,0,31.7521,_ZN5aiter42f4gemm_bf16_per1x32Fp4_BpreShuffle_192x256E,2971.48,1388.39,0.0
gfx950,256,8998,4096,1024,40,0,40.3529,_ZN5aiter41f4gemm_bf16_per1x32Fp4_BpreShuffle_96x512E,1870.51,1992.81,0.0
gfx950,256,9001,9216,4096,45,0,166.6628,_ZN5aiter42f4gemm_bf16_per1x32Fp4_BpreShuffle_128x512E,4077.41,1219.32,0.0
gfx950,256,9002,9216,4096,45,0,165.7851,_ZN5aiter42f4gemm_bf16_per1x32Fp4_BpreShuffle_128x512E,4099.45,1225.9,0.0
gfx950,256,9003,9216,4096,45,0,168.7196,_ZN5aiter42f4gemm_bf16_per1x32Fp4_BpreShuffle_128x512E,4028.6,1204.7,0.0
gfx950,256,9004,4096,1024,40,0,40.6877,_ZN5aiter41f4gemm_bf16_per1x32Fp4_BpreShuffle_96x512E,1856.36,1977.7,0.0
gfx950,256,9007,9216,4096,45,0,168.706,_ZN5aiter42f4gemm_bf16_per1x32Fp4_BpreShuffle_128x512E,4030.71,1205.28,0.0
gfx950,256,9013,1280,4096,50,0,31.4449,_ZN5aiter42f4gemm_bf16_per1x32Fp4_BpreShuffle_192x256E,3005.52,1404.15,0.0
gfx950,256,9013,4096,1024,40,0,40.1881,_ZN5aiter41f4gemm_bf16_per1x32Fp4_BpreShuffle_96x512E,1881.32,2004.23,0.0
gfx950,256,9014,1280,4096,50,0,30.1564,_ZN5aiter42f4gemm_bf16_per1x32Fp4_BpreShuffle_192x256E,3134.28,1464.3,0.0
gfx950,256,9014,4096,1024,40,0,40.2983,_ZN5aiter41f4gemm_bf16_per1x32Fp4_BpreShuffle_96x512E,1876.38,1998.97,0.0
gfx950,256,9024,9216,4096,45,0,170.1716,_ZN5aiter42f4gemm_bf16_per1x32Fp4_BpreShuffle_128x512E,4003.54,1196.94,0.0
gfx950,256,9029,1280,4096,50,0,30.051,_ZN5aiter42f4gemm_bf16_per1x32Fp4_BpreShuffle_192x256E,3150.51,1471.73,0.0
gfx950,256,9029,4096,1024,40,0,40.6705,_ZN5aiter41f4gemm_bf16_per1x32Fp4_BpreShuffle_96x512E,1862.3,1983.88,0.0
gfx950,256,9033,9216,4096,45,0,170.5882,_ZN5aiter42f4gemm_bf16_per1x32Fp4_BpreShuffle_128x512E,3997.75,1195.1,0.0
gfx950,256,9034,1280,4096,50,0,31.0513,_ZN5aiter42f4gemm_bf16_per1x32Fp4_BpreShuffle_192x256E,3050.7,1425.06,0.0
gfx950,256,9034,4096,1024,40,0,40.2177,_ZN5aiter41f4gemm_bf16_per1x32Fp4_BpreShuffle_96x512E,1884.31,2007.3,0.0
gfx950,256,9038,9216,4096,45,0,167.6771,_ZN5aiter42f4gemm_bf16_per1x32Fp4_BpreShuffle_128x512E,4069.41,1216.46,0.0
gfx950,256,9048,4096,1024,40,0,40.8985,_ZN5aiter41f4gemm_bf16_per1x32Fp4_BpreShuffle_96x512E,1855.82,1976.87,0.0
gfx950,256,9053,9216,4096,45,0,169.9125,_ZN5aiter42f4gemm_bf16_per1x32Fp4_BpreShuffle_128x512E,4022.53,1202.26,0.0
gfx950,256,9054,9216,4096,45,0,166.9368,_ZN5aiter42f4gemm_bf16_per1x32Fp4_BpreShuffle_128x512E,4094.69,1223.82,0.0
gfx950,256,9055,1280,4096,50,0,31.6529,_ZN5aiter42f4gemm_bf16_per1x32Fp4_BpreShuffle_192x256E,2999.68,1401.04,0.0
gfx950,256,9055,4096,1024,45,0,41.5107,_ZN5aiter42f4gemm_bf16_per1x32Fp4_BpreShuffle_128x512E,1829.86,1949.18,0.0
gfx950,256,9069,9216,4096,45,0,167.956,_ZN5aiter42f4gemm_bf16_per1x32Fp4_BpreShuffle_128x512E,4076.58,1218.22,0.0
gfx950,256,9070,1280,4096,50,0,30.8201,_ZN5aiter42f4gemm_bf16_per1x32Fp4_BpreShuffle_192x256E,3085.84,1441.14,0.0
gfx950,256,9070,4096,1024,40,0,40.0861,_ZN5aiter41f4gemm_bf16_per1x32Fp4_BpreShuffle_96x512E,1898.03,2021.71,0.0
gfx950,256,9074,9216,4096,45,0,170.582,_ZN5aiter42f4gemm_bf16_per1x32Fp4_BpreShuffle_128x512E,4016.04,1200.07,0.0
gfx950,256,9075,1280,4096,50,0,29.9432,_ZN5aiter42f4gemm_bf16_per1x32Fp4_BpreShuffle_192x256E,3177.96,1484.11,0.0
gfx950,256,9075,4096,1024,40,0,40.8689,_ZN5aiter41f4gemm_bf16_per1x32Fp4_BpreShuffle_96x512E,1862.7,1984.05,0.0
gfx950,256,9080,1280,4096,50,0,31.1761,_ZN5aiter42f4gemm_bf16_per1x32Fp4_BpreShuffle_192x256E,3053.96,1426.16,0.0
gfx950,256,9080,4096,1024,40,0,40.3891,_ZN5aiter41f4gemm_bf16_per1x32Fp4_BpreShuffle_96x512E,1885.87,2008.7,0.0
gfx950,256,9081,9216,4096,45,0,169.5504,_ZN5aiter42f4gemm_bf16_per1x32Fp4_BpreShuffle_128x512E,4043.59,1208.21,0.0
gfx950,256,9084,9216,4096,45,0,168.2149,_ZN5aiter42f4gemm_bf16_per1x32Fp4_BpreShuffle_128x512E,4077.04,1218.17,0.0
gfx950,256,9086,1280,4096,50,0,29.5268,_ZN5aiter42f4gemm_bf16_per1x32Fp4_BpreShuffle_192x256E,3226.68,1506.76,0.0
gfx950,256,9086,4096,1024,40,0,40.4822,_ZN5aiter41f4gemm_bf16_per1x32Fp4_BpreShuffle_96x512E,1882.78,2005.37,0.0
gfx950,256,9098,1280,4096,50,0,32.6577,_ZN5aiter42f4gemm_bf16_per1x32Fp4_BpreShuffle_192x256E,2921.19,1364.0,0.0
gfx950,256,9098,4096,1024,40,0,40.4483,_ZN5aiter41f4gemm_bf16_per1x32Fp4_BpreShuffle_96x512E,1886.84,2009.63,0.0
gfx950,256,9116,1280,4096,50,0,30.064,_ZN5aiter42f4gemm_bf16_per1x32Fp4_BpreShuffle_192x256E,3179.49,1484.43,0.0
gfx950,256,9116,4096,1024,40,0,41.1774,_ZN5aiter41f4gemm_bf16_per1x32Fp4_BpreShuffle_96x512E,1857.1,1977.85,0.0
gfx950,256,9141,1280,4096,50,0,30.716,_ZN5aiter42f4gemm_bf16_per1x32Fp4_BpreShuffle_192x256E,3120.53,1456.67,0.0
gfx950,256,9141,4096,1024,45,0,40.9346,_ZN5aiter42f4gemm_bf16_per1x32Fp4_BpreShuffle_128x512E,1873.24,1994.9,0.0
gfx950,256,9143,9216,4096,54,0,174.1777,_ZN5aiter42f4gemm_bf16_per1x32Fp4_BpreShuffle_256x256E,3963.04,1183.41,0.0
gfx950,256,9150,1280,4096,50,0,30.8149,_ZN5aiter42f4gemm_bf16_per1x32Fp4_BpreShuffle_192x256E,3113.58,1453.34,0.0
gfx950,256,9150,4096,1024,54,0,41.2798,_ZN5aiter42f4gemm_bf16_per1x32Fp4_BpreShuffle_256x256E,1859.4,1980.12,0.0
gfx950,256,9158,1280,4096,50,0,32.9505,_ZN5aiter42f4gemm_bf16_per1x32Fp4_BpreShuffle_192x256E,2914.33,1360.27,0.0
gfx950,256,9158,4096,1024,40,0,40.4633,_ZN5aiter41f4gemm_bf16_per1x32Fp4_BpreShuffle_96x512E,1898.58,2021.79,0.0
gfx950,256,9158,9216,4096,54,0,174.176,_ZN5aiter42f4gemm_bf16_per1x32Fp4_BpreShuffle_256x256E,3969.58,1185.18,0.0
gfx950,256,9163,1280,4096,50,0,30.9977,_ZN5aiter42f4gemm_bf16_per1x32Fp4_BpreShuffle_192x256E,3099.62,1446.71,0.0
gfx950,256,9163,4096,1024,40,0,41.1141,_ZN5aiter41f4gemm_bf16_per1x32Fp4_BpreShuffle_96x512E,1869.55,1990.85,0.0
gfx950,256,9167,9216,4096,54,0,176.2967,_ZN5aiter42f4gemm_bf16_per1x32Fp4_BpreShuffle_256x256E,3925.69,1171.97,0.0
gfx950,256,9177,9216,4096,54,0,178.5013,_ZN5aiter42f4gemm_bf16_per1x32Fp4_BpreShuffle_256x256E,3881.43,1158.64,0.0
gfx950,256,9200,4608,4096,54,0,99.0835,_ZN5aiter42f4gemm_bf16_per1x32Fp4_BpreShuffle_256x256E,3505.01,1141.12,0.0
gfx950,256,9209,2304,4096,44,0,60.7363,_ZN5aiter42f4gemm_bf16_per1x32Fp4_BpreShuffle_128x384E,2861.78,1086.89,0.0
gfx950,256,9209,4096,2048,40,0,58.5691,_ZN5aiter41f4gemm_bf16_per1x32Fp4_BpreShuffle_96x512E,2637.93,1520.67,0.0
gfx950,256,9353,9216,4096,54,0,176.2501,_ZN5aiter42f4gemm_bf16_per1x32Fp4_BpreShuffle_256x256E,4006.4,1193.89,0.0
gfx950,256,9384,1280,4096,50,0,32.9557,_ZN5aiter42f4gemm_bf16_per1x32Fp4_BpreShuffle_192x256E,2985.78,1391.65,0.0
gfx950,256,9384,4096,1024,54,0,41.4769,_ZN5aiter42f4gemm_bf16_per1x32Fp4_BpreShuffle_256x256E,1897.89,2019.81,0.0
gfx950,256,9386,9216,4096,54,0,181.1554,_ZN5aiter42f4gemm_bf16_per1x32Fp4_BpreShuffle_256x256E,3911.67,1165.3,0.0
gfx950,256,9400,4608,4096,54,0,99.8142,_ZN5aiter42f4gemm_bf16_per1x32Fp4_BpreShuffle_256x256E,3554.99,1155.33,0.0
gfx950,256,9431,4096,1024,45,0,42.4314,_ZN5aiter42f4gemm_bf16_per1x32Fp4_BpreShuffle_128x512E,1864.49,1984.02,0.0
gfx950,256,9445,4608,4096,54,0,99.6938,_ZN5aiter42f4gemm_bf16_per1x32Fp4_BpreShuffle_256x256E,3576.32,1161.81,0.0
gfx950,256,9486,4608,4096,54,0,102.1982,_ZN5aiter42f4gemm_bf16_per1x32Fp4_BpreShuffle_256x256E,3503.82,1137.86,0.0
gfx950,256,9531,2304,4096,40,0,59.0799,_ZN5aiter41f4gemm_bf16_per1x32Fp4_BpreShuffle_96x512E,3044.89,1153.64,0.0
gfx950,256,9531,4096,2048,54,0,60.4185,_ZN5aiter42f4gemm_bf16_per1x32Fp4_BpreShuffle_256x256E,2646.6,1523.24,0.0
gfx950,256,9578,1280,4096,50,0,32.1405,_ZN5aiter42f4gemm_bf16_per1x32Fp4_BpreShuffle_192x256E,3124.8,1454.76,0.0
gfx950,256,9578,4096,1024,45,0,42.5946,_ZN5aiter42f4gemm_bf16_per1x32Fp4_BpreShuffle_128x512E,1886.3,2006.45,0.0
gfx950,256,9600,1280,4096,50,0,32.9549,_ZN5aiter42f4gemm_bf16_per1x32Fp4_BpreShuffle_192x256E,3054.58,1421.89,0.0
gfx950,256,9600,4096,1024,45,0,42.1723,_ZN5aiter42f4gemm_bf16_per1x32Fp4_BpreShuffle_128x512E,1909.56,2031.09,0.0
gfx950,256,9601,9216,4096,54,0,178.3735,_ZN5aiter42f4gemm_bf16_per1x32Fp4_BpreShuffle_256x256E,4063.67,1208.16,0.0
gfx950,256,9602,4608,4096,54,0,98.9578,_ZN5aiter42f4gemm_bf16_per1x32Fp4_BpreShuffle_256x256E,3662.81,1188.33,0.0
gfx950,256,9609,9216,4096,54,0,179.1357,_ZN5aiter42f4gemm_bf16_per1x32Fp4_BpreShuffle_256x256E,4049.75,1203.93,0.0
gfx950,256,9661,2304,4096,44,0,60.2647,_ZN5aiter42f4gemm_bf16_per1x32Fp4_BpreShuffle_128x384E,3025.74,1145.32,0.0
gfx950,256,9661,4096,2048,54,0,61.2107,_ZN5aiter42f4gemm_bf16_per1x32Fp4_BpreShuffle_256x256E,2647.98,1523.1,0.0
gfx950,256,9680,4608,4096,54,0,98.7731,_ZN5aiter42f4gemm_bf16_per1x32Fp4_BpreShuffle_256x256E,3699.47,1199.44,0.0
gfx950,256,9688,4608,4096,54,0,99.8144,_ZN5aiter42f4gemm_bf16_per1x32Fp4_BpreShuffle_256x256E,3663.9,1187.83,0.0
gfx950,256,9721,9216,4096,54,0,180.1792,_ZN5aiter42f4gemm_bf16_per1x32Fp4_BpreShuffle_256x256E,4073.23,1209.69,0.0
gfx950,256,9754,9216,4096,54,0,183.003,_ZN5aiter42f4gemm_bf16_per1x32Fp4_BpreShuffle_256x256E,4023.99,1194.71,0.0
gfx950,256,9755,4608,4096,54,0,98.8598,_ZN5aiter42f4gemm_bf16_per1x32Fp4_BpreShuffle_256x256E,3724.86,1206.94,0.0
gfx950,256,9793,4608,4096,54,0,102.135,_ZN5aiter42f4gemm_bf16_per1x32Fp4_BpreShuffle_256x256E,3619.46,1172.42,0.0
gfx950,256,9822,2304,4096,44,0,59.8183,_ZN5aiter42f4gemm_bf16_per1x32Fp4_BpreShuffle_128x384E,3099.12,1171.78,0.0
gfx950,256,9822,4096,2048,54,0,61.1316,_ZN5aiter42f4gemm_bf16_per1x32Fp4_BpreShuffle_256x256E,2695.59,1549.34,0.0
gfx950,256,9934,1280,4096,48,0,33.9167,_ZN5aiter42f4gemm_bf16_per1x32Fp4_BpreShuffle_160x384E,3071.22,1426.95,0.0
gfx950,256,9934,4096,1024,45,0,42.9642,_ZN5aiter42f4gemm_bf16_per1x32Fp4_BpreShuffle_128x512E,1939.58,2061.31,0.0
gfx950,256,9950,9216,4096,54,0,185.4738,_ZN5aiter42f4gemm_bf16_per1x32Fp4_BpreShuffle_256x256E,4050.17,1200.44,0.0
gfx950,256,9957,4096,1024,45,0,42.8737,_ZN5aiter42f4gemm_bf16_per1x32Fp4_BpreShuffle_128x512E,1948.17,2070.33,0.0
gfx950,256,9965,4608,4096,54,0,103.4705,_ZN5aiter42f4gemm_bf16_per1x32Fp4_BpreShuffle_256x256E,3635.49,1176.02,0.0
gfx950,256,9968,9216,4096,54,0,187.3691,_ZN5aiter42f4gemm_bf16_per1x32Fp4_BpreShuffle_256x256E,4016.45,1190.27,0.0
gfx950,256,10035,2304,4096,44,0,61.4055,_ZN5aiter42f4gemm_bf16_per1x32Fp4_BpreShuffle_128x384E,3084.48,1164.58,0.0
gfx950,256,10035,4096,2048,54,0,61.2739,_ZN5aiter42f4gemm_bf16_per1x32Fp4_BpreShuffle_256x256E,2747.65,1577.78,0.0
gfx950,256,10051,9216,4096,54,0,186.4026,_ZN5aiter42f4gemm_bf16_per1x32Fp4_BpreShuffle_256x256E,4070.89,1205.56,0.0
gfx950,256,10196,9216,4096,54,0,191.1578,_ZN5aiter42f4gemm_bf16_per1x32Fp4_BpreShuffle_256x256E,4026.89,1191.1,0.0
gfx950,256,10222,9216,4096,54,0,189.9069,_ZN5aiter42f4gemm_bf16_per1x32Fp4_BpreShuffle_256x256E,4063.76,1201.75,0.0
gfx950,256,10237,9216,4096,54,0,188.0186,_ZN5aiter42f4gemm_bf16_per1x32Fp4_BpreShuffle_256x256E,4110.59,1215.45,0.0
gfx950,256,10252,1280,4096,52,0,34.4985,_ZN5aiter42f4gemm_bf16_per1x32Fp4_BpreShuffle_224x256E,3116.08,1445.36,0.0
gfx950,256,10252,4096,1024,54,0,43.815,_ZN5aiter42f4gemm_bf16_per1x32Fp4_BpreShuffle_256x256E,1962.8,2084.46,0.0
gfx950,256,10252,9216,4096,54,0,186.1691,_ZN5aiter42f4gemm_bf16_per1x32Fp4_BpreShuffle_256x256E,4157.51,1229.18,0.0
gfx950,256,10290,1280,4096,54,0,34.2729,_ZN5aiter42f4gemm_bf16_per1x32Fp4_BpreShuffle_256x256E,3148.22,1459.98,0.0
gfx950,256,10290,4096,1024,54,0,43.6758,_ZN5aiter42f4gemm_bf16_per1x32Fp4_BpreShuffle_256x256E,1976.35,2098.68,0.0
gfx950,256,10292,1280,4096,52,0,34.3673,_ZN5aiter42f4gemm_bf16_per1x32Fp4_BpreShuffle_224x256E,3140.18,1456.24,0.0
gfx950,256,10292,4096,1024,54,0,43.925,_ZN5aiter42f4gemm_bf16_per1x32Fp4_BpreShuffle_256x256E,1965.52,2087.16,0.0
gfx950,256,10313,9216,4096,54,0,189.1322,_ZN5aiter42f4gemm_bf16_per1x32Fp4_BpreShuffle_256x256E,4116.73,1216.53,0.0
gfx950,256,10337,9216,4096,54,0,191.9891,_ZN5aiter42f4gemm_bf16_per1x32Fp4_BpreShuffle_256x256E,4064.9,1200.99,0.0
gfx950,256,10350,9216,4096,54,0,188.4686,_ZN5aiter42f4gemm_bf16_per1x32Fp4_BpreShuffle_256x256E,4146.04,1224.83,0.0
gfx950,256,10378,4608,4096,54,0,104.1795,_ZN5aiter42f4gemm_bf16_per1x32Fp4_BpreShuffle_256x256E,3760.4,1212.67,0.0
gfx950,256,10383,4608,4096,45,0,107.5359,_ZN5aiter42f4gemm_bf16_per1x32Fp4_BpreShuffle_128x512E,3644.78,1175.34,0.0
gfx950,256,10416,4608,4096,54,0,103.7603,_ZN5aiter42f4gemm_bf16_per1x32Fp4_BpreShuffle_256x256E,3789.41,1221.69,0.0
gfx950,256,10423,1280,4096,54,0,33.9841,_ZN5aiter42f4gemm_bf16_per1x32Fp4_BpreShuffle_256x256E,3216.01,1490.42,0.0
gfx950,256,10423,4096,1024,54,0,44.3006,_ZN5aiter42f4gemm_bf16_per1x32Fp4_BpreShuffle_256x256E,1973.66,2095.21,0.0
gfx950,256,10459,9216,4096,54,0,190.2746,_ZN5aiter42f4gemm_bf16_per1x32Fp4_BpreShuffle_256x256E,4149.94,1224.94,0.0
gfx950,256,10529,1280,4096,52,0,34.5337,_ZN5aiter42f4gemm_bf16_per1x32Fp4_BpreShuffle_224x256E,3197.01,1480.85,0.0
gfx950,256,10529,4096,1024,54,0,44.1998,_ZN5aiter42f4gemm_bf16_per1x32Fp4_BpreShuffle_256x256E,1998.28,2120.86,0.0
gfx950,256,10583,1280,4096,52,0,34.5277,_ZN5aiter42f4gemm_bf16_per1x32Fp4_BpreShuffle_224x256E,3213.96,1488.31,0.0
gfx950,256,10583,4096,1024,54,0,43.6973,_ZN5aiter42f4gemm_bf16_per1x32Fp4_BpreShuffle_256x256E,2031.63,2156.0,0.0
gfx950,256,10594,1280,4096,52,0,33.9489,_ZN5aiter42f4gemm_bf16_per1x32Fp4_BpreShuffle_224x256E,3272.16,1515.18,0.0
gfx950,256,10594,4096,1024,54,0,44.1099,_ZN5aiter42f4gemm_bf16_per1x32Fp4_BpreShuffle_256x256E,2014.72,2138.01,0.0
gfx950,256,10625,2304,4096,50,0,61.2391,_ZN5aiter42f4gemm_bf16_per1x32Fp4_BpreShuffle_192x256E,3274.71,1231.87,0.0
gfx950,256,10625,4096,2048,45,0,63.2603,_ZN5aiter42f4gemm_bf16_per1x32Fp4_BpreShuffle_128x512E,2817.85,1614.19,0.0
gfx950,256,10694,9216,4096,54,0,192.991,_ZN5aiter42f4gemm_bf16_per1x32Fp4_BpreShuffle_256x256E,4183.46,1232.64,0.0
gfx950,256,10716,9216,4096,54,0,194.1874,_ZN5aiter42f4gemm_bf16_per1x32Fp4_BpreShuffle_256x256E,4166.24,1227.36,0.0
gfx950,256,10784,9216,4096,45,0,202.7816,_ZN5aiter42f4gemm_bf16_per1x32Fp4_BpreShuffle_128x512E,4014.98,1182.21,0.0
gfx950,256,10811,2304,4096,44,0,62.7723,_ZN5aiter42f4gemm_bf16_per1x32Fp4_BpreShuffle_128x384E,3250.65,1221.5,0.0
gfx950,256,10811,4096,2048,54,0,64.5843,_ZN5aiter42f4gemm_bf16_per1x32Fp4_BpreShuffle_256x256E,2808.4,1607.64,0.0
gfx950,256,10835,9216,4096,45,0,203.3465,_ZN5aiter42f4gemm_bf16_per1x32Fp4_BpreShuffle_128x512E,4022.76,1184.06,0.0
gfx950,256,10896,1280,4096,54,0,34.1318,_ZN5aiter42f4gemm_bf16_per1x32Fp4_BpreShuffle_256x256E,3347.4,1547.83,0.0
gfx950,256,10896,4096,1024,54,0,43.9954,_ZN5aiter42f4gemm_bf16_per1x32Fp4_BpreShuffle_256x256E,2077.54,2203.32,0.0
gfx950,256,10927,9216,4096,54,0,206.9862,_ZN5aiter42f4gemm_bf16_per1x32Fp4_BpreShuffle_256x256E,3985.58,1172.35,0.0
gfx950,256,11000,9216,4096,54,0,206.5624,_ZN5aiter42f4gemm_bf16_per1x32Fp4_BpreShuffle_256x256E,4020.44,1181.99,0.0
gfx950,256,11052,1280,4096,54,0,36.7677,_ZN5aiter42f4gemm_bf16_per1x32Fp4_BpreShuffle_256x256E,3151.91,1456.42,0.0
gfx950,256,11052,4096,1024,54,0,44.8862,_ZN5aiter42f4gemm_bf16_per1x32Fp4_BpreShuffle_256x256E,2065.47,2189.84,0.0
gfx950,256,11058,9216,4096,54,0,205.7175,_ZN5aiter42f4gemm_bf16_per1x32Fp4_BpreShuffle_256x256E,4058.24,1192.62,0.0
gfx950,256,11083,4096,1024,54,0,45.5298,_ZN5aiter42f4gemm_bf16_per1x32Fp4_BpreShuffle_256x256E,2041.98,2164.81,0.0
gfx950,256,11093,2304,4096,54,0,67.4968,_ZN5aiter42f4gemm_bf16_per1x32Fp4_BpreShuffle_256x256E,3101.97,1163.81,0.0
gfx950,256,11093,4096,2048,54,0,64.0007,_ZN5aiter42f4gemm_bf16_per1x32Fp4_BpreShuffle_256x256E,2907.93,1662.91,0.0
gfx950,256,11120,4608,4096,54,0,118.1768,_ZN5aiter42f4gemm_bf16_per1x32Fp4_BpreShuffle_256x256E,3552.02,1139.76,0.0
gfx950,256,11137,9216,4096,54,0,210.5808,_ZN5aiter42f4gemm_bf16_per1x32Fp4_BpreShuffle_256x256E,3992.84,1172.76,0.0
gfx950,256,11159,1280,4096,54,0,36.5585,_ZN5aiter42f4gemm_bf16_per1x32Fp4_BpreShuffle_256x256E,3200.64,1478.24,0.0
gfx950,256,11159,4096,1024,54,0,45.1018,_ZN5aiter42f4gemm_bf16_per1x32Fp4_BpreShuffle_256x256E,2075.49,2200.03,0.0
gfx950,256,11383,1280,4096,52,0,35.1821,_ZN5aiter42f4gemm_bf16_per1x32Fp4_BpreShuffle_224x256E,3392.62,1565.41,0.0
gfx950,256,11383,4096,1024,45,0,45.781,_ZN5aiter42f4gemm_bf16_per1x32Fp4_BpreShuffle_128x512E,2085.75,2209.97,0.0
gfx950,256,11385,2304,4096,52,0,66.5784,_ZN5aiter42f4gemm_bf16_per1x32Fp4_BpreShuffle_224x256E,3227.54,1209.06,0.0
gfx950,256,11385,4096,2048,54,0,64.8427,_ZN5aiter42f4gemm_bf16_per1x32Fp4_BpreShuffle_256x256E,2945.72,1682.82,0.0
gfx950,256,11391,4096,1024,45,0,46.4762,_ZN5aiter42f4gemm_bf16_per1x32Fp4_BpreShuffle_128x512E,2055.99,2178.41,0.0
gfx950,256,11406,4608,4096,54,0,121.7328,_ZN5aiter42f4gemm_bf16_per1x32Fp4_BpreShuffle_256x256E,3536.94,1132.93,0.0
gfx950,256,11439,4608,4096,54,0,124.5308,_ZN5aiter42f4gemm_bf16_per1x32Fp4_BpreShuffle_256x256E,3467.48,1110.46,0.0
gfx950,256,11475,4608,4096,54,0,123.4044,_ZN5aiter42f4gemm_bf16_per1x32Fp4_BpreShuffle_256x256E,3510.14,1123.88,0.0
gfx950,256,11539,4608,4096,54,0,124.633,_ZN5aiter42f4gemm_bf16_per1x32Fp4_BpreShuffle_256x256E,3494.92,1118.58,0.0
gfx950,256,11545,4608,4096,54,0,124.292,_ZN5aiter42f4gemm_bf16_per1x32Fp4_BpreShuffle_256x256E,3506.33,1122.2,0.0
gfx950,256,11605,9216,4096,54,0,211.5204,_ZN5aiter42f4gemm_bf16_per1x32Fp4_BpreShuffle_256x256E,4142.14,1212.86,0.0
gfx950,256,11646,4096,1024,36,0,47.7194,_ZN5aiter42f4gemm_bf16_per1x32Fp4_BpreShuffle_64x1024E,2047.25,2168.17,0.0
gfx950,256,11671,1280,4096,54,0,36.6413,_ZN5aiter42f4gemm_bf16_per1x32Fp4_BpreShuffle_256x256E,3339.93,1539.29,0.0
gfx950,256,11671,4096,1024,54,0,46.0198,_ZN5aiter42f4gemm_bf16_per1x32Fp4_BpreShuffle_256x256E,2127.42,2252.98,0.0
gfx950,256,11716,9216,4096,54,0,210.9063,_ZN5aiter42f4gemm_bf16_per1x32Fp4_BpreShuffle_256x256E,4193.94,1227.17,0.0
gfx950,256,11769,1280,4096,54,0,35.6065,_ZN5aiter42f4gemm_bf16_per1x32Fp4_BpreShuffle_256x256E,3465.85,1596.7,0.0
gfx950,256,11769,4096,1024,54,0,46.2054,_ZN5aiter42f4gemm_bf16_per1x32Fp4_BpreShuffle_256x256E,2136.67,2262.39,0.0
gfx950,256,11785,4608,4096,52,0,124.7111,_ZN5aiter42f4gemm_bf16_per1x32Fp4_BpreShuffle_224x256E,3567.2,1140.1,0.0
gfx950,256,11801,9216,4096,54,0,216.091,_ZN5aiter42f4gemm_bf16_per1x32Fp4_BpreShuffle_256x256E,4123.01,1205.78,0.0
gfx950,256,11817,9216,4096,54,0,215.9574,_ZN5aiter42f4gemm_bf16_per1x32Fp4_BpreShuffle_256x256E,4131.16,1208.05,0.0
gfx950,256,11830,9216,4096,54,0,219.6654,_ZN5aiter42f4gemm_bf16_per1x32Fp4_BpreShuffle_256x256E,4065.89,1188.87,0.0
gfx950,256,11852,1280,4096,54,0,38.5029,_ZN5aiter42f4gemm_bf16_per1x32Fp4_BpreShuffle_256x256E,3227.74,1486.52,0.0
gfx950,256,11852,4096,1024,54,0,46.817,_ZN5aiter42f4gemm_bf16_per1x32Fp4_BpreShuffle_256x256E,2123.63,2248.26,0.0
gfx950,256,11869,9216,4096,54,0,218.0253,_ZN5aiter42f4gemm_bf16_per1x32Fp4_BpreShuffle_256x256E,4109.98,1201.47,0.0
gfx950,256,11870,4608,4096,54,0,124.4057,_ZN5aiter42f4gemm_bf16_per1x32Fp4_BpreShuffle_256x256E,3601.74,1150.6,0.0
gfx950,256,11977,4608,4096,54,0,125.6217,_ZN5aiter42f4gemm_bf16_per1x32Fp4_BpreShuffle_256x256E,3599.03,1149.05,0.0
gfx950,256,12022,2304,4096,48,0,68.3392,_ZN5aiter42f4gemm_bf16_per1x32Fp4_BpreShuffle_160x384E,3320.31,1239.95,0.0
gfx950,256,12022,4096,2048,54,0,66.7636,_ZN5aiter42f4gemm_bf16_per1x32Fp4_BpreShuffle_256x256E,3021.04,1722.33,0.0
gfx950,256,12064,2304,4096,52,0,69.0424,_ZN5aiter42f4gemm_bf16_per1x32Fp4_BpreShuffle_224x256E,3297.98,1231.37,0.0
gfx950,256,12064,4096,2048,54,0,66.8959,_ZN5aiter42f4gemm_bf16_per1x32Fp4_BpreShuffle_256x256E,3025.6,1724.71,0.0
gfx950,256,12072,9216,4096,54,0,221.8392,_ZN5aiter42f4gemm_bf16_per1x32Fp4_BpreShuffle_256x256E,4108.41,1199.56,0.0
gfx950,256,12138,4608,4096,54,0,125.4197,_ZN5aiter42f4gemm_bf16_per1x32Fp4_BpreShuffle_256x256E,3653.29,1165.36,0.0
gfx950,256,12158,9216,4096,54,0,218.8638,_ZN5aiter42f4gemm_bf16_per1x32Fp4_BpreShuffle_256x256E,4193.92,1223.91,0.0
gfx950,256,12184,1280,4096,54,0,37.2945,_ZN5aiter42f4gemm_bf16_per1x32Fp4_BpreShuffle_256x256E,3425.67,1575.71,0.0
gfx950,256,12184,4096,1024,54,0,45.1884,_ZN5aiter42f4gemm_bf16_per1x32Fp4_BpreShuffle_256x256E,2261.79,2393.24,0.0
gfx950,256,12200,9216,4096,54,0,222.1344,_ZN5aiter42f4gemm_bf16_per1x32Fp4_BpreShuffle_256x256E,4146.45,1209.76,0.0
gfx950,256,12241,1280,4096,54,0,36.7161,_ZN5aiter42f4gemm_bf16_per1x32Fp4_BpreShuffle_256x256E,3495.91,1607.69,0.0
gfx950,256,12241,4096,1024,54,0,46.4127,_ZN5aiter42f4gemm_bf16_per1x32Fp4_BpreShuffle_256x256E,2212.43,2340.8,0.0
gfx950,256,12252,1280,4096,54,0,37.2617,_ZN5aiter42f4gemm_bf16_per1x32Fp4_BpreShuffle_256x256E,3447.82,1585.51,0.0
gfx950,256,12252,4096,1024,54,0,46.1577,_ZN5aiter42f4gemm_bf16_per1x32Fp4_BpreShuffle_256x256E,2226.65,2355.81,0.0
gfx950,256,12262,4608,4096,54,0,128.1017,_ZN5aiter42f4gemm_bf16_per1x32Fp4_BpreShuffle_256x256E,3613.34,1151.87,0.0
gfx950,256,12353,9216,4096,54,0,222.0308,_ZN5aiter42f4gemm_bf16_per1x32Fp4_BpreShuffle_256x256E,4200.41,1224.44,0.0
gfx950,256,12432,9216,4096,54,0,225.5433,_ZN5aiter42f4gemm_bf16_per1x32Fp4_BpreShuffle_256x256E,4161.44,1212.55,0.0
gfx950,256,12445,9216,4096,54,0,228.3586,_ZN5aiter42f4gemm_bf16_per1x32Fp4_BpreShuffle_256x256E,4114.43,1198.76,0.0
gfx950,256,12497,1280,4096,54,0,41.0373,_ZN5aiter42f4gemm_bf16_per1x32Fp4_BpreShuffle_256x256E,3193.21,1467.14,0.0
gfx950,256,12497,4096,1024,54,0,54.299,_ZN5aiter42f4gemm_bf16_per1x32Fp4_BpreShuffle_256x256E,1930.65,2041.86,0.0
gfx950,256,12563,9216,4096,45,0,232.1858,_ZN5aiter42f4gemm_bf16_per1x32Fp4_BpreShuffle_128x512E,4084.98,1189.41,0.0
gfx950,256,12649,4608,4096,54,0,125.4679,_ZN5aiter42f4gemm_bf16_per1x32Fp4_BpreShuffle_256x256E,3805.62,1210.79,0.0
gfx950,256,12669,9216,4096,45,0,225.5565,_ZN5aiter42f4gemm_bf16_per1x32Fp4_BpreShuffle_128x512E,4240.52,1233.99,0.0
gfx950,256,12694,2304,4096,48,0,71.3636,_ZN5aiter42f4gemm_bf16_per1x32Fp4_BpreShuffle_160x384E,3357.33,1250.08,0.0
gfx950,256,12694,4096,2048,54,0,75.7951,_ZN5aiter42f4gemm_bf16_per1x32Fp4_BpreShuffle_256x256E,2809.81,1598.81,0.0
gfx950,256,12729,9216,4096,54,0,243.1029,_ZN5aiter42f4gemm_bf16_per1x32Fp4_BpreShuffle_256x256E,3953.09,1149.98,0.0
gfx950,256,12808,4608,4096,54,0,127.5149,_ZN5aiter42f4gemm_bf16_per1x32Fp4_BpreShuffle_256x256E,3791.6,1205.4,0.0
gfx950,256,12831,9216,4096,54,0,240.1159,_ZN5aiter42f4gemm_bf16_per1x32Fp4_BpreShuffle_256x256E,4034.34,1172.99,0.0
gfx950,256,12838,4608,4096,54,0,130.7725,_ZN5aiter42f4gemm_bf16_per1x32Fp4_BpreShuffle_256x256E,3705.81,1177.96,0.0
gfx950,256,12849,4608,4096,54,0,130.5329,_ZN5aiter42f4gemm_bf16_per1x32Fp4_BpreShuffle_256x256E,3715.8,1181.07,0.0
gfx950,256,12903,1280,4096,54,0,36.5723,_ZN5aiter42f4gemm_bf16_per1x32Fp4_BpreShuffle_256x256E,3699.46,1697.42,0.0
gfx950,256,12903,4096,1024,54,0,55.8067,_ZN5aiter42f4gemm_bf16_per1x32Fp4_BpreShuffle_256x256E,1939.52,2050.02,0.0
gfx950,256,12911,1280,4096,54,0,42.9806,_ZN5aiter42f4gemm_bf16_per1x32Fp4_BpreShuffle_256x256E,3149.83,1445.19,0.0
gfx950,256,12911,4096,1024,45,0,56.0335,_ZN5aiter42f4gemm_bf16_per1x32Fp4_BpreShuffle_128x512E,1932.87,2042.97,0.0
gfx950,256,12966,4608,4096,54,0,127.1098,_ZN5aiter42f4gemm_bf16_per1x32Fp4_BpreShuffle_256x256E,3850.61,1223.24,0.0
gfx950,256,13066,9216,4096,54,0,242.0541,_ZN5aiter42f4gemm_bf16_per1x32Fp4_BpreShuffle_256x256E,4075.33,1183.48,0.0
gfx950,256,13135,9216,4096,54,0,244.5876,_ZN5aiter42f4gemm_bf16_per1x32Fp4_BpreShuffle_256x256E,4054.41,1177.0,0.0
gfx950,256,13175,4608,4096,54,0,132.6957,_ZN5aiter42f4gemm_bf16_per1x32Fp4_BpreShuffle_256x256E,3747.97,1189.49,0.0
gfx950,256,13267,4608,4096,54,0,131.5226,_ZN5aiter42f4gemm_bf16_per1x32Fp4_BpreShuffle_256x256E,3807.81,1207.98,0.0
gfx950,256,13273,4608,4096,54,0,133.701,_ZN5aiter42f4gemm_bf16_per1x32Fp4_BpreShuffle_256x256E,3747.46,1188.8,0.0
gfx950,256,13281,1280,4096,44,0,51.7967,_ZN5aiter42f4gemm_bf16_per1x32Fp4_BpreShuffle_128x384E,2688.61,1232.13,0.0
gfx950,256,13281,4096,1024,45,0,56.5385,_ZN5aiter42f4gemm_bf16_per1x32Fp4_BpreShuffle_128x512E,1970.5,2081.68,0.0
gfx950,256,13319,1280,4096,47,0,51.3304,_ZN5aiter42f4gemm_bf16_per1x32Fp4_BpreShuffle_160x256E,2720.8,1246.73,0.0
gfx950,256,13319,4096,1024,54,0,56.0691,_ZN5aiter42f4gemm_bf16_per1x32Fp4_BpreShuffle_256x256E,1992.68,2105.0,0.0
gfx950,256,13424,4096,1024,45,0,56.7536,_ZN5aiter42f4gemm_bf16_per1x32Fp4_BpreShuffle_128x512E,1984.17,2095.72,0.0
gfx950,256,13443,9216,4096,54,0,244.0765,_ZN5aiter42f4gemm_bf16_per1x32Fp4_BpreShuffle_256x256E,4158.17,1205.31,0.0
gfx950,256,13444,4096,1024,45,0,56.6633,_ZN5aiter42f4gemm_bf16_per1x32Fp4_BpreShuffle_128x512E,1990.29,2102.13,0.0
gfx950,256,13474,1280,4096,47,0,51.9655,_ZN5aiter42f4gemm_bf16_per1x32Fp4_BpreShuffle_160x256E,2718.83,1245.24,0.0
gfx950,256,13474,4096,1024,54,0,57.1734,_ZN5aiter42f4gemm_bf16_per1x32Fp4_BpreShuffle_256x256E,1976.94,2087.94,0.0
gfx950,256,13508,4608,4096,54,0,132.0878,_ZN5aiter42f4gemm_bf16_per1x32Fp4_BpreShuffle_256x256E,3860.39,1223.36,0.0
gfx950,256,13508,9216,4096,54,0,244.4253,_ZN5aiter42f4gemm_bf16_per1x32Fp4_BpreShuffle_256x256E,4172.32,1209.03,0.0
gfx950,256,13524,2304,4096,48,0,72.3177,_ZN5aiter42f4gemm_bf16_per1x32Fp4_BpreShuffle_160x384E,3529.66,1309.97,0.0
gfx950,256,13524,4096,2048,54,0,81.2547,_ZN5aiter42f4gemm_bf16_per1x32Fp4_BpreShuffle_256x256E,2792.39,1585.53,0.0
gfx950,256,13535,4608,4096,54,0,134.813,_ZN5aiter42f4gemm_bf16_per1x32Fp4_BpreShuffle_256x256E,3789.91,1200.89,0.0
gfx950,256,13555,9216,4096,54,0,242.9407,_ZN5aiter42f4gemm_bf16_per1x32Fp4_BpreShuffle_256x256E,4212.42,1220.38,0.0
gfx950,256,13587,2304,4096,48,0,71.4268,_ZN5aiter42f4gemm_bf16_per1x32Fp4_BpreShuffle_160x384E,3590.33,1332.18,0.0
gfx950,256,13587,4096,2048,45,0,81.5346,_ZN5aiter42f4gemm_bf16_per1x32Fp4_BpreShuffle_128x512E,2795.77,1587.2,0.0
gfx950,256,13592,4608,4096,54,0,133.4933,_ZN5aiter42f4gemm_bf16_per1x32Fp4_BpreShuffle_256x256E,3843.49,1217.57,0.0
gfx950,256,13601,2304,4096,54,0,77.4665,_ZN5aiter42f4gemm_bf16_per1x32Fp4_BpreShuffle_256x256E,3313.82,1229.52,0.0
gfx950,256,13601,4096,2048,54,0,79.1185,_ZN5aiter42f4gemm_bf16_per1x32Fp4_BpreShuffle_256x256E,2884.12,1637.31,0.0
gfx950,256,13692,1280,4096,47,0,51.4427,_ZN5aiter42f4gemm_bf16_per1x32Fp4_BpreShuffle_160x256E,2790.89,1277.42,0.0
gfx950,256,13692,4096,1024,45,0,57.7963,_ZN5aiter42f4gemm_bf16_per1x32Fp4_BpreShuffle_128x512E,1987.27,2098.27,0.0
gfx950,256,13700,4608,4096,54,0,132.4844,_ZN5aiter42f4gemm_bf16_per1x32Fp4_BpreShuffle_256x256E,3903.54,1236.02,0.0
gfx950,256,13704,2304,4096,54,0,72.6157,_ZN5aiter42f4gemm_bf16_per1x32Fp4_BpreShuffle_256x256E,3561.96,1321.1,0.0
gfx950,256,13704,4096,2048,54,0,81.0714,_ZN5aiter42f4gemm_bf16_per1x32Fp4_BpreShuffle_256x256E,2835.96,1609.57,0.0
gfx950,256,13741,9216,4096,54,0,250.9526,_ZN5aiter42f4gemm_bf16_per1x32Fp4_BpreShuffle_256x256E,4133.89,1196.6,0.0
gfx950,256,13790,9216,4096,54,0,250.5242,_ZN5aiter42f4gemm_bf16_per1x32Fp4_BpreShuffle_256x256E,4155.73,1202.65,0.0
gfx950,256,13854,9216,4096,54,0,252.5437,_ZN5aiter42f4gemm_bf16_per1x32Fp4_BpreShuffle_256x256E,4141.63,1198.23,0.0
gfx950,256,13872,1280,4096,47,0,52.2695,_ZN5aiter42f4gemm_bf16_per1x32Fp4_BpreShuffle_160x256E,2782.86,1273.09,0.0
gfx950,256,13872,4096,1024,45,0,57.7227,_ZN5aiter42f4gemm_bf16_per1x32Fp4_BpreShuffle_128x512E,2015.96,2128.09,0.0
gfx950,256,13879,9216,4096,54,0,251.6261,_ZN5aiter42f4gemm_bf16_per1x32Fp4_BpreShuffle_256x256E,4164.23,1204.63,0.0
gfx950,256,13893,1280,4096,47,0,52.2295,_ZN5aiter42f4gemm_bf16_per1x32Fp4_BpreShuffle_160x256E,2789.2,1275.91,0.0
gfx950,256,13893,4096,1024,45,0,56.9591,_ZN5aiter42f4gemm_bf16_per1x32Fp4_BpreShuffle_128x512E,2046.08,2159.83,0.0
gfx950,256,13914,4096,1024,45,0,58.1979,_ZN5aiter42f4gemm_bf16_per1x32Fp4_BpreShuffle_128x512E,2005.56,2116.99,0.0
gfx950,256,13990,9216,4096,54,0,254.5655,_ZN5aiter42f4gemm_bf16_per1x32Fp4_BpreShuffle_256x256E,4149.07,1199.65,0.0
gfx950,256,14023,4608,4096,54,0,135.0807,_ZN5aiter42f4gemm_bf16_per1x32Fp4_BpreShuffle_256x256E,3918.77,1239.2,0.0
gfx950,256,14065,4608,4096,54,0,135.2803,_ZN5aiter42f4gemm_bf16_per1x32Fp4_BpreShuffle_256x256E,3924.71,1240.87,0.0
gfx950,256,14066,2304,4096,54,0,75.3329,_ZN5aiter42f4gemm_bf16_per1x32Fp4_BpreShuffle_256x256E,3524.18,1305.43,0.0
gfx950,256,14066,4096,2048,45,0,81.8858,_ZN5aiter42f4gemm_bf16_per1x32Fp4_BpreShuffle_128x512E,2881.92,1634.31,0.0
gfx950,256,14098,9216,4096,54,0,254.6507,_ZN5aiter42f4gemm_bf16_per1x32Fp4_BpreShuffle_256x256E,4179.7,1207.93,0.0
gfx950,256,14128,1280,4096,44,0,53.1835,_ZN5aiter42f4gemm_bf16_per1x32Fp4_BpreShuffle_128x384E,2785.5,1273.39,0.0
gfx950,256,14128,4096,1024,54,0,57.2844,_ZN5aiter42f4gemm_bf16_per1x32Fp4_BpreShuffle_256x256E,2068.87,2183.27,0.0
gfx950,256,14140,4608,4096,54,0,137.6887,_ZN5aiter42f4gemm_bf16_per1x32Fp4_BpreShuffle_256x256E,3876.62,1225.3,0.0
gfx950,256,14160,2304,4096,54,0,78.6086,_ZN5aiter42f4gemm_bf16_per1x32Fp4_BpreShuffle_256x256E,3399.9,1258.99,0.0
gfx950,256,14160,4096,2048,54,0,82.0855,_ZN5aiter42f4gemm_bf16_per1x32Fp4_BpreShuffle_256x256E,2894.12,1640.88,0.0
gfx950,256,14168,9216,4096,54,0,248.8518,_ZN5aiter42f4gemm_bf16_per1x32Fp4_BpreShuffle_256x256E,4298.33,1241.84,0.0
gfx950,256,14175,1280,4096,44,0,53.5509,_ZN5aiter42f4gemm_bf16_per1x32Fp4_BpreShuffle_128x384E,2775.6,1268.7,0.0
gfx950,256,14175,4096,1024,45,0,58.97,_ZN5aiter42f4gemm_bf16_per1x32Fp4_BpreShuffle_128x512E,2016.42,2127.8,0.0
gfx950,256,14184,1280,4096,47,0,52.8691,_ZN5aiter42f4gemm_bf16_per1x32Fp4_BpreShuffle_160x256E,2813.17,1285.84,0.0
gfx950,256,14184,4096,1024,54,0,58.632,_ZN5aiter42f4gemm_bf16_per1x32Fp4_BpreShuffle_256x256E,2029.34,2141.4,0.0
gfx950,256,14206,1280,4096,44,0,54.0047,_ZN5aiter42f4gemm_bf16_per1x32Fp4_BpreShuffle_128x384E,2758.29,1260.68,0.0
gfx950,256,14206,4096,1024,45,0,57.8708,_ZN5aiter42f4gemm_bf16_per1x32Fp4_BpreShuffle_128x512E,2059.22,2172.88,0.0
gfx950,256,14249,9216,4096,54,0,256.3495,_ZN5aiter42f4gemm_bf16_per1x32Fp4_BpreShuffle_256x256E,4196.47,1211.99,0.0
gfx950,256,14290,9216,4096,54,0,256.8499,_ZN5aiter42f4gemm_bf16_per1x32Fp4_BpreShuffle_256x256E,4200.35,1212.9,0.0
gfx950,256,14323,1280,4096,44,0,53.0759,_ZN5aiter42f4gemm_bf16_per1x32Fp4_BpreShuffle_128x384E,2829.67,1292.9,0.0
gfx950,256,14323,4096,1024,54,0,57.832,_ZN5aiter42f4gemm_bf16_per1x32Fp4_BpreShuffle_256x256E,2077.57,2191.94,0.0
gfx950,256,14325,1280,4096,47,0,52.1463,_ZN5aiter42f4gemm_bf16_per1x32Fp4_BpreShuffle_160x256E,2880.52,1316.12,0.0
gfx950,256,14325,4096,1024,54,0,57.9839,_ZN5aiter42f4gemm_bf16_per1x32Fp4_BpreShuffle_256x256E,2072.42,2186.5,0.0
gfx950,256,14326,9216,4096,54,0,251.9061,_ZN5aiter42f4gemm_bf16_per1x32Fp4_BpreShuffle_256x256E,4293.57,1239.63,0.0
gfx950,256,14390,1280,4096,47,0,53.9148,_ZN5aiter42f4gemm_bf16_per1x32Fp4_BpreShuffle_160x256E,2798.68,1278.51,0.0
gfx950,256,14390,4096,1024,54,0,58.5124,_ZN5aiter42f4gemm_bf16_per1x32Fp4_BpreShuffle_256x256E,2063.02,2176.42,0.0
gfx950,256,14416,9216,4096,45,0,264.0052,_ZN5aiter42f4gemm_bf16_per1x32Fp4_BpreShuffle_128x512E,4122.54,1189.8,0.0
gfx950,256,14431,1280,4096,44,0,53.2188,_ZN5aiter42f4gemm_bf16_per1x32Fp4_BpreShuffle_128x384E,2843.36,1298.78,0.0
gfx950,256,14431,4096,1024,54,0,59.4164,_ZN5aiter42f4gemm_bf16_per1x32Fp4_BpreShuffle_256x256E,2037.42,2149.32,0.0
gfx950,256,14488,4608,4096,54,0,147.3372,_ZN5aiter42f4gemm_bf16_per1x32Fp4_BpreShuffle_256x256E,3711.92,1171.67,0.0
gfx950,256,14494,9216,4096,54,0,264.5105,_ZN5aiter42f4gemm_bf16_per1x32Fp4_BpreShuffle_256x256E,4136.93,1193.57,0.0
gfx950,256,14522,9216,4096,54,0,272.7162,_ZN5aiter42f4gemm_bf16_per1x32Fp4_BpreShuffle_256x256E,4020.2,1159.76,0.0
gfx950,256,14538,4608,4096,54,0,146.8053,_ZN5aiter42f4gemm_bf16_per1x32Fp4_BpreShuffle_256x256E,3738.22,1179.75,0.0
gfx950,256,14545,9216,4096,54,0,270.2381,_ZN5aiter42f4gemm_bf16_per1x32Fp4_BpreShuffle_256x256E,4063.49,1172.14,0.0
gfx950,256,14565,4608,4096,54,0,145.5677,_ZN5aiter42f4gemm_bf16_per1x32Fp4_BpreShuffle_256x256E,3777.01,1191.87,0.0
gfx950,256,14574,4608,4096,54,0,148.5681,_ZN5aiter42f4gemm_bf16_per1x32Fp4_BpreShuffle_256x256E,3703.02,1168.48,0.0
gfx950,256,14603,4608,4096,54,0,150.8902,_ZN5aiter42f4gemm_bf16_per1x32Fp4_BpreShuffle_256x256E,3653.28,1152.66,0.0
gfx950,256,14649,1280,4096,47,0,53.9508,_ZN5aiter42f4gemm_bf16_per1x32Fp4_BpreShuffle_160x256E,2847.15,1299.78,0.0
gfx950,256,14649,4096,1024,54,0,58.388,_ZN5aiter42f4gemm_bf16_per1x32Fp4_BpreShuffle_256x256E,2104.62,2219.67,0.0
gfx950,256,14679,1280,4096,47,0,54.4472,_ZN5aiter42f4gemm_bf16_per1x32Fp4_BpreShuffle_160x256E,2826.97,1290.47,0.0
gfx950,256,14679,4096,1024,54,0,58.284,_ZN5aiter42f4gemm_bf16_per1x32Fp4_BpreShuffle_256x256E,2112.7,2228.11,0.0
gfx950,256,14703,9216,4096,54,0,272.8836,_ZN5aiter42f4gemm_bf16_per1x32Fp4_BpreShuffle_256x256E,4067.81,1172.63,0.0
gfx950,256,14704,9216,4096,54,0,271.7218,_ZN5aiter42f4gemm_bf16_per1x32Fp4_BpreShuffle_256x256E,4085.48,1177.72,0.0
gfx950,256,14705,9216,4096,54,0,267.7543,_ZN5aiter42f4gemm_bf16_per1x32Fp4_BpreShuffle_256x256E,4146.3,1195.25,0.0
gfx950,256,14744,9216,4096,54,0,272.2931,_ZN5aiter42f4gemm_bf16_per1x32Fp4_BpreShuffle_256x256E,4088.0,1178.26,0.0
gfx950,256,14759,9216,4096,54,0,267.6871,_ZN5aiter42f4gemm_bf16_per1x32Fp4_BpreShuffle_256x256E,4162.57,1199.68,0.0
gfx950,256,14772,1280,4096,47,0,53.6696,_ZN5aiter42f4gemm_bf16_per1x32Fp4_BpreShuffle_160x256E,2886.1,1317.15,0.0
gfx950,256,14772,4096,1024,54,0,58.4449,_ZN5aiter42f4gemm_bf16_per1x32Fp4_BpreShuffle_256x256E,2120.23,2235.83,0.0
gfx950,256,14778,1280,4096,44,0,55.0708,_ZN5aiter42f4gemm_bf16_per1x32Fp4_BpreShuffle_128x384E,2813.81,1284.14,0.0
gfx950,256,14778,4096,1024,36,0,60.024,_ZN5aiter42f4gemm_bf16_per1x32Fp4_BpreShuffle_64x1024E,2065.29,2177.88,0.0
gfx950,256,14797,4608,4096,54,0,145.4196,_ZN5aiter42f4gemm_bf16_per1x32Fp4_BpreShuffle_256x256E,3841.08,1211.05,0.0
gfx950,256,14812,4096,1024,45,0,59.9022,_ZN5aiter42f4gemm_bf16_per1x32Fp4_BpreShuffle_128x512E,2074.25,2187.25,0.0
gfx950,256,14822,4608,4096,54,0,148.7201,_ZN5aiter42f4gemm_bf16_per1x32Fp4_BpreShuffle_256x256E,3762.18,1186.07,0.0
gfx950,256,14841,9216,4096,54,0,269.9593,_ZN5aiter42f4gemm_bf16_per1x32Fp4_BpreShuffle_256x256E,4150.47,1195.8,0.0
gfx950,256,14862,1280,4096,47,0,53.9672,_ZN5aiter42f4gemm_bf16_per1x32Fp4_BpreShuffle_160x256E,2887.67,1317.57,0.0
gfx950,256,14862,4096,1024,54,0,58.3005,_ZN5aiter42f4gemm_bf16_per1x32Fp4_BpreShuffle_256x256E,2138.43,2254.8,0.0
gfx950,256,14882,9216,4096,54,0,273.7924,_ZN5aiter42f4gemm_bf16_per1x32Fp4_BpreShuffle_256x256E,4103.67,1182.13,0.0
gfx950,256,14898,1280,4096,47,0,55.8376,_ZN5aiter42f4gemm_bf16_per1x32Fp4_BpreShuffle_160x256E,2797.7,1276.41,0.0
gfx950,256,14898,4096,1024,54,0,59.4308,_ZN5aiter42f4gemm_bf16_per1x32Fp4_BpreShuffle_256x256E,2102.84,2217.19,0.0
gfx950,256,14900,1280,4096,47,0,54.334,_ZN5aiter42f4gemm_bf16_per1x32Fp4_BpreShuffle_160x256E,2875.51,1311.9,0.0
gfx950,256,14900,4096,1024,54,0,60.0628,_ZN5aiter42f4gemm_bf16_per1x32Fp4_BpreShuffle_256x256E,2080.99,2194.15,0.0
gfx950,256,14911,9216,4096,54,0,269.0972,_ZN5aiter42f4gemm_bf16_per1x32Fp4_BpreShuffle_256x256E,4183.41,1204.96,0.0
gfx950,256,14914,1280,4096,47,0,55.0552,_ZN5aiter42f4gemm_bf16_per1x32Fp4_BpreShuffle_160x256E,2840.51,1295.88,0.0
gfx950,256,14914,4096,1024,54,0,59.128,_ZN5aiter42f4gemm_bf16_per1x32Fp4_BpreShuffle_256x256E,2115.88,2230.9,0.0
gfx950,256,14930,1280,4096,47,0,54.816,_ZN5aiter42f4gemm_bf16_per1x32Fp4_BpreShuffle_160x256E,2855.96,1302.88,0.0
gfx950,256,14930,4096,1024,54,0,58.1935,_ZN5aiter42f4gemm_bf16_per1x32Fp4_BpreShuffle_256x256E,2152.16,2269.12,0.0
gfx950,256,14953,9216,4096,54,0,271.8444,_ZN5aiter42f4gemm_bf16_per1x32Fp4_BpreShuffle_256x256E,4152.79,1195.95,0.0
gfx950,256,14962,2304,4096,44,0,89.9784,_ZN5aiter42f4gemm_bf16_per1x32Fp4_BpreShuffle_128x384E,3138.51,1159.23,0.0
gfx950,256,14962,4096,2048,54,0,83.3455,_ZN5aiter42f4gemm_bf16_per1x32Fp4_BpreShuffle_256x256E,3011.81,1704.76,0.0
gfx950,256,14967,4608,4096,54,0,148.4814,_ZN5aiter42f4gemm_bf16_per1x32Fp4_BpreShuffle_256x256E,3805.09,1198.97,0.0
gfx950,256,14968,1280,4096,47,0,54.032,_ZN5aiter42f4gemm_bf16_per1x32Fp4_BpreShuffle_160x256E,2904.78,1325.03,0.0
gfx950,256,14968,4096,1024,54,0,59.1496,_ZN5aiter42f4gemm_bf16_per1x32Fp4_BpreShuffle_256x256E,2122.76,2238.03,0.0
gfx950,256,14979,1280,4096,47,0,55.0696,_ZN5aiter42f4gemm_bf16_per1x32Fp4_BpreShuffle_160x256E,2852.14,1300.98,0.0
gfx950,256,14979,4096,1024,54,0,58.9078,_ZN5aiter42f4gemm_bf16_per1x32Fp4_BpreShuffle_256x256E,2133.04,2248.84,0.0
gfx950,256,15006,1280,4096,47,0,52.7396,_ZN5aiter42f4gemm_bf16_per1x32Fp4_BpreShuffle_160x256E,2983.51,1360.82,0.0
gfx950,256,15006,4096,1024,54,0,59.7809,_ZN5aiter42f4gemm_bf16_per1x32Fp4_BpreShuffle_256x256E,2105.68,2219.93,0.0
gfx950,256,15006,9216,4096,54,0,272.4682,_ZN5aiter42f4gemm_bf16_per1x32Fp4_BpreShuffle_256x256E,4157.97,1197.19,0.0
gfx950,256,15041,9216,4096,54,0,272.137,_ZN5aiter42f4gemm_bf16_per1x32Fp4_BpreShuffle_256x256E,4172.74,1201.28,0.0
gfx950,256,15064,9216,4096,54,0,270.4087,_ZN5aiter42f4gemm_bf16_per1x32Fp4_BpreShuffle_256x256E,4205.83,1210.7,0.0
gfx950,256,15070,1280,4096,47,0,54.5792,_ZN5aiter42f4gemm_bf16_per1x32Fp4_BpreShuffle_160x256E,2895.25,1320.36,0.0
gfx950,256,15070,4096,1024,54,0,59.0972,_ZN5aiter42f4gemm_bf16_per1x32Fp4_BpreShuffle_256x256E,2139.13,2255.04,0.0
gfx950,256,15078,1280,4096,47,0,53.0143,_ZN5aiter42f4gemm_bf16_per1x32Fp4_BpreShuffle_160x256E,2982.3,1360.03,0.0
gfx950,256,15078,4096,1024,54,0,59.5904,_ZN5aiter42f4gemm_bf16_per1x32Fp4_BpreShuffle_256x256E,2122.55,2237.54,0.0
gfx950,256,15079,9216,4096,54,0,268.5854,_ZN5aiter42f4gemm_bf16_per1x32Fp4_BpreShuffle_256x256E,4238.6,1220.07,0.0
gfx950,256,15090,1280,4096,47,0,53.6536,_ZN5aiter42f4gemm_bf16_per1x32Fp4_BpreShuffle_160x256E,2949.11,1344.85,0.0
gfx950,256,15090,4096,1024,54,0,58.8708,_ZN5aiter42f4gemm_bf16_per1x32Fp4_BpreShuffle_256x256E,2150.2,2266.67,0.0
gfx950,256,15095,1280,4096,44,0,53.9896,_ZN5aiter42f4gemm_bf16_per1x32Fp4_BpreShuffle_128x384E,2931.72,1336.91,0.0
gfx950,256,15095,4096,1024,54,0,59.0448,_ZN5aiter42f4gemm_bf16_per1x32Fp4_BpreShuffle_256x256E,2144.58,2260.72,0.0
gfx950,256,15099,2304,4096,44,0,89.0371,_ZN5aiter42f4gemm_bf16_per1x32Fp4_BpreShuffle_128x384E,3200.73,1181.73,0.0
gfx950,256,15099,4096,2048,54,0,82.2454,_ZN5aiter42f4gemm_bf16_per1x32Fp4_BpreShuffle_256x256E,3080.04,1742.91,0.0
gfx950,256,15108,1280,4096,47,0,53.5396,_ZN5aiter42f4gemm_bf16_per1x32Fp4_BpreShuffle_160x256E,2958.91,1349.26,0.0
gfx950,256,15108,4096,1024,54,0,58.5751,_ZN5aiter42f4gemm_bf16_per1x32Fp4_BpreShuffle_256x256E,2163.63,2280.78,0.0
gfx950,256,15117,1280,4096,47,0,54.1132,_ZN5aiter42f4gemm_bf16_per1x32Fp4_BpreShuffle_160x256E,2929.29,1335.73,0.0
gfx950,256,15117,4096,1024,54,0,59.7924,_ZN5aiter42f4gemm_bf16_per1x32Fp4_BpreShuffle_256x256E,2120.85,2235.66,0.0
gfx950,256,15125,9216,4096,54,0,270.8251,_ZN5aiter42f4gemm_bf16_per1x32Fp4_BpreShuffle_256x256E,4216.37,1213.46,0.0
gfx950,256,15126,9216,4096,54,0,275.1019,_ZN5aiter42f4gemm_bf16_per1x32Fp4_BpreShuffle_256x256E,4151.1,1194.67,0.0
gfx950,256,15151,1280,4096,47,0,55.5008,_ZN5aiter42f4gemm_bf16_per1x32Fp4_BpreShuffle_160x256E,2862.48,1305.16,0.0
gfx950,256,15151,4096,1024,36,0,60.1099,_ZN5aiter42f4gemm_bf16_per1x32Fp4_BpreShuffle_64x1024E,2114.39,2228.78,0.0
gfx950,256,15167,2304,4096,44,0,90.0281,_ZN5aiter42f4gemm_bf16_per1x32Fp4_BpreShuffle_128x384E,3179.76,1173.75,0.0
gfx950,256,15167,4096,2048,54,0,84.3607,_ZN5aiter42f4gemm_bf16_per1x32Fp4_BpreShuffle_256x256E,3016.33,1706.64,0.0
gfx950,256,15172,1280,4096,47,0,55.4488,_ZN5aiter42f4gemm_bf16_per1x32Fp4_BpreShuffle_160x256E,2869.13,1308.13,0.0
gfx950,256,15172,4096,1024,54,0,60.2876,_ZN5aiter42f4gemm_bf16_per1x32Fp4_BpreShuffle_256x256E,2111.08,2225.24,0.0
gfx950,256,15175,9216,4096,54,0,275.3803,_ZN5aiter42f4gemm_bf16_per1x32Fp4_BpreShuffle_256x256E,4160.33,1197.1,0.0
gfx950,256,15179,9216,4096,54,0,274.7454,_ZN5aiter42f4gemm_bf16_per1x32Fp4_BpreShuffle_256x256E,4171.05,1200.17,0.0
gfx950,256,15188,9216,4096,54,0,275.7807,_ZN5aiter42f4gemm_bf16_per1x32Fp4_BpreShuffle_256x256E,4157.85,1196.33,0.0
gfx950,256,15195,1280,4096,44,0,54.6764,_ZN5aiter42f4gemm_bf16_per1x32Fp4_BpreShuffle_128x384E,2914.07,1328.54,0.0
gfx950,256,15195,4096,1024,54,0,60.0916,_ZN5aiter42f4gemm_bf16_per1x32Fp4_BpreShuffle_256x256E,2121.18,2235.83,0.0
gfx950,256,15199,9216,4096,54,0,279.2787,_ZN5aiter42f4gemm_bf16_per1x32Fp4_BpreShuffle_256x256E,4108.75,1182.15,0.0
gfx950,256,15200,9216,4096,54,0,274.8744,_ZN5aiter42f4gemm_bf16_per1x32Fp4_BpreShuffle_256x256E,4174.86,1201.17,0.0
gfx950,256,15212,9216,4096,54,0,270.5525,_ZN5aiter42f4gemm_bf16_per1x32Fp4_BpreShuffle_256x256E,4244.9,1221.26,0.0
gfx950,256,15218,1280,4096,47,0,54.2668,_ZN5aiter42f4gemm_bf16_per1x32Fp4_BpreShuffle_160x256E,2940.51,1340.52,0.0
gfx950,256,15218,4096,1024,45,0,60.5342,_ZN5aiter42f4gemm_bf16_per1x32Fp4_BpreShuffle_128x512E,2108.85,2222.79,0.0
gfx950,256,15225,9216,4096,54,0,278.27,_ZN5aiter42f4gemm_bf16_per1x32Fp4_BpreShuffle_256x256E,4130.7,1188.35,0.0
gfx950,256,15244,2304,4096,44,0,92.7175,_ZN5aiter42f4gemm_bf16_per1x32Fp4_BpreShuffle_128x384E,3103.2,1145.23,0.0
gfx950,256,15244,4096,2048,54,0,84.313,_ZN5aiter42f4gemm_bf16_per1x32Fp4_BpreShuffle_256x256E,3033.36,1716.02,0.0
gfx950,256,15258,4608,4096,54,0,156.7266,_ZN5aiter42f4gemm_bf16_per1x32Fp4_BpreShuffle_256x256E,3675.0,1156.81,0.0
gfx950,256,15270,9216,4096,54,0,277.2543,_ZN5aiter42f4gemm_bf16_per1x32Fp4_BpreShuffle_256x256E,4158.08,1196.03,0.0
gfx950,256,15280,1280,4096,47,0,55.4568,_ZN5aiter42f4gemm_bf16_per1x32Fp4_BpreShuffle_160x256E,2889.14,1316.91,0.0
gfx950,256,15280,4096,1024,54,0,59.5172,_ZN5aiter42f4gemm_bf16_per1x32Fp4_BpreShuffle_256x256E,2153.63,2269.84,0.0
gfx950,256,15309,9216,4096,54,0,282.5312,_ZN5aiter42f4gemm_bf16_per1x32Fp4_BpreShuffle_256x256E,4090.84,1176.52,0.0
gfx950,256,15330,1280,4096,44,0,56.1444,_ZN5aiter42f4gemm_bf16_per1x32Fp4_BpreShuffle_128x384E,2863.09,1304.89,0.0
gfx950,256,15330,4096,1024,54,0,59.8204,_ZN5aiter42f4gemm_bf16_per1x32Fp4_BpreShuffle_256x256E,2149.72,2265.61,0.0
gfx950,256,15332,9216,4096,54,0,276.4203,_ZN5aiter42f4gemm_bf16_per1x32Fp4_BpreShuffle_256x256E,4187.56,1204.23,0.0
gfx950,256,15339,9216,4096,54,0,274.5579,_ZN5aiter42f4gemm_bf16_per1x32Fp4_BpreShuffle_256x256E,4217.89,1212.92,0.0
gfx950,256,15360,9216,4096,54,0,272.0315,_ZN5aiter42f4gemm_bf16_per1x32Fp4_BpreShuffle_256x256E,4262.89,1225.77,0.0
gfx950,256,15368,1280,4096,47,0,53.2004,_ZN5aiter42f4gemm_bf16_per1x32Fp4_BpreShuffle_160x256E,3029.02,1380.39,0.0
gfx950,256,15368,4096,1024,54,0,59.2293,_ZN5aiter42f4gemm_bf16_per1x32Fp4_BpreShuffle_256x256E,2176.56,2293.8,0.0
gfx950,256,15372,1280,4096,47,0,55.5596,_ZN5aiter42f4gemm_bf16_per1x32Fp4_BpreShuffle_160x256E,2901.16,1322.1,0.0
gfx950,256,15372,4096,1024,54,0,60.0212,_ZN5aiter42f4gemm_bf16_per1x32Fp4_BpreShuffle_256x256E,2148.4,2264.12,0.0
gfx950,256,15399,9216,4096,54,0,280.8637,_ZN5aiter42f4gemm_bf16_per1x32Fp4_BpreShuffle_256x256E,4139.32,1190.06,0.0
gfx950,256,15401,4608,4096,52,0,157.2931,_ZN5aiter42f4gemm_bf16_per1x32Fp4_BpreShuffle_224x256E,3696.08,1162.89,0.0
gfx950,256,15415,1280,4096,47,0,54.2008,_ZN5aiter42f4gemm_bf16_per1x32Fp4_BpreShuffle_160x256E,2982.21,1358.91,0.0
gfx950,256,15415,4096,1024,45,0,60.6032,_ZN5aiter42f4gemm_bf16_per1x32Fp4_BpreShuffle_128x512E,2133.72,2248.55,0.0
gfx950,256,15420,1280,4096,47,0,54.6164,_ZN5aiter42f4gemm_bf16_per1x32Fp4_BpreShuffle_160x256E,2960.47,1348.99,0.0
gfx950,256,15420,4096,1024,54,0,59.6016,_ZN5aiter42f4gemm_bf16_per1x32Fp4_BpreShuffle_256x256E,2170.28,2287.07,0.0
gfx950,256,15424,9216,4096,54,0,282.044,_ZN5aiter42f4gemm_bf16_per1x32Fp4_BpreShuffle_256x256E,4128.69,1186.9,0.0
gfx950,256,15449,9216,4096,54,0,281.81,_ZN5aiter42f4gemm_bf16_per1x32Fp4_BpreShuffle_256x256E,4138.82,1189.7,0.0
gfx950,256,15461,9216,4096,54,0,279.3326,_ZN5aiter42f4gemm_bf16_per1x32Fp4_BpreShuffle_256x256E,4178.77,1201.13,0.0
gfx950,256,15477,9216,4096,54,0,281.8528,_ZN5aiter42f4gemm_bf16_per1x32Fp4_BpreShuffle_256x256E,4145.69,1191.56,0.0
gfx950,256,15491,4608,4096,54,0,155.2407,_ZN5aiter42f4gemm_bf16_per1x32Fp4_BpreShuffle_256x256E,3766.83,1184.79,0.0
gfx950,256,15500,1280,4096,47,0,54.3812,_ZN5aiter42f4gemm_bf16_per1x32Fp4_BpreShuffle_160x256E,2988.7,1361.6,0.0
gfx950,256,15500,4096,1024,54,0,60.2796,_ZN5aiter42f4gemm_bf16_per1x32Fp4_BpreShuffle_256x256E,2157.01,2272.89,0.0
gfx950,256,15502,9216,4096,54,0,284.6,_ZN5aiter42f4gemm_bf16_per1x32Fp4_BpreShuffle_256x256E,4112.3,1181.85,0.0
gfx950,256,15511,9216,4096,54,0,276.8567,_ZN5aiter42f4gemm_bf16_per1x32Fp4_BpreShuffle_256x256E,4229.77,1215.57,0.0
gfx950,256,15512,4608,4096,54,0,156.1715,_ZN5aiter42f4gemm_bf16_per1x32Fp4_BpreShuffle_256x256E,3749.46,1179.24,0.0
gfx950,256,15523,9216,4096,54,0,276.6571,_ZN5aiter42f4gemm_bf16_per1x32Fp4_BpreShuffle_256x256E,4236.1,1217.34,0.0
gfx950,256,15525,1280,4096,44,0,55.7356,_ZN5aiter42f4gemm_bf16_per1x32Fp4_BpreShuffle_128x384E,2920.78,1330.58,0.0
gfx950,256,15525,4096,1024,54,0,59.0703,_ZN5aiter42f4gemm_bf16_per1x32Fp4_BpreShuffle_256x256E,2204.71,2323.11,0.0
gfx950,256,15526,9216,4096,54,0,280.4416,_ZN5aiter42f4gemm_bf16_per1x32Fp4_BpreShuffle_256x256E,4179.74,1201.13,0.0
gfx950,256,15539,4608,4096,54,0,157.5763,_ZN5aiter42f4gemm_bf16_per1x32Fp4_BpreShuffle_256x256E,3722.5,1170.66,0.0
gfx950,256,15545,9216,4096,54,0,281.933,_ZN5aiter42f4gemm_bf16_per1x32Fp4_BpreShuffle_256x256E,4162.72,1196.16,0.0
gfx950,256,15554,9216,4096,54,0,282.3887,_ZN5aiter42f4gemm_bf16_per1x32Fp4_BpreShuffle_256x256E,4158.41,1194.88,0.0
gfx950,256,15562,2304,4096,44,0,92.5234,_ZN5aiter42f4gemm_bf16_per1x32Fp4_BpreShuffle_128x384E,3174.58,1170.51,0.0
gfx950,256,15562,4096,2048,54,0,83.9511,_ZN5aiter42f4gemm_bf16_per1x32Fp4_BpreShuffle_256x256E,3109.99,1758.33,0.0
gfx950,256,15587,4608,4096,54,0,155.433,_ZN5aiter42f4gemm_bf16_per1x32Fp4_BpreShuffle_256x256E,3785.49,1190.28,0.0
gfx950,256,15589,4608,4096,54,0,155.7648,_ZN5aiter42f4gemm_bf16_per1x32Fp4_BpreShuffle_256x256E,3777.91,1187.89,0.0
gfx950,256,15594,9216,4096,54,0,278.3852,_ZN5aiter42f4gemm_bf16_per1x32Fp4_BpreShuffle_256x256E,4229.06,1215.01,0.0
gfx950,256,15595,1280,4096,47,0,55.0488,_ZN5aiter42f4gemm_bf16_per1x32Fp4_BpreShuffle_160x256E,2970.55,1353.04,0.0
gfx950,256,15595,4096,1024,36,0,60.5724,_ZN5aiter42f4gemm_bf16_per1x32Fp4_BpreShuffle_64x1024E,2159.74,2275.56,0.0
gfx950,256,15610,9216,4096,54,0,280.8852,_ZN5aiter42f4gemm_bf16_per1x32Fp4_BpreShuffle_256x256E,4195.72,1205.36,0.0
gfx950,256,15611,1280,4096,47,0,55.646,_ZN5aiter42f4gemm_bf16_per1x32Fp4_BpreShuffle_160x256E,2941.69,1339.84,0.0
gfx950,256,15611,4096,1024,54,0,59.6322,_ZN5aiter42f4gemm_bf16_per1x32Fp4_BpreShuffle_256x256E,2196.04,2313.77,0.0
gfx950,256,15612,2304,4096,44,0,91.7492,_ZN5aiter42f4gemm_bf16_per1x32Fp4_BpreShuffle_128x384E,3211.65,1184.01,0.0
gfx950,256,15612,4096,2048,45,0,85.8823,_ZN5aiter42f4gemm_bf16_per1x32Fp4_BpreShuffle_128x512E,3049.82,1724.16,0.0
gfx950,256,15620,9216,4096,54,0,282.9673,_ZN5aiter42f4gemm_bf16_per1x32Fp4_BpreShuffle_256x256E,4167.52,1197.21,0.0
gfx950,256,15625,1280,4096,47,0,54.62,_ZN5aiter42f4gemm_bf16_per1x32Fp4_BpreShuffle_160x256E,2999.63,1366.19,0.0
gfx950,256,15625,4096,1024,54,0,59.7708,_ZN5aiter42f4gemm_bf16_per1x32Fp4_BpreShuffle_256x256E,2192.91,2310.45,0.0
gfx950,256,15632,1280,4096,47,0,53.9032,_ZN5aiter42f4gemm_bf16_per1x32Fp4_BpreShuffle_160x256E,3040.88,1384.96,0.0
gfx950,256,15632,4096,1024,54,0,60.6631,_ZN5aiter42f4gemm_bf16_per1x32Fp4_BpreShuffle_256x256E,2161.62,2277.46,0.0
gfx950,256,15640,4608,4096,54,0,156.0498,_ZN5aiter42f4gemm_bf16_per1x32Fp4_BpreShuffle_256x256E,3783.35,1189.4,0.0
gfx950,256,15640,9216,4096,54,0,284.8829,_ZN5aiter42f4gemm_bf16_per1x32Fp4_BpreShuffle_256x256E,4144.79,1190.6,0.0
gfx950,256,15661,1280,4096,47,0,55.0592,_ZN5aiter42f4gemm_bf16_per1x32Fp4_BpreShuffle_160x256E,2982.56,1358.31,0.0
gfx950,256,15661,4096,1024,54,0,60.414,_ZN5aiter42f4gemm_bf16_per1x32Fp4_BpreShuffle_256x256E,2174.56,2291.03,0.0
gfx950,256,15663,1280,4096,44,0,55.2124,_ZN5aiter42f4gemm_bf16_per1x32Fp4_BpreShuffle_128x384E,2974.67,1354.71,0.0
gfx950,256,15663,4096,1024,45,0,60.5413,_ZN5aiter42f4gemm_bf16_per1x32Fp4_BpreShuffle_128x512E,2170.27,2286.5,0.0
gfx950,256,15665,1280,4096,47,0,54.4664,_ZN5aiter42f4gemm_bf16_per1x32Fp4_BpreShuffle_160x256E,3015.79,1373.43,0.0
gfx950,256,15665,4096,1024,54,0,59.3139,_ZN5aiter42f4gemm_bf16_per1x32Fp4_BpreShuffle_256x256E,2215.46,2334.11,0.0
gfx950,256,15681,1280,4096,47,0,55.008,_ZN5aiter42f4gemm_bf16_per1x32Fp4_BpreShuffle_160x256E,2989.15,1361.25,0.0
gfx950,256,15681,4096,1024,54,0,59.8263,_ZN5aiter42f4gemm_bf16_per1x32Fp4_BpreShuffle_256x256E,2198.73,2316.45,0.0
gfx950,256,15686,9216,4096,54,0,277.6134,_ZN5aiter42f4gemm_bf16_per1x32Fp4_BpreShuffle_256x256E,4265.84,1225.17,0.0
gfx950,256,15695,1280,4096,47,0,55.2804,_ZN5aiter42f4gemm_bf16_per1x32Fp4_BpreShuffle_160x256E,2977.08,1355.71,0.0
gfx950,256,15695,4096,1024,54,0,59.821,_ZN5aiter42f4gemm_bf16_per1x32Fp4_BpreShuffle_256x256E,2200.89,2318.69,0.0
gfx950,256,15698,1280,4096,47,0,54.9776,_ZN5aiter42f4gemm_bf16_per1x32Fp4_BpreShuffle_160x256E,2994.05,1363.42,0.0
gfx950,256,15698,4096,1024,54,0,60.1436,_ZN5aiter42f4gemm_bf16_per1x32Fp4_BpreShuffle_256x256E,2189.5,2306.69,0.0
gfx950,256,15714,9216,4096,54,0,283.8996,_ZN5aiter42f4gemm_bf16_per1x32Fp4_BpreShuffle_256x256E,4178.83,1200.06,0.0
gfx950,256,15723,4608,4096,54,0,158.9227,_ZN5aiter42f4gemm_bf16_per1x32Fp4_BpreShuffle_256x256E,3734.67,1173.78,0.0
gfx950,256,15724,9216,4096,54,0,283.8764,_ZN5aiter42f4gemm_bf16_per1x32Fp4_BpreShuffle_256x256E,4181.83,1200.88,0.0
gfx950,256,15728,1280,4096,47,0,55.8774,_ZN5aiter42f4gemm_bf16_per1x32Fp4_BpreShuffle_160x256E,2951.46,1343.94,0.0
gfx950,256,15728,4096,1024,54,0,59.958,_ZN5aiter42f4gemm_bf16_per1x32Fp4_BpreShuffle_256x256E,2200.47,2318.18,0.0
gfx950,256,15738,9216,4096,54,0,278.1925,_ZN5aiter42f4gemm_bf16_per1x32Fp4_BpreShuffle_256x256E,4271.07,1226.45,0.0
gfx950,256,15739,9216,4096,54,0,285.4608,_ZN5aiter42f4gemm_bf16_per1x32Fp4_BpreShuffle_256x256E,4162.58,1195.29,0.0
gfx950,256,15743,1280,4096,47,0,56.3396,_ZN5aiter42f4gemm_bf16_per1x32Fp4_BpreShuffle_160x256E,2930.04,1334.14,0.0
gfx950,256,15743,4096,1024,36,0,61.1405,_ZN5aiter42f4gemm_bf16_per1x32Fp4_BpreShuffle_64x1024E,2159.97,2275.48,0.0
gfx950,256,15747,9216,4096,54,0,284.5976,_ZN5aiter42f4gemm_bf16_per1x32Fp4_BpreShuffle_256x256E,4177.33,1199.49,0.0
gfx950,256,15750,9216,4096,54,0,286.684,_ZN5aiter42f4gemm_bf16_per1x32Fp4_BpreShuffle_256x256E,4147.72,1190.98,0.0
gfx950,256,15762,9216,4096,54,0,283.474,_ZN5aiter42f4gemm_bf16_per1x32Fp4_BpreShuffle_256x256E,4197.88,1205.33,0.0
gfx950,256,15790,9216,4096,54,0,281.0537,_ZN5aiter42f4gemm_bf16_per1x32Fp4_BpreShuffle_256x256E,4241.56,1217.75,0.0
gfx950,256,15804,9216,4096,54,0,283.0777,_ZN5aiter42f4gemm_bf16_per1x32Fp4_BpreShuffle_256x256E,4214.96,1210.06,0.0
gfx950,256,15808,9216,4096,54,0,284.604,_ZN5aiter42f4gemm_bf16_per1x32Fp4_BpreShuffle_256x256E,4193.42,1203.86,0.0
gfx950,256,15809,1280,4096,47,0,55.868,_ZN5aiter42f4gemm_bf16_per1x32Fp4_BpreShuffle_160x256E,2967.16,1350.85,0.0
gfx950,256,15809,4096,1024,54,0,61.0048,_ZN5aiter42f4gemm_bf16_per1x32Fp4_BpreShuffle_256x256E,2173.85,2289.96,0.0
gfx950,256,15810,1280,4096,47,0,55.4668,_ZN5aiter42f4gemm_bf16_per1x32Fp4_BpreShuffle_160x256E,2988.81,1360.7,0.0
gfx950,256,15810,4096,1024,36,0,61.0572,_ZN5aiter42f4gemm_bf16_per1x32Fp4_BpreShuffle_64x1024E,2172.13,2288.14,0.0
gfx950,256,15814,2304,4096,44,0,91.355,_ZN5aiter42f4gemm_bf16_per1x32Fp4_BpreShuffle_128x384E,3267.25,1203.84,0.0
gfx950,256,15814,4096,2048,54,0,86.1591,_ZN5aiter42f4gemm_bf16_per1x32Fp4_BpreShuffle_256x256E,3079.36,1740.22,0.0
gfx950,256,15815,1280,4096,47,0,54.654,_ZN5aiter42f4gemm_bf16_per1x32Fp4_BpreShuffle_160x256E,3034.22,1381.36,0.0
gfx950,256,15815,4096,1024,54,0,60.5397,_ZN5aiter42f4gemm_bf16_per1x32Fp4_BpreShuffle_256x256E,2191.39,2308.42,0.0
gfx950,256,15831,9216,4096,54,0,281.5083,_ZN5aiter42f4gemm_bf16_per1x32Fp4_BpreShuffle_256x256E,4245.7,1218.77,0.0
gfx950,256,15839,9216,4096,54,0,280.5978,_ZN5aiter42f4gemm_bf16_per1x32Fp4_BpreShuffle_256x256E,4261.63,1223.31,0.0
gfx950,256,15857,1280,4096,47,0,56.1576,_ZN5aiter42f4gemm_bf16_per1x32Fp4_BpreShuffle_160x256E,2960.82,1347.82,0.0
gfx950,256,15857,4096,1024,54,0,60.4916,_ZN5aiter42f4gemm_bf16_per1x32Fp4_BpreShuffle_256x256E,2198.95,2316.3,0.0
gfx950,256,15865,1280,4096,47,0,54.2616,_ZN5aiter42f4gemm_bf16_per1x32Fp4_BpreShuffle_160x256E,3065.83,1395.6,0.0
gfx950,256,15865,4096,1024,54,0,60.3764,_ZN5aiter42f4gemm_bf16_per1x32Fp4_BpreShuffle_256x256E,2204.26,2321.87,0.0
gfx950,256,15871,9216,4096,54,0,285.6922,_ZN5aiter42f4gemm_bf16_per1x32Fp4_BpreShuffle_256x256E,4194.1,1203.79,0.0
gfx950,256,15877,2304,4096,44,0,92.5192,_ZN5aiter42f4gemm_bf16_per1x32Fp4_BpreShuffle_128x384E,3238.99,1193.22,0.0
gfx950,256,15877,4096,2048,54,0,84.4647,_ZN5aiter42f4gemm_bf16_per1x32Fp4_BpreShuffle_256x256E,3153.65,1782.01,0.0
gfx950,256,15882,1280,4096,44,0,56.1544,_ZN5aiter42f4gemm_bf16_per1x32Fp4_BpreShuffle_128x384E,2965.66,1349.95,0.0
gfx950,256,15882,4096,1024,45,0,60.5019,_ZN5aiter42f4gemm_bf16_per1x32Fp4_BpreShuffle_128x512E,2202.04,2319.5,0.0
gfx950,256,15892,1280,4096,47,0,57.1612,_ZN5aiter42f4gemm_bf16_per1x32Fp4_BpreShuffle_160x256E,2915.26,1326.98,0.0
gfx950,256,15892,4096,1024,45,0,60.6728,_ZN5aiter42f4gemm_bf16_per1x32Fp4_BpreShuffle_128x512E,2197.22,2314.4,0.0
gfx950,256,15893,2304,4096,44,0,92.5396,_ZN5aiter42f4gemm_bf16_per1x32Fp4_BpreShuffle_128x384E,3241.53,1194.11,0.0
gfx950,256,15893,4096,2048,54,0,85.4991,_ZN5aiter42f4gemm_bf16_per1x32Fp4_BpreShuffle_256x256E,3118.63,1762.17,0.0
gfx950,256,15895,9216,4096,54,0,284.7688,_ZN5aiter42f4gemm_bf16_per1x32Fp4_BpreShuffle_256x256E,4214.06,1209.42,0.0
gfx950,256,15898,9216,4096,54,0,286.7676,_ZN5aiter42f4gemm_bf16_per1x32Fp4_BpreShuffle_256x256E,4185.48,1201.2,0.0
gfx950,256,15902,9216,4096,54,0,286.5967,_ZN5aiter42f4gemm_bf16_per1x32Fp4_BpreShuffle_256x256E,4189.03,1202.2,0.0
gfx950,256,15906,4608,4096,54,0,157.9671,_ZN5aiter42f4gemm_bf16_per1x32Fp4_BpreShuffle_256x256E,3800.99,1193.93,0.0
gfx950,256,15906,9216,4096,54,0,281.5626,_ZN5aiter42f4gemm_bf16_per1x32Fp4_BpreShuffle_256x256E,4264.99,1223.99,0.0
gfx950,256,15908,9216,4096,54,0,282.3101,_ZN5aiter42f4gemm_bf16_per1x32Fp4_BpreShuffle_256x256E,4254.24,1220.89,0.0
gfx950,256,15915,1280,4096,44,0,55.1572,_ZN5aiter42f4gemm_bf16_per1x32Fp4_BpreShuffle_128x384E,3025.55,1377.11,0.0
gfx950,256,15915,4096,1024,54,0,61.6215,_ZN5aiter42f4gemm_bf16_per1x32Fp4_BpreShuffle_256x256E,2166.53,2282.02,0.0
gfx950,256,15922,9216,4096,54,0,288.1401,_ZN5aiter42f4gemm_bf16_per1x32Fp4_BpreShuffle_256x256E,4171.83,1197.18,0.0
gfx950,256,15925,1280,4096,44,0,56.1696,_ZN5aiter42f4gemm_bf16_per1x32Fp4_BpreShuffle_128x384E,2972.88,1353.11,0.0
gfx950,256,15925,4096,1024,45,0,60.8009,_ZN5aiter42f4gemm_bf16_per1x32Fp4_BpreShuffle_128x512E,2197.15,2314.25,0.0
gfx950,256,15930,9216,4096,54,0,290.8199,_ZN5aiter42f4gemm_bf16_per1x32Fp4_BpreShuffle_256x256E,4135.46,1186.72,0.0
gfx950,256,15931,9216,4096,54,0,286.2083,_ZN5aiter42f4gemm_bf16_per1x32Fp4_BpreShuffle_256x256E,4202.36,1205.91,0.0
gfx950,256,15953,9216,4096,54,0,282.9851,_ZN5aiter42f4gemm_bf16_per1x32Fp4_BpreShuffle_256x256E,4256.09,1221.24,0.0
gfx950,256,15954,1280,4096,47,0,54.1228,_ZN5aiter42f4gemm_bf16_per1x32Fp4_BpreShuffle_160x256E,3090.93,1406.75,0.0
gfx950,256,15954,4096,1024,54,0,60.5048,_ZN5aiter42f4gemm_bf16_per1x32Fp4_BpreShuffle_256x256E,2211.92,2329.75,0.0
gfx950,256,15966,1280,4096,44,0,55.8404,_ZN5aiter42f4gemm_bf16_per1x32Fp4_BpreShuffle_128x384E,2998.11,1364.47,0.0
gfx950,256,15966,4096,1024,54,0,60.7404,_ZN5aiter42f4gemm_bf16_per1x32Fp4_BpreShuffle_256x256E,2205.0,2322.43,0.0
gfx950,256,15969,9216,4096,54,0,281.3225,_ZN5aiter42f4gemm_bf16_per1x32Fp4_BpreShuffle_256x256E,4285.54,1229.62,0.0
gfx950,256,15973,9216,4096,54,0,287.0263,_ZN5aiter42f4gemm_bf16_per1x32Fp4_BpreShuffle_256x256E,4201.43,1205.47,0.0
gfx950,256,15979,9216,4096,54,0,285.8084,_ZN5aiter42f4gemm_bf16_per1x32Fp4_BpreShuffle_256x256E,4220.92,1211.04,0.0
gfx950,256,15981,9216,4096,54,0,280.7918,_ZN5aiter42f4gemm_bf16_per1x32Fp4_BpreShuffle_256x256E,4296.87,1232.82,0.0
gfx950,256,15982,1280,4096,47,0,54.9452,_ZN5aiter42f4gemm_bf16_per1x32Fp4_BpreShuffle_160x256E,3050.01,1388.05,0.0
gfx950,256,15982,4096,1024,54,0,60.8615,_ZN5aiter42f4gemm_bf16_per1x32Fp4_BpreShuffle_256x256E,2202.82,2320.1,0.0
gfx950,256,15989,1280,4096,47,0,57.0927,_ZN5aiter42f4gemm_bf16_per1x32Fp4_BpreShuffle_160x256E,2936.57,1336.4,0.0
gfx950,256,15989,4096,1024,36,0,60.8747,_ZN5aiter42f4gemm_bf16_per1x32Fp4_BpreShuffle_64x1024E,2203.3,2320.59,0.0
gfx950,256,15999,9216,4096,54,0,285.0788,_ZN5aiter42f4gemm_bf16_per1x32Fp4_BpreShuffle_256x256E,4237.02,1215.57,0.0
gfx950,256,16006,1280,4096,47,0,55.6648,_ZN5aiter42f4gemm_bf16_per1x32Fp4_BpreShuffle_160x256E,3015.1,1372.09,0.0
gfx950,256,16006,4096,1024,54,0,60.2852,_ZN5aiter42f4gemm_bf16_per1x32Fp4_BpreShuffle_256x256E,2227.21,2345.74,0.0
gfx950,256,16009,1280,4096,47,0,56.5228,_ZN5aiter42f4gemm_bf16_per1x32Fp4_BpreShuffle_160x256E,2969.89,1351.51,0.0
gfx950,256,16009,4096,1024,54,0,60.4896,_ZN5aiter42f4gemm_bf16_per1x32Fp4_BpreShuffle_256x256E,2220.1,2338.24,0.0
gfx950,256,16015,9216,4096,54,0,285.3181,_ZN5aiter42f4gemm_bf16_per1x32Fp4_BpreShuffle_256x256E,4237.7,1215.7,0.0
gfx950,256,16022,9216,4096,54,0,280.9757,_ZN5aiter42f4gemm_bf16_per1x32Fp4_BpreShuffle_256x256E,4305.07,1235.0,0.0
gfx950,256,16038,1280,4096,47,0,53.7956,_ZN5aiter42f4gemm_bf16_per1x32Fp4_BpreShuffle_160x256E,3126.1,1422.51,0.0
gfx950,256,16038,4096,1024,36,0,61.4991,_ZN5aiter42f4gemm_bf16_per1x32Fp4_BpreShuffle_64x1024E,2187.62,2303.97,0.0
gfx950,256,16055,9216,4096,54,0,286.3656,_ZN5aiter42f4gemm_bf16_per1x32Fp4_BpreShuffle_256x256E,4232.74,1214.11,0.0
gfx950,256,16057,1280,4096,47,0,55.032,_ZN5aiter42f4gemm_bf16_per1x32Fp4_BpreShuffle_160x256E,3059.49,1392.14,0.0
gfx950,256,16057,4096,1024,54,0,60.7824,_ZN5aiter42f4gemm_bf16_per1x32Fp4_BpreShuffle_256x256E,2216.03,2333.85,0.0
gfx950,256,16065,1280,4096,47,0,55.096,_ZN5aiter42f4gemm_bf16_per1x32Fp4_BpreShuffle_160x256E,3057.46,1391.19,0.0
gfx950,256,16065,4096,1024,54,0,60.6724,_ZN5aiter42f4gemm_bf16_per1x32Fp4_BpreShuffle_256x256E,2221.16,2339.23,0.0
gfx950,256,16072,1280,4096,44,0,56.7836,_ZN5aiter42f4gemm_bf16_per1x32Fp4_BpreShuffle_128x384E,2967.88,1350.41,0.0
gfx950,256,16072,4096,1024,54,0,60.912,_ZN5aiter42f4gemm_bf16_per1x32Fp4_BpreShuffle_256x256E,2213.39,2331.03,0.0
gfx950,256,16076,9216,4096,54,0,282.6335,_ZN5aiter42f4gemm_bf16_per1x32Fp4_BpreShuffle_256x256E,4294.24,1231.67,0.0
gfx950,256,16079,1280,4096,47,0,56.8485,_ZN5aiter42f4gemm_bf16_per1x32Fp4_BpreShuffle_160x256E,2965.79,1349.44,0.0
gfx950,256,16079,4096,1024,54,0,59.6592,_ZN5aiter42f4gemm_bf16_per1x32Fp4_BpreShuffle_256x256E,2260.85,2381.0,0.0
gfx950,256,16084,1280,4096,47,0,55.2196,_ZN5aiter42f4gemm_bf16_per1x32Fp4_BpreShuffle_160x256E,3054.22,1389.66,0.0
gfx950,256,16084,4096,1024,54,0,61.4932,_ZN5aiter42f4gemm_bf16_per1x32Fp4_BpreShuffle_256x256E,2194.1,2310.7,0.0
gfx950,256,16097,9216,4096,54,0,283.792,_ZN5aiter42f4gemm_bf16_per1x32Fp4_BpreShuffle_256x256E,4282.3,1228.16,0.0
gfx950,256,16100,9216,4096,54,0,292.0133,_ZN5aiter42f4gemm_bf16_per1x32Fp4_BpreShuffle_256x256E,4162.51,1193.79,0.0
gfx950,256,16116,9216,4096,54,0,288.4223,_ZN5aiter42f4gemm_bf16_per1x32Fp4_BpreShuffle_256x256E,4218.53,1209.79,0.0
gfx950,256,16129,1280,4096,47,0,57.118,_ZN5aiter42f4gemm_bf16_per1x32Fp4_BpreShuffle_160x256E,2960.97,1347.1,0.0
gfx950,256,16129,4096,1024,54,0,61.0537,_ZN5aiter42f4gemm_bf16_per1x32Fp4_BpreShuffle_256x256E,2216.08,2333.75,0.0
gfx950,256,16152,1280,4096,44,0,57.0368,_ZN5aiter42f4gemm_bf16_per1x32Fp4_BpreShuffle_128x384E,2969.42,1350.88,0.0
gfx950,256,16152,4096,1024,54,0,61.5897,_ZN5aiter42f4gemm_bf16_per1x32Fp4_BpreShuffle_256x256E,2199.93,2316.69,0.0
gfx950,256,16152,9216,4096,54,0,283.7435,_ZN5aiter42f4gemm_bf16_per1x32Fp4_BpreShuffle_256x256E,4297.67,1232.34,0.0
gfx950,256,16155,1280,4096,44,0,56.8484,_ZN5aiter42f4gemm_bf16_per1x32Fp4_BpreShuffle_128x384E,2979.81,1355.6,0.0
gfx950,256,16155,4096,1024,54,0,60.7176,_ZN5aiter42f4gemm_bf16_per1x32Fp4_BpreShuffle_256x256E,2231.94,2350.39,0.0
gfx950,256,16164,4096,1024,45,0,63.4727,_ZN5aiter42f4gemm_bf16_per1x32Fp4_BpreShuffle_128x512E,2136.25,2249.61,0.0
gfx950,256,16173,1280,4096,47,0,55.928,_ZN5aiter42f4gemm_bf16_per1x32Fp4_BpreShuffle_160x256E,3032.22,1379.39,0.0
gfx950,256,16173,4096,1024,54,0,60.8962,_ZN5aiter42f4gemm_bf16_per1x32Fp4_BpreShuffle_256x256E,2227.87,2346.07,0.0
gfx950,256,16197,9216,4096,54,0,285.5348,_ZN5aiter42f4gemm_bf16_per1x32Fp4_BpreShuffle_256x256E,4282.6,1227.83,0.0
gfx950,256,16198,9216,4096,54,0,289.9521,_ZN5aiter42f4gemm_bf16_per1x32Fp4_BpreShuffle_256x256E,4217.62,1209.2,0.0
gfx950,256,16200,1280,4096,47,0,56.7876,_ZN5aiter42f4gemm_bf16_per1x32Fp4_BpreShuffle_160x256E,2991.31,1360.7,0.0
gfx950,256,16200,4096,1024,54,0,60.4388,_ZN5aiter42f4gemm_bf16_per1x32Fp4_BpreShuffle_256x256E,2248.48,2367.72,0.0
gfx950,256,16204,9216,4096,54,0,290.5695,_ZN5aiter42f4gemm_bf16_per1x32Fp4_BpreShuffle_256x256E,4210.22,1207.05,0.0
gfx950,256,16209,1280,4096,47,0,55.086,_ZN5aiter42f4gemm_bf16_per1x32Fp4_BpreShuffle_160x256E,3085.42,1403.49,0.0
gfx950,256,16209,4096,1024,54,0,60.5136,_ZN5aiter42f4gemm_bf16_per1x32Fp4_BpreShuffle_256x256E,2246.95,2366.08,0.0
gfx950,256,16212,1280,4096,44,0,55.8376,_ZN5aiter42f4gemm_bf16_per1x32Fp4_BpreShuffle_128x384E,3044.46,1384.84,0.0
gfx950,256,16212,4096,1024,54,0,59.9737,_ZN5aiter42f4gemm_bf16_per1x32Fp4_BpreShuffle_256x256E,2267.6,2387.82,0.0
gfx950,256,16229,1280,4096,47,0,55.7892,_ZN5aiter42f4gemm_bf16_per1x32Fp4_BpreShuffle_160x256E,3050.29,1387.45,0.0
gfx950,256,16229,4096,1024,54,0,61.1852,_ZN5aiter42f4gemm_bf16_per1x32Fp4_BpreShuffle_256x256E,2225.03,2342.96,0.0
gfx950,256,16231,1280,4096,47,0,55.89,_ZN5aiter42f4gemm_bf16_per1x32Fp4_BpreShuffle_160x256E,3045.17,1385.11,0.0
gfx950,256,16231,4096,1024,54,0,61.4512,_ZN5aiter42f4gemm_bf16_per1x32Fp4_BpreShuffle_256x256E,2215.67,2333.1,0.0
gfx950,256,16236,4608,4096,54,0,162.0003,_ZN5aiter42f4gemm_bf16_per1x32Fp4_BpreShuffle_256x256E,3783.26,1187.16,0.0
gfx950,256,16248,1280,4096,47,0,56.2528,_ZN5aiter42f4gemm_bf16_per1x32Fp4_BpreShuffle_160x256E,3028.7,1377.57,0.0
gfx950,256,16248,4096,1024,54,0,61.9961,_ZN5aiter42f4gemm_bf16_per1x32Fp4_BpreShuffle_256x256E,2198.49,2314.98,0.0
gfx950,256,16248,9216,4096,54,0,287.5193,_ZN5aiter42f4gemm_bf16_per1x32Fp4_BpreShuffle_256x256E,4266.44,1222.99,0.0
gfx950,256,16263,1280,4096,50,0,57.9376,_ZN5aiter42f4gemm_bf16_per1x32Fp4_BpreShuffle_192x256E,2943.34,1338.7,0.0
gfx950,256,16263,4096,1024,54,0,60.7197,_ZN5aiter42f4gemm_bf16_per1x32Fp4_BpreShuffle_256x256E,2246.78,2365.79,0.0
gfx950,256,16265,9216,4096,54,0,289.8933,_ZN5aiter42f4gemm_bf16_per1x32Fp4_BpreShuffle_256x256E,4235.93,1214.18,0.0
gfx950,256,16267,1280,4096,44,0,56.96,_ZN5aiter42f4gemm_bf16_per1x32Fp4_BpreShuffle_128x384E,2994.59,1362.0,0.0
gfx950,256,16267,4096,1024,54,0,60.7463,_ZN5aiter42f4gemm_bf16_per1x32Fp4_BpreShuffle_256x256E,2246.35,2365.33,0.0
gfx950,256,16280,1280,4096,47,0,56.298,_ZN5aiter42f4gemm_bf16_per1x32Fp4_BpreShuffle_160x256E,3032.22,1379.08,0.0
gfx950,256,16280,4096,1024,54,0,61.0616,_ZN5aiter42f4gemm_bf16_per1x32Fp4_BpreShuffle_256x256E,2236.54,2354.97,0.0
gfx950,256,16307,1280,4096,47,0,55.7756,_ZN5aiter42f4gemm_bf16_per1x32Fp4_BpreShuffle_160x256E,3065.7,1394.23,0.0
gfx950,256,16307,4096,1024,54,0,62.1233,_ZN5aiter42f4gemm_bf16_per1x32Fp4_BpreShuffle_256x256E,2201.96,2318.51,0.0
gfx950,256,16312,9216,4096,54,0,286.648,_ZN5aiter42f4gemm_bf16_per1x32Fp4_BpreShuffle_256x256E,4296.26,1231.28,0.0
gfx950,256,16313,9216,4096,54,0,289.0941,_ZN5aiter42f4gemm_bf16_per1x32Fp4_BpreShuffle_256x256E,4260.17,1220.93,0.0
gfx950,256,16319,9216,4096,54,0,286.6383,_ZN5aiter42f4gemm_bf16_per1x32Fp4_BpreShuffle_256x256E,4298.25,1231.82,0.0
gfx950,256,16322,9216,4096,54,0,288.1639,_ZN5aiter42f4gemm_bf16_per1x32Fp4_BpreShuffle_256x256E,4276.28,1225.51,0.0
gfx950,256,16331,9216,4096,54,0,286.6905,_ZN5aiter42f4gemm_bf16_per1x32Fp4_BpreShuffle_256x256E,4300.63,1232.46,0.0
gfx950,256,16333,9216,4096,54,0,291.8153,_ZN5aiter42f4gemm_bf16_per1x32Fp4_BpreShuffle_256x256E,4225.62,1210.95,0.0
gfx950,256,16336,1280,4096,50,0,57.5948,_ZN5aiter42f4gemm_bf16_per1x32Fp4_BpreShuffle_192x256E,2974.15,1352.51,0.0
gfx950,256,16336,4096,1024,54,0,61.327,_ZN5aiter42f4gemm_bf16_per1x32Fp4_BpreShuffle_256x256E,2234.52,2352.73,0.0
gfx950,256,16349,9216,4096,54,0,287.7664,_ZN5aiter42f4gemm_bf16_per1x32Fp4_BpreShuffle_256x256E,4289.27,1229.13,0.0
gfx950,256,16372,1280,4096,44,0,59.6584,_ZN5aiter42f4gemm_bf16_per1x32Fp4_BpreShuffle_128x384E,2877.6,1308.51,0.0
gfx950,256,16372,4096,1024,54,0,61.2437,_ZN5aiter42f4gemm_bf16_per1x32Fp4_BpreShuffle_256x256E,2242.49,2361.04,0.0
gfx950,256,16384,1280,4096,44,0,56.1166,_ZN5aiter42f4gemm_bf16_per1x32Fp4_BpreShuffle_128x384E,3061.46,1392.08,0.0
gfx950,256,16384,2304,4096,44,0,93.4125,_ZN5aiter42f4gemm_bf16_per1x32Fp4_BpreShuffle_128x384E,3310.45,1217.94,0.0
gfx950,256,16384,4096,2048,54,0,85.5088,_ZN5aiter42f4gemm_bf16_per1x32Fp4_BpreShuffle_256x256E,3214.62,1814.89,0.0
gfx950,256,16385,1280,4096,48,0,60.9157,_ZN5aiter42f4gemm_bf16_per1x32Fp4_BpreShuffle_160x384E,2820.44,1282.49,0.0
gfx950,256,16385,4096,1024,54,0,67.5809,_ZN5aiter42f4gemm_bf16_per1x32Fp4_BpreShuffle_256x256E,2033.82,2141.32,0.0
gfx950,256,16391,9216,4096,54,0,294.8732,_ZN5aiter42f4gemm_bf16_per1x32Fp4_BpreShuffle_256x256E,4196.65,1202.42,0.0
gfx950,256,16392,9216,4096,54,0,301.3078,_ZN5aiter42f4gemm_bf16_per1x32Fp4_BpreShuffle_256x256E,4107.28,1176.81,0.0
gfx950,256,16397,9216,4096,54,0,296.1903,_ZN5aiter42f4gemm_bf16_per1x32Fp4_BpreShuffle_256x256E,4179.52,1197.49,0.0
gfx950,256,16403,4608,4096,54,0,159.6641,_ZN5aiter42f4gemm_bf16_per1x32Fp4_BpreShuffle_256x256E,3878.09,1216.31,0.0
gfx950,256,16419,1280,4096,50,0,59.6828,_ZN5aiter42f4gemm_bf16_per1x32Fp4_BpreShuffle_192x256E,2884.68,1311.6,0.0
gfx950,256,16419,4096,1024,54,0,66.8884,_ZN5aiter42f4gemm_bf16_per1x32Fp4_BpreShuffle_256x256E,2059.14,2167.91,0.0
gfx950,256,16419,9216,4096,54,0,298.4578,_ZN5aiter42f4gemm_bf16_per1x32Fp4_BpreShuffle_256x256E,4153.33,1189.9,0.0
gfx950,256,16424,9216,4096,54,0,301.0596,_ZN5aiter42f4gemm_bf16_per1x32Fp4_BpreShuffle_256x256E,4118.69,1179.96,0.0
gfx950,256,16429,1280,4096,50,0,60.8065,_ZN5aiter42f4gemm_bf16_per1x32Fp4_BpreShuffle_192x256E,2833.09,1288.12,0.0
gfx950,256,16429,4096,1024,54,0,67.4062,_ZN5aiter42f4gemm_bf16_per1x32Fp4_BpreShuffle_256x256E,2044.57,2152.55,0.0
gfx950,256,16430,2304,4096,54,0,96.241,_ZN5aiter42f4gemm_bf16_per1x32Fp4_BpreShuffle_256x256E,3222.18,1185.32,0.0
gfx950,256,16430,4096,2048,54,0,95.6452,_ZN5aiter42f4gemm_bf16_per1x32Fp4_BpreShuffle_256x256E,2882.0,1626.98,0.0
gfx950,256,16436,1280,4096,50,0,60.6262,_ZN5aiter42f4gemm_bf16_per1x32Fp4_BpreShuffle_192x256E,2842.73,1292.49,0.0
gfx950,256,16436,4096,1024,54,0,66.4319,_ZN5aiter42f4gemm_bf16_per1x32Fp4_BpreShuffle_256x256E,2075.44,2185.04,0.0
gfx950,256,16443,9216,4096,54,0,297.829,_ZN5aiter42f4gemm_bf16_per1x32Fp4_BpreShuffle_256x256E,4168.18,1194.06,0.0
gfx950,256,16445,1280,4096,50,0,59.2287,_ZN5aiter42f4gemm_bf16_per1x32Fp4_BpreShuffle_192x256E,2911.4,1323.68,0.0
gfx950,256,16445,4096,1024,54,0,67.3887,_ZN5aiter42f4gemm_bf16_per1x32Fp4_BpreShuffle_256x256E,2047.09,2155.17,0.0
gfx950,256,16446,9216,4096,54,0,302.9139,_ZN5aiter42f4gemm_bf16_per1x32Fp4_BpreShuffle_256x256E,4098.96,1174.22,0.0
gfx950,256,16448,9216,4096,54,0,296.9404,_ZN5aiter42f4gemm_bf16_per1x32Fp4_BpreShuffle_256x256E,4181.92,1197.98,0.0
gfx950,256,16449,9216,4096,54,0,303.542,_ZN5aiter42f4gemm_bf16_per1x32Fp4_BpreShuffle_256x256E,4091.22,1172.0,0.0
gfx950,256,16454,9216,4096,54,0,299.8883,_ZN5aiter42f4gemm_bf16_per1x32Fp4_BpreShuffle_256x256E,4142.33,1186.62,0.0
gfx950,256,16455,9216,4096,54,0,302.6423,_ZN5aiter42f4gemm_bf16_per1x32Fp4_BpreShuffle_256x256E,4104.88,1175.89,0.0
gfx950,256,16473,1280,4096,50,0,59.878,_ZN5aiter42f4gemm_bf16_per1x32Fp4_BpreShuffle_192x256E,2884.73,1311.48,0.0
gfx950,256,16473,4096,1024,54,0,67.7457,_ZN5aiter42f4gemm_bf16_per1x32Fp4_BpreShuffle_256x256E,2039.77,2147.42,0.0
gfx950,256,16473,4608,4096,54,0,160.6971,_ZN5aiter42f4gemm_bf16_per1x32Fp4_BpreShuffle_256x256E,3869.61,1213.39,0.0
gfx950,256,16473,9216,4096,54,0,302.7246,_ZN5aiter42f4gemm_bf16_per1x32Fp4_BpreShuffle_256x256E,4108.26,1176.78,0.0
gfx950,256,16475,9216,4096,54,0,301.6103,_ZN5aiter42f4gemm_bf16_per1x32Fp4_BpreShuffle_256x256E,4123.93,1181.27,0.0
gfx950,256,16490,1280,4096,48,0,60.1592,_ZN5aiter42f4gemm_bf16_per1x32Fp4_BpreShuffle_160x384E,2874.21,1306.66,0.0
gfx950,256,16490,4096,1024,54,0,67.2618,_ZN5aiter42f4gemm_bf16_per1x32Fp4_BpreShuffle_256x256E,2056.56,2165.06,0.0
gfx950,256,16494,1280,4096,50,0,60.3524,_ZN5aiter42f4gemm_bf16_per1x32Fp4_BpreShuffle_192x256E,2865.7,1302.78,0.0
gfx950,256,16494,4096,1024,54,0,68.2122,_ZN5aiter42f4gemm_bf16_per1x32Fp4_BpreShuffle_256x256E,2028.4,2135.41,0.0
gfx950,256,16495,1280,4096,50,0,60.6236,_ZN5aiter42f4gemm_bf16_per1x32Fp4_BpreShuffle_192x256E,2853.06,1297.03,0.0
gfx950,256,16495,4096,1024,54,0,67.9237,_ZN5aiter42f4gemm_bf16_per1x32Fp4_BpreShuffle_256x256E,2037.14,2144.61,0.0
gfx950,256,16499,2304,4096,54,0,94.2917,_ZN5aiter42f4gemm_bf16_per1x32Fp4_BpreShuffle_256x256E,3302.6,1214.7,0.0
gfx950,256,16499,4096,2048,54,0,95.52,_ZN5aiter42f4gemm_bf16_per1x32Fp4_BpreShuffle_256x256E,2897.9,1635.77,0.0
gfx950,256,16501,1280,4096,50,0,59.5049,_ZN5aiter42f4gemm_bf16_per1x32Fp4_BpreShuffle_192x256E,2907.75,1321.88,0.0
gfx950,256,16501,4096,1024,54,0,67.2078,_ZN5aiter42f4gemm_bf16_per1x32Fp4_BpreShuffle_256x256E,2059.59,2168.23,0.0
gfx950,256,16507,2304,4096,54,0,98.5592,_ZN5aiter42f4gemm_bf16_per1x32Fp4_BpreShuffle_256x256E,3161.14,1162.64,0.0
gfx950,256,16507,4096,2048,54,0,94.9296,_ZN5aiter42f4gemm_bf16_per1x32Fp4_BpreShuffle_256x256E,2917.34,1646.72,0.0
gfx950,256,16520,9216,4096,54,0,305.772,_ZN5aiter42f4gemm_bf16_per1x32Fp4_BpreShuffle_256x256E,4078.92,1168.2,0.0
gfx950,256,16530,2304,4096,54,0,95.382,_ZN5aiter42f4gemm_bf16_per1x32Fp4_BpreShuffle_256x256E,3270.99,1202.98,0.0
gfx950,256,16530,4096,2048,54,0,96.2053,_ZN5aiter42f4gemm_bf16_per1x32Fp4_BpreShuffle_256x256E,2882.66,1627.09,0.0
gfx950,256,16549,1280,4096,50,0,60.8477,_ZN5aiter42f4gemm_bf16_per1x32Fp4_BpreShuffle_192x256E,2851.86,1296.34,0.0
gfx950,256,16549,4096,1024,54,0,67.1509,_ZN5aiter42f4gemm_bf16_per1x32Fp4_BpreShuffle_256x256E,2067.33,2176.29,0.0
gfx950,256,16551,9216,4096,54,0,303.9381,_ZN5aiter42f4gemm_bf16_per1x32Fp4_BpreShuffle_256x256E,4111.23,1177.34,0.0
gfx950,256,16556,2304,4096,48,0,99.7509,_ZN5aiter42f4gemm_bf16_per1x32Fp4_BpreShuffle_160x384E,3132.64,1152.02,0.0
gfx950,256,16556,4096,2048,54,0,96.3677,_ZN5aiter42f4gemm_bf16_per1x32Fp4_BpreShuffle_256x256E,2882.33,1626.84,0.0
gfx950,256,16559,1280,4096,50,0,58.3272,_ZN5aiter42f4gemm_bf16_per1x32Fp4_BpreShuffle_192x256E,2976.89,1353.15,0.0
gfx950,256,16559,4096,1024,54,0,68.1776,_ZN5aiter42f4gemm_bf16_per1x32Fp4_BpreShuffle_256x256E,2037.43,2144.79,0.0
gfx950,256,16573,9216,4096,54,0,306.6363,_ZN5aiter42f4gemm_bf16_per1x32Fp4_BpreShuffle_256x256E,4080.47,1168.45,0.0
gfx950,256,16587,9216,4096,54,0,301.7738,_ZN5aiter42f4gemm_bf16_per1x32Fp4_BpreShuffle_256x256E,4149.72,1188.23,0.0
gfx950,256,16605,1280,4096,50,0,60.19,_ZN5aiter42f4gemm_bf16_per1x32Fp4_BpreShuffle_192x256E,2892.77,1314.79,0.0
gfx950,256,16605,4096,1024,54,0,69.7797,_ZN5aiter42f4gemm_bf16_per1x32Fp4_BpreShuffle_256x256E,1996.18,2101.29,0.0
gfx950,256,16609,9216,4096,54,0,303.0876,_ZN5aiter42f4gemm_bf16_per1x32Fp4_BpreShuffle_256x256E,4137.21,1184.56,0.0
gfx950,256,16610,1280,4096,50,0,60.7568,_ZN5aiter42f4gemm_bf16_per1x32Fp4_BpreShuffle_192x256E,2866.65,1302.9,0.0
gfx950,256,16610,4096,1024,54,0,69.0083,_ZN5aiter42f4gemm_bf16_per1x32Fp4_BpreShuffle_256x256E,2019.1,2125.41,0.0
gfx950,256,16629,1280,4096,50,0,60.6724,_ZN5aiter42f4gemm_bf16_per1x32Fp4_BpreShuffle_192x256E,2873.92,1306.16,0.0
gfx950,256,16629,4096,1024,54,0,68.866,_ZN5aiter42f4gemm_bf16_per1x32Fp4_BpreShuffle_256x256E,2025.59,2132.2,0.0
gfx950,256,16632,1280,4096,50,0,59.6492,_ZN5aiter42f4gemm_bf16_per1x32Fp4_BpreShuffle_192x256E,2923.75,1328.8,0.0
gfx950,256,16632,4096,1024,54,0,69.0092,_ZN5aiter42f4gemm_bf16_per1x32Fp4_BpreShuffle_256x256E,2021.75,2128.15,0.0
gfx950,256,16633,9216,4096,54,0,302.061,_ZN5aiter42f4gemm_bf16_per1x32Fp4_BpreShuffle_256x256E,4157.27,1190.22,0.0
gfx950,256,16635,9216,4096,54,0,308.5771,_ZN5aiter42f4gemm_bf16_per1x32Fp4_BpreShuffle_256x256E,4069.97,1165.22,0.0
gfx950,256,16639,1280,4096,50,0,60.9769,_ZN5aiter42f4gemm_bf16_per1x32Fp4_BpreShuffle_192x256E,2861.29,1300.39,0.0
gfx950,256,16639,4096,1024,54,0,69.5485,_ZN5aiter42f4gemm_bf16_per1x32Fp4_BpreShuffle_256x256E,2006.92,2112.53,0.0
gfx950,256,16641,9216,4096,54,0,302.8177,_ZN5aiter42f4gemm_bf16_per1x32Fp4_BpreShuffle_256x256E,4148.88,1187.78,0.0
gfx950,256,16657,9216,4096,54,0,305.9354,_ZN5aiter42f4gemm_bf16_per1x32Fp4_BpreShuffle_256x256E,4110.55,1176.75,0.0
gfx950,256,16678,1280,4096,50,0,60.6664,_ZN5aiter42f4gemm_bf16_per1x32Fp4_BpreShuffle_192x256E,2882.67,1310.01,0.0
gfx950,256,16678,4096,1024,54,0,70.1622,_ZN5aiter42f4gemm_bf16_per1x32Fp4_BpreShuffle_256x256E,1994.03,2098.89,0.0
gfx950,256,16678,9216,4096,54,0,307.3859,_ZN5aiter42f4gemm_bf16_per1x32Fp4_BpreShuffle_256x256E,4096.31,1172.6,0.0
gfx950,256,16685,9216,4096,54,0,298.1964,_ZN5aiter42f4gemm_bf16_per1x32Fp4_BpreShuffle_256x256E,4224.31,1209.21,0.0
gfx950,256,16688,4608,4096,54,0,160.2884,_ZN5aiter42f4gemm_bf16_per1x32Fp4_BpreShuffle_256x256E,3930.11,1231.6,0.0
gfx950,256,16689,9216,4096,54,0,303.5418,_ZN5aiter42f4gemm_bf16_per1x32Fp4_BpreShuffle_256x256E,4150.92,1188.19,0.0
gfx950,256,16693,2304,4096,48,0,98.4804,_ZN5aiter42f4gemm_bf16_per1x32Fp4_BpreShuffle_160x384E,3199.32,1176.14,0.0
gfx950,256,16693,4096,2048,45,0,96.8412,_ZN5aiter42f4gemm_bf16_per1x32Fp4_BpreShuffle_128x512E,2891.97,1631.92,0.0
gfx950,256,16696,1280,4096,50,0,58.7097,_ZN5aiter42f4gemm_bf16_per1x32Fp4_BpreShuffle_192x256E,2981.96,1355.08,0.0
gfx950,256,16696,4096,1024,54,0,69.2087,_ZN5aiter42f4gemm_bf16_per1x32Fp4_BpreShuffle_256x256E,2023.68,2130.07,0.0
gfx950,256,16698,2304,4096,54,0,97.2932,_ZN5aiter42f4gemm_bf16_per1x32Fp4_BpreShuffle_256x256E,3239.32,1190.84,0.0
gfx950,256,16698,4096,2048,54,0,96.8652,_ZN5aiter42f4gemm_bf16_per1x32Fp4_BpreShuffle_256x256E,2892.12,1631.99,0.0
gfx950,256,16702,1280,4096,50,0,60.2784,_ZN5aiter42f4gemm_bf16_per1x32Fp4_BpreShuffle_192x256E,2905.4,1320.28,0.0
gfx950,256,16702,4096,1024,54,0,69.8695,_ZN5aiter42f4gemm_bf16_per1x32Fp4_BpreShuffle_256x256E,2005.26,2110.67,0.0
gfx950,256,16711,9216,4096,54,0,300.5792,_ZN5aiter42f4gemm_bf16_per1x32Fp4_BpreShuffle_256x256E,4197.36,1201.4,0.0
gfx950,256,16719,1280,4096,50,0,61.5801,_ZN5aiter42f4gemm_bf16_per1x32Fp4_BpreShuffle_192x256E,2846.88,1293.64,0.0
gfx950,256,16719,4096,1024,45,0,70.0414,_ZN5aiter42f4gemm_bf16_per1x32Fp4_BpreShuffle_128x512E,2002.37,2107.6,0.0
gfx950,256,16726,1280,4096,50,0,60.5908,_ZN5aiter42f4gemm_bf16_per1x32Fp4_BpreShuffle_192x256E,2894.58,1315.3,0.0
gfx950,256,16726,4096,1024,54,0,69.4585,_ZN5aiter42f4gemm_bf16_per1x32Fp4_BpreShuffle_256x256E,2020.02,2126.17,0.0
gfx950,256,16735,9216,4096,54,0,305.4455,_ZN5aiter42f4gemm_bf16_per1x32Fp4_BpreShuffle_256x256E,4136.42,1183.87,0.0
gfx950,256,16736,1280,4096,50,0,61.0224,_ZN5aiter42f4gemm_bf16_per1x32Fp4_BpreShuffle_192x256E,2875.82,1306.75,0.0
gfx950,256,16736,4096,1024,54,0,69.5169,_ZN5aiter42f4gemm_bf16_per1x32Fp4_BpreShuffle_256x256E,2019.53,2125.63,0.0
gfx950,256,16742,9216,4096,54,0,300.2302,_ZN5aiter42f4gemm_bf16_per1x32Fp4_BpreShuffle_256x256E,4210.03,1204.91,0.0
gfx950,256,16744,1280,4096,50,0,61.5213,_ZN5aiter42f4gemm_bf16_per1x32Fp4_BpreShuffle_192x256E,2853.87,1296.75,0.0
gfx950,256,16744,4096,1024,54,0,69.6979,_ZN5aiter42f4gemm_bf16_per1x32Fp4_BpreShuffle_256x256E,2015.25,2121.11,0.0
gfx950,256,16745,9216,4096,54,0,306.5275,_ZN5aiter42f4gemm_bf16_per1x32Fp4_BpreShuffle_256x256E,4124.28,1180.36,0.0
gfx950,256,16747,9216,4096,54,0,300.4078,_ZN5aiter42f4gemm_bf16_per1x32Fp4_BpreShuffle_256x256E,4208.8,1204.54,0.0
gfx950,256,16750,2304,4096,54,0,99.0177,_ZN5aiter42f4gemm_bf16_per1x32Fp4_BpreShuffle_256x256E,3192.82,1173.59,0.0
gfx950,256,16750,4096,2048,45,0,97.8008,_ZN5aiter42f4gemm_bf16_per1x32Fp4_BpreShuffle_128x512E,2873.37,1621.28,0.0
gfx950,256,16751,1280,4096,50,0,61.6189,_ZN5aiter42f4gemm_bf16_per1x32Fp4_BpreShuffle_192x256E,2850.54,1295.22,0.0
gfx950,256,16751,4096,1024,54,0,70.1455,_ZN5aiter42f4gemm_bf16_per1x32Fp4_BpreShuffle_256x256E,2003.23,2108.44,0.0
gfx950,256,16759,1280,4096,50,0,60.5184,_ZN5aiter42f4gemm_bf16_per1x32Fp4_BpreShuffle_192x256E,2903.76,1319.38,0.0
gfx950,256,16759,4096,1024,54,0,69.4459,_ZN5aiter42f4gemm_bf16_per1x32Fp4_BpreShuffle_256x256E,2024.38,2130.69,0.0
gfx950,256,16760,1280,4096,50,0,59.9748,_ZN5aiter42f4gemm_bf16_per1x32Fp4_BpreShuffle_192x256E,2930.25,1331.42,0.0
gfx950,256,16760,4096,1024,54,0,69.6826,_ZN5aiter42f4gemm_bf16_per1x32Fp4_BpreShuffle_256x256E,2017.62,2123.57,0.0
gfx950,256,16760,4608,4096,54,0,161.5581,_ZN5aiter42f4gemm_bf16_per1x32Fp4_BpreShuffle_256x256E,3916.05,1226.94,0.0
gfx950,256,16763,9216,4096,54,0,305.5999,_ZN5aiter42f4gemm_bf16_per1x32Fp4_BpreShuffle_256x256E,4141.25,1185.15,0.0
gfx950,256,16767,9216,4096,54,0,301.72,_ZN5aiter42f4gemm_bf16_per1x32Fp4_BpreShuffle_256x256E,4195.5,1200.66,0.0
gfx950,256,16780,1280,4096,50,0,58.8684,_ZN5aiter42f4gemm_bf16_per1x32Fp4_BpreShuffle_192x256E,2988.89,1358.01,0.0
gfx950,256,16780,4096,1024,54,0,69.3759,_ZN5aiter42f4gemm_bf16_per1x32Fp4_BpreShuffle_256x256E,2028.96,2135.47,0.0
gfx950,256,16788,1280,4096,50,0,61.0056,_ZN5aiter42f4gemm_bf16_per1x32Fp4_BpreShuffle_192x256E,2885.55,1311.04,0.0
gfx950,256,16788,4096,1024,54,0,69.7785,_ZN5aiter42f4gemm_bf16_per1x32Fp4_BpreShuffle_256x256E,2018.21,2124.15,0.0
gfx950,256,16794,1280,4096,50,0,59.9573,_ZN5aiter42f4gemm_bf16_per1x32Fp4_BpreShuffle_192x256E,2937.05,1334.42,0.0
gfx950,256,16794,4096,1024,54,0,69.7265,_ZN5aiter42f4gemm_bf16_per1x32Fp4_BpreShuffle_256x256E,2020.44,2126.48,0.0
gfx950,256,16802,1280,4096,50,0,59.9984,_ZN5aiter42f4gemm_bf16_per1x32Fp4_BpreShuffle_192x256E,2936.44,1334.12,0.0
gfx950,256,16802,4096,1024,54,0,69.2218,_ZN5aiter42f4gemm_bf16_per1x32Fp4_BpreShuffle_256x256E,2036.14,2142.99,0.0
gfx950,256,16805,1280,4096,48,0,61.0868,_ZN5aiter42f4gemm_bf16_per1x32Fp4_BpreShuffle_160x384E,2884.64,1310.58,0.0
gfx950,256,16805,4096,1024,54,0,70.0689,_ZN5aiter42f4gemm_bf16_per1x32Fp4_BpreShuffle_256x256E,2011.88,2117.46,0.0
gfx950,256,16808,1280,4096,48,0,60.9448,_ZN5aiter42f4gemm_bf16_per1x32Fp4_BpreShuffle_160x384E,2891.87,1313.86,0.0
gfx950,256,16808,4096,1024,54,0,69.2139,_ZN5aiter42f4gemm_bf16_per1x32Fp4_BpreShuffle_256x256E,2037.1,2143.99,0.0
gfx950,256,16814,9216,4096,54,0,307.0689,_ZN5aiter42f4gemm_bf16_per1x32Fp4_BpreShuffle_256x256E,4133.97,1182.88,0.0
gfx950,256,16818,9216,4096,54,0,304.4909,_ZN5aiter42f4gemm_bf16_per1x32Fp4_BpreShuffle_256x256E,4169.97,1193.16,0.0
gfx950,256,16827,1280,4096,50,0,61.2872,_ZN5aiter42f4gemm_bf16_per1x32Fp4_BpreShuffle_192x256E,2878.97,1307.94,0.0
gfx950,256,16827,4096,1024,54,0,70.5457,_ZN5aiter42f4gemm_bf16_per1x32Fp4_BpreShuffle_256x256E,2000.9,2105.86,0.0
gfx950,256,16830,9216,4096,54,0,304.8362,_ZN5aiter42f4gemm_bf16_per1x32Fp4_BpreShuffle_256x256E,4168.21,1192.62,0.0
gfx950,256,16834,9216,4096,54,0,306.9335,_ZN5aiter42f4gemm_bf16_per1x32Fp4_BpreShuffle_256x256E,4140.72,1184.73,0.0
gfx950,256,16838,1280,4096,50,0,61.3733,_ZN5aiter42f4gemm_bf16_per1x32Fp4_BpreShuffle_192x256E,2876.81,1306.94,0.0
gfx950,256,16838,4096,1024,45,0,70.2045,_ZN5aiter42f4gemm_bf16_per1x32Fp4_BpreShuffle_128x512E,2011.94,2117.46,0.0
gfx950,256,16839,9216,4096,54,0,304.8039,_ZN5aiter42f4gemm_bf16_per1x32Fp4_BpreShuffle_256x256E,4170.88,1193.35,0.0
gfx950,256,16845,9216,4096,54,0,304.8224,_ZN5aiter42f4gemm_bf16_per1x32Fp4_BpreShuffle_256x256E,4172.12,1193.68,0.0
gfx950,256,16846,9216,4096,54,0,300.4528,_ZN5aiter42f4gemm_bf16_per1x32Fp4_BpreShuffle_256x256E,4233.05,1211.11,0.0
gfx950,256,16849,9216,4096,54,0,308.9773,_ZN5aiter42f4gemm_bf16_per1x32Fp4_BpreShuffle_256x256E,4116.99,1177.89,0.0
gfx950,256,16856,1280,4096,50,0,58.4972,_ZN5aiter42f4gemm_bf16_per1x32Fp4_BpreShuffle_192x256E,3021.48,1372.61,0.0
gfx950,256,16856,4096,1024,54,0,69.4082,_ZN5aiter42f4gemm_bf16_per1x32Fp4_BpreShuffle_256x256E,2037.2,2144.01,0.0
gfx950,256,16857,9216,4096,54,0,311.4831,_ZN5aiter42f4gemm_bf16_per1x32Fp4_BpreShuffle_256x256E,4085.81,1168.94,0.0
gfx950,256,16877,1280,4096,50,0,61.1049,_ZN5aiter42f4gemm_bf16_per1x32Fp4_BpreShuffle_192x256E,2896.14,1315.62,0.0
gfx950,256,16877,4096,1024,54,0,69.5663,_ZN5aiter42f4gemm_bf16_per1x32Fp4_BpreShuffle_256x256E,2035.1,2141.76,0.0
gfx950,256,16878,9216,4096,54,0,309.4121,_ZN5aiter42f4gemm_bf16_per1x32Fp4_BpreShuffle_256x256E,4118.28,1178.16,0.0
gfx950,256,16881,9216,4096,54,0,309.4467,_ZN5aiter42f4gemm_bf16_per1x32Fp4_BpreShuffle_256x256E,4118.55,1178.22,0.0
gfx950,256,16897,1280,4096,50,0,59.6828,_ZN5aiter42f4gemm_bf16_per1x32Fp4_BpreShuffle_192x256E,2968.66,1348.51,0.0
gfx950,256,16897,4096,1024,54,0,69.9353,_ZN5aiter42f4gemm_bf16_per1x32Fp4_BpreShuffle_256x256E,2026.76,2132.95,0.0
gfx950,256,16905,9216,4096,54,0,305.0207,_ZN5aiter42f4gemm_bf16_per1x32Fp4_BpreShuffle_256x256E,4184.26,1196.93,0.0
gfx950,256,16914,9216,4096,54,0,312.6772,_ZN5aiter42f4gemm_bf16_per1x32Fp4_BpreShuffle_256x256E,4083.97,1168.21,0.0
gfx950,256,16933,9216,4096,54,0,306.9482,_ZN5aiter42f4gemm_bf16_per1x32Fp4_BpreShuffle_256x256E,4164.87,1191.28,0.0
gfx950,256,16935,1280,4096,54,0,61.9185,_ZN5aiter42f4gemm_bf16_per1x32Fp4_BpreShuffle_256x256E,2867.9,1302.65,0.0
gfx950,256,16935,4096,1024,54,0,69.6293,_ZN5aiter42f4gemm_bf16_per1x32Fp4_BpreShuffle_256x256E,2040.25,2147.08,0.0
gfx950,256,16943,1280,4096,50,0,62.6205,_ZN5aiter42f4gemm_bf16_per1x32Fp4_BpreShuffle_192x256E,2837.09,1288.63,0.0
gfx950,256,16943,4096,1024,45,0,69.4364,_ZN5aiter42f4gemm_bf16_per1x32Fp4_BpreShuffle_128x512E,2046.88,2154.04,0.0
gfx950,256,16949,1280,4096,50,0,59.5988,_ZN5aiter42f4gemm_bf16_per1x32Fp4_BpreShuffle_192x256E,2981.99,1354.43,0.0
gfx950,256,16949,4096,1024,54,0,70.2494,_ZN5aiter42f4gemm_bf16_per1x32Fp4_BpreShuffle_256x256E,2023.91,2129.86,0.0
gfx950,256,16956,1280,4096,50,0,61.124,_ZN5aiter42f4gemm_bf16_per1x32Fp4_BpreShuffle_192x256E,2908.78,1321.16,0.0
gfx950,256,16956,4096,1024,54,0,69.6034,_ZN5aiter42f4gemm_bf16_per1x32Fp4_BpreShuffle_256x256E,2043.54,2150.5,0.0
gfx950,256,16957,1280,4096,52,0,61.1168,_ZN5aiter42f4gemm_bf16_per1x32Fp4_BpreShuffle_224x256E,2909.3,1321.39,0.0
gfx950,256,16957,4096,1024,54,0,70.2745,_ZN5aiter42f4gemm_bf16_per1x32Fp4_BpreShuffle_256x256E,2024.14,2130.09,0.0
gfx950,256,16978,9216,4096,54,0,303.4634,_ZN5aiter42f4gemm_bf16_per1x32Fp4_BpreShuffle_256x256E,4223.89,1208.0,0.0
gfx950,256,16985,1280,4096,50,0,61.5733,_ZN5aiter42f4gemm_bf16_per1x32Fp4_BpreShuffle_192x256E,2892.5,1313.69,0.0
gfx950,256,16985,4096,1024,54,0,70.6439,_ZN5aiter42f4gemm_bf16_per1x32Fp4_BpreShuffle_256x256E,2016.88,2122.4,0.0
gfx950,256,16989,9216,4096,54,0,305.9508,_ZN5aiter42f4gemm_bf16_per1x32Fp4_BpreShuffle_256x256E,4192.26,1198.92,0.0
gfx950,256,16993,9216,4096,54,0,304.4802,_ZN5aiter42f4gemm_bf16_per1x32Fp4_BpreShuffle_256x256E,4213.5,1204.97,0.0
gfx950,256,17002,9216,4096,54,0,303.9939,_ZN5aiter42f4gemm_bf16_per1x32Fp4_BpreShuffle_256x256E,4222.48,1207.51,0.0
gfx950,256,17004,9216,4096,54,0,302.8419,_ZN5aiter42f4gemm_bf16_per1x32Fp4_BpreShuffle_256x256E,4239.04,1212.24,0.0
gfx950,256,17012,9216,4096,54,0,301.2604,_ZN5aiter42f4gemm_bf16_per1x32Fp4_BpreShuffle_256x256E,4263.3,1219.15,0.0
gfx950,256,17019,1280,4096,48,0,60.6712,_ZN5aiter42f4gemm_bf16_per1x32Fp4_BpreShuffle_160x384E,2941.38,1335.81,0.0
gfx950,256,17019,4096,1024,54,0,69.9053,_ZN5aiter42f4gemm_bf16_per1x32Fp4_BpreShuffle_256x256E,2042.27,2149.06,0.0
gfx950,256,17031,1280,4096,50,0,61.1185,_ZN5aiter42f4gemm_bf16_per1x32Fp4_BpreShuffle_192x256E,2921.91,1326.94,0.0
gfx950,256,17031,4096,1024,54,0,70.1045,_ZN5aiter42f4gemm_bf16_per1x32Fp4_BpreShuffle_256x256E,2037.91,2144.44,0.0
gfx950,256,17032,9216,4096,54,0,307.3567,_ZN5aiter42f4gemm_bf16_per1x32Fp4_BpreShuffle_256x256E,4183.65,1196.3,0.0
gfx950,256,17038,1280,4096,50,0,61.3165,_ZN5aiter42f4gemm_bf16_per1x32Fp4_BpreShuffle_192x256E,2913.68,1323.18,0.0
gfx950,256,17038,4096,1024,54,0,69.2548,_ZN5aiter42f4gemm_bf16_per1x32Fp4_BpreShuffle_256x256E,2063.76,2171.63,0.0
gfx950,256,17047,9216,4096,54,0,305.9332,_ZN5aiter42f4gemm_bf16_per1x32Fp4_BpreShuffle_256x256E,4206.82,1202.87,0.0
gfx950,256,17061,9216,4096,54,0,303.9695,_ZN5aiter42f4gemm_bf16_per1x32Fp4_BpreShuffle_256x256E,4237.47,1211.58,0.0
gfx950,256,17064,1280,4096,50,0,59.8224,_ZN5aiter42f4gemm_bf16_per1x32Fp4_BpreShuffle_192x256E,2991.0,1358.23,0.0
gfx950,256,17064,4096,1024,45,0,70.5809,_ZN5aiter42f4gemm_bf16_per1x32Fp4_BpreShuffle_128x512E,2028.07,2134.04,0.0
gfx950,256,17066,4608,4096,54,0,162.7331,_ZN5aiter42f4gemm_bf16_per1x32Fp4_BpreShuffle_256x256E,3958.75,1239.26,0.0
gfx950,256,17076,1280,4096,50,0,59.8204,_ZN5aiter42f4gemm_bf16_per1x32Fp4_BpreShuffle_192x256E,2993.21,1359.2,0.0
gfx950,256,17076,4096,1024,54,0,70.075,_ZN5aiter42f4gemm_bf16_per1x32Fp4_BpreShuffle_256x256E,2044.15,2150.93,0.0
gfx950,256,17077,1280,4096,50,0,61.674,_ZN5aiter42f4gemm_bf16_per1x32Fp4_BpreShuffle_192x256E,2903.42,1318.42,0.0
gfx950,256,17077,4096,1024,54,0,69.4745,_ZN5aiter42f4gemm_bf16_per1x32Fp4_BpreShuffle_256x256E,2061.94,2169.65,0.0
gfx950,256,17105,9216,4096,54,0,300.0698,_ZN5aiter42f4gemm_bf16_per1x32Fp4_BpreShuffle_256x256E,4303.61,1230.33,0.0
gfx950,256,17113,9216,4096,54,0,307.8064,_ZN5aiter42f4gemm_bf16_per1x32Fp4_BpreShuffle_256x256E,4197.41,1199.94,0.0
gfx950,256,17118,2304,4096,54,0,98.7012,_ZN5aiter42f4gemm_bf16_per1x32Fp4_BpreShuffle_256x256E,3273.43,1202.17,0.0
gfx950,256,17118,4096,2048,54,0,98.3435,_ZN5aiter42f4gemm_bf16_per1x32Fp4_BpreShuffle_256x256E,2920.3,1646.82,0.0
gfx950,256,17130,1280,4096,48,0,60.6205,_ZN5aiter42f4gemm_bf16_per1x32Fp4_BpreShuffle_160x384E,2963.04,1345.36,0.0
gfx950,256,17130,4096,1024,54,0,69.6846,_ZN5aiter42f4gemm_bf16_per1x32Fp4_BpreShuffle_256x256E,2062.1,2169.73,0.0
gfx950,256,17143,1280,4096,50,0,61.6637,_ZN5aiter42f4gemm_bf16_per1x32Fp4_BpreShuffle_192x256E,2915.12,1323.57,0.0
gfx950,256,17143,4096,1024,54,0,69.674,_ZN5aiter42f4gemm_bf16_per1x32Fp4_BpreShuffle_256x256E,2063.98,2171.68,0.0
gfx950,256,17158,1280,4096,50,0,61.4749,_ZN5aiter42f4gemm_bf16_per1x32Fp4_BpreShuffle_192x256E,2926.64,1328.76,0.0
gfx950,256,17158,4096,1024,54,0,69.8846,_ZN5aiter42f4gemm_bf16_per1x32Fp4_BpreShuffle_256x256E,2059.56,2167.01,0.0
gfx950,256,17160,1280,4096,50,0,62.8674,_ZN5aiter42f4gemm_bf16_per1x32Fp4_BpreShuffle_192x256E,2862.15,1299.48,0.0
gfx950,256,17160,4096,1024,45,0,70.1622,_ZN5aiter42f4gemm_bf16_per1x32Fp4_BpreShuffle_128x512E,2051.65,2158.68,0.0
gfx950,256,17176,9216,4096,54,0,305.8831,_ZN5aiter42f4gemm_bf16_per1x32Fp4_BpreShuffle_256x256E,4239.35,1211.7,0.0
gfx950,256,17177,9216,4096,54,0,306.9603,_ZN5aiter42f4gemm_bf16_per1x32Fp4_BpreShuffle_256x256E,4224.72,1207.52,0.0
gfx950,256,17184,1280,4096,50,0,61.2969,_ZN5aiter42f4gemm_bf16_per1x32Fp4_BpreShuffle_192x256E,2939.58,1334.58,0.0
gfx950,256,17184,4096,1024,54,0,70.2758,_ZN5aiter42f4gemm_bf16_per1x32Fp4_BpreShuffle_256x256E,2051.2,2158.16,0.0
gfx950,256,17209,9216,4096,54,0,313.9924,_ZN5aiter42f4gemm_bf16_per1x32Fp4_BpreShuffle_256x256E,4137.79,1182.56,0.0
gfx950,256,17227,1280,4096,48,0,61.7197,_ZN5aiter42f4gemm_bf16_per1x32Fp4_BpreShuffle_160x384E,2926.75,1328.64,0.0
gfx950,256,17227,4096,1024,54,0,70.0109,_ZN5aiter42f4gemm_bf16_per1x32Fp4_BpreShuffle_256x256E,2064.12,2171.68,0.0
gfx950,256,17230,1280,4096,50,0,60.4753,_ZN5aiter42f4gemm_bf16_per1x32Fp4_BpreShuffle_192x256E,2987.49,1356.21,0.0
gfx950,256,17230,4096,1024,45,0,70.344,_ZN5aiter42f4gemm_bf16_per1x32Fp4_BpreShuffle_128x512E,2054.7,2161.76,0.0
gfx950,256,17238,1280,4096,50,0,60.42,_ZN5aiter42f4gemm_bf16_per1x32Fp4_BpreShuffle_192x256E,2991.62,1358.06,0.0
gfx950,256,17238,4096,1024,54,0,70.2506,_ZN5aiter42f4gemm_bf16_per1x32Fp4_BpreShuffle_256x256E,2058.39,2165.63,0.0
gfx950,256,17239,2304,4096,52,0,97.9861,_ZN5aiter42f4gemm_bf16_per1x32Fp4_BpreShuffle_224x256E,3320.63,1219.17,0.0
gfx950,256,17239,4096,2048,54,0,99.2053,_ZN5aiter42f4gemm_bf16_per1x32Fp4_BpreShuffle_256x256E,2915.39,1643.75,0.0
gfx950,256,17241,1280,4096,50,0,61.5936,_ZN5aiter42f4gemm_bf16_per1x32Fp4_BpreShuffle_192x256E,2935.13,1332.41,0.0
gfx950,256,17241,4096,1024,54,0,70.4789,_ZN5aiter42f4gemm_bf16_per1x32Fp4_BpreShuffle_256x256E,2052.08,2158.98,0.0
gfx950,256,17255,9216,4096,54,0,312.7543,_ZN5aiter42f4gemm_bf16_per1x32Fp4_BpreShuffle_256x256E,4165.28,1190.25,0.0
gfx950,256,17257,1280,4096,50,0,63.0289,_ZN5aiter42f4gemm_bf16_per1x32Fp4_BpreShuffle_192x256E,2870.95,1303.24,0.0
gfx950,256,17257,4096,1024,54,0,70.2549,_ZN5aiter42f4gemm_bf16_per1x32Fp4_BpreShuffle_256x256E,2060.53,2167.85,0.0
gfx950,256,17275,9216,4096,54,0,311.9343,_ZN5aiter42f4gemm_bf16_per1x32Fp4_BpreShuffle_256x256E,4181.07,1194.7,0.0
gfx950,256,17277,9216,4096,54,0,305.4189,_ZN5aiter42f4gemm_bf16_per1x32Fp4_BpreShuffle_256x256E,4270.76,1220.32,0.0
gfx950,256,17286,1280,4096,50,0,61.8533,_ZN5aiter42f4gemm_bf16_per1x32Fp4_BpreShuffle_192x256E,2930.43,1330.17,0.0
gfx950,256,17286,4096,1024,45,0,70.9284,_ZN5aiter42f4gemm_bf16_per1x32Fp4_BpreShuffle_128x512E,2044.39,2150.82,0.0
gfx950,256,17299,2304,4096,54,0,99.7065,_ZN5aiter42f4gemm_bf16_per1x32Fp4_BpreShuffle_256x256E,3274.69,1202.14,0.0
gfx950,256,17299,4096,2048,54,0,100.0175,_ZN5aiter42f4gemm_bf16_per1x32Fp4_BpreShuffle_256x256E,2901.78,1635.93,0.0
gfx950,256,17305,2304,4096,54,0,99.0033,_ZN5aiter42f4gemm_bf16_per1x32Fp4_BpreShuffle_256x256E,3299.09,1211.08,0.0
gfx950,256,17305,4096,2048,54,0,99.0279,_ZN5aiter42f4gemm_bf16_per1x32Fp4_BpreShuffle_256x256E,2931.8,1652.84,0.0
gfx950,256,17339,4608,4096,54,0,165.7159,_ZN5aiter42f4gemm_bf16_per1x32Fp4_BpreShuffle_256x256E,3949.68,1235.51,0.0
gfx950,256,17377,9216,4096,54,0,310.1723,_ZN5aiter42f4gemm_bf16_per1x32Fp4_BpreShuffle_256x256E,4229.65,1208.22,0.0
gfx950,256,17395,9216,4096,54,0,306.8681,_ZN5aiter42f4gemm_bf16_per1x32Fp4_BpreShuffle_256x256E,4279.62,1222.43,0.0
gfx950,256,17408,9216,4096,54,0,307.6991,_ZN5aiter42f4gemm_bf16_per1x32Fp4_BpreShuffle_256x256E,4271.25,1219.99,0.0
gfx950,256,17410,1280,4096,48,0,63.1985,_ZN5aiter42f4gemm_bf16_per1x32Fp4_BpreShuffle_160x384E,2888.63,1310.9,0.0
gfx950,256,17410,4096,1024,54,0,70.1946,_ZN5aiter42f4gemm_bf16_per1x32Fp4_BpreShuffle_256x256E,2080.58,2188.68,0.0
gfx950,256,17411,2304,4096,54,0,99.12,_ZN5aiter42f4gemm_bf16_per1x32Fp4_BpreShuffle_256x256E,3315.39,1216.77,0.0
gfx950,256,17411,4096,2048,45,0,100.1589,_ZN5aiter42f4gemm_bf16_per1x32Fp4_BpreShuffle_128x512E,2916.45,1643.93,0.0
gfx950,256,17418,1280,4096,48,0,63.3081,_ZN5aiter42f4gemm_bf16_per1x32Fp4_BpreShuffle_160x384E,2884.95,1309.21,0.0
gfx950,256,17418,4096,1024,54,0,70.2123,_ZN5aiter42f4gemm_bf16_per1x32Fp4_BpreShuffle_256x256E,2081.01,2189.12,0.0
gfx950,256,17432,9216,4096,54,0,316.2353,_ZN5aiter42f4gemm_bf16_per1x32Fp4_BpreShuffle_256x256E,4161.69,1188.61,0.0
gfx950,256,17436,2304,4096,54,0,100.7716,_ZN5aiter42f4gemm_bf16_per1x32Fp4_BpreShuffle_256x256E,3265.74,1198.48,0.0
gfx950,256,17436,4096,2048,45,0,98.3064,_ZN5aiter42f4gemm_bf16_per1x32Fp4_BpreShuffle_128x512E,2975.67,1677.25,0.0
gfx950,256,17466,9216,4096,54,0,313.9268,_ZN5aiter42f4gemm_bf16_per1x32Fp4_BpreShuffle_256x256E,4200.47,1199.57,0.0
gfx950,256,17497,1280,4096,50,0,61.7653,_ZN5aiter42f4gemm_bf16_per1x32Fp4_BpreShuffle_192x256E,2970.43,1347.81,0.0
gfx950,256,17497,4096,1024,45,0,70.3537,_ZN5aiter42f4gemm_bf16_per1x32Fp4_BpreShuffle_128x512E,2086.25,2194.5,0.0
gfx950,256,17564,9216,4096,54,0,314.7475,_ZN5aiter42f4gemm_bf16_per1x32Fp4_BpreShuffle_256x256E,4213.02,1202.82,0.0
gfx950,256,17603,1280,4096,48,0,62.6601,_ZN5aiter42f4gemm_bf16_per1x32Fp4_BpreShuffle_160x384E,2945.75,1336.35,0.0
gfx950,256,17603,4096,1024,54,0,70.5038,_ZN5aiter42f4gemm_bf16_per1x32Fp4_BpreShuffle_256x256E,2094.42,2202.91,0.0
gfx950,256,17621,9216,4096,54,0,317.2749,_ZN5aiter42f4gemm_bf16_per1x32Fp4_BpreShuffle_256x256E,4193.02,1196.92,0.0
gfx950,256,17634,9216,4096,54,0,315.9484,_ZN5aiter42f4gemm_bf16_per1x32Fp4_BpreShuffle_256x256E,4213.73,1202.79,0.0
gfx950,256,17638,1280,4096,50,0,62.7645,_ZN5aiter42f4gemm_bf16_per1x32Fp4_BpreShuffle_192x256E,2946.69,1336.7,0.0
gfx950,256,17638,4096,1024,45,0,70.089,_ZN5aiter42f4gemm_bf16_per1x32Fp4_BpreShuffle_128x512E,2111.01,2220.3,0.0
gfx950,256,17669,4608,4096,45,0,169.3884,_ZN5aiter42f4gemm_bf16_per1x32Fp4_BpreShuffle_128x512E,3937.59,1230.67,0.0
gfx950,256,17678,1280,4096,52,0,63.4319,_ZN5aiter42f4gemm_bf16_per1x32Fp4_BpreShuffle_224x256E,2922.3,1325.54,0.0
gfx950,256,17678,4096,1024,45,0,69.8253,_ZN5aiter42f4gemm_bf16_per1x32Fp4_BpreShuffle_128x512E,2123.78,2233.67,0.0
gfx950,256,17719,1280,4096,50,0,62.4469,_ZN5aiter42f4gemm_bf16_per1x32Fp4_BpreShuffle_192x256E,2975.28,1349.48,0.0
gfx950,256,17719,4096,1024,45,0,70.7169,_ZN5aiter42f4gemm_bf16_per1x32Fp4_BpreShuffle_128x512E,2101.87,2210.55,0.0
gfx950,256,17803,1280,4096,50,0,62.6124,_ZN5aiter42f4gemm_bf16_per1x32Fp4_BpreShuffle_192x256E,2981.49,1352.09,0.0
gfx950,256,17803,4096,1024,54,0,70.7599,_ZN5aiter42f4gemm_bf16_per1x32Fp4_BpreShuffle_256x256E,2110.55,2219.54,0.0
gfx950,256,17810,1280,4096,48,0,62.1661,_ZN5aiter42f4gemm_bf16_per1x32Fp4_BpreShuffle_160x384E,3004.07,1362.32,0.0
gfx950,256,17810,4096,1024,45,0,70.3094,_ZN5aiter42f4gemm_bf16_per1x32Fp4_BpreShuffle_128x512E,2124.91,2234.63,0.0
gfx950,256,17829,9216,4096,54,0,316.9672,_ZN5aiter42f4gemm_bf16_per1x32Fp4_BpreShuffle_256x256E,4246.64,1211.52,0.0
gfx950,256,17855,9216,4096,54,0,311.8836,_ZN5aiter42f4gemm_bf16_per1x32Fp4_BpreShuffle_256x256E,4322.15,1232.98,0.0
gfx950,256,17907,9216,4096,54,0,313.58,_ZN5aiter42f4gemm_bf16_per1x32Fp4_BpreShuffle_256x256E,4311.29,1229.7,0.0
gfx950,256,17933,1280,4096,50,0,61.8477,_ZN5aiter42f4gemm_bf16_per1x32Fp4_BpreShuffle_192x256E,3040.39,1378.49,0.0
gfx950,256,17933,4096,1024,54,0,70.4575,_ZN5aiter42f4gemm_bf16_per1x32Fp4_BpreShuffle_256x256E,2135.09,2245.13,0.0
gfx950,256,17963,4608,4096,54,0,169.8572,_ZN5aiter42f4gemm_bf16_per1x32Fp4_BpreShuffle_256x256E,3992.06,1246.77,0.0
gfx950,256,17980,9216,4096,54,0,320.2347,_ZN5aiter42f4gemm_bf16_per1x32Fp4_BpreShuffle_256x256E,4238.91,1208.82,0.0
gfx950,256,18077,9216,4096,54,0,314.7722,_ZN5aiter42f4gemm_bf16_per1x32Fp4_BpreShuffle_256x256E,4335.73,1236.1,0.0
gfx950,256,18082,1280,4096,50,0,61.8577,_ZN5aiter42f4gemm_bf16_per1x32Fp4_BpreShuffle_192x256E,3065.16,1389.37,0.0
gfx950,256,18082,4096,1024,54,0,70.5078,_ZN5aiter42f4gemm_bf16_per1x32Fp4_BpreShuffle_256x256E,2151.29,2261.92,0.0
gfx950,256,18082,4608,4096,54,0,168.846,_ZN5aiter42f4gemm_bf16_per1x32Fp4_BpreShuffle_256x256E,4042.58,1262.17,0.0
gfx950,256,18083,2304,4096,54,0,100.2741,_ZN5aiter42f4gemm_bf16_per1x32Fp4_BpreShuffle_256x256E,3403.72,1247.37,0.0
gfx950,256,18083,4096,2048,45,0,101.3725,_ZN5aiter42f4gemm_bf16_per1x32Fp4_BpreShuffle_128x512E,2992.75,1685.34,0.0
gfx950,256,18097,9216,4096,54,0,319.3591,_ZN5aiter42f4gemm_bf16_per1x32Fp4_BpreShuffle_256x256E,4278.19,1219.63,0.0
gfx950,256,18098,9216,4096,54,0,314.9979,_ZN5aiter42f4gemm_bf16_per1x32Fp4_BpreShuffle_256x256E,4337.66,1236.58,0.0
gfx950,256,18102,4608,4096,54,0,168.8213,_ZN5aiter42f4gemm_bf16_per1x32Fp4_BpreShuffle_256x256E,4047.64,1263.69,0.0
gfx950,256,18106,1280,4096,50,0,62.1781,_ZN5aiter42f4gemm_bf16_per1x32Fp4_BpreShuffle_192x256E,3053.41,1383.99,0.0
gfx950,256,18106,4096,1024,45,0,71.2439,_ZN5aiter42f4gemm_bf16_per1x32Fp4_BpreShuffle_128x512E,2131.89,2241.48,0.0
gfx950,256,18123,9216,4096,54,0,322.0696,_ZN5aiter42f4gemm_bf16_per1x32Fp4_BpreShuffle_256x256E,4248.28,1211.02,0.0
gfx950,256,18126,4608,4096,54,0,170.403,_ZN5aiter42f4gemm_bf16_per1x32Fp4_BpreShuffle_256x256E,4015.38,1253.55,0.0
gfx950,256,18126,9216,4096,54,0,319.5875,_ZN5aiter42f4gemm_bf16_per1x32Fp4_BpreShuffle_256x256E,4281.98,1220.62,0.0
gfx950,256,18146,1280,4096,48,0,62.9085,_ZN5aiter42f4gemm_bf16_per1x32Fp4_BpreShuffle_160x384E,3024.62,1370.85,0.0
gfx950,256,18146,4096,1024,54,0,70.6637,_ZN5aiter42f4gemm_bf16_per1x32Fp4_BpreShuffle_256x256E,2154.14,2264.81,0.0
gfx950,256,18147,9216,4096,54,0,319.8187,_ZN5aiter42f4gemm_bf16_per1x32Fp4_BpreShuffle_256x256E,4283.84,1221.08,0.0
gfx950,256,18149,9216,4096,54,0,323.3416,_ZN5aiter42f4gemm_bf16_per1x32Fp4_BpreShuffle_256x256E,4237.63,1207.9,0.0
gfx950,256,18162,1280,4096,50,0,61.8365,_ZN5aiter42f4gemm_bf16_per1x32Fp4_BpreShuffle_192x256E,3079.77,1395.81,0.0
gfx950,256,18162,4096,1024,54,0,71.5606,_ZN5aiter42f4gemm_bf16_per1x32Fp4_BpreShuffle_256x256E,2129.02,2238.37,0.0
gfx950,256,18164,4608,4096,45,0,170.2083,_ZN5aiter42f4gemm_bf16_per1x32Fp4_BpreShuffle_128x512E,4028.41,1257.5,0.0
gfx950,256,18173,4608,4096,54,0,168.6058,_ZN5aiter42f4gemm_bf16_per1x32Fp4_BpreShuffle_256x256E,4068.71,1270.05,0.0
gfx950,256,18174,2304,4096,48,0,102.0501,_ZN5aiter42f4gemm_bf16_per1x32Fp4_BpreShuffle_160x384E,3361.32,1231.6,0.0
gfx950,256,18174,4096,2048,54,0,101.1484,_ZN5aiter42f4gemm_bf16_per1x32Fp4_BpreShuffle_256x256E,3014.47,1697.37,0.0
gfx950,256,18175,4608,4096,54,0,166.8452,_ZN5aiter42f4gemm_bf16_per1x32Fp4_BpreShuffle_256x256E,4112.09,1283.59,0.0
gfx950,256,18180,2304,4096,54,0,100.2461,_ZN5aiter42f4gemm_bf16_per1x32Fp4_BpreShuffle_256x256E,3422.94,1254.16,0.0
gfx950,256,18180,4096,2048,54,0,101.6521,_ZN5aiter42f4gemm_bf16_per1x32Fp4_BpreShuffle_256x256E,3000.53,1689.5,0.0
gfx950,256,18189,1280,4096,48,0,61.5588,_ZN5aiter42f4gemm_bf16_per1x32Fp4_BpreShuffle_160x384E,3098.27,1404.13,0.0
gfx950,256,18189,4096,1024,45,0,71.5606,_ZN5aiter42f4gemm_bf16_per1x32Fp4_BpreShuffle_128x512E,2132.18,2241.66,0.0
gfx950,256,18192,4608,4096,54,0,180.573,_ZN5aiter42f4gemm_bf16_per1x32Fp4_BpreShuffle_256x256E,3803.03,1187.06,0.0
gfx950,256,18201,4608,4096,54,0,177.1579,_ZN5aiter42f4gemm_bf16_per1x32Fp4_BpreShuffle_256x256E,3878.26,1210.52,0.0
gfx950,256,18206,9216,4096,54,0,331.039,_ZN5aiter42f4gemm_bf16_per1x32Fp4_BpreShuffle_256x256E,4152.1,1183.34,0.0
gfx950,256,18207,9216,4096,54,0,333.5729,_ZN5aiter42f4gemm_bf16_per1x32Fp4_BpreShuffle_256x256E,4120.79,1174.42,0.0
gfx950,256,18209,4608,4096,54,0,176.3813,_ZN5aiter42f4gemm_bf16_per1x32Fp4_BpreShuffle_256x256E,3897.05,1216.36,0.0
gfx950,256,18212,9216,4096,54,0,328.2934,_ZN5aiter42f4gemm_bf16_per1x32Fp4_BpreShuffle_256x256E,4188.2,1193.62,0.0
gfx950,256,18215,9216,4096,54,0,336.6494,_ZN5aiter42f4gemm_bf16_per1x32Fp4_BpreShuffle_256x256E,4084.92,1164.17,0.0
gfx950,256,18216,1280,4096,54,0,63.7165,_ZN5aiter42f4gemm_bf16_per1x32Fp4_BpreShuffle_256x256E,2997.79,1358.53,0.0
gfx950,256,18216,4096,1024,54,0,71.1771,_ZN5aiter42f4gemm_bf16_per1x32Fp4_BpreShuffle_256x256E,2146.85,2257.04,0.0
gfx950,256,18226,4608,4096,54,0,186.1037,_ZN5aiter42f4gemm_bf16_per1x32Fp4_BpreShuffle_256x256E,3696.91,1153.85,0.0
gfx950,256,18231,4608,4096,54,0,180.48,_ZN5aiter42f4gemm_bf16_per1x32Fp4_BpreShuffle_256x256E,3813.15,1190.11,0.0
gfx950,256,18245,9216,4096,54,0,329.005,_ZN5aiter42f4gemm_bf16_per1x32Fp4_BpreShuffle_256x256E,4186.72,1193.09,0.0
gfx950,256,18259,1280,4096,48,0,63.7417,_ZN5aiter42f4gemm_bf16_per1x32Fp4_BpreShuffle_160x384E,3003.68,1361.1,0.0
gfx950,256,18259,4096,1024,54,0,72.223,_ZN5aiter42f4gemm_bf16_per1x32Fp4_BpreShuffle_256x256E,2120.76,2229.53,0.0
gfx950,256,18260,4608,4096,54,0,179.4657,_ZN5aiter42f4gemm_bf16_per1x32Fp4_BpreShuffle_256x256E,3840.8,1198.66,0.0
gfx950,256,18262,9216,4096,54,0,329.8345,_ZN5aiter42f4gemm_bf16_per1x32Fp4_BpreShuffle_256x256E,4180.08,1191.14,0.0
gfx950,256,18263,2304,4096,52,0,100.6989,_ZN5aiter42f4gemm_bf16_per1x32Fp4_BpreShuffle_224x256E,3423.1,1254.01,0.0
gfx950,256,18263,4096,2048,54,0,101.8581,_ZN5aiter42f4gemm_bf16_per1x32Fp4_BpreShuffle_256x256E,3008.13,1693.59,0.0
gfx950,256,18265,9216,4096,54,0,329.3526,_ZN5aiter42f4gemm_bf16_per1x32Fp4_BpreShuffle_256x256E,4186.88,1193.07,0.0
gfx950,256,18272,9216,4096,54,0,338.4899,_ZN5aiter42f4gemm_bf16_per1x32Fp4_BpreShuffle_256x256E,4075.42,1161.29,0.0
gfx950,256,18284,9216,4096,54,0,328.0779,_ZN5aiter42f4gemm_bf16_per1x32Fp4_BpreShuffle_256x256E,4207.52,1198.89,0.0
gfx950,256,18288,4608,4096,54,0,179.2923,_ZN5aiter42f4gemm_bf16_per1x32Fp4_BpreShuffle_256x256E,3850.41,1201.58,0.0
gfx950,256,18293,1280,4096,54,0,63.7524,_ZN5aiter42f4gemm_bf16_per1x32Fp4_BpreShuffle_256x256E,3008.77,1363.33,0.0
gfx950,256,18293,4096,1024,54,0,71.9954,_ZN5aiter42f4gemm_bf16_per1x32Fp4_BpreShuffle_256x256E,2131.43,2240.69,0.0
gfx950,256,18295,2304,4096,52,0,100.1345,_ZN5aiter42f4gemm_bf16_per1x32Fp4_BpreShuffle_224x256E,3448.43,1263.2,0.0
gfx950,256,18295,4096,2048,45,0,102.2749,_ZN5aiter42f4gemm_bf16_per1x32Fp4_BpreShuffle_128x512E,3001.12,1689.57,0.0
gfx950,256,18305,9216,4096,54,0,326.4569,_ZN5aiter42f4gemm_bf16_per1x32Fp4_BpreShuffle_256x256E,4233.27,1206.16,0.0
gfx950,256,18319,9216,4096,54,0,332.1815,_ZN5aiter42f4gemm_bf16_per1x32Fp4_BpreShuffle_256x256E,4163.5,1186.24,0.0
gfx950,256,18340,1280,4096,50,0,64.4421,_ZN5aiter42f4gemm_bf16_per1x32Fp4_BpreShuffle_192x256E,2984.21,1352.1,0.0
gfx950,256,18340,4096,1024,54,0,72.221,_ZN5aiter42f4gemm_bf16_per1x32Fp4_BpreShuffle_256x256E,2130.23,2239.36,0.0
gfx950,256,18352,9216,4096,54,0,331.2886,_ZN5aiter42f4gemm_bf16_per1x32Fp4_BpreShuffle_256x256E,4182.24,1191.48,0.0
gfx950,256,18353,1280,4096,54,0,63.8321,_ZN5aiter42f4gemm_bf16_per1x32Fp4_BpreShuffle_256x256E,3014.86,1365.96,0.0
gfx950,256,18353,4096,1024,45,0,71.7505,_ZN5aiter42f4gemm_bf16_per1x32Fp4_BpreShuffle_128x512E,2145.71,2255.62,0.0
gfx950,256,18355,9216,4096,54,0,335.3452,_ZN5aiter42f4gemm_bf16_per1x32Fp4_BpreShuffle_256x256E,4132.33,1177.25,0.0
gfx950,256,18363,9216,4096,54,0,333.4621,_ZN5aiter42f4gemm_bf16_per1x32Fp4_BpreShuffle_256x256E,4157.47,1184.39,0.0
gfx950,256,18367,1280,4096,48,0,63.5825,_ZN5aiter42f4gemm_bf16_per1x32Fp4_BpreShuffle_160x384E,3029.01,1372.34,0.0
gfx950,256,18367,4096,1024,54,0,71.8263,_ZN5aiter42f4gemm_bf16_per1x32Fp4_BpreShuffle_256x256E,2145.09,2254.93,0.0
gfx950,256,18368,2304,4096,48,0,102.5625,_ZN5aiter42f4gemm_bf16_per1x32Fp4_BpreShuffle_160x384E,3380.23,1238.04,0.0
gfx950,256,18368,4096,2048,54,0,102.178,_ZN5aiter42f4gemm_bf16_per1x32Fp4_BpreShuffle_256x256E,3015.95,1697.76,0.0
gfx950,256,18369,4608,4096,54,0,176.9533,_ZN5aiter42f4gemm_bf16_per1x32Fp4_BpreShuffle_256x256E,3918.58,1222.61,0.0
gfx950,256,18371,4608,4096,54,0,181.0001,_ZN5aiter42f4gemm_bf16_per1x32Fp4_BpreShuffle_256x256E,3831.39,1195.4,0.0
gfx950,256,18372,9216,4096,54,0,331.2062,_ZN5aiter42f4gemm_bf16_per1x32Fp4_BpreShuffle_256x256E,4187.84,1193.01,0.0
gfx950,256,18377,4608,4096,54,0,180.6993,_ZN5aiter42f4gemm_bf16_per1x32Fp4_BpreShuffle_256x256E,3839.02,1197.77,0.0
gfx950,256,18385,1280,4096,50,0,63.6965,_ZN5aiter42f4gemm_bf16_per1x32Fp4_BpreShuffle_192x256E,3026.55,1371.18,0.0
gfx950,256,18385,4096,1024,45,0,72.502,_ZN5aiter42f4gemm_bf16_per1x32Fp4_BpreShuffle_128x512E,2127.18,2236.08,0.0
gfx950,256,18390,4608,4096,54,0,177.4603,_ZN5aiter42f4gemm_bf16_per1x32Fp4_BpreShuffle_256x256E,3911.86,1220.45,0.0
gfx950,256,18397,4608,4096,54,0,177.7933,_ZN5aiter42f4gemm_bf16_per1x32Fp4_BpreShuffle_256x256E,3906.02,1218.61,0.0
gfx950,256,18397,9216,4096,54,0,331.409,_ZN5aiter42f4gemm_bf16_per1x32Fp4_BpreShuffle_256x256E,4190.98,1193.83,0.0
gfx950,256,18400,4608,4096,54,0,179.6718,_ZN5aiter42f4gemm_bf16_per1x32Fp4_BpreShuffle_256x256E,3865.81,1206.06,0.0
gfx950,256,18401,9216,4096,54,0,330.1629,_ZN5aiter42f4gemm_bf16_per1x32Fp4_BpreShuffle_256x256E,4207.71,1198.58,0.0
gfx950,256,18402,4608,4096,54,0,179.7378,_ZN5aiter42f4gemm_bf16_per1x32Fp4_BpreShuffle_256x256E,3864.81,1205.74,0.0
gfx950,256,18404,1280,4096,48,0,64.3585,_ZN5aiter42f4gemm_bf16_per1x32Fp4_BpreShuffle_160x384E,2998.51,1358.44,0.0
gfx950,256,18404,4096,1024,54,0,71.383,_ZN5aiter42f4gemm_bf16_per1x32Fp4_BpreShuffle_256x256E,2162.76,2273.45,0.0
gfx950,256,18414,4608,4096,54,0,180.4283,_ZN5aiter42f4gemm_bf16_per1x32Fp4_BpreShuffle_256x256E,3852.53,1201.88,0.0
gfx950,256,18421,4608,4096,54,0,188.6666,_ZN5aiter42f4gemm_bf16_per1x32Fp4_BpreShuffle_256x256E,3685.71,1149.81,0.0
gfx950,256,18423,4608,4096,54,0,178.7365,_ZN5aiter42f4gemm_bf16_per1x32Fp4_BpreShuffle_256x256E,3890.9,1213.82,0.0
gfx950,256,18426,4608,4096,54,0,183.6414,_ZN5aiter42f4gemm_bf16_per1x32Fp4_BpreShuffle_256x256E,3787.59,1181.58,0.0
gfx950,256,18431,9216,4096,54,0,331.4109,_ZN5aiter42f4gemm_bf16_per1x32Fp4_BpreShuffle_256x256E,4198.7,1195.92,0.0
gfx950,256,18437,1280,4096,48,0,63.5829,_ZN5aiter42f4gemm_bf16_per1x32Fp4_BpreShuffle_160x384E,3040.53,1377.4,0.0
gfx950,256,18437,4096,1024,54,0,71.6516,_ZN5aiter42f4gemm_bf16_per1x32Fp4_BpreShuffle_256x256E,2158.51,2268.93,0.0
gfx950,256,18442,9216,4096,54,0,334.9292,_ZN5aiter42f4gemm_bf16_per1x32Fp4_BpreShuffle_256x256E,4157.07,1184.03,0.0
gfx950,256,18449,9216,4096,54,0,333.1122,_ZN5aiter42f4gemm_bf16_per1x32Fp4_BpreShuffle_256x256E,4181.33,1190.92,0.0
gfx950,256,18456,4608,4096,54,0,185.1891,_ZN5aiter42f4gemm_bf16_per1x32Fp4_BpreShuffle_256x256E,3762.05,1173.53,0.0
gfx950,256,18464,1280,4096,48,0,62.9865,_ZN5aiter42f4gemm_bf16_per1x32Fp4_BpreShuffle_160x384E,3073.82,1392.42,0.0
gfx950,256,18464,2304,4096,54,0,100.4501,_ZN5aiter42f4gemm_bf16_per1x32Fp4_BpreShuffle_256x256E,3469.35,1270.43,0.0
gfx950,256,18464,4096,1024,54,0,71.9194,_ZN5aiter42f4gemm_bf16_per1x32Fp4_BpreShuffle_256x256E,2153.62,2263.75,0.0
gfx950,256,18464,4096,2048,54,0,101.6773,_ZN5aiter42f4gemm_bf16_per1x32Fp4_BpreShuffle_256x256E,3046.64,1714.82,0.0
gfx950,256,18469,9216,4096,54,0,338.2736,_ZN5aiter42f4gemm_bf16_per1x32Fp4_BpreShuffle_256x256E,4122.0,1173.96,0.0
gfx950,256,18474,9216,4096,54,0,333.8106,_ZN5aiter42f4gemm_bf16_per1x32Fp4_BpreShuffle_256x256E,4178.24,1189.96,0.0
gfx950,256,18476,4608,4096,54,0,183.3614,_ZN5aiter42f4gemm_bf16_per1x32Fp4_BpreShuffle_256x256E,3803.67,1186.46,0.0
gfx950,256,18480,4608,4096,54,0,187.6386,_ZN5aiter42f4gemm_bf16_per1x32Fp4_BpreShuffle_256x256E,3717.77,1159.65,0.0
gfx950,256,18482,4608,4096,54,0,179.5664,_ZN5aiter42f4gemm_bf16_per1x32Fp4_BpreShuffle_256x256E,3885.32,1211.91,0.0
gfx950,256,18493,4608,4096,54,0,180.0005,_ZN5aiter42f4gemm_bf16_per1x32Fp4_BpreShuffle_256x256E,3878.25,1209.68,0.0
gfx950,256,18496,9216,4096,54,0,335.8613,_ZN5aiter42f4gemm_bf16_per1x32Fp4_BpreShuffle_256x256E,4157.67,1184.04,0.0
gfx950,256,18502,9216,4096,54,0,338.0429,_ZN5aiter42f4gemm_bf16_per1x32Fp4_BpreShuffle_256x256E,4132.18,1176.76,0.0
gfx950,256,18503,9216,4096,54,0,330.6391,_ZN5aiter42f4gemm_bf16_per1x32Fp4_BpreShuffle_256x256E,4224.94,1203.17,0.0
gfx950,256,18507,9216,4096,54,0,330.7024,_ZN5aiter42f4gemm_bf16_per1x32Fp4_BpreShuffle_256x256E,4225.04,1203.19,0.0
gfx950,256,18510,1280,4096,54,0,64.3501,_ZN5aiter42f4gemm_bf16_per1x32Fp4_BpreShuffle_256x256E,3016.18,1366.21,0.0
gfx950,256,18510,4096,1024,54,0,72.1068,_ZN5aiter42f4gemm_bf16_per1x32Fp4_BpreShuffle_256x256E,2153.38,2263.42,0.0
gfx950,256,18510,4608,4096,54,0,182.0405,_ZN5aiter42f4gemm_bf16_per1x32Fp4_BpreShuffle_256x256E,3838.32,1197.17,0.0
gfx950,256,18517,2304,4096,54,0,102.9201,_ZN5aiter42f4gemm_bf16_per1x32Fp4_BpreShuffle_256x256E,3395.81,1243.37,0.0
gfx950,256,18517,4096,2048,54,0,101.2693,_ZN5aiter42f4gemm_bf16_per1x32Fp4_BpreShuffle_256x256E,3067.7,1726.55,0.0
gfx950,256,18527,2304,4096,54,0,102.0913,_ZN5aiter42f4gemm_bf16_per1x32Fp4_BpreShuffle_256x256E,3425.22,1254.12,0.0
gfx950,256,18527,4096,2048,54,0,102.2307,_ZN5aiter42f4gemm_bf16_per1x32Fp4_BpreShuffle_256x256E,3040.49,1711.22,0.0
gfx950,256,18534,9216,4096,54,0,334.8898,_ZN5aiter42f4gemm_bf16_per1x32Fp4_BpreShuffle_256x256E,4178.3,1189.8,0.0
gfx950,256,18536,2304,4096,54,0,99.7868,_ZN5aiter42f4gemm_bf16_per1x32Fp4_BpreShuffle_256x256E,3506.03,1283.68,0.0
gfx950,256,18536,4096,2048,45,0,101.8648,_ZN5aiter42f4gemm_bf16_per1x32Fp4_BpreShuffle_128x512E,3052.89,1718.18,0.0
gfx950,256,18541,2304,4096,54,0,101.678,_ZN5aiter42f4gemm_bf16_per1x32Fp4_BpreShuffle_256x256E,3441.74,1260.13,0.0
gfx950,256,18541,4096,2048,54,0,102.64,_ZN5aiter42f4gemm_bf16_per1x32Fp4_BpreShuffle_256x256E,3030.65,1705.65,0.0
gfx950,256,18544,4608,4096,54,0,184.1508,_ZN5aiter42f4gemm_bf16_per1x32Fp4_BpreShuffle_256x256E,3801.3,1185.53,0.0
gfx950,256,18545,4608,4096,54,0,181.6994,_ZN5aiter42f4gemm_bf16_per1x32Fp4_BpreShuffle_256x256E,3852.79,1201.59,0.0
gfx950,256,18546,9216,4096,54,0,339.7628,_ZN5aiter42f4gemm_bf16_per1x32Fp4_BpreShuffle_256x256E,4121.04,1173.46,0.0
gfx950,256,18547,2304,4096,48,0,103.7436,_ZN5aiter42f4gemm_bf16_per1x32Fp4_BpreShuffle_160x384E,3374.31,1235.42,0.0
gfx950,256,18547,4096,2048,54,0,102.8691,_ZN5aiter42f4gemm_bf16_per1x32Fp4_BpreShuffle_256x256E,3024.88,1702.39,0.0
gfx950,256,18549,9216,4096,54,0,333.1231,_ZN5aiter42f4gemm_bf16_per1x32Fp4_BpreShuffle_256x256E,4203.86,1197.03,0.0
gfx950,256,18551,9216,4096,54,0,332.8887,_ZN5aiter42f4gemm_bf16_per1x32Fp4_BpreShuffle_256x256E,4207.27,1197.99,0.0
gfx950,256,18567,9216,4096,54,0,336.6195,_ZN5aiter42f4gemm_bf16_per1x32Fp4_BpreShuffle_256x256E,4164.23,1185.69,0.0
gfx950,256,18586,1280,4096,50,0,64.0404,_ZN5aiter42f4gemm_bf16_per1x32Fp4_BpreShuffle_192x256E,3043.21,1378.28,0.0
gfx950,256,18586,4096,1024,54,0,71.5875,_ZN5aiter42f4gemm_bf16_per1x32Fp4_BpreShuffle_256x256E,2177.9,2289.08,0.0
gfx950,256,18593,9216,4096,54,0,340.6807,_ZN5aiter42f4gemm_bf16_per1x32Fp4_BpreShuffle_256x256E,4120.35,1173.12,0.0
gfx950,256,18597,4608,4096,54,0,183.6185,_ZN5aiter42f4gemm_bf16_per1x32Fp4_BpreShuffle_256x256E,3823.22,1192.22,0.0
gfx950,256,18608,9216,4096,54,0,337.265,_ZN5aiter42f4gemm_bf16_per1x32Fp4_BpreShuffle_256x256E,4165.44,1185.91,0.0
gfx950,256,18610,1280,4096,50,0,64.8116,_ZN5aiter42f4gemm_bf16_per1x32Fp4_BpreShuffle_192x256E,3010.88,1363.59,0.0
gfx950,256,18610,4096,1024,45,0,72.2295,_ZN5aiter42f4gemm_bf16_per1x32Fp4_BpreShuffle_128x512E,2161.33,2271.63,0.0
gfx950,256,18615,9216,4096,54,0,336.6163,_ZN5aiter42f4gemm_bf16_per1x32Fp4_BpreShuffle_256x256E,4175.04,1188.62,0.0
gfx950,256,18619,4608,4096,54,0,183.304,_ZN5aiter42f4gemm_bf16_per1x32Fp4_BpreShuffle_256x256E,3834.31,1195.62,0.0
gfx950,256,18619,9216,4096,54,0,329.7853,_ZN5aiter42f4gemm_bf16_per1x32Fp4_BpreShuffle_256x256E,4262.43,1213.49,0.0
gfx950,256,18622,1280,4096,48,0,63.1004,_ZN5aiter42f4gemm_bf16_per1x32Fp4_BpreShuffle_160x384E,3094.53,1401.44,0.0
gfx950,256,18622,4096,1024,54,0,71.758,_ZN5aiter42f4gemm_bf16_per1x32Fp4_BpreShuffle_256x256E,2176.94,2288.01,0.0
gfx950,256,18625,4608,4096,54,0,181.3899,_ZN5aiter42f4gemm_bf16_per1x32Fp4_BpreShuffle_256x256E,3876.02,1208.61,0.0
gfx950,256,18639,1280,4096,50,0,63.8208,_ZN5aiter42f4gemm_bf16_per1x32Fp4_BpreShuffle_192x256E,3062.39,1386.85,0.0
gfx950,256,18639,4096,1024,54,0,72.438,_ZN5aiter42f4gemm_bf16_per1x32Fp4_BpreShuffle_256x256E,2158.47,2268.57,0.0
gfx950,256,18639,9216,4096,54,0,334.1922,_ZN5aiter42f4gemm_bf16_per1x32Fp4_BpreShuffle_256x256E,4210.74,1198.71,0.0
gfx950,256,18650,9216,4096,54,0,335.5167,_ZN5aiter42f4gemm_bf16_per1x32Fp4_BpreShuffle_256x256E,4196.6,1194.65,0.0
gfx950,256,18660,9216,4096,54,0,338.7482,_ZN5aiter42f4gemm_bf16_per1x32Fp4_BpreShuffle_256x256E,4158.79,1183.86,0.0
gfx950,256,18665,9216,4096,54,0,330.8102,_ZN5aiter42f4gemm_bf16_per1x32Fp4_BpreShuffle_256x256E,4259.72,1212.58,0.0
gfx950,256,18669,9216,4096,54,0,334.8926,_ZN5aiter42f4gemm_bf16_per1x32Fp4_BpreShuffle_256x256E,4208.7,1198.04,0.0
gfx950,256,18670,4608,4096,54,0,182.7683,_ZN5aiter42f4gemm_bf16_per1x32Fp4_BpreShuffle_256x256E,3856.08,1202.27,0.0
gfx950,256,18675,9216,4096,54,0,343.1899,_ZN5aiter42f4gemm_bf16_per1x32Fp4_BpreShuffle_256x256E,4108.27,1169.44,0.0
gfx950,256,18676,4608,4096,54,0,184.3215,_ZN5aiter42f4gemm_bf16_per1x32Fp4_BpreShuffle_256x256E,3824.81,1192.5,0.0
gfx950,256,18676,9216,4096,54,0,333.4397,_ZN5aiter42f4gemm_bf16_per1x32Fp4_BpreShuffle_256x256E,4228.62,1203.69,0.0
gfx950,256,18682,1280,4096,50,0,63.728,_ZN5aiter42f4gemm_bf16_per1x32Fp4_BpreShuffle_192x256E,3073.92,1391.98,0.0
gfx950,256,18682,2304,4096,54,0,103.4392,_ZN5aiter42f4gemm_bf16_per1x32Fp4_BpreShuffle_256x256E,3408.87,1247.75,0.0
gfx950,256,18682,4096,1024,54,0,72.5397,_ZN5aiter42f4gemm_bf16_per1x32Fp4_BpreShuffle_256x256E,2160.42,2270.55,0.0
gfx950,256,18682,4096,2048,54,0,102.2208,_ZN5aiter42f4gemm_bf16_per1x32Fp4_BpreShuffle_256x256E,3066.22,1725.36,0.0
gfx950,256,18685,4608,4096,54,0,185.763,_ZN5aiter42f4gemm_bf16_per1x32Fp4_BpreShuffle_256x256E,3796.96,1183.79,0.0
gfx950,256,18698,4608,4096,54,0,185.3027,_ZN5aiter42f4gemm_bf16_per1x32Fp4_BpreShuffle_256x256E,3809.04,1187.52,0.0
gfx950,256,18700,9216,4096,54,0,338.3246,_ZN5aiter42f4gemm_bf16_per1x32Fp4_BpreShuffle_256x256E,4172.92,1187.77,0.0
gfx950,256,18719,2304,4096,54,0,102.9747,_ZN5aiter42f4gemm_bf16_per1x32Fp4_BpreShuffle_256x256E,3431.03,1255.77,0.0
gfx950,256,18719,4096,2048,45,0,105.0719,_ZN5aiter42f4gemm_bf16_per1x32Fp4_BpreShuffle_128x512E,2988.93,1681.79,0.0
gfx950,256,18719,9216,4096,54,0,341.987,_ZN5aiter42f4gemm_bf16_per1x32Fp4_BpreShuffle_256x256E,4132.43,1176.18,0.0
gfx950,256,18721,9216,4096,54,0,336.4101,_ZN5aiter42f4gemm_bf16_per1x32Fp4_BpreShuffle_256x256E,4201.38,1195.8,0.0
gfx950,256,18732,9216,4096,54,0,336.8998,_ZN5aiter42f4gemm_bf16_per1x32Fp4_BpreShuffle_256x256E,4197.74,1194.73,0.0
gfx950,256,18754,1280,4096,50,0,64.8755,_ZN5aiter42f4gemm_bf16_per1x32Fp4_BpreShuffle_192x256E,3031.19,1372.47,0.0
gfx950,256,18754,4096,1024,54,0,73.1572,_ZN5aiter42f4gemm_bf16_per1x32Fp4_BpreShuffle_256x256E,2150.44,2259.95,0.0
gfx950,256,18760,4608,4096,54,0,185.5297,_ZN5aiter42f4gemm_bf16_per1x32Fp4_BpreShuffle_256x256E,3817.0,1189.84,0.0
gfx950,256,18762,9216,4096,54,0,331.5797,_ZN5aiter42f4gemm_bf16_per1x32Fp4_BpreShuffle_256x256E,4271.92,1215.76,0.0
gfx950,256,18763,9216,4096,54,0,334.6379,_ZN5aiter42f4gemm_bf16_per1x32Fp4_BpreShuffle_256x256E,4233.11,1204.71,0.0
gfx950,256,18778,9216,4096,54,0,337.6098,_ZN5aiter42f4gemm_bf16_per1x32Fp4_BpreShuffle_256x256E,4199.2,1195.01,0.0
gfx950,256,18788,1280,4096,50,0,63.8791,_ZN5aiter42f4gemm_bf16_per1x32Fp4_BpreShuffle_192x256E,3084.05,1396.33,0.0
gfx950,256,18788,4096,1024,54,0,72.8115,_ZN5aiter42f4gemm_bf16_per1x32Fp4_BpreShuffle_256x256E,2164.56,2274.75,0.0
gfx950,256,18790,1280,4096,50,0,64.8727,_ZN5aiter42f4gemm_bf16_per1x32Fp4_BpreShuffle_192x256E,3037.14,1375.09,0.0
gfx950,256,18790,4096,1024,54,0,72.2054,_ZN5aiter42f4gemm_bf16_per1x32Fp4_BpreShuffle_256x256E,2182.97,2294.08,0.0
gfx950,256,18796,4608,4096,45,0,188.9435,_ZN5aiter42f4gemm_bf16_per1x32Fp4_BpreShuffle_128x512E,3755.22,1170.48,0.0
gfx950,256,18799,9216,4096,54,0,334.3123,_ZN5aiter42f4gemm_bf16_per1x32Fp4_BpreShuffle_256x256E,4245.36,1208.09,0.0
gfx950,256,18804,9216,4096,54,0,335.7332,_ZN5aiter42f4gemm_bf16_per1x32Fp4_BpreShuffle_256x256E,4228.52,1203.28,0.0
gfx950,256,18808,1280,4096,50,0,63.7735,_ZN5aiter42f4gemm_bf16_per1x32Fp4_BpreShuffle_192x256E,3092.45,1400.09,0.0
gfx950,256,18808,4096,1024,54,0,72.9398,_ZN5aiter42f4gemm_bf16_per1x32Fp4_BpreShuffle_256x256E,2163.06,2273.13,0.0
gfx950,256,18809,1280,4096,50,0,64.646,_ZN5aiter42f4gemm_bf16_per1x32Fp4_BpreShuffle_192x256E,3050.87,1381.27,0.0
gfx950,256,18809,4096,1024,54,0,72.9451,_ZN5aiter42f4gemm_bf16_per1x32Fp4_BpreShuffle_256x256E,2163.01,2273.09,0.0
gfx950,256,18817,9216,4096,54,0,337.3853,_ZN5aiter42f4gemm_bf16_per1x32Fp4_BpreShuffle_256x256E,4210.72,1198.17,0.0
gfx950,256,18820,2304,4096,48,0,104.2239,_ZN5aiter42f4gemm_bf16_per1x32Fp4_BpreShuffle_160x384E,3408.2,1247.17,0.0
gfx950,256,18820,4096,2048,54,0,102.5294,_ZN5aiter42f4gemm_bf16_per1x32Fp4_BpreShuffle_256x256E,3079.58,1732.57,0.0
gfx950,256,18822,9216,4096,54,0,338.899,_ZN5aiter42f4gemm_bf16_per1x32Fp4_BpreShuffle_256x256E,4193.03,1193.13,0.0
gfx950,256,18824,9216,4096,54,0,336.5874,_ZN5aiter42f4gemm_bf16_per1x32Fp4_BpreShuffle_256x256E,4222.27,1201.44,0.0
gfx950,256,18831,9216,4096,54,0,341.0674,_ZN5aiter42f4gemm_bf16_per1x32Fp4_BpreShuffle_256x256E,4168.36,1186.08,0.0
gfx950,256,18833,4608,4096,54,0,184.4069,_ZN5aiter42f4gemm_bf16_per1x32Fp4_BpreShuffle_256x256E,3855.18,1201.54,0.0
gfx950,256,18836,2304,4096,54,0,103.0215,_ZN5aiter42f4gemm_bf16_per1x32Fp4_BpreShuffle_256x256E,3450.91,1262.76,0.0
gfx950,256,18836,4096,2048,54,0,102.5554,_ZN5aiter42f4gemm_bf16_per1x32Fp4_BpreShuffle_256x256E,3081.41,1733.57,0.0
gfx950,256,18838,2304,4096,54,0,103.1927,_ZN5aiter42f4gemm_bf16_per1x32Fp4_BpreShuffle_256x256E,3445.55,1260.79,0.0
gfx950,256,18838,4096,2048,54,0,103.0207,_ZN5aiter42f4gemm_bf16_per1x32Fp4_BpreShuffle_256x256E,3067.82,1725.92,0.0
gfx950,256,18841,4608,4096,54,0,183.6989,_ZN5aiter42f4gemm_bf16_per1x32Fp4_BpreShuffle_256x256E,3871.68,1206.66,0.0
gfx950,256,18852,4608,4096,54,0,186.1993,_ZN5aiter42f4gemm_bf16_per1x32Fp4_BpreShuffle_256x256E,3821.92,1191.12,0.0
gfx950,256,18855,9216,4096,54,0,339.0545,_ZN5aiter42f4gemm_bf16_per1x32Fp4_BpreShuffle_256x256E,4198.45,1194.57,0.0
gfx950,256,18859,9216,4096,54,0,337.3618,_ZN5aiter42f4gemm_bf16_per1x32Fp4_BpreShuffle_256x256E,4220.42,1200.81,0.0
gfx950,256,18867,9216,4096,54,0,337.2034,_ZN5aiter42f4gemm_bf16_per1x32Fp4_BpreShuffle_256x256E,4224.19,1201.86,0.0
gfx950,256,18871,2304,4096,48,0,104.8167,_ZN5aiter42f4gemm_bf16_per1x32Fp4_BpreShuffle_160x384E,3398.11,1243.35,0.0
gfx950,256,18871,4096,2048,54,0,103.6382,_ZN5aiter42f4gemm_bf16_per1x32Fp4_BpreShuffle_256x256E,3054.89,1718.57,0.0
gfx950,256,18872,9216,4096,54,0,337.4184,_ZN5aiter42f4gemm_bf16_per1x32Fp4_BpreShuffle_256x256E,4222.62,1201.4,0.0
gfx950,256,18878,1280,4096,54,0,64.2751,_ZN5aiter42f4gemm_bf16_per1x32Fp4_BpreShuffle_256x256E,3079.73,1394.18,0.0
gfx950,256,18878,4096,1024,54,0,73.3066,_ZN5aiter42f4gemm_bf16_per1x32Fp4_BpreShuffle_256x256E,2160.24,2270.07,0.0
gfx950,256,18885,9216,4096,54,0,334.774,_ZN5aiter42f4gemm_bf16_per1x32Fp4_BpreShuffle_256x256E,4258.9,1211.68,0.0
gfx950,256,18889,9216,4096,54,0,338.3558,_ZN5aiter42f4gemm_bf16_per1x32Fp4_BpreShuffle_256x256E,4214.71,1199.1,0.0
gfx950,256,18893,9216,4096,54,0,339.3718,_ZN5aiter42f4gemm_bf16_per1x32Fp4_BpreShuffle_256x256E,4202.98,1195.75,0.0
gfx950,256,18894,4608,4096,54,0,185.6672,_ZN5aiter42f4gemm_bf16_per1x32Fp4_BpreShuffle_256x256E,3841.41,1197.08,0.0
gfx950,256,18895,9216,4096,54,0,338.0947,_ZN5aiter42f4gemm_bf16_per1x32Fp4_BpreShuffle_256x256E,4219.31,1200.39,0.0
gfx950,256,18898,4608,4096,54,0,184.6789,_ZN5aiter42f4gemm_bf16_per1x32Fp4_BpreShuffle_256x256E,3862.79,1203.73,0.0
gfx950,256,18899,4608,4096,54,0,187.8762,_ZN5aiter42f4gemm_bf16_per1x32Fp4_BpreShuffle_256x256E,3797.25,1183.31,0.0
gfx950,256,18900,9216,4096,54,0,336.4565,_ZN5aiter42f4gemm_bf16_per1x32Fp4_BpreShuffle_256x256E,4240.97,1206.53,0.0
gfx950,256,18902,9216,4096,54,0,340.819,_ZN5aiter42f4gemm_bf16_per1x32Fp4_BpreShuffle_256x256E,4187.13,1191.21,0.0
gfx950,256,18907,2304,4096,54,0,105.4487,_ZN5aiter42f4gemm_bf16_per1x32Fp4_BpreShuffle_256x256E,3384.18,1238.17,0.0
gfx950,256,18907,4096,2048,54,0,103.0231,_ZN5aiter42f4gemm_bf16_per1x32Fp4_BpreShuffle_256x256E,3078.99,1732.05,0.0
gfx950,256,18934,9216,4096,54,0,339.2158,_ZN5aiter42f4gemm_bf16_per1x32Fp4_BpreShuffle_256x256E,4214.04,1198.77,0.0
gfx950,256,18935,2304,4096,48,0,103.3663,_ZN5aiter42f4gemm_bf16_per1x32Fp4_BpreShuffle_160x384E,3457.47,1264.92,0.0
gfx950,256,18935,4096,2048,54,0,101.475,_ZN5aiter42f4gemm_bf16_per1x32Fp4_BpreShuffle_256x256E,3130.59,1761.02,0.0
gfx950,256,18938,1280,4096,50,0,63.9711,_ZN5aiter42f4gemm_bf16_per1x32Fp4_BpreShuffle_192x256E,3104.2,1405.13,0.0
gfx950,256,18938,4096,1024,54,0,73.9972,_ZN5aiter42f4gemm_bf16_per1x32Fp4_BpreShuffle_256x256E,2146.88,2255.94,0.0
gfx950,256,18938,4608,4096,54,0,185.2265,_ZN5aiter42f4gemm_bf16_per1x32Fp4_BpreShuffle_256x256E,3859.52,1202.61,0.0
gfx950,256,18940,9216,4096,54,0,331.4585,_ZN5aiter42f4gemm_bf16_per1x32Fp4_BpreShuffle_256x256E,4314.03,1227.2,0.0
gfx950,256,18944,1280,4096,50,0,65.8627,_ZN5aiter42f4gemm_bf16_per1x32Fp4_BpreShuffle_192x256E,3016.01,1365.19,0.0
gfx950,256,18944,4096,1024,54,0,72.9262,_ZN5aiter42f4gemm_bf16_per1x32Fp4_BpreShuffle_256x256E,2179.1,2289.79,0.0
gfx950,256,18958,1280,4096,48,0,64.5223,_ZN5aiter42f4gemm_bf16_per1x32Fp4_BpreShuffle_160x384E,3080.94,1394.56,0.0
gfx950,256,18958,4096,1024,54,0,72.2731,_ZN5aiter42f4gemm_bf16_per1x32Fp4_BpreShuffle_256x256E,2200.42,2312.17,0.0
gfx950,256,18961,4608,4096,54,0,187.7342,_ZN5aiter42f4gemm_bf16_per1x32Fp4_BpreShuffle_256x256E,3812.59,1187.92,0.0
gfx950,256,18967,9216,4096,54,0,343.692,_ZN5aiter42f4gemm_bf16_per1x32Fp4_BpreShuffle_256x256E,4166.41,1185.13,0.0
gfx950,256,18968,4608,4096,54,0,189.3266,_ZN5aiter42f4gemm_bf16_per1x32Fp4_BpreShuffle_256x256E,3781.92,1178.35,0.0
gfx950,256,18970,4608,4096,54,0,183.4264,_ZN5aiter42f4gemm_bf16_per1x32Fp4_BpreShuffle_256x256E,3903.98,1216.37,0.0
gfx950,256,18976,9216,4096,54,0,342.431,_ZN5aiter42f4gemm_bf16_per1x32Fp4_BpreShuffle_256x256E,4183.73,1190.03,0.0
gfx950,256,18990,1280,4096,48,0,64.1091,_ZN5aiter42f4gemm_bf16_per1x32Fp4_BpreShuffle_160x384E,3106.03,1405.84,0.0
gfx950,256,18990,4096,1024,54,0,72.9652,_ZN5aiter42f4gemm_bf16_per1x32Fp4_BpreShuffle_256x256E,2183.23,2294.05,0.0
gfx950,256,18993,4608,4096,54,0,186.4784,_ZN5aiter42f4gemm_bf16_per1x32Fp4_BpreShuffle_256x256E,3844.74,1197.86,0.0
gfx950,256,19001,9216,4096,54,0,337.7014,_ZN5aiter42f4gemm_bf16_per1x32Fp4_BpreShuffle_256x256E,4247.92,1208.21,0.0
gfx950,256,19004,1280,4096,50,0,64.6039,_ZN5aiter42f4gemm_bf16_per1x32Fp4_BpreShuffle_192x256E,3084.51,1396.07,0.0
gfx950,256,19004,4096,1024,54,0,73.572,_ZN5aiter42f4gemm_bf16_per1x32Fp4_BpreShuffle_256x256E,2166.82,2276.79,0.0
gfx950,256,19010,1280,4096,50,0,63.0047,_ZN5aiter42f4gemm_bf16_per1x32Fp4_BpreShuffle_192x256E,3163.8,1431.95,0.0
gfx950,256,19010,4096,1024,54,0,73.0954,_ZN5aiter42f4gemm_bf16_per1x32Fp4_BpreShuffle_256x256E,2181.63,2292.35,0.0
gfx950,256,19011,9216,4096,54,0,340.8595,_ZN5aiter42f4gemm_bf16_per1x32Fp4_BpreShuffle_256x256E,4210.77,1197.62,0.0
gfx950,256,19022,9216,4096,54,0,337.6381,_ZN5aiter42f4gemm_bf16_per1x32Fp4_BpreShuffle_256x256E,4253.41,1209.71,0.0
gfx950,256,19030,2304,4096,48,0,102.813,_ZN5aiter42f4gemm_bf16_per1x32Fp4_BpreShuffle_160x384E,3493.52,1277.88,0.0
gfx950,256,19030,4096,2048,54,0,102.9607,_ZN5aiter42f4gemm_bf16_per1x32Fp4_BpreShuffle_256x256E,3100.9,1744.11,0.0
gfx950,256,19031,9216,4096,54,0,335.3959,_ZN5aiter42f4gemm_bf16_per1x32Fp4_BpreShuffle_256x256E,4283.87,1218.35,0.0
gfx950,256,19042,9216,4096,54,0,339.1753,_ZN5aiter42f4gemm_bf16_per1x32Fp4_BpreShuffle_256x256E,4238.58,1205.44,0.0
gfx950,256,19044,9216,4096,54,0,338.6075,_ZN5aiter42f4gemm_bf16_per1x32Fp4_BpreShuffle_256x256E,4246.14,1207.58,0.0
gfx950,256,19049,1280,4096,50,0,64.3455,_ZN5aiter42f4gemm_bf16_per1x32Fp4_BpreShuffle_192x256E,3104.23,1404.9,0.0
gfx950,256,19049,4096,1024,54,0,72.4012,_ZN5aiter42f4gemm_bf16_per1x32Fp4_BpreShuffle_256x256E,2207.07,2319.02,0.0
gfx950,256,19051,9216,4096,54,0,342.2149,_ZN5aiter42f4gemm_bf16_per1x32Fp4_BpreShuffle_256x256E,4202.92,1195.27,0.0
gfx950,256,19054,9216,4096,54,0,343.2354,_ZN5aiter42f4gemm_bf16_per1x32Fp4_BpreShuffle_256x256E,4191.09,1191.89,0.0
gfx950,256,19059,2304,4096,48,0,103.5653,_ZN5aiter42f4gemm_bf16_per1x32Fp4_BpreShuffle_160x384E,3473.43,1270.46,0.0
gfx950,256,19059,4096,2048,45,0,104.7863,_ZN5aiter42f4gemm_bf16_per1x32Fp4_BpreShuffle_128x512E,3051.51,1716.27,0.0
gfx950,256,19059,4608,4096,54,0,188.5362,_ZN5aiter42f4gemm_bf16_per1x32Fp4_BpreShuffle_256x256E,3815.99,1188.73,0.0
gfx950,256,19062,9216,4096,54,0,336.4745,_ZN5aiter42f4gemm_bf16_per1x32Fp4_BpreShuffle_256x256E,4277.09,1216.33,0.0
gfx950,256,19066,9216,4096,54,0,343.075,_ZN5aiter42f4gemm_bf16_per1x32Fp4_BpreShuffle_256x256E,4195.69,1193.17,0.0
gfx950,256,19071,4608,4096,54,0,189.5002,_ZN5aiter42f4gemm_bf16_per1x32Fp4_BpreShuffle_256x256E,3798.97,1183.39,0.0
gfx950,256,19073,4608,4096,54,0,189.3214,_ZN5aiter42f4gemm_bf16_per1x32Fp4_BpreShuffle_256x256E,3802.96,1184.63,0.0
gfx950,256,19074,9216,4096,54,0,339.7178,_ZN5aiter42f4gemm_bf16_per1x32Fp4_BpreShuffle_256x256E,4238.93,1205.44,0.0
gfx950,256,19092,1280,4096,52,0,64.4331,_ZN5aiter42f4gemm_bf16_per1x32Fp4_BpreShuffle_224x256E,3107.01,1406.07,0.0
gfx950,256,19092,4096,1024,54,0,72.7576,_ZN5aiter42f4gemm_bf16_per1x32Fp4_BpreShuffle_256x256E,2201.22,2312.8,0.0
gfx950,256,19125,9216,4096,54,0,340.5514,_ZN5aiter42f4gemm_bf16_per1x32Fp4_BpreShuffle_256x256E,4239.86,1205.56,0.0
gfx950,256,19128,1280,4096,52,0,64.8125,_ZN5aiter42f4gemm_bf16_per1x32Fp4_BpreShuffle_224x256E,3094.64,1400.4,0.0
gfx950,256,19128,4096,1024,54,0,73.2788,_ZN5aiter42f4gemm_bf16_per1x32Fp4_BpreShuffle_256x256E,2189.68,2300.63,0.0
gfx950,256,19134,1280,4096,48,0,64.0559,_ZN5aiter42f4gemm_bf16_per1x32Fp4_BpreShuffle_160x384E,3132.18,1417.37,0.0
gfx950,256,19134,4096,1024,54,0,72.9247,_ZN5aiter42f4gemm_bf16_per1x32Fp4_BpreShuffle_256x256E,2201.0,2312.52,0.0
gfx950,256,19147,9216,4096,54,0,341.879,_ZN5aiter42f4gemm_bf16_per1x32Fp4_BpreShuffle_256x256E,4228.25,1202.19,0.0
gfx950,256,19155,1280,4096,48,0,64.8799,_ZN5aiter42f4gemm_bf16_per1x32Fp4_BpreShuffle_160x384E,3095.79,1400.86,0.0
gfx950,256,19155,4096,1024,54,0,73.3482,_ZN5aiter42f4gemm_bf16_per1x32Fp4_BpreShuffle_256x256E,2190.7,2301.66,0.0
gfx950,256,19157,4608,4096,54,0,184.0609,_ZN5aiter42f4gemm_bf16_per1x32Fp4_BpreShuffle_256x256E,3928.88,1223.63,0.0
gfx950,256,19165,9216,4096,54,0,341.095,_ZN5aiter42f4gemm_bf16_per1x32Fp4_BpreShuffle_256x256E,4241.95,1206.04,0.0
gfx950,256,19169,4608,4096,54,0,189.2422,_ZN5aiter42f4gemm_bf16_per1x32Fp4_BpreShuffle_256x256E,3823.7,1190.84,0.0
gfx950,256,19205,9216,4096,54,0,343.5153,_ZN5aiter42f4gemm_bf16_per1x32Fp4_BpreShuffle_256x256E,4220.86,1199.93,0.0
gfx950,256,19208,9216,4096,54,0,341.5671,_ZN5aiter42f4gemm_bf16_per1x32Fp4_BpreShuffle_256x256E,4245.59,1206.95,0.0
gfx950,256,19210,9216,4096,54,0,341.7498,_ZN5aiter42f4gemm_bf16_per1x32Fp4_BpreShuffle_256x256E,4243.77,1206.42,0.0
gfx950,256,19212,9216,4096,54,0,344.1902,_ZN5aiter42f4gemm_bf16_per1x32Fp4_BpreShuffle_256x256E,4214.12,1197.99,0.0
gfx950,256,19219,4608,4096,54,0,185.2889,_ZN5aiter42f4gemm_bf16_per1x32Fp4_BpreShuffle_256x256E,3915.47,1219.29,0.0
gfx950,256,19220,9216,4096,54,0,343.9919,_ZN5aiter42f4gemm_bf16_per1x32Fp4_BpreShuffle_256x256E,4218.3,1199.16,0.0
gfx950,256,19237,9216,4096,54,0,347.5175,_ZN5aiter42f4gemm_bf16_per1x32Fp4_BpreShuffle_256x256E,4179.2,1187.99,0.0
gfx950,256,19245,9216,4096,54,0,341.5763,_ZN5aiter42f4gemm_bf16_per1x32Fp4_BpreShuffle_256x256E,4253.66,1209.14,0.0
gfx950,256,19252,1280,4096,50,0,64.8111,_ZN5aiter42f4gemm_bf16_per1x32Fp4_BpreShuffle_192x256E,3114.77,1409.24,0.0
gfx950,256,19252,4096,1024,54,0,73.632,_ZN5aiter42f4gemm_bf16_per1x32Fp4_BpreShuffle_256x256E,2193.31,2304.25,0.0
gfx950,256,19260,4608,4096,54,0,190.774,_ZN5aiter42f4gemm_bf16_per1x32Fp4_BpreShuffle_256x256E,3811.0,1186.65,0.0
gfx950,256,19262,9216,4096,54,0,346.4408,_ZN5aiter42f4gemm_bf16_per1x32Fp4_BpreShuffle_256x256E,4197.64,1193.16,0.0
gfx950,256,19281,9216,4096,54,0,346.3022,_ZN5aiter42f4gemm_bf16_per1x32Fp4_BpreShuffle_256x256E,4203.46,1194.76,0.0
gfx950,256,19286,9216,4096,54,0,345.6235,_ZN5aiter42f4gemm_bf16_per1x32Fp4_BpreShuffle_256x256E,4212.8,1197.41,0.0
gfx950,256,19299,9216,4096,54,0,343.265,_ZN5aiter42f4gemm_bf16_per1x32Fp4_BpreShuffle_256x256E,4244.61,1206.41,0.0
gfx950,256,19301,2304,4096,54,0,102.3064,_ZN5aiter42f4gemm_bf16_per1x32Fp4_BpreShuffle_256x256E,3560.82,1301.83,0.0
gfx950,256,19301,4096,2048,54,0,104.3215,_ZN5aiter42f4gemm_bf16_per1x32Fp4_BpreShuffle_256x256E,3104.03,1745.3,0.0
gfx950,256,19303,9216,4096,54,0,342.0616,_ZN5aiter42f4gemm_bf16_per1x32Fp4_BpreShuffle_256x256E,4260.42,1210.89,0.0
gfx950,256,19312,9216,4096,54,0,344.1978,_ZN5aiter42f4gemm_bf16_per1x32Fp4_BpreShuffle_256x256E,4235.96,1203.91,0.0
gfx950,256,19325,1280,4096,48,0,63.5899,_ZN5aiter42f4gemm_bf16_per1x32Fp4_BpreShuffle_160x384E,3186.63,1441.6,0.0
gfx950,256,19325,4096,1024,54,0,73.6115,_ZN5aiter42f4gemm_bf16_per1x32Fp4_BpreShuffle_256x256E,2202.24,2313.52,0.0
gfx950,256,19331,9216,4096,54,0,340.1757,_ZN5aiter42f4gemm_bf16_per1x32Fp4_BpreShuffle_256x256E,4290.26,1219.29,0.0
gfx950,256,19342,9216,4096,54,0,346.1467,_ZN5aiter42f4gemm_bf16_per1x32Fp4_BpreShuffle_256x256E,4218.65,1198.91,0.0
gfx950,256,19350,4608,4096,54,0,191.4266,_ZN5aiter42f4gemm_bf16_per1x32Fp4_BpreShuffle_256x256E,3815.76,1187.9,0.0
gfx950,256,19362,9216,4096,54,0,345.9441,_ZN5aiter42f4gemm_bf16_per1x32Fp4_BpreShuffle_256x256E,4225.49,1200.8,0.0
gfx950,256,19379,9216,4096,54,0,337.1882,_ZN5aiter42f4gemm_bf16_per1x32Fp4_BpreShuffle_256x256E,4339.02,1233.01,0.0
gfx950,256,19387,9216,4096,54,0,351.077,_ZN5aiter42f4gemm_bf16_per1x32Fp4_BpreShuffle_256x256E,4169.08,1184.7,0.0
gfx950,256,19395,4608,4096,54,0,188.7422,_ZN5aiter42f4gemm_bf16_per1x32Fp4_BpreShuffle_256x256E,3879.03,1207.48,0.0
gfx950,256,19408,4608,4096,54,0,187.4872,_ZN5aiter42f4gemm_bf16_per1x32Fp4_BpreShuffle_256x256E,3907.61,1216.34,0.0
gfx950,256,19409,9216,4096,54,0,347.8079,_ZN5aiter42f4gemm_bf16_per1x32Fp4_BpreShuffle_256x256E,4213.05,1197.13,0.0
gfx950,256,19412,4608,4096,54,0,188.3113,_ZN5aiter42f4gemm_bf16_per1x32Fp4_BpreShuffle_256x256E,3891.31,1211.26,0.0
gfx950,256,19412,9216,4096,54,0,348.5283,_ZN5aiter42f4gemm_bf16_per1x32Fp4_BpreShuffle_256x256E,4204.99,1194.83,0.0
gfx950,256,19413,4608,4096,54,0,189.251,_ZN5aiter42f4gemm_bf16_per1x32Fp4_BpreShuffle_256x256E,3872.19,1205.31,0.0
gfx950,256,19419,4608,4096,54,0,190.4919,_ZN5aiter42f4gemm_bf16_per1x32Fp4_BpreShuffle_256x256E,3848.16,1197.81,0.0
gfx950,256,19423,9216,4096,54,0,349.0502,_ZN5aiter42f4gemm_bf16_per1x32Fp4_BpreShuffle_256x256E,4201.08,1193.69,0.0
gfx950,256,19428,9216,4096,54,0,347.363,_ZN5aiter42f4gemm_bf16_per1x32Fp4_BpreShuffle_256x256E,4222.57,1199.78,0.0
gfx950,256,19431,9216,4096,54,0,348.0583,_ZN5aiter42f4gemm_bf16_per1x32Fp4_BpreShuffle_256x256E,4214.79,1197.56,0.0
gfx950,256,19434,1280,4096,54,0,65.0367,_ZN5aiter42f4gemm_bf16_per1x32Fp4_BpreShuffle_256x256E,3133.31,1417.25,0.0
gfx950,256,19434,4096,1024,36,0,74.14,_ZN5aiter42f4gemm_bf16_per1x32Fp4_BpreShuffle_64x1024E,2198.87,2309.83,0.0
gfx950,256,19442,2304,4096,54,0,102.7135,_ZN5aiter42f4gemm_bf16_per1x32Fp4_BpreShuffle_256x256E,3572.61,1305.81,0.0
gfx950,256,19442,4096,2048,54,0,103.655,_ZN5aiter42f4gemm_bf16_per1x32Fp4_BpreShuffle_256x256E,3146.81,1769.06,0.0
gfx950,256,19447,1280,4096,50,0,64.7535,_ZN5aiter42f4gemm_bf16_per1x32Fp4_BpreShuffle_192x256E,3149.12,1424.37,0.0
gfx950,256,19447,4096,1024,54,0,74.5668,_ZN5aiter42f4gemm_bf16_per1x32Fp4_BpreShuffle_256x256E,2187.75,2298.13,0.0
gfx950,256,19448,9216,4096,54,0,342.2622,_ZN5aiter42f4gemm_bf16_per1x32Fp4_BpreShuffle_256x256E,4289.91,1218.86,0.0
gfx950,256,19449,9216,4096,54,0,343.0982,_ZN5aiter42f4gemm_bf16_per1x32Fp4_BpreShuffle_256x256E,4279.68,1215.95,0.0
gfx950,256,19462,2304,4096,54,0,103.0171,_ZN5aiter42f4gemm_bf16_per1x32Fp4_BpreShuffle_256x256E,3565.75,1303.26,0.0
gfx950,256,19462,4096,2048,45,0,106.7503,_ZN5aiter42f4gemm_bf16_per1x32Fp4_BpreShuffle_128x512E,3058.71,1719.49,0.0
gfx950,256,19462,4608,4096,54,0,192.4562,_ZN5aiter42f4gemm_bf16_per1x32Fp4_BpreShuffle_256x256E,3817.31,1188.1,0.0
gfx950,256,19463,2304,4096,54,0,103.7695,_ZN5aiter42f4gemm_bf16_per1x32Fp4_BpreShuffle_256x256E,3540.08,1293.87,0.0
gfx950,256,19463,4096,2048,54,0,104.6063,_ZN5aiter42f4gemm_bf16_per1x32Fp4_BpreShuffle_256x256E,3121.56,1754.82,0.0
gfx950,256,19463,4608,4096,54,0,191.3386,_ZN5aiter42f4gemm_bf16_per1x32Fp4_BpreShuffle_256x256E,3839.81,1195.1,0.0
gfx950,256,19473,9216,4096,54,0,346.6443,_ZN5aiter42f4gemm_bf16_per1x32Fp4_BpreShuffle_256x256E,4241.13,1204.93,0.0
gfx950,256,19489,1280,4096,48,0,65.8284,_ZN5aiter42f4gemm_bf16_per1x32Fp4_BpreShuffle_160x384E,3104.39,1404.06,0.0
gfx950,256,19489,4096,1024,54,0,73.0948,_ZN5aiter42f4gemm_bf16_per1x32Fp4_BpreShuffle_256x256E,2236.62,2349.41,0.0
gfx950,256,19498,2304,4096,48,0,103.2686,_ZN5aiter42f4gemm_bf16_per1x32Fp4_BpreShuffle_160x384E,3563.64,1302.4,0.0
gfx950,256,19498,4096,2048,54,0,105.4907,_ZN5aiter42f4gemm_bf16_per1x32Fp4_BpreShuffle_256x256E,3100.96,1743.17,0.0
gfx950,256,19516,9216,4096,54,0,348.2575,_ZN5aiter42f4gemm_bf16_per1x32Fp4_BpreShuffle_256x256E,4230.8,1201.88,0.0
gfx950,256,19519,4608,4096,54,0,191.0652,_ZN5aiter42f4gemm_bf16_per1x32Fp4_BpreShuffle_256x256E,3856.37,1200.11,0.0
gfx950,256,19519,9216,4096,54,0,352.5003,_ZN5aiter42f4gemm_bf16_per1x32Fp4_BpreShuffle_256x256E,4180.52,1187.58,0.0
gfx950,256,19522,9216,4096,54,0,344.4887,_ZN5aiter42f4gemm_bf16_per1x32Fp4_BpreShuffle_256x256E,4278.4,1215.38,0.0
gfx950,256,19529,9216,4096,54,0,343.2435,_ZN5aiter42f4gemm_bf16_per1x32Fp4_BpreShuffle_256x256E,4295.46,1220.21,0.0
gfx950,256,19532,9216,4096,54,0,344.1911,_ZN5aiter42f4gemm_bf16_per1x32Fp4_BpreShuffle_256x256E,4284.3,1217.03,0.0
gfx950,256,19535,9216,4096,54,0,342.3158,_ZN5aiter42f4gemm_bf16_per1x32Fp4_BpreShuffle_256x256E,4308.43,1223.87,0.0
gfx950,256,19540,9216,4096,54,0,348.6843,_ZN5aiter42f4gemm_bf16_per1x32Fp4_BpreShuffle_256x256E,4230.82,1201.81,0.0
gfx950,256,19542,9216,4096,54,0,345.6701,_ZN5aiter42f4gemm_bf16_per1x32Fp4_BpreShuffle_256x256E,4268.15,1212.41,0.0
gfx950,256,19547,4608,4096,54,0,190.3789,_ZN5aiter42f4gemm_bf16_per1x32Fp4_BpreShuffle_256x256E,3875.82,1206.09,0.0
gfx950,256,19552,9216,4096,54,0,348.3395,_ZN5aiter42f4gemm_bf16_per1x32Fp4_BpreShuffle_256x256E,4237.61,1203.71,0.0
gfx950,256,19556,4608,4096,54,0,189.4086,_ZN5aiter42f4gemm_bf16_per1x32Fp4_BpreShuffle_256x256E,3897.47,1212.81,0.0
gfx950,256,19557,9216,4096,54,0,353.4679,_ZN5aiter42f4gemm_bf16_per1x32Fp4_BpreShuffle_256x256E,4177.19,1186.53,0.0
gfx950,256,19566,9216,4096,54,0,350.8402,_ZN5aiter42f4gemm_bf16_per1x32Fp4_BpreShuffle_256x256E,4210.42,1195.95,0.0
gfx950,256,19574,4608,4096,54,0,188.0226,_ZN5aiter42f4gemm_bf16_per1x32Fp4_BpreShuffle_256x256E,3929.81,1222.82,0.0
gfx950,256,19589,4608,4096,54,0,189.9134,_ZN5aiter42f4gemm_bf16_per1x32Fp4_BpreShuffle_256x256E,3893.67,1211.54,0.0
gfx950,256,19601,9216,4096,54,0,349.0572,_ZN5aiter42f4gemm_bf16_per1x32Fp4_BpreShuffle_256x256E,4239.49,1204.11,0.0
gfx950,256,19607,9216,4096,54,0,350.3591,_ZN5aiter42f4gemm_bf16_per1x32Fp4_BpreShuffle_256x256E,4225.03,1199.99,0.0
gfx950,256,19608,9216,4096,54,0,347.4065,_ZN5aiter42f4gemm_bf16_per1x32Fp4_BpreShuffle_256x256E,4261.16,1210.24,0.0
gfx950,256,19609,9216,4096,54,0,349.4546,_ZN5aiter42f4gemm_bf16_per1x32Fp4_BpreShuffle_256x256E,4236.4,1203.21,0.0
gfx950,256,19611,9216,4096,54,0,351.6559,_ZN5aiter42f4gemm_bf16_per1x32Fp4_BpreShuffle_256x256E,4210.31,1195.79,0.0
gfx950,256,19617,9216,4096,54,0,356.982,_ZN5aiter42f4gemm_bf16_per1x32Fp4_BpreShuffle_256x256E,4148.76,1178.3,0.0
gfx950,256,19626,1280,4096,48,0,65.9995,_ZN5aiter42f4gemm_bf16_per1x32Fp4_BpreShuffle_160x384E,3118.11,1409.98,0.0
gfx950,256,19626,4096,1024,54,0,73.3829,_ZN5aiter42f4gemm_bf16_per1x32Fp4_BpreShuffle_256x256E,2243.5,2356.43,0.0
gfx950,256,19628,9216,4096,54,0,350.3231,_ZN5aiter42f4gemm_bf16_per1x32Fp4_BpreShuffle_256x256E,4229.99,1201.34,0.0
gfx950,256,19630,9216,4096,54,0,346.812,_ZN5aiter42f4gemm_bf16_per1x32Fp4_BpreShuffle_256x256E,4273.25,1213.62,0.0
gfx950,256,19635,9216,4096,54,0,348.3565,_ZN5aiter42f4gemm_bf16_per1x32Fp4_BpreShuffle_256x256E,4255.39,1208.53,0.0
gfx950,256,19637,9216,4096,54,0,352.5579,_ZN5aiter42f4gemm_bf16_per1x32Fp4_BpreShuffle_256x256E,4205.11,1194.24,0.0
gfx950,256,19644,2304,4096,48,0,104.2795,_ZN5aiter42f4gemm_bf16_per1x32Fp4_BpreShuffle_160x384E,3555.52,1299.1,0.0
gfx950,256,19644,4096,2048,45,0,105.7491,_ZN5aiter42f4gemm_bf16_per1x32Fp4_BpreShuffle_128x512E,3116.54,1751.63,0.0
gfx950,256,19645,9216,4096,54,0,350.7266,_ZN5aiter42f4gemm_bf16_per1x32Fp4_BpreShuffle_256x256E,4228.79,1200.95,0.0
gfx950,256,19658,1280,4096,54,0,63.8223,_ZN5aiter42f4gemm_bf16_per1x32Fp4_BpreShuffle_256x256E,3229.73,1460.39,0.0
gfx950,256,19658,4096,1024,45,0,74.5612,_ZN5aiter42f4gemm_bf16_per1x32Fp4_BpreShuffle_128x512E,2211.65,2322.93,0.0
gfx950,256,19665,4608,4096,54,0,192.4162,_ZN5aiter42f4gemm_bf16_per1x32Fp4_BpreShuffle_256x256E,3857.93,1200.23,0.0
gfx950,256,19673,2304,4096,48,0,108.1398,_ZN5aiter42f4gemm_bf16_per1x32Fp4_BpreShuffle_160x384E,3433.66,1254.51,0.0
gfx950,256,19673,4096,2048,54,0,104.3855,_ZN5aiter42f4gemm_bf16_per1x32Fp4_BpreShuffle_256x256E,3161.92,1777.07,0.0
gfx950,256,19675,9216,4096,54,0,348.7007,_ZN5aiter42f4gemm_bf16_per1x32Fp4_BpreShuffle_256x256E,4259.85,1209.69,0.0
gfx950,256,19676,2304,4096,54,0,104.5854,_ZN5aiter42f4gemm_bf16_per1x32Fp4_BpreShuffle_256x256E,3550.9,1297.33,0.0
gfx950,256,19676,4096,2048,45,0,106.4237,_ZN5aiter42f4gemm_bf16_per1x32Fp4_BpreShuffle_128x512E,3101.83,1743.3,0.0
gfx950,256,19678,2304,4096,54,0,104.2101,_ZN5aiter42f4gemm_bf16_per1x32Fp4_BpreShuffle_256x256E,3564.05,1302.13,0.0
gfx950,256,19678,4096,2048,54,0,104.9763,_ZN5aiter42f4gemm_bf16_per1x32Fp4_BpreShuffle_256x256E,3144.92,1767.51,0.0
gfx950,256,19681,9216,4096,54,0,349.4447,_ZN5aiter42f4gemm_bf16_per1x32Fp4_BpreShuffle_256x256E,4252.08,1207.46,0.0
gfx950,256,19682,1280,4096,48,0,66.1464,_ZN5aiter42f4gemm_bf16_per1x32Fp4_BpreShuffle_160x384E,3120.06,1410.75,0.0
gfx950,256,19682,4096,1024,54,0,74.0719,_ZN5aiter42f4gemm_bf16_per1x32Fp4_BpreShuffle_256x256E,2228.98,2341.09,0.0
gfx950,256,19690,9216,4096,54,0,348.5853,_ZN5aiter42f4gemm_bf16_per1x32Fp4_BpreShuffle_256x256E,4264.51,1210.97,0.0
gfx950,256,19691,9216,4096,54,0,348.0139,_ZN5aiter42f4gemm_bf16_per1x32Fp4_BpreShuffle_256x256E,4271.73,1213.01,0.0
gfx950,256,19699,9216,4096,45,0,359.5841,_ZN5aiter42f4gemm_bf16_per1x32Fp4_BpreShuffle_128x512E,4135.96,1174.44,0.0
gfx950,256,19702,9216,4096,54,0,347.0603,_ZN5aiter42f4gemm_bf16_per1x32Fp4_BpreShuffle_256x256E,4285.86,1217.0,0.0
gfx950,256,19703,4608,4096,54,0,188.0802,_ZN5aiter42f4gemm_bf16_per1x32Fp4_BpreShuffle_256x256E,3954.5,1230.18,0.0
gfx950,256,19705,9216,4096,54,0,350.1676,_ZN5aiter42f4gemm_bf16_per1x32Fp4_BpreShuffle_256x256E,4248.47,1206.37,0.0
gfx950,256,19726,2304,4096,48,0,104.6459,_ZN5aiter42f4gemm_bf16_per1x32Fp4_BpreShuffle_160x384E,3557.86,1299.76,0.0
gfx950,256,19726,4096,2048,54,0,105.8899,_ZN5aiter42f4gemm_bf16_per1x32Fp4_BpreShuffle_256x256E,3125.39,1756.44,0.0
gfx950,256,19726,9216,4096,54,0,351.939,_ZN5aiter42f4gemm_bf16_per1x32Fp4_BpreShuffle_256x256E,4231.59,1201.52,0.0
gfx950,256,19741,4608,4096,54,0,191.4082,_ZN5aiter42f4gemm_bf16_per1x32Fp4_BpreShuffle_256x256E,3893.24,1211.02,0.0
gfx950,256,19749,1280,4096,54,0,65.7088,_ZN5aiter42f4gemm_bf16_per1x32Fp4_BpreShuffle_256x256E,3151.53,1424.84,0.0
gfx950,256,19749,4096,1024,45,0,74.4109,_ZN5aiter42f4gemm_bf16_per1x32Fp4_BpreShuffle_128x512E,2226.38,2338.27,0.0
gfx950,256,19751,2304,4096,48,0,104.6735,_ZN5aiter42f4gemm_bf16_per1x32Fp4_BpreShuffle_160x384E,3561.43,1301.01,0.0
gfx950,256,19751,4096,2048,45,0,105.9375,_ZN5aiter42f4gemm_bf16_per1x32Fp4_BpreShuffle_128x512E,3127.95,1757.82,0.0
gfx950,256,19753,4608,4096,54,0,191.4559,_ZN5aiter42f4gemm_bf16_per1x32Fp4_BpreShuffle_256x256E,3894.63,1211.43,0.0
gfx950,256,19755,4608,4096,54,0,189.481,_ZN5aiter42f4gemm_bf16_per1x32Fp4_BpreShuffle_256x256E,3935.63,1224.17,0.0
gfx950,256,19758,9216,4096,54,0,352.346,_ZN5aiter42f4gemm_bf16_per1x32Fp4_BpreShuffle_256x256E,4233.56,1202.0,0.0
gfx950,256,19762,1280,4096,54,0,65.1507,_ZN5aiter42f4gemm_bf16_per1x32Fp4_BpreShuffle_256x256E,3180.62,1437.97,0.0
gfx950,256,19762,4096,1024,36,0,73.7487,_ZN5aiter42f4gemm_bf16_per1x32Fp4_BpreShuffle_64x1024E,2247.85,2360.8,0.0
gfx950,256,19767,4608,4096,54,0,191.1615,_ZN5aiter42f4gemm_bf16_per1x32Fp4_BpreShuffle_256x256E,3903.4,1214.12,0.0
gfx950,256,19771,4608,4096,54,0,188.0991,_ZN5aiter42f4gemm_bf16_per1x32Fp4_BpreShuffle_256x256E,3967.75,1234.12,0.0
gfx950,256,19773,9216,4096,54,0,355.9913,_ZN5aiter42f4gemm_bf16_per1x32Fp4_BpreShuffle_256x256E,4193.39,1190.55,0.0
gfx950,256,19774,4608,4096,54,0,193.6586,_ZN5aiter42f4gemm_bf16_per1x32Fp4_BpreShuffle_256x256E,3854.43,1198.87,0.0
gfx950,256,19779,9216,4096,54,0,347.673,_ZN5aiter42f4gemm_bf16_per1x32Fp4_BpreShuffle_256x256E,4295.03,1219.39,0.0
gfx950,256,19804,1280,4096,48,0,66.8408,_ZN5aiter42f4gemm_bf16_per1x32Fp4_BpreShuffle_160x384E,3106.78,1404.51,0.0
gfx950,256,19804,4096,1024,36,0,74.8711,_ZN5aiter42f4gemm_bf16_per1x32Fp4_BpreShuffle_64x1024E,2218.85,2330.29,0.0
gfx950,256,19808,9216,4096,54,0,349.0879,_ZN5aiter42f4gemm_bf16_per1x32Fp4_BpreShuffle_256x256E,4283.89,1216.15,0.0
gfx950,256,19810,4608,4096,54,0,190.7173,_ZN5aiter42f4gemm_bf16_per1x32Fp4_BpreShuffle_256x256E,3921.0,1219.49,0.0
gfx950,256,19817,9216,4096,54,0,348.6592,_ZN5aiter42f4gemm_bf16_per1x32Fp4_BpreShuffle_256x256E,4291.11,1218.17,0.0
gfx950,256,19825,2304,4096,54,0,105.3079,_ZN5aiter42f4gemm_bf16_per1x32Fp4_BpreShuffle_256x256E,3553.24,1297.85,0.0
gfx950,256,19825,4096,2048,54,0,106.3635,_ZN5aiter42f4gemm_bf16_per1x32Fp4_BpreShuffle_256x256E,3127.09,1757.2,0.0
gfx950,256,19827,4608,4096,54,0,191.8393,_ZN5aiter42f4gemm_bf16_per1x32Fp4_BpreShuffle_256x256E,3901.41,1213.35,0.0
gfx950,256,19852,1280,4096,48,0,66.9848,_ZN5aiter42f4gemm_bf16_per1x32Fp4_BpreShuffle_160x384E,3107.62,1404.79,0.0
gfx950,256,19852,4096,1024,36,0,74.9284,_ZN5aiter42f4gemm_bf16_per1x32Fp4_BpreShuffle_64x1024E,2222.53,2334.08,0.0
gfx950,256,19864,9216,4096,54,0,347.6115,_ZN5aiter42f4gemm_bf16_per1x32Fp4_BpreShuffle_256x256E,4314.25,1224.61,0.0
gfx950,256,19865,9216,4096,54,0,354.45,_ZN5aiter42f4gemm_bf16_per1x32Fp4_BpreShuffle_256x256E,4231.22,1201.04,0.0
gfx950,256,19866,9216,4096,54,0,353.9224,_ZN5aiter42f4gemm_bf16_per1x32Fp4_BpreShuffle_256x256E,4237.74,1202.89,0.0
gfx950,256,19867,4608,4096,54,0,192.8009,_ZN5aiter42f4gemm_bf16_per1x32Fp4_BpreShuffle_256x256E,3889.79,1209.64,0.0
gfx950,256,19876,1280,4096,48,0,64.8551,_ZN5aiter42f4gemm_bf16_per1x32Fp4_BpreShuffle_160x384E,3213.55,1452.62,0.0
gfx950,256,19876,4096,1024,54,0,74.3264,_ZN5aiter42f4gemm_bf16_per1x32Fp4_BpreShuffle_256x256E,2243.24,2355.8,0.0
gfx950,256,19877,9216,4096,54,0,357.5685,_ZN5aiter42f4gemm_bf16_per1x32Fp4_BpreShuffle_256x256E,4196.86,1191.26,0.0
gfx950,256,19887,9216,4096,54,0,351.4899,_ZN5aiter42f4gemm_bf16_per1x32Fp4_BpreShuffle_256x256E,4271.58,1212.44,0.0
gfx950,256,19898,2304,4096,54,0,102.6558,_ZN5aiter42f4gemm_bf16_per1x32Fp4_BpreShuffle_256x256E,3658.46,1336.11,0.0
gfx950,256,19898,4096,2048,54,0,105.6731,_ZN5aiter42f4gemm_bf16_per1x32Fp4_BpreShuffle_256x256E,3159.11,1775.04,0.0
gfx950,256,19899,9216,4096,54,0,353.2532,_ZN5aiter42f4gemm_bf16_per1x32Fp4_BpreShuffle_256x256E,4252.83,1207.08,0.0
gfx950,256,19902,9216,4096,54,0,352.8736,_ZN5aiter42f4gemm_bf16_per1x32Fp4_BpreShuffle_256x256E,4258.04,1208.56,0.0
gfx950,256,19906,4608,4096,54,0,190.738,_ZN5aiter42f4gemm_bf16_per1x32Fp4_BpreShuffle_256x256E,3939.57,1225.02,0.0
gfx950,256,19929,2304,4096,48,0,107.4383,_ZN5aiter42f4gemm_bf16_per1x32Fp4_BpreShuffle_160x384E,3501.05,1278.56,0.0
gfx950,256,19929,4096,2048,54,0,105.2122,_ZN5aiter42f4gemm_bf16_per1x32Fp4_BpreShuffle_256x256E,3177.89,1785.53,0.0
gfx950,256,19932,4608,4096,54,0,192.169,_ZN5aiter42f4gemm_bf16_per1x32Fp4_BpreShuffle_256x256E,3915.34,1217.42,0.0
gfx950,256,19933,9216,4096,54,0,353.8767,_ZN5aiter42f4gemm_bf16_per1x32Fp4_BpreShuffle_256x256E,4252.59,1206.92,0.0
gfx950,256,19934,9216,4096,54,0,352.6356,_ZN5aiter42f4gemm_bf16_per1x32Fp4_BpreShuffle_256x256E,4267.77,1211.23,0.0
gfx950,256,19936,9216,4096,54,0,351.0153,_ZN5aiter42f4gemm_bf16_per1x32Fp4_BpreShuffle_256x256E,4287.9,1216.94,0.0
gfx950,256,19960,4608,4096,54,0,189.3502,_ZN5aiter42f4gemm_bf16_per1x32Fp4_BpreShuffle_256x256E,3979.21,1237.21,0.0
gfx950,256,19970,4608,4096,54,0,194.561,_ZN5aiter42f4gemm_bf16_per1x32Fp4_BpreShuffle_256x256E,3874.58,1204.66,0.0
gfx950,256,19990,9216,4096,54,0,359.8152,_ZN5aiter42f4gemm_bf16_per1x32Fp4_BpreShuffle_256x256E,4194.36,1190.25,0.0
gfx950,256,19994,4608,4096,54,0,194.4562,_ZN5aiter42f4gemm_bf16_per1x32Fp4_BpreShuffle_256x256E,3881.33,1206.7,0.0
gfx950,256,19996,9216,4096,54,0,362.3712,_ZN5aiter42f4gemm_bf16_per1x32Fp4_BpreShuffle_256x256E,4166.02,1182.19,0.0
gfx950,256,19999,4608,4096,54,0,191.7581,_ZN5aiter42f4gemm_bf16_per1x32Fp4_BpreShuffle_256x256E,3936.92,1223.97,0.0
gfx950,256,20000,9216,4096,54,0,354.9203,_ZN5aiter42f4gemm_bf16_per1x32Fp4_BpreShuffle_256x256E,4254.33,1207.24,0.0
gfx950,256,20009,9216,4096,54,0,365.9823,_ZN5aiter42f4gemm_bf16_per1x32Fp4_BpreShuffle_256x256E,4127.6,1171.26,0.0
gfx950,256,20012,4608,4096,54,0,189.4138,_ZN5aiter42f4gemm_bf16_per1x32Fp4_BpreShuffle_256x256E,3988.24,1239.89,0.0
gfx950,256,20012,9216,4096,54,0,367.6032,_ZN5aiter42f4gemm_bf16_per1x32Fp4_BpreShuffle_256x256E,4110.02,1166.26,0.0
gfx950,256,20016,2304,4096,48,0,105.7083,_ZN5aiter42f4gemm_bf16_per1x32Fp4_BpreShuffle_160x384E,3573.89,1304.96,0.0
gfx950,256,20016,4096,2048,54,0,105.4307,_ZN5aiter42f4gemm_bf16_per1x32Fp4_BpreShuffle_256x256E,3185.15,1789.44,0.0
gfx950,256,20024,9216,4096,54,0,364.0196,_ZN5aiter42f4gemm_bf16_per1x32Fp4_BpreShuffle_256x256E,4152.97,1178.41,0.0
gfx950,256,20047,1280,4096,54,0,67.794,_ZN5aiter42f4gemm_bf16_per1x32Fp4_BpreShuffle_256x256E,3100.69,1401.27,0.0
gfx950,256,20047,2304,4096,54,0,103.9841,_ZN5aiter42f4gemm_bf16_per1x32Fp4_BpreShuffle_256x256E,3638.77,1328.58,0.0
gfx950,256,20047,4096,1024,45,0,74.7728,_ZN5aiter42f4gemm_bf16_per1x32Fp4_BpreShuffle_128x512E,2249.03,2361.64,0.0
gfx950,256,20047,4096,2048,54,0,107.2318,_ZN5aiter42f4gemm_bf16_per1x32Fp4_BpreShuffle_256x256E,3136.5,1762.05,0.0
gfx950,256,20060,4608,4096,54,0,192.7622,_ZN5aiter42f4gemm_bf16_per1x32Fp4_BpreShuffle_256x256E,3928.36,1221.16,0.0
gfx950,256,20062,2304,4096,48,0,104.6683,_ZN5aiter42f4gemm_bf16_per1x32Fp4_BpreShuffle_160x384E,3617.69,1320.85,0.0
gfx950,256,20062,4096,2048,54,0,105.5975,_ZN5aiter42f4gemm_bf16_per1x32Fp4_BpreShuffle_256x256E,3187.43,1790.63,0.0
gfx950,256,20064,9216,4096,54,0,360.8948,_ZN5aiter42f4gemm_bf16_per1x32Fp4_BpreShuffle_256x256E,4197.29,1190.89,0.0
gfx950,256,20066,2304,4096,48,0,105.4419,_ZN5aiter42f4gemm_bf16_per1x32Fp4_BpreShuffle_160x384E,3591.86,1311.41,0.0
gfx950,256,20066,4096,2048,54,0,105.3491,_ZN5aiter42f4gemm_bf16_per1x32Fp4_BpreShuffle_256x256E,3195.58,1795.2,0.0
gfx950,256,20068,9216,4096,54,0,359.0206,_ZN5aiter42f4gemm_bf16_per1x32Fp4_BpreShuffle_256x256E,4220.05,1197.33,0.0
gfx950,256,20077,9216,4096,54,0,363.9512,_ZN5aiter42f4gemm_bf16_per1x32Fp4_BpreShuffle_256x256E,4164.74,1181.62,0.0
gfx950,256,20079,1280,4096,48,0,66.152,_ZN5aiter42f4gemm_bf16_per1x32Fp4_BpreShuffle_160x384E,3182.72,1438.29,0.0
gfx950,256,20079,4096,1024,54,0,74.9828,_ZN5aiter42f4gemm_bf16_per1x32Fp4_BpreShuffle_256x256E,2246.31,2358.74,0.0
gfx950,256,20081,4608,4096,54,0,192.3997,_ZN5aiter42f4gemm_bf16_per1x32Fp4_BpreShuffle_256x256E,3939.88,1224.69,0.0
gfx950,256,20082,9216,4096,54,0,362.8515,_ZN5aiter42f4gemm_bf16_per1x32Fp4_BpreShuffle_256x256E,4178.4,1185.48,0.0
gfx950,256,20088,9216,4096,54,0,360.8696,_ZN5aiter42f4gemm_bf16_per1x32Fp4_BpreShuffle_256x256E,4202.61,1192.33,0.0
gfx950,256,20091,9216,4096,54,0,359.5779,_ZN5aiter42f4gemm_bf16_per1x32Fp4_BpreShuffle_256x256E,4218.33,1196.79,0.0
gfx950,256,20093,9216,4096,54,0,365.4962,_ZN5aiter42f4gemm_bf16_per1x32Fp4_BpreShuffle_256x256E,4150.44,1177.52,0.0
gfx950,256,20097,4608,4096,54,0,195.22,_ZN5aiter42f4gemm_bf16_per1x32Fp4_BpreShuffle_256x256E,3886.06,1207.92,0.0
gfx950,256,20101,1280,4096,54,0,66.5756,_ZN5aiter42f4gemm_bf16_per1x32Fp4_BpreShuffle_256x256E,3165.94,1430.66,0.0
gfx950,256,20101,4096,1024,36,0,75.5128,_ZN5aiter42f4gemm_bf16_per1x32Fp4_BpreShuffle_64x1024E,2232.99,2344.72,0.0
gfx950,256,20101,4608,4096,54,0,192.5066,_ZN5aiter42f4gemm_bf16_per1x32Fp4_BpreShuffle_256x256E,3941.62,1225.18,0.0
gfx950,256,20110,9216,4096,54,0,368.2936,_ZN5aiter42f4gemm_bf16_per1x32Fp4_BpreShuffle_256x256E,4122.4,1169.52,0.0
gfx950,256,20111,4608,4096,54,0,193.3455,_ZN5aiter42f4gemm_bf16_per1x32Fp4_BpreShuffle_256x256E,3926.47,1220.44,0.0
gfx950,256,20119,4608,4096,54,0,192.1111,_ZN5aiter42f4gemm_bf16_per1x32Fp4_BpreShuffle_256x256E,3953.27,1228.76,0.0
gfx950,256,20124,2304,4096,48,0,107.3136,_ZN5aiter42f4gemm_bf16_per1x32Fp4_BpreShuffle_160x384E,3539.42,1292.14,0.0
gfx950,256,20124,4096,2048,54,0,105.6498,_ZN5aiter42f4gemm_bf16_per1x32Fp4_BpreShuffle_256x256E,3195.7,1795.15,0.0
gfx950,256,20124,9216,4096,54,0,363.5334,_ZN5aiter42f4gemm_bf16_per1x32Fp4_BpreShuffle_256x256E,4179.29,1185.62,0.0
gfx950,256,20136,2304,4096,48,0,104.5346,_ZN5aiter42f4gemm_bf16_per1x32Fp4_BpreShuffle_160x384E,3635.68,1327.25,0.0
gfx950,256,20136,4096,2048,45,0,107.0336,_ZN5aiter42f4gemm_bf16_per1x32Fp4_BpreShuffle_128x512E,3156.26,1772.97,0.0
gfx950,256,20137,9216,4096,54,0,363.359,_ZN5aiter42f4gemm_bf16_per1x32Fp4_BpreShuffle_256x256E,4184.0,1186.93,0.0
gfx950,256,20144,9216,4096,54,0,361.8211,_ZN5aiter42f4gemm_bf16_per1x32Fp4_BpreShuffle_256x256E,4203.24,1192.37,0.0
gfx950,256,20146,2304,4096,48,0,107.8007,_ZN5aiter42f4gemm_bf16_per1x32Fp4_BpreShuffle_160x384E,3527.28,1287.66,0.0
gfx950,256,20146,4096,2048,54,0,106.6566,_ZN5aiter42f4gemm_bf16_per1x32Fp4_BpreShuffle_256x256E,3168.99,1780.1,0.0
gfx950,256,20154,4608,4096,54,0,193.1869,_ZN5aiter42f4gemm_bf16_per1x32Fp4_BpreShuffle_256x256E,3938.09,1223.95,0.0
gfx950,256,20160,2304,4096,48,0,104.2894,_ZN5aiter42f4gemm_bf16_per1x32Fp4_BpreShuffle_160x384E,3648.57,1331.9,0.0
gfx950,256,20160,4096,2048,54,0,106.1182,_ZN5aiter42f4gemm_bf16_per1x32Fp4_BpreShuffle_256x256E,3187.28,1790.35,0.0
gfx950,256,20164,4608,4096,54,0,195.2364,_ZN5aiter42f4gemm_bf16_per1x32Fp4_BpreShuffle_256x256E,3898.69,1211.68,0.0
gfx950,256,20167,4608,4096,54,0,192.8095,_ZN5aiter42f4gemm_bf16_per1x32Fp4_BpreShuffle_256x256E,3948.35,1227.11,0.0
gfx950,256,20171,9216,4096,54,0,359.5153,_ZN5aiter42f4gemm_bf16_per1x32Fp4_BpreShuffle_256x256E,4235.87,1201.55,0.0
gfx950,256,20173,9216,4096,54,0,367.3194,_ZN5aiter42f4gemm_bf16_per1x32Fp4_BpreShuffle_256x256E,4146.28,1176.14,0.0
gfx950,256,20177,9216,4096,54,0,361.5836,_ZN5aiter42f4gemm_bf16_per1x32Fp4_BpreShuffle_256x256E,4212.89,1195.02,0.0
gfx950,256,20184,9216,4096,54,0,362.8808,_ZN5aiter42f4gemm_bf16_per1x32Fp4_BpreShuffle_256x256E,4199.29,1191.14,0.0
gfx950,256,20189,4608,4096,54,0,188.0624,_ZN5aiter42f4gemm_bf16_per1x32Fp4_BpreShuffle_256x256E,4052.43,1259.4,0.0
gfx950,256,20194,9216,4096,54,0,369.5806,_ZN5aiter42f4gemm_bf16_per1x32Fp4_BpreShuffle_256x256E,4125.21,1170.1,0.0
gfx950,256,20202,4608,4096,54,0,193.1144,_ZN5aiter42f4gemm_bf16_per1x32Fp4_BpreShuffle_256x256E,3948.95,1227.21,0.0
gfx950,256,20204,4608,4096,54,0,194.0005,_ZN5aiter42f4gemm_bf16_per1x32Fp4_BpreShuffle_256x256E,3931.31,1221.72,0.0
gfx950,256,20207,4608,4096,54,0,195.2984,_ZN5aiter42f4gemm_bf16_per1x32Fp4_BpreShuffle_256x256E,3905.76,1213.78,0.0
gfx950,256,20208,9216,4096,54,0,365.5064,_ZN5aiter42f4gemm_bf16_per1x32Fp4_BpreShuffle_256x256E,4174.08,1183.93,0.0
gfx950,256,20210,9216,4096,54,0,366.3715,_ZN5aiter42f4gemm_bf16_per1x32Fp4_BpreShuffle_256x256E,4164.64,1181.25,0.0
gfx950,256,20218,9216,4096,54,0,367.543,_ZN5aiter42f4gemm_bf16_per1x32Fp4_BpreShuffle_256x256E,4153.0,1177.93,0.0
gfx950,256,20222,9216,4096,54,0,364.9352,_ZN5aiter42f4gemm_bf16_per1x32Fp4_BpreShuffle_256x256E,4183.51,1186.57,0.0
gfx950,256,20229,9216,4096,54,0,359.679,_ZN5aiter42f4gemm_bf16_per1x32Fp4_BpreShuffle_256x256E,4246.11,1204.31,0.0
gfx950,256,20233,9216,4096,54,0,361.7133,_ZN5aiter42f4gemm_bf16_per1x32Fp4_BpreShuffle_256x256E,4223.07,1197.76,0.0
gfx950,256,20239,9216,4096,54,0,366.7926,_ZN5aiter42f4gemm_bf16_per1x32Fp4_BpreShuffle_256x256E,4165.82,1181.51,0.0
gfx950,256,20245,9216,4096,54,0,370.7448,_ZN5aiter42f4gemm_bf16_per1x32Fp4_BpreShuffle_256x256E,4122.64,1169.25,0.0
gfx950,256,20258,9216,4096,54,0,362.5459,_ZN5aiter42f4gemm_bf16_per1x32Fp4_BpreShuffle_256x256E,4218.58,1196.42,0.0
gfx950,256,20264,4608,4096,54,0,194.3868,_ZN5aiter42f4gemm_bf16_per1x32Fp4_BpreShuffle_256x256E,3935.15,1222.77,0.0
gfx950,256,20267,4608,4096,45,0,194.4729,_ZN5aiter42f4gemm_bf16_per1x32Fp4_BpreShuffle_128x512E,3933.99,1222.41,0.0
gfx950,256,20269,4608,4096,54,0,197.1021,_ZN5aiter42f4gemm_bf16_per1x32Fp4_BpreShuffle_256x256E,3881.89,1206.21,0.0
gfx950,256,20272,9216,4096,54,0,363.2638,_ZN5aiter42f4gemm_bf16_per1x32Fp4_BpreShuffle_256x256E,4213.15,1194.85,0.0
gfx950,256,20274,4608,4096,54,0,191.722,_ZN5aiter42f4gemm_bf16_per1x32Fp4_BpreShuffle_256x256E,3991.81,1240.36,0.0
gfx950,256,20277,2304,4096,54,0,107.2426,_ZN5aiter42f4gemm_bf16_per1x32Fp4_BpreShuffle_256x256E,3568.69,1302.49,0.0
gfx950,256,20277,4096,2048,45,0,107.4286,_ZN5aiter42f4gemm_bf16_per1x32Fp4_BpreShuffle_128x512E,3166.68,1778.55,0.0
gfx950,256,20280,9216,4096,54,0,366.188,_ZN5aiter42f4gemm_bf16_per1x32Fp4_BpreShuffle_256x256E,4181.15,1185.75,0.0
gfx950,256,20287,9216,4096,54,0,368.1547,_ZN5aiter42f4gemm_bf16_per1x32Fp4_BpreShuffle_256x256E,4160.25,1179.81,0.0
gfx950,256,20290,1280,4096,54,0,66.5832,_ZN5aiter42f4gemm_bf16_per1x32Fp4_BpreShuffle_256x256E,3195.34,1443.57,0.0
gfx950,256,20290,4096,1024,54,0,74.5823,_ZN5aiter42f4gemm_bf16_per1x32Fp4_BpreShuffle_256x256E,2282.11,2396.03,0.0
gfx950,256,20299,9216,4096,54,0,370.4863,_ZN5aiter42f4gemm_bf16_per1x32Fp4_BpreShuffle_256x256E,4136.52,1173.05,0.0
gfx950,256,20302,4608,4096,54,0,195.1143,_ZN5aiter42f4gemm_bf16_per1x32Fp4_BpreShuffle_256x256E,3927.83,1220.41,0.0
gfx950,256,20310,2304,4096,54,0,107.8211,_ZN5aiter42f4gemm_bf16_per1x32Fp4_BpreShuffle_256x256E,3555.32,1297.54,0.0
gfx950,256,20310,4096,2048,54,0,106.4306,_ZN5aiter42f4gemm_bf16_per1x32Fp4_BpreShuffle_256x256E,3201.57,1798.08,0.0
gfx950,256,20316,9216,4096,54,0,367.798,_ZN5aiter42f4gemm_bf16_per1x32Fp4_BpreShuffle_256x256E,4170.24,1182.57,0.0
gfx950,256,20322,2304,4096,48,0,107.741,_ZN5aiter42f4gemm_bf16_per1x32Fp4_BpreShuffle_160x384E,3560.06,1299.24,0.0
gfx950,256,20322,4096,2048,54,0,106.417,_ZN5aiter42f4gemm_bf16_per1x32Fp4_BpreShuffle_256x256E,3203.87,1799.35,0.0
gfx950,256,20323,2304,4096,48,0,105.1185,_ZN5aiter42f4gemm_bf16_per1x32Fp4_BpreShuffle_160x384E,3649.06,1331.72,0.0
gfx950,256,20323,4096,2048,54,0,106.9578,_ZN5aiter42f4gemm_bf16_per1x32Fp4_BpreShuffle_256x256E,3187.83,1790.34,0.0
gfx950,256,20323,9216,4096,54,0,365.7416,_ZN5aiter42f4gemm_bf16_per1x32Fp4_BpreShuffle_256x256E,4195.13,1189.61,0.0
gfx950,256,20340,2304,4096,54,0,104.3618,_ZN5aiter42f4gemm_bf16_per1x32Fp4_BpreShuffle_256x256E,3678.59,1342.46,0.0
gfx950,256,20340,4096,2048,54,0,107.6727,_ZN5aiter42f4gemm_bf16_per1x32Fp4_BpreShuffle_256x256E,3169.31,1779.91,0.0
gfx950,256,20340,4608,4096,54,0,193.3839,_ZN5aiter42f4gemm_bf16_per1x32Fp4_BpreShuffle_256x256E,3970.39,1233.54,0.0
gfx950,256,20345,9216,4096,54,0,366.1175,_ZN5aiter42f4gemm_bf16_per1x32Fp4_BpreShuffle_256x256E,4195.36,1189.62,0.0
gfx950,256,20351,4608,4096,54,0,193.8212,_ZN5aiter42f4gemm_bf16_per1x32Fp4_BpreShuffle_256x256E,3963.57,1231.4,0.0
gfx950,256,20356,2304,4096,54,0,106.4366,_ZN5aiter42f4gemm_bf16_per1x32Fp4_BpreShuffle_256x256E,3609.72,1317.29,0.0
gfx950,256,20356,4096,2048,54,0,105.6398,_ZN5aiter42f4gemm_bf16_per1x32Fp4_BpreShuffle_256x256E,3232.84,1815.56,0.0
gfx950,256,20357,9216,4096,54,0,369.3513,_ZN5aiter42f4gemm_bf16_per1x32Fp4_BpreShuffle_256x256E,4161.08,1179.87,0.0
gfx950,256,20363,9216,4096,54,0,363.1389,_ZN5aiter42f4gemm_bf16_per1x32Fp4_BpreShuffle_256x256E,4233.52,1200.39,0.0
gfx950,256,20378,4608,4096,54,0,192.0776,_ZN5aiter42f4gemm_bf16_per1x32Fp4_BpreShuffle_256x256E,4004.86,1244.16,0.0
gfx950,256,20398,1280,4096,48,0,65.6878,_ZN5aiter42f4gemm_bf16_per1x32Fp4_BpreShuffle_160x384E,3256.14,1470.83,0.0
gfx950,256,20398,4096,1024,45,0,75.0698,_ZN5aiter42f4gemm_bf16_per1x32Fp4_BpreShuffle_128x512E,2279.36,2392.99,0.0
gfx950,256,20398,9216,4096,54,0,370.654,_ZN5aiter42f4gemm_bf16_per1x32Fp4_BpreShuffle_256x256E,4154.81,1177.99,0.0
gfx950,256,20401,4608,4096,45,0,195.3507,_ZN5aiter42f4gemm_bf16_per1x32Fp4_BpreShuffle_128x512E,3942.2,1224.64,0.0
gfx950,256,20403,9216,4096,54,0,363.9361,_ZN5aiter42f4gemm_bf16_per1x32Fp4_BpreShuffle_256x256E,4232.54,1200.01,0.0
gfx950,256,20404,9216,4096,54,0,368.3203,_ZN5aiter42f4gemm_bf16_per1x32Fp4_BpreShuffle_256x256E,4182.37,1185.78,0.0
gfx950,256,20406,1280,4096,54,0,66.4982,_ZN5aiter42f4gemm_bf16_per1x32Fp4_BpreShuffle_256x256E,3217.72,1453.46,0.0
gfx950,256,20406,4096,1024,54,0,74.4674,_ZN5aiter42f4gemm_bf16_per1x32Fp4_BpreShuffle_256x256E,2298.7,2413.28,0.0
gfx950,256,20407,1280,4096,48,0,68.0646,_ZN5aiter42f4gemm_bf16_per1x32Fp4_BpreShuffle_160x384E,3143.82,1420.08,0.0
gfx950,256,20407,4096,1024,54,0,74.9211,_ZN5aiter42f4gemm_bf16_per1x32Fp4_BpreShuffle_256x256E,2284.89,2398.79,0.0
gfx950,256,20407,9216,4096,54,0,364.4068,_ZN5aiter42f4gemm_bf16_per1x32Fp4_BpreShuffle_256x256E,4227.9,1198.69,0.0
gfx950,256,20411,9216,4096,54,0,362.6368,_ZN5aiter42f4gemm_bf16_per1x32Fp4_BpreShuffle_256x256E,4249.37,1204.76,0.0
gfx950,256,20415,4608,4096,54,0,196.3859,_ZN5aiter42f4gemm_bf16_per1x32Fp4_BpreShuffle_256x256E,3924.11,1218.99,0.0
gfx950,256,20415,9216,4096,54,0,362.1216,_ZN5aiter42f4gemm_bf16_per1x32Fp4_BpreShuffle_256x256E,4256.25,1206.7,0.0
gfx950,256,20421,1280,4096,54,0,66.7346,_ZN5aiter42f4gemm_bf16_per1x32Fp4_BpreShuffle_256x256E,3208.68,1449.34,0.0
gfx950,256,20421,4096,1024,54,0,75.2391,_ZN5aiter42f4gemm_bf16_per1x32Fp4_BpreShuffle_256x256E,2276.79,2390.27,0.0
gfx950,256,20422,9216,4096,54,0,364.8295,_ZN5aiter42f4gemm_bf16_per1x32Fp4_BpreShuffle_256x256E,4226.11,1198.14,0.0
gfx950,256,20430,9216,4096,54,0,369.0263,_ZN5aiter42f4gemm_bf16_per1x32Fp4_BpreShuffle_256x256E,4179.68,1184.96,0.0
gfx950,256,20433,4608,4096,54,0,195.2552,_ZN5aiter42f4gemm_bf16_per1x32Fp4_BpreShuffle_256x256E,3950.32,1227.08,0.0
gfx950,256,20437,4608,4096,54,0,190.3976,_ZN5aiter42f4gemm_bf16_per1x32Fp4_BpreShuffle_256x256E,4051.89,1258.63,0.0
gfx950,256,20444,1280,4096,54,0,66.6582,_ZN5aiter42f4gemm_bf16_per1x32Fp4_BpreShuffle_256x256E,3215.97,1452.6,0.0
gfx950,256,20444,4096,1024,54,0,74.4153,_ZN5aiter42f4gemm_bf16_per1x32Fp4_BpreShuffle_256x256E,2304.59,2419.42,0.0
gfx950,256,20448,9216,4096,54,0,371.7192,_ZN5aiter42f4gemm_bf16_per1x32Fp4_BpreShuffle_256x256E,4153.06,1177.37,0.0
gfx950,256,20461,4608,4096,54,0,191.6772,_ZN5aiter42f4gemm_bf16_per1x32Fp4_BpreShuffle_256x256E,4029.57,1251.63,0.0
gfx950,256,20474,9216,4096,54,0,368.8199,_ZN5aiter42f4gemm_bf16_per1x32Fp4_BpreShuffle_256x256E,4191.03,1188.06,0.0
gfx950,256,20484,9216,4096,54,0,369.15,_ZN5aiter42f4gemm_bf16_per1x32Fp4_BpreShuffle_256x256E,4189.33,1187.56,0.0
gfx950,256,20488,1280,4096,52,0,69.0826,_ZN5aiter42f4gemm_bf16_per1x32Fp4_BpreShuffle_224x256E,3109.79,1404.55,0.0
gfx950,256,20488,4096,1024,54,0,81.9303,_ZN5aiter42f4gemm_bf16_per1x32Fp4_BpreShuffle_256x256E,2097.71,2202.17,0.0
gfx950,256,20493,9216,4096,54,0,369.8456,_ZN5aiter42f4gemm_bf16_per1x32Fp4_BpreShuffle_256x256E,4183.29,1185.82,0.0
gfx950,256,20496,4608,4096,45,0,195.4592,_ZN5aiter42f4gemm_bf16_per1x32Fp4_BpreShuffle_128x512E,3958.36,1229.43,0.0
gfx950,256,20511,9216,4096,54,0,367.8132,_ZN5aiter42f4gemm_bf16_per1x32Fp4_BpreShuffle_256x256E,4210.1,1193.38,0.0
gfx950,256,20512,9216,4096,54,0,368.9183,_ZN5aiter42f4gemm_bf16_per1x32Fp4_BpreShuffle_256x256E,4197.69,1189.86,0.0
gfx950,256,20513,2304,4096,54,0,107.9026,_ZN5aiter42f4gemm_bf16_per1x32Fp4_BpreShuffle_256x256E,3588.14,1309.08,0.0
gfx950,256,20513,4096,2048,54,0,114.7902,_ZN5aiter42f4gemm_bf16_per1x32Fp4_BpreShuffle_256x256E,2998.09,1683.44,0.0
gfx950,256,20534,1280,4096,52,0,70.143,_ZN5aiter42f4gemm_bf16_per1x32Fp4_BpreShuffle_224x256E,3069.65,1386.34,0.0
gfx950,256,20534,4096,1024,54,0,81.9333,_ZN5aiter42f4gemm_bf16_per1x32Fp4_BpreShuffle_256x256E,2102.34,2206.98,0.0
gfx950,256,20542,9216,4096,54,0,369.08,_ZN5aiter42f4gemm_bf16_per1x32Fp4_BpreShuffle_256x256E,4201.99,1191.0,0.0
gfx950,256,20547,2304,4096,54,0,112.6055,_ZN5aiter42f4gemm_bf16_per1x32Fp4_BpreShuffle_256x256E,3443.98,1256.42,0.0
gfx950,256,20547,4096,2048,54,0,114.5187,_ZN5aiter42f4gemm_bf16_per1x32Fp4_BpreShuffle_256x256E,3010.18,1690.16,0.0
gfx950,256,20551,9216,4096,54,0,372.5653,_ZN5aiter42f4gemm_bf16_per1x32Fp4_BpreShuffle_256x256E,4164.5,1180.35,0.0
gfx950,256,20559,4608,4096,54,0,194.4884,_ZN5aiter42f4gemm_bf16_per1x32Fp4_BpreShuffle_256x256E,3990.35,1239.22,0.0
gfx950,256,20559,9216,4096,54,0,376.6033,_ZN5aiter42f4gemm_bf16_per1x32Fp4_BpreShuffle_256x256E,4121.45,1168.13,0.0
gfx950,256,20565,4608,4096,54,0,195.1327,_ZN5aiter42f4gemm_bf16_per1x32Fp4_BpreShuffle_256x256E,3978.33,1235.47,0.0
gfx950,256,20566,9216,4096,54,0,368.2125,_ZN5aiter42f4gemm_bf16_per1x32Fp4_BpreShuffle_256x256E,4216.81,1195.14,0.0
gfx950,256,20568,9216,4096,54,0,371.6654,_ZN5aiter42f4gemm_bf16_per1x32Fp4_BpreShuffle_256x256E,4178.04,1184.15,0.0
gfx950,256,20570,1280,4096,54,0,65.204,_ZN5aiter42f4gemm_bf16_per1x32Fp4_BpreShuffle_256x256E,3307.96,1493.9,0.0
gfx950,256,20570,4096,1024,54,0,81.9303,_ZN5aiter42f4gemm_bf16_per1x32Fp4_BpreShuffle_256x256E,2106.1,2210.88,0.0
gfx950,256,20573,1280,4096,52,0,68.055,_ZN5aiter42f4gemm_bf16_per1x32Fp4_BpreShuffle_224x256E,3169.84,1431.52,0.0
gfx950,256,20573,4096,1024,54,0,81.6583,_ZN5aiter42f4gemm_bf16_per1x32Fp4_BpreShuffle_256x256E,2113.43,2218.57,0.0
gfx950,256,20577,4608,4096,45,0,196.5861,_ZN5aiter42f4gemm_bf16_per1x32Fp4_BpreShuffle_128x512E,3951.22,1227.03,0.0
gfx950,256,20580,9216,4096,54,0,370.5141,_ZN5aiter42f4gemm_bf16_per1x32Fp4_BpreShuffle_256x256E,4193.47,1188.49,0.0
gfx950,256,20581,4608,4096,54,0,194.6439,_ZN5aiter42f4gemm_bf16_per1x32Fp4_BpreShuffle_256x256E,3991.43,1239.5,0.0
gfx950,256,20593,4608,4096,54,0,194.7153,_ZN5aiter42f4gemm_bf16_per1x32Fp4_BpreShuffle_256x256E,3992.29,1239.74,0.0
gfx950,256,20601,4608,4096,54,0,194.196,_ZN5aiter42f4gemm_bf16_per1x32Fp4_BpreShuffle_256x256E,4004.52,1243.52,0.0
gfx950,256,20605,1280,4096,52,0,64.6605,_ZN5aiter42f4gemm_bf16_per1x32Fp4_BpreShuffle_224x256E,3341.44,1508.95,0.0
gfx950,256,20605,2304,4096,54,0,103.3702,_ZN5aiter42f4gemm_bf16_per1x32Fp4_BpreShuffle_256x256E,3762.27,1372.4,0.0
gfx950,256,20605,4096,1024,54,0,81.7902,_ZN5aiter42f4gemm_bf16_per1x32Fp4_BpreShuffle_256x256E,2113.3,2218.4,0.0
gfx950,256,20605,4096,2048,54,0,115.409,_ZN5aiter42f4gemm_bf16_per1x32Fp4_BpreShuffle_256x256E,2995.39,1681.76,0.0
gfx950,256,20605,9216,4096,54,0,368.79,_ZN5aiter42f4gemm_bf16_per1x32Fp4_BpreShuffle_256x256E,4218.19,1195.44,0.0
gfx950,256,20607,4608,4096,54,0,198.3541,_ZN5aiter42f4gemm_bf16_per1x32Fp4_BpreShuffle_256x256E,3921.71,1217.79,0.0
gfx950,256,20607,9216,4096,54,0,363.6306,_ZN5aiter42f4gemm_bf16_per1x32Fp4_BpreShuffle_256x256E,4278.45,1212.51,0.0
gfx950,256,20608,9216,4096,54,0,365.0504,_ZN5aiter42f4gemm_bf16_per1x32Fp4_BpreShuffle_256x256E,4262.02,1207.85,0.0
gfx950,256,20610,9216,4096,54,0,369.4113,_ZN5aiter42f4gemm_bf16_per1x32Fp4_BpreShuffle_256x256E,4212.12,1193.7,0.0
gfx950,256,20618,4608,4096,54,0,195.0252,_ZN5aiter42f4gemm_bf16_per1x32Fp4_BpreShuffle_256x256E,3990.78,1239.22,0.0
gfx950,256,20625,1280,4096,54,0,70.281,_ZN5aiter42f4gemm_bf16_per1x32Fp4_BpreShuffle_256x256E,3077.2,1389.59,0.0
gfx950,256,20625,4096,1024,54,0,81.9178,_ZN5aiter42f4gemm_bf16_per1x32Fp4_BpreShuffle_256x256E,2112.06,2217.07,0.0
gfx950,256,20631,2304,4096,54,0,106.8382,_ZN5aiter42f4gemm_bf16_per1x32Fp4_BpreShuffle_256x256E,3644.74,1329.47,0.0
gfx950,256,20631,4096,2048,54,0,119.0588,_ZN5aiter42f4gemm_bf16_per1x32Fp4_BpreShuffle_256x256E,2907.23,1632.22,0.0
gfx950,256,20660,9216,4096,54,0,375.1469,_ZN5aiter42f4gemm_bf16_per1x32Fp4_BpreShuffle_256x256E,4157.78,1178.18,0.0
gfx950,256,20663,4608,4096,54,0,196.4704,_ZN5aiter42f4gemm_bf16_per1x32Fp4_BpreShuffle_256x256E,3970.07,1232.68,0.0
gfx950,256,20673,9216,4096,54,0,367.9628,_ZN5aiter42f4gemm_bf16_per1x32Fp4_BpreShuffle_256x256E,4241.62,1201.91,0.0
gfx950,256,20678,4608,4096,54,0,195.0421,_ZN5aiter42f4gemm_bf16_per1x32Fp4_BpreShuffle_256x256E,4002.05,1242.57,0.0
gfx950,256,20679,4608,4096,54,0,195.3952,_ZN5aiter42f4gemm_bf16_per1x32Fp4_BpreShuffle_256x256E,3995.01,1240.39,0.0
gfx950,256,20679,9216,4096,54,0,368.8152,_ZN5aiter42f4gemm_bf16_per1x32Fp4_BpreShuffle_256x256E,4233.05,1199.46,0.0
gfx950,256,20683,1280,4096,54,0,68.7846,_ZN5aiter42f4gemm_bf16_per1x32Fp4_BpreShuffle_256x256E,3152.99,1423.7,0.0
gfx950,256,20683,4096,1024,54,0,82.6396,_ZN5aiter42f4gemm_bf16_per1x32Fp4_BpreShuffle_256x256E,2099.5,2203.81,0.0
gfx950,256,20707,9216,4096,54,0,368.5628,_ZN5aiter42f4gemm_bf16_per1x32Fp4_BpreShuffle_256x256E,4241.68,1201.84,0.0
gfx950,256,20708,1280,4096,54,0,65.959,_ZN5aiter42f4gemm_bf16_per1x32Fp4_BpreShuffle_256x256E,3292.03,1486.44,0.0
gfx950,256,20708,4096,1024,54,0,82.9751,_ZN5aiter42f4gemm_bf16_per1x32Fp4_BpreShuffle_256x256E,2093.54,2197.52,0.0
gfx950,256,20714,1280,4096,54,0,66.6506,_ZN5aiter42f4gemm_bf16_per1x32Fp4_BpreShuffle_256x256E,3258.82,1471.43,0.0
gfx950,256,20714,4096,1024,54,0,82.4723,_ZN5aiter42f4gemm_bf16_per1x32Fp4_BpreShuffle_256x256E,2106.91,2211.55,0.0
gfx950,256,20724,9216,4096,54,0,370.3241,_ZN5aiter42f4gemm_bf16_per1x32Fp4_BpreShuffle_256x256E,4224.97,1197.06,0.0
gfx950,256,20727,9216,4096,54,0,366.5459,_ZN5aiter42f4gemm_bf16_per1x32Fp4_BpreShuffle_256x256E,4269.14,1209.57,0.0
gfx950,256,20730,9216,4096,54,0,373.5144,_ZN5aiter42f4gemm_bf16_per1x32Fp4_BpreShuffle_256x256E,4190.1,1187.17,0.0
gfx950,256,20753,4608,4096,54,0,196.1229,_ZN5aiter42f4gemm_bf16_per1x32Fp4_BpreShuffle_256x256E,3994.43,1240.03,0.0
gfx950,256,20759,9216,4096,54,0,369.7706,_ZN5aiter42f4gemm_bf16_per1x32Fp4_BpreShuffle_256x256E,4238.44,1200.8,0.0
gfx950,256,20763,2304,4096,54,0,113.7501,_ZN5aiter42f4gemm_bf16_per1x32Fp4_BpreShuffle_256x256E,3445.17,1256.41,0.0
gfx950,256,20763,4096,2048,45,0,116.469,_ZN5aiter42f4gemm_bf16_per1x32Fp4_BpreShuffle_128x512E,2990.88,1678.95,0.0
gfx950,256,20769,9216,4096,54,0,371.9613,_ZN5aiter42f4gemm_bf16_per1x32Fp4_BpreShuffle_256x256E,4215.51,1194.27,0.0
gfx950,256,20783,4608,4096,54,0,196.5937,_ZN5aiter42f4gemm_bf16_per1x32Fp4_BpreShuffle_256x256E,3990.63,1238.78,0.0
gfx950,256,20785,4608,4096,54,0,197.2181,_ZN5aiter42f4gemm_bf16_per1x32Fp4_BpreShuffle_256x256E,3978.37,1234.98,0.0
gfx950,256,20785,9216,4096,54,0,370.8853,_ZN5aiter42f4gemm_bf16_per1x32Fp4_BpreShuffle_256x256E,4231.0,1198.62,0.0
gfx950,256,20788,4608,4096,54,0,196.1169,_ZN5aiter42f4gemm_bf16_per1x32Fp4_BpreShuffle_256x256E,4001.29,1242.08,0.0
gfx950,256,20788,9216,4096,54,0,370.1757,_ZN5aiter42f4gemm_bf16_per1x32Fp4_BpreShuffle_256x256E,4239.72,1201.09,0.0
gfx950,256,20796,4608,4096,54,0,198.5141,_ZN5aiter42f4gemm_bf16_per1x32Fp4_BpreShuffle_256x256E,3954.49,1227.54,0.0
gfx950,256,20802,2304,4096,54,0,104.3366,_ZN5aiter42f4gemm_bf16_per1x32Fp4_BpreShuffle_256x256E,3763.06,1372.26,0.0
gfx950,256,20802,4096,2048,54,0,118.8576,_ZN5aiter42f4gemm_bf16_per1x32Fp4_BpreShuffle_256x256E,2936.28,1648.24,0.0
gfx950,256,20811,1280,4096,54,0,67.4982,_ZN5aiter42f4gemm_bf16_per1x32Fp4_BpreShuffle_256x256E,3232.96,1459.57,0.0
gfx950,256,20811,4096,1024,45,0,84.9043,_ZN5aiter42f4gemm_bf16_per1x32Fp4_BpreShuffle_128x512E,2056.14,2158.15,0.0
gfx950,256,20819,1280,4096,52,0,67.9138,_ZN5aiter42f4gemm_bf16_per1x32Fp4_BpreShuffle_224x256E,3214.41,1451.18,0.0
gfx950,256,20819,4096,1024,54,0,82.9348,_ZN5aiter42f4gemm_bf16_per1x32Fp4_BpreShuffle_256x256E,2105.78,2210.24,0.0
gfx950,256,20820,4608,4096,54,0,198.6504,_ZN5aiter42f4gemm_bf16_per1x32Fp4_BpreShuffle_256x256E,3956.34,1228.06,0.0
gfx950,256,20820,9216,4096,54,0,365.7707,_ZN5aiter42f4gemm_bf16_per1x32Fp4_BpreShuffle_256x256E,4297.38,1217.34,0.0
gfx950,256,20822,2304,4096,54,0,104.8418,_ZN5aiter42f4gemm_bf16_per1x32Fp4_BpreShuffle_256x256E,3748.52,1366.91,0.0
gfx950,256,20822,4096,2048,54,0,118.4267,_ZN5aiter42f4gemm_bf16_per1x32Fp4_BpreShuffle_256x256E,2949.8,1655.79,0.0
gfx950,256,20822,9216,4096,54,0,374.1717,_ZN5aiter42f4gemm_bf16_per1x32Fp4_BpreShuffle_256x256E,4201.3,1190.12,0.0
gfx950,256,20829,4608,4096,54,0,196.3133,_ZN5aiter42f4gemm_bf16_per1x32Fp4_BpreShuffle_256x256E,4005.17,1243.19,0.0
gfx950,256,20835,9216,4096,54,0,375.0536,_ZN5aiter42f4gemm_bf16_per1x32Fp4_BpreShuffle_256x256E,4194.04,1188.03,0.0
gfx950,256,20840,2304,4096,54,0,107.5419,_ZN5aiter42f4gemm_bf16_per1x32Fp4_BpreShuffle_256x256E,3657.57,1333.71,0.0
gfx950,256,20840,4096,2048,54,0,117.9828,_ZN5aiter42f4gemm_bf16_per1x32Fp4_BpreShuffle_256x256E,2963.46,1663.43,0.0
gfx950,256,20841,9216,4096,54,0,369.8101,_ZN5aiter42f4gemm_bf16_per1x32Fp4_BpreShuffle_256x256E,4254.73,1205.21,0.0
gfx950,256,20844,9216,4096,54,0,363.6823,_ZN5aiter42f4gemm_bf16_per1x32Fp4_BpreShuffle_256x256E,4327.04,1225.68,0.0
gfx950,256,20851,4608,4096,54,0,196.5484,_ZN5aiter42f4gemm_bf16_per1x32Fp4_BpreShuffle_256x256E,4004.61,1242.97,0.0
gfx950,256,20855,1280,4096,54,0,68.9338,_ZN5aiter42f4gemm_bf16_per1x32Fp4_BpreShuffle_256x256E,3172.33,1432.12,0.0
gfx950,256,20855,4096,1024,54,0,83.8513,_ZN5aiter42f4gemm_bf16_per1x32Fp4_BpreShuffle_256x256E,2086.37,2189.82,0.0
gfx950,256,20856,9216,4096,54,0,369.6364,_ZN5aiter42f4gemm_bf16_per1x32Fp4_BpreShuffle_256x256E,4259.79,1206.61,0.0
gfx950,256,20858,9216,4096,54,0,370.1867,_ZN5aiter42f4gemm_bf16_per1x32Fp4_BpreShuffle_256x256E,4253.87,1204.92,0.0
gfx950,256,20860,9216,4096,54,0,375.437,_ZN5aiter42f4gemm_bf16_per1x32Fp4_BpreShuffle_256x256E,4194.78,1188.18,0.0
gfx950,256,20861,9216,4096,54,0,370.9353,_ZN5aiter42f4gemm_bf16_per1x32Fp4_BpreShuffle_256x256E,4245.9,1202.66,0.0
gfx950,256,20864,1280,4096,54,0,69.6822,_ZN5aiter42f4gemm_bf16_per1x32Fp4_BpreShuffle_256x256E,3139.61,1417.33,0.0
gfx950,256,20864,4096,1024,45,0,84.4768,_ZN5aiter42f4gemm_bf16_per1x32Fp4_BpreShuffle_128x512E,2071.81,2174.53,0.0
gfx950,256,20878,1280,4096,54,0,67.1622,_ZN5aiter42f4gemm_bf16_per1x32Fp4_BpreShuffle_256x256E,3259.6,1471.47,0.0
gfx950,256,20878,4096,1024,45,0,83.6889,_ZN5aiter42f4gemm_bf16_per1x32Fp4_BpreShuffle_128x512E,2092.72,2196.46,0.0
gfx950,256,20879,2304,4096,54,0,114.0524,_ZN5aiter42f4gemm_bf16_per1x32Fp4_BpreShuffle_256x256E,3455.24,1259.85,0.0
gfx950,256,20879,4096,2048,45,0,117.2916,_ZN5aiter42f4gemm_bf16_per1x32Fp4_BpreShuffle_128x512E,2986.5,1676.29,0.0
gfx950,256,20888,9216,4096,54,0,371.9469,_ZN5aiter42f4gemm_bf16_per1x32Fp4_BpreShuffle_256x256E,4239.83,1200.87,0.0
gfx950,256,20899,2304,4096,54,0,104.8789,_ZN5aiter42f4gemm_bf16_per1x32Fp4_BpreShuffle_256x256E,3761.06,1371.32,0.0
gfx950,256,20899,4096,2048,54,0,117.8399,_ZN5aiter42f4gemm_bf16_per1x32Fp4_BpreShuffle_256x256E,2975.45,1670.06,0.0
gfx950,256,20901,9216,4096,54,0,366.5172,_ZN5aiter42f4gemm_bf16_per1x32Fp4_BpreShuffle_256x256E,4305.32,1219.39,0.0
gfx950,256,20902,1280,4096,41,0,70.5774,_ZN5aiter41f4gemm_bf16_per1x32Fp4_BpreShuffle_96x640E,3105.43,1401.83,0.0
gfx950,256,20902,4096,1024,54,0,84.1828,_ZN5aiter42f4gemm_bf16_per1x32Fp4_BpreShuffle_256x256E,2082.83,2186.05,0.0
gfx950,256,20906,9216,4096,54,0,367.4724,_ZN5aiter42f4gemm_bf16_per1x32Fp4_BpreShuffle_256x256E,4295.15,1216.5,0.0
gfx950,256,20908,4608,4096,54,0,193.2532,_ZN5aiter42f4gemm_bf16_per1x32Fp4_BpreShuffle_256x256E,4084.02,1267.48,0.0
gfx950,256,20915,2304,4096,54,0,112.1099,_ZN5aiter42f4gemm_bf16_per1x32Fp4_BpreShuffle_256x256E,3521.16,1283.82,0.0
gfx950,256,20915,4096,2048,45,0,118.9376,_ZN5aiter42f4gemm_bf16_per1x32Fp4_BpreShuffle_128x512E,2950.25,1655.88,0.0
gfx950,256,20919,4608,4096,54,0,196.8973,_ZN5aiter42f4gemm_bf16_per1x32Fp4_BpreShuffle_256x256E,4010.55,1244.65,0.0
gfx950,256,20922,9216,4096,54,0,373.4147,_ZN5aiter42f4gemm_bf16_per1x32Fp4_BpreShuffle_256x256E,4230.04,1198.02,0.0
gfx950,256,20923,1280,4096,54,0,69.0006,_ZN5aiter42f4gemm_bf16_per1x32Fp4_BpreShuffle_256x256E,3179.59,1435.27,0.0
gfx950,256,20923,4096,1024,45,0,83.9285,_ZN5aiter42f4gemm_bf16_per1x32Fp4_BpreShuffle_128x512E,2091.24,2194.86,0.0
gfx950,256,20930,9216,4096,54,0,372.2365,_ZN5aiter42f4gemm_bf16_per1x32Fp4_BpreShuffle_256x256E,4245.05,1202.25,0.0
gfx950,256,20936,9216,4096,54,0,368.8906,_ZN5aiter42f4gemm_bf16_per1x32Fp4_BpreShuffle_256x256E,4284.78,1213.49,0.0
gfx950,256,20950,9216,4096,54,0,374.2097,_ZN5aiter42f4gemm_bf16_per1x32Fp4_BpreShuffle_256x256E,4226.7,1197.0,0.0
gfx950,256,20951,9216,4096,54,0,368.4513,_ZN5aiter42f4gemm_bf16_per1x32Fp4_BpreShuffle_256x256E,4292.96,1215.77,0.0
gfx950,256,20955,4608,4096,54,0,200.333,_ZN5aiter42f4gemm_bf16_per1x32Fp4_BpreShuffle_256x256E,3948.55,1225.33,0.0
gfx950,256,20957,4608,4096,54,0,195.9673,_ZN5aiter42f4gemm_bf16_per1x32Fp4_BpreShuffle_256x256E,4036.9,1252.74,0.0
gfx950,256,20959,4608,4096,54,0,195.8429,_ZN5aiter42f4gemm_bf16_per1x32Fp4_BpreShuffle_256x256E,4039.85,1253.65,0.0
gfx950,256,20964,9216,4096,54,0,372.0951,_ZN5aiter42f4gemm_bf16_per1x32Fp4_BpreShuffle_256x256E,4253.56,1204.58,0.0
gfx950,256,20967,4608,4096,45,0,197.1037,_ZN5aiter42f4gemm_bf16_per1x32Fp4_BpreShuffle_128x512E,4015.54,1246.09,0.0
gfx950,256,20976,9216,4096,54,0,371.0733,_ZN5aiter42f4gemm_bf16_per1x32Fp4_BpreShuffle_256x256E,4267.71,1208.56,0.0
gfx950,256,20979,9216,4096,54,0,370.2925,_ZN5aiter42f4gemm_bf16_per1x32Fp4_BpreShuffle_256x256E,4277.33,1211.27,0.0
gfx950,256,20981,1280,4096,54,0,67.4142,_ZN5aiter42f4gemm_bf16_per1x32Fp4_BpreShuffle_256x256E,3263.43,1473.01,0.0
gfx950,256,20981,2304,4096,54,0,110.6619,_ZN5aiter42f4gemm_bf16_per1x32Fp4_BpreShuffle_256x256E,3578.5,1304.59,0.0
gfx950,256,20981,4096,1024,54,0,83.9141,_ZN5aiter42f4gemm_bf16_per1x32Fp4_BpreShuffle_256x256E,2097.4,2201.25,0.0
gfx950,256,20981,4096,2048,54,0,119.5444,_ZN5aiter42f4gemm_bf16_per1x32Fp4_BpreShuffle_256x256E,2944.54,1652.57,0.0
gfx950,256,20983,2304,4096,54,0,114.5071,_ZN5aiter42f4gemm_bf16_per1x32Fp4_BpreShuffle_256x256E,3458.66,1260.9,0.0
gfx950,256,20983,4096,2048,45,0,117.7293,_ZN5aiter42f4gemm_bf16_per1x32Fp4_BpreShuffle_128x512E,2990.22,1678.2,0.0
gfx950,256,20984,9216,4096,54,0,373.5112,_ZN5aiter42f4gemm_bf16_per1x32Fp4_BpreShuffle_256x256E,4241.48,1201.11,0.0
gfx950,256,20992,9216,4096,54,0,373.1051,_ZN5aiter42f4gemm_bf16_per1x32Fp4_BpreShuffle_256x256E,4247.71,1202.85,0.0
gfx950,256,20997,4608,4096,54,0,200.2437,_ZN5aiter42f4gemm_bf16_per1x32Fp4_BpreShuffle_256x256E,3958.23,1228.24,0.0
gfx950,256,21000,2304,4096,54,0,106.6439,_ZN5aiter42f4gemm_bf16_per1x32Fp4_BpreShuffle_256x256E,3716.68,1354.93,0.0
gfx950,256,21000,4096,2048,54,0,118.7504,_ZN5aiter42f4gemm_bf16_per1x32Fp4_BpreShuffle_256x256E,2966.91,1665.09,0.0
gfx950,256,21004,9216,4096,54,0,376.9919,_ZN5aiter42f4gemm_bf16_per1x32Fp4_BpreShuffle_256x256E,4206.32,1191.1,0.0
gfx950,256,21006,2304,4096,54,0,109.8599,_ZN5aiter42f4gemm_bf16_per1x32Fp4_BpreShuffle_256x256E,3608.91,1315.63,0.0
gfx950,256,21006,4096,2048,45,0,116.6945,_ZN5aiter42f4gemm_bf16_per1x32Fp4_BpreShuffle_128x512E,3020.04,1694.9,0.0
gfx950,256,21006,9216,4096,54,0,373.2793,_ZN5aiter42f4gemm_bf16_per1x32Fp4_BpreShuffle_256x256E,4248.56,1203.06,0.0
gfx950,256,21020,9216,4096,54,0,376.8547,_ZN5aiter42f4gemm_bf16_per1x32Fp4_BpreShuffle_256x256E,4211.06,1192.41,0.0
gfx950,256,21028,4608,4096,54,0,198.2321,_ZN5aiter42f4gemm_bf16_per1x32Fp4_BpreShuffle_256x256E,4004.3,1242.47,0.0
gfx950,256,21033,9216,4096,54,0,374.5242,_ZN5aiter42f4gemm_bf16_per1x32Fp4_BpreShuffle_256x256E,4239.88,1200.54,0.0
gfx950,256,21058,1280,4096,54,0,66.6082,_ZN5aiter42f4gemm_bf16_per1x32Fp4_BpreShuffle_256x256E,3315.04,1496.16,0.0
gfx950,256,21058,4096,1024,54,0,83.6756,_ZN5aiter42f4gemm_bf16_per1x32Fp4_BpreShuffle_256x256E,2111.1,2215.53,0.0
gfx950,256,21070,4608,4096,54,0,200.7709,_ZN5aiter42f4gemm_bf16_per1x32Fp4_BpreShuffle_256x256E,3961.56,1229.11,0.0
gfx950,256,21075,4608,4096,54,0,200.9629,_ZN5aiter42f4gemm_bf16_per1x32Fp4_BpreShuffle_256x256E,3958.71,1228.22,0.0
gfx950,256,21081,2304,4096,54,0,112.8119,_ZN5aiter42f4gemm_bf16_per1x32Fp4_BpreShuffle_256x256E,3527.03,1285.62,0.0
gfx950,256,21081,4096,2048,45,0,119.3364,_ZN5aiter42f4gemm_bf16_per1x32Fp4_BpreShuffle_128x512E,2963.73,1663.17,0.0
gfx950,256,21083,9216,4096,54,0,368.7915,_ZN5aiter42f4gemm_bf16_per1x32Fp4_BpreShuffle_256x256E,4316.02,1221.98,0.0
gfx950,256,21084,9216,4096,54,0,373.5262,_ZN5aiter42f4gemm_bf16_per1x32Fp4_BpreShuffle_256x256E,4261.52,1206.54,0.0
gfx950,256,21092,4608,4096,54,0,194.6473,_ZN5aiter42f4gemm_bf16_per1x32Fp4_BpreShuffle_256x256E,4090.46,1269.05,0.0
gfx950,256,21094,9216,4096,54,0,377.8404,_ZN5aiter42f4gemm_bf16_per1x32Fp4_BpreShuffle_256x256E,4214.86,1193.31,0.0
gfx950,256,21103,9216,4096,54,0,375.6745,_ZN5aiter42f4gemm_bf16_per1x32Fp4_BpreShuffle_256x256E,4240.97,1200.68,0.0
gfx950,256,21104,2304,4096,54,0,107.2942,_ZN5aiter42f4gemm_bf16_per1x32Fp4_BpreShuffle_256x256E,3712.45,1353.17,0.0
gfx950,256,21104,4096,2048,45,0,117.5788,_ZN5aiter42f4gemm_bf16_per1x32Fp4_BpreShuffle_128x512E,3011.31,1689.83,0.0
gfx950,256,21109,4608,4096,54,0,201.6822,_ZN5aiter42f4gemm_bf16_per1x32Fp4_BpreShuffle_256x256E,3950.96,1225.74,0.0
gfx950,256,21115,9216,4096,54,0,374.2445,_ZN5aiter42f4gemm_bf16_per1x32Fp4_BpreShuffle_256x256E,4259.59,1205.92,0.0
gfx950,256,21121,9216,4096,54,0,371.4033,_ZN5aiter42f4gemm_bf16_per1x32Fp4_BpreShuffle_256x256E,4293.4,1215.48,0.0
gfx950,256,21125,9216,4096,54,0,376.5496,_ZN5aiter42f4gemm_bf16_per1x32Fp4_BpreShuffle_256x256E,4235.52,1199.08,0.0
gfx950,256,21126,9216,4096,54,0,376.5199,_ZN5aiter42f4gemm_bf16_per1x32Fp4_BpreShuffle_256x256E,4236.06,1199.23,0.0
gfx950,256,21129,1280,4096,54,0,66.8842,_ZN5aiter42f4gemm_bf16_per1x32Fp4_BpreShuffle_256x256E,3312.5,1494.88,0.0
gfx950,256,21129,4096,1024,54,0,84.1979,_ZN5aiter42f4gemm_bf16_per1x32Fp4_BpreShuffle_256x256E,2105.08,2209.13,0.0
gfx950,256,21142,9216,4096,54,0,375.5572,_ZN5aiter42f4gemm_bf16_per1x32Fp4_BpreShuffle_256x256E,4250.13,1203.18,0.0
gfx950,256,21144,9216,4096,54,0,376.7306,_ZN5aiter42f4gemm_bf16_per1x32Fp4_BpreShuffle_256x256E,4237.29,1199.54,0.0
gfx950,256,21146,2304,4096,54,0,104.425,_ZN5aiter42f4gemm_bf16_per1x32Fp4_BpreShuffle_256x256E,3822.05,1393.02,0.0
gfx950,256,21146,4096,2048,54,0,117.9748,_ZN5aiter42f4gemm_bf16_per1x32Fp4_BpreShuffle_256x256E,3007.18,1687.44,0.0
gfx950,256,21160,4608,4096,54,0,199.4105,_ZN5aiter42f4gemm_bf16_per1x32Fp4_BpreShuffle_256x256E,4005.62,1242.58,0.0
gfx950,256,21177,4608,4096,54,0,196.7621,_ZN5aiter42f4gemm_bf16_per1x32Fp4_BpreShuffle_256x256E,4062.8,1260.28,0.0
gfx950,256,21186,9216,4096,54,0,376.2564,_ZN5aiter42f4gemm_bf16_per1x32Fp4_BpreShuffle_256x256E,4251.06,1203.34,0.0
gfx950,256,21189,1280,4096,54,0,68.2566,_ZN5aiter42f4gemm_bf16_per1x32Fp4_BpreShuffle_256x256E,3255.11,1468.87,0.0
gfx950,256,21189,4096,1024,45,0,84.3236,_ZN5aiter42f4gemm_bf16_per1x32Fp4_BpreShuffle_128x512E,2107.91,2212.03,0.0
gfx950,256,21190,4608,4096,54,0,198.8513,_ZN5aiter42f4gemm_bf16_per1x32Fp4_BpreShuffle_256x256E,4022.58,1247.77,0.0
gfx950,256,21203,4608,4096,54,0,193.4968,_ZN5aiter42f4gemm_bf16_per1x32Fp4_BpreShuffle_256x256E,4136.43,1283.06,0.0
gfx950,256,21205,9216,4096,54,0,376.1477,_ZN5aiter42f4gemm_bf16_per1x32Fp4_BpreShuffle_256x256E,4256.1,1204.72,0.0
gfx950,256,21208,9216,4096,54,0,377.1418,_ZN5aiter42f4gemm_bf16_per1x32Fp4_BpreShuffle_256x256E,4245.49,1201.71,0.0
gfx950,256,21215,4608,4096,54,0,200.7733,_ZN5aiter42f4gemm_bf16_per1x32Fp4_BpreShuffle_256x256E,3988.77,1237.23,0.0
gfx950,256,21221,1280,4096,54,0,70.5006,_ZN5aiter42f4gemm_bf16_per1x32Fp4_BpreShuffle_256x256E,3156.26,1424.21,0.0
gfx950,256,21221,4096,1024,54,0,84.3523,_ZN5aiter42f4gemm_bf16_per1x32Fp4_BpreShuffle_256x256E,2110.37,2214.58,0.0
gfx950,256,21225,9216,4096,54,0,375.6685,_ZN5aiter42f4gemm_bf16_per1x32Fp4_BpreShuffle_256x256E,4265.55,1207.35,0.0
gfx950,256,21228,4608,4096,54,0,198.2199,_ZN5aiter42f4gemm_bf16_per1x32Fp4_BpreShuffle_256x256E,4042.63,1253.91,0.0
gfx950,256,21234,9216,4096,54,0,384.5802,_ZN5aiter42f4gemm_bf16_per1x32Fp4_BpreShuffle_256x256E,4168.48,1179.85,0.0
gfx950,256,21237,9216,4096,54,0,374.4445,_ZN5aiter42f4gemm_bf16_per1x32Fp4_BpreShuffle_256x256E,4281.92,1211.95,0.0
gfx950,256,21240,9216,4096,54,0,376.7827,_ZN5aiter42f4gemm_bf16_per1x32Fp4_BpreShuffle_256x256E,4255.94,1204.59,0.0
gfx950,256,21241,9216,4096,54,0,379.3746,_ZN5aiter42f4gemm_bf16_per1x32Fp4_BpreShuffle_256x256E,4227.07,1196.42,0.0
gfx950,256,21244,9216,4096,54,0,378.7332,_ZN5aiter42f4gemm_bf16_per1x32Fp4_BpreShuffle_256x256E,4234.82,1198.6,0.0
gfx950,256,21246,4608,4096,45,0,201.9016,_ZN5aiter42f4gemm_bf16_per1x32Fp4_BpreShuffle_128x512E,3972.28,1232.05,0.0
gfx950,256,21250,4608,4096,54,0,200.3321,_ZN5aiter42f4gemm_bf16_per1x32Fp4_BpreShuffle_256x256E,4004.15,1241.92,0.0
gfx950,256,21252,9216,4096,54,0,381.3966,_ZN5aiter42f4gemm_bf16_per1x32Fp4_BpreShuffle_256x256E,4206.83,1190.66,0.0
gfx950,256,21254,9216,4096,54,0,381.7436,_ZN5aiter42f4gemm_bf16_per1x32Fp4_BpreShuffle_256x256E,4203.41,1189.69,0.0
gfx950,256,21259,9216,4096,54,0,378.346,_ZN5aiter42f4gemm_bf16_per1x32Fp4_BpreShuffle_256x256E,4242.15,1200.64,0.0
gfx950,256,21262,9216,4096,54,0,383.2558,_ZN5aiter42f4gemm_bf16_per1x32Fp4_BpreShuffle_256x256E,4188.4,1185.42,0.0
gfx950,256,21273,9216,4096,54,0,377.0123,_ZN5aiter42f4gemm_bf16_per1x32Fp4_BpreShuffle_256x256E,4259.96,1205.65,0.0
gfx950,256,21274,9216,4096,54,0,373.8975,_ZN5aiter42f4gemm_bf16_per1x32Fp4_BpreShuffle_256x256E,4295.65,1215.75,0.0
gfx950,256,21283,4608,4096,54,0,196.5121,_ZN5aiter42f4gemm_bf16_per1x32Fp4_BpreShuffle_256x256E,4088.33,1267.96,0.0
gfx950,256,21285,9216,4096,54,0,378.8842,_ZN5aiter42f4gemm_bf16_per1x32Fp4_BpreShuffle_256x256E,4241.31,1200.34,0.0
gfx950,256,21301,4608,4096,54,0,199.1152,_ZN5aiter42f4gemm_bf16_per1x32Fp4_BpreShuffle_256x256E,4038.29,1252.4,0.0
gfx950,256,21302,9216,4096,54,0,382.7018,_ZN5aiter42f4gemm_bf16_per1x32Fp4_BpreShuffle_256x256E,4202.35,1189.28,0.0
gfx950,256,21308,4608,4096,54,0,198.189,_ZN5aiter42f4gemm_bf16_per1x32Fp4_BpreShuffle_256x256E,4058.5,1258.65,0.0
gfx950,256,21309,4608,4096,54,0,199.6081,_ZN5aiter42f4gemm_bf16_per1x32Fp4_BpreShuffle_256x256E,4029.84,1249.76,0.0
gfx950,256,21316,9216,4096,54,0,378.3706,_ZN5aiter42f4gemm_bf16_per1x32Fp4_BpreShuffle_256x256E,4253.25,1203.65,0.0
gfx950,256,21317,4608,4096,54,0,199.5254,_ZN5aiter42f4gemm_bf16_per1x32Fp4_BpreShuffle_256x256E,4033.02,1250.73,0.0
gfx950,256,21320,4608,4096,54,0,198.5604,_ZN5aiter42f4gemm_bf16_per1x32Fp4_BpreShuffle_256x256E,4053.19,1256.98,0.0
gfx950,256,21321,9216,4096,54,0,380.9426,_ZN5aiter42f4gemm_bf16_per1x32Fp4_BpreShuffle_256x256E,4225.52,1195.79,0.0
gfx950,256,21328,9216,4096,54,0,378.0698,_ZN5aiter42f4gemm_bf16_per1x32Fp4_BpreShuffle_256x256E,4259.03,1205.26,0.0
gfx950,256,21330,2304,4096,54,0,108.9543,_ZN5aiter42f4gemm_bf16_per1x32Fp4_BpreShuffle_256x256E,3695.04,1346.35,0.0
gfx950,256,21330,4096,2048,45,0,118.5612,_ZN5aiter42f4gemm_bf16_per1x32Fp4_BpreShuffle_128x512E,3018.34,1693.4,0.0
gfx950,256,21334,9216,4096,54,0,379.9205,_ZN5aiter42f4gemm_bf16_per1x32Fp4_BpreShuffle_256x256E,4239.47,1199.71,0.0
gfx950,256,21354,4608,4096,54,0,197.5898,_ZN5aiter42f4gemm_bf16_per1x32Fp4_BpreShuffle_256x256E,4079.6,1265.09,0.0
gfx950,256,21362,4608,4096,54,0,197.7989,_ZN5aiter42f4gemm_bf16_per1x32Fp4_BpreShuffle_256x256E,4076.81,1264.21,0.0
gfx950,256,21362,9216,4096,54,0,377.8702,_ZN5aiter42f4gemm_bf16_per1x32Fp4_BpreShuffle_256x256E,4268.07,1207.74,0.0
gfx950,256,21379,9216,4096,54,0,377.3265,_ZN5aiter42f4gemm_bf16_per1x32Fp4_BpreShuffle_256x256E,4277.62,1210.4,0.0
gfx950,256,21380,9216,4096,54,0,378.5706,_ZN5aiter42f4gemm_bf16_per1x32Fp4_BpreShuffle_256x256E,4263.76,1206.48,0.0
gfx950,256,21382,9216,4096,54,0,375.6117,_ZN5aiter42f4gemm_bf16_per1x32Fp4_BpreShuffle_256x256E,4297.75,1216.09,0.0
gfx950,256,21389,9216,4096,54,0,381.3315,_ZN5aiter42f4gemm_bf16_per1x32Fp4_BpreShuffle_256x256E,4234.68,1198.23,0.0
gfx950,256,21393,1280,4096,54,0,67.0938,_ZN5aiter42f4gemm_bf16_per1x32Fp4_BpreShuffle_256x256E,3343.41,1508.34,0.0
gfx950,256,21393,4096,1024,45,0,83.336,_ZN5aiter42f4gemm_bf16_per1x32Fp4_BpreShuffle_128x512E,2153.42,2259.55,0.0
gfx950,256,21395,9216,4096,54,0,384.5513,_ZN5aiter42f4gemm_bf16_per1x32Fp4_BpreShuffle_256x256E,4200.4,1188.51,0.0
gfx950,256,21408,4608,4096,54,0,201.5117,_ZN5aiter42f4gemm_bf16_per1x32Fp4_BpreShuffle_256x256E,4010.31,1243.49,0.0
gfx950,256,21428,9216,4096,54,0,382.5142,_ZN5aiter42f4gemm_bf16_per1x32Fp4_BpreShuffle_256x256E,4229.28,1196.61,0.0
gfx950,256,21429,9216,4096,54,0,375.9988,_ZN5aiter42f4gemm_bf16_per1x32Fp4_BpreShuffle_256x256E,4302.77,1217.4,0.0
gfx950,256,21435,4608,4096,54,0,202.4988,_ZN5aiter42f4gemm_bf16_per1x32Fp4_BpreShuffle_256x256E,3995.8,1238.93,0.0
gfx950,256,21440,4608,4096,54,0,202.3569,_ZN5aiter42f4gemm_bf16_per1x32Fp4_BpreShuffle_256x256E,3999.53,1240.07,0.0
gfx950,256,21443,2304,4096,54,0,110.8307,_ZN5aiter42f4gemm_bf16_per1x32Fp4_BpreShuffle_256x256E,3651.72,1330.35,0.0
gfx950,256,21443,4096,2048,54,0,120.1572,_ZN5aiter42f4gemm_bf16_per1x32Fp4_BpreShuffle_256x256E,2994.03,1679.57,0.0
gfx950,256,21445,9216,4096,54,0,379.7471,_ZN5aiter42f4gemm_bf16_per1x32Fp4_BpreShuffle_256x256E,4263.48,1206.24,0.0
gfx950,256,21454,9216,4096,54,0,379.9348,_ZN5aiter42f4gemm_bf16_per1x32Fp4_BpreShuffle_256x256E,4263.16,1206.13,0.0
gfx950,256,21473,2304,4096,54,0,111.0655,_ZN5aiter42f4gemm_bf16_per1x32Fp4_BpreShuffle_256x256E,3649.1,1329.33,0.0
gfx950,256,21473,4096,2048,54,0,120.0331,_ZN5aiter42f4gemm_bf16_per1x32Fp4_BpreShuffle_256x256E,3001.32,1683.61,0.0
gfx950,256,21480,9216,4096,54,0,380.0503,_ZN5aiter42f4gemm_bf16_per1x32Fp4_BpreShuffle_256x256E,4267.03,1207.17,0.0
gfx950,256,21482,4608,4096,45,0,202.164,_ZN5aiter42f4gemm_bf16_per1x32Fp4_BpreShuffle_128x512E,4011.19,1243.6,0.0
gfx950,256,21493,1280,4096,41,0,70.6506,_ZN5aiter41f4gemm_bf16_per1x32Fp4_BpreShuffle_96x640E,3189.93,1438.93,0.0
gfx950,256,21493,4096,1024,54,0,84.6412,_ZN5aiter42f4gemm_bf16_per1x32Fp4_BpreShuffle_256x256E,2130.13,2234.99,0.0
gfx950,256,21493,4608,4096,54,0,200.9469,_ZN5aiter42f4gemm_bf16_per1x32Fp4_BpreShuffle_256x256E,4037.55,1251.75,0.0
gfx950,256,21496,9216,4096,54,0,374.2834,_ZN5aiter42f4gemm_bf16_per1x32Fp4_BpreShuffle_256x256E,4336.0,1226.64,0.0
gfx950,256,21515,4608,4096,54,0,199.0848,_ZN5aiter42f4gemm_bf16_per1x32Fp4_BpreShuffle_256x256E,4079.49,1264.7,0.0
gfx950,256,21520,4608,4096,54,0,202.1218,_ZN5aiter42f4gemm_bf16_per1x32Fp4_BpreShuffle_256x256E,4019.13,1245.97,0.0
gfx950,256,21523,9216,4096,54,0,383.4742,_ZN5aiter42f4gemm_bf16_per1x32Fp4_BpreShuffle_256x256E,4237.4,1198.69,0.0
gfx950,256,21524,9216,4096,54,0,383.3071,_ZN5aiter42f4gemm_bf16_per1x32Fp4_BpreShuffle_256x256E,4239.44,1199.26,0.0
gfx950,256,21543,9216,4096,54,0,385.313,_ZN5aiter42f4gemm_bf16_per1x32Fp4_BpreShuffle_256x256E,4221.09,1194.03,0.0
gfx950,256,21544,2304,4096,54,0,109.5863,_ZN5aiter42f4gemm_bf16_per1x32Fp4_BpreShuffle_256x256E,3710.59,1351.59,0.0
gfx950,256,21544,4096,2048,45,0,118.5576,_ZN5aiter42f4gemm_bf16_per1x32Fp4_BpreShuffle_128x512E,3048.72,1710.09,0.0
gfx950,256,21545,4608,4096,54,0,200.5246,_ZN5aiter42f4gemm_bf16_per1x32Fp4_BpreShuffle_256x256E,4055.84,1257.3,0.0
gfx950,256,21553,9216,4096,54,0,383.6119,_ZN5aiter42f4gemm_bf16_per1x32Fp4_BpreShuffle_256x256E,4241.78,1199.86,0.0
gfx950,256,21563,9216,4096,54,0,382.4666,_ZN5aiter42f4gemm_bf16_per1x32Fp4_BpreShuffle_256x256E,4256.46,1203.99,0.0
gfx950,256,21573,9216,4096,54,0,383.6636,_ZN5aiter42f4gemm_bf16_per1x32Fp4_BpreShuffle_256x256E,4245.14,1200.76,0.0
gfx950,256,21574,9216,4096,54,0,381.702,_ZN5aiter42f4gemm_bf16_per1x32Fp4_BpreShuffle_256x256E,4267.16,1206.99,0.0
gfx950,256,21578,9216,4096,54,0,381.7426,_ZN5aiter42f4gemm_bf16_per1x32Fp4_BpreShuffle_256x256E,4267.49,1207.07,0.0
gfx950,256,21601,9216,4096,54,0,379.4152,_ZN5aiter42f4gemm_bf16_per1x32Fp4_BpreShuffle_256x256E,4298.25,1215.72,0.0
gfx950,256,21607,9216,4096,54,0,388.5669,_ZN5aiter42f4gemm_bf16_per1x32Fp4_BpreShuffle_256x256E,4198.18,1187.4,0.0
gfx950,256,21629,1280,4096,54,0,71.3158,_ZN5aiter42f4gemm_bf16_per1x32Fp4_BpreShuffle_256x256E,3180.17,1434.29,0.0
gfx950,256,21629,4096,1024,45,0,83.7983,_ZN5aiter42f4gemm_bf16_per1x32Fp4_BpreShuffle_128x512E,2165.17,2271.6,0.0
gfx950,256,21638,9216,4096,54,0,382.9606,_ZN5aiter42f4gemm_bf16_per1x32Fp4_BpreShuffle_256x256E,4265.75,1206.44,0.0
gfx950,256,21646,9216,4096,54,0,379.5382,_ZN5aiter42f4gemm_bf16_per1x32Fp4_BpreShuffle_256x256E,4305.81,1217.75,0.0
gfx950,256,21650,1280,4096,54,0,70.199,_ZN5aiter42f4gemm_bf16_per1x32Fp4_BpreShuffle_256x256E,3233.9,1458.49,0.0
gfx950,256,21650,4096,1024,45,0,83.8471,_ZN5aiter42f4gemm_bf16_per1x32Fp4_BpreShuffle_128x512E,2166.01,2272.45,0.0
gfx950,256,21651,4608,4096,54,0,202.0801,_ZN5aiter42f4gemm_bf16_per1x32Fp4_BpreShuffle_256x256E,4044.43,1253.53,0.0
gfx950,256,21653,4608,4096,54,0,198.8497,_ZN5aiter42f4gemm_bf16_per1x32Fp4_BpreShuffle_256x256E,4110.51,1274.01,0.0
gfx950,256,21677,9216,4096,54,0,385.5235,_ZN5aiter42f4gemm_bf16_per1x32Fp4_BpreShuffle_256x256E,4245.03,1200.5,0.0
gfx950,256,21684,9216,4096,54,0,382.7336,_ZN5aiter42f4gemm_bf16_per1x32Fp4_BpreShuffle_256x256E,4277.35,1209.62,0.0
gfx950,256,21692,4608,4096,54,0,199.9885,_ZN5aiter42f4gemm_bf16_per1x32Fp4_BpreShuffle_256x256E,4094.46,1268.95,0.0
gfx950,256,21694,9216,4096,54,0,387.5276,_ZN5aiter42f4gemm_bf16_per1x32Fp4_BpreShuffle_256x256E,4226.39,1195.19,0.0
gfx950,256,21695,4608,4096,54,0,199.4773,_ZN5aiter42f4gemm_bf16_per1x32Fp4_BpreShuffle_256x256E,4105.52,1272.37,0.0
gfx950,256,21700,2304,4096,54,0,112.8829,_ZN5aiter42f4gemm_bf16_per1x32Fp4_BpreShuffle_256x256E,3628.31,1321.31,0.0
gfx950,256,21700,4096,2048,45,0,121.618,_ZN5aiter42f4gemm_bf16_per1x32Fp4_BpreShuffle_128x512E,2993.52,1678.88,0.0
gfx950,256,21720,1280,4096,54,0,71.2518,_ZN5aiter42f4gemm_bf16_per1x32Fp4_BpreShuffle_256x256E,3196.42,1441.47,0.0
gfx950,256,21720,4096,1024,45,0,84.2228,_ZN5aiter42f4gemm_bf16_per1x32Fp4_BpreShuffle_128x512E,2163.32,2269.55,0.0
gfx950,256,21725,1280,4096,54,0,69.8298,_ZN5aiter42f4gemm_bf16_per1x32Fp4_BpreShuffle_256x256E,3262.26,1471.15,0.0
gfx950,256,21725,4096,1024,54,0,84.5113,_ZN5aiter42f4gemm_bf16_per1x32Fp4_BpreShuffle_256x256E,2156.43,2262.32,0.0
gfx950,256,21739,2304,4096,54,0,116.8976,_ZN5aiter42f4gemm_bf16_per1x32Fp4_BpreShuffle_256x256E,3509.99,1278.16,0.0
gfx950,256,21739,4096,2048,45,0,119.7396,_ZN5aiter42f4gemm_bf16_per1x32Fp4_BpreShuffle_128x512E,3045.94,1708.21,0.0
gfx950,256,21743,2304,4096,54,0,113.0807,_ZN5aiter42f4gemm_bf16_per1x32Fp4_BpreShuffle_256x256E,3629.14,1321.53,0.0
gfx950,256,21743,4096,2048,54,0,119.8287,_ZN5aiter42f4gemm_bf16_per1x32Fp4_BpreShuffle_256x256E,3044.24,1707.25,0.0
gfx950,256,21748,9216,4096,54,0,383.5222,_ZN5aiter42f4gemm_bf16_per1x32Fp4_BpreShuffle_256x256E,4281.16,1210.55,0.0
gfx950,256,21749,2304,4096,54,0,115.9535,_ZN5aiter42f4gemm_bf16_per1x32Fp4_BpreShuffle_256x256E,3540.2,1289.14,0.0
gfx950,256,21749,4096,2048,45,0,118.4404,_ZN5aiter42f4gemm_bf16_per1x32Fp4_BpreShuffle_128x512E,3080.77,1727.73,0.0
gfx950,256,21753,9216,4096,54,0,385.1075,_ZN5aiter42f4gemm_bf16_per1x32Fp4_BpreShuffle_256x256E,4264.51,1205.83,0.0
gfx950,256,21762,4608,4096,52,0,217.9885,_ZN5aiter42f4gemm_bf16_per1x32Fp4_BpreShuffle_224x256E,3768.49,1167.79,0.0
gfx950,256,21768,4608,4096,54,0,208.7954,_ZN5aiter42f4gemm_bf16_per1x32Fp4_BpreShuffle_256x256E,3935.5,1219.53,0.0
gfx950,256,21771,9216,4096,54,0,394.5842,_ZN5aiter42f4gemm_bf16_per1x32Fp4_BpreShuffle_256x256E,4165.54,1177.81,0.0
gfx950,256,21776,2304,4096,54,0,120.8639,_ZN5aiter42f4gemm_bf16_per1x32Fp4_BpreShuffle_256x256E,3400.59,1238.25,0.0
gfx950,256,21776,4096,2048,54,0,120.9784,_ZN5aiter42f4gemm_bf16_per1x32Fp4_BpreShuffle_256x256E,3019.88,1693.54,0.0
gfx950,256,21779,4608,4096,54,0,212.6936,_ZN5aiter42f4gemm_bf16_per1x32Fp4_BpreShuffle_256x256E,3865.32,1197.76,0.0
gfx950,256,21780,9216,4096,54,0,395.2159,_ZN5aiter42f4gemm_bf16_per1x32Fp4_BpreShuffle_256x256E,4160.6,1176.39,0.0
gfx950,256,21784,9216,4096,54,0,394.5827,_ZN5aiter42f4gemm_bf16_per1x32Fp4_BpreShuffle_256x256E,4168.04,1178.49,0.0
gfx950,256,21785,4608,4096,54,0,211.3027,_ZN5aiter42f4gemm_bf16_per1x32Fp4_BpreShuffle_256x256E,3891.84,1205.96,0.0
gfx950,256,21788,4608,4096,54,0,212.1763,_ZN5aiter42f4gemm_bf16_per1x32Fp4_BpreShuffle_256x256E,3876.35,1201.16,0.0
gfx950,256,21795,2304,4096,54,0,121.0413,_ZN5aiter42f4gemm_bf16_per1x32Fp4_BpreShuffle_256x256E,3398.57,1237.48,0.0
gfx950,256,21795,4096,2048,45,0,118.9596,_ZN5aiter42f4gemm_bf16_per1x32Fp4_BpreShuffle_128x512E,3073.81,1723.75,0.0
gfx950,256,21799,1280,4096,41,0,70.5282,_ZN5aiter41f4gemm_bf16_per1x32Fp4_BpreShuffle_96x640E,3240.96,1461.42,0.0
gfx950,256,21799,4096,1024,54,0,84.5312,_ZN5aiter42f4gemm_bf16_per1x32Fp4_BpreShuffle_256x256E,2163.26,2269.41,0.0
gfx950,256,21799,9216,4096,54,0,401.4076,_ZN5aiter42f4gemm_bf16_per1x32Fp4_BpreShuffle_256x256E,4100.0,1159.22,0.0
gfx950,256,21806,9216,4096,54,0,391.6901,_ZN5aiter42f4gemm_bf16_per1x32Fp4_BpreShuffle_256x256E,4203.06,1188.34,0.0
gfx950,256,21808,9216,4096,54,0,390.1386,_ZN5aiter42f4gemm_bf16_per1x32Fp4_BpreShuffle_256x256E,4220.16,1193.17,0.0
gfx950,256,21812,4608,4096,54,0,208.6456,_ZN5aiter42f4gemm_bf16_per1x32Fp4_BpreShuffle_256x256E,3946.29,1222.78,0.0
gfx950,256,21813,9216,4096,54,0,394.2993,_ZN5aiter42f4gemm_bf16_per1x32Fp4_BpreShuffle_256x256E,4176.59,1180.84,0.0
gfx950,256,21814,2304,4096,54,0,121.8593,_ZN5aiter42f4gemm_bf16_per1x32Fp4_BpreShuffle_256x256E,3378.7,1230.21,0.0
gfx950,256,21814,4096,2048,54,0,120.4049,_ZN5aiter42f4gemm_bf16_per1x32Fp4_BpreShuffle_256x256E,3039.56,1704.52,0.0
gfx950,256,21818,1280,4096,54,0,71.345,_ZN5aiter42f4gemm_bf16_per1x32Fp4_BpreShuffle_256x256E,3206.65,1445.91,0.0
gfx950,256,21818,4096,1024,45,0,84.1901,_ZN5aiter42f4gemm_bf16_per1x32Fp4_BpreShuffle_128x512E,2173.92,2280.57,0.0
gfx950,256,21820,9216,4096,54,0,392.4908,_ZN5aiter42f4gemm_bf16_per1x32Fp4_BpreShuffle_256x256E,4197.18,1186.65,0.0
gfx950,256,21841,2304,4096,54,0,123.9002,_ZN5aiter42f4gemm_bf16_per1x32Fp4_BpreShuffle_256x256E,3327.15,1211.4,0.0
gfx950,256,21841,4096,2048,54,0,120.4537,_ZN5aiter42f4gemm_bf16_per1x32Fp4_BpreShuffle_256x256E,3042.09,1705.89,0.0
gfx950,256,21852,4608,4096,54,0,213.365,_ZN5aiter42f4gemm_bf16_per1x32Fp4_BpreShuffle_256x256E,3866.08,1197.84,0.0
gfx950,256,21862,1280,4096,52,0,68.355,_ZN5aiter42f4gemm_bf16_per1x32Fp4_BpreShuffle_224x256E,3353.66,1512.13,0.0
gfx950,256,21862,4096,1024,54,0,84.1748,_ZN5aiter42f4gemm_bf16_per1x32Fp4_BpreShuffle_256x256E,2178.7,2285.53,0.0
gfx950,256,21864,9216,4096,54,0,395.744,_ZN5aiter42f4gemm_bf16_per1x32Fp4_BpreShuffle_256x256E,4171.07,1179.17,0.0
gfx950,256,21865,4608,4096,54,0,215.1328,_ZN5aiter42f4gemm_bf16_per1x32Fp4_BpreShuffle_256x256E,3836.59,1188.68,0.0
gfx950,256,21875,1280,4096,54,0,71.0258,_ZN5aiter42f4gemm_bf16_per1x32Fp4_BpreShuffle_256x256E,3229.47,1456.11,0.0
gfx950,256,21875,4096,1024,54,0,84.4974,_ZN5aiter42f4gemm_bf16_per1x32Fp4_BpreShuffle_256x256E,2171.67,2278.14,0.0
gfx950,256,21878,4608,4096,54,0,212.0051,_ZN5aiter42f4gemm_bf16_per1x32Fp4_BpreShuffle_256x256E,3895.5,1206.91,0.0
gfx950,256,21880,4608,4096,54,0,214.0665,_ZN5aiter42f4gemm_bf16_per1x32Fp4_BpreShuffle_256x256E,3858.34,1195.39,0.0
gfx950,256,21881,4608,4096,54,0,207.4314,_ZN5aiter42f4gemm_bf16_per1x32Fp4_BpreShuffle_256x256E,3981.94,1233.68,0.0
gfx950,256,21885,2304,4096,54,0,126.1708,_ZN5aiter42f4gemm_bf16_per1x32Fp4_BpreShuffle_256x256E,3273.86,1191.92,0.0
gfx950,256,21885,4096,2048,54,0,120.188,_ZN5aiter42f4gemm_bf16_per1x32Fp4_BpreShuffle_256x256E,3054.96,1713.04,0.0
gfx950,256,21888,4608,4096,54,0,213.3395,_ZN5aiter42f4gemm_bf16_per1x32Fp4_BpreShuffle_256x256E,3872.91,1199.89,0.0
gfx950,256,21900,9216,4096,54,0,398.0968,_ZN5aiter42f4gemm_bf16_per1x32Fp4_BpreShuffle_256x256E,4153.25,1174.05,0.0
gfx950,256,21915,9216,4096,54,0,393.4721,_ZN5aiter42f4gemm_bf16_per1x32Fp4_BpreShuffle_256x256E,4204.94,1188.63,0.0
gfx950,256,21929,4608,4096,54,0,210.0559,_ZN5aiter42f4gemm_bf16_per1x32Fp4_BpreShuffle_256x256E,3940.82,1220.84,0.0
gfx950,256,21948,2304,4096,41,0,128.373,_ZN5aiter41f4gemm_bf16_per1x32Fp4_BpreShuffle_96x640E,3226.96,1174.74,0.0
gfx950,256,21948,4096,2048,54,0,121.6028,_ZN5aiter42f4gemm_bf16_per1x32Fp4_BpreShuffle_256x256E,3028.11,1697.88,0.0
gfx950,256,21952,1280,4096,52,0,69.7202,_ZN5aiter42f4gemm_bf16_per1x32Fp4_BpreShuffle_224x256E,3301.53,1488.47,0.0
gfx950,256,21952,4096,1024,54,0,85.6688,_ZN5aiter42f4gemm_bf16_per1x32Fp4_BpreShuffle_256x256E,2149.52,2254.82,0.0
gfx950,256,21956,9216,4096,54,0,400.476,_ZN5aiter42f4gemm_bf16_per1x32Fp4_BpreShuffle_256x256E,4139.13,1169.94,0.0
gfx950,256,21957,4608,4096,54,0,212.2635,_ZN5aiter42f4gemm_bf16_per1x32Fp4_BpreShuffle_256x256E,3904.81,1209.63,0.0
gfx950,256,21965,4608,4096,54,0,212.3883,_ZN5aiter42f4gemm_bf16_per1x32Fp4_BpreShuffle_256x256E,3903.94,1209.35,0.0
gfx950,256,21970,9216,4096,54,0,392.2786,_ZN5aiter42f4gemm_bf16_per1x32Fp4_BpreShuffle_256x256E,4228.32,1195.12,0.0
gfx950,256,21971,2304,4096,54,0,125.7385,_ZN5aiter42f4gemm_bf16_per1x32Fp4_BpreShuffle_256x256E,3298.03,1200.57,0.0
gfx950,256,21971,4096,2048,54,0,121.7012,_ZN5aiter42f4gemm_bf16_per1x32Fp4_BpreShuffle_256x256E,3028.83,1698.25,0.0
gfx950,256,21975,4608,4096,54,0,212.7791,_ZN5aiter42f4gemm_bf16_per1x32Fp4_BpreShuffle_256x256E,3898.54,1207.65,0.0
gfx950,256,21980,4608,4096,54,0,215.5959,_ZN5aiter42f4gemm_bf16_per1x32Fp4_BpreShuffle_256x256E,3848.48,1192.14,0.0
gfx950,256,21982,4608,4096,54,0,212.19,_ZN5aiter42f4gemm_bf16_per1x32Fp4_BpreShuffle_256x256E,3910.61,1211.38,0.0
gfx950,256,21982,9216,4096,54,0,394.1179,_ZN5aiter42f4gemm_bf16_per1x32Fp4_BpreShuffle_256x256E,4210.89,1190.17,0.0
gfx950,256,21994,9216,4096,54,0,395.7107,_ZN5aiter42f4gemm_bf16_per1x32Fp4_BpreShuffle_256x256E,4196.23,1186.0,0.0
gfx950,256,22000,2304,4096,54,0,126.1057,_ZN5aiter42f4gemm_bf16_per1x32Fp4_BpreShuffle_256x256E,3292.76,1198.6,0.0
gfx950,256,22000,4096,2048,45,0,119.8732,_ZN5aiter42f4gemm_bf16_per1x32Fp4_BpreShuffle_128x512E,3079.08,1726.38,0.0
gfx950,256,22006,9216,4096,54,0,397.7279,_ZN5aiter42f4gemm_bf16_per1x32Fp4_BpreShuffle_256x256E,4177.22,1180.6,0.0
gfx950,256,22016,9216,4096,54,0,391.5752,_ZN5aiter42f4gemm_bf16_per1x32Fp4_BpreShuffle_256x256E,4244.78,1199.67,0.0
gfx950,256,22017,9216,4096,54,0,397.0524,_ZN5aiter42f4gemm_bf16_per1x32Fp4_BpreShuffle_256x256E,4186.42,1183.18,0.0
gfx950,256,22021,1280,4096,54,0,69.1338,_ZN5aiter42f4gemm_bf16_per1x32Fp4_BpreShuffle_256x256E,3340.0,1505.69,0.0
gfx950,256,22021,4096,1024,54,0,86.2948,_ZN5aiter42f4gemm_bf16_per1x32Fp4_BpreShuffle_256x256E,2140.63,2245.42,0.0
gfx950,256,22025,9216,4096,54,0,395.272,_ZN5aiter42f4gemm_bf16_per1x32Fp4_BpreShuffle_256x256E,4206.8,1188.92,0.0
gfx950,256,22035,1280,4096,54,0,67.1162,_ZN5aiter42f4gemm_bf16_per1x32Fp4_BpreShuffle_256x256E,3442.59,1551.92,0.0
gfx950,256,22035,4096,1024,54,0,85.6988,_ZN5aiter42f4gemm_bf16_per1x32Fp4_BpreShuffle_256x256E,2156.89,2262.46,0.0
gfx950,256,22037,4608,4096,54,0,208.4778,_ZN5aiter42f4gemm_bf16_per1x32Fp4_BpreShuffle_256x256E,3990.2,1235.92,0.0
gfx950,256,22039,4608,4096,54,0,214.6443,_ZN5aiter42f4gemm_bf16_per1x32Fp4_BpreShuffle_256x256E,3875.92,1200.52,0.0
gfx950,256,22040,4608,4096,54,0,216.6442,_ZN5aiter42f4gemm_bf16_per1x32Fp4_BpreShuffle_256x256E,3840.32,1189.49,0.0
gfx950,256,22045,9216,4096,54,0,396.5167,_ZN5aiter42f4gemm_bf16_per1x32Fp4_BpreShuffle_256x256E,4197.41,1186.22,0.0
gfx950,256,22062,9216,4096,54,0,390.8819,_ZN5aiter42f4gemm_bf16_per1x32Fp4_BpreShuffle_256x256E,4261.2,1204.21,0.0
gfx950,256,22072,4608,4096,54,0,210.6878,_ZN5aiter42f4gemm_bf16_per1x32Fp4_BpreShuffle_256x256E,3954.62,1224.83,0.0
gfx950,256,22086,2304,4096,54,0,121.712,_ZN5aiter42f4gemm_bf16_per1x32Fp4_BpreShuffle_256x256E,3424.96,1246.57,0.0
gfx950,256,22086,4096,2048,45,0,122.1544,_ZN5aiter42f4gemm_bf16_per1x32Fp4_BpreShuffle_128x512E,3033.39,1700.63,0.0
gfx950,256,22092,9216,4096,54,0,390.9175,_ZN5aiter42f4gemm_bf16_per1x32Fp4_BpreShuffle_256x256E,4266.6,1205.67,0.0
gfx950,256,22101,9216,4096,54,0,395.514,_ZN5aiter42f4gemm_bf16_per1x32Fp4_BpreShuffle_256x256E,4218.74,1192.13,0.0
gfx950,256,22103,1280,4096,54,0,70.0666,_ZN5aiter42f4gemm_bf16_per1x32Fp4_BpreShuffle_256x256E,3307.81,1491.04,0.0
gfx950,256,22103,4096,1024,54,0,86.2307,_ZN5aiter42f4gemm_bf16_per1x32Fp4_BpreShuffle_256x256E,2150.2,2255.36,0.0
gfx950,256,22104,9216,4096,54,0,398.7192,_ZN5aiter42f4gemm_bf16_per1x32Fp4_BpreShuffle_256x256E,4185.39,1182.7,0.0
gfx950,256,22124,4608,4096,54,0,216.2971,_ZN5aiter42f4gemm_bf16_per1x32Fp4_BpreShuffle_256x256E,3861.14,1195.77,0.0
gfx950,256,22124,9216,4096,54,0,393.4583,_ZN5aiter42f4gemm_bf16_per1x32Fp4_BpreShuffle_256x256E,4245.19,1199.55,0.0
gfx950,256,22132,4608,4096,54,0,218.1789,_ZN5aiter42f4gemm_bf16_per1x32Fp4_BpreShuffle_256x256E,3829.22,1185.87,0.0
gfx950,256,22139,2304,4096,54,0,124.6537,_ZN5aiter42f4gemm_bf16_per1x32Fp4_BpreShuffle_256x256E,3352.16,1219.99,0.0
gfx950,256,22139,4096,2048,45,0,122.2498,_ZN5aiter42f4gemm_bf16_per1x32Fp4_BpreShuffle_128x512E,3038.29,1703.29,0.0
gfx950,256,22139,9216,4096,54,0,403.7865,_ZN5aiter42f4gemm_bf16_per1x32Fp4_BpreShuffle_256x256E,4139.41,1169.63,0.0
gfx950,256,22147,9216,4096,54,0,395.9713,_ZN5aiter42f4gemm_bf16_per1x32Fp4_BpreShuffle_256x256E,4222.64,1193.13,0.0
gfx950,256,22151,9216,4096,54,0,397.5842,_ZN5aiter42f4gemm_bf16_per1x32Fp4_BpreShuffle_256x256E,4206.26,1188.5,0.0
gfx950,256,22158,9216,4096,54,0,396.7936,_ZN5aiter42f4gemm_bf16_per1x32Fp4_BpreShuffle_256x256E,4215.98,1191.22,0.0
gfx950,256,22162,1280,4096,54,0,68.5038,_ZN5aiter42f4gemm_bf16_per1x32Fp4_BpreShuffle_256x256E,3392.3,1529.02,0.0
gfx950,256,22162,4096,1024,54,0,85.061,_ZN5aiter42f4gemm_bf16_per1x32Fp4_BpreShuffle_256x256E,2185.59,2292.42,0.0
gfx950,256,22173,4608,4096,54,0,215.271,_ZN5aiter42f4gemm_bf16_per1x32Fp4_BpreShuffle_256x256E,3888.14,1204.04,0.0
gfx950,256,22178,9216,4096,54,0,399.1473,_ZN5aiter42f4gemm_bf16_per1x32Fp4_BpreShuffle_256x256E,4194.9,1185.23,0.0
gfx950,256,22182,9216,4096,54,0,397.7108,_ZN5aiter42f4gemm_bf16_per1x32Fp4_BpreShuffle_256x256E,4210.81,1189.71,0.0
gfx950,256,22188,4608,4096,54,0,210.7278,_ZN5aiter42f4gemm_bf16_per1x32Fp4_BpreShuffle_256x256E,3974.65,1230.8,0.0
gfx950,256,22192,9216,4096,54,0,402.767,_ZN5aiter42f4gemm_bf16_per1x32Fp4_BpreShuffle_256x256E,4159.82,1175.29,0.0
gfx950,256,22202,9216,4096,54,0,398.9532,_ZN5aiter42f4gemm_bf16_per1x32Fp4_BpreShuffle_256x256E,4201.48,1187.03,0.0
gfx950,256,22206,1280,4096,54,0,71.6978,_ZN5aiter42f4gemm_bf16_per1x32Fp4_BpreShuffle_256x256E,3247.61,1463.74,0.0
gfx950,256,22206,4096,1024,54,0,86.1984,_ZN5aiter42f4gemm_bf16_per1x32Fp4_BpreShuffle_256x256E,2161.03,2266.61,0.0
gfx950,256,22206,4608,4096,54,0,212.8907,_ZN5aiter42f4gemm_bf16_per1x32Fp4_BpreShuffle_256x256E,3937.46,1219.24,0.0
gfx950,256,22219,9216,4096,54,0,395.9884,_ZN5aiter42f4gemm_bf16_per1x32Fp4_BpreShuffle_256x256E,4236.18,1196.8,0.0
gfx950,256,22230,2304,4096,54,0,124.6813,_ZN5aiter42f4gemm_bf16_per1x32Fp4_BpreShuffle_256x256E,3365.2,1224.57,0.0
gfx950,256,22230,4096,2048,54,0,122.2935,_ZN5aiter42f4gemm_bf16_per1x32Fp4_BpreShuffle_256x256E,3049.69,1709.54,0.0
gfx950,256,22235,2304,4096,54,0,125.1993,_ZN5aiter42f4gemm_bf16_per1x32Fp4_BpreShuffle_256x256E,3352.03,1219.77,0.0
gfx950,256,22235,4096,2048,54,0,121.8453,_ZN5aiter42f4gemm_bf16_per1x32Fp4_BpreShuffle_256x256E,3061.6,1716.21,0.0
gfx950,256,22241,9216,4096,54,0,395.4161,_ZN5aiter42f4gemm_bf16_per1x32Fp4_BpreShuffle_256x256E,4246.51,1199.67,0.0
gfx950,256,22242,2304,4096,54,0,125.7027,_ZN5aiter42f4gemm_bf16_per1x32Fp4_BpreShuffle_256x256E,3339.66,1215.26,0.0
gfx950,256,22242,4096,2048,45,0,122.0861,_ZN5aiter42f4gemm_bf16_per1x32Fp4_BpreShuffle_128x512E,3056.52,1713.35,0.0
gfx950,256,22245,2304,4096,54,0,126.44,_ZN5aiter42f4gemm_bf16_per1x32Fp4_BpreShuffle_256x256E,3320.63,1208.33,0.0
gfx950,256,22245,4096,2048,45,0,122.7236,_ZN5aiter42f4gemm_bf16_per1x32Fp4_BpreShuffle_128x512E,3041.05,1704.68,0.0
gfx950,256,22245,9216,4096,54,0,403.3941,_ZN5aiter42f4gemm_bf16_per1x32Fp4_BpreShuffle_256x256E,4163.28,1176.15,0.0
gfx950,256,22246,2304,4096,54,0,125.54,_ZN5aiter42f4gemm_bf16_per1x32Fp4_BpreShuffle_256x256E,3344.58,1217.05,0.0
gfx950,256,22246,4096,2048,45,0,121.6489,_ZN5aiter42f4gemm_bf16_per1x32Fp4_BpreShuffle_128x512E,3068.06,1719.81,0.0
gfx950,256,22247,9216,4096,54,0,396.5612,_ZN5aiter42f4gemm_bf16_per1x32Fp4_BpreShuffle_256x256E,4235.39,1196.52,0.0
gfx950,256,22250,1280,4096,54,0,71.6638,_ZN5aiter42f4gemm_bf16_per1x32Fp4_BpreShuffle_256x256E,3255.59,1467.26,0.0
gfx950,256,22250,4096,1024,54,0,84.9073,_ZN5aiter42f4gemm_bf16_per1x32Fp4_BpreShuffle_256x256E,2198.24,2305.59,0.0
gfx950,256,22250,9216,4096,54,0,397.2675,_ZN5aiter42f4gemm_bf16_per1x32Fp4_BpreShuffle_256x256E,4228.43,1194.55,0.0
gfx950,256,22256,9216,4096,54,0,397.4137,_ZN5aiter42f4gemm_bf16_per1x32Fp4_BpreShuffle_256x256E,4228.02,1194.42,0.0
gfx950,256,22261,4608,4096,54,0,215.2064,_ZN5aiter42f4gemm_bf16_per1x32Fp4_BpreShuffle_256x256E,3904.74,1209.0,0.0
gfx950,256,22262,9216,4096,54,0,406.1041,_ZN5aiter42f4gemm_bf16_per1x32Fp4_BpreShuffle_256x256E,4138.65,1169.16,0.0
gfx950,256,22265,9216,4096,54,0,399.1939,_ZN5aiter42f4gemm_bf16_per1x32Fp4_BpreShuffle_256x256E,4210.86,1189.55,0.0
gfx950,256,22278,2304,4096,52,0,126.5769,_ZN5aiter42f4gemm_bf16_per1x32Fp4_BpreShuffle_224x256E,3321.96,1208.76,0.0
gfx950,256,22278,4096,2048,54,0,121.1344,_ZN5aiter42f4gemm_bf16_per1x32Fp4_BpreShuffle_256x256E,3085.52,1729.55,0.0
gfx950,256,22278,9216,4096,54,0,400.56,_ZN5aiter42f4gemm_bf16_per1x32Fp4_BpreShuffle_256x256E,4198.95,1186.16,0.0
gfx950,256,22280,9216,4096,54,0,402.9717,_ZN5aiter42f4gemm_bf16_per1x32Fp4_BpreShuffle_256x256E,4174.2,1179.16,0.0
gfx950,256,22297,2304,4096,54,0,127.1835,_ZN5aiter42f4gemm_bf16_per1x32Fp4_BpreShuffle_256x256E,3308.93,1203.99,0.0
gfx950,256,22297,4096,2048,54,0,122.802,_ZN5aiter42f4gemm_bf16_per1x32Fp4_BpreShuffle_256x256E,3046.22,1707.49,0.0
gfx950,256,22297,4608,4096,54,0,220.9644,_ZN5aiter42f4gemm_bf16_per1x32Fp4_BpreShuffle_256x256E,3809.14,1179.33,0.0
gfx950,256,22298,4608,4096,54,0,218.3923,_ZN5aiter42f4gemm_bf16_per1x32Fp4_BpreShuffle_256x256E,3854.17,1193.27,0.0
gfx950,256,22299,4608,4096,54,0,217.0528,_ZN5aiter42f4gemm_bf16_per1x32Fp4_BpreShuffle_256x256E,3878.13,1200.69,0.0
gfx950,256,22304,1280,4096,54,0,71.3358,_ZN5aiter42f4gemm_bf16_per1x32Fp4_BpreShuffle_256x256E,3278.5,1477.49,0.0
gfx950,256,22304,4096,1024,45,0,85.8073,_ZN5aiter42f4gemm_bf16_per1x32Fp4_BpreShuffle_128x512E,2180.46,2286.88,0.0
gfx950,256,22310,1280,4096,52,0,73.7663,_ZN5aiter42f4gemm_bf16_per1x32Fp4_BpreShuffle_224x256E,3171.33,1429.19,0.0
gfx950,256,22310,4096,1024,45,0,85.6788,_ZN5aiter42f4gemm_bf16_per1x32Fp4_BpreShuffle_128x512E,2184.32,2290.92,0.0
gfx950,256,22317,4608,4096,54,0,220.0076,_ZN5aiter42f4gemm_bf16_per1x32Fp4_BpreShuffle_256x256E,3829.13,1185.49,0.0
gfx950,256,22318,4608,4096,54,0,215.65,_ZN5aiter42f4gemm_bf16_per1x32Fp4_BpreShuffle_256x256E,3906.68,1209.49,0.0
gfx950,256,22321,2304,4096,54,0,127.8321,_ZN5aiter42f4gemm_bf16_per1x32Fp4_BpreShuffle_256x256E,3295.69,1199.13,0.0
gfx950,256,22321,4096,2048,54,0,121.024,_ZN5aiter42f4gemm_bf16_per1x32Fp4_BpreShuffle_256x256E,3094.3,1734.41,0.0
gfx950,256,22321,9216,4096,54,0,401.1292,_ZN5aiter42f4gemm_bf16_per1x32Fp4_BpreShuffle_256x256E,4201.09,1186.67,0.0
gfx950,256,22322,9216,4096,54,0,397.6318,_ZN5aiter42f4gemm_bf16_per1x32Fp4_BpreShuffle_256x256E,4238.23,1197.16,0.0
gfx950,256,22327,4608,4096,54,0,218.0343,_ZN5aiter42f4gemm_bf16_per1x32Fp4_BpreShuffle_256x256E,3865.52,1196.73,0.0
gfx950,256,22339,4608,4096,54,0,214.5535,_ZN5aiter42f4gemm_bf16_per1x32Fp4_BpreShuffle_256x256E,3930.34,1216.78,0.0
gfx950,256,22343,9216,4096,54,0,397.364,_ZN5aiter42f4gemm_bf16_per1x32Fp4_BpreShuffle_256x256E,4245.08,1199.05,0.0
gfx950,256,22356,4608,4096,54,0,217.4286,_ZN5aiter42f4gemm_bf16_per1x32Fp4_BpreShuffle_256x256E,3881.32,1201.57,0.0
gfx950,256,22356,9216,4096,54,0,398.8428,_ZN5aiter42f4gemm_bf16_per1x32Fp4_BpreShuffle_256x256E,4231.8,1195.27,0.0
gfx950,256,22360,1280,4096,54,0,73.6927,_ZN5aiter42f4gemm_bf16_per1x32Fp4_BpreShuffle_256x256E,3181.61,1433.74,0.0
gfx950,256,22360,4096,1024,54,0,85.6677,_ZN5aiter42f4gemm_bf16_per1x32Fp4_BpreShuffle_256x256E,2189.5,2296.3,0.0
gfx950,256,22369,9216,4096,54,0,406.7477,_ZN5aiter42f4gemm_bf16_per1x32Fp4_BpreShuffle_256x256E,4151.97,1172.7,0.0
gfx950,256,22370,9216,4096,54,0,394.3152,_ZN5aiter42f4gemm_bf16_per1x32Fp4_BpreShuffle_256x256E,4283.07,1209.72,0.0
gfx950,256,22373,9216,4096,54,0,403.2632,_ZN5aiter42f4gemm_bf16_per1x32Fp4_BpreShuffle_256x256E,4188.59,1183.03,0.0
gfx950,256,22375,1280,4096,54,0,69.4714,_ZN5aiter42f4gemm_bf16_per1x32Fp4_BpreShuffle_256x256E,3377.2,1521.86,0.0
gfx950,256,22375,4096,1024,36,0,86.8651,_ZN5aiter42f4gemm_bf16_per1x32Fp4_BpreShuffle_64x1024E,2160.77,2266.15,0.0
gfx950,256,22378,1280,4096,54,0,71.2878,_ZN5aiter42f4gemm_bf16_per1x32Fp4_BpreShuffle_256x256E,3291.59,1483.27,0.0
gfx950,256,22378,4096,1024,45,0,86.3465,_ZN5aiter42f4gemm_bf16_per1x32Fp4_BpreShuffle_128x512E,2174.03,2280.06,0.0
gfx950,256,22389,9216,4096,54,0,396.016,_ZN5aiter42f4gemm_bf16_per1x32Fp4_BpreShuffle_256x256E,4268.29,1205.51,0.0
gfx950,256,22392,2304,4096,54,0,125.2091,_ZN5aiter42f4gemm_bf16_per1x32Fp4_BpreShuffle_256x256E,3375.43,1228.02,0.0
gfx950,256,22392,4096,2048,54,0,121.918,_ZN5aiter42f4gemm_bf16_per1x32Fp4_BpreShuffle_256x256E,3081.38,1727.05,0.0
gfx950,256,22399,9216,4096,54,0,393.2459,_ZN5aiter42f4gemm_bf16_per1x32Fp4_BpreShuffle_256x256E,4300.28,1214.52,0.0
gfx950,256,22406,9216,4096,54,0,399.3144,_ZN5aiter42f4gemm_bf16_per1x32Fp4_BpreShuffle_256x256E,4236.25,1196.42,0.0
gfx950,256,22410,9216,4096,54,0,397.6636,_ZN5aiter42f4gemm_bf16_per1x32Fp4_BpreShuffle_256x256E,4254.6,1201.6,0.0
gfx950,256,22417,2304,4096,54,0,128.754,_ZN5aiter42f4gemm_bf16_per1x32Fp4_BpreShuffle_256x256E,3286.16,1195.51,0.0
gfx950,256,22417,4096,2048,54,0,121.9374,_ZN5aiter42f4gemm_bf16_per1x32Fp4_BpreShuffle_256x256E,3084.33,1728.67,0.0
gfx950,256,22432,9216,4096,54,0,404.7524,_ZN5aiter42f4gemm_bf16_per1x32Fp4_BpreShuffle_256x256E,4184.19,1181.66,0.0
gfx950,256,22433,9216,4096,54,0,392.3294,_ZN5aiter42f4gemm_bf16_per1x32Fp4_BpreShuffle_256x256E,4316.87,1219.13,0.0
gfx950,256,22439,2304,4096,54,0,126.8681,_ZN5aiter42f4gemm_bf16_per1x32Fp4_BpreShuffle_256x256E,3338.29,1214.43,0.0
gfx950,256,22439,4096,2048,45,0,123.7825,_ZN5aiter42f4gemm_bf16_per1x32Fp4_BpreShuffle_128x512E,3041.33,1704.54,0.0
gfx950,256,22441,1280,4096,54,0,67.0114,_ZN5aiter42f4gemm_bf16_per1x32Fp4_BpreShuffle_256x256E,3511.51,1582.26,0.0
gfx950,256,22441,4096,1024,36,0,86.2705,_ZN5aiter42f4gemm_bf16_per1x32Fp4_BpreShuffle_64x1024E,2182.08,2288.43,0.0
gfx950,256,22450,1280,4096,54,0,69.549,_ZN5aiter42f4gemm_bf16_per1x32Fp4_BpreShuffle_256x256E,3384.74,1525.13,0.0
gfx950,256,22450,4096,1024,45,0,86.7479,_ZN5aiter42f4gemm_bf16_per1x32Fp4_BpreShuffle_128x512E,2170.94,2276.73,0.0
gfx950,256,22456,9216,4096,54,0,404.7289,_ZN5aiter42f4gemm_bf16_per1x32Fp4_BpreShuffle_256x256E,4188.91,1182.95,0.0
gfx950,256,22457,4608,4096,54,0,219.6381,_ZN5aiter42f4gemm_bf16_per1x32Fp4_BpreShuffle_256x256E,3859.64,1194.66,0.0
gfx950,256,22457,9216,4096,54,0,398.9761,_ZN5aiter42f4gemm_bf16_per1x32Fp4_BpreShuffle_256x256E,4249.49,1200.06,0.0
gfx950,256,22458,9216,4096,54,0,404.1687,_ZN5aiter42f4gemm_bf16_per1x32Fp4_BpreShuffle_256x256E,4195.09,1184.69,0.0
gfx950,256,22464,9216,4096,54,0,399.7874,_ZN5aiter42f4gemm_bf16_per1x32Fp4_BpreShuffle_256x256E,4242.19,1197.98,0.0
gfx950,256,22478,9216,4096,54,0,404.7759,_ZN5aiter42f4gemm_bf16_per1x32Fp4_BpreShuffle_256x256E,4192.52,1183.92,0.0
gfx950,256,22479,4608,4096,54,0,217.8705,_ZN5aiter42f4gemm_bf16_per1x32Fp4_BpreShuffle_256x256E,3894.76,1205.49,0.0
gfx950,256,22485,2304,4096,54,0,128.7737,_ZN5aiter42f4gemm_bf16_per1x32Fp4_BpreShuffle_256x256E,3295.63,1198.84,0.0
gfx950,256,22485,4096,2048,45,0,123.0598,_ZN5aiter42f4gemm_bf16_per1x32Fp4_BpreShuffle_128x512E,3065.47,1717.99,0.0
gfx950,256,22486,9216,4096,54,0,400.4198,_ZN5aiter42f4gemm_bf16_per1x32Fp4_BpreShuffle_256x256E,4239.64,1197.21,0.0
gfx950,256,22493,9216,4096,54,0,404.0706,_ZN5aiter42f4gemm_bf16_per1x32Fp4_BpreShuffle_256x256E,4202.64,1186.75,0.0
gfx950,256,22494,9216,4096,54,0,404.9851,_ZN5aiter42f4gemm_bf16_per1x32Fp4_BpreShuffle_256x256E,4193.34,1184.12,0.0
gfx950,256,22499,4608,4096,54,0,214.2788,_ZN5aiter42f4gemm_bf16_per1x32Fp4_BpreShuffle_256x256E,3963.57,1226.75,0.0
gfx950,256,22503,9216,4096,54,0,403.545,_ZN5aiter42f4gemm_bf16_per1x32Fp4_BpreShuffle_256x256E,4209.99,1188.8,0.0
gfx950,256,22504,9216,4096,54,0,391.4939,_ZN5aiter42f4gemm_bf16_per1x32Fp4_BpreShuffle_256x256E,4339.77,1225.45,0.0
gfx950,256,22509,9216,4096,54,0,405.3006,_ZN5aiter42f4gemm_bf16_per1x32Fp4_BpreShuffle_256x256E,4192.87,1183.96,0.0
gfx950,256,22513,9216,4096,54,0,404.487,_ZN5aiter42f4gemm_bf16_per1x32Fp4_BpreShuffle_256x256E,4202.05,1186.54,0.0
gfx950,256,22515,1280,4096,41,0,72.0606,_ZN5aiter41f4gemm_bf16_per1x32Fp4_BpreShuffle_96x640E,3276.23,1476.13,0.0
gfx950,256,22515,4096,1024,54,0,86.3451,_ZN5aiter42f4gemm_bf16_per1x32Fp4_BpreShuffle_256x256E,2187.38,2293.91,0.0
gfx950,256,22520,1280,4096,41,0,73.4702,_ZN5aiter41f4gemm_bf16_per1x32Fp4_BpreShuffle_96x640E,3214.08,1448.12,0.0
gfx950,256,22520,4096,1024,54,0,86.3491,_ZN5aiter42f4gemm_bf16_per1x32Fp4_BpreShuffle_256x256E,2187.76,2294.31,0.0
gfx950,256,22525,2304,4096,54,0,125.8367,_ZN5aiter42f4gemm_bf16_per1x32Fp4_BpreShuffle_256x256E,3378.55,1228.93,0.0
gfx950,256,22525,4096,2048,54,0,122.5883,_ZN5aiter42f4gemm_bf16_per1x32Fp4_BpreShuffle_256x256E,3082.73,1727.61,0.0
gfx950,256,22528,4608,4096,54,0,221.1489,_ZN5aiter42f4gemm_bf16_per1x32Fp4_BpreShuffle_256x256E,3845.39,1190.11,0.0
gfx950,256,22529,1280,4096,54,0,71.9017,_ZN5aiter42f4gemm_bf16_per1x32Fp4_BpreShuffle_256x256E,3285.51,1480.29,0.0
gfx950,256,22529,4096,1024,54,0,86.5651,_ZN5aiter42f4gemm_bf16_per1x32Fp4_BpreShuffle_256x256E,2183.18,2289.49,0.0
gfx950,256,22530,2304,4096,54,0,128.4475,_ZN5aiter42f4gemm_bf16_per1x32Fp4_BpreShuffle_256x256E,3310.61,1204.21,0.0
gfx950,256,22530,4096,2048,54,0,124.2983,_ZN5aiter42f4gemm_bf16_per1x32Fp4_BpreShuffle_256x256E,3041.0,1704.21,0.0
gfx950,256,22536,9216,4096,54,0,402.8336,_ZN5aiter42f4gemm_bf16_per1x32Fp4_BpreShuffle_256x256E,4223.61,1192.58,0.0
gfx950,256,22537,9216,4096,54,0,400.6811,_ZN5aiter42f4gemm_bf16_per1x32Fp4_BpreShuffle_256x256E,4246.49,1199.04,0.0
gfx950,256,22544,4608,4096,54,0,217.1704,_ZN5aiter42f4gemm_bf16_per1x32Fp4_BpreShuffle_256x256E,3918.62,1212.75,0.0
gfx950,256,22548,9216,4096,54,0,404.7444,_ZN5aiter42f4gemm_bf16_per1x32Fp4_BpreShuffle_256x256E,4205.91,1187.56,0.0
gfx950,256,22552,1280,4096,54,0,72.7421,_ZN5aiter42f4gemm_bf16_per1x32Fp4_BpreShuffle_256x256E,3250.87,1464.64,0.0
gfx950,256,22552,4096,1024,54,0,86.4383,_ZN5aiter42f4gemm_bf16_per1x32Fp4_BpreShuffle_256x256E,2188.61,2295.16,0.0
gfx950,256,22557,4608,4096,54,0,217.5733,_ZN5aiter42f4gemm_bf16_per1x32Fp4_BpreShuffle_256x256E,3913.62,1211.17,0.0
gfx950,256,22557,9216,4096,54,0,404.7739,_ZN5aiter42f4gemm_bf16_per1x32Fp4_BpreShuffle_256x256E,4207.28,1187.93,0.0
gfx950,256,22558,9216,4096,54,0,405.7643,_ZN5aiter42f4gemm_bf16_per1x32Fp4_BpreShuffle_256x256E,4197.2,1185.08,0.0
gfx950,256,22564,9216,4096,54,0,410.3595,_ZN5aiter42f4gemm_bf16_per1x32Fp4_BpreShuffle_256x256E,4151.3,1172.11,0.0
gfx950,256,22567,9216,4096,54,0,403.7993,_ZN5aiter42f4gemm_bf16_per1x32Fp4_BpreShuffle_256x256E,4219.3,1191.3,0.0
gfx950,256,22573,4608,4096,54,0,221.1084,_ZN5aiter42f4gemm_bf16_per1x32Fp4_BpreShuffle_256x256E,3853.78,1192.63,0.0
gfx950,256,22581,9216,4096,54,0,400.1794,_ZN5aiter42f4gemm_bf16_per1x32Fp4_BpreShuffle_256x256E,4260.11,1202.79,0.0
gfx950,256,22582,9216,4096,54,0,409.7979,_ZN5aiter42f4gemm_bf16_per1x32Fp4_BpreShuffle_256x256E,4160.3,1174.61,0.0
gfx950,256,22595,9216,4096,54,0,401.7138,_ZN5aiter42f4gemm_bf16_per1x32Fp4_BpreShuffle_256x256E,4246.47,1198.91,0.0
gfx950,256,22603,4608,4096,54,0,218.1761,_ZN5aiter42f4gemm_bf16_per1x32Fp4_BpreShuffle_256x256E,3910.76,1210.2,0.0
gfx950,256,22603,9216,4096,54,0,406.1614,_ZN5aiter42f4gemm_bf16_per1x32Fp4_BpreShuffle_256x256E,4201.46,1186.19,0.0
gfx950,256,22606,9216,4096,54,0,408.2926,_ZN5aiter42f4gemm_bf16_per1x32Fp4_BpreShuffle_256x256E,4180.08,1180.15,0.0
gfx950,256,22607,9216,4096,54,0,401.8125,_ZN5aiter42f4gemm_bf16_per1x32Fp4_BpreShuffle_256x256E,4247.68,1199.23,0.0
gfx950,256,22617,9216,4096,54,0,411.0079,_ZN5aiter42f4gemm_bf16_per1x32Fp4_BpreShuffle_256x256E,4154.49,1172.9,0.0
gfx950,256,22623,9216,4096,54,0,406.7525,_ZN5aiter42f4gemm_bf16_per1x32Fp4_BpreShuffle_256x256E,4199.06,1185.47,0.0
gfx950,256,22626,4608,4096,54,0,218.3691,_ZN5aiter42f4gemm_bf16_per1x32Fp4_BpreShuffle_256x256E,3911.28,1210.32,0.0
gfx950,256,22638,9216,4096,54,0,406.175,_ZN5aiter42f4gemm_bf16_per1x32Fp4_BpreShuffle_256x256E,4207.82,1187.91,0.0
gfx950,256,22640,1280,4096,54,0,71.2177,_ZN5aiter42f4gemm_bf16_per1x32Fp4_BpreShuffle_256x256E,3333.41,1501.69,0.0
gfx950,256,22640,2304,4096,54,0,129.3907,_ZN5aiter42f4gemm_bf16_per1x32Fp4_BpreShuffle_256x256E,3302.52,1201.09,0.0
gfx950,256,22640,4096,1024,54,0,87.1495,_ZN5aiter42f4gemm_bf16_per1x32Fp4_BpreShuffle_256x256E,2179.22,2285.22,0.0
gfx950,256,22640,4096,2048,45,0,121.4104,_ZN5aiter42f4gemm_bf16_per1x32Fp4_BpreShuffle_128x512E,3128.53,1753.1,0.0
gfx950,256,22641,4608,4096,54,0,218.5215,_ZN5aiter42f4gemm_bf16_per1x32Fp4_BpreShuffle_256x256E,3911.14,1210.25,0.0
gfx950,256,22642,1280,4096,54,0,68.8082,_ZN5aiter42f4gemm_bf16_per1x32Fp4_BpreShuffle_256x256E,3450.44,1554.4,0.0
gfx950,256,22642,4096,1024,45,0,86.6147,_ZN5aiter42f4gemm_bf16_per1x32Fp4_BpreShuffle_128x512E,2192.87,2299.53,0.0
gfx950,256,22642,9216,4096,54,0,401.6681,_ZN5aiter42f4gemm_bf16_per1x32Fp4_BpreShuffle_256x256E,4255.79,1201.45,0.0
gfx950,256,22644,1280,4096,54,0,67.1039,_ZN5aiter42f4gemm_bf16_per1x32Fp4_BpreShuffle_256x256E,3538.39,1594.02,0.0
gfx950,256,22644,4096,1024,54,0,86.3558,_ZN5aiter42f4gemm_bf16_per1x32Fp4_BpreShuffle_256x256E,2199.64,2306.63,0.0
gfx950,256,22650,1280,4096,54,0,68.5009,_ZN5aiter42f4gemm_bf16_per1x32Fp4_BpreShuffle_256x256E,3467.14,1561.92,0.0
gfx950,256,22650,4096,1024,54,0,86.3544,_ZN5aiter42f4gemm_bf16_per1x32Fp4_BpreShuffle_256x256E,2200.26,2307.27,0.0
gfx950,256,22651,1280,4096,54,0,68.4129,_ZN5aiter42f4gemm_bf16_per1x32Fp4_BpreShuffle_256x256E,3471.76,1563.99,0.0
gfx950,256,22651,4096,1024,54,0,86.0823,_ZN5aiter42f4gemm_bf16_per1x32Fp4_BpreShuffle_256x256E,2207.31,2314.66,0.0
gfx950,256,22651,9216,4096,54,0,397.8165,_ZN5aiter42f4gemm_bf16_per1x32Fp4_BpreShuffle_256x256E,4298.7,1213.54,0.0
gfx950,256,22654,9216,4096,54,0,404.5393,_ZN5aiter42f4gemm_bf16_per1x32Fp4_BpreShuffle_256x256E,4227.82,1193.53,0.0
gfx950,256,22658,9216,4096,54,0,405.5329,_ZN5aiter42f4gemm_bf16_per1x32Fp4_BpreShuffle_256x256E,4218.21,1190.8,0.0
gfx950,256,22663,4608,4096,54,0,221.7265,_ZN5aiter42f4gemm_bf16_per1x32Fp4_BpreShuffle_256x256E,3858.36,1193.87,0.0
gfx950,256,22666,2304,4096,54,0,128.131,_ZN5aiter42f4gemm_bf16_per1x32Fp4_BpreShuffle_256x256E,3338.82,1214.25,0.0
gfx950,256,22666,4096,2048,54,0,121.6952,_ZN5aiter42f4gemm_bf16_per1x32Fp4_BpreShuffle_256x256E,3124.79,1750.97,0.0
gfx950,256,22667,9216,4096,54,0,406.4352,_ZN5aiter42f4gemm_bf16_per1x32Fp4_BpreShuffle_256x256E,4210.51,1188.61,0.0
gfx950,256,22673,4608,4096,54,0,221.1908,_ZN5aiter42f4gemm_bf16_per1x32Fp4_BpreShuffle_256x256E,3869.41,1197.27,0.0
gfx950,256,22677,9216,4096,54,0,405.3604,_ZN5aiter42f4gemm_bf16_per1x32Fp4_BpreShuffle_256x256E,4223.54,1192.27,0.0
gfx950,256,22678,9216,4096,54,0,408.8389,_ZN5aiter42f4gemm_bf16_per1x32Fp4_BpreShuffle_256x256E,4187.79,1182.18,0.0
gfx950,256,22690,4608,4096,54,0,215.7702,_ZN5aiter42f4gemm_bf16_per1x32Fp4_BpreShuffle_256x256E,3969.59,1228.24,0.0
gfx950,256,22692,9216,4096,54,0,409.5837,_ZN5aiter42f4gemm_bf16_per1x32Fp4_BpreShuffle_256x256E,4182.76,1180.73,0.0
gfx950,256,22700,4608,4096,54,0,218.8441,_ZN5aiter42f4gemm_bf16_per1x32Fp4_BpreShuffle_256x256E,3915.56,1211.5,0.0
gfx950,256,22704,9216,4096,54,0,408.8449,_ZN5aiter42f4gemm_bf16_per1x32Fp4_BpreShuffle_256x256E,4192.53,1183.46,0.0
gfx950,256,22707,9216,4096,54,0,407.6287,_ZN5aiter42f4gemm_bf16_per1x32Fp4_BpreShuffle_256x256E,4205.59,1187.14,0.0
gfx950,256,22711,4608,4096,54,0,220.0334,_ZN5aiter42f4gemm_bf16_per1x32Fp4_BpreShuffle_256x256E,3896.28,1205.52,0.0
gfx950,256,22712,4608,4096,54,0,221.7074,_ZN5aiter42f4gemm_bf16_per1x32Fp4_BpreShuffle_256x256E,3867.03,1196.47,0.0
gfx950,256,22712,9216,4096,54,0,406.4805,_ZN5aiter42f4gemm_bf16_per1x32Fp4_BpreShuffle_256x256E,4218.4,1190.75,0.0
gfx950,256,22718,9216,4096,54,0,400.8952,_ZN5aiter42f4gemm_bf16_per1x32Fp4_BpreShuffle_256x256E,4278.3,1207.64,0.0
gfx950,256,22725,4608,4096,54,0,222.6288,_ZN5aiter42f4gemm_bf16_per1x32Fp4_BpreShuffle_256x256E,3853.23,1192.17,0.0
gfx950,256,22729,9216,4096,54,0,402.5702,_ZN5aiter42f4gemm_bf16_per1x32Fp4_BpreShuffle_256x256E,4262.57,1203.18,0.0
gfx950,256,22731,2304,4096,54,0,128.0744,_ZN5aiter42f4gemm_bf16_per1x32Fp4_BpreShuffle_256x256E,3349.88,1218.17,0.0
gfx950,256,22731,4096,2048,45,0,122.2392,_ZN5aiter42f4gemm_bf16_per1x32Fp4_BpreShuffle_128x512E,3119.81,1748.07,0.0
gfx950,256,22743,4608,4096,54,0,222.4593,_ZN5aiter42f4gemm_bf16_per1x32Fp4_BpreShuffle_256x256E,3859.22,1193.99,0.0
gfx950,256,22745,4608,4096,54,0,219.3227,_ZN5aiter42f4gemm_bf16_per1x32Fp4_BpreShuffle_256x256E,3914.76,1211.17,0.0
gfx950,256,22752,4608,4096,54,0,217.5209,_ZN5aiter42f4gemm_bf16_per1x32Fp4_BpreShuffle_256x256E,3948.4,1221.56,0.0
gfx950,256,22752,9216,4096,54,0,407.1001,_ZN5aiter42f4gemm_bf16_per1x32Fp4_BpreShuffle_256x256E,4219.4,1190.95,0.0
gfx950,256,22760,1280,4096,54,0,71.8568,_ZN5aiter42f4gemm_bf16_per1x32Fp4_BpreShuffle_256x256E,3321.27,1496.02,0.0
gfx950,256,22760,4096,1024,54,0,86.9072,_ZN5aiter42f4gemm_bf16_per1x32Fp4_BpreShuffle_256x256E,2196.88,2303.61,0.0
gfx950,256,22764,9216,4096,54,0,409.4373,_ZN5aiter42f4gemm_bf16_per1x32Fp4_BpreShuffle_256x256E,4197.53,1184.75,0.0
gfx950,256,22765,4608,4096,54,0,220.1344,_ZN5aiter42f4gemm_bf16_per1x32Fp4_BpreShuffle_256x256E,3903.75,1207.73,0.0
gfx950,256,22772,4608,4096,54,0,218.53,_ZN5aiter42f4gemm_bf16_per1x32Fp4_BpreShuffle_256x256E,3933.62,1216.95,0.0
gfx950,256,22772,9216,4096,54,0,408.344,_ZN5aiter42f4gemm_bf16_per1x32Fp4_BpreShuffle_256x256E,4210.25,1188.32,0.0
gfx950,256,22774,9216,4096,54,0,408.1478,_ZN5aiter42f4gemm_bf16_per1x32Fp4_BpreShuffle_256x256E,4212.64,1189.0,0.0
gfx950,256,22776,9216,4096,54,0,399.672,_ZN5aiter42f4gemm_bf16_per1x32Fp4_BpreShuffle_256x256E,4302.35,1214.31,0.0
gfx950,256,22789,9216,4096,54,0,407.36,_ZN5aiter42f4gemm_bf16_per1x32Fp4_BpreShuffle_256x256E,4223.57,1192.05,0.0
gfx950,256,22792,1280,4096,54,0,72.3808,_ZN5aiter42f4gemm_bf16_per1x32Fp4_BpreShuffle_256x256E,3301.86,1487.23,0.0
gfx950,256,22792,4096,1024,45,0,86.0872,_ZN5aiter42f4gemm_bf16_per1x32Fp4_BpreShuffle_128x512E,2220.92,2328.79,0.0
gfx950,256,22825,9216,4096,54,0,407.7008,_ZN5aiter42f4gemm_bf16_per1x32Fp4_BpreShuffle_256x256E,4226.7,1192.86,0.0
gfx950,256,22826,4608,4096,54,0,222.568,_ZN5aiter42f4gemm_bf16_per1x32Fp4_BpreShuffle_256x256E,3871.41,1197.61,0.0
gfx950,256,22829,4608,4096,54,0,219.2237,_ZN5aiter42f4gemm_bf16_per1x32Fp4_BpreShuffle_256x256E,3930.99,1216.03,0.0
gfx950,256,22831,1280,4096,54,0,68.8452,_ZN5aiter42f4gemm_bf16_per1x32Fp4_BpreShuffle_256x256E,3477.37,1566.22,0.0
gfx950,256,22831,4096,1024,54,0,87.2006,_ZN5aiter42f4gemm_bf16_per1x32Fp4_BpreShuffle_256x256E,2196.32,2302.94,0.0
gfx950,256,22832,9216,4096,54,0,409.2397,_ZN5aiter42f4gemm_bf16_per1x32Fp4_BpreShuffle_256x256E,4212.1,1188.73,0.0
gfx950,256,22838,2304,4096,54,0,127.815,_ZN5aiter42f4gemm_bf16_per1x32Fp4_BpreShuffle_256x256E,3372.47,1226.21,0.0
gfx950,256,22838,4096,2048,45,0,124.7309,_ZN5aiter42f4gemm_bf16_per1x32Fp4_BpreShuffle_128x512E,3071.88,1721.06,0.0
gfx950,256,22853,9216,4096,54,0,412.0522,_ZN5aiter42f4gemm_bf16_per1x32Fp4_BpreShuffle_256x256E,4187.2,1181.66,0.0
gfx950,256,22859,9216,4096,54,0,410.3181,_ZN5aiter42f4gemm_bf16_per1x32Fp4_BpreShuffle_256x256E,4206.0,1186.95,0.0
gfx950,256,22862,1280,4096,54,0,72.7792,_ZN5aiter42f4gemm_bf16_per1x32Fp4_BpreShuffle_256x256E,3293.87,1483.52,0.0
gfx950,256,22862,4096,1024,54,0,86.4589,_ZN5aiter42f4gemm_bf16_per1x32Fp4_BpreShuffle_256x256E,2218.17,2325.82,0.0
gfx950,256,22870,2304,4096,54,0,130.3901,_ZN5aiter42f4gemm_bf16_per1x32Fp4_BpreShuffle_256x256E,3310.5,1203.63,0.0
gfx950,256,22870,4096,2048,45,0,123.1187,_ZN5aiter42f4gemm_bf16_per1x32Fp4_BpreShuffle_128x512E,3116.46,1745.99,0.0
gfx950,256,22874,1280,4096,54,0,73.0892,_ZN5aiter42f4gemm_bf16_per1x32Fp4_BpreShuffle_256x256E,3281.62,1477.99,0.0
gfx950,256,22874,4096,1024,45,0,86.5303,_ZN5aiter42f4gemm_bf16_per1x32Fp4_BpreShuffle_128x512E,2217.5,2325.11,0.0
gfx950,256,22877,9216,4096,45,0,408.306,_ZN5aiter42f4gemm_bf16_per1x32Fp4_BpreShuffle_128x512E,4230.05,1193.7,0.0
gfx950,256,22878,9216,4096,54,0,406.9587,_ZN5aiter42f4gemm_bf16_per1x32Fp4_BpreShuffle_256x256E,4244.24,1197.7,0.0
gfx950,256,22889,4608,4096,54,0,218.3861,_ZN5aiter42f4gemm_bf16_per1x32Fp4_BpreShuffle_256x256E,3956.44,1223.79,0.0
gfx950,256,22891,9216,4096,54,0,402.6486,_ZN5aiter42f4gemm_bf16_per1x32Fp4_BpreShuffle_256x256E,4292.11,1211.19,0.0
gfx950,256,22900,1280,4096,54,0,68.3324,_ZN5aiter42f4gemm_bf16_per1x32Fp4_BpreShuffle_256x256E,3514.06,1582.63,0.0
gfx950,256,22900,4096,1024,36,0,86.6031,_ZN5aiter42f4gemm_bf16_per1x32Fp4_BpreShuffle_64x1024E,2218.16,2325.77,0.0
gfx950,256,22901,9216,4096,54,0,410.0609,_ZN5aiter42f4gemm_bf16_per1x32Fp4_BpreShuffle_256x256E,4216.37,1189.79,0.0
gfx950,256,22913,1280,4096,54,0,71.3048,_ZN5aiter42f4gemm_bf16_per1x32Fp4_BpreShuffle_256x256E,3369.48,1517.49,0.0
gfx950,256,22913,4096,1024,45,0,86.6511,_ZN5aiter42f4gemm_bf16_per1x32Fp4_BpreShuffle_128x512E,2218.19,2325.79,0.0
gfx950,256,22914,9216,4096,54,0,411.1405,_ZN5aiter42f4gemm_bf16_per1x32Fp4_BpreShuffle_256x256E,4207.68,1187.31,0.0
gfx950,256,22916,1280,4096,41,0,72.1217,_ZN5aiter41f4gemm_bf16_per1x32Fp4_BpreShuffle_96x640E,3331.75,1500.5,0.0
gfx950,256,22916,4096,1024,54,0,86.7238,_ZN5aiter42f4gemm_bf16_per1x32Fp4_BpreShuffle_256x256E,2216.62,2324.14,0.0
gfx950,256,22916,4608,4096,54,0,220.3101,_ZN5aiter42f4gemm_bf16_per1x32Fp4_BpreShuffle_256x256E,3926.51,1214.48,0.0
gfx950,256,22916,9216,4096,54,0,406.3625,_ZN5aiter42f4gemm_bf16_per1x32Fp4_BpreShuffle_256x256E,4257.53,1201.38,0.0
gfx950,256,22917,4608,4096,54,0,221.6957,_ZN5aiter42f4gemm_bf16_per1x32Fp4_BpreShuffle_256x256E,3902.14,1206.94,0.0
gfx950,256,22923,2304,4096,54,0,127.7493,_ZN5aiter42f4gemm_bf16_per1x32Fp4_BpreShuffle_256x256E,3386.77,1231.27,0.0
gfx950,256,22923,4096,2048,45,0,124.1453,_ZN5aiter42f4gemm_bf16_per1x32Fp4_BpreShuffle_128x512E,3097.85,1735.49,0.0
gfx950,256,22936,4608,4096,54,0,223.7441,_ZN5aiter42f4gemm_bf16_per1x32Fp4_BpreShuffle_256x256E,3869.62,1196.85,0.0
gfx950,256,22946,1280,4096,54,0,72.8756,_ZN5aiter42f4gemm_bf16_per1x32Fp4_BpreShuffle_256x256E,3301.6,1486.87,0.0
gfx950,256,22946,4096,1024,54,0,86.5078,_ZN5aiter42f4gemm_bf16_per1x32Fp4_BpreShuffle_256x256E,2225.06,2332.96,0.0
gfx950,256,22948,9216,4096,54,0,409.8825,_ZN5aiter42f4gemm_bf16_per1x32Fp4_BpreShuffle_256x256E,4226.86,1192.66,0.0
gfx950,256,22955,4608,4096,54,0,221.1741,_ZN5aiter42f4gemm_bf16_per1x32Fp4_BpreShuffle_256x256E,3917.83,1211.73,0.0
gfx950,256,22961,2304,4096,54,0,126.951,_ZN5aiter42f4gemm_bf16_per1x32Fp4_BpreShuffle_256x256E,3413.71,1241.01,0.0
gfx950,256,22961,4096,2048,54,0,123.6621,_ZN5aiter42f4gemm_bf16_per1x32Fp4_BpreShuffle_256x256E,3115.11,1745.1,0.0
gfx950,256,22964,9216,4096,54,0,408.8817,_ZN5aiter42f4gemm_bf16_per1x32Fp4_BpreShuffle_256x256E,4240.16,1196.38,0.0
gfx950,256,22966,9216,4096,54,0,408.4077,_ZN5aiter42f4gemm_bf16_per1x32Fp4_BpreShuffle_256x256E,4245.45,1197.87,0.0
gfx950,256,22982,4608,4096,54,0,221.2401,_ZN5aiter42f4gemm_bf16_per1x32Fp4_BpreShuffle_256x256E,3921.27,1212.74,0.0
gfx950,256,22991,9216,4096,54,0,408.6347,_ZN5aiter42f4gemm_bf16_per1x32Fp4_BpreShuffle_256x256E,4247.71,1198.45,0.0
gfx950,256,22993,9216,4096,54,0,406.5511,_ZN5aiter42f4gemm_bf16_per1x32Fp4_BpreShuffle_256x256E,4269.85,1204.7,0.0
gfx950,256,22997,4608,4096,54,0,222.0129,_ZN5aiter42f4gemm_bf16_per1x32Fp4_BpreShuffle_256x256E,3910.17,1209.28,0.0
gfx950,256,22998,9216,4096,54,0,404.0273,_ZN5aiter42f4gemm_bf16_per1x32Fp4_BpreShuffle_256x256E,4297.46,1212.48,0.0
gfx950,256,23001,9216,4096,54,0,411.3093,_ZN5aiter42f4gemm_bf16_per1x32Fp4_BpreShuffle_256x256E,4221.93,1191.16,0.0
gfx950,256,23004,4608,4096,54,0,217.2837,_ZN5aiter42f4gemm_bf16_per1x32Fp4_BpreShuffle_256x256E,3996.49,1235.96,0.0
gfx950,256,23009,4608,4096,54,0,224.3681,_ZN5aiter42f4gemm_bf16_per1x32Fp4_BpreShuffle_256x256E,3871.14,1197.19,0.0
gfx950,256,23012,1280,4096,41,0,72.5716,_ZN5aiter41f4gemm_bf16_per1x32Fp4_BpreShuffle_96x640E,3324.97,1497.29,0.0
gfx950,256,23012,4096,1024,54,0,86.7901,_ZN5aiter42f4gemm_bf16_per1x32Fp4_BpreShuffle_256x256E,2224.2,2331.99,0.0
gfx950,256,23016,1280,4096,41,0,73.5048,_ZN5aiter41f4gemm_bf16_per1x32Fp4_BpreShuffle_96x640E,3283.33,1478.53,0.0
gfx950,256,23016,4096,1024,54,0,87.7973,_ZN5aiter42f4gemm_bf16_per1x32Fp4_BpreShuffle_256x256E,2199.07,2305.63,0.0
gfx950,256,23017,9216,4096,54,0,407.5714,_ZN5aiter42f4gemm_bf16_per1x32Fp4_BpreShuffle_256x256E,4263.61,1202.89,0.0
gfx950,256,23026,1280,4096,54,0,73.5288,_ZN5aiter42f4gemm_bf16_per1x32Fp4_BpreShuffle_256x256E,3283.68,1478.68,0.0
gfx950,256,23026,4096,1024,54,0,87.1027,_ZN5aiter42f4gemm_bf16_per1x32Fp4_BpreShuffle_256x256E,2217.57,2325.02,0.0
gfx950,256,23027,9216,4096,54,0,406.1893,_ZN5aiter42f4gemm_bf16_per1x32Fp4_BpreShuffle_256x256E,4279.98,1207.48,0.0
gfx950,256,23030,9216,4096,54,0,405.9296,_ZN5aiter42f4gemm_bf16_per1x32Fp4_BpreShuffle_256x256E,4283.27,1208.41,0.0
gfx950,256,23033,1280,4096,54,0,72.636,_ZN5aiter42f4gemm_bf16_per1x32Fp4_BpreShuffle_256x256E,3325.05,1497.29,0.0
gfx950,256,23033,4096,1024,54,0,86.9656,_ZN5aiter42f4gemm_bf16_per1x32Fp4_BpreShuffle_256x256E,2221.74,2329.39,0.0
gfx950,256,23036,9216,4096,54,0,413.0094,_ZN5aiter42f4gemm_bf16_per1x32Fp4_BpreShuffle_256x256E,4210.94,1187.99,0.0
gfx950,256,23045,9216,4096,54,0,408.3035,_ZN5aiter42f4gemm_bf16_per1x32Fp4_BpreShuffle_256x256E,4261.14,1202.14,0.0
gfx950,256,23047,9216,4096,54,0,410.4138,_ZN5aiter42f4gemm_bf16_per1x32Fp4_BpreShuffle_256x256E,4239.6,1196.05,0.0
gfx950,256,23049,4608,4096,54,0,219.2711,_ZN5aiter42f4gemm_bf16_per1x32Fp4_BpreShuffle_256x256E,3968.01,1227.07,0.0
gfx950,256,23053,9216,4096,54,0,401.7859,_ZN5aiter42f4gemm_bf16_per1x32Fp4_BpreShuffle_256x256E,4331.77,1222.04,0.0
gfx950,256,23062,4608,4096,45,0,224.8227,_ZN5aiter42f4gemm_bf16_per1x32Fp4_BpreShuffle_128x512E,3872.21,1197.42,0.0
gfx950,256,23080,4608,4096,54,0,224.4633,_ZN5aiter42f4gemm_bf16_per1x32Fp4_BpreShuffle_256x256E,3881.44,1200.24,0.0
gfx950,256,23082,4608,4096,54,0,220.8355,_ZN5aiter42f4gemm_bf16_per1x32Fp4_BpreShuffle_256x256E,3945.54,1220.06,0.0
gfx950,256,23086,9216,4096,54,0,412.8021,_ZN5aiter42f4gemm_bf16_per1x32Fp4_BpreShuffle_256x256E,4222.2,1191.07,0.0
gfx950,256,23098,4608,4096,54,0,218.5197,_ZN5aiter42f4gemm_bf16_per1x32Fp4_BpreShuffle_256x256E,3990.12,1233.82,0.0
gfx950,256,23115,9216,4096,54,0,405.3249,_ZN5aiter42f4gemm_bf16_per1x32Fp4_BpreShuffle_256x256E,4305.49,1214.51,0.0
gfx950,256,23121,4608,4096,54,0,223.3709,_ZN5aiter42f4gemm_bf16_per1x32Fp4_BpreShuffle_256x256E,3907.35,1208.18,0.0
gfx950,256,23122,2304,4096,54,0,129.8102,_ZN5aiter42f4gemm_bf16_per1x32Fp4_BpreShuffle_256x256E,3361.93,1221.93,0.0
gfx950,256,23122,4096,2048,54,0,122.16,_ZN5aiter42f4gemm_bf16_per1x32Fp4_BpreShuffle_256x256E,3175.53,1778.71,0.0
gfx950,256,23122,9216,4096,54,0,405.4752,_ZN5aiter42f4gemm_bf16_per1x32Fp4_BpreShuffle_256x256E,4305.2,1214.41,0.0
gfx950,256,23157,1280,4096,54,0,72.3316,_ZN5aiter42f4gemm_bf16_per1x32Fp4_BpreShuffle_256x256E,3357.02,1511.5,0.0
gfx950,256,23157,4096,1024,54,0,86.8953,_ZN5aiter42f4gemm_bf16_per1x32Fp4_BpreShuffle_256x256E,2235.51,2343.69,0.0
gfx950,256,23157,9216,4096,54,0,413.4938,_ZN5aiter42f4gemm_bf16_per1x32Fp4_BpreShuffle_256x256E,4228.1,1192.59,0.0
gfx950,256,23175,1280,4096,41,0,72.5332,_ZN5aiter41f4gemm_bf16_per1x32Fp4_BpreShuffle_96x640E,3350.29,1508.44,0.0
gfx950,256,23175,4096,1024,54,0,87.1189,_ZN5aiter42f4gemm_bf16_per1x32Fp4_BpreShuffle_256x256E,2231.5,2339.47,0.0
gfx950,256,23183,9216,4096,54,0,406.4102,_ZN5aiter42f4gemm_bf16_per1x32Fp4_BpreShuffle_256x256E,4306.63,1214.69,0.0
gfx950,256,23185,9216,4096,54,0,415.1296,_ZN5aiter42f4gemm_bf16_per1x32Fp4_BpreShuffle_256x256E,4216.54,1189.27,0.0
gfx950,256,23186,9216,4096,54,0,411.3897,_ZN5aiter42f4gemm_bf16_per1x32Fp4_BpreShuffle_256x256E,4255.05,1200.14,0.0
gfx950,256,23187,4608,4096,54,0,222.0624,_ZN5aiter42f4gemm_bf16_per1x32Fp4_BpreShuffle_256x256E,3941.59,1218.65,0.0
gfx950,256,23188,9216,4096,45,0,417.4078,_ZN5aiter42f4gemm_bf16_per1x32Fp4_BpreShuffle_128x512E,4194.06,1182.93,0.0
gfx950,256,23193,1280,4096,54,0,71.1948,_ZN5aiter42f4gemm_bf16_per1x32Fp4_BpreShuffle_256x256E,3415.93,1537.96,0.0
gfx950,256,23193,4096,1024,54,0,87.041,_ZN5aiter42f4gemm_bf16_per1x32Fp4_BpreShuffle_256x256E,2235.23,2343.37,0.0
gfx950,256,23195,1280,4096,54,0,74.3561,_ZN5aiter42f4gemm_bf16_per1x32Fp4_BpreShuffle_256x256E,3270.98,1472.7,0.0
gfx950,256,23195,4096,1024,36,0,87.2195,_ZN5aiter42f4gemm_bf16_per1x32Fp4_BpreShuffle_64x1024E,2230.85,2338.77,0.0
gfx950,256,23197,2304,4096,54,0,128.8961,_ZN5aiter42f4gemm_bf16_per1x32Fp4_BpreShuffle_256x256E,3396.76,1234.47,0.0
gfx950,256,23197,4096,2048,45,0,124.2565,_ZN5aiter42f4gemm_bf16_per1x32Fp4_BpreShuffle_128x512E,3132.08,1754.26,0.0
gfx950,256,23201,9216,4096,54,0,412.9641,_ZN5aiter42f4gemm_bf16_per1x32Fp4_BpreShuffle_256x256E,4241.57,1196.3,0.0
gfx950,256,23202,1280,4096,54,0,74.2384,_ZN5aiter42f4gemm_bf16_per1x32Fp4_BpreShuffle_256x256E,3277.15,1475.47,0.0
gfx950,256,23202,4096,1024,54,0,87.1929,_ZN5aiter42f4gemm_bf16_per1x32Fp4_BpreShuffle_256x256E,2232.21,2340.18,0.0
gfx950,256,23204,4608,4096,54,0,221.8656,_ZN5aiter42f4gemm_bf16_per1x32Fp4_BpreShuffle_256x256E,3947.98,1220.59,0.0
gfx950,256,23208,9216,4096,54,0,414.383,_ZN5aiter42f4gemm_bf16_per1x32Fp4_BpreShuffle_256x256E,4228.32,1192.55,0.0
gfx950,256,23212,4608,4096,54,0,222.3325,_ZN5aiter42f4gemm_bf16_per1x32Fp4_BpreShuffle_256x256E,3941.05,1218.43,0.0
gfx950,256,23217,9216,4096,54,0,413.8078,_ZN5aiter42f4gemm_bf16_per1x32Fp4_BpreShuffle_256x256E,4235.84,1194.66,0.0
gfx950,256,23219,9216,4096,54,0,409.7356,_ZN5aiter42f4gemm_bf16_per1x32Fp4_BpreShuffle_256x256E,4278.31,1206.63,0.0
gfx950,256,23231,9216,4096,54,0,403.0433,_ZN5aiter42f4gemm_bf16_per1x32Fp4_BpreShuffle_256x256E,4351.6,1227.28,0.0
gfx950,256,23233,1280,4096,41,0,74.0216,_ZN5aiter41f4gemm_bf16_per1x32Fp4_BpreShuffle_96x640E,3291.14,1481.72,0.0
gfx950,256,23233,4096,1024,54,0,87.3735,_ZN5aiter42f4gemm_bf16_per1x32Fp4_BpreShuffle_256x256E,2230.57,2338.43,0.0
gfx950,256,23245,2304,4096,54,0,127.1188,_ZN5aiter42f4gemm_bf16_per1x32Fp4_BpreShuffle_256x256E,3451.38,1254.24,0.0
gfx950,256,23245,4096,2048,54,0,122.9821,_ZN5aiter42f4gemm_bf16_per1x32Fp4_BpreShuffle_256x256E,3171.08,1776.03,0.0
gfx950,256,23251,9216,4096,54,0,410.348,_ZN5aiter42f4gemm_bf16_per1x32Fp4_BpreShuffle_256x256E,4277.81,1206.43,0.0
gfx950,256,23255,9216,4096,54,0,407.0977,_ZN5aiter42f4gemm_bf16_per1x32Fp4_BpreShuffle_256x256E,4312.71,1216.26,0.0
gfx950,256,23256,9216,4096,54,0,412.595,_ZN5aiter42f4gemm_bf16_per1x32Fp4_BpreShuffle_256x256E,4255.43,1200.1,0.0
gfx950,256,23278,4608,4096,54,0,223.0189,_ZN5aiter42f4gemm_bf16_per1x32Fp4_BpreShuffle_256x256E,3940.09,1218.02,0.0
gfx950,256,23279,4608,4096,54,0,218.9657,_ZN5aiter42f4gemm_bf16_per1x32Fp4_BpreShuffle_256x256E,4013.2,1240.61,0.0
gfx950,256,23284,9216,4096,54,0,414.7666,_ZN5aiter42f4gemm_bf16_per1x32Fp4_BpreShuffle_256x256E,4238.25,1195.2,0.0
gfx950,256,23288,9216,4096,54,0,411.8256,_ZN5aiter42f4gemm_bf16_per1x32Fp4_BpreShuffle_256x256E,4269.25,1203.94,0.0
gfx950,256,23290,9216,4096,54,0,414.6397,_ZN5aiter42f4gemm_bf16_per1x32Fp4_BpreShuffle_256x256E,4240.64,1195.87,0.0
gfx950,256,23299,9216,4096,54,0,410.0324,_ZN5aiter42f4gemm_bf16_per1x32Fp4_BpreShuffle_256x256E,4289.94,1209.75,0.0
gfx950,256,23300,1280,4096,54,0,71.1035,_ZN5aiter42f4gemm_bf16_per1x32Fp4_BpreShuffle_256x256E,3436.09,1546.87,0.0
gfx950,256,23300,4096,1024,54,0,87.4222,_ZN5aiter42f4gemm_bf16_per1x32Fp4_BpreShuffle_256x256E,2235.75,2343.8,0.0
gfx950,256,23302,9216,4096,54,0,411.5645,_ZN5aiter42f4gemm_bf16_per1x32Fp4_BpreShuffle_256x256E,4274.52,1205.4,0.0
gfx950,256,23304,2304,4096,54,0,129.2961,_ZN5aiter42f4gemm_bf16_per1x32Fp4_BpreShuffle_256x256E,3401.87,1236.15,0.0
gfx950,256,23304,4096,2048,54,0,127.4001,_ZN5aiter42f4gemm_bf16_per1x32Fp4_BpreShuffle_256x256E,3068.88,1718.71,0.0
gfx950,256,23308,4608,4096,54,0,224.9437,_ZN5aiter42f4gemm_bf16_per1x32Fp4_BpreShuffle_256x256E,3911.41,1209.1,0.0
gfx950,256,23311,9216,4096,54,0,412.055,_ZN5aiter42f4gemm_bf16_per1x32Fp4_BpreShuffle_256x256E,4271.08,1204.41,0.0
gfx950,256,23314,1280,4096,41,0,71.6164,_ZN5aiter41f4gemm_bf16_per1x32Fp4_BpreShuffle_96x640E,3413.53,1536.69,0.0
gfx950,256,23314,4096,1024,36,0,87.1838,_ZN5aiter42f4gemm_bf16_per1x32Fp4_BpreShuffle_64x1024E,2243.21,2351.61,0.0
gfx950,256,23319,9216,4096,54,0,413.9985,_ZN5aiter42f4gemm_bf16_per1x32Fp4_BpreShuffle_256x256E,4252.49,1199.15,0.0
gfx950,256,23323,2304,4096,54,0,129.5589,_ZN5aiter42f4gemm_bf16_per1x32Fp4_BpreShuffle_256x256E,3397.74,1234.62,0.0
gfx950,256,23323,4096,2048,54,0,126.1493,_ZN5aiter42f4gemm_bf16_per1x32Fp4_BpreShuffle_256x256E,3101.84,1737.14,0.0
gfx950,256,23326,9216,4096,54,0,412.7734,_ZN5aiter42f4gemm_bf16_per1x32Fp4_BpreShuffle_256x256E,4266.39,1203.06,0.0
gfx950,256,23328,9216,4096,54,0,414.7512,_ZN5aiter42f4gemm_bf16_per1x32Fp4_BpreShuffle_256x256E,4246.41,1197.42,0.0
gfx950,256,23332,9216,4096,54,0,406.8964,_ZN5aiter42f4gemm_bf16_per1x32Fp4_BpreShuffle_256x256E,4329.13,1220.74,0.0
gfx950,256,23337,9216,4096,54,0,412.4718,_ZN5aiter42f4gemm_bf16_per1x32Fp4_BpreShuffle_256x256E,4271.53,1204.49,0.0
gfx950,256,23355,4608,4096,54,0,221.2387,_ZN5aiter42f4gemm_bf16_per1x32Fp4_BpreShuffle_256x256E,3984.93,1231.74,0.0
gfx950,256,23361,9216,4096,54,0,411.0881,_ZN5aiter42f4gemm_bf16_per1x32Fp4_BpreShuffle_256x256E,4290.31,1209.73,0.0
gfx950,256,23364,4608,4096,54,0,221.1609,_ZN5aiter42f4gemm_bf16_per1x32Fp4_BpreShuffle_256x256E,3987.87,1232.63,0.0
gfx950,256,23365,4608,4096,54,0,224.4105,_ZN5aiter42f4gemm_bf16_per1x32Fp4_BpreShuffle_256x256E,3930.29,1214.83,0.0
gfx950,256,23375,1280,4096,54,0,71.6768,_ZN5aiter42f4gemm_bf16_per1x32Fp4_BpreShuffle_256x256E,3419.58,1539.32,0.0
gfx950,256,23375,4096,1024,54,0,86.7009,_ZN5aiter42f4gemm_bf16_per1x32Fp4_BpreShuffle_256x256E,2261.61,2370.83,0.0
gfx950,256,23376,9216,4096,54,0,415.6234,_ZN5aiter42f4gemm_bf16_per1x32Fp4_BpreShuffle_256x256E,4246.22,1197.27,0.0
gfx950,256,23378,1280,4096,54,0,73.4297,_ZN5aiter42f4gemm_bf16_per1x32Fp4_BpreShuffle_256x256E,3338.38,1502.76,0.0
gfx950,256,23378,4096,1024,54,0,86.9335,_ZN5aiter42f4gemm_bf16_per1x32Fp4_BpreShuffle_256x256E,2255.85,2364.79,0.0
gfx950,256,23378,9216,4096,54,0,414.7132,_ZN5aiter42f4gemm_bf16_per1x32Fp4_BpreShuffle_256x256E,4255.9,1200.0,0.0
gfx950,256,23379,1280,4096,54,0,73.0412,_ZN5aiter42f4gemm_bf16_per1x32Fp4_BpreShuffle_256x256E,3356.28,1510.82,0.0
gfx950,256,23379,4096,1024,36,0,87.6157,_ZN5aiter42f4gemm_bf16_per1x32Fp4_BpreShuffle_64x1024E,2238.38,2346.47,0.0
gfx950,256,23383,2304,4096,54,0,128.0049,_ZN5aiter42f4gemm_bf16_per1x32Fp4_BpreShuffle_256x256E,3447.83,1252.73,0.0
gfx950,256,23383,4096,2048,54,0,124.2601,_ZN5aiter42f4gemm_bf16_per1x32Fp4_BpreShuffle_256x256E,3157.1,1768.0,0.0
gfx950,256,23383,9216,4096,54,0,412.8271,_ZN5aiter42f4gemm_bf16_per1x32Fp4_BpreShuffle_256x256E,4276.26,1205.73,0.0
gfx950,256,23385,4608,4096,54,0,224.8455,_ZN5aiter42f4gemm_bf16_per1x32Fp4_BpreShuffle_256x256E,3926.05,1213.48,0.0
gfx950,256,23386,4608,4096,54,0,224.2809,_ZN5aiter42f4gemm_bf16_per1x32Fp4_BpreShuffle_256x256E,3936.1,1216.59,0.0
gfx950,256,23394,9216,4096,54,0,410.6474,_ZN5aiter42f4gemm_bf16_per1x32Fp4_BpreShuffle_256x256E,4300.98,1212.68,0.0
gfx950,256,23397,9216,4096,54,0,417.1483,_ZN5aiter42f4gemm_bf16_per1x32Fp4_BpreShuffle_256x256E,4234.5,1193.93,0.0
gfx950,256,23398,9216,4096,54,0,416.713,_ZN5aiter42f4gemm_bf16_per1x32Fp4_BpreShuffle_256x256E,4239.1,1195.22,0.0
gfx950,256,23403,9216,4096,54,0,411.545,_ZN5aiter42f4gemm_bf16_per1x32Fp4_BpreShuffle_256x256E,4293.25,1210.48,0.0
gfx950,256,23404,4608,4096,54,0,225.9752,_ZN5aiter42f4gemm_bf16_per1x32Fp4_BpreShuffle_256x256E,3909.59,1208.36,0.0
gfx950,256,23412,9216,4096,54,0,415.5977,_ZN5aiter42f4gemm_bf16_per1x32Fp4_BpreShuffle_256x256E,4253.02,1199.12,0.0
gfx950,256,23420,2304,4096,54,0,126.9584,_ZN5aiter42f4gemm_bf16_per1x32Fp4_BpreShuffle_256x256E,3481.75,1265.0,0.0
gfx950,256,23420,4096,2048,45,0,126.1037,_ZN5aiter42f4gemm_bf16_per1x32Fp4_BpreShuffle_128x512E,3115.87,1744.86,0.0
gfx950,256,23424,1280,4096,54,0,74.5089,_ZN5aiter42f4gemm_bf16_per1x32Fp4_BpreShuffle_256x256E,3296.5,1483.84,0.0
gfx950,256,23424,4096,1024,36,0,87.7714,_ZN5aiter42f4gemm_bf16_per1x32Fp4_BpreShuffle_64x1024E,2238.71,2346.77,0.0
gfx950,256,23432,9216,4096,54,0,416.4797,_ZN5aiter42f4gemm_bf16_per1x32Fp4_BpreShuffle_256x256E,4247.64,1197.57,0.0
gfx950,256,23435,9216,4096,54,0,416.9889,_ZN5aiter42f4gemm_bf16_per1x32Fp4_BpreShuffle_256x256E,4243.0,1196.25,0.0
gfx950,256,23442,4608,4096,54,0,223.6869,_ZN5aiter42f4gemm_bf16_per1x32Fp4_BpreShuffle_256x256E,3956.0,1222.64,0.0
gfx950,256,23463,9216,4096,54,0,415.5778,_ZN5aiter42f4gemm_bf16_per1x32Fp4_BpreShuffle_256x256E,4262.49,1201.69,0.0
gfx950,256,23465,4608,4096,54,0,222.5209,_ZN5aiter42f4gemm_bf16_per1x32Fp4_BpreShuffle_256x256E,3980.63,1230.21,0.0
gfx950,256,23465,9216,4096,54,0,410.2883,_ZN5aiter42f4gemm_bf16_per1x32Fp4_BpreShuffle_256x256E,4317.81,1217.28,0.0
gfx950,256,23488,1280,4096,54,0,73.8864,_ZN5aiter42f4gemm_bf16_per1x32Fp4_BpreShuffle_256x256E,3333.35,1500.33,0.0
gfx950,256,23488,4096,1024,54,0,88.1498,_ZN5aiter42f4gemm_bf16_per1x32Fp4_BpreShuffle_256x256E,2235.19,2343.02,0.0
gfx950,256,23489,9216,4096,54,0,411.4577,_ZN5aiter42f4gemm_bf16_per1x32Fp4_BpreShuffle_256x256E,4309.95,1215.02,0.0
gfx950,256,23492,4608,4096,54,0,224.9425,_ZN5aiter42f4gemm_bf16_per1x32Fp4_BpreShuffle_256x256E,3942.31,1218.32,0.0
gfx950,256,23512,9216,4096,54,0,411.1294,_ZN5aiter42f4gemm_bf16_per1x32Fp4_BpreShuffle_256x256E,4317.61,1217.14,0.0
gfx950,256,23516,1280,4096,54,0,71.6436,_ZN5aiter42f4gemm_bf16_per1x32Fp4_BpreShuffle_256x256E,3441.8,1549.1,0.0
gfx950,256,23516,4096,1024,36,0,87.207,_ZN5aiter42f4gemm_bf16_per1x32Fp4_BpreShuffle_64x1024E,2262.05,2371.14,0.0
gfx950,256,23519,9216,4096,54,0,423.3289,_ZN5aiter42f4gemm_bf16_per1x32Fp4_BpreShuffle_256x256E,4194.43,1182.4,0.0
gfx950,256,23526,1280,4096,54,0,71.1764,_ZN5aiter42f4gemm_bf16_per1x32Fp4_BpreShuffle_256x256E,3465.87,1559.92,0.0
gfx950,256,23526,4096,1024,54,0,88.02,_ZN5aiter42f4gemm_bf16_per1x32Fp4_BpreShuffle_256x256E,2242.11,2350.23,0.0
gfx950,256,23540,1280,4096,41,0,74.0757,_ZN5aiter41f4gemm_bf16_per1x32Fp4_BpreShuffle_96x640E,3332.2,1499.73,0.0
gfx950,256,23540,4096,1024,36,0,87.2212,_ZN5aiter42f4gemm_bf16_per1x32Fp4_BpreShuffle_64x1024E,2263.99,2373.15,0.0
gfx950,256,23540,9216,4096,54,0,412.3532,_ZN5aiter42f4gemm_bf16_per1x32Fp4_BpreShuffle_256x256E,4309.92,1214.91,0.0
gfx950,256,23542,9216,4096,54,0,411.6965,_ZN5aiter42f4gemm_bf16_per1x32Fp4_BpreShuffle_256x256E,4317.16,1216.95,0.0
gfx950,256,23553,4608,4096,54,0,221.0009,_ZN5aiter42f4gemm_bf16_per1x32Fp4_BpreShuffle_256x256E,4023.04,1243.15,0.0
gfx950,256,23554,9216,4096,54,0,425.3067,_ZN5aiter42f4gemm_bf16_per1x32Fp4_BpreShuffle_256x256E,4181.14,1178.59,0.0
gfx950,256,23556,4608,4096,54,0,218.2775,_ZN5aiter42f4gemm_bf16_per1x32Fp4_BpreShuffle_256x256E,4073.76,1258.82,0.0
gfx950,256,23561,1280,4096,54,0,75.2092,_ZN5aiter42f4gemm_bf16_per1x32Fp4_BpreShuffle_256x256E,3284.9,1478.42,0.0
gfx950,256,23561,4096,1024,54,0,88.2814,_ZN5aiter42f4gemm_bf16_per1x32Fp4_BpreShuffle_256x256E,2238.8,2346.72,0.0
gfx950,256,23563,9216,4096,54,0,424.641,_ZN5aiter42f4gemm_bf16_per1x32Fp4_BpreShuffle_256x256E,4189.3,1180.87,0.0
gfx950,256,23565,9216,4096,54,0,428.3979,_ZN5aiter42f4gemm_bf16_per1x32Fp4_BpreShuffle_256x256E,4152.91,1170.61,0.0
gfx950,256,23570,9216,4096,54,0,425.6439,_ZN5aiter42f4gemm_bf16_per1x32Fp4_BpreShuffle_256x256E,4180.67,1178.42,0.0
gfx950,256,23577,1280,4096,41,0,73.052,_ZN5aiter41f4gemm_bf16_per1x32Fp4_BpreShuffle_96x640E,3384.2,1523.08,0.0
gfx950,256,23577,4096,1024,36,0,87.7242,_ZN5aiter42f4gemm_bf16_per1x32Fp4_BpreShuffle_64x1024E,2254.55,2363.22,0.0
gfx950,256,23577,9216,4096,54,0,426.8881,_ZN5aiter42f4gemm_bf16_per1x32Fp4_BpreShuffle_256x256E,4169.72,1175.32,0.0
gfx950,256,23587,1280,4096,54,0,68.626,_ZN5aiter42f4gemm_bf16_per1x32Fp4_BpreShuffle_256x256E,3603.99,1621.98,0.0
gfx950,256,23587,4096,1024,54,0,88.5286,_ZN5aiter42f4gemm_bf16_per1x32Fp4_BpreShuffle_256x256E,2235.01,2342.73,0.0
gfx950,256,23605,1280,4096,54,0,70.6628,_ZN5aiter42f4gemm_bf16_per1x32Fp4_BpreShuffle_256x256E,3502.78,1576.41,0.0
gfx950,256,23605,4096,1024,36,0,88.0397,_ZN5aiter42f4gemm_bf16_per1x32Fp4_BpreShuffle_64x1024E,2249.13,2357.52,0.0
gfx950,256,23624,4608,4096,54,0,224.6673,_ZN5aiter42f4gemm_bf16_per1x32Fp4_BpreShuffle_256x256E,3969.32,1226.43,0.0
gfx950,256,23630,9216,4096,54,0,420.0753,_ZN5aiter42f4gemm_bf16_per1x32Fp4_BpreShuffle_256x256E,4246.87,1196.97,0.0
gfx950,256,23632,2304,4096,52,0,131.6495,_ZN5aiter42f4gemm_bf16_per1x32Fp4_BpreShuffle_224x256E,3388.08,1230.64,0.0
gfx950,256,23632,4096,2048,54,0,124.3861,_ZN5aiter42f4gemm_bf16_per1x32Fp4_BpreShuffle_256x256E,3187.49,1784.66,0.0
gfx950,256,23634,9216,4096,54,0,427.258,_ZN5aiter42f4gemm_bf16_per1x32Fp4_BpreShuffle_256x256E,4176.18,1177.04,0.0
gfx950,256,23649,9216,4096,54,0,421.9747,_ZN5aiter42f4gemm_bf16_per1x32Fp4_BpreShuffle_256x256E,4231.15,1192.5,0.0
gfx950,256,23651,1280,4096,54,0,70.6572,_ZN5aiter42f4gemm_bf16_per1x32Fp4_BpreShuffle_256x256E,3509.89,1579.53,0.0
gfx950,256,23651,4096,1024,54,0,87.7287,_ZN5aiter42f4gemm_bf16_per1x32Fp4_BpreShuffle_256x256E,2261.51,2370.44,0.0
gfx950,256,23655,1280,4096,54,0,72.1965,_ZN5aiter42f4gemm_bf16_per1x32Fp4_BpreShuffle_256x256E,3435.63,1546.11,0.0
gfx950,256,23655,4096,1024,54,0,88.1535,_ZN5aiter42f4gemm_bf16_per1x32Fp4_BpreShuffle_256x256E,2250.99,2359.41,0.0
gfx950,256,23662,1280,4096,54,0,73.806,_ZN5aiter42f4gemm_bf16_per1x32Fp4_BpreShuffle_256x256E,3361.71,1512.83,0.0
gfx950,256,23662,4096,1024,36,0,87.1153,_ZN5aiter42f4gemm_bf16_per1x32Fp4_BpreShuffle_64x1024E,2278.49,2388.23,0.0
gfx950,256,23664,4608,4096,54,0,226.3045,_ZN5aiter42f4gemm_bf16_per1x32Fp4_BpreShuffle_256x256E,3947.27,1219.54,0.0
gfx950,256,23665,2304,4096,54,0,130.0082,_ZN5aiter42f4gemm_bf16_per1x32Fp4_BpreShuffle_256x256E,3435.64,1247.87,0.0
gfx950,256,23665,4096,2048,54,0,122.811,_ZN5aiter42f4gemm_bf16_per1x32Fp4_BpreShuffle_256x256E,3232.88,1810.02,0.0
gfx950,256,23676,4608,4096,54,0,221.8241,_ZN5aiter42f4gemm_bf16_per1x32Fp4_BpreShuffle_256x256E,4029.04,1244.79,0.0
gfx950,256,23677,2304,4096,54,0,130.8113,_ZN5aiter42f4gemm_bf16_per1x32Fp4_BpreShuffle_256x256E,3416.28,1240.82,0.0
gfx950,256,23677,4096,2048,54,0,123.7569,_ZN5aiter42f4gemm_bf16_per1x32Fp4_BpreShuffle_256x256E,3209.79,1797.08,0.0
gfx950,256,23683,4608,4096,54,0,226.2976,_ZN5aiter42f4gemm_bf16_per1x32Fp4_BpreShuffle_256x256E,3950.56,1220.53,0.0
gfx950,256,23691,9216,4096,54,0,419.7773,_ZN5aiter42f4gemm_bf16_per1x32Fp4_BpreShuffle_256x256E,4260.86,1200.79,0.0
gfx950,256,23693,9216,4096,54,0,423.1862,_ZN5aiter42f4gemm_bf16_per1x32Fp4_BpreShuffle_256x256E,4226.89,1191.22,0.0
gfx950,256,23695,1280,4096,54,0,74.9188,_ZN5aiter42f4gemm_bf16_per1x32Fp4_BpreShuffle_256x256E,3316.39,1492.39,0.0
gfx950,256,23695,4096,1024,54,0,88.5444,_ZN5aiter42f4gemm_bf16_per1x32Fp4_BpreShuffle_256x256E,2244.84,2352.93,0.0
gfx950,256,23698,4608,4096,54,0,224.7057,_ZN5aiter42f4gemm_bf16_per1x32Fp4_BpreShuffle_256x256E,3981.07,1229.93,0.0
gfx950,256,23701,1280,4096,54,0,75.3124,_ZN5aiter42f4gemm_bf16_per1x32Fp4_BpreShuffle_256x256E,3299.89,1484.96,0.0
gfx950,256,23701,4096,1024,36,0,89.0332,_ZN5aiter42f4gemm_bf16_per1x32Fp4_BpreShuffle_64x1024E,2233.08,2340.59,0.0
gfx950,256,23707,1280,4096,41,0,72.7764,_ZN5aiter41f4gemm_bf16_per1x32Fp4_BpreShuffle_96x640E,3415.75,1537.08,0.0
gfx950,256,23707,4096,1024,54,0,88.0026,_ZN5aiter42f4gemm_bf16_per1x32Fp4_BpreShuffle_256x256E,2259.81,2368.6,0.0
gfx950,256,23710,9216,4096,54,0,423.0406,_ZN5aiter42f4gemm_bf16_per1x32Fp4_BpreShuffle_256x256E,4231.38,1192.45,0.0
gfx950,256,23730,4608,4096,54,0,224.3853,_ZN5aiter42f4gemm_bf16_per1x32Fp4_BpreShuffle_256x256E,3992.14,1233.29,0.0
gfx950,256,23733,1280,4096,54,0,71.962,_ZN5aiter42f4gemm_bf16_per1x32Fp4_BpreShuffle_256x256E,3458.19,1556.14,0.0
gfx950,256,23733,4096,1024,54,0,88.1883,_ZN5aiter42f4gemm_bf16_per1x32Fp4_BpreShuffle_256x256E,2257.52,2366.18,0.0
gfx950,256,23737,4608,4096,54,0,226.2313,_ZN5aiter42f4gemm_bf16_per1x32Fp4_BpreShuffle_256x256E,3960.73,1223.57,0.0
gfx950,256,23739,9216,4096,54,0,420.2766,_ZN5aiter42f4gemm_bf16_per1x32Fp4_BpreShuffle_256x256E,4264.42,1201.71,0.0
gfx950,256,23740,4608,4096,54,0,221.9209,_ZN5aiter42f4gemm_bf16_per1x32Fp4_BpreShuffle_256x256E,4038.17,1247.49,0.0
gfx950,256,23743,9216,4096,54,0,426.6987,_ZN5aiter42f4gemm_bf16_per1x32Fp4_BpreShuffle_256x256E,4200.94,1183.81,0.0
gfx950,256,23748,1280,4096,54,0,69.7507,_ZN5aiter42f4gemm_bf16_per1x32Fp4_BpreShuffle_256x256E,3570.08,1606.47,0.0
gfx950,256,23748,4096,1024,54,0,88.4569,_ZN5aiter42f4gemm_bf16_per1x32Fp4_BpreShuffle_256x256E,2252.09,2360.47,0.0
gfx950,256,23751,9216,4096,54,0,426.9627,_ZN5aiter42f4gemm_bf16_per1x32Fp4_BpreShuffle_256x256E,4199.76,1183.46,0.0
gfx950,256,23753,9216,4096,54,0,424.7834,_ZN5aiter42f4gemm_bf16_per1x32Fp4_BpreShuffle_256x256E,4221.66,1189.63,0.0
gfx950,256,23755,1280,4096,54,0,70.196,_ZN5aiter42f4gemm_bf16_per1x32Fp4_BpreShuffle_256x256E,3548.48,1596.74,0.0
gfx950,256,23755,4096,1024,36,0,88.7193,_ZN5aiter42f4gemm_bf16_per1x32Fp4_BpreShuffle_64x1024E,2246.09,2354.17,0.0
gfx950,256,23759,9216,4096,54,0,424.561,_ZN5aiter42f4gemm_bf16_per1x32Fp4_BpreShuffle_256x256E,4224.94,1190.54,0.0
gfx950,256,23762,9216,4096,54,0,425.8337,_ZN5aiter42f4gemm_bf16_per1x32Fp4_BpreShuffle_256x256E,4212.84,1187.13,0.0
gfx950,256,23766,9216,4096,54,0,427.7955,_ZN5aiter42f4gemm_bf16_per1x32Fp4_BpreShuffle_256x256E,4194.23,1181.88,0.0
gfx950,256,23774,2304,4096,54,0,133.0238,_ZN5aiter42f4gemm_bf16_per1x32Fp4_BpreShuffle_256x256E,3373.23,1225.03,0.0
gfx950,256,23774,4096,2048,54,0,124.9589,_ZN5aiter42f4gemm_bf16_per1x32Fp4_BpreShuffle_256x256E,3191.94,1786.95,0.0
gfx950,256,23776,9216,4096,54,0,427.3563,_ZN5aiter42f4gemm_bf16_per1x32Fp4_BpreShuffle_256x256E,4200.31,1183.57,0.0
gfx950,256,23788,9216,4096,54,0,424.4402,_ZN5aiter42f4gemm_bf16_per1x32Fp4_BpreShuffle_256x256E,4231.3,1192.28,0.0
gfx950,256,23791,9216,4096,54,0,429.8461,_ZN5aiter42f4gemm_bf16_per1x32Fp4_BpreShuffle_256x256E,4178.61,1177.43,0.0
gfx950,256,23793,1280,4096,54,0,73.0576,_ZN5aiter42f4gemm_bf16_per1x32Fp4_BpreShuffle_256x256E,3414.95,1536.59,0.0
gfx950,256,23793,4096,1024,54,0,87.8022,_ZN5aiter42f4gemm_bf16_per1x32Fp4_BpreShuffle_256x256E,2273.18,2382.53,0.0
gfx950,256,23795,9216,4096,54,0,429.2431,_ZN5aiter42f4gemm_bf16_per1x32Fp4_BpreShuffle_256x256E,4185.19,1179.28,0.0
gfx950,256,23797,9216,4096,54,0,420.6508,_ZN5aiter42f4gemm_bf16_per1x32Fp4_BpreShuffle_256x256E,4271.03,1203.46,0.0
gfx950,256,23799,9216,4096,54,0,430.5911,_ZN5aiter42f4gemm_bf16_per1x32Fp4_BpreShuffle_256x256E,4172.79,1175.77,0.0
gfx950,256,23802,9216,4096,54,0,431.3514,_ZN5aiter42f4gemm_bf16_per1x32Fp4_BpreShuffle_256x256E,4165.96,1173.84,0.0
gfx950,256,23806,1280,4096,54,0,72.8661,_ZN5aiter42f4gemm_bf16_per1x32Fp4_BpreShuffle_256x256E,3425.79,1541.45,0.0
gfx950,256,23806,4096,1024,54,0,88.7476,_ZN5aiter42f4gemm_bf16_per1x32Fp4_BpreShuffle_256x256E,2250.19,2358.43,0.0
gfx950,256,23807,4608,4096,54,0,226.1472,_ZN5aiter42f4gemm_bf16_per1x32Fp4_BpreShuffle_256x256E,3973.89,1227.52,0.0
gfx950,256,23815,9216,4096,54,0,427.4249,_ZN5aiter42f4gemm_bf16_per1x32Fp4_BpreShuffle_256x256E,4206.52,1185.25,0.0
gfx950,256,23827,4608,4096,54,0,225.8062,_ZN5aiter42f4gemm_bf16_per1x32Fp4_BpreShuffle_256x256E,3983.23,1230.37,0.0
gfx950,256,23830,9216,4096,54,0,423.803,_ZN5aiter42f4gemm_bf16_per1x32Fp4_BpreShuffle_256x256E,4245.14,1196.1,0.0
gfx950,256,23839,9216,4096,54,0,420.9882,_ZN5aiter42f4gemm_bf16_per1x32Fp4_BpreShuffle_256x256E,4275.14,1204.54,0.0
gfx950,256,23843,9216,4096,54,0,423.2414,_ZN5aiter42f4gemm_bf16_per1x32Fp4_BpreShuffle_256x256E,4253.1,1198.32,0.0
gfx950,256,23844,9216,4096,54,0,430.7306,_ZN5aiter42f4gemm_bf16_per1x32Fp4_BpreShuffle_256x256E,4179.32,1177.53,0.0
gfx950,256,23845,1280,4096,54,0,73.5668,_ZN5aiter42f4gemm_bf16_per1x32Fp4_BpreShuffle_256x256E,3398.72,1529.21,0.0
gfx950,256,23845,4096,1024,54,0,89.3502,_ZN5aiter42f4gemm_bf16_per1x32Fp4_BpreShuffle_256x256E,2238.68,2346.32,0.0
gfx950,256,23849,2304,4096,54,0,127.0965,_ZN5aiter42f4gemm_bf16_per1x32Fp4_BpreShuffle_256x256E,3541.68,1286.09,0.0
gfx950,256,23849,4096,2048,54,0,126.5658,_ZN5aiter42f4gemm_bf16_per1x32Fp4_BpreShuffle_256x256E,3161.36,1769.73,0.0
gfx950,256,23850,4608,4096,54,0,222.6097,_ZN5aiter42f4gemm_bf16_per1x32Fp4_BpreShuffle_256x256E,4044.33,1249.2,0.0
gfx950,256,23854,4608,4096,54,0,225.7505,_ZN5aiter42f4gemm_bf16_per1x32Fp4_BpreShuffle_256x256E,3988.73,1232.02,0.0
gfx950,256,23856,9216,4096,54,0,433.3558,_ZN5aiter42f4gemm_bf16_per1x32Fp4_BpreShuffle_256x256E,4156.09,1170.97,0.0
gfx950,256,23863,4608,4096,54,0,226.2654,_ZN5aiter42f4gemm_bf16_per1x32Fp4_BpreShuffle_256x256E,3981.16,1229.66,0.0
gfx950,256,23867,4608,4096,54,0,219.4713,_ZN5aiter42f4gemm_bf16_per1x32Fp4_BpreShuffle_256x256E,4105.09,1267.93,0.0
gfx950,256,23869,9216,4096,54,0,424.4014,_ZN5aiter42f4gemm_bf16_per1x32Fp4_BpreShuffle_256x256E,4246.1,1196.3,0.0
gfx950,256,23872,9216,4096,54,0,429.9873,_ZN5aiter42f4gemm_bf16_per1x32Fp4_BpreShuffle_256x256E,4191.46,1180.9,0.0
gfx950,256,23877,1280,4096,54,0,73.9096,_ZN5aiter42f4gemm_bf16_per1x32Fp4_BpreShuffle_256x256E,3387.5,1524.11,0.0
gfx950,256,23877,4096,1024,36,0,89.241,_ZN5aiter42f4gemm_bf16_per1x32Fp4_BpreShuffle_64x1024E,2244.43,2352.31,0.0
gfx950,256,23889,9216,4096,54,0,429.4378,_ZN5aiter42f4gemm_bf16_per1x32Fp4_BpreShuffle_256x256E,4199.81,1183.22,0.0
gfx950,256,23895,9216,4096,54,0,428.698,_ZN5aiter42f4gemm_bf16_per1x32Fp4_BpreShuffle_256x256E,4208.12,1185.55,0.0
gfx950,256,23900,4608,4096,54,0,227.5121,_ZN5aiter42f4gemm_bf16_per1x32Fp4_BpreShuffle_256x256E,3965.48,1224.76,0.0
gfx950,256,23902,2304,4096,52,0,132.4101,_ZN5aiter42f4gemm_bf16_per1x32Fp4_BpreShuffle_224x256E,3407.11,1237.14,0.0
gfx950,256,23902,4096,2048,45,0,125.9727,_ZN5aiter42f4gemm_bf16_per1x32Fp4_BpreShuffle_128x512E,3183.3,1781.93,0.0
gfx950,256,23903,9216,4096,54,0,433.0747,_ZN5aiter42f4gemm_bf16_per1x32Fp4_BpreShuffle_256x256E,4166.99,1173.95,0.0
gfx950,256,23920,4608,4096,54,0,226.6545,_ZN5aiter42f4gemm_bf16_per1x32Fp4_BpreShuffle_256x256E,3983.82,1230.38,0.0
gfx950,256,23921,9216,4096,54,0,430.9675,_ZN5aiter42f4gemm_bf16_per1x32Fp4_BpreShuffle_256x256E,4190.51,1180.54,0.0
gfx950,256,23930,1280,4096,54,0,73.0737,_ZN5aiter42f4gemm_bf16_per1x32Fp4_BpreShuffle_256x256E,3433.85,1544.89,0.0
gfx950,256,23930,4096,1024,54,0,88.6696,_ZN5aiter42f4gemm_bf16_per1x32Fp4_BpreShuffle_256x256E,2263.9,2372.67,0.0
gfx950,256,23933,9216,4096,54,0,432.8859,_ZN5aiter42f4gemm_bf16_per1x32Fp4_BpreShuffle_256x256E,4174.04,1175.88,0.0
gfx950,256,23935,9216,4096,54,0,430.7374,_ZN5aiter42f4gemm_bf16_per1x32Fp4_BpreShuffle_256x256E,4195.21,1181.84,0.0
gfx950,256,23953,4608,4096,54,0,225.3349,_ZN5aiter42f4gemm_bf16_per1x32Fp4_BpreShuffle_256x256E,4012.67,1239.24,0.0
gfx950,256,23954,9216,4096,54,0,420.7331,_ZN5aiter42f4gemm_bf16_per1x32Fp4_BpreShuffle_256x256E,4298.37,1210.87,0.0
gfx950,256,23963,9216,4096,54,0,426.9781,_ZN5aiter42f4gemm_bf16_per1x32Fp4_BpreShuffle_256x256E,4237.09,1193.59,0.0
gfx950,256,23967,9216,4096,54,0,428.5794,_ZN5aiter42f4gemm_bf16_per1x32Fp4_BpreShuffle_256x256E,4221.97,1189.32,0.0
gfx950,256,23980,4608,4096,54,0,223.5522,_ZN5aiter42f4gemm_bf16_per1x32Fp4_BpreShuffle_256x256E,4049.23,1250.48,0.0
gfx950,256,23982,9216,4096,54,0,433.4543,_ZN5aiter42f4gemm_bf16_per1x32Fp4_BpreShuffle_256x256E,4177.1,1176.65,0.0
gfx950,256,23985,2304,4096,41,0,132.5643,_ZN5aiter41f4gemm_bf16_per1x32Fp4_BpreShuffle_96x640E,3414.96,1239.87,0.0
gfx950,256,23985,4096,2048,54,0,123.6232,_ZN5aiter42f4gemm_bf16_per1x32Fp4_BpreShuffle_256x256E,3255.06,1821.99,0.0
gfx950,256,23985,9216,4096,54,0,424.9898,_ZN5aiter42f4gemm_bf16_per1x32Fp4_BpreShuffle_256x256E,4260.82,1200.23,0.0
gfx950,256,23987,4608,4096,54,0,226.4749,_ZN5aiter42f4gemm_bf16_per1x32Fp4_BpreShuffle_256x256E,3998.14,1234.69,0.0
gfx950,256,23991,2304,4096,54,0,131.4629,_ZN5aiter42f4gemm_bf16_per1x32Fp4_BpreShuffle_256x256E,3444.43,1250.56,0.0
gfx950,256,23991,4096,2048,54,0,125.9233,_ZN5aiter42f4gemm_bf16_per1x32Fp4_BpreShuffle_256x256E,3196.41,1789.15,0.0
gfx950,256,23991,9216,4096,54,0,433.0155,_ZN5aiter42f4gemm_bf16_per1x32Fp4_BpreShuffle_256x256E,4182.9,1178.27,0.0
gfx950,256,23993,9216,4096,54,0,428.8206,_ZN5aiter42f4gemm_bf16_per1x32Fp4_BpreShuffle_256x256E,4224.17,1189.89,0.0
gfx950,256,23994,2304,4096,54,0,131.878,_ZN5aiter42f4gemm_bf16_per1x32Fp4_BpreShuffle_256x256E,3434.02,1246.78,0.0
gfx950,256,23994,4096,2048,54,0,125.6349,_ZN5aiter42f4gemm_bf16_per1x32Fp4_BpreShuffle_256x256E,3204.15,1793.47,0.0
gfx950,256,24002,1280,4096,54,0,74.0308,_ZN5aiter42f4gemm_bf16_per1x32Fp4_BpreShuffle_256x256E,3399.66,1529.4,0.0
gfx950,256,24002,4096,1024,54,0,88.9994,_ZN5aiter42f4gemm_bf16_per1x32Fp4_BpreShuffle_256x256E,2262.3,2370.92,0.0
gfx950,256,24004,9216,4096,54,0,434.6435,_ZN5aiter42f4gemm_bf16_per1x32Fp4_BpreShuffle_256x256E,4169.49,1174.47,0.0
gfx950,256,24007,4608,4096,54,0,227.6061,_ZN5aiter42f4gemm_bf16_per1x32Fp4_BpreShuffle_256x256E,3981.59,1229.55,0.0
gfx950,256,24008,1280,4096,54,0,69.208,_ZN5aiter42f4gemm_bf16_per1x32Fp4_BpreShuffle_256x256E,3637.47,1636.38,0.0
gfx950,256,24008,4096,1024,54,0,89.6728,_ZN5aiter42f4gemm_bf16_per1x32Fp4_BpreShuffle_256x256E,2245.87,2353.7,0.0
gfx950,256,24012,9216,4096,54,0,428.2575,_ZN5aiter42f4gemm_bf16_per1x32Fp4_BpreShuffle_256x256E,4233.07,1192.37,0.0
gfx950,256,24024,9216,4096,54,0,426.6075,_ZN5aiter42f4gemm_bf16_per1x32Fp4_BpreShuffle_256x256E,4251.57,1197.55,0.0
gfx950,256,24037,9216,4096,54,0,430.8698,_ZN5aiter42f4gemm_bf16_per1x32Fp4_BpreShuffle_256x256E,4211.79,1186.33,0.0
gfx950,256,24045,1280,4096,54,0,71.1248,_ZN5aiter42f4gemm_bf16_per1x32Fp4_BpreShuffle_256x256E,3544.9,1594.67,0.0
gfx950,256,24045,4096,1024,54,0,88.801,_ZN5aiter42f4gemm_bf16_per1x32Fp4_BpreShuffle_256x256E,2271.42,2380.43,0.0
gfx950,256,24053,9216,4096,54,0,431.5896,_ZN5aiter42f4gemm_bf16_per1x32Fp4_BpreShuffle_256x256E,4207.56,1185.11,0.0
gfx950,256,24055,9216,4096,54,0,427.8402,_ZN5aiter42f4gemm_bf16_per1x32Fp4_BpreShuffle_256x256E,4244.79,1195.59,0.0
gfx950,256,24063,2304,4096,54,0,130.6708,_ZN5aiter42f4gemm_bf16_per1x32Fp4_BpreShuffle_256x256E,3475.71,1261.81,0.0
gfx950,256,24063,4096,2048,45,0,126.3037,_ZN5aiter42f4gemm_bf16_per1x32Fp4_BpreShuffle_128x512E,3196.34,1789.01,0.0
gfx950,256,24078,1280,4096,54,0,73.6228,_ZN5aiter42f4gemm_bf16_per1x32Fp4_BpreShuffle_256x256E,3429.32,1542.63,0.0
gfx950,256,24078,4096,1024,54,0,88.1707,_ZN5aiter42f4gemm_bf16_per1x32Fp4_BpreShuffle_256x256E,2290.79,2400.71,0.0
gfx950,256,24078,9216,4096,54,0,432.5007,_ZN5aiter42f4gemm_bf16_per1x32Fp4_BpreShuffle_256x256E,4203.06,1183.79,0.0
gfx950,256,24081,4608,4096,54,0,229.489,_ZN5aiter42f4gemm_bf16_per1x32Fp4_BpreShuffle_256x256E,3961.09,1223.09,0.0
gfx950,256,24086,1280,4096,54,0,76.0933,_ZN5aiter42f4gemm_bf16_per1x32Fp4_BpreShuffle_256x256E,3319.08,1493.03,0.0
gfx950,256,24086,4096,1024,45,0,88.9062,_ZN5aiter42f4gemm_bf16_per1x32Fp4_BpreShuffle_128x512E,2272.6,2381.63,0.0
gfx950,256,24087,4608,4096,54,0,228.5185,_ZN5aiter42f4gemm_bf16_per1x32Fp4_BpreShuffle_256x256E,3978.91,1228.58,0.0
gfx950,256,24088,9216,4096,54,0,434.8269,_ZN5aiter42f4gemm_bf16_per1x32Fp4_BpreShuffle_256x256E,4182.32,1177.93,0.0
gfx950,256,24089,9216,4096,54,0,427.3887,_ZN5aiter42f4gemm_bf16_per1x32Fp4_BpreShuffle_256x256E,4255.28,1198.48,0.0
gfx950,256,24099,9216,4096,54,0,428.906,_ZN5aiter42f4gemm_bf16_per1x32Fp4_BpreShuffle_256x256E,4241.99,1194.72,0.0
gfx950,256,24104,2304,4096,54,0,130.2632,_ZN5aiter42f4gemm_bf16_per1x32Fp4_BpreShuffle_256x256E,3492.53,1267.85,0.0
gfx950,256,24104,4096,2048,54,0,126.8535,_ZN5aiter42f4gemm_bf16_per1x32Fp4_BpreShuffle_256x256E,3187.91,1784.24,0.0
gfx950,256,24105,9216,4096,54,0,433.7053,_ZN5aiter42f4gemm_bf16_per1x32Fp4_BpreShuffle_256x256E,4196.09,1181.78,0.0
gfx950,256,24125,4608,4096,54,0,230.9364,_ZN5aiter42f4gemm_bf16_per1x32Fp4_BpreShuffle_256x256E,3943.46,1217.57,0.0
gfx950,256,24126,1280,4096,41,0,75.5189,_ZN5aiter41f4gemm_bf16_per1x32Fp4_BpreShuffle_96x640E,3349.88,1506.83,0.0
gfx950,256,24126,4096,1024,45,0,89.4246,_ZN5aiter42f4gemm_bf16_per1x32Fp4_BpreShuffle_128x512E,2263.18,2371.72,0.0
gfx950,256,24138,9216,4096,54,0,429.4163,_ZN5aiter42f4gemm_bf16_per1x32Fp4_BpreShuffle_256x256E,4243.8,1195.16,0.0
gfx950,256,24142,4608,4096,54,0,228.3416,_ZN5aiter42f4gemm_bf16_per1x32Fp4_BpreShuffle_256x256E,3991.08,1232.24,0.0
gfx950,256,24143,9216,4096,54,0,436.0228,_ZN5aiter42f4gemm_bf16_per1x32Fp4_BpreShuffle_256x256E,4180.37,1177.28,0.0
gfx950,256,24151,9216,4096,54,0,440.3045,_ZN5aiter42f4gemm_bf16_per1x32Fp4_BpreShuffle_256x256E,4141.09,1166.21,0.0
gfx950,256,24153,2304,4096,54,0,130.3956,_ZN5aiter42f4gemm_bf16_per1x32Fp4_BpreShuffle_256x256E,3496.07,1269.07,0.0
gfx950,256,24153,4096,2048,54,0,125.055,_ZN5aiter42f4gemm_bf16_per1x32Fp4_BpreShuffle_256x256E,3240.34,1813.51,0.0
gfx950,256,24163,4608,4096,54,0,225.9992,_ZN5aiter42f4gemm_bf16_per1x32Fp4_BpreShuffle_256x256E,4035.96,1246.06,0.0
gfx950,256,24170,9216,4096,54,0,428.014,_ZN5aiter42f4gemm_bf16_per1x32Fp4_BpreShuffle_256x256E,4263.35,1200.61,0.0
gfx950,256,24175,2304,4096,54,0,131.8854,_ZN5aiter42f4gemm_bf16_per1x32Fp4_BpreShuffle_256x256E,3459.73,1255.84,0.0
gfx950,256,24175,4096,2048,54,0,126.3555,_ZN5aiter42f4gemm_bf16_per1x32Fp4_BpreShuffle_256x256E,3209.91,1796.45,0.0
gfx950,256,24179,4608,4096,54,0,229.1204,_ZN5aiter42f4gemm_bf16_per1x32Fp4_BpreShuffle_256x256E,3983.61,1229.87,0.0
gfx950,256,24181,1280,4096,54,0,72.5733,_ZN5aiter42f4gemm_bf16_per1x32Fp4_BpreShuffle_256x256E,3493.79,1571.48,0.0
gfx950,256,24181,4096,1024,54,0,89.5571,_ZN5aiter42f4gemm_bf16_per1x32Fp4_BpreShuffle_256x256E,2264.98,2373.55,0.0
gfx950,256,24181,4608,4096,54,0,229.8277,_ZN5aiter42f4gemm_bf16_per1x32Fp4_BpreShuffle_256x256E,3971.68,1226.19,0.0
gfx950,256,24189,4608,4096,54,0,227.5653,_ZN5aiter42f4gemm_bf16_per1x32Fp4_BpreShuffle_256x256E,4012.49,1238.77,0.0
gfx950,256,24191,9216,4096,54,0,428.7766,_ZN5aiter42f4gemm_bf16_per1x32Fp4_BpreShuffle_256x256E,4259.47,1199.47,0.0
gfx950,256,24193,4608,4096,54,0,227.1997,_ZN5aiter42f4gemm_bf16_per1x32Fp4_BpreShuffle_256x256E,4019.61,1240.97,0.0
gfx950,256,24195,4608,4096,54,0,227.3433,_ZN5aiter42f4gemm_bf16_per1x32Fp4_BpreShuffle_256x256E,4017.41,1240.28,0.0
gfx950,256,24203,9216,4096,54,0,431.8524,_ZN5aiter42f4gemm_bf16_per1x32Fp4_BpreShuffle_256x256E,4231.23,1191.5,0.0
gfx950,256,24217,9216,4096,54,0,434.7975,_ZN5aiter42f4gemm_bf16_per1x32Fp4_BpreShuffle_256x256E,4205.0,1184.09,0.0
gfx950,256,24220,1280,4096,54,0,74.9334,_ZN5aiter42f4gemm_bf16_per1x32Fp4_BpreShuffle_256x256E,3389.21,1524.38,0.0
gfx950,256,24220,4096,1024,54,0,89.2408,_ZN5aiter42f4gemm_bf16_per1x32Fp4_BpreShuffle_256x256E,2276.67,2385.77,0.0
gfx950,256,24220,9216,4096,54,0,429.2591,_ZN5aiter42f4gemm_bf16_per1x32Fp4_BpreShuffle_256x256E,4259.78,1199.51,0.0
gfx950,256,24224,4608,4096,54,0,228.3648,_ZN5aiter42f4gemm_bf16_per1x32Fp4_BpreShuffle_256x256E,4004.23,1236.16,0.0
gfx950,256,24234,9216,4096,54,0,428.7859,_ZN5aiter42f4gemm_bf16_per1x32Fp4_BpreShuffle_256x256E,4266.94,1201.5,0.0
gfx950,256,24238,9216,4096,54,0,433.1656,_ZN5aiter42f4gemm_bf16_per1x32Fp4_BpreShuffle_256x256E,4224.5,1189.54,0.0
gfx950,256,24239,2304,4096,54,0,128.9796,_ZN5aiter42f4gemm_bf16_per1x32Fp4_BpreShuffle_256x256E,3547.04,1287.44,0.0
gfx950,256,24239,4096,2048,54,0,126.8932,_ZN5aiter42f4gemm_bf16_per1x32Fp4_BpreShuffle_256x256E,3204.77,1793.48,0.0
gfx950,256,24240,1280,4096,41,0,76.7506,_ZN5aiter41f4gemm_bf16_per1x32Fp4_BpreShuffle_96x640E,3311.7,1489.49,0.0
gfx950,256,24240,4096,1024,54,0,89.4672,_ZN5aiter42f4gemm_bf16_per1x32Fp4_BpreShuffle_256x256E,2272.79,2381.68,0.0
gfx950,256,24249,9216,4096,54,0,432.4371,_ZN5aiter42f4gemm_bf16_per1x32Fp4_BpreShuffle_256x256E,4233.54,1192.07,0.0
gfx950,256,24251,9216,4096,54,0,434.8766,_ZN5aiter42f4gemm_bf16_per1x32Fp4_BpreShuffle_256x256E,4210.13,1185.47,0.0
gfx950,256,24260,9216,4096,54,0,433.0812,_ZN5aiter42f4gemm_bf16_per1x32Fp4_BpreShuffle_256x256E,4229.16,1190.81,0.0
gfx950,256,24267,9216,4096,54,0,435.754,_ZN5aiter42f4gemm_bf16_per1x32Fp4_BpreShuffle_256x256E,4204.43,1183.84,0.0
gfx950,256,24274,4608,4096,54,0,228.5362,_ZN5aiter42f4gemm_bf16_per1x32Fp4_BpreShuffle_256x256E,4009.49,1237.7,0.0
gfx950,256,24277,9216,4096,54,0,434.7566,_ZN5aiter42f4gemm_bf16_per1x32Fp4_BpreShuffle_256x256E,4215.81,1187.03,0.0
gfx950,256,24279,9216,4096,54,0,433.38,_ZN5aiter42f4gemm_bf16_per1x32Fp4_BpreShuffle_256x256E,4229.55,1190.89,0.0
gfx950,256,24285,1280,4096,54,0,73.3868,_ZN5aiter42f4gemm_bf16_per1x32Fp4_BpreShuffle_256x256E,3469.92,1560.59,0.0
gfx950,256,24285,4096,1024,54,0,89.4068,_ZN5aiter42f4gemm_bf16_per1x32Fp4_BpreShuffle_256x256E,2278.54,2387.67,0.0
gfx950,256,24289,9216,4096,54,0,427.9586,_ZN5aiter42f4gemm_bf16_per1x32Fp4_BpreShuffle_256x256E,4284.9,1206.46,0.0
gfx950,256,24298,4608,4096,54,0,228.8531,_ZN5aiter42f4gemm_bf16_per1x32Fp4_BpreShuffle_256x256E,4007.89,1237.17,0.0
gfx950,256,24303,9216,4096,54,0,434.3958,_ZN5aiter42f4gemm_bf16_per1x32Fp4_BpreShuffle_256x256E,4223.83,1189.24,0.0
gfx950,256,24304,4608,4096,54,0,228.8786,_ZN5aiter42f4gemm_bf16_per1x32Fp4_BpreShuffle_256x256E,4008.44,1237.33,0.0
gfx950,256,24305,9216,4096,54,0,430.5777,_ZN5aiter42f4gemm_bf16_per1x32Fp4_BpreShuffle_256x256E,4261.64,1199.88,0.0
gfx950,256,24309,9216,4096,54,0,431.2449,_ZN5aiter42f4gemm_bf16_per1x32Fp4_BpreShuffle_256x256E,4255.74,1198.21,0.0
gfx950,256,24315,4608,4096,54,0,228.7867,_ZN5aiter42f4gemm_bf16_per1x32Fp4_BpreShuffle_256x256E,4011.86,1238.36,0.0
gfx950,256,24318,9216,4096,54,0,436.8258,_ZN5aiter42f4gemm_bf16_per1x32Fp4_BpreShuffle_256x256E,4202.93,1183.33,0.0
gfx950,256,24320,1280,4096,54,0,75.7304,_ZN5aiter42f4gemm_bf16_per1x32Fp4_BpreShuffle_256x256E,3367.39,1514.42,0.0
gfx950,256,24320,4096,1024,45,0,88.9306,_ZN5aiter42f4gemm_bf16_per1x32Fp4_BpreShuffle_128x512E,2294.05,2403.88,0.0
gfx950,256,24320,4608,4096,54,0,228.3855,_ZN5aiter42f4gemm_bf16_per1x32Fp4_BpreShuffle_256x256E,4019.74,1240.79,0.0
gfx950,256,24340,9216,4096,54,0,435.9121,_ZN5aiter42f4gemm_bf16_per1x32Fp4_BpreShuffle_256x256E,4215.55,1186.84,0.0
gfx950,256,24349,9216,4096,54,0,438.7747,_ZN5aiter42f4gemm_bf16_per1x32Fp4_BpreShuffle_256x256E,4189.59,1179.52,0.0
gfx950,256,24362,1280,4096,54,0,74.6208,_ZN5aiter42f4gemm_bf16_per1x32Fp4_BpreShuffle_256x256E,3423.36,1539.54,0.0
gfx950,256,24362,4096,1024,54,0,88.406,_ZN5aiter42f4gemm_bf16_per1x32Fp4_BpreShuffle_256x256E,2311.64,2422.28,0.0
gfx950,256,24363,4608,4096,54,0,227.1237,_ZN5aiter42f4gemm_bf16_per1x32Fp4_BpreShuffle_256x256E,4049.21,1249.81,0.0
gfx950,256,24364,1280,4096,54,0,72.8248,_ZN5aiter42f4gemm_bf16_per1x32Fp4_BpreShuffle_256x256E,3508.08,1577.63,0.0
gfx950,256,24364,4096,1024,36,0,89.5314,_ZN5aiter42f4gemm_bf16_per1x32Fp4_BpreShuffle_64x1024E,2282.78,2392.03,0.0
gfx950,256,24370,4608,4096,54,0,228.5601,_ZN5aiter42f4gemm_bf16_per1x32Fp4_BpreShuffle_256x256E,4024.92,1242.3,0.0
gfx950,256,24371,9216,4096,54,0,440.0747,_ZN5aiter42f4gemm_bf16_per1x32Fp4_BpreShuffle_256x256E,4180.99,1177.06,0.0
gfx950,256,24373,9216,4096,54,0,430.9533,_ZN5aiter42f4gemm_bf16_per1x32Fp4_BpreShuffle_256x256E,4269.84,1202.06,0.0
gfx950,256,24396,9216,4096,54,0,433.3398,_ZN5aiter42f4gemm_bf16_per1x32Fp4_BpreShuffle_256x256E,4250.33,1196.53,0.0
gfx950,256,24404,9216,4096,54,0,430.1322,_ZN5aiter42f4gemm_bf16_per1x32Fp4_BpreShuffle_256x256E,4283.43,1205.83,0.0
gfx950,256,24418,9216,4096,54,0,437.2726,_ZN5aiter42f4gemm_bf16_per1x32Fp4_BpreShuffle_256x256E,4215.9,1186.8,0.0
gfx950,256,24425,1280,4096,41,0,74.9396,_ZN5aiter41f4gemm_bf16_per1x32Fp4_BpreShuffle_96x640E,3417.61,1536.86,0.0
gfx950,256,24425,4096,1024,54,0,89.3926,_ZN5aiter42f4gemm_bf16_per1x32Fp4_BpreShuffle_256x256E,2292.04,2401.68,0.0
gfx950,256,24427,9216,4096,54,0,433.0286,_ZN5aiter42f4gemm_bf16_per1x32Fp4_BpreShuffle_256x256E,4258.79,1198.86,0.0
gfx950,256,24443,2304,4096,48,0,133.9269,_ZN5aiter42f4gemm_bf16_per1x32Fp4_BpreShuffle_160x384E,3444.76,1250.02,0.0
gfx950,256,24443,4096,2048,45,0,129.6775,_ZN5aiter42f4gemm_bf16_per1x32Fp4_BpreShuffle_128x512E,3162.35,1769.47,0.0
gfx950,256,24444,1280,4096,54,0,76.026,_ZN5aiter42f4gemm_bf16_per1x32Fp4_BpreShuffle_256x256E,3371.4,1516.05,0.0
gfx950,256,24444,4096,1024,54,0,87.9871,_ZN5aiter42f4gemm_bf16_per1x32Fp4_BpreShuffle_256x256E,2330.47,2441.92,0.0
gfx950,256,24444,9216,4096,54,0,431.1038,_ZN5aiter42f4gemm_bf16_per1x32Fp4_BpreShuffle_256x256E,4280.78,1205.02,0.0
gfx950,256,24445,9216,4096,54,0,435.1006,_ZN5aiter42f4gemm_bf16_per1x32Fp4_BpreShuffle_256x256E,4241.63,1194.0,0.0
gfx950,256,24447,9216,4096,54,0,438.2714,_ZN5aiter42f4gemm_bf16_per1x32Fp4_BpreShuffle_256x256E,4211.29,1185.45,0.0
gfx950,256,24464,9216,4096,54,0,436.3953,_ZN5aiter42f4gemm_bf16_per1x32Fp4_BpreShuffle_256x256E,4232.33,1191.34,0.0
gfx950,256,24465,1280,4096,54,0,72.632,_ZN5aiter42f4gemm_bf16_per1x32Fp4_BpreShuffle_256x256E,3531.97,1588.23,0.0
gfx950,256,24465,4096,1024,54,0,89.8758,_ZN5aiter42f4gemm_bf16_per1x32Fp4_BpreShuffle_256x256E,2283.45,2392.64,0.0
gfx950,256,24477,4608,4096,54,0,230.7769,_ZN5aiter42f4gemm_bf16_per1x32Fp4_BpreShuffle_256x256E,4003.76,1235.59,0.0
gfx950,256,24479,2304,4096,54,0,129.2035,_ZN5aiter42f4gemm_bf16_per1x32Fp4_BpreShuffle_256x256E,3575.95,1297.57,0.0
gfx950,256,24479,4096,2048,45,0,127.408,_ZN5aiter42f4gemm_bf16_per1x32Fp4_BpreShuffle_128x512E,3223.42,1803.6,0.0
gfx950,256,24479,9216,4096,54,0,438.7504,_ZN5aiter42f4gemm_bf16_per1x32Fp4_BpreShuffle_256x256E,4212.2,1185.65,0.0
gfx950,256,24486,4608,4096,54,0,229.8438,_ZN5aiter42f4gemm_bf16_per1x32Fp4_BpreShuffle_256x256E,4021.49,1241.05,0.0
gfx950,256,24491,9216,4096,54,0,437.7832,_ZN5aiter42f4gemm_bf16_per1x32Fp4_BpreShuffle_256x256E,4223.57,1188.83,0.0
gfx950,256,24494,9216,4096,54,0,434.5382,_ZN5aiter42f4gemm_bf16_per1x32Fp4_BpreShuffle_256x256E,4255.63,1197.85,0.0
gfx950,256,24499,9216,4096,54,0,436.9869,_ZN5aiter42f4gemm_bf16_per1x32Fp4_BpreShuffle_256x256E,4232.65,1191.37,0.0
gfx950,256,24500,1280,4096,54,0,70.7576,_ZN5aiter42f4gemm_bf16_per1x32Fp4_BpreShuffle_256x256E,3630.72,1632.58,0.0
gfx950,256,24500,4096,1024,54,0,90.1046,_ZN5aiter42f4gemm_bf16_per1x32Fp4_BpreShuffle_256x256E,2280.91,2389.95,0.0
gfx950,256,24501,4608,4096,54,0,231.4634,_ZN5aiter42f4gemm_bf16_per1x32Fp4_BpreShuffle_256x256E,3995.8,1233.1,0.0
gfx950,256,24506,9216,4096,54,0,429.2845,_ZN5aiter42f4gemm_bf16_per1x32Fp4_BpreShuffle_256x256E,4309.82,1213.08,0.0
gfx950,256,24511,1280,4096,41,0,76.6741,_ZN5aiter41f4gemm_bf16_per1x32Fp4_BpreShuffle_96x640E,3352.06,1507.26,0.0
gfx950,256,24511,4096,1024,45,0,89.753,_ZN5aiter42f4gemm_bf16_per1x32Fp4_BpreShuffle_128x512E,2290.88,2400.38,0.0
gfx950,256,24511,4608,4096,54,0,228.3837,_ZN5aiter42f4gemm_bf16_per1x32Fp4_BpreShuffle_256x256E,4051.34,1250.22,0.0
gfx950,256,24518,9216,4096,54,0,440.7634,_ZN5aiter42f4gemm_bf16_per1x32Fp4_BpreShuffle_256x256E,4199.64,1182.05,0.0
gfx950,256,24522,9216,4096,54,0,435.8187,_ZN5aiter42f4gemm_bf16_per1x32Fp4_BpreShuffle_256x256E,4247.98,1195.65,0.0
gfx950,256,24524,2304,4096,54,0,132.3164,_ZN5aiter42f4gemm_bf16_per1x32Fp4_BpreShuffle_256x256E,3498.24,1269.31,0.0
gfx950,256,24524,4096,2048,54,0,128.4214,_ZN5aiter42f4gemm_bf16_per1x32Fp4_BpreShuffle_256x256E,3203.86,1792.59,0.0
gfx950,256,24524,9216,4096,54,0,440.1709,_ZN5aiter42f4gemm_bf16_per1x32Fp4_BpreShuffle_256x256E,4206.32,1183.92,0.0
gfx950,256,24533,9216,4096,54,0,440.9514,_ZN5aiter42f4gemm_bf16_per1x32Fp4_BpreShuffle_256x256E,4200.42,1182.24,0.0
gfx950,256,24536,1280,4096,54,0,73.3084,_ZN5aiter42f4gemm_bf16_per1x32Fp4_BpreShuffle_256x256E,3509.54,1578.04,0.0
gfx950,256,24536,4096,1024,54,0,88.0753,_ZN5aiter42f4gemm_bf16_per1x32Fp4_BpreShuffle_256x256E,2336.9,2448.57,0.0
gfx950,256,24547,4608,4096,54,0,229.222,_ZN5aiter42f4gemm_bf16_per1x32Fp4_BpreShuffle_256x256E,4042.45,1247.41,0.0
gfx950,256,24549,1280,4096,54,0,70.2681,_ZN5aiter42f4gemm_bf16_per1x32Fp4_BpreShuffle_256x256E,3663.33,1647.17,0.0
gfx950,256,24549,4096,1024,45,0,90.2878,_ZN5aiter42f4gemm_bf16_per1x32Fp4_BpreShuffle_128x512E,2280.84,2389.82,0.0
gfx950,256,24553,1280,4096,54,0,76.5745,_ZN5aiter42f4gemm_bf16_per1x32Fp4_BpreShuffle_256x256E,3362.17,1511.75,0.0
gfx950,256,24553,4096,1024,36,0,89.1271,_ZN5aiter42f4gemm_bf16_per1x32Fp4_BpreShuffle_64x1024E,2310.92,2421.33,0.0
gfx950,256,24555,4608,4096,54,0,226.4245,_ZN5aiter42f4gemm_bf16_per1x32Fp4_BpreShuffle_256x256E,4093.73,1263.22,0.0
gfx950,256,24558,9216,4096,54,0,440.2615,_ZN5aiter42f4gemm_bf16_per1x32Fp4_BpreShuffle_256x256E,4211.29,1185.26,0.0
gfx950,256,24561,9216,4096,54,0,432.1002,_ZN5aiter42f4gemm_bf16_per1x32Fp4_BpreShuffle_256x256E,4291.35,1207.78,0.0
gfx950,256,24563,9216,4096,54,0,433.9002,_ZN5aiter42f4gemm_bf16_per1x32Fp4_BpreShuffle_256x256E,4273.9,1202.87,0.0
gfx950,256,24564,9216,4096,54,0,437.0506,_ZN5aiter42f4gemm_bf16_per1x32Fp4_BpreShuffle_256x256E,4243.26,1194.24,0.0
gfx950,256,24571,4608,4096,54,0,227.1476,_ZN5aiter42f4gemm_bf16_per1x32Fp4_BpreShuffle_256x256E,4083.35,1260.0,0.0
gfx950,256,24576,4608,4096,54,0,231.7566,_ZN5aiter42f4gemm_bf16_per1x32Fp4_BpreShuffle_256x256E,4002.96,1235.18,0.0
gfx950,256,24582,1280,4096,54,0,74.0412,_ZN5aiter42f4gemm_bf16_per1x32Fp4_BpreShuffle_256x256E,3481.32,1565.28,0.0
gfx950,256,24582,4096,1024,54,0,95.5068,_ZN5aiter42f4gemm_bf16_per1x32Fp4_BpreShuffle_256x256E,2159.1,2262.24,0.0
gfx950,256,24584,4608,4096,54,0,228.0266,_ZN5aiter42f4gemm_bf16_per1x32Fp4_BpreShuffle_256x256E,4069.77,1255.78,0.0
gfx950,256,24585,9216,4096,54,0,441.7116,_ZN5aiter42f4gemm_bf16_per1x32Fp4_BpreShuffle_256x256E,4202.08,1182.62,0.0
gfx950,256,24586,1280,4096,54,0,78.6041,_ZN5aiter42f4gemm_bf16_per1x32Fp4_BpreShuffle_256x256E,3279.76,1474.65,0.0
gfx950,256,24586,4096,1024,54,0,94.6911,_ZN5aiter42f4gemm_bf16_per1x32Fp4_BpreShuffle_256x256E,2178.05,2282.09,0.0
gfx950,256,24594,1280,4096,54,0,78.2033,_ZN5aiter42f4gemm_bf16_per1x32Fp4_BpreShuffle_256x256E,3297.65,1482.68,0.0
gfx950,256,24594,4096,1024,54,0,95.2666,_ZN5aiter42f4gemm_bf16_per1x32Fp4_BpreShuffle_256x256E,2165.6,2269.04,0.0
gfx950,256,24594,9216,4096,54,0,440.3075,_ZN5aiter42f4gemm_bf16_per1x32Fp4_BpreShuffle_256x256E,4217.02,1186.81,0.0
gfx950,256,24597,9216,4096,54,0,434.6568,_ZN5aiter42f4gemm_bf16_per1x32Fp4_BpreShuffle_256x256E,4272.36,1202.38,0.0
gfx950,256,24599,9216,4096,54,0,437.1902,_ZN5aiter42f4gemm_bf16_per1x32Fp4_BpreShuffle_256x256E,4247.95,1195.5,0.0
gfx950,256,24602,2304,4096,54,0,133.0192,_ZN5aiter42f4gemm_bf16_per1x32Fp4_BpreShuffle_256x256E,3490.83,1266.51,0.0
gfx950,256,24602,4096,2048,54,0,136.5739,_ZN5aiter42f4gemm_bf16_per1x32Fp4_BpreShuffle_256x256E,3022.2,1690.85,0.0
gfx950,256,24603,9216,4096,54,0,439.0671,_ZN5aiter42f4gemm_bf16_per1x32Fp4_BpreShuffle_256x256E,4230.48,1190.58,0.0
gfx950,256,24607,9216,4096,54,0,439.6727,_ZN5aiter42f4gemm_bf16_per1x32Fp4_BpreShuffle_256x256E,4225.34,1189.12,0.0
gfx950,256,24613,9216,4096,54,0,436.314,_ZN5aiter42f4gemm_bf16_per1x32Fp4_BpreShuffle_256x256E,4258.9,1198.56,0.0
gfx950,256,24616,9216,4096,54,0,435.0623,_ZN5aiter42f4gemm_bf16_per1x32Fp4_BpreShuffle_256x256E,4271.68,1202.15,0.0
gfx950,256,24621,4608,4096,54,0,232.8994,_ZN5aiter42f4gemm_bf16_per1x32Fp4_BpreShuffle_256x256E,3990.61,1231.3,0.0
gfx950,256,24623,1280,4096,54,0,72.2748,_ZN5aiter42f4gemm_bf16_per1x32Fp4_BpreShuffle_256x256E,3572.35,1606.15,0.0
gfx950,256,24623,4096,1024,54,0,96.0387,_ZN5aiter42f4gemm_bf16_per1x32Fp4_BpreShuffle_256x256E,2150.72,2253.42,0.0
gfx950,256,24626,1280,4096,54,0,75.4424,_ZN5aiter42f4gemm_bf16_per1x32Fp4_BpreShuffle_256x256E,3422.77,1538.9,0.0
gfx950,256,24626,4096,1024,54,0,95.702,_ZN5aiter42f4gemm_bf16_per1x32Fp4_BpreShuffle_256x256E,2158.55,2261.62,0.0
gfx950,256,24627,9216,4096,54,0,434.7021,_ZN5aiter42f4gemm_bf16_per1x32Fp4_BpreShuffle_256x256E,4277.13,1203.66,0.0
gfx950,256,24628,9216,4096,54,0,439.3667,_ZN5aiter42f4gemm_bf16_per1x32Fp4_BpreShuffle_256x256E,4231.89,1190.93,0.0
gfx950,256,24630,4608,4096,54,0,230.629,_ZN5aiter42f4gemm_bf16_per1x32Fp4_BpreShuffle_256x256E,4031.37,1243.86,0.0
gfx950,256,24630,9216,4096,54,0,438.6481,_ZN5aiter42f4gemm_bf16_per1x32Fp4_BpreShuffle_256x256E,4239.17,1192.98,0.0
gfx950,256,24647,1280,4096,54,0,69.2112,_ZN5aiter42f4gemm_bf16_per1x32Fp4_BpreShuffle_256x256E,3734.11,1678.84,0.0
gfx950,256,24647,4096,1024,54,0,96.9427,_ZN5aiter42f4gemm_bf16_per1x32Fp4_BpreShuffle_256x256E,2132.74,2234.56,0.0
gfx950,256,24648,1280,4096,54,0,75.498,_ZN5aiter42f4gemm_bf16_per1x32Fp4_BpreShuffle_256x256E,3423.31,1539.11,0.0
gfx950,256,24648,4096,1024,54,0,98.186,_ZN5aiter42f4gemm_bf16_per1x32Fp4_BpreShuffle_256x256E,2105.82,2206.36,0.0
gfx950,256,24652,9216,4096,54,0,431.8353,_ZN5aiter42f4gemm_bf16_per1x32Fp4_BpreShuffle_256x256E,4309.89,1212.84,0.0
gfx950,256,24659,9216,4096,54,0,438.5289,_ZN5aiter42f4gemm_bf16_per1x32Fp4_BpreShuffle_256x256E,4245.31,1194.65,0.0
gfx950,256,24661,2304,4096,54,0,134.0694,_ZN5aiter42f4gemm_bf16_per1x32Fp4_BpreShuffle_256x256E,3471.79,1259.51,0.0
gfx950,256,24661,4096,2048,54,0,137.2657,_ZN5aiter42f4gemm_bf16_per1x32Fp4_BpreShuffle_256x256E,3014.18,1686.29,0.0
gfx950,256,24661,9216,4096,54,0,442.4959,_ZN5aiter42f4gemm_bf16_per1x32Fp4_BpreShuffle_256x256E,4207.59,1184.04,0.0
gfx950,256,24670,4608,4096,54,0,229.6413,_ZN5aiter42f4gemm_bf16_per1x32Fp4_BpreShuffle_256x256E,4055.29,1251.17,0.0
gfx950,256,24676,9216,4096,54,0,441.0169,_ZN5aiter42f4gemm_bf16_per1x32Fp4_BpreShuffle_256x256E,4224.27,1188.7,0.0
gfx950,256,24677,4608,4096,54,0,227.6263,_ZN5aiter42f4gemm_bf16_per1x32Fp4_BpreShuffle_256x256E,4092.35,1262.59,0.0
gfx950,256,24677,9216,4096,54,0,434.4296,_ZN5aiter42f4gemm_bf16_per1x32Fp4_BpreShuffle_256x256E,4288.5,1206.78,0.0
gfx950,256,24679,4608,4096,54,0,231.4809,_ZN5aiter42f4gemm_bf16_per1x32Fp4_BpreShuffle_256x256E,4024.53,1241.66,0.0
gfx950,256,24680,2304,4096,54,0,134.5617,_ZN5aiter42f4gemm_bf16_per1x32Fp4_BpreShuffle_256x256E,3461.75,1255.85,0.0
gfx950,256,24680,4096,2048,54,0,137.71,_ZN5aiter42f4gemm_bf16_per1x32Fp4_BpreShuffle_256x256E,3006.77,1682.12,0.0
gfx950,256,24701,4608,4096,54,0,225.7363,_ZN5aiter42f4gemm_bf16_per1x32Fp4_BpreShuffle_256x256E,4130.62,1274.36,0.0
gfx950,256,24704,4608,4096,54,0,233.673,_ZN5aiter42f4gemm_bf16_per1x32Fp4_BpreShuffle_256x256E,3990.81,1231.22,0.0
gfx950,256,24716,9216,4096,54,0,436.141,_ZN5aiter42f4gemm_bf16_per1x32Fp4_BpreShuffle_256x256E,4278.42,1203.87,0.0
gfx950,256,24720,4608,4096,54,0,229.3484,_ZN5aiter42f4gemm_bf16_per1x32Fp4_BpreShuffle_256x256E,4068.7,1255.22,0.0
gfx950,256,24722,9216,4096,54,0,444.4827,_ZN5aiter42f4gemm_bf16_per1x32Fp4_BpreShuffle_256x256E,4199.15,1181.56,0.0
gfx950,256,24724,4608,4096,54,0,229.3342,_ZN5aiter42f4gemm_bf16_per1x32Fp4_BpreShuffle_256x256E,4069.61,1255.5,0.0
gfx950,256,24726,1280,4096,54,0,73.53,_ZN5aiter42f4gemm_bf16_per1x32Fp4_BpreShuffle_256x256E,3526.06,1585.19,0.0
gfx950,256,24726,4096,1024,54,0,96.3783,_ZN5aiter42f4gemm_bf16_per1x32Fp4_BpreShuffle_256x256E,2152.11,2254.78,0.0
gfx950,256,24728,2304,4096,48,0,133.8553,_ZN5aiter42f4gemm_bf16_per1x32Fp4_BpreShuffle_160x384E,3486.79,1264.86,0.0
gfx950,256,24728,4096,2048,54,0,138.3409,_ZN5aiter42f4gemm_bf16_per1x32Fp4_BpreShuffle_256x256E,2998.87,1677.65,0.0
gfx950,256,24734,9216,4096,54,0,442.198,_ZN5aiter42f4gemm_bf16_per1x32Fp4_BpreShuffle_256x256E,4222.89,1188.22,0.0
gfx950,256,24735,9216,4096,54,0,440.835,_ZN5aiter42f4gemm_bf16_per1x32Fp4_BpreShuffle_256x256E,4236.12,1191.94,0.0
gfx950,256,24737,1280,4096,54,0,80.5128,_ZN5aiter42f4gemm_bf16_per1x32Fp4_BpreShuffle_256x256E,3221.68,1448.34,0.0
gfx950,256,24737,4096,1024,54,0,96.387,_ZN5aiter42f4gemm_bf16_per1x32Fp4_BpreShuffle_256x256E,2152.87,2255.57,0.0
gfx950,256,24739,1280,4096,54,0,73.9204,_ZN5aiter42f4gemm_bf16_per1x32Fp4_BpreShuffle_256x256E,3509.28,1577.63,0.0
gfx950,256,24739,4096,1024,54,0,96.2646,_ZN5aiter42f4gemm_bf16_per1x32Fp4_BpreShuffle_256x256E,2155.78,2258.62,0.0
gfx950,256,24739,9216,4096,54,0,440.5439,_ZN5aiter42f4gemm_bf16_per1x32Fp4_BpreShuffle_256x256E,4239.6,1192.91,0.0
gfx950,256,24740,1280,4096,54,0,74.2121,_ZN5aiter42f4gemm_bf16_per1x32Fp4_BpreShuffle_256x256E,3495.63,1571.49,0.0
gfx950,256,24740,4096,1024,54,0,97.9987,_ZN5aiter42f4gemm_bf16_per1x32Fp4_BpreShuffle_256x256E,2117.72,2218.74,0.0
gfx950,256,24740,4608,4096,54,0,230.9392,_ZN5aiter42f4gemm_bf16_per1x32Fp4_BpreShuffle_256x256E,4043.94,1247.55,0.0
gfx950,256,24755,4608,4096,54,0,230.5589,_ZN5aiter42f4gemm_bf16_per1x32Fp4_BpreShuffle_256x256E,4053.06,1250.34,0.0
gfx950,256,24755,9216,4096,54,0,435.4806,_ZN5aiter42f4gemm_bf16_per1x32Fp4_BpreShuffle_256x256E,4291.67,1207.53,0.0
gfx950,256,24766,9216,4096,54,0,435.8557,_ZN5aiter42f4gemm_bf16_per1x32Fp4_BpreShuffle_256x256E,4289.88,1207.01,0.0
gfx950,256,24769,2304,4096,54,0,133.0667,_ZN5aiter42f4gemm_bf16_per1x32Fp4_BpreShuffle_256x256E,3513.27,1274.41,0.0
gfx950,256,24769,4096,2048,54,0,138.1913,_ZN5aiter42f4gemm_bf16_per1x32Fp4_BpreShuffle_256x256E,3007.1,1682.2,0.0
gfx950,256,24771,9216,4096,54,0,431.6034,_ZN5aiter42f4gemm_bf16_per1x32Fp4_BpreShuffle_256x256E,4333.02,1219.14,0.0
gfx950,256,24773,9216,4096,54,0,442.9379,_ZN5aiter42f4gemm_bf16_per1x32Fp4_BpreShuffle_256x256E,4222.49,1188.03,0.0
gfx950,256,24786,9216,4096,54,0,437.2034,_ZN5aiter42f4gemm_bf16_per1x32Fp4_BpreShuffle_256x256E,4280.11,1204.23,0.0
gfx950,256,24789,9216,4096,54,0,443.2471,_ZN5aiter42f4gemm_bf16_per1x32Fp4_BpreShuffle_256x256E,4222.27,1187.94,0.0
gfx950,256,24790,1280,4096,54,0,71.4684,_ZN5aiter42f4gemm_bf16_per1x32Fp4_BpreShuffle_256x256E,3637.16,1635.04,0.0
gfx950,256,24790,2304,4096,54,0,130.6452,_ZN5aiter42f4gemm_bf16_per1x32Fp4_BpreShuffle_256x256E,3581.42,1299.1,0.0
gfx950,256,24790,4096,1024,54,0,97.5224,_ZN5aiter42f4gemm_bf16_per1x32Fp4_BpreShuffle_256x256E,2132.37,2234.04,0.0
gfx950,256,24790,4096,2048,54,0,139.2789,_ZN5aiter42f4gemm_bf16_per1x32Fp4_BpreShuffle_256x256E,2986.15,1670.45,0.0
gfx950,256,24796,1280,4096,54,0,74.2892,_ZN5aiter42f4gemm_bf16_per1x32Fp4_BpreShuffle_256x256E,3499.9,1573.33,0.0
gfx950,256,24796,4096,1024,54,0,98.0608,_ZN5aiter42f4gemm_bf16_per1x32Fp4_BpreShuffle_256x256E,2121.17,2222.31,0.0
gfx950,256,24796,9216,4096,54,0,434.6144,_ZN5aiter42f4gemm_bf16_per1x32Fp4_BpreShuffle_256x256E,4307.35,1211.87,0.0
gfx950,256,24802,2304,4096,54,0,130.1875,_ZN5aiter42f4gemm_bf16_per1x32Fp4_BpreShuffle_256x256E,3595.75,1304.28,0.0
gfx950,256,24802,4096,2048,45,0,138.3365,_ZN5aiter42f4gemm_bf16_per1x32Fp4_BpreShuffle_128x512E,3007.94,1682.63,0.0
gfx950,256,24809,9216,4096,54,0,440.8281,_ZN5aiter42f4gemm_bf16_per1x32Fp4_BpreShuffle_256x256E,4248.86,1195.39,0.0
gfx950,256,24818,4608,4096,54,0,226.8073,_ZN5aiter42f4gemm_bf16_per1x32Fp4_BpreShuffle_256x256E,4130.59,1274.15,0.0
gfx950,256,24824,4608,4096,54,0,232.9099,_ZN5aiter42f4gemm_bf16_per1x32Fp4_BpreShuffle_256x256E,4023.34,1241.06,0.0
gfx950,256,24833,9216,4096,54,0,443.7345,_ZN5aiter42f4gemm_bf16_per1x32Fp4_BpreShuffle_256x256E,4225.11,1188.67,0.0
gfx950,256,24838,9216,4096,54,0,442.4733,_ZN5aiter42f4gemm_bf16_per1x32Fp4_BpreShuffle_256x256E,4238.01,1192.29,0.0
gfx950,256,24849,9216,4096,54,0,440.2088,_ZN5aiter42f4gemm_bf16_per1x32Fp4_BpreShuffle_256x256E,4261.7,1198.94,0.0
gfx950,256,24872,4608,4096,45,0,232.822,_ZN5aiter42f4gemm_bf16_per1x32Fp4_BpreShuffle_128x512E,4032.64,1243.85,0.0
gfx950,256,24880,1280,4096,54,0,77.4133,_ZN5aiter42f4gemm_bf16_per1x32Fp4_BpreShuffle_256x256E,3370.04,1514.84,0.0
gfx950,256,24880,4096,1024,54,0,97.9716,_ZN5aiter42f4gemm_bf16_per1x32Fp4_BpreShuffle_256x256E,2130.3,2231.8,0.0
gfx950,256,24888,9216,4096,54,0,436.373,_ZN5aiter42f4gemm_bf16_per1x32Fp4_BpreShuffle_256x256E,4305.91,1211.3,0.0
gfx950,256,24902,4608,4096,54,0,230.8978,_ZN5aiter42f4gemm_bf16_per1x32Fp4_BpreShuffle_256x256E,4071.15,1255.68,0.0
gfx950,256,24907,2304,4096,54,0,132.3324,_ZN5aiter42f4gemm_bf16_per1x32Fp4_BpreShuffle_256x256E,3552.45,1288.42,0.0
gfx950,256,24907,4096,2048,45,0,136.4237,_ZN5aiter42f4gemm_bf16_per1x32Fp4_BpreShuffle_128x512E,3063.03,1713.32,0.0
gfx950,256,24907,9216,4096,54,0,439.9092,_ZN5aiter42f4gemm_bf16_per1x32Fp4_BpreShuffle_256x256E,4274.55,1202.45,0.0
gfx950,256,24909,9216,4096,54,0,442.0621,_ZN5aiter42f4gemm_bf16_per1x32Fp4_BpreShuffle_256x256E,4254.08,1196.69,0.0
gfx950,256,24910,1280,4096,54,0,74.644,_ZN5aiter42f4gemm_bf16_per1x32Fp4_BpreShuffle_256x256E,3499.28,1572.89,0.0
gfx950,256,24910,4096,1024,54,0,98.2995,_ZN5aiter42f4gemm_bf16_per1x32Fp4_BpreShuffle_256x256E,2125.75,2227.01,0.0
gfx950,256,24917,9216,4096,54,0,441.1547,_ZN5aiter42f4gemm_bf16_per1x32Fp4_BpreShuffle_256x256E,4264.2,1199.52,0.0
gfx950,256,24922,2304,4096,54,0,133.4118,_ZN5aiter42f4gemm_bf16_per1x32Fp4_BpreShuffle_256x256E,3525.83,1278.74,0.0
gfx950,256,24922,4096,2048,45,0,139.0064,_ZN5aiter42f4gemm_bf16_per1x32Fp4_BpreShuffle_128x512E,3007.93,1682.48,0.0
gfx950,256,24925,9216,4096,54,0,439.5569,_ZN5aiter42f4gemm_bf16_per1x32Fp4_BpreShuffle_256x256E,4281.07,1204.25,0.0
gfx950,256,24927,4608,4096,54,0,233.0418,_ZN5aiter42f4gemm_bf16_per1x32Fp4_BpreShuffle_256x256E,4037.74,1245.33,0.0
gfx950,256,24928,9216,4096,54,0,445.5004,_ZN5aiter42f4gemm_bf16_per1x32Fp4_BpreShuffle_256x256E,4224.47,1188.33,0.0
gfx950,256,24934,4608,4096,54,0,232.7954,_ZN5aiter42f4gemm_bf16_per1x32Fp4_BpreShuffle_256x256E,4043.15,1246.99,0.0
gfx950,256,24937,1280,4096,54,0,74.812,_ZN5aiter42f4gemm_bf16_per1x32Fp4_BpreShuffle_256x256E,3495.21,1571.02,0.0
gfx950,256,24937,4096,1024,54,0,98.7192,_ZN5aiter42f4gemm_bf16_per1x32Fp4_BpreShuffle_256x256E,2119.01,2219.92,0.0
gfx950,256,24959,9216,4096,54,0,439.4055,_ZN5aiter42f4gemm_bf16_per1x32Fp4_BpreShuffle_256x256E,4288.39,1206.25,0.0
gfx950,256,24976,9216,4096,54,0,437.0399,_ZN5aiter42f4gemm_bf16_per1x32Fp4_BpreShuffle_256x256E,4314.54,1213.58,0.0
gfx950,256,24981,9216,4096,54,0,443.8561,_ZN5aiter42f4gemm_bf16_per1x32Fp4_BpreShuffle_256x256E,4249.13,1195.17,0.0
gfx950,256,24982,9216,4096,54,0,439.9199,_ZN5aiter42f4gemm_bf16_per1x32Fp4_BpreShuffle_256x256E,4287.32,1205.91,0.0
gfx950,256,25004,4608,4096,54,0,231.8142,_ZN5aiter42f4gemm_bf16_per1x32Fp4_BpreShuffle_256x256E,4071.66,1255.67,0.0
gfx950,256,25012,4608,4096,54,0,233.6371,_ZN5aiter42f4gemm_bf16_per1x32Fp4_BpreShuffle_256x256E,4041.19,1246.26,0.0
gfx950,256,25012,9216,4096,54,0,442.5334,_ZN5aiter42f4gemm_bf16_per1x32Fp4_BpreShuffle_256x256E,4267.12,1200.18,0.0
gfx950,256,25014,1280,4096,54,0,79.8773,_ZN5aiter42f4gemm_bf16_per1x32Fp4_BpreShuffle_256x256E,3283.67,1475.84,0.0
gfx950,256,25014,4096,1024,54,0,97.9049,_ZN5aiter42f4gemm_bf16_per1x32Fp4_BpreShuffle_256x256E,2143.23,2245.23,0.0
gfx950,256,25021,4608,4096,54,0,232.6622,_ZN5aiter42f4gemm_bf16_per1x32Fp4_BpreShuffle_256x256E,4059.58,1251.92,0.0
gfx950,256,25031,9216,4096,54,0,443.2175,_ZN5aiter42f4gemm_bf16_per1x32Fp4_BpreShuffle_256x256E,4263.77,1199.21,0.0
gfx950,256,25037,9216,4096,54,0,443.1607,_ZN5aiter42f4gemm_bf16_per1x32Fp4_BpreShuffle_256x256E,4265.34,1199.64,0.0
gfx950,256,25039,9216,4096,54,0,441.2115,_ZN5aiter42f4gemm_bf16_per1x32Fp4_BpreShuffle_256x256E,4284.52,1205.03,0.0
gfx950,256,25044,2304,4096,54,0,132.252,_ZN5aiter42f4gemm_bf16_per1x32Fp4_BpreShuffle_256x256E,3574.16,1296.1,0.0
gfx950,256,25044,4096,2048,45,0,138.5417,_ZN5aiter42f4gemm_bf16_per1x32Fp4_BpreShuffle_128x512E,3032.8,1696.24,0.0
gfx950,256,25044,9216,4096,54,0,441.8624,_ZN5aiter42f4gemm_bf16_per1x32Fp4_BpreShuffle_256x256E,4279.07,1203.49,0.0
gfx950,256,25045,4608,4096,54,0,231.8298,_ZN5aiter42f4gemm_bf16_per1x32Fp4_BpreShuffle_256x256E,4078.07,1257.58,0.0
gfx950,256,25053,9216,4096,54,0,439.5482,_ZN5aiter42f4gemm_bf16_per1x32Fp4_BpreShuffle_256x256E,4303.14,1210.24,0.0
gfx950,256,25057,4608,4096,54,0,232.2422,_ZN5aiter42f4gemm_bf16_per1x32Fp4_BpreShuffle_256x256E,4072.77,1255.93,0.0
gfx950,256,25061,9216,4096,54,0,443.4308,_ZN5aiter42f4gemm_bf16_per1x32Fp4_BpreShuffle_256x256E,4266.83,1200.02,0.0
gfx950,256,25064,9216,4096,54,0,441.6504,_ZN5aiter42f4gemm_bf16_per1x32Fp4_BpreShuffle_256x256E,4284.54,1204.99,0.0
gfx950,256,25069,4608,4096,54,0,235.0278,_ZN5aiter42f4gemm_bf16_per1x32Fp4_BpreShuffle_256x256E,4026.43,1241.62,0.0
gfx950,256,25079,2304,4096,54,0,131.8848,_ZN5aiter42f4gemm_bf16_per1x32Fp4_BpreShuffle_256x256E,3589.12,1301.47,0.0
gfx950,256,25079,4096,2048,54,0,138.6631,_ZN5aiter42f4gemm_bf16_per1x32Fp4_BpreShuffle_256x256E,3034.37,1697.08,0.0
gfx950,256,25080,2304,4096,54,0,132.0524,_ZN5aiter42f4gemm_bf16_per1x32Fp4_BpreShuffle_256x256E,3584.71,1299.87,0.0
gfx950,256,25080,4096,2048,54,0,136.7488,_ZN5aiter42f4gemm_bf16_per1x32Fp4_BpreShuffle_256x256E,3076.97,1720.9,0.0
gfx950,256,25083,4608,4096,54,0,232.8283,_ZN5aiter42f4gemm_bf16_per1x32Fp4_BpreShuffle_256x256E,4066.74,1254.02,0.0
gfx950,256,25085,9216,4096,54,0,440.7045,_ZN5aiter42f4gemm_bf16_per1x32Fp4_BpreShuffle_256x256E,4297.33,1208.55,0.0
gfx950,256,25087,9216,4096,54,0,445.1784,_ZN5aiter42f4gemm_bf16_per1x32Fp4_BpreShuffle_256x256E,4254.49,1196.5,0.0
gfx950,256,25088,9216,4096,54,0,439.5491,_ZN5aiter42f4gemm_bf16_per1x32Fp4_BpreShuffle_256x256E,4309.14,1211.87,0.0
gfx950,256,25090,1280,4096,54,0,69.806,_ZN5aiter42f4gemm_bf16_per1x32Fp4_BpreShuffle_256x256E,3768.84,1693.78,0.0
gfx950,256,25090,4096,1024,45,0,98.5006,_ZN5aiter42f4gemm_bf16_per1x32Fp4_BpreShuffle_128x512E,2136.74,2238.37,0.0
gfx950,256,25090,9216,4096,54,0,442.9535,_ZN5aiter42f4gemm_bf16_per1x32Fp4_BpreShuffle_256x256E,4276.37,1202.65,0.0
gfx950,256,25099,1280,4096,54,0,75.9912,_ZN5aiter42f4gemm_bf16_per1x32Fp4_BpreShuffle_256x256E,3463.32,1556.46,0.0
gfx950,256,25099,4096,1024,54,0,98.4314,_ZN5aiter42f4gemm_bf16_per1x32Fp4_BpreShuffle_256x256E,2139.01,2240.74,0.0
gfx950,256,25099,9216,4096,54,0,440.3554,_ZN5aiter42f4gemm_bf16_per1x32Fp4_BpreShuffle_256x256E,4303.14,1210.16,0.0
gfx950,256,25103,9216,4096,54,0,439.9618,_ZN5aiter42f4gemm_bf16_per1x32Fp4_BpreShuffle_256x256E,4307.68,1211.43,0.0
gfx950,256,25120,2304,4096,54,0,131.9608,_ZN5aiter42f4gemm_bf16_per1x32Fp4_BpreShuffle_256x256E,3592.92,1302.79,0.0
gfx950,256,25120,4096,2048,54,0,137.8873,_ZN5aiter42f4gemm_bf16_per1x32Fp4_BpreShuffle_256x256E,3056.44,1709.37,0.0
gfx950,256,25134,1280,4096,54,0,76.7005,_ZN5aiter42f4gemm_bf16_per1x32Fp4_BpreShuffle_256x256E,3436.08,1544.17,0.0
gfx950,256,25134,4096,1024,54,0,99.2144,_ZN5aiter42f4gemm_bf16_per1x32Fp4_BpreShuffle_256x256E,2125.09,2226.12,0.0
gfx950,256,25144,4608,4096,54,0,231.3822,_ZN5aiter42f4gemm_bf16_per1x32Fp4_BpreShuffle_256x256E,4102.11,1264.83,0.0
gfx950,256,25149,9216,4096,54,0,441.8794,_ZN5aiter42f4gemm_bf16_per1x32Fp4_BpreShuffle_256x256E,4296.84,1208.31,0.0
gfx950,256,25151,9216,4096,54,0,443.0055,_ZN5aiter42f4gemm_bf16_per1x32Fp4_BpreShuffle_256x256E,4286.26,1205.33,0.0
gfx950,256,25163,9216,4096,54,0,443.5712,_ZN5aiter42f4gemm_bf16_per1x32Fp4_BpreShuffle_256x256E,4282.84,1204.34,0.0
gfx950,256,25167,2304,4096,54,0,133.5165,_ZN5aiter42f4gemm_bf16_per1x32Fp4_BpreShuffle_256x256E,3557.7,1289.95,0.0
gfx950,256,25167,4096,2048,45,0,137.1768,_ZN5aiter42f4gemm_bf16_per1x32Fp4_BpreShuffle_128x512E,3078.01,1721.38,0.0
gfx950,256,25173,4608,4096,54,0,234.2442,_ZN5aiter42f4gemm_bf16_per1x32Fp4_BpreShuffle_256x256E,4056.66,1250.77,0.0
gfx950,256,25178,4608,4096,54,0,234.9094,_ZN5aiter42f4gemm_bf16_per1x32Fp4_BpreShuffle_256x256E,4045.98,1247.47,0.0
gfx950,256,25179,1280,4096,54,0,72.8984,_ZN5aiter42f4gemm_bf16_per1x32Fp4_BpreShuffle_256x256E,3621.77,1627.56,0.0
gfx950,256,25179,4096,1024,54,0,98.4668,_ZN5aiter42f4gemm_bf16_per1x32Fp4_BpreShuffle_256x256E,2145.06,2247.0,0.0
gfx950,256,25189,2304,4096,54,0,133.6133,_ZN5aiter42f4gemm_bf16_per1x32Fp4_BpreShuffle_256x256E,3558.23,1290.12,0.0
gfx950,256,25189,4096,2048,54,0,136.8357,_ZN5aiter42f4gemm_bf16_per1x32Fp4_BpreShuffle_256x256E,3088.38,1727.15,0.0
gfx950,256,25189,4608,4096,54,0,231.2468,_ZN5aiter42f4gemm_bf16_per1x32Fp4_BpreShuffle_256x256E,4111.85,1267.76,0.0
gfx950,256,25216,2304,4096,54,0,132.9536,_ZN5aiter42f4gemm_bf16_per1x32Fp4_BpreShuffle_256x256E,3579.72,1297.87,0.0
gfx950,256,25216,4096,2048,54,0,138.0856,_ZN5aiter42f4gemm_bf16_per1x32Fp4_BpreShuffle_256x256E,3063.71,1713.32,0.0
gfx950,256,25217,9216,4096,54,0,439.0146,_ZN5aiter42f4gemm_bf16_per1x32Fp4_BpreShuffle_256x256E,4336.58,1219.36,0.0
gfx950,256,25218,4608,4096,54,0,232.305,_ZN5aiter42f4gemm_bf16_per1x32Fp4_BpreShuffle_256x256E,4097.84,1263.39,0.0
gfx950,256,25219,1280,4096,54,0,72.7556,_ZN5aiter42f4gemm_bf16_per1x32Fp4_BpreShuffle_256x256E,3634.64,1633.28,0.0
gfx950,256,25219,4096,1024,54,0,98.1012,_ZN5aiter42f4gemm_bf16_per1x32Fp4_BpreShuffle_256x256E,2156.47,2258.93,0.0
gfx950,256,25238,9216,4096,54,0,440.4683,_ZN5aiter42f4gemm_bf16_per1x32Fp4_BpreShuffle_256x256E,4325.86,1216.32,0.0
gfx950,256,25239,1280,4096,54,0,74.6792,_ZN5aiter42f4gemm_bf16_per1x32Fp4_BpreShuffle_256x256E,3543.83,1592.45,0.0
gfx950,256,25239,4096,1024,54,0,97.5122,_ZN5aiter42f4gemm_bf16_per1x32Fp4_BpreShuffle_256x256E,2171.22,2274.36,0.0
gfx950,256,25240,4608,4096,54,0,229.8261,_ZN5aiter42f4gemm_bf16_per1x32Fp4_BpreShuffle_256x256E,4145.65,1278.1,0.0
gfx950,256,25241,9216,4096,54,0,444.8202,_ZN5aiter42f4gemm_bf16_per1x32Fp4_BpreShuffle_256x256E,4284.05,1204.55,0.0
gfx950,256,25242,9216,4096,54,0,446.3164,_ZN5aiter42f4gemm_bf16_per1x32Fp4_BpreShuffle_256x256E,4269.86,1200.56,0.0
gfx950,256,25256,2304,4096,54,0,134.9268,_ZN5aiter42f4gemm_bf16_per1x32Fp4_BpreShuffle_256x256E,3532.96,1280.86,0.0
gfx950,256,25256,4096,2048,54,0,139.8177,_ZN5aiter42f4gemm_bf16_per1x32Fp4_BpreShuffle_256x256E,3030.56,1694.73,0.0
gfx950,256,25257,1280,4096,54,0,76.3261,_ZN5aiter42f4gemm_bf16_per1x32Fp4_BpreShuffle_256x256E,3469.83,1559.17,0.0
gfx950,256,25257,4096,1024,54,0,98.3884,_ZN5aiter42f4gemm_bf16_per1x32Fp4_BpreShuffle_256x256E,2153.42,2255.69,0.0
gfx950,256,25262,9216,4096,54,0,447.9304,_ZN5aiter42f4gemm_bf16_per1x32Fp4_BpreShuffle_256x256E,4257.84,1197.15,0.0
gfx950,256,25277,1280,4096,54,0,75.0132,_ZN5aiter42f4gemm_bf16_per1x32Fp4_BpreShuffle_256x256E,3533.36,1587.69,0.0
gfx950,256,25277,4096,1024,45,0,98.5208,_ZN5aiter42f4gemm_bf16_per1x32Fp4_BpreShuffle_128x512E,2152.22,2254.43,0.0
gfx950,256,25278,9216,4096,54,0,444.9116,_ZN5aiter42f4gemm_bf16_per1x32Fp4_BpreShuffle_256x256E,4289.45,1206.01,0.0
gfx950,256,25279,4608,4096,54,0,235.3868,_ZN5aiter42f4gemm_bf16_per1x32Fp4_BpreShuffle_256x256E,4053.97,1249.77,0.0
gfx950,256,25282,9216,4096,54,0,451.2168,_ZN5aiter42f4gemm_bf16_per1x32Fp4_BpreShuffle_256x256E,4230.18,1189.34,0.0
gfx950,256,25297,9216,4096,54,0,444.7475,_ZN5aiter42f4gemm_bf16_per1x32Fp4_BpreShuffle_256x256E,4294.26,1207.33,0.0
gfx950,256,25302,9216,4096,54,0,445.7044,_ZN5aiter42f4gemm_bf16_per1x32Fp4_BpreShuffle_256x256E,4285.88,1204.97,0.0
gfx950,256,25308,1280,4096,54,0,76.9501,_ZN5aiter42f4gemm_bf16_per1x32Fp4_BpreShuffle_256x256E,3448.65,1549.58,0.0
gfx950,256,25308,4096,1024,54,0,96.9587,_ZN5aiter42f4gemm_bf16_per1x32Fp4_BpreShuffle_256x256E,2189.58,2293.53,0.0
gfx950,256,25310,4608,4096,54,0,231.8077,_ZN5aiter42f4gemm_bf16_per1x32Fp4_BpreShuffle_256x256E,4121.61,1270.57,0.0
gfx950,256,25317,4608,4096,54,0,233.7966,_ZN5aiter42f4gemm_bf16_per1x32Fp4_BpreShuffle_256x256E,4087.68,1260.1,0.0
gfx950,256,25325,4608,4096,54,0,231.5234,_ZN5aiter42f4gemm_bf16_per1x32Fp4_BpreShuffle_256x256E,4129.11,1272.86,0.0
gfx950,256,25329,9216,4096,54,0,445.2174,_ZN5aiter42f4gemm_bf16_per1x32Fp4_BpreShuffle_256x256E,4295.15,1207.53,0.0
gfx950,256,25348,1280,4096,54,0,76.8701,_ZN5aiter42f4gemm_bf16_per1x32Fp4_BpreShuffle_256x256E,3457.69,1553.6,0.0
gfx950,256,25348,4096,1024,54,0,98.1961,_ZN5aiter42f4gemm_bf16_per1x32Fp4_BpreShuffle_256x256E,2165.41,2268.18,0.0
gfx950,256,25359,4608,4096,45,0,240.4724,_ZN5aiter42f4gemm_bf16_per1x32Fp4_BpreShuffle_128x512E,3980.79,1227.09,0.0
gfx950,256,25367,2304,4096,54,0,135.4281,_ZN5aiter42f4gemm_bf16_per1x32Fp4_BpreShuffle_256x256E,3535.35,1281.58,0.0
gfx950,256,25367,4096,2048,54,0,138.8869,_ZN5aiter42f4gemm_bf16_per1x32Fp4_BpreShuffle_256x256E,3064.27,1713.46,0.0
gfx950,256,25373,9216,4096,54,0,454.5023,_ZN5aiter42f4gemm_bf16_per1x32Fp4_BpreShuffle_256x256E,4214.71,1184.84,0.0
gfx950,256,25376,1280,4096,54,0,75.3064,_ZN5aiter42f4gemm_bf16_per1x32Fp4_BpreShuffle_256x256E,3533.39,1587.57,0.0
gfx950,256,25376,4096,1024,54,0,98.6008,_ZN5aiter42f4gemm_bf16_per1x32Fp4_BpreShuffle_256x256E,2158.9,2261.34,0.0
gfx950,256,25376,9216,4096,45,0,456.5853,_ZN5aiter42f4gemm_bf16_per1x32Fp4_BpreShuffle_128x512E,4195.98,1179.57,0.0
gfx950,256,25387,4608,4096,45,0,242.2939,_ZN5aiter42f4gemm_bf16_per1x32Fp4_BpreShuffle_128x512E,3955.23,1219.17,0.0
gfx950,256,25389,9216,4096,54,0,456.5628,_ZN5aiter42f4gemm_bf16_per1x32Fp4_BpreShuffle_256x256E,4198.34,1180.21,0.0
gfx950,256,25394,4608,4096,45,0,237.4751,_ZN5aiter42f4gemm_bf16_per1x32Fp4_BpreShuffle_128x512E,4036.6,1244.24,0.0
gfx950,256,25395,1280,4096,54,0,75.946,_ZN5aiter42f4gemm_bf16_per1x32Fp4_BpreShuffle_256x256E,3506.25,1575.35,0.0
gfx950,256,25395,4096,1024,36,0,98.9705,_ZN5aiter42f4gemm_bf16_per1x32Fp4_BpreShuffle_64x1024E,2152.45,2254.56,0.0
gfx950,256,25406,2304,4096,54,0,132.35,_ZN5aiter42f4gemm_bf16_per1x32Fp4_BpreShuffle_256x256E,3623.14,1313.34,0.0
gfx950,256,25406,4096,2048,45,0,140.2046,_ZN5aiter42f4gemm_bf16_per1x32Fp4_BpreShuffle_128x512E,3040.14,1699.92,0.0
gfx950,256,25406,9216,4096,45,0,454.6961,_ZN5aiter42f4gemm_bf16_per1x32Fp4_BpreShuffle_128x512E,4218.4,1185.82,0.0
gfx950,256,25422,4608,4096,45,0,239.4936,_ZN5aiter42f4gemm_bf16_per1x32Fp4_BpreShuffle_128x512E,4006.99,1235.07,0.0
gfx950,256,25426,2304,4096,54,0,133.7997,_ZN5aiter42f4gemm_bf16_per1x32Fp4_BpreShuffle_256x256E,3586.7,1300.11,0.0
gfx950,256,25426,4096,2048,54,0,139.7334,_ZN5aiter42f4gemm_bf16_per1x32Fp4_BpreShuffle_256x256E,3052.8,1706.97,0.0
gfx950,256,25429,9216,4096,45,0,458.6274,_ZN5aiter42f4gemm_bf16_per1x32Fp4_BpreShuffle_128x512E,4186.02,1176.69,0.0
gfx950,256,25431,1280,4096,54,0,77.7093,_ZN5aiter42f4gemm_bf16_per1x32Fp4_BpreShuffle_256x256E,3431.55,1541.74,0.0
gfx950,256,25431,4096,1024,45,0,99.0648,_ZN5aiter42f4gemm_bf16_per1x32Fp4_BpreShuffle_128x512E,2153.45,2255.58,0.0
gfx950,256,25450,9216,4096,54,0,453.2457,_ZN5aiter42f4gemm_bf16_per1x32Fp4_BpreShuffle_256x256E,4239.23,1191.61,0.0
gfx950,256,25460,4608,4096,45,0,242.2762,_ZN5aiter42f4gemm_bf16_per1x32Fp4_BpreShuffle_128x512E,3966.89,1222.65,0.0
gfx950,256,25480,9216,4096,54,0,466.1899,_ZN5aiter42f4gemm_bf16_per1x32Fp4_BpreShuffle_256x256E,4126.38,1159.84,0.0
gfx950,256,25481,1280,4096,54,0,73.114,_ZN5aiter42f4gemm_bf16_per1x32Fp4_BpreShuffle_256x256E,3654.4,1641.79,0.0
gfx950,256,25481,4096,1024,54,0,98.6939,_ZN5aiter42f4gemm_bf16_per1x32Fp4_BpreShuffle_256x256E,2165.79,2268.47,0.0
gfx950,256,25489,9216,4096,54,0,463.7714,_ZN5aiter42f4gemm_bf16_per1x32Fp4_BpreShuffle_256x256E,4149.36,1166.28,0.0
gfx950,256,25496,9216,4096,54,0,461.8418,_ZN5aiter42f4gemm_bf16_per1x32Fp4_BpreShuffle_256x256E,4167.84,1171.47,0.0
gfx950,256,25499,9216,4096,54,0,449.8537,_ZN5aiter42f4gemm_bf16_per1x32Fp4_BpreShuffle_256x256E,4279.41,1202.82,0.0
gfx950,256,25500,9216,4096,54,0,454.5845,_ZN5aiter42f4gemm_bf16_per1x32Fp4_BpreShuffle_256x256E,4235.04,1190.35,0.0
gfx950,256,25515,9216,4096,54,0,455.9907,_ZN5aiter42f4gemm_bf16_per1x32Fp4_BpreShuffle_256x256E,4224.47,1187.35,0.0
gfx950,256,25517,9216,4096,54,0,461.2651,_ZN5aiter42f4gemm_bf16_per1x32Fp4_BpreShuffle_256x256E,4176.49,1173.86,0.0
gfx950,256,25521,9216,4096,45,0,463.5569,_ZN5aiter42f4gemm_bf16_per1x32Fp4_BpreShuffle_128x512E,4156.49,1168.24,0.0
gfx950,256,25524,9216,4096,54,0,465.1613,_ZN5aiter42f4gemm_bf16_per1x32Fp4_BpreShuffle_256x256E,4142.64,1164.34,0.0
gfx950,256,25527,9216,4096,54,0,457.0644,_ZN5aiter42f4gemm_bf16_per1x32Fp4_BpreShuffle_256x256E,4216.53,1185.1,0.0
gfx950,256,25530,9216,4096,54,0,459.5131,_ZN5aiter42f4gemm_bf16_per1x32Fp4_BpreShuffle_256x256E,4194.55,1178.92,0.0
gfx950,256,25564,9216,4096,54,0,458.6045,_ZN5aiter42f4gemm_bf16_per1x32Fp4_BpreShuffle_256x256E,4208.46,1182.77,0.0
gfx950,256,25573,9216,4096,54,0,462.9834,_ZN5aiter42f4gemm_bf16_per1x32Fp4_BpreShuffle_256x256E,4170.12,1171.98,0.0
gfx950,256,25576,9216,4096,54,0,463.7123,_ZN5aiter42f4gemm_bf16_per1x32Fp4_BpreShuffle_256x256E,4164.05,1170.27,0.0
gfx950,256,25578,9216,4096,54,0,463.7865,_ZN5aiter42f4gemm_bf16_per1x32Fp4_BpreShuffle_256x256E,4163.71,1170.18,0.0
gfx950,256,25587,9216,4096,54,0,451.0242,_ZN5aiter42f4gemm_bf16_per1x32Fp4_BpreShuffle_256x256E,4283.04,1203.7,0.0
gfx950,256,25588,9216,4096,54,0,457.9995,_ZN5aiter42f4gemm_bf16_per1x32Fp4_BpreShuffle_256x256E,4217.97,1185.41,0.0
gfx950,256,25598,2304,4096,54,0,135.6311,_ZN5aiter42f4gemm_bf16_per1x32Fp4_BpreShuffle_256x256E,3562.21,1290.99,0.0
gfx950,256,25598,4096,2048,54,0,139.7783,_ZN5aiter42f4gemm_bf16_per1x32Fp4_BpreShuffle_256x256E,3072.46,1717.76,0.0
gfx950,256,25601,9216,4096,54,0,460.1685,_ZN5aiter42f4gemm_bf16_per1x32Fp4_BpreShuffle_256x256E,4200.22,1180.4,0.0
gfx950,256,25614,9216,4096,54,0,456.9496,_ZN5aiter42f4gemm_bf16_per1x32Fp4_BpreShuffle_256x256E,4231.96,1189.3,0.0
gfx950,256,25620,9216,4096,54,0,457.1143,_ZN5aiter42f4gemm_bf16_per1x32Fp4_BpreShuffle_256x256E,4231.43,1189.14,0.0
gfx950,256,25621,9216,4096,54,0,454.0069,_ZN5aiter42f4gemm_bf16_per1x32Fp4_BpreShuffle_256x256E,4260.55,1197.32,0.0
gfx950,256,25630,9216,4096,54,0,459.7512,_ZN5aiter42f4gemm_bf16_per1x32Fp4_BpreShuffle_256x256E,4208.8,1182.76,0.0
gfx950,256,25631,9216,4096,54,0,455.6976,_ZN5aiter42f4gemm_bf16_per1x32Fp4_BpreShuffle_256x256E,4246.4,1193.33,0.0
gfx950,256,25632,1280,4096,54,0,73.9121,_ZN5aiter42f4gemm_bf16_per1x32Fp4_BpreShuffle_256x256E,3636.36,1633.48,0.0
gfx950,256,25632,4096,1024,45,0,99.2751,_ZN5aiter42f4gemm_bf16_per1x32Fp4_BpreShuffle_128x512E,2165.87,2268.42,0.0
gfx950,256,25633,1280,4096,54,0,78.6201,_ZN5aiter42f4gemm_bf16_per1x32Fp4_BpreShuffle_256x256E,3418.74,1535.72,0.0
gfx950,256,25633,4096,1024,36,0,99.3054,_ZN5aiter42f4gemm_bf16_per1x32Fp4_BpreShuffle_64x1024E,2165.29,2267.82,0.0
gfx950,256,25641,9216,4096,54,0,460.3224,_ZN5aiter42f4gemm_bf16_per1x32Fp4_BpreShuffle_256x256E,4205.38,1181.78,0.0
gfx950,256,25645,9216,4096,54,0,463.5687,_ZN5aiter42f4gemm_bf16_per1x32Fp4_BpreShuffle_256x256E,4176.58,1173.69,0.0
gfx950,256,25646,4608,4096,54,0,242.8683,_ZN5aiter42f4gemm_bf16_per1x32Fp4_BpreShuffle_256x256E,3986.13,1228.29,0.0
gfx950,256,25660,4608,4096,54,0,244.7886,_ZN5aiter42f4gemm_bf16_per1x32Fp4_BpreShuffle_256x256E,3957.02,1219.3,0.0
gfx950,256,25676,1280,4096,54,0,78.9554,_ZN5aiter42f4gemm_bf16_per1x32Fp4_BpreShuffle_256x256E,3409.93,1531.71,0.0
gfx950,256,25676,4096,1024,54,0,98.7938,_ZN5aiter42f4gemm_bf16_per1x32Fp4_BpreShuffle_256x256E,2180.16,2283.35,0.0
gfx950,256,25678,9216,4096,54,0,448.1551,_ZN5aiter42f4gemm_bf16_per1x32Fp4_BpreShuffle_256x256E,4325.79,1215.56,0.0
gfx950,256,25682,1280,4096,54,0,77.4077,_ZN5aiter42f4gemm_bf16_per1x32Fp4_BpreShuffle_256x256E,3478.92,1562.69,0.0
gfx950,256,25682,4096,1024,45,0,98.8027,_ZN5aiter42f4gemm_bf16_per1x32Fp4_BpreShuffle_128x512E,2180.47,2283.68,0.0
gfx950,256,25689,9216,4096,54,0,457.1449,_ZN5aiter42f4gemm_bf16_per1x32Fp4_BpreShuffle_256x256E,4242.54,1192.15,0.0
gfx950,256,25702,9216,4096,54,0,464.1597,_ZN5aiter42f4gemm_bf16_per1x32Fp4_BpreShuffle_256x256E,4180.54,1174.71,0.0
gfx950,256,25705,4608,4096,54,0,246.4894,_ZN5aiter42f4gemm_bf16_per1x32Fp4_BpreShuffle_256x256E,3936.6,1212.95,0.0
gfx950,256,25705,9216,4096,54,0,461.5552,_ZN5aiter42f4gemm_bf16_per1x32Fp4_BpreShuffle_256x256E,4204.62,1181.47,0.0
gfx950,256,25707,9216,4096,54,0,464.392,_ZN5aiter42f4gemm_bf16_per1x32Fp4_BpreShuffle_256x256E,4179.26,1174.34,0.0
gfx950,256,25717,9216,4096,54,0,462.1081,_ZN5aiter42f4gemm_bf16_per1x32Fp4_BpreShuffle_256x256E,4201.55,1180.59,0.0
gfx950,256,25718,9216,4096,54,0,453.846,_ZN5aiter42f4gemm_bf16_per1x32Fp4_BpreShuffle_256x256E,4278.2,1202.12,0.0
gfx950,256,25722,1280,4096,54,0,70.2617,_ZN5aiter42f4gemm_bf16_per1x32Fp4_BpreShuffle_256x256E,3838.72,1724.25,0.0
gfx950,256,25722,4096,1024,54,0,98.7755,_ZN5aiter42f4gemm_bf16_per1x32Fp4_BpreShuffle_256x256E,2184.47,2287.83,0.0
gfx950,256,25722,4608,4096,54,0,243.7504,_ZN5aiter42f4gemm_bf16_per1x32Fp4_BpreShuffle_256x256E,3983.47,1227.36,0.0
gfx950,256,25724,1280,4096,54,0,76.6073,_ZN5aiter42f4gemm_bf16_per1x32Fp4_BpreShuffle_256x256E,3521.02,1581.54,0.0
gfx950,256,25724,4096,1024,54,0,98.4969,_ZN5aiter42f4gemm_bf16_per1x32Fp4_BpreShuffle_256x256E,2190.82,2294.48,0.0
gfx950,256,25726,9216,4096,54,0,460.3546,_ZN5aiter42f4gemm_bf16_per1x32Fp4_BpreShuffle_256x256E,4219.03,1185.48,0.0
gfx950,256,25729,4608,4096,54,0,246.9309,_ZN5aiter42f4gemm_bf16_per1x32Fp4_BpreShuffle_256x256E,3933.23,1211.87,0.0
gfx950,256,25731,1280,4096,54,0,76.5429,_ZN5aiter42f4gemm_bf16_per1x32Fp4_BpreShuffle_256x256E,3524.94,1583.29,0.0
gfx950,256,25731,4096,1024,54,0,99.1374,_ZN5aiter42f4gemm_bf16_per1x32Fp4_BpreShuffle_256x256E,2177.25,2280.27,0.0
gfx950,256,25736,2304,4096,54,0,132.9052,_ZN5aiter42f4gemm_bf16_per1x32Fp4_BpreShuffle_256x256E,3654.87,1324.38,0.0
gfx950,256,25736,4096,2048,45,0,139.8027,_ZN5aiter42f4gemm_bf16_per1x32Fp4_BpreShuffle_128x512E,3088.48,1726.56,0.0
gfx950,256,25737,1280,4096,54,0,77.5945,_ZN5aiter42f4gemm_bf16_per1x32Fp4_BpreShuffle_256x256E,3477.98,1562.19,0.0
gfx950,256,25737,4096,1024,36,0,98.5867,_ZN5aiter42f4gemm_bf16_per1x32Fp4_BpreShuffle_64x1024E,2189.93,2293.53,0.0
gfx950,256,25744,9216,4096,54,0,459.6702,_ZN5aiter42f4gemm_bf16_per1x32Fp4_BpreShuffle_256x256E,4228.26,1188.05,0.0
gfx950,256,25751,9216,4096,54,0,461.0289,_ZN5aiter42f4gemm_bf16_per1x32Fp4_BpreShuffle_256x256E,4216.95,1184.86,0.0
gfx950,256,25752,2304,4096,54,0,136.5474,_ZN5aiter42f4gemm_bf16_per1x32Fp4_BpreShuffle_256x256E,3559.59,1289.84,0.0
gfx950,256,25752,4096,2048,45,0,138.3312,_ZN5aiter42f4gemm_bf16_per1x32Fp4_BpreShuffle_128x512E,3123.28,1745.99,0.0
gfx950,256,25759,4608,4096,54,0,246.5365,_ZN5aiter42f4gemm_bf16_per1x32Fp4_BpreShuffle_256x256E,3944.12,1215.18,0.0
gfx950,256,25765,4608,4096,54,0,240.415,_ZN5aiter42f4gemm_bf16_per1x32Fp4_BpreShuffle_256x256E,4045.49,1246.4,0.0
gfx950,256,25769,4608,4096,54,0,247.3945,_ZN5aiter42f4gemm_bf16_per1x32Fp4_BpreShuffle_256x256E,3931.97,1211.42,0.0
gfx950,256,25770,1280,4096,54,0,77.6109,_ZN5aiter42f4gemm_bf16_per1x32Fp4_BpreShuffle_256x256E,3481.7,1563.82,0.0
gfx950,256,25770,4096,1024,45,0,99.3553,_ZN5aiter42f4gemm_bf16_per1x32Fp4_BpreShuffle_128x512E,2175.77,2278.68,0.0
gfx950,256,25781,4608,4096,54,0,249.3849,_ZN5aiter42f4gemm_bf16_per1x32Fp4_BpreShuffle_256x256E,3902.4,1202.3,0.0
gfx950,256,25782,9216,4096,54,0,463.1073,_ZN5aiter42f4gemm_bf16_per1x32Fp4_BpreShuffle_256x256E,4203.08,1180.91,0.0
gfx950,256,25794,9216,4096,54,0,457.6543,_ZN5aiter42f4gemm_bf16_per1x32Fp4_BpreShuffle_256x256E,4255.14,1195.52,0.0
gfx950,256,25797,4608,4096,54,0,243.6839,_ZN5aiter42f4gemm_bf16_per1x32Fp4_BpreShuffle_256x256E,3996.18,1231.16,0.0
gfx950,256,25798,4608,4096,54,0,247.1673,_ZN5aiter42f4gemm_bf16_per1x32Fp4_BpreShuffle_256x256E,3940.01,1213.86,0.0
gfx950,256,25802,4608,4096,54,0,244.461,_ZN5aiter42f4gemm_bf16_per1x32Fp4_BpreShuffle_256x256E,3984.25,1227.48,0.0
gfx950,256,25805,9216,4096,54,0,461.4733,_ZN5aiter42f4gemm_bf16_per1x32Fp4_BpreShuffle_256x256E,4221.72,1186.12,0.0
gfx950,256,25807,2304,4096,54,0,135.393,_ZN5aiter42f4gemm_bf16_per1x32Fp4_BpreShuffle_256x256E,3597.61,1303.54,0.0
gfx950,256,25807,4096,2048,54,0,140.6516,_ZN5aiter42f4gemm_bf16_per1x32Fp4_BpreShuffle_256x256E,3078.31,1720.79,0.0
gfx950,256,25808,4608,4096,54,0,244.4404,_ZN5aiter42f4gemm_bf16_per1x32Fp4_BpreShuffle_256x256E,3985.51,1227.86,0.0
gfx950,256,25814,1280,4096,54,0,74.8905,_ZN5aiter42f4gemm_bf16_per1x32Fp4_BpreShuffle_256x256E,3614.34,1623.33,0.0
gfx950,256,25814,4096,1024,45,0,99.7203,_ZN5aiter42f4gemm_bf16_per1x32Fp4_BpreShuffle_128x512E,2171.51,2274.18,0.0
gfx950,256,25820,9216,4096,54,0,453.262,_ZN5aiter42f4gemm_bf16_per1x32Fp4_BpreShuffle_256x256E,4300.7,1208.28,0.0
gfx950,256,25825,9216,4096,54,0,459.1548,_ZN5aiter42f4gemm_bf16_per1x32Fp4_BpreShuffle_256x256E,4246.33,1193.0,0.0
gfx950,256,25826,1280,4096,54,0,77.9865,_ZN5aiter42f4gemm_bf16_per1x32Fp4_BpreShuffle_256x256E,3472.46,1559.6,0.0
gfx950,256,25826,4096,1024,54,0,99.3339,_ZN5aiter42f4gemm_bf16_per1x32Fp4_BpreShuffle_256x256E,2180.97,2284.08,0.0
gfx950,256,25831,2304,4096,54,0,134.0058,_ZN5aiter42f4gemm_bf16_per1x32Fp4_BpreShuffle_256x256E,3638.23,1318.22,0.0
gfx950,256,25831,4096,2048,45,0,139.6391,_ZN5aiter42f4gemm_bf16_per1x32Fp4_BpreShuffle_128x512E,3103.52,1734.85,0.0
gfx950,256,25831,9216,4096,54,0,463.2017,_ZN5aiter42f4gemm_bf16_per1x32Fp4_BpreShuffle_256x256E,4210.21,1182.84,0.0
gfx950,256,25838,1280,4096,54,0,74.8641,_ZN5aiter42f4gemm_bf16_per1x32Fp4_BpreShuffle_256x256E,3618.97,1625.38,0.0
gfx950,256,25838,4096,1024,45,0,98.8055,_ZN5aiter42f4gemm_bf16_per1x32Fp4_BpreShuffle_128x512E,2193.65,2297.35,0.0
gfx950,256,25841,9216,4096,54,0,465.9747,_ZN5aiter42f4gemm_bf16_per1x32Fp4_BpreShuffle_256x256E,4186.77,1176.24,0.0
gfx950,256,25842,4608,4096,54,0,244.7253,_ZN5aiter42f4gemm_bf16_per1x32Fp4_BpreShuffle_256x256E,3986.11,1228.0,0.0
gfx950,256,25843,2304,4096,48,0,136.1786,_ZN5aiter42f4gemm_bf16_per1x32Fp4_BpreShuffle_160x384E,3581.84,1297.78,0.0
gfx950,256,25843,4096,2048,54,0,140.8591,_ZN5aiter42f4gemm_bf16_per1x32Fp4_BpreShuffle_256x256E,3078.07,1720.61,0.0
gfx950,256,25845,9216,4096,54,0,457.5269,_ZN5aiter42f4gemm_bf16_per1x32Fp4_BpreShuffle_256x256E,4264.74,1198.14,0.0
gfx950,256,25849,1280,4096,54,0,70.847,_ZN5aiter42f4gemm_bf16_per1x32Fp4_BpreShuffle_256x256E,3825.8,1718.26,0.0
gfx950,256,25849,4096,1024,54,0,99.9607,_ZN5aiter42f4gemm_bf16_per1x32Fp4_BpreShuffle_256x256E,2169.22,2271.76,0.0
gfx950,256,25857,9216,4096,54,0,465.0569,_ZN5aiter42f4gemm_bf16_per1x32Fp4_BpreShuffle_256x256E,4197.63,1179.27,0.0
gfx950,256,25862,1280,4096,54,0,76.9637,_ZN5aiter42f4gemm_bf16_per1x32Fp4_BpreShuffle_256x256E,3523.51,1582.48,0.0
gfx950,256,25862,4096,1024,54,0,99.145,_ZN5aiter42f4gemm_bf16_per1x32Fp4_BpreShuffle_256x256E,2188.17,2291.59,0.0
gfx950,256,25862,9216,4096,54,0,458.9294,_ZN5aiter42f4gemm_bf16_per1x32Fp4_BpreShuffle_256x256E,4254.5,1195.23,0.0
gfx950,256,25869,4608,4096,54,0,244.5425,_ZN5aiter42f4gemm_bf16_per1x32Fp4_BpreShuffle_256x256E,3993.26,1230.16,0.0
gfx950,256,25870,4608,4096,54,0,250.5112,_ZN5aiter42f4gemm_bf16_per1x32Fp4_BpreShuffle_256x256E,3898.27,1200.89,0.0
gfx950,256,25879,9216,4096,54,0,463.7429,_ZN5aiter42f4gemm_bf16_per1x32Fp4_BpreShuffle_256x256E,4213.11,1183.58,0.0
gfx950,256,25883,1280,4096,54,0,79.6879,_ZN5aiter42f4gemm_bf16_per1x32Fp4_BpreShuffle_256x256E,3405.82,1529.6,0.0
gfx950,256,25883,4096,1024,45,0,99.3453,_ZN5aiter42f4gemm_bf16_per1x32Fp4_BpreShuffle_128x512E,2185.53,2288.81,0.0
gfx950,256,25887,4608,4096,54,0,246.9303,_ZN5aiter42f4gemm_bf16_per1x32Fp4_BpreShuffle_256x256E,3957.4,1219.08,0.0
gfx950,256,25897,9216,4096,54,0,461.8437,_ZN5aiter42f4gemm_bf16_per1x32Fp4_BpreShuffle_256x256E,4233.38,1189.24,0.0
gfx950,256,25902,9216,4096,54,0,464.1357,_ZN5aiter42f4gemm_bf16_per1x32Fp4_BpreShuffle_256x256E,4213.28,1183.59,0.0
gfx950,256,25912,9216,4096,54,0,462.0203,_ZN5aiter42f4gemm_bf16_per1x32Fp4_BpreShuffle_256x256E,4234.21,1189.45,0.0
gfx950,256,25923,9216,4096,54,0,462.4632,_ZN5aiter42f4gemm_bf16_per1x32Fp4_BpreShuffle_256x256E,4231.95,1188.8,0.0
gfx950,256,25926,2304,4096,54,0,133.451,_ZN5aiter42f4gemm_bf16_per1x32Fp4_BpreShuffle_256x256E,3666.79,1328.44,0.0
gfx950,256,25926,4096,2048,54,0,140.5521,_ZN5aiter42f4gemm_bf16_per1x32Fp4_BpreShuffle_256x256E,3094.7,1729.81,0.0
gfx950,256,25927,9216,4096,54,0,462.6097,_ZN5aiter42f4gemm_bf16_per1x32Fp4_BpreShuffle_256x256E,4231.26,1188.6,0.0
gfx950,256,25931,9216,4096,54,0,461.6375,_ZN5aiter42f4gemm_bf16_per1x32Fp4_BpreShuffle_256x256E,4240.83,1191.28,0.0
gfx950,256,25932,9216,4096,54,0,460.0179,_ZN5aiter42f4gemm_bf16_per1x32Fp4_BpreShuffle_256x256E,4255.92,1195.52,0.0
gfx950,256,25937,4608,4096,54,0,245.9656,_ZN5aiter42f4gemm_bf16_per1x32Fp4_BpreShuffle_256x256E,3980.59,1226.15,0.0
gfx950,256,25946,9216,4096,54,0,459.7803,_ZN5aiter42f4gemm_bf16_per1x32Fp4_BpreShuffle_256x256E,4260.42,1196.76,0.0
gfx950,256,25949,9216,4096,54,0,458.0868,_ZN5aiter42f4gemm_bf16_per1x32Fp4_BpreShuffle_256x256E,4276.67,1201.32,0.0
gfx950,256,25960,1280,4096,54,0,77.8843,_ZN5aiter42f4gemm_bf16_per1x32Fp4_BpreShuffle_256x256E,3495.06,1569.57,0.0
gfx950,256,25960,4096,1024,54,0,100.6379,_ZN5aiter42f4gemm_bf16_per1x32Fp4_BpreShuffle_256x256E,2163.88,2266.07,0.0
gfx950,256,25960,9216,4096,54,0,460.2279,_ZN5aiter42f4gemm_bf16_per1x32Fp4_BpreShuffle_256x256E,4258.57,1196.22,0.0
gfx950,256,25962,9216,4096,54,0,462.8389,_ZN5aiter42f4gemm_bf16_per1x32Fp4_BpreShuffle_256x256E,4234.88,1189.56,0.0
gfx950,256,25963,1280,4096,54,0,79.7174,_ZN5aiter42f4gemm_bf16_per1x32Fp4_BpreShuffle_256x256E,3415.09,1533.65,0.0
gfx950,256,25963,4096,1024,45,0,99.113,_ZN5aiter42f4gemm_bf16_per1x32Fp4_BpreShuffle_128x512E,2197.43,2301.2,0.0
gfx950,256,25967,9216,4096,54,0,458.2276,_ZN5aiter42f4gemm_bf16_per1x32Fp4_BpreShuffle_256x256E,4278.32,1201.76,0.0
gfx950,256,25970,1280,4096,54,0,78.5061,_ZN5aiter42f4gemm_bf16_per1x32Fp4_BpreShuffle_256x256E,3468.71,1557.73,0.0
gfx950,256,25970,4096,1024,54,0,99.3141,_ZN5aiter42f4gemm_bf16_per1x32Fp4_BpreShuffle_256x256E,2193.57,2297.16,0.0
gfx950,256,25988,4608,4096,54,0,248.7094,_ZN5aiter42f4gemm_bf16_per1x32Fp4_BpreShuffle_256x256E,3944.42,1214.94,0.0
gfx950,256,25994,9216,4096,54,0,460.1837,_ZN5aiter42f4gemm_bf16_per1x32Fp4_BpreShuffle_256x256E,4264.56,1197.85,0.0
gfx950,256,25995,9216,4096,54,0,466.1593,_ZN5aiter42f4gemm_bf16_per1x32Fp4_BpreShuffle_256x256E,4210.06,1182.54,0.0
gfx950,256,26003,9216,4096,54,0,458.4982,_ZN5aiter42f4gemm_bf16_per1x32Fp4_BpreShuffle_256x256E,4281.72,1202.66,0.0
gfx950,256,26009,9216,4096,54,0,462.3463,_ZN5aiter42f4gemm_bf16_per1x32Fp4_BpreShuffle_256x256E,4247.06,1192.91,0.0
gfx950,256,26011,4608,4096,54,0,249.8223,_ZN5aiter42f4gemm_bf16_per1x32Fp4_BpreShuffle_256x256E,3930.32,1210.56,0.0
gfx950,256,26011,9216,4096,54,0,463.2033,_ZN5aiter42f4gemm_bf16_per1x32Fp4_BpreShuffle_256x256E,4239.53,1190.79,0.0
gfx950,256,26012,2304,4096,54,0,135.3487,_ZN5aiter42f4gemm_bf16_per1x32Fp4_BpreShuffle_256x256E,3627.37,1314.05,0.0
gfx950,256,26012,4096,2048,54,0,139.4735,_ZN5aiter42f4gemm_bf16_per1x32Fp4_BpreShuffle_256x256E,3128.97,1748.87,0.0
gfx950,256,26019,2304,4096,54,0,132.8039,_ZN5aiter42f4gemm_bf16_per1x32Fp4_BpreShuffle_256x256E,3697.87,1339.58,0.0
gfx950,256,26019,4096,2048,54,0,139.7236,_ZN5aiter42f4gemm_bf16_per1x32Fp4_BpreShuffle_256x256E,3124.21,1746.2,0.0
gfx950,256,26021,9216,4096,54,0,464.1169,_ZN5aiter42f4gemm_bf16_per1x32Fp4_BpreShuffle_256x256E,4232.81,1188.89,0.0
gfx950,256,26027,9216,4096,54,0,465.6755,_ZN5aiter42f4gemm_bf16_per1x32Fp4_BpreShuffle_256x256E,4219.62,1185.18,0.0
gfx950,256,26031,4608,4096,54,0,252.5784,_ZN5aiter42f4gemm_bf16_per1x32Fp4_BpreShuffle_256x256E,3890.43,1198.24,0.0
gfx950,256,26034,4608,4096,54,0,251.1957,_ZN5aiter42f4gemm_bf16_per1x32Fp4_BpreShuffle_256x256E,3912.29,1204.97,0.0
gfx950,256,26034,9216,4096,54,0,462.5165,_ZN5aiter42f4gemm_bf16_per1x32Fp4_BpreShuffle_256x256E,4249.58,1193.58,0.0
gfx950,256,26043,2304,4096,54,0,135.9686,_ZN5aiter42f4gemm_bf16_per1x32Fp4_BpreShuffle_256x256E,3615.14,1309.57,0.0
gfx950,256,26043,4096,2048,45,0,140.5095,_ZN5aiter42f4gemm_bf16_per1x32Fp4_BpreShuffle_128x512E,3109.6,1738.01,0.0
gfx950,256,26046,1280,4096,54,0,74.0873,_ZN5aiter42f4gemm_bf16_per1x32Fp4_BpreShuffle_256x256E,3686.36,1655.36,0.0
gfx950,256,26046,4096,1024,54,0,99.5051,_ZN5aiter42f4gemm_bf16_per1x32Fp4_BpreShuffle_256x256E,2195.76,2299.4,0.0
gfx950,256,26058,9216,4096,54,0,462.1859,_ZN5aiter42f4gemm_bf16_per1x32Fp4_BpreShuffle_256x256E,4256.54,1195.5,0.0
gfx950,256,26061,9216,4096,54,0,468.6285,_ZN5aiter42f4gemm_bf16_per1x32Fp4_BpreShuffle_256x256E,4198.51,1179.19,0.0
gfx950,256,26066,9216,4096,54,0,461.5538,_ZN5aiter42f4gemm_bf16_per1x32Fp4_BpreShuffle_256x256E,4263.68,1197.49,0.0
gfx950,256,26068,9216,4096,54,0,463.1766,_ZN5aiter42f4gemm_bf16_per1x32Fp4_BpreShuffle_256x256E,4249.07,1193.38,0.0
gfx950,256,26072,2304,4096,54,0,134.3564,_ZN5aiter42f4gemm_bf16_per1x32Fp4_BpreShuffle_256x256E,3662.59,1326.72,0.0
gfx950,256,26072,4096,2048,45,0,139.7659,_ZN5aiter42f4gemm_bf16_per1x32Fp4_BpreShuffle_128x512E,3129.63,1749.17,0.0
gfx950,256,26073,4608,4096,54,0,250.3913,_ZN5aiter42f4gemm_bf16_per1x32Fp4_BpreShuffle_256x256E,3930.74,1210.6,0.0
gfx950,256,26078,9216,4096,54,0,462.408,_ZN5aiter42f4gemm_bf16_per1x32Fp4_BpreShuffle_256x256E,4257.76,1195.81,0.0
gfx950,256,26087,9216,4096,54,0,457.0636,_ZN5aiter42f4gemm_bf16_per1x32Fp4_BpreShuffle_256x256E,4309.03,1210.2,0.0
gfx950,256,26090,9216,4096,54,0,462.696,_ZN5aiter42f4gemm_bf16_per1x32Fp4_BpreShuffle_256x256E,4257.07,1195.6,0.0
gfx950,256,26096,1280,4096,54,0,78.2789,_ZN5aiter42f4gemm_bf16_per1x32Fp4_BpreShuffle_256x256E,3495.66,1569.67,0.0
gfx950,256,26096,4096,1024,54,0,100.093,_ZN5aiter42f4gemm_bf16_per1x32Fp4_BpreShuffle_256x256E,2187.06,2290.24,0.0
gfx950,256,26097,9216,4096,54,0,462.9105,_ZN5aiter42f4gemm_bf16_per1x32Fp4_BpreShuffle_256x256E,4256.24,1195.35,0.0
gfx950,256,26104,9216,4096,54,0,464.1503,_ZN5aiter42f4gemm_bf16_per1x32Fp4_BpreShuffle_256x256E,4246.01,1192.47,0.0
gfx950,256,26105,2304,4096,54,0,133.257,_ZN5aiter42f4gemm_bf16_per1x32Fp4_BpreShuffle_256x256E,3697.48,1339.32,0.0
gfx950,256,26105,4096,2048,54,0,139.2207,_ZN5aiter42f4gemm_bf16_per1x32Fp4_BpreShuffle_256x256E,3145.86,1758.2,0.0
gfx950,256,26106,2304,4096,54,0,135.319,_ZN5aiter42f4gemm_bf16_per1x32Fp4_BpreShuffle_256x256E,3641.28,1318.96,0.0
gfx950,256,26106,4096,2048,54,0,139.7768,_ZN5aiter42f4gemm_bf16_per1x32Fp4_BpreShuffle_256x256E,3133.47,1751.27,0.0
gfx950,256,26109,4608,4096,54,0,250.5759,_ZN5aiter42f4gemm_bf16_per1x32Fp4_BpreShuffle_256x256E,3933.27,1211.33,0.0
gfx950,256,26110,4608,4096,54,0,249.1529,_ZN5aiter42f4gemm_bf16_per1x32Fp4_BpreShuffle_256x256E,3955.88,1218.29,0.0
gfx950,256,26116,2304,4096,54,0,134.4368,_ZN5aiter42f4gemm_bf16_per1x32Fp4_BpreShuffle_256x256E,3666.58,1328.11,0.0
gfx950,256,26116,4096,2048,54,0,139.8342,_ZN5aiter42f4gemm_bf16_per1x32Fp4_BpreShuffle_256x256E,3133.38,1751.21,0.0
gfx950,256,26116,9216,4096,54,0,463.4454,_ZN5aiter42f4gemm_bf16_per1x32Fp4_BpreShuffle_256x256E,4254.42,1194.81,0.0
gfx950,256,26121,4608,4096,54,0,248.4396,_ZN5aiter42f4gemm_bf16_per1x32Fp4_BpreShuffle_256x256E,3968.91,1222.29,0.0
gfx950,256,26124,4608,4096,54,0,246.2181,_ZN5aiter42f4gemm_bf16_per1x32Fp4_BpreShuffle_256x256E,4005.18,1233.45,0.0
gfx950,256,26126,4608,4096,54,0,245.571,_ZN5aiter42f4gemm_bf16_per1x32Fp4_BpreShuffle_256x256E,4016.04,1236.79,0.0
gfx950,256,26142,1280,4096,54,0,87.6015,_ZN5aiter42f4gemm_bf16_per1x32Fp4_BpreShuffle_256x256E,3129.16,1405.04,0.0
gfx950,256,26142,4096,1024,54,0,99.1269,_ZN5aiter42f4gemm_bf16_per1x32Fp4_BpreShuffle_256x256E,2212.27,2316.6,0.0
gfx950,256,26143,9216,4096,54,0,469.5646,_ZN5aiter42f4gemm_bf16_per1x32Fp4_BpreShuffle_256x256E,4203.32,1180.42,0.0
gfx950,256,26153,9216,4096,54,0,467.0915,_ZN5aiter42f4gemm_bf16_per1x32Fp4_BpreShuffle_256x256E,4227.19,1187.11,0.0
gfx950,256,26156,9216,4096,54,0,464.3486,_ZN5aiter42f4gemm_bf16_per1x32Fp4_BpreShuffle_256x256E,4252.65,1194.25,0.0
gfx950,256,26158,9216,4096,54,0,467.7149,_ZN5aiter42f4gemm_bf16_per1x32Fp4_BpreShuffle_256x256E,4222.36,1185.74,0.0
gfx950,256,26166,4608,4096,54,0,251.677,_ZN5aiter42f4gemm_bf16_per1x32Fp4_BpreShuffle_256x256E,3924.61,1208.58,0.0
gfx950,256,26176,4608,4096,54,0,249.8083,_ZN5aiter42f4gemm_bf16_per1x32Fp4_BpreShuffle_256x256E,3955.48,1218.07,0.0
gfx950,256,26176,9216,4096,54,0,471.0857,_ZN5aiter42f4gemm_bf16_per1x32Fp4_BpreShuffle_256x256E,4195.04,1178.04,0.0
gfx950,256,26179,9216,4096,54,0,466.5524,_ZN5aiter42f4gemm_bf16_per1x32Fp4_BpreShuffle_256x256E,4236.28,1189.62,0.0
gfx950,256,26189,1280,4096,48,0,90.7734,_ZN5aiter42f4gemm_bf16_per1x32Fp4_BpreShuffle_160x384E,3025.24,1358.33,0.0
gfx950,256,26189,4096,1024,45,0,100.0628,_ZN5aiter42f4gemm_bf16_per1x32Fp4_BpreShuffle_128x512E,2195.51,2299.02,0.0
gfx950,256,26193,1280,4096,54,0,89.3069,_ZN5aiter42f4gemm_bf16_per1x32Fp4_BpreShuffle_256x256E,3075.39,1380.84,0.0
gfx950,256,26193,4096,1024,36,0,99.9791,_ZN5aiter42f4gemm_bf16_per1x32Fp4_BpreShuffle_64x1024E,2197.69,2301.29,0.0
gfx950,256,26194,9216,4096,54,0,467.4189,_ZN5aiter42f4gemm_bf16_per1x32Fp4_BpreShuffle_256x256E,4230.85,1188.07,0.0
gfx950,256,26198,4608,4096,54,0,252.1885,_ZN5aiter42f4gemm_bf16_per1x32Fp4_BpreShuffle_256x256E,3921.44,1207.55,0.0
gfx950,256,26201,9216,4096,54,0,468.6571,_ZN5aiter42f4gemm_bf16_per1x32Fp4_BpreShuffle_256x256E,4220.8,1185.24,0.0
gfx950,256,26203,4608,4096,54,0,246.116,_ZN5aiter42f4gemm_bf16_per1x32Fp4_BpreShuffle_256x256E,4018.96,1237.58,0.0
gfx950,256,26205,4608,4096,54,0,248.2093,_ZN5aiter42f4gemm_bf16_per1x32Fp4_BpreShuffle_256x256E,3985.37,1227.23,0.0
gfx950,256,26206,9216,4096,54,0,465.1951,_ZN5aiter42f4gemm_bf16_per1x32Fp4_BpreShuffle_256x256E,4253.03,1194.28,0.0
gfx950,256,26209,9216,4096,54,0,467.0787,_ZN5aiter42f4gemm_bf16_per1x32Fp4_BpreShuffle_256x256E,4236.36,1189.6,0.0
gfx950,256,26216,9216,4096,54,0,464.6978,_ZN5aiter42f4gemm_bf16_per1x32Fp4_BpreShuffle_256x256E,4259.2,1196.0,0.0
gfx950,256,26229,4608,4096,54,0,246.323,_ZN5aiter42f4gemm_bf16_per1x32Fp4_BpreShuffle_256x256E,4019.57,1237.73,0.0
gfx950,256,26230,4608,4096,54,0,251.4694,_ZN5aiter42f4gemm_bf16_per1x32Fp4_BpreShuffle_256x256E,3937.45,1212.44,0.0
gfx950,256,26230,9216,4096,54,0,463.3327,_ZN5aiter42f4gemm_bf16_per1x32Fp4_BpreShuffle_256x256E,4274.03,1200.14,0.0
gfx950,256,26232,9216,4096,54,0,462.1885,_ZN5aiter42f4gemm_bf16_per1x32Fp4_BpreShuffle_256x256E,4284.94,1203.2,0.0
gfx950,256,26242,4608,4096,54,0,250.6365,_ZN5aiter42f4gemm_bf16_per1x32Fp4_BpreShuffle_256x256E,3952.35,1217.01,0.0
gfx950,256,26252,9216,4096,54,0,468.5908,_ZN5aiter42f4gemm_bf16_per1x32Fp4_BpreShuffle_256x256E,4229.62,1187.64,0.0
gfx950,256,26260,9216,4096,54,0,464.5609,_ZN5aiter42f4gemm_bf16_per1x32Fp4_BpreShuffle_256x256E,4267.61,1198.29,0.0
gfx950,256,26265,4608,4096,54,0,247.0113,_ZN5aiter42f4gemm_bf16_per1x32Fp4_BpreShuffle_256x256E,4013.87,1235.92,0.0
gfx950,256,26279,4608,4096,54,0,248.7715,_ZN5aiter42f4gemm_bf16_per1x32Fp4_BpreShuffle_256x256E,3987.59,1227.81,0.0
gfx950,256,26283,9216,4096,54,0,470.5492,_ZN5aiter42f4gemm_bf16_per1x32Fp4_BpreShuffle_256x256E,4216.99,1184.04,0.0
gfx950,256,26287,9216,4096,54,0,470.205,_ZN5aiter42f4gemm_bf16_per1x32Fp4_BpreShuffle_256x256E,4220.72,1185.08,0.0
gfx950,256,26290,9216,4096,54,0,467.9671,_ZN5aiter42f4gemm_bf16_per1x32Fp4_BpreShuffle_256x256E,4241.38,1190.88,0.0
gfx950,256,26296,9216,4096,54,0,470.7254,_ZN5aiter42f4gemm_bf16_per1x32Fp4_BpreShuffle_256x256E,4217.49,1184.16,0.0
gfx950,256,26311,9216,4096,54,0,464.2057,_ZN5aiter42f4gemm_bf16_per1x32Fp4_BpreShuffle_256x256E,4279.17,1201.46,0.0
gfx950,256,26322,2304,4096,54,0,136.3943,_ZN5aiter42f4gemm_bf16_per1x32Fp4_BpreShuffle_256x256E,3642.46,1319.1,0.0
gfx950,256,26322,4096,2048,54,0,140.9087,_ZN5aiter42f4gemm_bf16_per1x32Fp4_BpreShuffle_256x256E,3134.01,1751.33,0.0
gfx950,256,26326,4608,4096,54,0,251.7201,_ZN5aiter42f4gemm_bf16_per1x32Fp4_BpreShuffle_256x256E,3947.93,1215.53,0.0
gfx950,256,26346,9216,4096,54,0,469.7335,_ZN5aiter42f4gemm_bf16_per1x32Fp4_BpreShuffle_256x256E,4234.44,1188.85,0.0
gfx950,256,26366,9216,4096,54,0,468.8709,_ZN5aiter42f4gemm_bf16_per1x32Fp4_BpreShuffle_256x256E,4245.45,1191.91,0.0
gfx950,256,26372,9216,4096,54,0,463.1269,_ZN5aiter42f4gemm_bf16_per1x32Fp4_BpreShuffle_256x256E,4299.08,1206.95,0.0
gfx950,256,26382,9216,4096,54,0,477.5816,_ZN5aiter42f4gemm_bf16_per1x32Fp4_BpreShuffle_256x256E,4170.54,1170.85,0.0
gfx950,256,26384,1280,4096,50,0,89.6519,_ZN5aiter42f4gemm_bf16_per1x32Fp4_BpreShuffle_192x256E,3085.89,1385.35,0.0
gfx950,256,26384,4096,1024,36,0,99.6967,_ZN5aiter42f4gemm_bf16_per1x32Fp4_BpreShuffle_64x1024E,2219.98,2324.49,0.0
gfx950,256,26390,9216,4096,54,0,475.565,_ZN5aiter42f4gemm_bf16_per1x32Fp4_BpreShuffle_256x256E,4189.5,1176.16,0.0
gfx950,256,26393,4608,4096,54,0,255.2355,_ZN5aiter42f4gemm_bf16_per1x32Fp4_BpreShuffle_256x256E,3903.46,1201.74,0.0
gfx950,256,26396,9216,4096,54,0,465.9743,_ZN5aiter42f4gemm_bf16_per1x32Fp4_BpreShuffle_256x256E,4276.7,1200.63,0.0
gfx950,256,26403,9216,4096,54,0,472.8574,_ZN5aiter42f4gemm_bf16_per1x32Fp4_BpreShuffle_256x256E,4215.56,1183.46,0.0
gfx950,256,26413,9216,4096,54,0,466.8213,_ZN5aiter42f4gemm_bf16_per1x32Fp4_BpreShuffle_256x256E,4271.69,1199.2,0.0
gfx950,256,26415,9216,4096,54,0,468.1806,_ZN5aiter42f4gemm_bf16_per1x32Fp4_BpreShuffle_256x256E,4259.61,1195.81,0.0
gfx950,256,26423,1280,4096,50,0,90.1699,_ZN5aiter42f4gemm_bf16_per1x32Fp4_BpreShuffle_192x256E,3072.7,1379.38,0.0
gfx950,256,26423,4096,1024,45,0,100.4484,_ZN5aiter42f4gemm_bf16_per1x32Fp4_BpreShuffle_128x512E,2206.63,2310.47,0.0
gfx950,256,26433,4608,4096,54,0,253.8069,_ZN5aiter42f4gemm_bf16_per1x32Fp4_BpreShuffle_256x256E,3931.38,1210.28,0.0
gfx950,256,26439,4608,4096,54,0,251.9921,_ZN5aiter42f4gemm_bf16_per1x32Fp4_BpreShuffle_256x256E,3960.6,1219.27,0.0
gfx950,256,26447,4608,4096,54,0,249.4585,_ZN5aiter42f4gemm_bf16_per1x32Fp4_BpreShuffle_256x256E,4002.03,1232.01,0.0
gfx950,256,26449,9216,4096,54,0,471.0404,_ZN5aiter42f4gemm_bf16_per1x32Fp4_BpreShuffle_256x256E,4239.2,1190.03,0.0
gfx950,256,26452,4608,4096,54,0,253.6668,_ZN5aiter42f4gemm_bf16_per1x32Fp4_BpreShuffle_256x256E,3936.38,1211.8,0.0
gfx950,256,26458,9216,4096,54,0,479.4101,_ZN5aiter42f4gemm_bf16_per1x32Fp4_BpreShuffle_256x256E,4166.6,1169.63,0.0
gfx950,256,26461,9216,4096,54,0,471.4742,_ZN5aiter42f4gemm_bf16_per1x32Fp4_BpreShuffle_256x256E,4237.22,1189.45,0.0
gfx950,256,26463,9216,4096,54,0,468.1992,_ZN5aiter42f4gemm_bf16_per1x32Fp4_BpreShuffle_256x256E,4267.18,1197.86,0.0
gfx950,256,26468,1280,4096,54,0,90.891,_ZN5aiter42f4gemm_bf16_per1x32Fp4_BpreShuffle_256x256E,3053.52,1370.72,0.0
gfx950,256,26468,4096,1024,36,0,100.1563,_ZN5aiter42f4gemm_bf16_per1x32Fp4_BpreShuffle_64x1024E,2216.83,2321.12,0.0
gfx950,256,26472,9216,4096,54,0,467.5081,_ZN5aiter42f4gemm_bf16_per1x32Fp4_BpreShuffle_256x256E,4274.94,1200.02,0.0
gfx950,256,26475,2304,4096,48,0,136.4223,_ZN5aiter42f4gemm_bf16_per1x32Fp4_BpreShuffle_160x384E,3662.88,1326.29,0.0
gfx950,256,26475,4096,2048,45,0,143.3716,_ZN5aiter42f4gemm_bf16_per1x32Fp4_BpreShuffle_128x512E,3098.08,1731.08,0.0
gfx950,256,26480,1280,4096,54,0,92.4135,_ZN5aiter42f4gemm_bf16_per1x32Fp4_BpreShuffle_256x256E,3004.57,1348.73,0.0
gfx950,256,26480,4096,1024,36,0,100.1868,_ZN5aiter42f4gemm_bf16_per1x32Fp4_BpreShuffle_64x1024E,2217.16,2321.45,0.0
gfx950,256,26487,9216,4096,54,0,463.3429,_ZN5aiter42f4gemm_bf16_per1x32Fp4_BpreShuffle_256x256E,4315.81,1211.47,0.0
gfx950,256,26489,9216,4096,54,0,465.5953,_ZN5aiter42f4gemm_bf16_per1x32Fp4_BpreShuffle_256x256E,4295.26,1205.7,0.0
gfx950,256,26491,4608,4096,54,0,247.8098,_ZN5aiter42f4gemm_bf16_per1x32Fp4_BpreShuffle_256x256E,4035.36,1242.21,0.0
gfx950,256,26495,1280,4096,50,0,90.4726,_ZN5aiter42f4gemm_bf16_per1x32Fp4_BpreShuffle_192x256E,3070.77,1378.43,0.0
gfx950,256,26495,4096,1024,54,0,100.2752,_ZN5aiter42f4gemm_bf16_per1x32Fp4_BpreShuffle_256x256E,2216.46,2320.71,0.0
gfx950,256,26495,9216,4096,54,0,469.4631,_ZN5aiter42f4gemm_bf16_per1x32Fp4_BpreShuffle_256x256E,4260.84,1196.03,0.0
gfx950,256,26503,1280,4096,54,0,92.0498,_ZN5aiter42f4gemm_bf16_per1x32Fp4_BpreShuffle_256x256E,3019.06,1355.21,0.0
gfx950,256,26503,4096,1024,54,0,100.8899,_ZN5aiter42f4gemm_bf16_per1x32Fp4_BpreShuffle_256x256E,2203.62,2307.26,0.0
gfx950,256,26505,9216,4096,54,0,465.5269,_ZN5aiter42f4gemm_bf16_per1x32Fp4_BpreShuffle_256x256E,4298.49,1206.58,0.0
gfx950,256,26506,9216,4096,54,0,467.9046,_ZN5aiter42f4gemm_bf16_per1x32Fp4_BpreShuffle_256x256E,4276.8,1200.5,0.0
gfx950,256,26513,9216,4096,54,0,472.7492,_ZN5aiter42f4gemm_bf16_per1x32Fp4_BpreShuffle_256x256E,4234.09,1188.5,0.0
gfx950,256,26515,9216,4096,54,0,466.5314,_ZN5aiter42f4gemm_bf16_per1x32Fp4_BpreShuffle_256x256E,4290.85,1204.42,0.0
gfx950,256,26520,4608,4096,54,0,249.3618,_ZN5aiter42f4gemm_bf16_per1x32Fp4_BpreShuffle_256x256E,4014.63,1235.79,0.0
gfx950,256,26520,9216,4096,54,0,472.5817,_ZN5aiter42f4gemm_bf16_per1x32Fp4_BpreShuffle_256x256E,4236.71,1189.22,0.0
gfx950,256,26526,2304,4096,54,0,135.0211,_ZN5aiter42f4gemm_bf16_per1x32Fp4_BpreShuffle_256x256E,3708.02,1342.57,0.0
gfx950,256,26526,4096,2048,54,0,141.1127,_ZN5aiter42f4gemm_bf16_per1x32Fp4_BpreShuffle_256x256E,3153.74,1762.12,0.0
gfx950,256,26532,4608,4096,54,0,254.2791,_ZN5aiter42f4gemm_bf16_per1x32Fp4_BpreShuffle_256x256E,3938.78,1212.42,0.0
gfx950,256,26534,9216,4096,54,0,471.9699,_ZN5aiter42f4gemm_bf16_per1x32Fp4_BpreShuffle_256x256E,4244.44,1191.37,0.0
gfx950,256,26541,9216,4096,54,0,469.2321,_ZN5aiter42f4gemm_bf16_per1x32Fp4_BpreShuffle_256x256E,4270.34,1198.63,0.0
gfx950,256,26544,4608,4096,54,0,255.4162,_ZN5aiter42f4gemm_bf16_per1x32Fp4_BpreShuffle_256x256E,3923.02,1207.55,0.0
gfx950,256,26545,4608,4096,54,0,252.6224,_ZN5aiter42f4gemm_bf16_per1x32Fp4_BpreShuffle_256x256E,3966.55,1220.95,0.0
gfx950,256,26553,9216,4096,54,0,466.6257,_ZN5aiter42f4gemm_bf16_per1x32Fp4_BpreShuffle_256x256E,4296.13,1205.85,0.0
gfx950,256,26557,9216,4096,54,0,472.1678,_ZN5aiter42f4gemm_bf16_per1x32Fp4_BpreShuffle_256x256E,4246.34,1191.87,0.0
gfx950,256,26558,9216,4096,54,0,470.9732,_ZN5aiter42f4gemm_bf16_per1x32Fp4_BpreShuffle_256x256E,4257.27,1194.93,0.0
gfx950,256,26563,9216,4096,54,0,467.609,_ZN5aiter42f4gemm_bf16_per1x32Fp4_BpreShuffle_256x256E,4288.71,1203.75,0.0
gfx950,256,26580,9216,4096,54,0,469.7369,_ZN5aiter42f4gemm_bf16_per1x32Fp4_BpreShuffle_256x256E,4272.01,1199.04,0.0
gfx950,256,26585,1280,4096,48,0,90.1426,_ZN5aiter42f4gemm_bf16_per1x32Fp4_BpreShuffle_160x384E,3092.48,1388.08,0.0
gfx950,256,26585,4096,1024,36,0,100.5937,_ZN5aiter42f4gemm_bf16_per1x32Fp4_BpreShuffle_64x1024E,2216.95,2321.15,0.0
gfx950,256,26585,9216,4096,54,0,478.7205,_ZN5aiter42f4gemm_bf16_per1x32Fp4_BpreShuffle_256x256E,4192.63,1176.75,0.0
gfx950,256,26591,9216,4096,54,0,468.5111,_ZN5aiter42f4gemm_bf16_per1x32Fp4_BpreShuffle_256x256E,4284.96,1202.66,0.0
gfx950,256,26594,1280,4096,50,0,90.627,_ZN5aiter42f4gemm_bf16_per1x32Fp4_BpreShuffle_192x256E,3076.99,1381.12,0.0
gfx950,256,26594,4096,1024,54,0,99.9733,_ZN5aiter42f4gemm_bf16_per1x32Fp4_BpreShuffle_256x256E,2231.46,2336.34,0.0
gfx950,256,26594,9216,4096,54,0,472.5509,_ZN5aiter42f4gemm_bf16_per1x32Fp4_BpreShuffle_256x256E,4248.81,1192.51,0.0
gfx950,256,26601,9216,4096,54,0,468.0195,_ZN5aiter42f4gemm_bf16_per1x32Fp4_BpreShuffle_256x256E,4291.08,1204.36,0.0
gfx950,256,26602,9216,4096,54,0,468.6877,_ZN5aiter42f4gemm_bf16_per1x32Fp4_BpreShuffle_256x256E,4285.12,1202.68,0.0
gfx950,256,26606,4608,4096,54,0,253.9997,_ZN5aiter42f4gemm_bf16_per1x32Fp4_BpreShuffle_256x256E,3954.11,1217.04,0.0
gfx950,256,26610,4608,4096,54,0,253.2277,_ZN5aiter42f4gemm_bf16_per1x32Fp4_BpreShuffle_256x256E,3966.76,1220.93,0.0
gfx950,256,26612,4608,4096,54,0,252.7505,_ZN5aiter42f4gemm_bf16_per1x32Fp4_BpreShuffle_256x256E,3974.55,1223.32,0.0
gfx950,256,26616,4608,4096,54,0,254.2361,_ZN5aiter42f4gemm_bf16_per1x32Fp4_BpreShuffle_256x256E,3951.92,1216.35,0.0
gfx950,256,26617,9216,4096,54,0,470.5993,_ZN5aiter42f4gemm_bf16_per1x32Fp4_BpreShuffle_256x256E,4270.12,1198.45,0.0
gfx950,256,26623,1280,4096,48,0,91.0714,_ZN5aiter42f4gemm_bf16_per1x32Fp4_BpreShuffle_160x384E,3065.31,1375.85,0.0
gfx950,256,26623,4096,1024,54,0,101.0066,_ZN5aiter42f4gemm_bf16_per1x32Fp4_BpreShuffle_256x256E,2211.04,2314.94,0.0
gfx950,256,26624,1280,4096,50,0,91.9482,_ZN5aiter42f4gemm_bf16_per1x32Fp4_BpreShuffle_192x256E,3036.2,1362.78,0.0
gfx950,256,26624,4096,1024,36,0,100.3571,_ZN5aiter42f4gemm_bf16_per1x32Fp4_BpreShuffle_64x1024E,2225.44,2330.0,0.0
gfx950,256,26627,4608,4096,54,0,252.5153,_ZN5aiter42f4gemm_bf16_per1x32Fp4_BpreShuffle_256x256E,3980.49,1225.13,0.0
gfx950,256,26630,2304,4096,54,0,134.4394,_ZN5aiter42f4gemm_bf16_per1x32Fp4_BpreShuffle_256x256E,3738.67,1353.53,0.0
gfx950,256,26630,4096,2048,54,0,141.9138,_ZN5aiter42f4gemm_bf16_per1x32Fp4_BpreShuffle_256x256E,3148.23,1758.93,0.0
gfx950,256,26633,4608,4096,54,0,253.6506,_ZN5aiter42f4gemm_bf16_per1x32Fp4_BpreShuffle_256x256E,3963.57,1219.91,0.0
gfx950,256,26634,9216,4096,54,0,475.0924,_ZN5aiter42f4gemm_bf16_per1x32Fp4_BpreShuffle_256x256E,4232.44,1187.85,0.0
gfx950,256,26635,1280,4096,50,0,89.489,_ZN5aiter42f4gemm_bf16_per1x32Fp4_BpreShuffle_192x256E,3120.92,1400.79,0.0
gfx950,256,26635,4096,1024,54,0,100.8151,_ZN5aiter42f4gemm_bf16_per1x32Fp4_BpreShuffle_256x256E,2216.24,2320.37,0.0
gfx950,256,26636,4608,4096,54,0,249.8307,_ZN5aiter42f4gemm_bf16_per1x32Fp4_BpreShuffle_256x256E,4024.63,1238.7,0.0
gfx950,256,26637,4608,4096,54,0,255.9662,_ZN5aiter42f4gemm_bf16_per1x32Fp4_BpreShuffle_256x256E,3928.3,1209.05,0.0
gfx950,256,26637,9216,4096,54,0,472.5161,_ZN5aiter42f4gemm_bf16_per1x32Fp4_BpreShuffle_256x256E,4256.0,1194.46,0.0
gfx950,256,26638,9216,4096,54,0,467.0302,_ZN5aiter42f4gemm_bf16_per1x32Fp4_BpreShuffle_256x256E,4306.15,1208.53,0.0
gfx950,256,26642,2304,4096,54,0,136.5215,_ZN5aiter42f4gemm_bf16_per1x32Fp4_BpreShuffle_256x256E,3683.31,1333.47,0.0
gfx950,256,26642,4096,2048,54,0,140.458,_ZN5aiter42f4gemm_bf16_per1x32Fp4_BpreShuffle_256x256E,3182.29,1777.95,0.0
gfx950,256,26648,2304,4096,54,0,136.0107,_ZN5aiter42f4gemm_bf16_per1x32Fp4_BpreShuffle_256x256E,3697.97,1338.77,0.0
gfx950,256,26648,4096,2048,45,0,146.0931,_ZN5aiter42f4gemm_bf16_per1x32Fp4_BpreShuffle_128x512E,3060.24,1709.75,0.0
gfx950,256,26648,9216,4096,54,0,467.4389,_ZN5aiter42f4gemm_bf16_per1x32Fp4_BpreShuffle_256x256E,4304.0,1207.91,0.0
gfx950,256,26650,2304,4096,54,0,138.1899,_ZN5aiter42f4gemm_bf16_per1x32Fp4_BpreShuffle_256x256E,3639.93,1317.76,0.0
gfx950,256,26650,4096,2048,45,0,143.0428,_ZN5aiter42f4gemm_bf16_per1x32Fp4_BpreShuffle_128x512E,3125.73,1746.34,0.0
gfx950,256,26652,9216,4096,54,0,475.9634,_ZN5aiter42f4gemm_bf16_per1x32Fp4_BpreShuffle_256x256E,4227.55,1186.45,0.0
gfx950,256,26657,4608,4096,54,0,254.4865,_ZN5aiter42f4gemm_bf16_per1x32Fp4_BpreShuffle_256x256E,3954.11,1216.97,0.0
gfx950,256,26663,9216,4096,54,0,469.9269,_ZN5aiter42f4gemm_bf16_per1x32Fp4_BpreShuffle_256x256E,4283.62,1202.17,0.0
gfx950,256,26670,4608,4096,45,0,257.2662,_ZN5aiter42f4gemm_bf16_per1x32Fp4_BpreShuffle_128x512E,3913.3,1204.39,0.0
gfx950,256,26673,4608,4096,54,0,254.291,_ZN5aiter42f4gemm_bf16_per1x32Fp4_BpreShuffle_256x256E,3959.53,1218.61,0.0
gfx950,256,26677,2304,4096,48,0,141.4482,_ZN5aiter42f4gemm_bf16_per1x32Fp4_BpreShuffle_160x384E,3559.69,1288.67,0.0
gfx950,256,26677,4096,2048,54,0,142.2403,_ZN5aiter42f4gemm_bf16_per1x32Fp4_BpreShuffle_256x256E,3146.55,1757.94,0.0
gfx950,256,26678,2304,4096,54,0,137.0059,_ZN5aiter42f4gemm_bf16_per1x32Fp4_BpreShuffle_256x256E,3675.25,1330.51,0.0
gfx950,256,26678,4096,2048,45,0,144.1123,_ZN5aiter42f4gemm_bf16_per1x32Fp4_BpreShuffle_128x512E,3105.79,1735.17,0.0
gfx950,256,26681,9216,4096,54,0,476.5552,_ZN5aiter42f4gemm_bf16_per1x32Fp4_BpreShuffle_256x256E,4226.89,1186.22,0.0
gfx950,256,26683,1280,4096,50,0,90.6191,_ZN5aiter42f4gemm_bf16_per1x32Fp4_BpreShuffle_192x256E,3087.56,1385.76,0.0
gfx950,256,26683,4096,1024,54,0,100.5231,_ZN5aiter42f4gemm_bf16_per1x32Fp4_BpreShuffle_256x256E,2226.68,2331.26,0.0
gfx950,256,26690,1280,4096,48,0,91.5318,_ZN5aiter42f4gemm_bf16_per1x32Fp4_BpreShuffle_160x384E,3057.57,1372.3,0.0
gfx950,256,26690,4096,1024,54,0,100.3071,_ZN5aiter42f4gemm_bf16_per1x32Fp4_BpreShuffle_256x256E,2232.06,2336.89,0.0
gfx950,256,26690,9216,4096,54,0,470.0458,_ZN5aiter42f4gemm_bf16_per1x32Fp4_BpreShuffle_256x256E,4286.87,1203.04,0.0
gfx950,256,26691,9216,4096,54,0,471.3057,_ZN5aiter42f4gemm_bf16_per1x32Fp4_BpreShuffle_256x256E,4275.58,1199.87,0.0
gfx950,256,26696,9216,4096,54,0,476.3298,_ZN5aiter42f4gemm_bf16_per1x32Fp4_BpreShuffle_256x256E,4231.27,1187.43,0.0
gfx950,256,26702,1280,4096,48,0,93.6451,_ZN5aiter42f4gemm_bf16_per1x32Fp4_BpreShuffle_160x384E,2989.91,1341.92,0.0
gfx950,256,26702,4096,1024,45,0,101.3587,_ZN5aiter42f4gemm_bf16_per1x32Fp4_BpreShuffle_128x512E,2209.9,2313.68,0.0
gfx950,256,26706,2304,4096,54,0,138.5935,_ZN5aiter42f4gemm_bf16_per1x32Fp4_BpreShuffle_256x256E,3636.96,1316.61,0.0
gfx950,256,26706,4096,2048,54,0,143.0671,_ZN5aiter42f4gemm_bf16_per1x32Fp4_BpreShuffle_256x256E,3131.76,1749.65,0.0
gfx950,256,26722,4608,4096,54,0,253.0681,_ZN5aiter42f4gemm_bf16_per1x32Fp4_BpreShuffle_256x256E,3985.97,1226.68,0.0
gfx950,256,26724,9216,4096,54,0,476.1884,_ZN5aiter42f4gemm_bf16_per1x32Fp4_BpreShuffle_256x256E,4236.97,1188.99,0.0
gfx950,256,26730,4608,4096,54,0,252.7464,_ZN5aiter42f4gemm_bf16_per1x32Fp4_BpreShuffle_256x256E,3992.24,1228.6,0.0
gfx950,256,26739,9216,4096,54,0,477.7122,_ZN5aiter42f4gemm_bf16_per1x32Fp4_BpreShuffle_256x256E,4225.82,1185.84,0.0
gfx950,256,26743,4608,4096,54,0,254.3442,_ZN5aiter42f4gemm_bf16_per1x32Fp4_BpreShuffle_256x256E,3969.09,1221.46,0.0
gfx950,256,26746,9216,4096,54,0,472.6636,_ZN5aiter42f4gemm_bf16_per1x32Fp4_BpreShuffle_256x256E,4272.08,1198.81,0.0
gfx950,256,26757,9216,4096,54,0,481.5281,_ZN5aiter42f4gemm_bf16_per1x32Fp4_BpreShuffle_256x256E,4195.16,1177.21,0.0
gfx950,256,26759,9216,4096,54,0,473.4554,_ZN5aiter42f4gemm_bf16_per1x32Fp4_BpreShuffle_256x256E,4267.01,1197.36,0.0
gfx950,256,26769,4608,4096,54,0,252.7733,_ZN5aiter42f4gemm_bf16_per1x32Fp4_BpreShuffle_256x256E,3997.64,1230.21,0.0
gfx950,256,26778,1280,4096,54,0,91.2619,_ZN5aiter42f4gemm_bf16_per1x32Fp4_BpreShuffle_256x256E,3076.72,1380.8,0.0
gfx950,256,26778,2304,4096,48,0,138.2707,_ZN5aiter42f4gemm_bf16_per1x32Fp4_BpreShuffle_160x384E,3655.28,1323.15,0.0
gfx950,256,26778,4096,1024,54,0,99.9759,_ZN5aiter42f4gemm_bf16_per1x32Fp4_BpreShuffle_256x256E,2246.84,2352.3,0.0
gfx950,256,26778,4096,2048,54,0,142.4877,_ZN5aiter42f4gemm_bf16_per1x32Fp4_BpreShuffle_256x256E,3152.98,1761.42,0.0
gfx950,256,26791,1280,4096,48,0,92.3767,_ZN5aiter42f4gemm_bf16_per1x32Fp4_BpreShuffle_160x384E,3041.07,1364.79,0.0
gfx950,256,26791,4096,1024,36,0,100.9054,_ZN5aiter42f4gemm_bf16_per1x32Fp4_BpreShuffle_64x1024E,2227.23,2331.75,0.0
gfx950,256,26805,1280,4096,54,0,91.1243,_ZN5aiter42f4gemm_bf16_per1x32Fp4_BpreShuffle_256x256E,3084.48,1384.25,0.0
gfx950,256,26805,4096,1024,54,0,101.5401,_ZN5aiter42f4gemm_bf16_per1x32Fp4_BpreShuffle_256x256E,2214.46,2318.37,0.0
gfx950,256,26806,9216,4096,54,0,473.314,_ZN5aiter42f4gemm_bf16_per1x32Fp4_BpreShuffle_256x256E,4275.78,1199.76,0.0
gfx950,256,26809,9216,4096,54,0,474.6102,_ZN5aiter42f4gemm_bf16_per1x32Fp4_BpreShuffle_256x256E,4264.58,1196.61,0.0
gfx950,256,26811,4608,4096,54,0,249.0663,_ZN5aiter42f4gemm_bf16_per1x32Fp4_BpreShuffle_256x256E,4063.5,1250.42,0.0
gfx950,256,26812,9216,4096,54,0,471.5869,_ZN5aiter42f4gemm_bf16_per1x32Fp4_BpreShuffle_256x256E,4292.4,1204.41,0.0
gfx950,256,26819,9216,4096,54,0,473.5106,_ZN5aiter42f4gemm_bf16_per1x32Fp4_BpreShuffle_256x256E,4276.07,1199.82,0.0
gfx950,256,26829,9216,4096,54,0,475.32,_ZN5aiter42f4gemm_bf16_per1x32Fp4_BpreShuffle_256x256E,4261.39,1195.68,0.0
gfx950,256,26838,2304,4096,54,0,135.0036,_ZN5aiter42f4gemm_bf16_per1x32Fp4_BpreShuffle_256x256E,3752.12,1358.13,0.0
gfx950,256,26838,4096,2048,54,0,142.7922,_ZN5aiter42f4gemm_bf16_per1x32Fp4_BpreShuffle_256x256E,3153.3,1761.53,0.0
gfx950,256,26839,9216,4096,54,0,479.0616,_ZN5aiter42f4gemm_bf16_per1x32Fp4_BpreShuffle_256x256E,4229.68,1186.77,0.0
gfx950,256,26840,9216,4096,54,0,473.6728,_ZN5aiter42f4gemm_bf16_per1x32Fp4_BpreShuffle_256x256E,4277.96,1200.32,0.0
gfx950,256,26843,9216,4096,54,0,478.1748,_ZN5aiter42f4gemm_bf16_per1x32Fp4_BpreShuffle_256x256E,4238.15,1189.14,0.0
gfx950,256,26847,2304,4096,54,0,136.2403,_ZN5aiter42f4gemm_bf16_per1x32Fp4_BpreShuffle_256x256E,3719.31,1346.24,0.0
gfx950,256,26847,4096,2048,45,0,142.5691,_ZN5aiter42f4gemm_bf16_per1x32Fp4_BpreShuffle_128x512E,3159.3,1764.87,0.0
gfx950,256,26850,9216,4096,54,0,472.9412,_ZN5aiter42f4gemm_bf16_per1x32Fp4_BpreShuffle_256x256E,4286.17,1202.61,0.0
gfx950,256,26857,4608,4096,54,0,249.3301,_ZN5aiter42f4gemm_bf16_per1x32Fp4_BpreShuffle_256x256E,4066.17,1251.17,0.0
gfx950,256,26871,4608,4096,54,0,254.0834,_ZN5aiter42f4gemm_bf16_per1x32Fp4_BpreShuffle_256x256E,3992.18,1228.38,0.0
gfx950,256,26876,4608,4096,54,0,254.2064,_ZN5aiter42f4gemm_bf16_per1x32Fp4_BpreShuffle_256x256E,3990.99,1228.01,0.0
gfx950,256,26896,1280,4096,48,0,91.1122,_ZN5aiter42f4gemm_bf16_per1x32Fp4_BpreShuffle_160x384E,3095.36,1389.04,0.0
gfx950,256,26896,4096,1024,45,0,100.9643,_ZN5aiter42f4gemm_bf16_per1x32Fp4_BpreShuffle_128x512E,2234.65,2339.44,0.0
gfx950,256,26906,1280,4096,54,0,91.3862,_ZN5aiter42f4gemm_bf16_per1x32Fp4_BpreShuffle_256x256E,3087.23,1385.38,0.0
gfx950,256,26906,4096,1024,54,0,101.3542,_ZN5aiter42f4gemm_bf16_per1x32Fp4_BpreShuffle_256x256E,2226.88,2331.3,0.0
gfx950,256,26908,9216,4096,54,0,475.1858,_ZN5aiter42f4gemm_bf16_per1x32Fp4_BpreShuffle_256x256E,4275.14,1199.43,0.0
gfx950,256,26911,9216,4096,54,0,474.7414,_ZN5aiter42f4gemm_bf16_per1x32Fp4_BpreShuffle_256x256E,4279.62,1200.68,0.0
gfx950,256,26913,4608,4096,54,0,257.2105,_ZN5aiter42f4gemm_bf16_per1x32Fp4_BpreShuffle_256x256E,3949.81,1215.29,0.0
gfx950,256,26923,9216,4096,54,0,475.7597,_ZN5aiter42f4gemm_bf16_per1x32Fp4_BpreShuffle_256x256E,4272.36,1198.62,0.0
gfx950,256,26929,9216,4096,54,0,474.7849,_ZN5aiter42f4gemm_bf16_per1x32Fp4_BpreShuffle_256x256E,4282.09,1201.34,0.0
gfx950,256,26931,9216,4096,54,0,473.7958,_ZN5aiter42f4gemm_bf16_per1x32Fp4_BpreShuffle_256x256E,4291.35,1203.94,0.0
gfx950,256,26934,9216,4096,54,0,475.7205,_ZN5aiter42f4gemm_bf16_per1x32Fp4_BpreShuffle_256x256E,4274.46,1199.2,0.0
gfx950,256,26942,9216,4096,54,0,471.787,_ZN5aiter42f4gemm_bf16_per1x32Fp4_BpreShuffle_256x256E,4311.38,1209.54,0.0
gfx950,256,26946,1280,4096,50,0,91.9774,_ZN5aiter42f4gemm_bf16_per1x32Fp4_BpreShuffle_192x256E,3071.94,1378.48,0.0
gfx950,256,26946,4096,1024,36,0,100.4524,_ZN5aiter42f4gemm_bf16_per1x32Fp4_BpreShuffle_64x1024E,2250.21,2355.69,0.0
gfx950,256,26947,9216,4096,54,0,475.3308,_ZN5aiter42f4gemm_bf16_per1x32Fp4_BpreShuffle_256x256E,4280.03,1200.74,0.0
gfx950,256,26952,9216,4096,54,0,480.1282,_ZN5aiter42f4gemm_bf16_per1x32Fp4_BpreShuffle_256x256E,4238.05,1188.96,0.0
gfx950,256,26956,9216,4096,54,0,480.9252,_ZN5aiter42f4gemm_bf16_per1x32Fp4_BpreShuffle_256x256E,4231.66,1187.16,0.0
gfx950,256,26978,4608,4096,54,0,250.7471,_ZN5aiter42f4gemm_bf16_per1x32Fp4_BpreShuffle_256x256E,4061.4,1249.54,0.0
gfx950,256,26985,9216,4096,54,0,475.4085,_ZN5aiter42f4gemm_bf16_per1x32Fp4_BpreShuffle_256x256E,4285.37,1202.18,0.0
gfx950,256,26999,9216,4096,54,0,474.8765,_ZN5aiter42f4gemm_bf16_per1x32Fp4_BpreShuffle_256x256E,4292.39,1204.13,0.0
gfx950,256,27001,4608,4096,54,0,259.0458,_ZN5aiter42f4gemm_bf16_per1x32Fp4_BpreShuffle_256x256E,3934.65,1210.51,0.0
gfx950,256,27004,9216,4096,54,0,476.9762,_ZN5aiter42f4gemm_bf16_per1x32Fp4_BpreShuffle_256x256E,4274.29,1199.05,0.0
gfx950,256,27021,9216,4096,54,0,471.1912,_ZN5aiter42f4gemm_bf16_per1x32Fp4_BpreShuffle_256x256E,4329.49,1214.51,0.0
gfx950,256,27024,9216,4096,54,0,474.8674,_ZN5aiter42f4gemm_bf16_per1x32Fp4_BpreShuffle_256x256E,4296.45,1205.23,0.0
gfx950,256,27030,9216,4096,54,0,481.6662,_ZN5aiter42f4gemm_bf16_per1x32Fp4_BpreShuffle_256x256E,4236.74,1188.48,0.0
gfx950,256,27038,1280,4096,48,0,93.5175,_ZN5aiter42f4gemm_bf16_per1x32Fp4_BpreShuffle_160x384E,3031.67,1360.31,0.0
gfx950,256,27038,4096,1024,54,0,100.8167,_ZN5aiter42f4gemm_bf16_per1x32Fp4_BpreShuffle_256x256E,2249.74,2355.12,0.0
gfx950,256,27038,9216,4096,54,0,478.5209,_ZN5aiter42f4gemm_bf16_per1x32Fp4_BpreShuffle_256x256E,4265.85,1196.63,0.0
gfx950,256,27039,9216,4096,54,0,475.9698,_ZN5aiter42f4gemm_bf16_per1x32Fp4_BpreShuffle_256x256E,4288.88,1203.09,0.0
gfx950,256,27045,2304,4096,48,0,138.4126,_ZN5aiter42f4gemm_bf16_per1x32Fp4_BpreShuffle_160x384E,3687.94,1334.63,0.0
gfx950,256,27045,4096,2048,45,0,144.8287,_ZN5aiter42f4gemm_bf16_per1x32Fp4_BpreShuffle_128x512E,3132.94,1749.94,0.0
gfx950,256,27053,4608,4096,54,0,257.3958,_ZN5aiter42f4gemm_bf16_per1x32Fp4_BpreShuffle_256x256E,3967.5,1220.54,0.0
gfx950,256,27059,2304,4096,54,0,137.4128,_ZN5aiter42f4gemm_bf16_per1x32Fp4_BpreShuffle_256x256E,3716.7,1345.02,0.0
gfx950,256,27059,4096,2048,45,0,144.2297,_ZN5aiter42f4gemm_bf16_per1x32Fp4_BpreShuffle_128x512E,3147.58,1758.1,0.0
gfx950,256,27063,1280,4096,48,0,93.0758,_ZN5aiter42f4gemm_bf16_per1x32Fp4_BpreShuffle_160x384E,3048.87,1368.0,0.0
gfx950,256,27063,4096,1024,54,0,102.1935,_ZN5aiter42f4gemm_bf16_per1x32Fp4_BpreShuffle_256x256E,2221.48,2325.52,0.0
gfx950,256,27065,4608,4096,54,0,259.7554,_ZN5aiter42f4gemm_bf16_per1x32Fp4_BpreShuffle_256x256E,3933.2,1209.97,0.0
gfx950,256,27065,9216,4096,54,0,476.9858,_ZN5aiter42f4gemm_bf16_per1x32Fp4_BpreShuffle_256x256E,4283.86,1201.64,0.0
gfx950,256,27069,4608,4096,54,0,257.7038,_ZN5aiter42f4gemm_bf16_per1x32Fp4_BpreShuffle_256x256E,3965.1,1219.78,0.0
gfx950,256,27077,4608,4096,54,0,254.8259,_ZN5aiter42f4gemm_bf16_per1x32Fp4_BpreShuffle_256x256E,4011.06,1233.91,0.0
gfx950,256,27079,2304,4096,54,0,136.5119,_ZN5aiter42f4gemm_bf16_per1x32Fp4_BpreShuffle_256x256E,3743.99,1354.87,0.0
gfx950,256,27079,4096,2048,54,0,146.2547,_ZN5aiter42f4gemm_bf16_per1x32Fp4_BpreShuffle_256x256E,3106.29,1735.02,0.0
gfx950,256,27080,9216,4096,54,0,475.087,_ZN5aiter42f4gemm_bf16_per1x32Fp4_BpreShuffle_256x256E,4303.36,1207.09,0.0
gfx950,256,27093,9216,4096,54,0,479.2083,_ZN5aiter42f4gemm_bf16_per1x32Fp4_BpreShuffle_256x256E,4268.4,1197.26,0.0
gfx950,256,27101,9216,4096,54,0,471.9505,_ZN5aiter42f4gemm_bf16_per1x32Fp4_BpreShuffle_256x256E,4335.32,1216.02,0.0
gfx950,256,27104,4608,4096,54,0,258.8746,_ZN5aiter42f4gemm_bf16_per1x32Fp4_BpreShuffle_256x256E,3952.27,1215.79,0.0
gfx950,256,27106,9216,4096,54,0,475.1896,_ZN5aiter42f4gemm_bf16_per1x32Fp4_BpreShuffle_256x256E,4306.56,1207.95,0.0
gfx950,256,27109,4608,4096,54,0,256.6358,_ZN5aiter42f4gemm_bf16_per1x32Fp4_BpreShuffle_256x256E,3987.48,1226.61,0.0
gfx950,256,27109,9216,4096,54,0,473.5853,_ZN5aiter42f4gemm_bf16_per1x32Fp4_BpreShuffle_256x256E,4321.63,1212.17,0.0
gfx950,256,27119,9216,4096,54,0,477.0275,_ZN5aiter42f4gemm_bf16_per1x32Fp4_BpreShuffle_256x256E,4292.03,1203.85,0.0
gfx950,256,27120,4608,4096,54,0,256.6118,_ZN5aiter42f4gemm_bf16_per1x32Fp4_BpreShuffle_256x256E,3989.47,1227.21,0.0
gfx950,256,27123,4608,4096,54,0,256.7558,_ZN5aiter42f4gemm_bf16_per1x32Fp4_BpreShuffle_256x256E,3987.68,1226.65,0.0
gfx950,256,27126,9216,4096,54,0,476.1032,_ZN5aiter42f4gemm_bf16_per1x32Fp4_BpreShuffle_256x256E,4301.47,1206.49,0.0
gfx950,256,27127,9216,4096,54,0,476.0098,_ZN5aiter42f4gemm_bf16_per1x32Fp4_BpreShuffle_256x256E,4302.47,1206.77,0.0
gfx950,256,27129,4608,4096,54,0,255.6652,_ZN5aiter42f4gemm_bf16_per1x32Fp4_BpreShuffle_256x256E,4005.57,1232.15,0.0
gfx950,256,27133,1280,4096,50,0,92.1766,_ZN5aiter42f4gemm_bf16_per1x32Fp4_BpreShuffle_192x256E,3086.58,1384.85,0.0
gfx950,256,27133,4096,1024,54,0,100.1913,_ZN5aiter42f4gemm_bf16_per1x32Fp4_BpreShuffle_256x256E,2271.74,2378.08,0.0
gfx950,256,27136,9216,4096,54,0,475.9499,_ZN5aiter42f4gemm_bf16_per1x32Fp4_BpreShuffle_256x256E,4304.44,1207.31,0.0
gfx950,256,27172,9216,4096,54,0,490.2823,_ZN5aiter42f4gemm_bf16_per1x32Fp4_BpreShuffle_256x256E,4184.16,1173.52,0.0
gfx950,256,27175,9216,4096,54,0,489.0541,_ZN5aiter42f4gemm_bf16_per1x32Fp4_BpreShuffle_256x256E,4195.13,1176.59,0.0
gfx950,256,27205,2304,4096,54,0,139.9292,_ZN5aiter42f4gemm_bf16_per1x32Fp4_BpreShuffle_256x256E,3669.55,1327.78,0.0
gfx950,256,27205,4096,2048,54,0,142.1874,_ZN5aiter42f4gemm_bf16_per1x32Fp4_BpreShuffle_256x256E,3210.02,1792.81,0.0
gfx950,256,27212,9216,4096,45,0,487.1559,_ZN5aiter42f4gemm_bf16_per1x32Fp4_BpreShuffle_128x512E,4217.21,1182.73,0.0
gfx950,256,27219,9216,4096,54,0,484.9907,_ZN5aiter42f4gemm_bf16_per1x32Fp4_BpreShuffle_256x256E,4237.12,1188.31,0.0
gfx950,256,27220,9216,4096,54,0,488.7743,_ZN5aiter42f4gemm_bf16_per1x32Fp4_BpreShuffle_256x256E,4204.48,1179.15,0.0
gfx950,256,27229,2304,4096,54,0,138.3598,_ZN5aiter42f4gemm_bf16_per1x32Fp4_BpreShuffle_256x256E,3714.45,1343.99,0.0
gfx950,256,27229,4096,2048,54,0,144.1631,_ZN5aiter42f4gemm_bf16_per1x32Fp4_BpreShuffle_256x256E,3168.82,1769.78,0.0
gfx950,256,27230,1280,4096,50,0,90.2654,_ZN5aiter42f4gemm_bf16_per1x32Fp4_BpreShuffle_192x256E,3163.2,1419.12,0.0
gfx950,256,27230,4096,1024,54,0,100.8262,_ZN5aiter42f4gemm_bf16_per1x32Fp4_BpreShuffle_256x256E,2265.5,2371.48,0.0
gfx950,256,27231,4608,4096,54,0,259.0943,_ZN5aiter42f4gemm_bf16_per1x32Fp4_BpreShuffle_256x256E,3967.42,1220.28,0.0
gfx950,256,27232,4608,4096,54,0,254.1238,_ZN5aiter42f4gemm_bf16_per1x32Fp4_BpreShuffle_256x256E,4045.17,1244.19,0.0
gfx950,256,27236,2304,4096,54,0,138.6055,_ZN5aiter42f4gemm_bf16_per1x32Fp4_BpreShuffle_256x256E,3708.82,1341.95,0.0
gfx950,256,27236,4096,2048,54,0,144.8355,_ZN5aiter42f4gemm_bf16_per1x32Fp4_BpreShuffle_256x256E,3154.92,1762.01,0.0
gfx950,256,27236,9216,4096,45,0,495.9916,_ZN5aiter42f4gemm_bf16_per1x32Fp4_BpreShuffle_128x512E,4145.73,1162.66,0.0
gfx950,256,27241,4608,4096,54,0,253.8409,_ZN5aiter42f4gemm_bf16_per1x32Fp4_BpreShuffle_256x256E,4051.02,1245.98,0.0
gfx950,256,27255,9216,4096,45,0,488.1929,_ZN5aiter42f4gemm_bf16_per1x32Fp4_BpreShuffle_128x512E,4214.9,1182.03,0.0
gfx950,256,27264,4608,4096,54,0,249.9398,_ZN5aiter42f4gemm_bf16_per1x32Fp4_BpreShuffle_256x256E,4117.72,1266.46,0.0
gfx950,256,27271,9216,4096,54,0,484.8146,_ZN5aiter42f4gemm_bf16_per1x32Fp4_BpreShuffle_256x256E,4246.76,1190.94,0.0
gfx950,256,27278,9216,4096,54,0,489.3905,_ZN5aiter42f4gemm_bf16_per1x32Fp4_BpreShuffle_256x256E,4208.13,1180.1,0.0
gfx950,256,27299,2304,4096,54,0,142.9663,_ZN5aiter42f4gemm_bf16_per1x32Fp4_BpreShuffle_256x256E,3604.01,1303.95,0.0
gfx950,256,27299,4096,2048,45,0,143.2907,_ZN5aiter42f4gemm_bf16_per1x32Fp4_BpreShuffle_128x512E,3196.31,1785.06,0.0
gfx950,256,27300,2304,4096,54,0,140.8375,_ZN5aiter42f4gemm_bf16_per1x32Fp4_BpreShuffle_256x256E,3658.62,1323.71,0.0
gfx950,256,27300,4096,2048,54,0,144.5031,_ZN5aiter42f4gemm_bf16_per1x32Fp4_BpreShuffle_256x256E,3169.61,1770.14,0.0
gfx950,256,27303,2304,4096,54,0,137.695,_ZN5aiter42f4gemm_bf16_per1x32Fp4_BpreShuffle_256x256E,3742.52,1354.06,0.0
gfx950,256,27303,4096,2048,54,0,144.3351,_ZN5aiter42f4gemm_bf16_per1x32Fp4_BpreShuffle_256x256E,3173.64,1772.39,0.0
gfx950,256,27307,4608,4096,54,0,254.9933,_ZN5aiter42f4gemm_bf16_per1x32Fp4_BpreShuffle_256x256E,4042.48,1243.26,0.0
gfx950,256,27309,9216,4096,54,0,485.9796,_ZN5aiter42f4gemm_bf16_per1x32Fp4_BpreShuffle_256x256E,4242.48,1189.69,0.0
gfx950,256,27311,2304,4096,54,0,138.0107,_ZN5aiter42f4gemm_bf16_per1x32Fp4_BpreShuffle_256x256E,3735.06,1351.35,0.0
gfx950,256,27311,4096,2048,54,0,142.4173,_ZN5aiter42f4gemm_bf16_per1x32Fp4_BpreShuffle_256x256E,3217.32,1796.78,0.0
gfx950,256,27315,9216,4096,54,0,494.5848,_ZN5aiter42f4gemm_bf16_per1x32Fp4_BpreShuffle_256x256E,4169.59,1169.23,0.0
gfx950,256,27319,9216,4096,54,0,484.4816,_ZN5aiter42f4gemm_bf16_per1x32Fp4_BpreShuffle_256x256E,4257.16,1193.79,0.0
gfx950,256,27324,9216,4096,54,0,483.4512,_ZN5aiter42f4gemm_bf16_per1x32Fp4_BpreShuffle_256x256E,4267.01,1196.54,0.0
gfx950,256,27327,4608,4096,54,0,259.2022,_ZN5aiter42f4gemm_bf16_per1x32Fp4_BpreShuffle_256x256E,3979.75,1223.94,0.0
gfx950,256,27331,9216,4096,54,0,496.6892,_ZN5aiter42f4gemm_bf16_per1x32Fp4_BpreShuffle_256x256E,4154.35,1164.94,0.0
gfx950,256,27339,9216,4096,54,0,480.2096,_ZN5aiter42f4gemm_bf16_per1x32Fp4_BpreShuffle_256x256E,4298.18,1205.26,0.0
gfx950,256,27346,9216,4096,54,0,486.6316,_ZN5aiter42f4gemm_bf16_per1x32Fp4_BpreShuffle_256x256E,4242.54,1189.65,0.0
gfx950,256,27358,9216,4096,54,0,489.2698,_ZN5aiter42f4gemm_bf16_per1x32Fp4_BpreShuffle_256x256E,4221.52,1183.74,0.0
gfx950,256,27368,4608,4096,54,0,255.2935,_ZN5aiter42f4gemm_bf16_per1x32Fp4_BpreShuffle_256x256E,4046.74,1244.49,0.0
gfx950,256,27370,9216,4096,45,0,495.4939,_ZN5aiter42f4gemm_bf16_per1x32Fp4_BpreShuffle_128x512E,4170.32,1169.36,0.0
gfx950,256,27373,2304,4096,54,0,140.1089,_ZN5aiter42f4gemm_bf16_per1x32Fp4_BpreShuffle_256x256E,3687.48,1334.06,0.0
gfx950,256,27373,4096,2048,45,0,144.5287,_ZN5aiter42f4gemm_bf16_per1x32Fp4_BpreShuffle_128x512E,3177.52,1774.48,0.0
gfx950,256,27382,1280,4096,48,0,93.4755,_ZN5aiter42f4gemm_bf16_per1x32Fp4_BpreShuffle_160x384E,3071.62,1377.88,0.0
gfx950,256,27382,4096,1024,54,0,102.1427,_ZN5aiter42f4gemm_bf16_per1x32Fp4_BpreShuffle_256x256E,2248.78,2353.86,0.0
gfx950,256,27382,4608,4096,54,0,255.809,_ZN5aiter42f4gemm_bf16_per1x32Fp4_BpreShuffle_256x256E,4040.65,1242.6,0.0
gfx950,256,27387,2304,4096,54,0,143.1548,_ZN5aiter42f4gemm_bf16_per1x32Fp4_BpreShuffle_256x256E,3610.86,1306.32,0.0
gfx950,256,27387,4096,2048,54,0,144.7015,_ZN5aiter42f4gemm_bf16_per1x32Fp4_BpreShuffle_256x256E,3175.35,1773.26,0.0
gfx950,256,27393,4608,4096,54,0,261.1438,_ZN5aiter42f4gemm_bf16_per1x32Fp4_BpreShuffle_256x256E,3959.7,1217.69,0.0
gfx950,256,27395,1280,4096,48,0,92.8831,_ZN5aiter42f4gemm_bf16_per1x32Fp4_BpreShuffle_160x384E,3092.68,1387.31,0.0
gfx950,256,27395,4096,1024,54,0,102.4256,_ZN5aiter42f4gemm_bf16_per1x32Fp4_BpreShuffle_256x256E,2243.64,2348.47,0.0
gfx950,256,27410,4608,4096,54,0,259.3436,_ZN5aiter42f4gemm_bf16_per1x32Fp4_BpreShuffle_256x256E,3989.66,1226.88,0.0
gfx950,256,27419,9216,4096,54,0,491.0951,_ZN5aiter42f4gemm_bf16_per1x32Fp4_BpreShuffle_256x256E,4215.2,1181.88,0.0
gfx950,256,27425,4608,4096,54,0,257.7432,_ZN5aiter42f4gemm_bf16_per1x32Fp4_BpreShuffle_256x256E,4016.63,1235.15,0.0
gfx950,256,27435,9216,4096,54,0,491.3906,_ZN5aiter42f4gemm_bf16_per1x32Fp4_BpreShuffle_256x256E,4215.13,1181.84,0.0
gfx950,256,27448,2304,4096,54,0,141.7005,_ZN5aiter42f4gemm_bf16_per1x32Fp4_BpreShuffle_256x256E,3656.05,1322.6,0.0
gfx950,256,27448,4096,2048,45,0,144.0771,_ZN5aiter42f4gemm_bf16_per1x32Fp4_BpreShuffle_128x512E,3196.21,1784.84,0.0
gfx950,256,27451,9216,4096,54,0,497.376,_ZN5aiter42f4gemm_bf16_per1x32Fp4_BpreShuffle_256x256E,4166.83,1168.27,0.0
gfx950,256,27456,9216,4096,54,0,491.8335,_ZN5aiter42f4gemm_bf16_per1x32Fp4_BpreShuffle_256x256E,4214.55,1181.65,0.0
gfx950,256,27459,9216,4096,54,0,494.7147,_ZN5aiter42f4gemm_bf16_per1x32Fp4_BpreShuffle_256x256E,4190.47,1174.89,0.0
gfx950,256,27464,9216,4096,54,0,496.2277,_ZN5aiter42f4gemm_bf16_per1x32Fp4_BpreShuffle_256x256E,4178.45,1171.51,0.0
gfx950,256,27473,9216,4096,54,0,491.1694,_ZN5aiter42f4gemm_bf16_per1x32Fp4_BpreShuffle_256x256E,4222.86,1183.95,0.0
gfx950,256,27475,9216,4096,54,0,488.3398,_ZN5aiter42f4gemm_bf16_per1x32Fp4_BpreShuffle_256x256E,4247.64,1190.9,0.0
gfx950,256,27476,9216,4096,54,0,492.6254,_ZN5aiter42f4gemm_bf16_per1x32Fp4_BpreShuffle_256x256E,4210.84,1180.58,0.0
gfx950,256,27477,9216,4096,54,0,496.9932,_ZN5aiter42f4gemm_bf16_per1x32Fp4_BpreShuffle_256x256E,4173.99,1170.24,0.0
gfx950,256,27487,9216,4096,54,0,496.6884,_ZN5aiter42f4gemm_bf16_per1x32Fp4_BpreShuffle_256x256E,4178.07,1171.37,0.0
gfx950,256,27493,9216,4096,54,0,488.3611,_ZN5aiter42f4gemm_bf16_per1x32Fp4_BpreShuffle_256x256E,4250.24,1191.6,0.0
gfx950,256,27501,4608,4096,54,0,259.2925,_ZN5aiter42f4gemm_bf16_per1x32Fp4_BpreShuffle_256x256E,4003.69,1231.07,0.0
gfx950,256,27503,1280,4096,48,0,91.1717,_ZN5aiter42f4gemm_bf16_per1x32Fp4_BpreShuffle_160x384E,3163.15,1418.81,0.0
gfx950,256,27503,4096,1024,54,0,101.4967,_ZN5aiter42f4gemm_bf16_per1x32Fp4_BpreShuffle_256x256E,2273.1,2379.22,0.0
gfx950,256,27511,1280,4096,54,0,91.9237,_ZN5aiter42f4gemm_bf16_per1x32Fp4_BpreShuffle_256x256E,3138.19,1407.6,0.0
gfx950,256,27511,4096,1024,36,0,101.9799,_ZN5aiter42f4gemm_bf16_per1x32Fp4_BpreShuffle_64x1024E,2262.99,2368.63,0.0
gfx950,256,27512,4608,4096,54,0,251.7007,_ZN5aiter42f4gemm_bf16_per1x32Fp4_BpreShuffle_256x256E,4126.1,1268.7,0.0
gfx950,256,27521,9216,4096,54,0,487.9268,_ZN5aiter42f4gemm_bf16_per1x32Fp4_BpreShuffle_256x256E,4258.36,1193.84,0.0
gfx950,256,27525,9216,4096,54,0,492.3575,_ZN5aiter42f4gemm_bf16_per1x32Fp4_BpreShuffle_256x256E,4220.65,1183.26,0.0
gfx950,256,27535,9216,4096,54,0,492.5382,_ZN5aiter42f4gemm_bf16_per1x32Fp4_BpreShuffle_256x256E,4220.63,1183.24,0.0
gfx950,256,27538,4608,4096,54,0,257.2718,_ZN5aiter42f4gemm_bf16_per1x32Fp4_BpreShuffle_256x256E,4040.57,1242.36,0.0
gfx950,256,27538,9216,4096,54,0,493.246,_ZN5aiter42f4gemm_bf16_per1x32Fp4_BpreShuffle_256x256E,4215.04,1181.67,0.0
gfx950,256,27540,4608,4096,54,0,258.7851,_ZN5aiter42f4gemm_bf16_per1x32Fp4_BpreShuffle_256x256E,4017.23,1235.19,0.0
gfx950,256,27542,4608,4096,54,0,256.677,_ZN5aiter42f4gemm_bf16_per1x32Fp4_BpreShuffle_256x256E,4050.52,1245.42,0.0
gfx950,256,27543,9216,4096,54,0,483.6305,_ZN5aiter42f4gemm_bf16_per1x32Fp4_BpreShuffle_256x256E,4299.62,1205.37,0.0
gfx950,256,27545,4608,4096,54,0,259.2131,_ZN5aiter42f4gemm_bf16_per1x32Fp4_BpreShuffle_256x256E,4011.33,1233.36,0.0
gfx950,256,27546,9216,4096,54,0,492.1811,_ZN5aiter42f4gemm_bf16_per1x32Fp4_BpreShuffle_256x256E,4225.38,1184.56,0.0
gfx950,256,27549,4608,4096,54,0,260.8766,_ZN5aiter42f4gemm_bf16_per1x32Fp4_BpreShuffle_256x256E,3986.33,1225.67,0.0
gfx950,256,27550,4608,4096,54,0,259.5318,_ZN5aiter42f4gemm_bf16_per1x32Fp4_BpreShuffle_256x256E,4007.13,1232.07,0.0
gfx950,256,27555,9216,4096,54,0,492.3531,_ZN5aiter42f4gemm_bf16_per1x32Fp4_BpreShuffle_256x256E,4225.29,1184.52,0.0
gfx950,256,27562,9216,4096,54,0,491.4345,_ZN5aiter42f4gemm_bf16_per1x32Fp4_BpreShuffle_256x256E,4234.26,1187.02,0.0
gfx950,256,27577,1280,4096,50,0,92.3675,_ZN5aiter42f4gemm_bf16_per1x32Fp4_BpreShuffle_192x256E,3130.6,1404.13,0.0
gfx950,256,27577,4096,1024,36,0,102.1357,_ZN5aiter42f4gemm_bf16_per1x32Fp4_BpreShuffle_64x1024E,2264.95,2370.64,0.0
gfx950,256,27577,4608,4096,54,0,255.9156,_ZN5aiter42f4gemm_bf16_per1x32Fp4_BpreShuffle_256x256E,4067.74,1250.66,0.0
gfx950,256,27578,4608,4096,54,0,260.2089,_ZN5aiter42f4gemm_bf16_per1x32Fp4_BpreShuffle_256x256E,4000.76,1230.07,0.0
gfx950,256,27580,9216,4096,54,0,496.4748,_ZN5aiter42f4gemm_bf16_per1x32Fp4_BpreShuffle_256x256E,4194.01,1175.71,0.0
gfx950,256,27581,2304,4096,54,0,137.7971,_ZN5aiter42f4gemm_bf16_per1x32Fp4_BpreShuffle_256x256E,3777.83,1366.49,0.0
gfx950,256,27581,4096,2048,54,0,144.7643,_ZN5aiter42f4gemm_bf16_per1x32Fp4_BpreShuffle_256x256E,3196.45,1784.84,0.0
gfx950,256,27583,1280,4096,48,0,93.0926,_ZN5aiter42f4gemm_bf16_per1x32Fp4_BpreShuffle_160x384E,3106.89,1393.49,0.0
gfx950,256,27583,4096,1024,36,0,101.4407,_ZN5aiter42f4gemm_bf16_per1x32Fp4_BpreShuffle_64x1024E,2280.97,2387.4,0.0
gfx950,256,27591,4608,4096,54,0,257.105,_ZN5aiter42f4gemm_bf16_per1x32Fp4_BpreShuffle_256x256E,4050.97,1245.49,0.0
gfx950,256,27594,9216,4096,54,0,493.7508,_ZN5aiter42f4gemm_bf16_per1x32Fp4_BpreShuffle_256x256E,4219.29,1182.78,0.0
gfx950,256,27595,4608,4096,54,0,254.3303,_ZN5aiter42f4gemm_bf16_per1x32Fp4_BpreShuffle_256x256E,4095.76,1259.26,0.0
gfx950,256,27599,1280,4096,48,0,93.7834,_ZN5aiter42f4gemm_bf16_per1x32Fp4_BpreShuffle_160x384E,3085.8,1384.01,0.0
gfx950,256,27599,4096,1024,36,0,102.8427,_ZN5aiter42f4gemm_bf16_per1x32Fp4_BpreShuffle_64x1024E,2251.18,2356.21,0.0
gfx950,256,27599,4608,4096,54,0,259.639,_ZN5aiter42f4gemm_bf16_per1x32Fp4_BpreShuffle_256x256E,4012.6,1233.68,0.0
gfx950,256,27615,9216,4096,54,0,487.055,_ZN5aiter42f4gemm_bf16_per1x32Fp4_BpreShuffle_256x256E,4280.55,1199.93,0.0
gfx950,256,27618,9216,4096,54,0,483.3764,_ZN5aiter42f4gemm_bf16_per1x32Fp4_BpreShuffle_256x256E,4313.59,1209.18,0.0
gfx950,256,27621,2304,4096,54,0,144.4684,_ZN5aiter42f4gemm_bf16_per1x32Fp4_BpreShuffle_256x256E,3608.6,1305.23,0.0
gfx950,256,27621,4096,2048,54,0,143.6931,_ZN5aiter42f4gemm_bf16_per1x32Fp4_BpreShuffle_256x256E,3224.95,1800.71,0.0
gfx950,256,27624,1280,4096,48,0,92.8531,_ZN5aiter42f4gemm_bf16_per1x32Fp4_BpreShuffle_160x384E,3119.54,1399.12,0.0
gfx950,256,27624,4096,1024,54,0,101.535,_ZN5aiter42f4gemm_bf16_per1x32Fp4_BpreShuffle_256x256E,2282.24,2388.7,0.0
gfx950,256,27631,9216,4096,54,0,489.4728,_ZN5aiter42f4gemm_bf16_per1x32Fp4_BpreShuffle_256x256E,4261.87,1194.67,0.0
gfx950,256,27642,9216,4096,54,0,484.0939,_ZN5aiter42f4gemm_bf16_per1x32Fp4_BpreShuffle_256x256E,4310.94,1208.41,0.0
gfx950,256,27654,2304,4096,54,0,138.5529,_ZN5aiter42f4gemm_bf16_per1x32Fp4_BpreShuffle_256x256E,3767.17,1362.54,0.0
gfx950,256,27654,4096,2048,45,0,144.8327,_ZN5aiter42f4gemm_bf16_per1x32Fp4_BpreShuffle_128x512E,3203.4,1788.64,0.0
gfx950,256,27654,9216,4096,54,0,490.9856,_ZN5aiter42f4gemm_bf16_per1x32Fp4_BpreShuffle_256x256E,4252.28,1191.95,0.0
gfx950,256,27667,4608,4096,54,0,252.269,_ZN5aiter42f4gemm_bf16_per1x32Fp4_BpreShuffle_256x256E,4140.0,1272.76,0.0
gfx950,256,27668,9216,4096,54,0,494.5356,_ZN5aiter42f4gemm_bf16_per1x32Fp4_BpreShuffle_256x256E,4223.89,1183.97,0.0
gfx950,256,27670,9216,4096,54,0,494.0444,_ZN5aiter42f4gemm_bf16_per1x32Fp4_BpreShuffle_256x256E,4228.4,1185.23,0.0
gfx950,256,27675,4608,4096,54,0,257.3899,_ZN5aiter42f4gemm_bf16_per1x32Fp4_BpreShuffle_256x256E,4058.81,1247.79,0.0
gfx950,256,27676,2304,4096,54,0,136.9733,_ZN5aiter42f4gemm_bf16_per1x32Fp4_BpreShuffle_256x256E,3813.64,1379.32,0.0
gfx950,256,27676,4096,2048,45,0,144.3828,_ZN5aiter42f4gemm_bf16_per1x32Fp4_BpreShuffle_128x512E,3215.94,1795.62,0.0
gfx950,256,27682,2304,4096,54,0,138.1663,_ZN5aiter42f4gemm_bf16_per1x32Fp4_BpreShuffle_256x256E,3781.53,1367.7,0.0
gfx950,256,27682,4096,2048,54,0,144.265,_ZN5aiter42f4gemm_bf16_per1x32Fp4_BpreShuffle_256x256E,3219.26,1797.47,0.0
gfx950,256,27688,9216,4096,54,0,488.4264,_ZN5aiter42f4gemm_bf16_per1x32Fp4_BpreShuffle_256x256E,4279.81,1199.62,0.0
gfx950,256,27693,9216,4096,54,0,491.2308,_ZN5aiter42f4gemm_bf16_per1x32Fp4_BpreShuffle_256x256E,4256.15,1192.98,0.0
gfx950,256,27701,4608,4096,54,0,262.0623,_ZN5aiter42f4gemm_bf16_per1x32Fp4_BpreShuffle_256x256E,3990.19,1226.66,0.0
gfx950,256,27705,2304,4096,54,0,139.2939,_ZN5aiter42f4gemm_bf16_per1x32Fp4_BpreShuffle_256x256E,3754.04,1357.73,0.0
gfx950,256,27705,4096,2048,45,0,144.7444,_ZN5aiter42f4gemm_bf16_per1x32Fp4_BpreShuffle_128x512E,3211.27,1792.98,0.0
gfx950,256,27712,9216,4096,54,0,486.9533,_ZN5aiter42f4gemm_bf16_per1x32Fp4_BpreShuffle_256x256E,4296.48,1204.26,0.0
gfx950,256,27714,4608,4096,54,0,261.0593,_ZN5aiter42f4gemm_bf16_per1x32Fp4_BpreShuffle_256x256E,4007.4,1231.93,0.0
gfx950,256,27715,9216,4096,54,0,506.2682,_ZN5aiter42f4gemm_bf16_per1x32Fp4_BpreShuffle_256x256E,4133.01,1158.43,0.0
gfx950,256,27716,9216,4096,54,0,491.6276,_ZN5aiter42f4gemm_bf16_per1x32Fp4_BpreShuffle_256x256E,4256.25,1192.97,0.0
gfx950,256,27724,4608,4096,54,0,256.1073,_ZN5aiter42f4gemm_bf16_per1x32Fp4_BpreShuffle_256x256E,4086.36,1256.19,0.0
gfx950,256,27726,4608,4096,54,0,259.4378,_ZN5aiter42f4gemm_bf16_per1x32Fp4_BpreShuffle_256x256E,4034.19,1240.15,0.0
gfx950,256,27733,1280,4096,50,0,93.9427,_ZN5aiter42f4gemm_bf16_per1x32Fp4_BpreShuffle_192x256E,3095.52,1388.24,0.0
gfx950,256,27733,4096,1024,54,0,101.6591,_ZN5aiter42f4gemm_bf16_per1x32Fp4_BpreShuffle_256x256E,2288.45,2395.11,0.0
gfx950,256,27734,4608,4096,54,0,262.0169,_ZN5aiter42f4gemm_bf16_per1x32Fp4_BpreShuffle_256x256E,3995.63,1228.29,0.0
gfx950,256,27735,4608,4096,54,0,254.9454,_ZN5aiter42f4gemm_bf16_per1x32Fp4_BpreShuffle_256x256E,4106.61,1262.4,0.0
gfx950,256,27735,9216,4096,54,0,498.5308,_ZN5aiter42f4gemm_bf16_per1x32Fp4_BpreShuffle_256x256E,4200.19,1177.23,0.0
gfx950,256,27736,1280,4096,50,0,93.6107,_ZN5aiter42f4gemm_bf16_per1x32Fp4_BpreShuffle_192x256E,3106.84,1393.31,0.0
gfx950,256,27736,4096,1024,36,0,102.1704,_ZN5aiter42f4gemm_bf16_per1x32Fp4_BpreShuffle_64x1024E,2277.24,2383.38,0.0
gfx950,256,27738,4608,4096,54,0,257.9954,_ZN5aiter42f4gemm_bf16_per1x32Fp4_BpreShuffle_256x256E,4058.5,1247.61,0.0
gfx950,256,27738,9216,4096,54,0,494.3256,_ZN5aiter42f4gemm_bf16_per1x32Fp4_BpreShuffle_256x256E,4236.38,1187.37,0.0
gfx950,256,27744,2304,4096,54,0,135.9755,_ZN5aiter42f4gemm_bf16_per1x32Fp4_BpreShuffle_256x256E,3851.06,1392.77,0.0
gfx950,256,27744,4096,2048,45,0,144.9624,_ZN5aiter42f4gemm_bf16_per1x32Fp4_BpreShuffle_128x512E,3210.95,1792.76,0.0
gfx950,256,27746,9216,4096,54,0,486.6423,_ZN5aiter42f4gemm_bf16_per1x32Fp4_BpreShuffle_256x256E,4304.5,1206.46,0.0
gfx950,256,27749,9216,4096,54,0,496.664,_ZN5aiter42f4gemm_bf16_per1x32Fp4_BpreShuffle_256x256E,4218.1,1182.24,0.0
gfx950,256,27753,1280,4096,50,0,93.4491,_ZN5aiter42f4gemm_bf16_per1x32Fp4_BpreShuffle_192x256E,3114.12,1396.56,0.0
gfx950,256,27753,4096,1024,54,0,101.9067,_ZN5aiter42f4gemm_bf16_per1x32Fp4_BpreShuffle_256x256E,2284.53,2391.0,0.0
gfx950,256,27756,4608,4096,54,0,256.1308,_ZN5aiter42f4gemm_bf16_per1x32Fp4_BpreShuffle_256x256E,4090.7,1257.49,0.0
gfx950,256,27759,1280,4096,48,0,95.294,_ZN5aiter42f4gemm_bf16_per1x32Fp4_BpreShuffle_160x384E,3054.49,1369.81,0.0
gfx950,256,27759,4096,1024,54,0,102.3698,_ZN5aiter42f4gemm_bf16_per1x32Fp4_BpreShuffle_256x256E,2274.69,2380.7,0.0
gfx950,256,27760,4608,4096,54,0,259.2255,_ZN5aiter42f4gemm_bf16_per1x32Fp4_BpreShuffle_256x256E,4042.45,1242.65,0.0
gfx950,256,27769,1280,4096,54,0,94.2583,_ZN5aiter42f4gemm_bf16_per1x32Fp4_BpreShuffle_256x256E,3089.16,1385.35,0.0
gfx950,256,27769,4096,1024,36,0,102.8665,_ZN5aiter42f4gemm_bf16_per1x32Fp4_BpreShuffle_64x1024E,2264.52,2370.05,0.0
gfx950,256,27773,9216,4096,54,0,495.8781,_ZN5aiter42f4gemm_bf16_per1x32Fp4_BpreShuffle_256x256E,4228.44,1185.1,0.0
gfx950,256,27781,9216,4096,54,0,494.3962,_ZN5aiter42f4gemm_bf16_per1x32Fp4_BpreShuffle_256x256E,4242.34,1188.98,0.0
gfx950,256,27782,9216,4096,54,0,495.1187,_ZN5aiter42f4gemm_bf16_per1x32Fp4_BpreShuffle_256x256E,4236.3,1187.29,0.0
gfx950,256,27792,4608,4096,54,0,258.3224,_ZN5aiter42f4gemm_bf16_per1x32Fp4_BpreShuffle_256x256E,4061.25,1248.39,0.0
gfx950,256,27798,9216,4096,54,0,486.9102,_ZN5aiter42f4gemm_bf16_per1x32Fp4_BpreShuffle_256x256E,4310.2,1207.98,0.0
gfx950,256,27801,9216,4096,54,0,502.5879,_ZN5aiter42f4gemm_bf16_per1x32Fp4_BpreShuffle_256x256E,4176.2,1170.42,0.0
gfx950,256,27819,9216,4096,54,0,493.1243,_ZN5aiter42f4gemm_bf16_per1x32Fp4_BpreShuffle_256x256E,4259.1,1193.63,0.0
gfx950,256,27841,2304,4096,54,0,135.7293,_ZN5aiter42f4gemm_bf16_per1x32Fp4_BpreShuffle_256x256E,3871.54,1400.05,0.0
gfx950,256,27841,4096,2048,45,0,144.912,_ZN5aiter42f4gemm_bf16_per1x32Fp4_BpreShuffle_128x512E,3223.3,1799.55,0.0
gfx950,256,27842,2304,4096,54,0,140.6768,_ZN5aiter42f4gemm_bf16_per1x32Fp4_BpreShuffle_256x256E,3735.51,1350.86,0.0
gfx950,256,27842,4096,2048,45,0,146.2053,_ZN5aiter42f4gemm_bf16_per1x32Fp4_BpreShuffle_128x512E,3194.9,1783.7,0.0
gfx950,256,27848,4608,4096,54,0,259.274,_ZN5aiter42f4gemm_bf16_per1x32Fp4_BpreShuffle_256x256E,4054.5,1246.24,0.0
gfx950,256,27849,9216,4096,54,0,496.4479,_ZN5aiter42f4gemm_bf16_per1x32Fp4_BpreShuffle_256x256E,4235.15,1186.88,0.0
gfx950,256,27858,9216,4096,54,0,504.4923,_ZN5aiter42f4gemm_bf16_per1x32Fp4_BpreShuffle_256x256E,4168.96,1168.32,0.0
gfx950,256,27860,9216,4096,54,0,493.6567,_ZN5aiter42f4gemm_bf16_per1x32Fp4_BpreShuffle_256x256E,4260.77,1194.04,0.0
gfx950,256,27871,9216,4096,54,0,492.4632,_ZN5aiter42f4gemm_bf16_per1x32Fp4_BpreShuffle_256x256E,4272.79,1197.39,0.0
gfx950,256,27879,4608,4096,54,0,260.9926,_ZN5aiter42f4gemm_bf16_per1x32Fp4_BpreShuffle_256x256E,4032.29,1239.37,0.0
gfx950,256,27880,4608,4096,54,0,259.4283,_ZN5aiter42f4gemm_bf16_per1x32Fp4_BpreShuffle_256x256E,4056.75,1246.89,0.0
gfx950,256,27884,9216,4096,54,0,494.6319,_ZN5aiter42f4gemm_bf16_per1x32Fp4_BpreShuffle_256x256E,4256.04,1192.68,0.0
gfx950,256,27890,9216,4096,54,0,492.5607,_ZN5aiter42f4gemm_bf16_per1x32Fp4_BpreShuffle_256x256E,4274.85,1197.95,0.0
gfx950,256,27897,9216,4096,54,0,496.1528,_ZN5aiter42f4gemm_bf16_per1x32Fp4_BpreShuffle_256x256E,4244.97,1189.56,0.0
gfx950,256,27901,2304,4096,54,0,139.895,_ZN5aiter42f4gemm_bf16_per1x32Fp4_BpreShuffle_256x256E,3764.35,1361.22,0.0
gfx950,256,27901,4096,2048,45,0,146.1639,_ZN5aiter42f4gemm_bf16_per1x32Fp4_BpreShuffle_128x512E,3202.58,1787.92,0.0
gfx950,256,27902,4608,4096,54,0,253.7538,_ZN5aiter42f4gemm_bf16_per1x32Fp4_BpreShuffle_256x256E,4150.74,1275.75,0.0
gfx950,256,27907,2304,4096,54,0,141.9086,_ZN5aiter42f4gemm_bf16_per1x32Fp4_BpreShuffle_256x256E,3711.73,1342.18,0.0
gfx950,256,27907,4096,2048,54,0,144.71,_ZN5aiter42f4gemm_bf16_per1x32Fp4_BpreShuffle_256x256E,3235.45,1806.27,0.0
gfx950,256,27908,9216,4096,54,0,498.7508,_ZN5aiter42f4gemm_bf16_per1x32Fp4_BpreShuffle_256x256E,4224.52,1183.82,0.0
gfx950,256,27912,1280,4096,48,0,93.226,_ZN5aiter42f4gemm_bf16_per1x32Fp4_BpreShuffle_160x384E,3139.45,1407.76,0.0
gfx950,256,27912,4096,1024,54,0,102.2645,_ZN5aiter42f4gemm_bf16_per1x32Fp4_BpreShuffle_256x256E,2289.58,2396.17,0.0
gfx950,256,27915,2304,4096,54,0,137.0682,_ZN5aiter42f4gemm_bf16_per1x32Fp4_BpreShuffle_256x256E,3843.91,1389.97,0.0
gfx950,256,27915,4096,2048,45,0,144.6084,_ZN5aiter42f4gemm_bf16_per1x32Fp4_BpreShuffle_128x512E,3238.65,1808.05,0.0
gfx950,256,27917,2304,4096,54,0,143.3439,_ZN5aiter42f4gemm_bf16_per1x32Fp4_BpreShuffle_256x256E,3675.89,1329.21,0.0
gfx950,256,27917,4096,2048,54,0,145.3119,_ZN5aiter42f4gemm_bf16_per1x32Fp4_BpreShuffle_256x256E,3223.2,1799.42,0.0
gfx950,256,27920,2304,4096,54,0,140.2658,_ZN5aiter42f4gemm_bf16_per1x32Fp4_BpreShuffle_256x256E,3756.96,1358.52,0.0
gfx950,256,27920,4096,2048,54,0,146.7708,_ZN5aiter42f4gemm_bf16_per1x32Fp4_BpreShuffle_256x256E,3191.51,1781.72,0.0
gfx950,256,27921,4608,4096,54,0,261.5032,_ZN5aiter42f4gemm_bf16_per1x32Fp4_BpreShuffle_256x256E,4030.48,1238.76,0.0
gfx950,256,27922,4608,4096,54,0,265.0762,_ZN5aiter42f4gemm_bf16_per1x32Fp4_BpreShuffle_256x256E,3976.29,1222.1,0.0
gfx950,256,27924,1280,4096,50,0,93.9584,_ZN5aiter42f4gemm_bf16_per1x32Fp4_BpreShuffle_192x256E,3116.32,1397.38,0.0
gfx950,256,27924,4096,1024,36,0,102.1934,_ZN5aiter42f4gemm_bf16_per1x32Fp4_BpreShuffle_64x1024E,2292.16,2398.86,0.0
gfx950,256,27933,2304,4096,54,0,136.334,_ZN5aiter42f4gemm_bf16_per1x32Fp4_BpreShuffle_256x256E,3867.1,1398.34,0.0
gfx950,256,27933,4096,2048,54,0,146.4764,_ZN5aiter42f4gemm_bf16_per1x32Fp4_BpreShuffle_256x256E,3199.41,1786.12,0.0
gfx950,256,27937,9216,4096,54,0,492.0519,_ZN5aiter42f4gemm_bf16_per1x32Fp4_BpreShuffle_256x256E,4286.48,1201.14,0.0
gfx950,256,27942,9216,4096,54,0,497.9492,_ZN5aiter42f4gemm_bf16_per1x32Fp4_BpreShuffle_256x256E,4236.48,1187.12,0.0
gfx950,256,27944,4608,4096,54,0,260.7302,_ZN5aiter42f4gemm_bf16_per1x32Fp4_BpreShuffle_256x256E,4045.76,1243.42,0.0
gfx950,256,27951,9216,4096,54,0,509.7392,_ZN5aiter42f4gemm_bf16_per1x32Fp4_BpreShuffle_256x256E,4139.82,1160.03,0.0
gfx950,256,27958,9216,4096,54,0,489.8912,_ZN5aiter42f4gemm_bf16_per1x32Fp4_BpreShuffle_256x256E,4308.63,1207.32,0.0
gfx950,256,27970,9216,4096,54,0,500.0785,_ZN5aiter42f4gemm_bf16_per1x32Fp4_BpreShuffle_256x256E,4222.67,1183.21,0.0
gfx950,256,27976,9216,4096,54,0,498.274,_ZN5aiter42f4gemm_bf16_per1x32Fp4_BpreShuffle_256x256E,4238.87,1187.75,0.0
gfx950,256,27979,1280,4096,50,0,93.607,_ZN5aiter42f4gemm_bf16_per1x32Fp4_BpreShuffle_192x256E,3134.18,1405.33,0.0
gfx950,256,27979,4096,1024,54,0,103.0921,_ZN5aiter42f4gemm_bf16_per1x32Fp4_BpreShuffle_256x256E,2276.65,2382.59,0.0
gfx950,256,27979,4608,4096,54,0,260.3149,_ZN5aiter42f4gemm_bf16_per1x32Fp4_BpreShuffle_256x256E,4057.29,1246.92,0.0
gfx950,256,27990,1280,4096,48,0,93.183,_ZN5aiter42f4gemm_bf16_per1x32Fp4_BpreShuffle_160x384E,3149.68,1412.27,0.0
gfx950,256,27990,4096,1024,36,0,102.4066,_ZN5aiter42f4gemm_bf16_per1x32Fp4_BpreShuffle_64x1024E,2292.79,2399.48,0.0
gfx950,256,27991,9216,4096,54,0,498.0925,_ZN5aiter42f4gemm_bf16_per1x32Fp4_BpreShuffle_256x256E,4242.69,1188.8,0.0
gfx950,256,27996,9216,4096,54,0,492.8302,_ZN5aiter42f4gemm_bf16_per1x32Fp4_BpreShuffle_256x256E,4288.75,1201.7,0.0
gfx950,256,27998,4608,4096,54,0,260.0314,_ZN5aiter42f4gemm_bf16_per1x32Fp4_BpreShuffle_256x256E,4064.47,1249.11,0.0
gfx950,256,28000,2304,4096,54,0,145.5925,_ZN5aiter42f4gemm_bf16_per1x32Fp4_BpreShuffle_256x256E,3629.87,1312.48,0.0
gfx950,256,28000,4096,2048,45,0,144.8361,_ZN5aiter42f4gemm_bf16_per1x32Fp4_BpreShuffle_128x512E,3243.4,1810.61,0.0
gfx950,256,28001,9216,4096,54,0,487.9128,_ZN5aiter42f4gemm_bf16_per1x32Fp4_BpreShuffle_256x256E,4332.75,1214.02,0.0
gfx950,256,28010,4608,4096,54,0,261.7777,_ZN5aiter42f4gemm_bf16_per1x32Fp4_BpreShuffle_256x256E,4039.08,1241.29,0.0
gfx950,256,28010,9216,4096,54,0,492.7525,_ZN5aiter42f4gemm_bf16_per1x32Fp4_BpreShuffle_256x256E,4291.57,1202.47,0.0
gfx950,256,28022,4608,4096,54,0,260.1838,_ZN5aiter42f4gemm_bf16_per1x32Fp4_BpreShuffle_256x256E,4065.57,1249.41,0.0
gfx950,256,28024,9216,4096,54,0,502.565,_ZN5aiter42f4gemm_bf16_per1x32Fp4_BpreShuffle_256x256E,4209.89,1179.56,0.0
gfx950,256,28028,2304,4096,54,0,136.4512,_ZN5aiter42f4gemm_bf16_per1x32Fp4_BpreShuffle_256x256E,3876.92,1401.77,0.0
gfx950,256,28028,4096,2048,54,0,146.3506,_ZN5aiter42f4gemm_bf16_per1x32Fp4_BpreShuffle_256x256E,3213.05,1793.64,0.0
gfx950,256,28036,9216,4096,54,0,503.3783,_ZN5aiter42f4gemm_bf16_per1x32Fp4_BpreShuffle_256x256E,4204.88,1178.14,0.0
gfx950,256,28053,9216,4096,54,0,503.273,_ZN5aiter42f4gemm_bf16_per1x32Fp4_BpreShuffle_256x256E,4208.31,1179.08,0.0
gfx950,256,28056,1280,4096,54,0,94.0038,_ZN5aiter42f4gemm_bf16_per1x32Fp4_BpreShuffle_256x256E,3129.54,1403.17,0.0
gfx950,256,28056,4096,1024,54,0,103.0481,_ZN5aiter42f4gemm_bf16_per1x32Fp4_BpreShuffle_256x256E,2283.89,2390.11,0.0
gfx950,256,28059,9216,4096,54,0,498.8792,_ZN5aiter42f4gemm_bf16_per1x32Fp4_BpreShuffle_256x256E,4246.29,1189.71,0.0
gfx950,256,28064,2304,4096,54,0,140.7236,_ZN5aiter42f4gemm_bf16_per1x32Fp4_BpreShuffle_256x256E,3764.05,1360.91,0.0
gfx950,256,28064,4096,2048,54,0,144.2792,_ZN5aiter42f4gemm_bf16_per1x32Fp4_BpreShuffle_256x256E,3263.37,1821.69,0.0
gfx950,256,28065,9216,4096,54,0,490.1155,_ZN5aiter42f4gemm_bf16_per1x32Fp4_BpreShuffle_256x256E,4323.14,1211.24,0.0
gfx950,256,28071,9216,4096,54,0,496.0464,_ZN5aiter42f4gemm_bf16_per1x32Fp4_BpreShuffle_256x256E,4272.36,1197.0,0.0
gfx950,256,28072,1280,4096,50,0,94.7942,_ZN5aiter42f4gemm_bf16_per1x32Fp4_BpreShuffle_192x256E,3105.21,1392.25,0.0
gfx950,256,28072,4096,1024,36,0,101.9183,_ZN5aiter42f4gemm_bf16_per1x32Fp4_BpreShuffle_64x1024E,2310.53,2417.97,0.0
gfx950,256,28078,9216,4096,54,0,502.3796,_ZN5aiter42f4gemm_bf16_per1x32Fp4_BpreShuffle_256x256E,4219.55,1182.2,0.0
gfx950,256,28079,2304,4096,54,0,143.5809,_ZN5aiter42f4gemm_bf16_per1x32Fp4_BpreShuffle_256x256E,3691.11,1334.53,0.0
gfx950,256,28079,4096,2048,54,0,145.0649,_ZN5aiter42f4gemm_bf16_per1x32Fp4_BpreShuffle_256x256E,3247.43,1812.78,0.0
gfx950,256,28088,9216,4096,54,0,499.2331,_ZN5aiter42f4gemm_bf16_per1x32Fp4_BpreShuffle_256x256E,4247.66,1190.06,0.0
gfx950,256,28092,2304,4096,54,0,138.8268,_ZN5aiter42f4gemm_bf16_per1x32Fp4_BpreShuffle_256x256E,3819.28,1380.85,0.0
gfx950,256,28092,4096,2048,45,0,147.2088,_ZN5aiter42f4gemm_bf16_per1x32Fp4_BpreShuffle_128x512E,3201.61,1787.19,0.0
gfx950,256,28097,9216,4096,54,0,501.072,_ZN5aiter42f4gemm_bf16_per1x32Fp4_BpreShuffle_256x256E,4233.43,1186.06,0.0
gfx950,256,28109,9216,4096,54,0,495.7563,_ZN5aiter42f4gemm_bf16_per1x32Fp4_BpreShuffle_256x256E,4280.65,1199.27,0.0
gfx950,256,28110,9216,4096,54,0,492.2952,_ZN5aiter42f4gemm_bf16_per1x32Fp4_BpreShuffle_256x256E,4310.9,1207.75,0.0
gfx950,256,28115,9216,4096,54,0,495.9749,_ZN5aiter42f4gemm_bf16_per1x32Fp4_BpreShuffle_256x256E,4279.68,1198.99,0.0
gfx950,256,28117,2304,4096,54,0,140.0128,_ZN5aiter42f4gemm_bf16_per1x32Fp4_BpreShuffle_256x256E,3790.3,1370.34,0.0
gfx950,256,28117,4096,2048,54,0,146.5421,_ZN5aiter42f4gemm_bf16_per1x32Fp4_BpreShuffle_256x256E,3219.04,1796.89,0.0
gfx950,256,28119,9216,4096,54,0,502.7768,_ZN5aiter42f4gemm_bf16_per1x32Fp4_BpreShuffle_256x256E,4222.38,1182.93,0.0
gfx950,256,28134,4608,4096,54,0,255.4599,_ZN5aiter42f4gemm_bf16_per1x32Fp4_BpreShuffle_256x256E,4157.3,1277.46,0.0
gfx950,256,28136,9216,4096,54,0,503.1708,_ZN5aiter42f4gemm_bf16_per1x32Fp4_BpreShuffle_256x256E,4221.62,1182.7,0.0
gfx950,256,28138,1280,4096,48,0,92.86,_ZN5aiter42f4gemm_bf16_per1x32Fp4_BpreShuffle_160x384E,3177.35,1424.52,0.0
gfx950,256,28138,4096,1024,54,0,103.6312,_ZN5aiter42f4gemm_bf16_per1x32Fp4_BpreShuffle_256x256E,2277.68,2383.55,0.0
gfx950,256,28138,9216,4096,54,0,496.7045,_ZN5aiter42f4gemm_bf16_per1x32Fp4_BpreShuffle_256x256E,4276.88,1198.18,0.0
gfx950,256,28139,9216,4096,54,0,494.6044,_ZN5aiter42f4gemm_bf16_per1x32Fp4_BpreShuffle_256x256E,4295.2,1203.31,0.0
gfx950,256,28145,9216,4096,54,0,504.2853,_ZN5aiter42f4gemm_bf16_per1x32Fp4_BpreShuffle_256x256E,4213.64,1180.45,0.0
gfx950,256,28146,1280,4096,54,0,94.437,_ZN5aiter42f4gemm_bf16_per1x32Fp4_BpreShuffle_256x256E,3125.18,1401.13,0.0
gfx950,256,28146,4096,1024,54,0,101.9818,_ZN5aiter42f4gemm_bf16_per1x32Fp4_BpreShuffle_256x256E,2315.18,2422.78,0.0
gfx950,256,28148,1280,4096,48,0,93.2552,_ZN5aiter42f4gemm_bf16_per1x32Fp4_BpreShuffle_160x384E,3165.0,1418.98,0.0
gfx950,256,28148,4096,1024,54,0,102.407,_ZN5aiter42f4gemm_bf16_per1x32Fp4_BpreShuffle_256x256E,2305.73,2412.9,0.0
gfx950,256,28154,9216,4096,54,0,499.3289,_ZN5aiter42f4gemm_bf16_per1x32Fp4_BpreShuffle_256x256E,4256.83,1192.54,0.0
gfx950,256,28161,9216,4096,54,0,494.92,_ZN5aiter42f4gemm_bf16_per1x32Fp4_BpreShuffle_256x256E,4295.81,1203.45,0.0
gfx950,256,28162,4608,4096,54,0,261.4791,_ZN5aiter42f4gemm_bf16_per1x32Fp4_BpreShuffle_256x256E,4065.64,1249.25,0.0
gfx950,256,28162,9216,4096,54,0,508.7333,_ZN5aiter42f4gemm_bf16_per1x32Fp4_BpreShuffle_256x256E,4179.32,1170.81,0.0
gfx950,256,28170,9216,4096,54,0,504.4078,_ZN5aiter42f4gemm_bf16_per1x32Fp4_BpreShuffle_256x256E,4216.36,1181.18,0.0
gfx950,256,28172,4608,4096,54,0,260.7677,_ZN5aiter42f4gemm_bf16_per1x32Fp4_BpreShuffle_256x256E,4078.18,1253.09,0.0
gfx950,256,28173,9216,4096,54,0,498.98,_ZN5aiter42f4gemm_bf16_per1x32Fp4_BpreShuffle_256x256E,4262.68,1194.15,0.0
gfx950,256,28178,9216,4096,54,0,508.7053,_ZN5aiter42f4gemm_bf16_per1x32Fp4_BpreShuffle_256x256E,4181.93,1171.52,0.0
gfx950,256,28182,4608,4096,54,0,262.8045,_ZN5aiter42f4gemm_bf16_per1x32Fp4_BpreShuffle_256x256E,4048.01,1243.81,0.0
gfx950,256,28184,4608,4096,54,0,262.4487,_ZN5aiter42f4gemm_bf16_per1x32Fp4_BpreShuffle_256x256E,4053.78,1245.58,0.0
gfx950,256,28188,9216,4096,54,0,498.6444,_ZN5aiter42f4gemm_bf16_per1x32Fp4_BpreShuffle_256x256E,4267.82,1195.57,0.0
gfx950,256,28191,2304,4096,54,0,141.0042,_ZN5aiter42f4gemm_bf16_per1x32Fp4_BpreShuffle_256x256E,3773.56,1364.2,0.0
gfx950,256,28191,4096,2048,45,0,147.0732,_ZN5aiter42f4gemm_bf16_per1x32Fp4_BpreShuffle_128x512E,3215.86,1795.04,0.0
gfx950,256,28198,9216,4096,54,0,500.0993,_ZN5aiter42f4gemm_bf16_per1x32Fp4_BpreShuffle_256x256E,4256.91,1192.5,0.0
gfx950,256,28207,4608,4096,54,0,262.049,_ZN5aiter42f4gemm_bf16_per1x32Fp4_BpreShuffle_256x256E,4063.28,1248.47,0.0
gfx950,256,28208,1280,4096,48,0,93.4551,_ZN5aiter42f4gemm_bf16_per1x32Fp4_BpreShuffle_160x384E,3164.97,1418.9,0.0
gfx950,256,28208,4096,1024,36,0,102.4784,_ZN5aiter42f4gemm_bf16_per1x32Fp4_BpreShuffle_64x1024E,2309.03,2416.31,0.0
gfx950,256,28209,1280,4096,50,0,94.2799,_ZN5aiter42f4gemm_bf16_per1x32Fp4_BpreShuffle_192x256E,3137.39,1406.54,0.0
gfx950,256,28209,4096,1024,36,0,101.8744,_ZN5aiter42f4gemm_bf16_per1x32Fp4_BpreShuffle_64x1024E,2322.8,2430.72,0.0
gfx950,256,28211,4608,4096,54,0,262.3326,_ZN5aiter42f4gemm_bf16_per1x32Fp4_BpreShuffle_256x256E,4059.46,1247.29,0.0
gfx950,256,28216,9216,4096,54,0,501.7305,_ZN5aiter42f4gemm_bf16_per1x32Fp4_BpreShuffle_256x256E,4245.78,1189.36,0.0
gfx950,256,28228,4608,4096,54,0,264.0653,_ZN5aiter42f4gemm_bf16_per1x32Fp4_BpreShuffle_256x256E,4035.26,1239.83,0.0
gfx950,256,28234,1280,4096,48,0,94.9731,_ZN5aiter42f4gemm_bf16_per1x32Fp4_BpreShuffle_160x384E,3117.25,1397.49,0.0
gfx950,256,28234,4096,1024,54,0,103.7078,_ZN5aiter42f4gemm_bf16_per1x32Fp4_BpreShuffle_256x256E,2283.76,2389.85,0.0
gfx950,256,28246,2304,4096,54,0,144.4907,_ZN5aiter42f4gemm_bf16_per1x32Fp4_BpreShuffle_256x256E,3689.69,1333.82,0.0
gfx950,256,28246,4096,2048,54,0,146.5668,_ZN5aiter42f4gemm_bf16_per1x32Fp4_BpreShuffle_256x256E,3233.26,1804.7,0.0
gfx950,256,28246,4608,4096,54,0,261.8348,_ZN5aiter42f4gemm_bf16_per1x32Fp4_BpreShuffle_256x256E,4072.23,1251.17,0.0
gfx950,256,28249,1280,4096,54,0,94.7139,_ZN5aiter42f4gemm_bf16_per1x32Fp4_BpreShuffle_256x256E,3127.44,1402.04,0.0
gfx950,256,28249,4096,1024,54,0,103.1503,_ZN5aiter42f4gemm_bf16_per1x32Fp4_BpreShuffle_256x256E,2297.33,2404.03,0.0
gfx950,256,28258,4608,4096,54,0,263.5801,_ZN5aiter42f4gemm_bf16_per1x32Fp4_BpreShuffle_256x256E,4046.98,1243.4,0.0
gfx950,256,28273,1280,4096,50,0,94.3494,_ZN5aiter42f4gemm_bf16_per1x32Fp4_BpreShuffle_192x256E,3142.19,1408.63,0.0
gfx950,256,28273,4096,1024,54,0,103.2833,_ZN5aiter42f4gemm_bf16_per1x32Fp4_BpreShuffle_256x256E,2296.32,2402.96,0.0
gfx950,256,28276,9216,4096,54,0,495.26,_ZN5aiter42f4gemm_bf16_per1x32Fp4_BpreShuffle_256x256E,4310.4,1207.38,0.0
gfx950,256,28279,4608,4096,54,0,261.1351,_ZN5aiter42f4gemm_bf16_per1x32Fp4_BpreShuffle_256x256E,4087.91,1255.95,0.0
gfx950,256,28280,9216,4096,54,0,505.8664,_ZN5aiter42f4gemm_bf16_per1x32Fp4_BpreShuffle_256x256E,4220.62,1182.23,0.0
gfx950,256,28300,4608,4096,54,0,264.217,_ZN5aiter42f4gemm_bf16_per1x32Fp4_BpreShuffle_256x256E,4043.23,1242.19,0.0
gfx950,256,28305,2304,4096,54,0,140.4046,_ZN5aiter42f4gemm_bf16_per1x32Fp4_BpreShuffle_256x256E,3805.0,1375.43,0.0
gfx950,256,28305,4096,2048,54,0,146.7242,_ZN5aiter42f4gemm_bf16_per1x32Fp4_BpreShuffle_256x256E,3236.54,1806.47,0.0
gfx950,256,28305,4608,4096,54,0,262.3577,_ZN5aiter42f4gemm_bf16_per1x32Fp4_BpreShuffle_256x256E,4072.6,1251.21,0.0
gfx950,256,28314,9216,4096,54,0,503.0234,_ZN5aiter42f4gemm_bf16_per1x32Fp4_BpreShuffle_256x256E,4249.57,1190.29,0.0
gfx950,256,28327,4608,4096,54,0,259.02,_ZN5aiter42f4gemm_bf16_per1x32Fp4_BpreShuffle_256x256E,4128.29,1268.29,0.0
gfx950,256,28328,2304,4096,54,0,139.9893,_ZN5aiter42f4gemm_bf16_per1x32Fp4_BpreShuffle_256x256E,3819.39,1380.6,0.0
gfx950,256,28328,4096,2048,54,0,147.8975,_ZN5aiter42f4gemm_bf16_per1x32Fp4_BpreShuffle_256x256E,3213.48,1793.57,0.0
gfx950,256,28334,9216,4096,54,0,499.3067,_ZN5aiter42f4gemm_bf16_per1x32Fp4_BpreShuffle_256x256E,4284.23,1199.97,0.0
gfx950,256,28336,2304,4096,54,0,141.3177,_ZN5aiter42f4gemm_bf16_per1x32Fp4_BpreShuffle_256x256E,3784.55,1368.0,0.0
gfx950,256,28336,4096,2048,54,0,145.4846,_ZN5aiter42f4gemm_bf16_per1x32Fp4_BpreShuffle_256x256E,3267.69,1823.83,0.0
gfx950,256,28347,4608,4096,54,0,257.4967,_ZN5aiter42f4gemm_bf16_per1x32Fp4_BpreShuffle_256x256E,4155.64,1276.67,0.0
gfx950,256,28351,4608,4096,54,0,263.5148,_ZN5aiter42f4gemm_bf16_per1x32Fp4_BpreShuffle_256x256E,4061.31,1247.68,0.0
gfx950,256,28356,9216,4096,54,0,501.4901,_ZN5aiter42f4gemm_bf16_per1x32Fp4_BpreShuffle_256x256E,4268.89,1195.65,0.0
gfx950,256,28364,9216,4096,54,0,500.5295,_ZN5aiter42f4gemm_bf16_per1x32Fp4_BpreShuffle_256x256E,4278.29,1198.27,0.0
gfx950,256,28366,9216,4096,54,0,503.9109,_ZN5aiter42f4gemm_bf16_per1x32Fp4_BpreShuffle_256x256E,4249.88,1190.31,0.0
gfx950,256,28375,9216,4096,54,0,505.8113,_ZN5aiter42f4gemm_bf16_per1x32Fp4_BpreShuffle_256x256E,4235.26,1186.2,0.0
gfx950,256,28382,1280,4096,48,0,93.4429,_ZN5aiter42f4gemm_bf16_per1x32Fp4_BpreShuffle_160x384E,3184.91,1427.67,0.0
gfx950,256,28382,4096,1024,54,0,102.7301,_ZN5aiter42f4gemm_bf16_per1x32Fp4_BpreShuffle_256x256E,2317.58,2425.13,0.0
gfx950,256,28383,9216,4096,54,0,502.869,_ZN5aiter42f4gemm_bf16_per1x32Fp4_BpreShuffle_256x256E,4261.24,1193.47,0.0
gfx950,256,28386,9216,4096,54,0,503.0012,_ZN5aiter42f4gemm_bf16_per1x32Fp4_BpreShuffle_256x256E,4260.57,1193.28,0.0
gfx950,256,28399,9216,4096,54,0,500.3592,_ZN5aiter42f4gemm_bf16_per1x32Fp4_BpreShuffle_256x256E,4285.03,1200.11,0.0
gfx950,256,28400,9216,4096,54,0,511.0635,_ZN5aiter42f4gemm_bf16_per1x32Fp4_BpreShuffle_256x256E,4195.42,1175.01,0.0
gfx950,256,28404,1280,4096,48,0,92.9635,_ZN5aiter42f4gemm_bf16_per1x32Fp4_BpreShuffle_160x384E,3203.81,1436.12,0.0
gfx950,256,28404,4096,1024,54,0,103.3398,_ZN5aiter42f4gemm_bf16_per1x32Fp4_BpreShuffle_256x256E,2305.69,2412.68,0.0
gfx950,256,28413,2304,4096,54,0,142.8496,_ZN5aiter42f4gemm_bf16_per1x32Fp4_BpreShuffle_256x256E,3754.14,1356.92,0.0
gfx950,256,28413,4096,2048,45,0,146.9025,_ZN5aiter42f4gemm_bf16_per1x32Fp4_BpreShuffle_128x512E,3244.95,1811.06,0.0
gfx950,256,28418,9216,4096,54,0,506.4495,_ZN5aiter42f4gemm_bf16_per1x32Fp4_BpreShuffle_256x256E,4236.33,1186.45,0.0
gfx950,256,28419,9216,4096,54,0,506.0609,_ZN5aiter42f4gemm_bf16_per1x32Fp4_BpreShuffle_256x256E,4239.73,1187.4,0.0
gfx950,256,28425,9216,4096,54,0,503.8141,_ZN5aiter42f4gemm_bf16_per1x32Fp4_BpreShuffle_256x256E,4259.54,1192.94,0.0
gfx950,256,28426,9216,4096,54,0,508.1105,_ZN5aiter42f4gemm_bf16_per1x32Fp4_BpreShuffle_256x256E,4223.67,1182.89,0.0
gfx950,256,28428,4608,4096,54,0,266.3141,_ZN5aiter42f4gemm_bf16_per1x32Fp4_BpreShuffle_256x256E,4029.53,1237.82,0.0
gfx950,256,28431,1280,4096,50,0,95.6172,_ZN5aiter42f4gemm_bf16_per1x32Fp4_BpreShuffle_192x256E,3117.86,1397.57,0.0
gfx950,256,28431,4096,1024,54,0,103.5246,_ZN5aiter42f4gemm_bf16_per1x32Fp4_BpreShuffle_256x256E,2303.77,2410.64,0.0
gfx950,256,28432,9216,4096,54,0,503.6697,_ZN5aiter42f4gemm_bf16_per1x32Fp4_BpreShuffle_256x256E,4261.81,1193.56,0.0
gfx950,256,28442,9216,4096,54,0,507.2576,_ZN5aiter42f4gemm_bf16_per1x32Fp4_BpreShuffle_256x256E,4233.15,1185.52,0.0
gfx950,256,28446,4608,4096,54,0,263.1255,_ZN5aiter42f4gemm_bf16_per1x32Fp4_BpreShuffle_256x256E,4080.94,1253.6,0.0
gfx950,256,28462,1280,4096,54,0,95.4292,_ZN5aiter42f4gemm_bf16_per1x32Fp4_BpreShuffle_256x256E,3127.4,1401.82,0.0
gfx950,256,28462,4096,1024,36,0,103.2556,_ZN5aiter42f4gemm_bf16_per1x32Fp4_BpreShuffle_64x1024E,2312.29,2419.53,0.0
gfx950,256,28469,4608,4096,54,0,264.5204,_ZN5aiter42f4gemm_bf16_per1x32Fp4_BpreShuffle_256x256E,4062.71,1247.96,0.0
gfx950,256,28470,9216,4096,54,0,505.8053,_ZN5aiter42f4gemm_bf16_per1x32Fp4_BpreShuffle_256x256E,4249.49,1190.06,0.0
gfx950,256,28473,1280,4096,50,0,92.7686,_ZN5aiter42f4gemm_bf16_per1x32Fp4_BpreShuffle_192x256E,3218.34,1442.57,0.0
gfx950,256,28473,4096,1024,36,0,103.3204,_ZN5aiter42f4gemm_bf16_per1x32Fp4_BpreShuffle_64x1024E,2311.73,2418.94,0.0
gfx950,256,28481,9216,4096,54,0,505.842,_ZN5aiter42f4gemm_bf16_per1x32Fp4_BpreShuffle_256x256E,4250.82,1190.42,0.0
gfx950,256,28483,4608,4096,54,0,260.9575,_ZN5aiter42f4gemm_bf16_per1x32Fp4_BpreShuffle_256x256E,4120.2,1265.61,0.0
gfx950,256,28484,9216,4096,54,0,500.6456,_ZN5aiter42f4gemm_bf16_per1x32Fp4_BpreShuffle_256x256E,4295.39,1202.9,0.0
gfx950,256,28485,1280,4096,50,0,93.3167,_ZN5aiter42f4gemm_bf16_per1x32Fp4_BpreShuffle_192x256E,3200.79,1434.69,0.0
gfx950,256,28485,4096,1024,54,0,103.938,_ZN5aiter42f4gemm_bf16_per1x32Fp4_BpreShuffle_256x256E,2298.96,2405.57,0.0
gfx950,256,28486,9216,4096,54,0,505.7302,_ZN5aiter42f4gemm_bf16_per1x32Fp4_BpreShuffle_256x256E,4252.51,1190.89,0.0
gfx950,256,28487,4608,4096,54,0,261.8397,_ZN5aiter42f4gemm_bf16_per1x32Fp4_BpreShuffle_256x256E,4106.9,1261.52,0.0
gfx950,256,28493,4608,4096,54,0,266.2177,_ZN5aiter42f4gemm_bf16_per1x32Fp4_BpreShuffle_256x256E,4040.21,1241.02,0.0
gfx950,256,28495,1280,4096,50,0,94.5439,_ZN5aiter42f4gemm_bf16_per1x32Fp4_BpreShuffle_192x256E,3160.35,1416.55,0.0
gfx950,256,28495,4096,1024,54,0,103.7662,_ZN5aiter42f4gemm_bf16_per1x32Fp4_BpreShuffle_256x256E,2303.58,2410.4,0.0
gfx950,256,28514,9216,4096,54,0,508.8337,_ZN5aiter42f4gemm_bf16_per1x32Fp4_BpreShuffle_256x256E,4230.72,1184.75,0.0
gfx950,256,28516,9216,4096,54,0,502.3859,_ZN5aiter42f4gemm_bf16_per1x32Fp4_BpreShuffle_256x256E,4285.32,1200.04,0.0
gfx950,256,28532,1280,4096,50,0,94.1379,_ZN5aiter42f4gemm_bf16_per1x32Fp4_BpreShuffle_192x256E,3178.1,1424.47,0.0
gfx950,256,28532,4096,1024,54,0,103.1693,_ZN5aiter42f4gemm_bf16_per1x32Fp4_BpreShuffle_256x256E,2319.91,2427.46,0.0
gfx950,256,28533,9216,4096,54,0,498.0142,_ZN5aiter42f4gemm_bf16_per1x32Fp4_BpreShuffle_256x256E,4325.52,1211.27,0.0
gfx950,256,28543,4608,4096,54,0,263.4741,_ZN5aiter42f4gemm_bf16_per1x32Fp4_BpreShuffle_256x256E,4089.44,1256.08,0.0
gfx950,256,28544,4608,4096,54,0,263.7392,_ZN5aiter42f4gemm_bf16_per1x32Fp4_BpreShuffle_256x256E,4085.48,1254.86,0.0
gfx950,256,28561,9216,4096,54,0,505.3989,_ZN5aiter42f4gemm_bf16_per1x32Fp4_BpreShuffle_256x256E,4266.5,1194.71,0.0
gfx950,256,28564,9216,4096,54,0,507.2306,_ZN5aiter42f4gemm_bf16_per1x32Fp4_BpreShuffle_256x256E,4251.54,1190.51,0.0
gfx950,256,28570,2304,4096,54,0,140.9681,_ZN5aiter42f4gemm_bf16_per1x32Fp4_BpreShuffle_256x256E,3825.27,1382.44,0.0
gfx950,256,28570,4096,2048,45,0,147.8148,_ZN5aiter42f4gemm_bf16_per1x32Fp4_BpreShuffle_128x512E,3242.74,1809.67,0.0
gfx950,256,28579,4608,4096,54,0,263.1896,_ZN5aiter42f4gemm_bf16_per1x32Fp4_BpreShuffle_256x256E,4099.03,1258.98,0.0
gfx950,256,28583,9216,4096,54,0,503.926,_ZN5aiter42f4gemm_bf16_per1x32Fp4_BpreShuffle_256x256E,4282.26,1199.09,0.0
gfx950,256,28585,1280,4096,52,0,94.9496,_ZN5aiter42f4gemm_bf16_per1x32Fp4_BpreShuffle_224x256E,3156.78,1414.87,0.0
gfx950,256,28585,4096,1024,54,0,104.2396,_ZN5aiter42f4gemm_bf16_per1x32Fp4_BpreShuffle_256x256E,2300.36,2406.96,0.0
gfx950,256,28585,9216,4096,54,0,504.5425,_ZN5aiter42f4gemm_bf16_per1x32Fp4_BpreShuffle_256x256E,4277.33,1197.71,0.0
gfx950,256,28592,2304,4096,54,0,141.7224,_ZN5aiter42f4gemm_bf16_per1x32Fp4_BpreShuffle_256x256E,3807.84,1376.12,0.0
gfx950,256,28592,4096,2048,54,0,145.218,_ZN5aiter42f4gemm_bf16_per1x32Fp4_BpreShuffle_256x256E,3303.27,1843.42,0.0
gfx950,256,28593,4608,4096,54,0,265.2872,_ZN5aiter42f4gemm_bf16_per1x32Fp4_BpreShuffle_256x256E,4068.61,1249.62,0.0
gfx950,256,28598,9216,4096,54,0,508.7937,_ZN5aiter42f4gemm_bf16_per1x32Fp4_BpreShuffle_256x256E,4243.52,1188.23,0.0
gfx950,256,28600,9216,4096,54,0,508.3689,_ZN5aiter42f4gemm_bf16_per1x32Fp4_BpreShuffle_256x256E,4247.36,1189.3,0.0
gfx950,256,28603,9216,4096,54,0,502.1016,_ZN5aiter42f4gemm_bf16_per1x32Fp4_BpreShuffle_256x256E,4300.83,1204.27,0.0
gfx950,256,28604,4608,4096,54,0,263.7332,_ZN5aiter42f4gemm_bf16_per1x32Fp4_BpreShuffle_256x256E,4094.16,1257.46,0.0
gfx950,256,28613,9216,4096,54,0,503.0799,_ZN5aiter42f4gemm_bf16_per1x32Fp4_BpreShuffle_256x256E,4293.97,1202.33,0.0
gfx950,256,28620,2304,4096,54,0,143.3588,_ZN5aiter42f4gemm_bf16_per1x32Fp4_BpreShuffle_256x256E,3768.06,1361.71,0.0
gfx950,256,28620,4096,2048,54,0,148.1407,_ZN5aiter42f4gemm_bf16_per1x32Fp4_BpreShuffle_256x256E,3241.27,1808.8,0.0
gfx950,256,28625,9216,4096,54,0,501.4992,_ZN5aiter42f4gemm_bf16_per1x32Fp4_BpreShuffle_256x256E,4309.31,1206.61,0.0
gfx950,256,28629,9216,4096,54,0,504.3186,_ZN5aiter42f4gemm_bf16_per1x32Fp4_BpreShuffle_256x256E,4285.82,1200.03,0.0
gfx950,256,28632,9216,4096,54,0,501.6696,_ZN5aiter42f4gemm_bf16_per1x32Fp4_BpreShuffle_256x256E,4308.9,1206.49,0.0
gfx950,256,28643,9216,4096,54,0,508.5293,_ZN5aiter42f4gemm_bf16_per1x32Fp4_BpreShuffle_256x256E,4252.41,1190.66,0.0
gfx950,256,28648,4608,4096,54,0,260.3644,_ZN5aiter42f4gemm_bf16_per1x32Fp4_BpreShuffle_256x256E,4153.51,1275.63,0.0
gfx950,256,28658,9216,4096,54,0,505.0348,_ZN5aiter42f4gemm_bf16_per1x32Fp4_BpreShuffle_256x256E,4284.07,1199.5,0.0
gfx950,256,28662,9216,4096,54,0,503.1708,_ZN5aiter42f4gemm_bf16_per1x32Fp4_BpreShuffle_256x256E,4300.54,1204.11,0.0
gfx950,256,28667,4608,4096,54,0,266.5329,_ZN5aiter42f4gemm_bf16_per1x32Fp4_BpreShuffle_256x256E,4060.07,1246.91,0.0
gfx950,256,28668,4608,4096,54,0,262.2732,_ZN5aiter42f4gemm_bf16_per1x32Fp4_BpreShuffle_256x256E,4126.16,1267.2,0.0
gfx950,256,28669,2304,4096,54,0,139.5733,_ZN5aiter42f4gemm_bf16_per1x32Fp4_BpreShuffle_256x256E,3876.88,1400.98,0.0
gfx950,256,28669,4096,2048,54,0,148.2541,_ZN5aiter42f4gemm_bf16_per1x32Fp4_BpreShuffle_256x256E,3244.34,1810.46,0.0
gfx950,256,28670,2304,4096,54,0,153.6995,_ZN5aiter42f4gemm_bf16_per1x32Fp4_BpreShuffle_256x256E,3520.69,1272.26,0.0
gfx950,256,28670,4096,2048,54,0,149.2629,_ZN5aiter42f4gemm_bf16_per1x32Fp4_BpreShuffle_256x256E,3222.52,1798.28,0.0
gfx950,256,28692,4608,4096,54,0,263.2697,_ZN5aiter42f4gemm_bf16_per1x32Fp4_BpreShuffle_256x256E,4113.98,1263.43,0.0
gfx950,256,28693,1280,4096,48,0,95.3168,_ZN5aiter42f4gemm_bf16_per1x32Fp4_BpreShuffle_160x384E,3156.5,1414.64,0.0
gfx950,256,28693,4096,1024,54,0,109.1989,_ZN5aiter42f4gemm_bf16_per1x32Fp4_BpreShuffle_256x256E,2204.18,2306.26,0.0
gfx950,256,28694,2304,4096,54,0,154.491,_ZN5aiter42f4gemm_bf16_per1x32Fp4_BpreShuffle_256x256E,3505.58,1266.78,0.0
gfx950,256,28694,4096,2048,54,0,153.3403,_ZN5aiter42f4gemm_bf16_per1x32Fp4_BpreShuffle_256x256E,3139.46,1751.91,0.0
gfx950,256,28697,9216,4096,54,0,505.0874,_ZN5aiter42f4gemm_bf16_per1x32Fp4_BpreShuffle_256x256E,4289.46,1200.96,0.0
gfx950,256,28700,9216,4096,54,0,508.7708,_ZN5aiter42f4gemm_bf16_per1x32Fp4_BpreShuffle_256x256E,4258.85,1192.38,0.0
gfx950,256,28703,4608,4096,54,0,265.3851,_ZN5aiter42f4gemm_bf16_per1x32Fp4_BpreShuffle_256x256E,4082.75,1253.83,0.0
gfx950,256,28706,2304,4096,54,0,145.112,_ZN5aiter42f4gemm_bf16_per1x32Fp4_BpreShuffle_256x256E,3733.72,1349.2,0.0
gfx950,256,28706,4096,2048,54,0,154.5583,_ZN5aiter42f4gemm_bf16_per1x32Fp4_BpreShuffle_256x256E,3116.02,1738.82,0.0
gfx950,256,28714,4608,4096,54,0,260.4874,_ZN5aiter42f4gemm_bf16_per1x32Fp4_BpreShuffle_256x256E,4161.11,1277.88,0.0
gfx950,256,28717,9216,4096,54,0,506.8065,_ZN5aiter42f4gemm_bf16_per1x32Fp4_BpreShuffle_256x256E,4277.89,1197.69,0.0
gfx950,256,28723,9216,4096,54,0,508.962,_ZN5aiter42f4gemm_bf16_per1x32Fp4_BpreShuffle_256x256E,4260.66,1192.86,0.0
gfx950,256,28730,2304,4096,54,0,140.9604,_ZN5aiter42f4gemm_bf16_per1x32Fp4_BpreShuffle_256x256E,3846.9,1390.07,0.0
gfx950,256,28730,4096,2048,45,0,155.8275,_ZN5aiter42f4gemm_bf16_per1x32Fp4_BpreShuffle_128x512E,3093.22,1726.08,0.0
gfx950,256,28731,1280,4096,50,0,91.4892,_ZN5aiter42f4gemm_bf16_per1x32Fp4_BpreShuffle_192x256E,3292.92,1475.74,0.0
gfx950,256,28731,4096,1024,54,0,111.5977,_ZN5aiter42f4gemm_bf16_per1x32Fp4_BpreShuffle_256x256E,2159.66,2259.65,0.0
gfx950,256,28738,9216,4096,54,0,504.5268,_ZN5aiter42f4gemm_bf16_per1x32Fp4_BpreShuffle_256x256E,4300.36,1203.96,0.0
gfx950,256,28741,9216,4096,54,0,509.6914,_ZN5aiter42f4gemm_bf16_per1x32Fp4_BpreShuffle_256x256E,4257.23,1191.88,0.0
gfx950,256,28750,9216,4096,54,0,513.0111,_ZN5aiter42f4gemm_bf16_per1x32Fp4_BpreShuffle_256x256E,4231.0,1184.52,0.0
gfx950,256,28751,9216,4096,54,0,510.3989,_ZN5aiter42f4gemm_bf16_per1x32Fp4_BpreShuffle_256x256E,4252.81,1190.63,0.0
gfx950,256,28755,4608,4096,54,0,265.1392,_ZN5aiter42f4gemm_bf16_per1x32Fp4_BpreShuffle_256x256E,4093.94,1257.2,0.0
gfx950,256,28763,9216,4096,54,0,506.2218,_ZN5aiter42f4gemm_bf16_per1x32Fp4_BpreShuffle_256x256E,4289.69,1200.94,0.0
gfx950,256,28766,9216,4096,54,0,509.352,_ZN5aiter42f4gemm_bf16_per1x32Fp4_BpreShuffle_256x256E,4263.77,1193.68,0.0
gfx950,256,28767,9216,4096,54,0,511.4063,_ZN5aiter42f4gemm_bf16_per1x32Fp4_BpreShuffle_256x256E,4246.79,1188.92,0.0
gfx950,256,28774,9216,4096,54,0,507.876,_ZN5aiter42f4gemm_bf16_per1x32Fp4_BpreShuffle_256x256E,4277.35,1197.47,0.0
gfx950,256,28784,9216,4096,54,0,513.2122,_ZN5aiter42f4gemm_bf16_per1x32Fp4_BpreShuffle_256x256E,4234.35,1185.42,0.0
gfx950,256,28787,9216,4096,54,0,505.4523,_ZN5aiter42f4gemm_bf16_per1x32Fp4_BpreShuffle_256x256E,4299.8,1203.74,0.0
gfx950,256,28791,4608,4096,54,0,264.6888,_ZN5aiter42f4gemm_bf16_per1x32Fp4_BpreShuffle_256x256E,4106.04,1260.87,0.0
gfx950,256,28793,9216,4096,54,0,509.2429,_ZN5aiter42f4gemm_bf16_per1x32Fp4_BpreShuffle_256x256E,4268.69,1195.02,0.0
gfx950,256,28796,2304,4096,54,0,153.187,_ZN5aiter42f4gemm_bf16_per1x32Fp4_BpreShuffle_256x256E,3547.99,1281.99,0.0
gfx950,256,28796,4096,2048,54,0,155.311,_ZN5aiter42f4gemm_bf16_per1x32Fp4_BpreShuffle_256x256E,3110.64,1735.73,0.0
gfx950,256,28796,9216,4096,54,0,508.0598,_ZN5aiter42f4gemm_bf16_per1x32Fp4_BpreShuffle_256x256E,4279.07,1197.92,0.0
gfx950,256,28798,4608,4096,54,0,260.9812,_ZN5aiter42f4gemm_bf16_per1x32Fp4_BpreShuffle_256x256E,4165.39,1279.09,0.0
gfx950,256,28799,9216,4096,54,0,503.2521,_ZN5aiter42f4gemm_bf16_per1x32Fp4_BpreShuffle_256x256E,4320.4,1209.49,0.0
gfx950,256,28801,9216,4096,54,0,510.2509,_ZN5aiter42f4gemm_bf16_per1x32Fp4_BpreShuffle_256x256E,4261.44,1192.98,0.0
gfx950,256,28802,2304,4096,54,0,151.2749,_ZN5aiter42f4gemm_bf16_per1x32Fp4_BpreShuffle_256x256E,3593.59,1298.46,0.0
gfx950,256,28802,4096,2048,54,0,157.2082,_ZN5aiter42f4gemm_bf16_per1x32Fp4_BpreShuffle_256x256E,3073.74,1715.14,0.0
gfx950,256,28804,4608,4096,54,0,264.538,_ZN5aiter42f4gemm_bf16_per1x32Fp4_BpreShuffle_256x256E,4110.24,1262.15,0.0
gfx950,256,28809,1280,4096,54,0,94.3608,_ZN5aiter42f4gemm_bf16_per1x32Fp4_BpreShuffle_256x256E,3201.37,1434.64,0.0
gfx950,256,28809,4096,1024,54,0,111.5548,_ZN5aiter42f4gemm_bf16_per1x32Fp4_BpreShuffle_256x256E,2166.36,2266.61,0.0
gfx950,256,28810,9216,4096,54,0,505.7114,_ZN5aiter42f4gemm_bf16_per1x32Fp4_BpreShuffle_256x256E,4301.03,1204.05,0.0
gfx950,256,28814,9216,4096,54,0,504.9909,_ZN5aiter42f4gemm_bf16_per1x32Fp4_BpreShuffle_256x256E,4307.77,1205.93,0.0
gfx950,256,28824,9216,4096,54,0,505.2613,_ZN5aiter42f4gemm_bf16_per1x32Fp4_BpreShuffle_256x256E,4306.96,1205.69,0.0
gfx950,256,28825,4608,4096,54,0,264.6191,_ZN5aiter42f4gemm_bf16_per1x32Fp4_BpreShuffle_256x256E,4111.98,1262.65,0.0
gfx950,256,28826,9216,4096,54,0,510.3443,_ZN5aiter42f4gemm_bf16_per1x32Fp4_BpreShuffle_256x256E,4264.36,1193.76,0.0
gfx950,256,28833,9216,4096,54,0,500.8791,_ZN5aiter42f4gemm_bf16_per1x32Fp4_BpreShuffle_256x256E,4346.0,1216.61,0.0
gfx950,256,28840,4608,4096,54,0,260.3589,_ZN5aiter42f4gemm_bf16_per1x32Fp4_BpreShuffle_256x256E,4181.43,1283.96,0.0
gfx950,256,28846,1280,4096,50,0,94.3732,_ZN5aiter42f4gemm_bf16_per1x32Fp4_BpreShuffle_192x256E,3205.06,1436.25,0.0
gfx950,256,28846,4096,1024,54,0,110.8033,_ZN5aiter42f4gemm_bf16_per1x32Fp4_BpreShuffle_256x256E,2183.85,2284.88,0.0
gfx950,256,28849,9216,4096,54,0,506.7615,_ZN5aiter42f4gemm_bf16_per1x32Fp4_BpreShuffle_256x256E,4297.93,1203.13,0.0
gfx950,256,28877,4608,4096,54,0,266.4714,_ZN5aiter42f4gemm_bf16_per1x32Fp4_BpreShuffle_256x256E,4090.76,1256.07,0.0
gfx950,256,28880,9216,4096,54,0,509.221,_ZN5aiter42f4gemm_bf16_per1x32Fp4_BpreShuffle_256x256E,4281.77,1198.57,0.0
gfx950,256,28884,9216,4096,54,0,508.9221,_ZN5aiter42f4gemm_bf16_per1x32Fp4_BpreShuffle_256x256E,4284.88,1199.43,0.0
gfx950,256,28890,9216,4096,54,0,513.3475,_ZN5aiter42f4gemm_bf16_per1x32Fp4_BpreShuffle_256x256E,4248.82,1189.33,0.0
gfx950,256,28893,9216,4096,54,0,515.1539,_ZN5aiter42f4gemm_bf16_per1x32Fp4_BpreShuffle_256x256E,4234.36,1185.28,0.0
gfx950,256,28908,1280,4096,48,0,95.4348,_ZN5aiter42f4gemm_bf16_per1x32Fp4_BpreShuffle_160x384E,3176.22,1423.27,0.0
gfx950,256,28908,4096,1024,54,0,111.8009,_ZN5aiter42f4gemm_bf16_per1x32Fp4_BpreShuffle_256x256E,2169.02,2269.32,0.0
gfx950,256,28912,9216,4096,54,0,511.6532,_ZN5aiter42f4gemm_bf16_per1x32Fp4_BpreShuffle_256x256E,4266.14,1194.15,0.0
gfx950,256,28913,9216,4096,54,0,508.8488,_ZN5aiter42f4gemm_bf16_per1x32Fp4_BpreShuffle_256x256E,4289.8,1200.77,0.0
gfx950,256,28920,9216,4096,54,0,510.3184,_ZN5aiter42f4gemm_bf16_per1x32Fp4_BpreShuffle_256x256E,4278.48,1197.6,0.0
gfx950,256,28923,4608,4096,54,0,265.1262,_ZN5aiter42f4gemm_bf16_per1x32Fp4_BpreShuffle_256x256E,4118.06,1264.4,0.0
gfx950,256,28929,2304,4096,54,0,156.7719,_ZN5aiter42f4gemm_bf16_per1x32Fp4_BpreShuffle_256x256E,3482.87,1258.33,0.0
gfx950,256,28929,4096,2048,45,0,158.4518,_ZN5aiter42f4gemm_bf16_per1x32Fp4_BpreShuffle_128x512E,3063.06,1709.06,0.0
gfx950,256,28938,4608,4096,45,0,266.2025,_ZN5aiter42f4gemm_bf16_per1x32Fp4_BpreShuffle_128x512E,4103.54,1259.92,0.0
gfx950,256,28943,9216,4096,45,0,518.7042,_ZN5aiter42f4gemm_bf16_per1x32Fp4_BpreShuffle_128x512E,4212.66,1179.14,0.0
gfx950,256,28949,9216,4096,45,0,520.512,_ZN5aiter42f4gemm_bf16_per1x32Fp4_BpreShuffle_128x512E,4198.9,1175.28,0.0
gfx950,256,28952,1280,4096,48,0,94.0353,_ZN5aiter42f4gemm_bf16_per1x32Fp4_BpreShuffle_160x384E,3228.4,1446.61,0.0
gfx950,256,28952,4096,1024,45,0,112.2005,_ZN5aiter42f4gemm_bf16_per1x32Fp4_BpreShuffle_128x512E,2164.58,2264.65,0.0
gfx950,256,28957,4608,4096,54,0,272.6772,_ZN5aiter42f4gemm_bf16_per1x32Fp4_BpreShuffle_256x256E,4008.73,1230.79,0.0
gfx950,256,28957,9216,4096,54,0,519.614,_ZN5aiter42f4gemm_bf16_per1x32Fp4_BpreShuffle_256x256E,4207.32,1177.63,0.0
gfx950,256,28959,1280,4096,48,0,95.0669,_ZN5aiter42f4gemm_bf16_per1x32Fp4_BpreShuffle_160x384E,3194.14,1431.25,0.0
gfx950,256,28959,4096,1024,54,0,111.4884,_ZN5aiter42f4gemm_bf16_per1x32Fp4_BpreShuffle_256x256E,2178.93,2279.67,0.0
gfx950,256,28969,9216,4096,54,0,509.5892,_ZN5aiter42f4gemm_bf16_per1x32Fp4_BpreShuffle_256x256E,4291.86,1201.28,0.0
gfx950,256,28988,9216,4096,45,0,518.7608,_ZN5aiter42f4gemm_bf16_per1x32Fp4_BpreShuffle_128x512E,4218.75,1180.79,0.0
gfx950,256,28992,4608,4096,45,0,272.3697,_ZN5aiter42f4gemm_bf16_per1x32Fp4_BpreShuffle_128x512E,4018.11,1233.63,0.0
gfx950,256,29003,4608,4096,45,0,272.1621,_ZN5aiter42f4gemm_bf16_per1x32Fp4_BpreShuffle_128x512E,4022.7,1235.02,0.0
gfx950,256,29008,4608,4096,45,0,274.0355,_ZN5aiter42f4gemm_bf16_per1x32Fp4_BpreShuffle_128x512E,3995.89,1226.79,0.0
gfx950,256,29014,9216,4096,54,0,522.0022,_ZN5aiter42f4gemm_bf16_per1x32Fp4_BpreShuffle_256x256E,4196.31,1174.48,0.0
gfx950,256,29021,9216,4096,54,0,521.6907,_ZN5aiter42f4gemm_bf16_per1x32Fp4_BpreShuffle_256x256E,4199.83,1175.46,0.0
gfx950,256,29041,9216,4096,54,0,525.6013,_ZN5aiter42f4gemm_bf16_per1x32Fp4_BpreShuffle_256x256E,4171.45,1167.49,0.0
gfx950,256,29046,9216,4096,54,0,515.813,_ZN5aiter42f4gemm_bf16_per1x32Fp4_BpreShuffle_256x256E,4251.35,1189.84,0.0
gfx950,256,29070,9216,4096,54,0,522.4623,_ZN5aiter42f4gemm_bf16_per1x32Fp4_BpreShuffle_256x256E,4200.71,1175.64,0.0
gfx950,256,29081,2304,4096,54,0,158.1506,_ZN5aiter42f4gemm_bf16_per1x32Fp4_BpreShuffle_256x256E,3470.65,1253.75,0.0
gfx950,256,29081,4096,2048,45,0,160.3274,_ZN5aiter42f4gemm_bf16_per1x32Fp4_BpreShuffle_128x512E,3043.14,1697.81,0.0
gfx950,256,29081,4608,4096,54,0,273.5679,_ZN5aiter42f4gemm_bf16_per1x32Fp4_BpreShuffle_256x256E,4012.79,1231.89,0.0
gfx950,256,29086,9216,4096,54,0,521.0963,_ZN5aiter42f4gemm_bf16_per1x32Fp4_BpreShuffle_256x256E,4214.04,1179.35,0.0
gfx950,256,29089,9216,4096,54,0,509.566,_ZN5aiter42f4gemm_bf16_per1x32Fp4_BpreShuffle_256x256E,4309.84,1206.16,0.0
gfx950,256,29092,4608,4096,54,0,269.7253,_ZN5aiter42f4gemm_bf16_per1x32Fp4_BpreShuffle_256x256E,4071.5,1249.9,0.0
gfx950,256,29095,2304,4096,54,0,157.0549,_ZN5aiter42f4gemm_bf16_per1x32Fp4_BpreShuffle_256x256E,3496.55,1263.09,0.0
gfx950,256,29095,4096,2048,45,0,160.2494,_ZN5aiter42f4gemm_bf16_per1x32Fp4_BpreShuffle_128x512E,3046.08,1699.44,0.0
gfx950,256,29099,2304,4096,54,0,156.4965,_ZN5aiter42f4gemm_bf16_per1x32Fp4_BpreShuffle_256x256E,3509.5,1267.77,0.0
gfx950,256,29099,4096,2048,54,0,160.3997,_ZN5aiter42f4gemm_bf16_per1x32Fp4_BpreShuffle_256x256E,3043.65,1698.07,0.0
gfx950,256,29107,4608,4096,54,0,276.381,_ZN5aiter42f4gemm_bf16_per1x32Fp4_BpreShuffle_256x256E,3975.5,1220.41,0.0
gfx950,256,29110,9216,4096,54,0,513.1888,_ZN5aiter42f4gemm_bf16_per1x32Fp4_BpreShuffle_256x256E,4282.5,1198.48,0.0
gfx950,256,29114,9216,4096,54,0,523.0034,_ZN5aiter42f4gemm_bf16_per1x32Fp4_BpreShuffle_256x256E,4202.71,1176.15,0.0
gfx950,256,29118,9216,4096,54,0,520.7024,_ZN5aiter42f4gemm_bf16_per1x32Fp4_BpreShuffle_256x256E,4221.87,1181.5,0.0
gfx950,256,29122,2304,4096,54,0,157.8786,_ZN5aiter42f4gemm_bf16_per1x32Fp4_BpreShuffle_256x256E,3481.53,1257.64,0.0
gfx950,256,29122,4096,2048,54,0,159.366,_ZN5aiter42f4gemm_bf16_per1x32Fp4_BpreShuffle_256x256E,3065.81,1710.42,0.0
gfx950,256,29140,9216,4096,54,0,519.7679,_ZN5aiter42f4gemm_bf16_per1x32Fp4_BpreShuffle_256x256E,4232.65,1184.49,0.0
gfx950,256,29141,4608,4096,54,0,276.4277,_ZN5aiter42f4gemm_bf16_per1x32Fp4_BpreShuffle_256x256E,3979.47,1221.59,0.0
gfx950,256,29147,1280,4096,50,0,93.5335,_ZN5aiter42f4gemm_bf16_per1x32Fp4_BpreShuffle_192x256E,3267.58,1463.98,0.0
gfx950,256,29147,4096,1024,36,0,112.5412,_ZN5aiter42f4gemm_bf16_per1x32Fp4_BpreShuffle_64x1024E,2172.56,2272.88,0.0
gfx950,256,29150,9216,4096,54,0,518.1262,_ZN5aiter42f4gemm_bf16_per1x32Fp4_BpreShuffle_256x256E,4247.52,1188.64,0.0
gfx950,256,29156,9216,4096,54,0,525.5118,_ZN5aiter42f4gemm_bf16_per1x32Fp4_BpreShuffle_256x256E,4188.69,1172.17,0.0
gfx950,256,29160,4608,4096,54,0,279.7883,_ZN5aiter42f4gemm_bf16_per1x32Fp4_BpreShuffle_256x256E,3934.24,1207.68,0.0
gfx950,256,29163,1280,4096,50,0,94.1763,_ZN5aiter42f4gemm_bf16_per1x32Fp4_BpreShuffle_192x256E,3247.06,1454.77,0.0
gfx950,256,29163,4096,1024,54,0,112.3153,_ZN5aiter42f4gemm_bf16_per1x32Fp4_BpreShuffle_256x256E,2178.13,2278.69,0.0
gfx950,256,29163,9216,4096,54,0,518.9785,_ZN5aiter42f4gemm_bf16_per1x32Fp4_BpreShuffle_256x256E,4242.44,1187.2,0.0
gfx950,256,29164,9216,4096,54,0,513.7046,_ZN5aiter42f4gemm_bf16_per1x32Fp4_BpreShuffle_256x256E,4286.14,1199.43,0.0
gfx950,256,29178,2304,4096,54,0,160.7114,_ZN5aiter42f4gemm_bf16_per1x32Fp4_BpreShuffle_256x256E,3426.74,1237.79,0.0
gfx950,256,29178,4096,2048,54,0,160.4348,_ZN5aiter42f4gemm_bf16_per1x32Fp4_BpreShuffle_256x256E,3051.24,1702.24,0.0
gfx950,256,29185,9216,4096,54,0,518.3444,_ZN5aiter42f4gemm_bf16_per1x32Fp4_BpreShuffle_256x256E,4250.83,1189.52,0.0
gfx950,256,29186,9216,4096,54,0,525.7883,_ZN5aiter42f4gemm_bf16_per1x32Fp4_BpreShuffle_256x256E,4190.79,1172.72,0.0
gfx950,256,29193,2304,4096,54,0,157.9174,_ZN5aiter42f4gemm_bf16_per1x32Fp4_BpreShuffle_256x256E,3489.16,1260.32,0.0
gfx950,256,29193,4096,2048,54,0,157.5353,_ZN5aiter42f4gemm_bf16_per1x32Fp4_BpreShuffle_256x256E,3109.0,1734.45,0.0
gfx950,256,29193,4608,4096,54,0,274.4781,_ZN5aiter42f4gemm_bf16_per1x32Fp4_BpreShuffle_256x256E,4014.89,1232.4,0.0
gfx950,256,29205,4608,4096,54,0,275.2702,_ZN5aiter42f4gemm_bf16_per1x32Fp4_BpreShuffle_256x256E,4004.98,1229.35,0.0
gfx950,256,29222,9216,4096,54,0,523.4879,_ZN5aiter42f4gemm_bf16_per1x32Fp4_BpreShuffle_256x256E,4214.4,1179.28,0.0
gfx950,256,29224,2304,4096,54,0,157.5086,_ZN5aiter42f4gemm_bf16_per1x32Fp4_BpreShuffle_256x256E,3501.93,1264.91,0.0
gfx950,256,29224,4096,2048,45,0,159.1475,_ZN5aiter42f4gemm_bf16_per1x32Fp4_BpreShuffle_128x512E,3080.77,1718.67,0.0
gfx950,256,29232,9216,4096,54,0,517.0109,_ZN5aiter42f4gemm_bf16_per1x32Fp4_BpreShuffle_256x256E,4268.66,1194.45,0.0
gfx950,256,29233,2304,4096,54,0,157.0595,_ZN5aiter42f4gemm_bf16_per1x32Fp4_BpreShuffle_256x256E,3513.03,1268.9,0.0
gfx950,256,29233,4096,2048,54,0,159.258,_ZN5aiter42f4gemm_bf16_per1x32Fp4_BpreShuffle_256x256E,3079.58,1718.0,0.0
gfx950,256,29236,4608,4096,54,0,272.8929,_ZN5aiter42f4gemm_bf16_per1x32Fp4_BpreShuffle_256x256E,4044.16,1241.33,0.0
gfx950,256,29243,4608,4096,54,0,281.4482,_ZN5aiter42f4gemm_bf16_per1x32Fp4_BpreShuffle_256x256E,3922.17,1203.88,0.0
gfx950,256,29244,9216,4096,54,0,525.8023,_ZN5aiter42f4gemm_bf16_per1x32Fp4_BpreShuffle_256x256E,4199.01,1174.95,0.0
gfx950,256,29260,9216,4096,54,0,523.0455,_ZN5aiter42f4gemm_bf16_per1x32Fp4_BpreShuffle_256x256E,4223.45,1181.77,0.0
gfx950,256,29266,9216,4096,54,0,522.3931,_ZN5aiter42f4gemm_bf16_per1x32Fp4_BpreShuffle_256x256E,4229.59,1183.48,0.0
gfx950,256,29269,9216,4096,54,0,516.154,_ZN5aiter42f4gemm_bf16_per1x32Fp4_BpreShuffle_256x256E,4281.16,1197.91,0.0
gfx950,256,29298,4608,4096,54,0,278.3109,_ZN5aiter42f4gemm_bf16_per1x32Fp4_BpreShuffle_256x256E,3973.84,1219.68,0.0
gfx950,256,29298,9216,4096,54,0,523.5207,_ZN5aiter42f4gemm_bf16_per1x32Fp4_BpreShuffle_256x256E,4225.1,1182.18,0.0
gfx950,256,29307,9216,4096,54,0,520.1218,_ZN5aiter42f4gemm_bf16_per1x32Fp4_BpreShuffle_256x256E,4254.01,1190.26,0.0
gfx950,256,29309,9216,4096,54,0,526.2191,_ZN5aiter42f4gemm_bf16_per1x32Fp4_BpreShuffle_256x256E,4205.01,1176.55,0.0
gfx950,256,29315,4608,4096,54,0,279.2581,_ZN5aiter42f4gemm_bf16_per1x32Fp4_BpreShuffle_256x256E,3962.66,1216.23,0.0
gfx950,256,29329,9216,4096,54,0,523.4301,_ZN5aiter42f4gemm_bf16_per1x32Fp4_BpreShuffle_256x256E,4230.3,1183.6,0.0
gfx950,256,29333,4608,4096,54,0,278.4715,_ZN5aiter42f4gemm_bf16_per1x32Fp4_BpreShuffle_256x256E,3976.29,1220.39,0.0
gfx950,256,29340,1280,4096,54,0,95.0214,_ZN5aiter42f4gemm_bf16_per1x32Fp4_BpreShuffle_256x256E,3237.71,1450.41,0.0
gfx950,256,29340,4096,1024,54,0,111.7373,_ZN5aiter42f4gemm_bf16_per1x32Fp4_BpreShuffle_256x256E,2202.68,2304.27,0.0
gfx950,256,29349,9216,4096,54,0,519.9284,_ZN5aiter42f4gemm_bf16_per1x32Fp4_BpreShuffle_256x256E,4261.69,1192.36,0.0
gfx950,256,29366,4608,4096,54,0,281.5485,_ZN5aiter42f4gemm_bf16_per1x32Fp4_BpreShuffle_256x256E,3937.26,1208.37,0.0
gfx950,256,29373,9216,4096,54,0,527.8479,_ZN5aiter42f4gemm_bf16_per1x32Fp4_BpreShuffle_256x256E,4201.19,1175.4,0.0
gfx950,256,29376,9216,4096,54,0,513.0512,_ZN5aiter42f4gemm_bf16_per1x32Fp4_BpreShuffle_256x256E,4322.79,1209.42,0.0
gfx950,256,29377,9216,4096,54,0,524.8632,_ZN5aiter42f4gemm_bf16_per1x32Fp4_BpreShuffle_256x256E,4225.65,1182.24,0.0
gfx950,256,29378,9216,4096,54,0,515.6038,_ZN5aiter42f4gemm_bf16_per1x32Fp4_BpreShuffle_256x256E,4301.68,1203.51,0.0
gfx950,256,29403,1280,4096,54,0,96.2764,_ZN5aiter42f4gemm_bf16_per1x32Fp4_BpreShuffle_256x256E,3202.37,1434.52,0.0
gfx950,256,29403,4096,1024,54,0,112.2108,_ZN5aiter42f4gemm_bf16_per1x32Fp4_BpreShuffle_256x256E,2198.1,2299.43,0.0
gfx950,256,29405,9216,4096,54,0,522.633,_ZN5aiter42f4gemm_bf16_per1x32Fp4_BpreShuffle_256x256E,4247.73,1188.38,0.0
gfx950,256,29409,9216,4096,54,0,524.4954,_ZN5aiter42f4gemm_bf16_per1x32Fp4_BpreShuffle_256x256E,4233.22,1184.32,0.0
gfx950,256,29415,2304,4096,54,0,158.0693,_ZN5aiter42f4gemm_bf16_per1x32Fp4_BpreShuffle_256x256E,3512.32,1268.46,0.0
gfx950,256,29415,4096,2048,45,0,159.0954,_ZN5aiter42f4gemm_bf16_per1x32Fp4_BpreShuffle_128x512E,3101.92,1730.3,0.0
gfx950,256,29415,9216,4096,54,0,525.5088,_ZN5aiter42f4gemm_bf16_per1x32Fp4_BpreShuffle_256x256E,4225.92,1182.27,0.0
gfx950,256,29418,2304,4096,54,0,159.8957,_ZN5aiter42f4gemm_bf16_per1x32Fp4_BpreShuffle_256x256E,3472.55,1254.1,0.0
gfx950,256,29418,4096,2048,45,0,158.5639,_ZN5aiter42f4gemm_bf16_per1x32Fp4_BpreShuffle_128x512E,3112.64,1736.28,0.0
gfx950,256,29423,9216,4096,54,0,524.0043,_ZN5aiter42f4gemm_bf16_per1x32Fp4_BpreShuffle_256x256E,4239.21,1185.98,0.0
gfx950,256,29428,1280,4096,48,0,96.564,_ZN5aiter42f4gemm_bf16_per1x32Fp4_BpreShuffle_160x384E,3195.55,1431.44,0.0
gfx950,256,29428,4096,1024,45,0,113.1661,_ZN5aiter42f4gemm_bf16_per1x32Fp4_BpreShuffle_128x512E,2181.39,2281.94,0.0
gfx950,256,29435,4608,4096,54,0,282.4014,_ZN5aiter42f4gemm_bf16_per1x32Fp4_BpreShuffle_256x256E,3934.59,1207.48,0.0
gfx950,256,29438,4608,4096,54,0,279.5754,_ZN5aiter42f4gemm_bf16_per1x32Fp4_BpreShuffle_256x256E,3974.77,1219.8,0.0
gfx950,256,29443,9216,4096,54,0,525.1361,_ZN5aiter42f4gemm_bf16_per1x32Fp4_BpreShuffle_256x256E,4232.94,1184.2,0.0
gfx950,256,29455,4608,4096,54,0,270.6728,_ZN5aiter42f4gemm_bf16_per1x32Fp4_BpreShuffle_256x256E,4107.87,1260.63,0.0
gfx950,256,29459,9216,4096,54,0,525.0835,_ZN5aiter42f4gemm_bf16_per1x32Fp4_BpreShuffle_256x256E,4235.67,1184.94,0.0
gfx950,256,29460,9216,4096,54,0,532.2473,_ZN5aiter42f4gemm_bf16_per1x32Fp4_BpreShuffle_256x256E,4178.8,1169.03,0.0
gfx950,256,29470,9216,4096,54,0,531.2322,_ZN5aiter42f4gemm_bf16_per1x32Fp4_BpreShuffle_256x256E,4188.21,1171.65,0.0
gfx950,256,29476,9216,4096,54,0,527.9153,_ZN5aiter42f4gemm_bf16_per1x32Fp4_BpreShuffle_256x256E,4215.38,1179.25,0.0
gfx950,256,29477,9216,4096,54,0,527.0619,_ZN5aiter42f4gemm_bf16_per1x32Fp4_BpreShuffle_256x256E,4222.35,1181.2,0.0
gfx950,256,29478,9216,4096,54,0,518.3539,_ZN5aiter42f4gemm_bf16_per1x32Fp4_BpreShuffle_256x256E,4293.43,1201.08,0.0
gfx950,256,29482,4608,4096,54,0,275.4966,_ZN5aiter42f4gemm_bf16_per1x32Fp4_BpreShuffle_256x256E,4039.64,1239.66,0.0
gfx950,256,29482,9216,4096,54,0,526.981,_ZN5aiter42f4gemm_bf16_per1x32Fp4_BpreShuffle_256x256E,4223.71,1181.57,0.0
gfx950,256,29483,2304,4096,54,0,158.6864,_ZN5aiter42f4gemm_bf16_per1x32Fp4_BpreShuffle_256x256E,3506.75,1266.38,0.0
gfx950,256,29483,4096,2048,54,0,158.0946,_ZN5aiter42f4gemm_bf16_per1x32Fp4_BpreShuffle_256x256E,3128.78,1745.22,0.0
gfx950,256,29495,1280,4096,48,0,96.2248,_ZN5aiter42f4gemm_bf16_per1x32Fp4_BpreShuffle_160x384E,3214.11,1439.7,0.0
gfx950,256,29495,4096,1024,54,0,113.5481,_ZN5aiter42f4gemm_bf16_per1x32Fp4_BpreShuffle_256x256E,2179.01,2279.4,0.0
gfx950,256,29495,9216,4096,54,0,528.3809,_ZN5aiter42f4gemm_bf16_per1x32Fp4_BpreShuffle_256x256E,4214.38,1178.94,0.0
gfx950,256,29498,4608,4096,54,0,279.3206,_ZN5aiter42f4gemm_bf16_per1x32Fp4_BpreShuffle_256x256E,3986.5,1223.33,0.0
gfx950,256,29499,9216,4096,54,0,527.7471,_ZN5aiter42f4gemm_bf16_per1x32Fp4_BpreShuffle_256x256E,4220.01,1180.52,0.0
gfx950,256,29505,1280,4096,54,0,95.6204,_ZN5aiter42f4gemm_bf16_per1x32Fp4_BpreShuffle_256x256E,3235.53,1449.28,0.0
gfx950,256,29505,4096,1024,36,0,112.7417,_ZN5aiter42f4gemm_bf16_per1x32Fp4_BpreShuffle_64x1024E,2195.34,2296.48,0.0
gfx950,256,29507,1280,4096,54,0,96.9335,_ZN5aiter42f4gemm_bf16_per1x32Fp4_BpreShuffle_256x256E,3191.91,1429.74,0.0
gfx950,256,29507,4096,1024,36,0,113.1457,_ZN5aiter42f4gemm_bf16_per1x32Fp4_BpreShuffle_64x1024E,2187.65,2288.43,0.0
gfx950,256,29510,4608,4096,54,0,276.0361,_ZN5aiter42f4gemm_bf16_per1x32Fp4_BpreShuffle_256x256E,4035.58,1238.38,0.0
gfx950,256,29513,9216,4096,54,0,520.3127,_ZN5aiter42f4gemm_bf16_per1x32Fp4_BpreShuffle_256x256E,4282.34,1197.93,0.0
gfx950,256,29515,9216,4096,54,0,527.6621,_ZN5aiter42f4gemm_bf16_per1x32Fp4_BpreShuffle_256x256E,4222.98,1181.33,0.0
gfx950,256,29517,4608,4096,54,0,280.9258,_ZN5aiter42f4gemm_bf16_per1x32Fp4_BpreShuffle_256x256E,3966.28,1217.11,0.0
gfx950,256,29521,4608,4096,54,0,278.9987,_ZN5aiter42f4gemm_bf16_per1x32Fp4_BpreShuffle_256x256E,3994.21,1225.67,0.0
gfx950,256,29523,9216,4096,54,0,521.7553,_ZN5aiter42f4gemm_bf16_per1x32Fp4_BpreShuffle_256x256E,4271.95,1195.01,0.0
gfx950,256,29534,9216,4096,54,0,529.3562,_ZN5aiter42f4gemm_bf16_per1x32Fp4_BpreShuffle_256x256E,4212.18,1178.28,0.0
gfx950,256,29536,9216,4096,54,0,531.2952,_ZN5aiter42f4gemm_bf16_per1x32Fp4_BpreShuffle_256x256E,4197.09,1174.06,0.0
gfx950,256,29538,9216,4096,54,0,531.1935,_ZN5aiter42f4gemm_bf16_per1x32Fp4_BpreShuffle_256x256E,4198.18,1174.36,0.0
gfx950,256,29539,9216,4096,54,0,521.5513,_ZN5aiter42f4gemm_bf16_per1x32Fp4_BpreShuffle_256x256E,4275.94,1196.11,0.0
gfx950,256,29541,9216,4096,54,0,527.9817,_ZN5aiter42f4gemm_bf16_per1x32Fp4_BpreShuffle_256x256E,4224.14,1181.62,0.0
gfx950,256,29542,9216,4096,54,0,521.9465,_ZN5aiter42f4gemm_bf16_per1x32Fp4_BpreShuffle_256x256E,4273.13,1195.32,0.0
gfx950,256,29548,9216,4096,54,0,523.6068,_ZN5aiter42f4gemm_bf16_per1x32Fp4_BpreShuffle_256x256E,4260.45,1191.77,0.0
gfx950,256,29557,9216,4096,54,0,521.2928,_ZN5aiter42f4gemm_bf16_per1x32Fp4_BpreShuffle_256x256E,4280.66,1197.41,0.0
gfx950,256,29559,1280,4096,48,0,95.6226,_ZN5aiter42f4gemm_bf16_per1x32Fp4_BpreShuffle_160x384E,3241.37,1451.85,0.0
gfx950,256,29559,4096,1024,36,0,112.9601,_ZN5aiter42f4gemm_bf16_per1x32Fp4_BpreShuffle_64x1024E,2195.1,2296.2,0.0
gfx950,256,29563,2304,4096,54,0,160.7758,_ZN5aiter42f4gemm_bf16_per1x32Fp4_BpreShuffle_256x256E,3470.57,1253.24,0.0
gfx950,256,29563,4096,2048,45,0,160.6618,_ZN5aiter42f4gemm_bf16_per1x32Fp4_BpreShuffle_128x512E,3087.14,1721.92,0.0
gfx950,256,29564,1280,4096,54,0,95.9208,_ZN5aiter42f4gemm_bf16_per1x32Fp4_BpreShuffle_256x256E,3231.84,1447.57,0.0
gfx950,256,29564,4096,1024,54,0,113.4847,_ZN5aiter42f4gemm_bf16_per1x32Fp4_BpreShuffle_256x256E,2185.32,2285.97,0.0
gfx950,256,29569,9216,4096,54,0,531.3684,_ZN5aiter42f4gemm_bf16_per1x32Fp4_BpreShuffle_256x256E,4201.2,1175.17,0.0
gfx950,256,29573,4608,4096,54,0,277.363,_ZN5aiter42f4gemm_bf16_per1x32Fp4_BpreShuffle_256x256E,4024.85,1235.01,0.0
gfx950,256,29577,9216,4096,54,0,524.6289,_ZN5aiter42f4gemm_bf16_per1x32Fp4_BpreShuffle_256x256E,4256.32,1190.58,0.0
gfx950,256,29580,4608,4096,54,0,278.1834,_ZN5aiter42f4gemm_bf16_per1x32Fp4_BpreShuffle_256x256E,4013.93,1231.66,0.0
gfx950,256,29584,4608,4096,54,0,280.0962,_ZN5aiter42f4gemm_bf16_per1x32Fp4_BpreShuffle_256x256E,3987.05,1223.41,0.0
gfx950,256,29589,9216,4096,54,0,530.6343,_ZN5aiter42f4gemm_bf16_per1x32Fp4_BpreShuffle_256x256E,4209.86,1177.57,0.0
gfx950,256,29610,4608,4096,54,0,273.325,_ZN5aiter42f4gemm_bf16_per1x32Fp4_BpreShuffle_256x256E,4089.42,1254.79,0.0
gfx950,256,29613,4608,4096,54,0,275.0047,_ZN5aiter42f4gemm_bf16_per1x32Fp4_BpreShuffle_256x256E,4064.85,1247.24,0.0
gfx950,256,29617,9216,4096,54,0,525.5849,_ZN5aiter42f4gemm_bf16_per1x32Fp4_BpreShuffle_256x256E,4254.32,1189.97,0.0
gfx950,256,29627,2304,4096,54,0,160.9354,_ZN5aiter42f4gemm_bf16_per1x32Fp4_BpreShuffle_256x256E,3474.63,1254.64,0.0
gfx950,256,29627,4096,2048,45,0,161.0426,_ZN5aiter42f4gemm_bf16_per1x32Fp4_BpreShuffle_128x512E,3086.5,1721.51,0.0
gfx950,256,29628,4608,4096,54,0,279.5196,_ZN5aiter42f4gemm_bf16_per1x32Fp4_BpreShuffle_256x256E,4001.22,1227.7,0.0
gfx950,256,29629,2304,4096,54,0,158.5298,_ZN5aiter42f4gemm_bf16_per1x32Fp4_BpreShuffle_256x256E,3527.59,1273.76,0.0
gfx950,256,29629,4096,2048,45,0,161.627,_ZN5aiter42f4gemm_bf16_per1x32Fp4_BpreShuffle_128x512E,3075.55,1715.4,0.0
gfx950,256,29632,4608,4096,54,0,278.6103,_ZN5aiter42f4gemm_bf16_per1x32Fp4_BpreShuffle_256x256E,4014.82,1231.87,0.0
gfx950,256,29632,9216,4096,54,0,531.9108,_ZN5aiter42f4gemm_bf16_per1x32Fp4_BpreShuffle_256x256E,4205.86,1176.4,0.0
gfx950,256,29634,9216,4096,54,0,527.6868,_ZN5aiter42f4gemm_bf16_per1x32Fp4_BpreShuffle_256x256E,4239.81,1185.89,0.0
gfx950,256,29636,2304,4096,54,0,159.4074,_ZN5aiter42f4gemm_bf16_per1x32Fp4_BpreShuffle_256x256E,3509.0,1267.04,0.0
gfx950,256,29636,4096,2048,45,0,160.2326,_ZN5aiter42f4gemm_bf16_per1x32Fp4_BpreShuffle_128x512E,3103.05,1730.73,0.0
gfx950,256,29640,4608,4096,54,0,280.7171,_ZN5aiter42f4gemm_bf16_per1x32Fp4_BpreShuffle_256x256E,3985.77,1222.95,0.0
gfx950,256,29645,9216,4096,54,0,521.0923,_ZN5aiter42f4gemm_bf16_per1x32Fp4_BpreShuffle_256x256E,4295.06,1201.33,0.0
gfx950,256,29647,1280,4096,54,0,95.4612,_ZN5aiter42f4gemm_bf16_per1x32Fp4_BpreShuffle_256x256E,3256.52,1458.55,0.0
gfx950,256,29647,4096,1024,54,0,113.3467,_ZN5aiter42f4gemm_bf16_per1x32Fp4_BpreShuffle_256x256E,2194.13,2295.12,0.0
gfx950,256,29648,2304,4096,54,0,156.2316,_ZN5aiter42f4gemm_bf16_per1x32Fp4_BpreShuffle_256x256E,3581.78,1293.31,0.0
gfx950,256,29648,4096,2048,54,0,157.8486,_ZN5aiter42f4gemm_bf16_per1x32Fp4_BpreShuffle_256x256E,3151.19,1757.57,0.0
gfx950,256,29652,9216,4096,54,0,528.2908,_ZN5aiter42f4gemm_bf16_per1x32Fp4_BpreShuffle_256x256E,4237.54,1185.23,0.0
gfx950,256,29660,9216,4096,54,0,533.4428,_ZN5aiter42f4gemm_bf16_per1x32Fp4_BpreShuffle_256x256E,4197.74,1174.09,0.0
gfx950,256,29672,2304,4096,54,0,159.3658,_ZN5aiter42f4gemm_bf16_per1x32Fp4_BpreShuffle_256x256E,3514.18,1268.88,0.0
gfx950,256,29672,4096,2048,54,0,159.8297,_ZN5aiter42f4gemm_bf16_per1x32Fp4_BpreShuffle_256x256E,3114.65,1737.17,0.0
gfx950,256,29673,9216,4096,54,0,521.6954,_ZN5aiter42f4gemm_bf16_per1x32Fp4_BpreShuffle_256x256E,4294.15,1201.04,0.0
gfx950,256,29679,2304,4096,54,0,160.5631,_ZN5aiter42f4gemm_bf16_per1x32Fp4_BpreShuffle_256x256E,3488.8,1259.7,0.0
gfx950,256,29679,4096,2048,45,0,158.5032,_ZN5aiter42f4gemm_bf16_per1x32Fp4_BpreShuffle_128x512E,3141.46,1752.12,0.0
gfx950,256,29685,9216,4096,54,0,532.7652,_ZN5aiter42f4gemm_bf16_per1x32Fp4_BpreShuffle_256x256E,4206.62,1176.55,0.0
gfx950,256,29699,9216,4096,54,0,527.6599,_ZN5aiter42f4gemm_bf16_per1x32Fp4_BpreShuffle_256x256E,4249.33,1188.47,0.0
gfx950,256,29734,4608,4096,54,0,279.0286,_ZN5aiter42f4gemm_bf16_per1x32Fp4_BpreShuffle_256x256E,4022.6,1234.14,0.0
gfx950,256,29740,9216,4096,54,0,521.8766,_ZN5aiter42f4gemm_bf16_per1x32Fp4_BpreShuffle_256x256E,4302.35,1203.25,0.0
gfx950,256,29741,4608,4096,54,0,283.1473,_ZN5aiter42f4gemm_bf16_per1x32Fp4_BpreShuffle_256x256E,3965.02,1216.47,0.0
gfx950,256,29743,1280,4096,54,0,96.7472,_ZN5aiter42f4gemm_bf16_per1x32Fp4_BpreShuffle_256x256E,3223.64,1443.73,0.0
gfx950,256,29743,4096,1024,54,0,113.5529,_ZN5aiter42f4gemm_bf16_per1x32Fp4_BpreShuffle_256x256E,2197.23,2298.31,0.0
gfx950,256,29752,2304,4096,54,0,160.865,_ZN5aiter42f4gemm_bf16_per1x32Fp4_BpreShuffle_256x256E,3490.82,1260.36,0.0
gfx950,256,29752,4096,2048,54,0,158.4054,_ZN5aiter42f4gemm_bf16_per1x32Fp4_BpreShuffle_256x256E,3151.13,1757.44,0.0
gfx950,256,29753,4608,4096,54,0,283.6247,_ZN5aiter42f4gemm_bf16_per1x32Fp4_BpreShuffle_256x256E,3959.94,1214.9,0.0
gfx950,256,29753,9216,4096,54,0,519.7802,_ZN5aiter42f4gemm_bf16_per1x32Fp4_BpreShuffle_256x256E,4321.59,1208.62,0.0
gfx950,256,29754,4608,4096,54,0,283.3162,_ZN5aiter42f4gemm_bf16_per1x32Fp4_BpreShuffle_256x256E,3964.39,1216.26,0.0
gfx950,256,29754,9216,4096,54,0,529.0345,_ZN5aiter42f4gemm_bf16_per1x32Fp4_BpreShuffle_256x256E,4246.13,1187.51,0.0
gfx950,256,29755,9216,4096,54,0,524.0243,_ZN5aiter42f4gemm_bf16_per1x32Fp4_BpreShuffle_256x256E,4286.88,1198.91,0.0
gfx950,256,29760,1280,4096,48,0,95.3267,_ZN5aiter42f4gemm_bf16_per1x32Fp4_BpreShuffle_160x384E,3273.54,1466.07,0.0
gfx950,256,29760,4096,1024,45,0,113.2401,_ZN5aiter42f4gemm_bf16_per1x32Fp4_BpreShuffle_128x512E,2204.56,2305.97,0.0
gfx950,256,29762,1280,4096,54,0,95.2416,_ZN5aiter42f4gemm_bf16_per1x32Fp4_BpreShuffle_256x256E,3276.69,1467.48,0.0
gfx950,256,29762,4096,1024,36,0,113.5085,_ZN5aiter42f4gemm_bf16_per1x32Fp4_BpreShuffle_64x1024E,2199.5,2300.67,0.0
gfx950,256,29768,9216,4096,54,0,531.4199,_ZN5aiter42f4gemm_bf16_per1x32Fp4_BpreShuffle_256x256E,4229.06,1182.72,0.0
gfx950,256,29777,9216,4096,54,0,530.7289,_ZN5aiter42f4gemm_bf16_per1x32Fp4_BpreShuffle_256x256E,4235.85,1184.61,0.0
gfx950,256,29779,1280,4096,48,0,96.0816,_ZN5aiter42f4gemm_bf16_per1x32Fp4_BpreShuffle_160x384E,3249.9,1455.46,0.0
gfx950,256,29779,4096,1024,54,0,114.228,_ZN5aiter42f4gemm_bf16_per1x32Fp4_BpreShuffle_256x256E,2186.89,2287.47,0.0
gfx950,256,29784,2304,4096,54,0,160.3376,_ZN5aiter42f4gemm_bf16_per1x32Fp4_BpreShuffle_256x256E,3506.07,1265.83,0.0
gfx950,256,29784,4096,2048,45,0,160.3104,_ZN5aiter42f4gemm_bf16_per1x32Fp4_BpreShuffle_128x512E,3117.03,1738.4,0.0
gfx950,256,29787,4608,4096,54,0,283.6536,_ZN5aiter42f4gemm_bf16_per1x32Fp4_BpreShuffle_256x256E,3964.07,1216.12,0.0
gfx950,256,29788,2304,4096,54,0,161.1998,_ZN5aiter42f4gemm_bf16_per1x32Fp4_BpreShuffle_256x256E,3487.78,1259.23,0.0
gfx950,256,29788,4096,2048,54,0,163.007,_ZN5aiter42f4gemm_bf16_per1x32Fp4_BpreShuffle_256x256E,3065.88,1709.87,0.0
gfx950,256,29789,1280,4096,54,0,98.3504,_ZN5aiter42f4gemm_bf16_per1x32Fp4_BpreShuffle_256x256E,3175.99,1422.35,0.0
gfx950,256,29789,4096,1024,54,0,112.8967,_ZN5aiter42f4gemm_bf16_per1x32Fp4_BpreShuffle_256x256E,2213.42,2315.22,0.0
gfx950,256,29803,2304,4096,54,0,157.6738,_ZN5aiter42f4gemm_bf16_per1x32Fp4_BpreShuffle_256x256E,3567.57,1288.02,0.0
gfx950,256,29803,4096,2048,54,0,159.9676,_ZN5aiter42f4gemm_bf16_per1x32Fp4_BpreShuffle_256x256E,3125.7,1743.22,0.0
gfx950,256,29803,4608,4096,54,0,283.3749,_ZN5aiter42f4gemm_bf16_per1x32Fp4_BpreShuffle_256x256E,3970.1,1217.96,0.0
gfx950,256,29808,1280,4096,54,0,94.7888,_ZN5aiter42f4gemm_bf16_per1x32Fp4_BpreShuffle_256x256E,3297.43,1476.72,0.0
gfx950,256,29808,4096,1024,36,0,113.8225,_ZN5aiter42f4gemm_bf16_per1x32Fp4_BpreShuffle_64x1024E,2196.82,2297.84,0.0
gfx950,256,29809,1280,4096,48,0,97.1632,_ZN5aiter42f4gemm_bf16_per1x32Fp4_BpreShuffle_160x384E,3216.96,1440.68,0.0
gfx950,256,29809,4096,1024,54,0,113.6809,_ZN5aiter42f4gemm_bf16_per1x32Fp4_BpreShuffle_256x256E,2199.63,2300.78,0.0
gfx950,256,29809,9216,4096,54,0,530.7864,_ZN5aiter42f4gemm_bf16_per1x32Fp4_BpreShuffle_256x256E,4239.94,1185.72,0.0
gfx950,256,29814,4608,4096,54,0,284.2753,_ZN5aiter42f4gemm_bf16_per1x32Fp4_BpreShuffle_256x256E,3958.98,1214.53,0.0
gfx950,256,29819,9216,4096,54,0,528.5527,_ZN5aiter42f4gemm_bf16_per1x32Fp4_BpreShuffle_256x256E,4259.29,1191.12,0.0
gfx950,256,29822,9216,4096,54,0,528.3711,_ZN5aiter42f4gemm_bf16_per1x32Fp4_BpreShuffle_256x256E,4261.18,1191.64,0.0
gfx950,256,29834,4608,4096,54,0,280.6667,_ZN5aiter42f4gemm_bf16_per1x32Fp4_BpreShuffle_256x256E,4012.57,1230.95,0.0
gfx950,256,29835,2304,4096,54,0,160.1201,_ZN5aiter42f4gemm_bf16_per1x32Fp4_BpreShuffle_256x256E,3516.84,1269.67,0.0
gfx950,256,29835,4096,2048,54,0,161.5647,_ZN5aiter42f4gemm_bf16_per1x32Fp4_BpreShuffle_256x256E,3098.13,1727.81,0.0
gfx950,256,29842,4608,4096,54,0,284.6799,_ZN5aiter42f4gemm_bf16_per1x32Fp4_BpreShuffle_256x256E,3957.07,1213.92,0.0
gfx950,256,29843,9216,4096,54,0,539.3762,_ZN5aiter42f4gemm_bf16_per1x32Fp4_BpreShuffle_256x256E,4177.18,1168.13,0.0
gfx950,256,29845,9216,4096,54,0,529.7751,_ZN5aiter42f4gemm_bf16_per1x32Fp4_BpreShuffle_256x256E,4253.17,1189.37,0.0
gfx950,256,29857,1280,4096,54,0,98.7939,_ZN5aiter42f4gemm_bf16_per1x32Fp4_BpreShuffle_256x256E,3168.95,1419.14,0.0
gfx950,256,29857,4096,1024,45,0,113.4805,_ZN5aiter42f4gemm_bf16_per1x32Fp4_BpreShuffle_128x512E,2207.06,2308.52,0.0
gfx950,256,29870,9216,4096,54,0,535.3524,_ZN5aiter42f4gemm_bf16_per1x32Fp4_BpreShuffle_256x256E,4212.38,1177.94,0.0
gfx950,256,29887,4608,4096,54,0,280.593,_ZN5aiter42f4gemm_bf16_per1x32Fp4_BpreShuffle_256x256E,4020.76,1233.4,0.0
gfx950,256,29889,9216,4096,54,0,525.1577,_ZN5aiter42f4gemm_bf16_per1x32Fp4_BpreShuffle_256x256E,4296.89,1201.55,0.0
gfx950,256,29899,4608,4096,54,0,282.5676,_ZN5aiter42f4gemm_bf16_per1x32Fp4_BpreShuffle_256x256E,3994.26,1225.26,0.0
gfx950,256,29904,9216,4096,54,0,529.8504,_ZN5aiter42f4gemm_bf16_per1x32Fp4_BpreShuffle_256x256E,4260.97,1191.48,0.0
gfx950,256,29914,9216,4096,54,0,529.0991,_ZN5aiter42f4gemm_bf16_per1x32Fp4_BpreShuffle_256x256E,4268.45,1193.56,0.0
gfx950,256,29915,1280,4096,54,0,95.5052,_ZN5aiter42f4gemm_bf16_per1x32Fp4_BpreShuffle_256x256E,3284.44,1470.81,0.0
gfx950,256,29915,4096,1024,54,0,113.0127,_ZN5aiter42f4gemm_bf16_per1x32Fp4_BpreShuffle_256x256E,2220.5,2322.55,0.0
gfx950,256,29920,9216,4096,54,0,532.577,_ZN5aiter42f4gemm_bf16_per1x32Fp4_BpreShuffle_256x256E,4241.42,1186.0,0.0
gfx950,256,29924,9216,4096,54,0,525.9931,_ZN5aiter42f4gemm_bf16_per1x32Fp4_BpreShuffle_256x256E,4295.09,1201.0,0.0
gfx950,256,29925,2304,4096,54,0,159.6359,_ZN5aiter42f4gemm_bf16_per1x32Fp4_BpreShuffle_256x256E,3538.15,1277.28,0.0
gfx950,256,29925,4096,2048,45,0,160.8867,_ZN5aiter42f4gemm_bf16_per1x32Fp4_BpreShuffle_128x512E,3120.57,1740.25,0.0
gfx950,256,29933,4608,4096,54,0,277.3174,_ZN5aiter42f4gemm_bf16_per1x32Fp4_BpreShuffle_256x256E,4074.51,1249.84,0.0
gfx950,256,29939,9216,4096,54,0,531.8343,_ZN5aiter42f4gemm_bf16_per1x32Fp4_BpreShuffle_256x256E,4250.04,1188.39,0.0
gfx950,256,29942,4608,4096,54,0,285.6916,_ZN5aiter42f4gemm_bf16_per1x32Fp4_BpreShuffle_256x256E,3956.27,1213.56,0.0
gfx950,256,29949,9216,4096,54,0,529.6934,_ZN5aiter42f4gemm_bf16_per1x32Fp4_BpreShuffle_256x256E,4268.65,1193.58,0.0
gfx950,256,29953,4608,4096,54,0,286.31,_ZN5aiter42f4gemm_bf16_per1x32Fp4_BpreShuffle_256x256E,3949.17,1211.37,0.0
gfx950,256,29958,9216,4096,54,0,534.0534,_ZN5aiter42f4gemm_bf16_per1x32Fp4_BpreShuffle_256x256E,4235.07,1184.18,0.0
gfx950,256,29961,9216,4096,54,0,538.056,_ZN5aiter42f4gemm_bf16_per1x32Fp4_BpreShuffle_256x256E,4203.99,1175.48,0.0
gfx950,256,29966,1280,4096,54,0,97.2944,_ZN5aiter42f4gemm_bf16_per1x32Fp4_BpreShuffle_256x256E,3229.54,1446.18,0.0
gfx950,256,29966,4096,1024,36,0,112.7297,_ZN5aiter42f4gemm_bf16_per1x32Fp4_BpreShuffle_64x1024E,2229.87,2332.32,0.0
gfx950,256,29968,4608,4096,54,0,283.3505,_ZN5aiter42f4gemm_bf16_per1x32Fp4_BpreShuffle_256x256E,3992.42,1224.62,0.0
gfx950,256,29971,4608,4096,54,0,281.3522,_ZN5aiter42f4gemm_bf16_per1x32Fp4_BpreShuffle_256x256E,4021.18,1233.44,0.0
gfx950,256,29972,4608,4096,54,0,286.9039,_ZN5aiter42f4gemm_bf16_per1x32Fp4_BpreShuffle_256x256E,3943.5,1209.61,0.0
gfx950,256,29973,2304,4096,54,0,163.1574,_ZN5aiter42f4gemm_bf16_per1x32Fp4_BpreShuffle_256x256E,3467.34,1251.67,0.0
gfx950,256,29973,4096,2048,54,0,161.0212,_ZN5aiter42f4gemm_bf16_per1x32Fp4_BpreShuffle_256x256E,3122.96,1741.54,0.0
gfx950,256,29981,4608,4096,54,0,281.8306,_ZN5aiter42f4gemm_bf16_per1x32Fp4_BpreShuffle_256x256E,4015.69,1231.74,0.0
gfx950,256,29981,9216,4096,54,0,531.3277,_ZN5aiter42f4gemm_bf16_per1x32Fp4_BpreShuffle_256x256E,4260.06,1191.14,0.0
gfx950,256,29982,9216,4096,54,0,529.9395,_ZN5aiter42f4gemm_bf16_per1x32Fp4_BpreShuffle_256x256E,4271.37,1194.3,0.0
gfx950,256,30002,4608,4096,54,0,285.0155,_ZN5aiter42f4gemm_bf16_per1x32Fp4_BpreShuffle_256x256E,3973.6,1218.81,0.0
gfx950,256,30003,9216,4096,54,0,533.1886,_ZN5aiter42f4gemm_bf16_per1x32Fp4_BpreShuffle_256x256E,4248.31,1187.83,0.0
gfx950,256,30007,9216,4096,54,0,531.7083,_ZN5aiter42f4gemm_bf16_per1x32Fp4_BpreShuffle_256x256E,4260.71,1191.29,0.0
gfx950,256,30009,9216,4096,54,0,531.3554,_ZN5aiter42f4gemm_bf16_per1x32Fp4_BpreShuffle_256x256E,4263.82,1192.16,0.0
gfx950,256,30013,2304,4096,54,0,160.3324,_ZN5aiter42f4gemm_bf16_per1x32Fp4_BpreShuffle_256x256E,3533.14,1275.38,0.0
gfx950,256,30013,4096,2048,45,0,161.0028,_ZN5aiter42f4gemm_bf16_per1x32Fp4_BpreShuffle_128x512E,3127.49,1744.03,0.0
gfx950,256,30016,1280,4096,54,0,96.1796,_ZN5aiter42f4gemm_bf16_per1x32Fp4_BpreShuffle_256x256E,3272.43,1465.33,0.0
gfx950,256,30016,4096,1024,36,0,114.0729,_ZN5aiter42f4gemm_bf16_per1x32Fp4_BpreShuffle_64x1024E,2207.29,2308.67,0.0
gfx950,256,30020,9216,4096,54,0,530.9954,_ZN5aiter42f4gemm_bf16_per1x32Fp4_BpreShuffle_256x256E,4268.27,1193.39,0.0
gfx950,256,30021,9216,4096,54,0,531.4431,_ZN5aiter42f4gemm_bf16_per1x32Fp4_BpreShuffle_256x256E,4264.82,1192.42,0.0
gfx950,256,30029,9216,4096,54,0,529.1715,_ZN5aiter42f4gemm_bf16_per1x32Fp4_BpreShuffle_256x256E,4284.27,1197.85,0.0
gfx950,256,30031,4608,4096,54,0,284.9138,_ZN5aiter42f4gemm_bf16_per1x32Fp4_BpreShuffle_256x256E,3978.86,1220.39,0.0
gfx950,256,30033,4608,4096,54,0,286.6904,_ZN5aiter42f4gemm_bf16_per1x32Fp4_BpreShuffle_256x256E,3954.47,1212.91,0.0
gfx950,256,30035,9216,4096,54,0,526.3173,_ZN5aiter42f4gemm_bf16_per1x32Fp4_BpreShuffle_256x256E,4308.36,1204.58,0.0
gfx950,256,30046,2304,4096,48,0,164.7499,_ZN5aiter42f4gemm_bf16_per1x32Fp4_BpreShuffle_160x384E,3442.18,1242.52,0.0
gfx950,256,30046,4096,2048,45,0,160.5528,_ZN5aiter42f4gemm_bf16_per1x32Fp4_BpreShuffle_128x512E,3139.7,1750.81,0.0
gfx950,256,30046,9216,4096,54,0,530.0435,_ZN5aiter42f4gemm_bf16_per1x32Fp4_BpreShuffle_256x256E,4279.64,1196.54,0.0
gfx950,256,30048,9216,4096,54,0,528.8826,_ZN5aiter42f4gemm_bf16_per1x32Fp4_BpreShuffle_256x256E,4289.32,1199.24,0.0
gfx950,256,30052,4608,4096,54,0,282.4682,_ZN5aiter42f4gemm_bf16_per1x32Fp4_BpreShuffle_256x256E,4016.12,1231.79,0.0
gfx950,256,30063,4608,4096,54,0,284.7716,_ZN5aiter42f4gemm_bf16_per1x32Fp4_BpreShuffle_256x256E,3985.09,1222.27,0.0
gfx950,256,30064,1280,4096,54,0,96.0243,_ZN5aiter42f4gemm_bf16_per1x32Fp4_BpreShuffle_256x256E,3282.96,1470.01,0.0
gfx950,256,30064,4096,1024,36,0,113.7153,_ZN5aiter42f4gemm_bf16_per1x32Fp4_BpreShuffle_64x1024E,2217.78,2319.6,0.0
gfx950,256,30070,1280,4096,48,0,97.8528,_ZN5aiter42f4gemm_bf16_per1x32Fp4_BpreShuffle_160x384E,3222.26,1442.82,0.0
gfx950,256,30070,4096,1024,45,0,113.1685,_ZN5aiter42f4gemm_bf16_per1x32Fp4_BpreShuffle_128x512E,2228.94,2331.27,0.0
gfx950,256,30074,9216,4096,54,0,538.3765,_ZN5aiter42f4gemm_bf16_per1x32Fp4_BpreShuffle_256x256E,4217.33,1179.08,0.0
gfx950,256,30079,1280,4096,48,0,97.3727,_ZN5aiter42f4gemm_bf16_per1x32Fp4_BpreShuffle_160x384E,3239.11,1450.36,0.0
gfx950,256,30079,4096,1024,54,0,112.9329,_ZN5aiter42f4gemm_bf16_per1x32Fp4_BpreShuffle_256x256E,2234.26,2336.83,0.0
gfx950,256,30082,1280,4096,54,0,95.1134,_ZN5aiter42f4gemm_bf16_per1x32Fp4_BpreShuffle_256x256E,3316.38,1484.96,0.0
gfx950,256,30082,4096,1024,36,0,112.8054,_ZN5aiter42f4gemm_bf16_per1x32Fp4_BpreShuffle_64x1024E,2237.0,2339.7,0.0
gfx950,256,30091,9216,4096,54,0,528.5107,_ZN5aiter42f4gemm_bf16_per1x32Fp4_BpreShuffle_256x256E,4298.48,1201.75,0.0
gfx950,256,30094,9216,4096,54,0,537.6388,_ZN5aiter42f4gemm_bf16_per1x32Fp4_BpreShuffle_256x256E,4225.92,1181.46,0.0
gfx950,256,30102,9216,4096,54,0,527.8056,_ZN5aiter42f4gemm_bf16_per1x32Fp4_BpreShuffle_256x256E,4305.8,1203.78,0.0
gfx950,256,30104,9216,4096,54,0,529.0899,_ZN5aiter42f4gemm_bf16_per1x32Fp4_BpreShuffle_256x256E,4295.63,1200.94,0.0
gfx950,256,30107,4608,4096,54,0,285.8303,_ZN5aiter42f4gemm_bf16_per1x32Fp4_BpreShuffle_256x256E,3976.14,1219.47,0.0
gfx950,256,30108,1280,4096,54,0,96.3779,_ZN5aiter42f4gemm_bf16_per1x32Fp4_BpreShuffle_256x256E,3275.7,1466.72,0.0
gfx950,256,30108,4096,1024,54,0,113.2438,_ZN5aiter42f4gemm_bf16_per1x32Fp4_BpreShuffle_256x256E,2230.27,2332.64,0.0
gfx950,256,30109,9216,4096,54,0,529.6826,_ZN5aiter42f4gemm_bf16_per1x32Fp4_BpreShuffle_256x256E,4291.54,1199.79,0.0
gfx950,256,30115,9216,4096,54,0,533.0072,_ZN5aiter42f4gemm_bf16_per1x32Fp4_BpreShuffle_256x256E,4265.62,1192.53,0.0
gfx950,256,30121,9216,4096,54,0,535.6702,_ZN5aiter42f4gemm_bf16_per1x32Fp4_BpreShuffle_256x256E,4245.26,1186.84,0.0
gfx950,256,30124,9216,4096,54,0,539.1196,_ZN5aiter42f4gemm_bf16_per1x32Fp4_BpreShuffle_256x256E,4218.52,1179.36,0.0
gfx950,256,30127,4608,4096,54,0,284.0969,_ZN5aiter42f4gemm_bf16_per1x32Fp4_BpreShuffle_256x256E,4003.06,1227.71,0.0
gfx950,256,30133,9216,4096,54,0,529.5952,_ZN5aiter42f4gemm_bf16_per1x32Fp4_BpreShuffle_256x256E,4295.67,1200.91,0.0
gfx950,256,30136,2304,4096,54,0,163.2862,_ZN5aiter42f4gemm_bf16_per1x32Fp4_BpreShuffle_256x256E,3483.44,1257.32,0.0
gfx950,256,30136,4096,2048,54,0,162.4608,_ZN5aiter42f4gemm_bf16_per1x32Fp4_BpreShuffle_256x256E,3112.12,1735.36,0.0
gfx950,256,30140,2304,4096,54,0,158.525,_ZN5aiter42f4gemm_bf16_per1x32Fp4_BpreShuffle_256x256E,3588.54,1295.26,0.0
gfx950,256,30140,4096,2048,54,0,161.099,_ZN5aiter42f4gemm_bf16_per1x32Fp4_BpreShuffle_256x256E,3138.85,1750.26,0.0
gfx950,256,30149,9216,4096,54,0,536.472,_ZN5aiter42f4gemm_bf16_per1x32Fp4_BpreShuffle_256x256E,4242.86,1186.13,0.0
gfx950,256,30160,9216,4096,54,0,532.9177,_ZN5aiter42f4gemm_bf16_per1x32Fp4_BpreShuffle_256x256E,4272.71,1194.46,0.0
gfx950,256,30162,9216,4096,54,0,531.5227,_ZN5aiter42f4gemm_bf16_per1x32Fp4_BpreShuffle_256x256E,4284.21,1197.68,0.0
gfx950,256,30167,4608,4096,54,0,283.8102,_ZN5aiter42f4gemm_bf16_per1x32Fp4_BpreShuffle_256x256E,4012.42,1230.53,0.0
gfx950,256,30172,4608,4096,54,0,284.4427,_ZN5aiter42f4gemm_bf16_per1x32Fp4_BpreShuffle_256x256E,4004.16,1228.0,0.0
gfx950,256,30173,1280,4096,54,0,95.5627,_ZN5aiter42f4gemm_bf16_per1x32Fp4_BpreShuffle_256x256E,3310.78,1482.36,0.0
gfx950,256,30173,4096,1024,54,0,113.3713,_ZN5aiter42f4gemm_bf16_per1x32Fp4_BpreShuffle_256x256E,2232.57,2335.01,0.0
gfx950,256,30177,9216,4096,54,0,530.8198,_ZN5aiter42f4gemm_bf16_per1x32Fp4_BpreShuffle_256x256E,4292.02,1199.84,0.0
gfx950,256,30189,4608,4096,54,0,281.7856,_ZN5aiter42f4gemm_bf16_per1x32Fp4_BpreShuffle_256x256E,4044.2,1240.26,0.0
gfx950,256,30191,4608,4096,54,0,286.1747,_ZN5aiter42f4gemm_bf16_per1x32Fp4_BpreShuffle_256x256E,3982.43,1221.31,0.0
gfx950,256,30193,9216,4096,54,0,530.3368,_ZN5aiter42f4gemm_bf16_per1x32Fp4_BpreShuffle_256x256E,4298.2,1201.55,0.0
gfx950,256,30196,4608,4096,54,0,286.301,_ZN5aiter42f4gemm_bf16_per1x32Fp4_BpreShuffle_256x256E,3981.34,1220.97,0.0
gfx950,256,30200,4608,4096,54,0,281.292,_ZN5aiter42f4gemm_bf16_per1x32Fp4_BpreShuffle_256x256E,4052.77,1242.87,0.0
gfx950,256,30203,2304,4096,54,0,162.107,_ZN5aiter42f4gemm_bf16_per1x32Fp4_BpreShuffle_256x256E,3516.58,1269.22,0.0
gfx950,256,30203,4096,2048,54,0,161.7598,_ZN5aiter42f4gemm_bf16_per1x32Fp4_BpreShuffle_256x256E,3132.56,1746.7,0.0
gfx950,256,30207,9216,4096,54,0,530.5027,_ZN5aiter42f4gemm_bf16_per1x32Fp4_BpreShuffle_256x256E,4298.85,1201.72,0.0
gfx950,256,30216,9216,4096,54,0,541.3119,_ZN5aiter42f4gemm_bf16_per1x32Fp4_BpreShuffle_256x256E,4214.26,1178.06,0.0
gfx950,256,30219,1280,4096,48,0,97.95,_ZN5aiter42f4gemm_bf16_per1x32Fp4_BpreShuffle_160x384E,3235.01,1448.4,0.0
gfx950,256,30219,4096,1024,54,0,115.4853,_ZN5aiter42f4gemm_bf16_per1x32Fp4_BpreShuffle_256x256E,2195.04,2295.73,0.0
gfx950,256,30228,1280,4096,48,0,96.7904,_ZN5aiter42f4gemm_bf16_per1x32Fp4_BpreShuffle_160x384E,3274.74,1466.18,0.0
gfx950,256,30228,4096,1024,36,0,114.9501,_ZN5aiter42f4gemm_bf16_per1x32Fp4_BpreShuffle_64x1024E,2205.92,2307.1,0.0
gfx950,256,30231,2304,4096,54,0,159.0358,_ZN5aiter42f4gemm_bf16_per1x32Fp4_BpreShuffle_256x256E,3587.81,1294.9,0.0
gfx950,256,30231,4096,2048,54,0,162.4662,_ZN5aiter42f4gemm_bf16_per1x32Fp4_BpreShuffle_256x256E,3121.83,1740.69,0.0
gfx950,256,30234,2304,4096,54,0,162.4426,_ZN5aiter42f4gemm_bf16_per1x32Fp4_BpreShuffle_256x256E,3512.92,1267.87,0.0
gfx950,256,30234,4096,2048,54,0,162.367,_ZN5aiter42f4gemm_bf16_per1x32Fp4_BpreShuffle_256x256E,3124.05,1741.92,0.0
gfx950,256,30235,1280,4096,54,0,96.6296,_ZN5aiter42f4gemm_bf16_per1x32Fp4_BpreShuffle_256x256E,3280.95,1468.95,0.0
gfx950,256,30235,4096,1024,36,0,113.4497,_ZN5aiter42f4gemm_bf16_per1x32Fp4_BpreShuffle_64x1024E,2235.61,2338.15,0.0
gfx950,256,30241,4608,4096,54,0,286.0238,_ZN5aiter42f4gemm_bf16_per1x32Fp4_BpreShuffle_256x256E,3991.13,1223.93,0.0
gfx950,256,30248,9216,4096,54,0,533.8381,_ZN5aiter42f4gemm_bf16_per1x32Fp4_BpreShuffle_256x256E,4277.79,1195.78,0.0
gfx950,256,30252,9216,4096,54,0,538.3003,_ZN5aiter42f4gemm_bf16_per1x32Fp4_BpreShuffle_256x256E,4242.89,1186.02,0.0
gfx950,256,30258,9216,4096,54,0,537.0509,_ZN5aiter42f4gemm_bf16_per1x32Fp4_BpreShuffle_256x256E,4253.61,1189.01,0.0
gfx950,256,30261,9216,4096,54,0,529.7799,_ZN5aiter42f4gemm_bf16_per1x32Fp4_BpreShuffle_256x256E,4312.41,1205.44,0.0
gfx950,256,30277,1280,4096,52,0,97.9518,_ZN5aiter42f4gemm_bf16_per1x32Fp4_BpreShuffle_224x256E,3241.16,1451.1,0.0
gfx950,256,30277,4096,1024,54,0,113.6166,_ZN5aiter42f4gemm_bf16_per1x32Fp4_BpreShuffle_256x256E,2235.43,2337.93,0.0
gfx950,256,30277,9216,4096,54,0,528.0885,_ZN5aiter42f4gemm_bf16_per1x32Fp4_BpreShuffle_256x256E,4328.51,1209.92,0.0
gfx950,256,30281,1280,4096,54,0,98.35,_ZN5aiter42f4gemm_bf16_per1x32Fp4_BpreShuffle_256x256E,3228.46,1445.41,0.0
gfx950,256,30281,4096,1024,45,0,114.2777,_ZN5aiter42f4gemm_bf16_per1x32Fp4_BpreShuffle_128x512E,2222.79,2324.71,0.0
gfx950,256,30284,9216,4096,54,0,533.414,_ZN5aiter42f4gemm_bf16_per1x32Fp4_BpreShuffle_256x256E,4286.29,1198.11,0.0
gfx950,256,30289,2304,4096,54,0,159.7639,_ZN5aiter42f4gemm_bf16_per1x32Fp4_BpreShuffle_256x256E,3578.32,1291.42,0.0
gfx950,256,30289,4096,2048,54,0,161.7318,_ZN5aiter42f4gemm_bf16_per1x32Fp4_BpreShuffle_256x256E,3142.02,1751.9,0.0
gfx950,256,30289,9216,4096,54,0,535.8403,_ZN5aiter42f4gemm_bf16_per1x32Fp4_BpreShuffle_256x256E,4267.58,1192.88,0.0
gfx950,256,30290,9216,4096,54,0,538.2988,_ZN5aiter42f4gemm_bf16_per1x32Fp4_BpreShuffle_256x256E,4248.23,1187.47,0.0
gfx950,256,30292,9216,4096,45,0,541.864,_ZN5aiter42f4gemm_bf16_per1x32Fp4_BpreShuffle_128x512E,4220.56,1179.73,0.0
gfx950,256,30297,9216,4096,54,0,541.5857,_ZN5aiter42f4gemm_bf16_per1x32Fp4_BpreShuffle_256x256E,4223.43,1180.53,0.0
gfx950,256,30300,4608,4096,54,0,287.6639,_ZN5aiter42f4gemm_bf16_per1x32Fp4_BpreShuffle_256x256E,3976.12,1219.26,0.0
gfx950,256,30305,4608,4096,54,0,286.9983,_ZN5aiter42f4gemm_bf16_per1x32Fp4_BpreShuffle_256x256E,3986.0,1222.28,0.0
gfx950,256,30316,4608,4096,54,0,289.1663,_ZN5aiter42f4gemm_bf16_per1x32Fp4_BpreShuffle_256x256E,3957.55,1213.55,0.0
gfx950,256,30316,9216,4096,54,0,536.5371,_ZN5aiter42f4gemm_bf16_per1x32Fp4_BpreShuffle_256x256E,4265.84,1192.36,0.0
gfx950,256,30325,9216,4096,54,0,541.5628,_ZN5aiter42f4gemm_bf16_per1x32Fp4_BpreShuffle_256x256E,4227.51,1181.64,0.0
gfx950,256,30330,9216,4096,54,0,546.2307,_ZN5aiter42f4gemm_bf16_per1x32Fp4_BpreShuffle_256x256E,4192.07,1171.73,0.0
gfx950,256,30345,9216,4096,54,0,532.1483,_ZN5aiter42f4gemm_bf16_per1x32Fp4_BpreShuffle_256x256E,4305.14,1203.31,0.0
gfx950,256,30358,2304,4096,54,0,159.883,_ZN5aiter42f4gemm_bf16_per1x32Fp4_BpreShuffle_256x256E,3583.8,1293.33,0.0
gfx950,256,30358,4096,2048,45,0,163.062,_ZN5aiter42f4gemm_bf16_per1x32Fp4_BpreShuffle_128x512E,3123.49,1741.51,0.0
gfx950,256,30359,9216,4096,54,0,533.8558,_ZN5aiter42f4gemm_bf16_per1x32Fp4_BpreShuffle_256x256E,4293.35,1200.0,0.0
gfx950,256,30362,1280,4096,54,0,96.774,_ZN5aiter42f4gemm_bf16_per1x32Fp4_BpreShuffle_256x256E,3289.82,1472.81,0.0
gfx950,256,30362,4096,1024,54,0,114.1362,_ZN5aiter42f4gemm_bf16_per1x32Fp4_BpreShuffle_256x256E,2231.5,2333.77,0.0
gfx950,256,30365,9216,4096,54,0,535.8488,_ZN5aiter42f4gemm_bf16_per1x32Fp4_BpreShuffle_256x256E,4278.22,1195.77,0.0
gfx950,256,30366,1280,4096,54,0,97.1432,_ZN5aiter42f4gemm_bf16_per1x32Fp4_BpreShuffle_256x256E,3277.74,1467.4,0.0
gfx950,256,30366,4096,1024,45,0,115.5214,_ZN5aiter42f4gemm_bf16_per1x32Fp4_BpreShuffle_128x512E,2205.03,2306.09,0.0
gfx950,256,30369,4608,4096,54,0,286.4953,_ZN5aiter42f4gemm_bf16_per1x32Fp4_BpreShuffle_256x256E,4001.43,1226.94,0.0
gfx950,256,30376,2304,4096,54,0,161.5812,_ZN5aiter42f4gemm_bf16_per1x32Fp4_BpreShuffle_256x256E,3548.23,1280.48,0.0
gfx950,256,30376,4096,2048,54,0,161.2432,_ZN5aiter42f4gemm_bf16_per1x32Fp4_BpreShuffle_256x256E,3160.6,1762.18,0.0
gfx950,256,30385,1280,4096,54,0,97.7032,_ZN5aiter42f4gemm_bf16_per1x32Fp4_BpreShuffle_256x256E,3261.0,1459.89,0.0
gfx950,256,30385,4096,1024,54,0,115.2381,_ZN5aiter42f4gemm_bf16_per1x32Fp4_BpreShuffle_256x256E,2211.84,2313.19,0.0
gfx950,256,30386,2304,4096,54,0,161.5257,_ZN5aiter42f4gemm_bf16_per1x32Fp4_BpreShuffle_256x256E,3550.62,1281.33,0.0
gfx950,256,30386,4096,2048,54,0,161.7622,_ZN5aiter42f4gemm_bf16_per1x32Fp4_BpreShuffle_256x256E,3151.49,1757.1,0.0
gfx950,256,30389,9216,4096,54,0,539.36,_ZN5aiter42f4gemm_bf16_per1x32Fp4_BpreShuffle_256x256E,4253.73,1188.89,0.0
gfx950,256,30391,4608,4096,54,0,285.634,_ZN5aiter42f4gemm_bf16_per1x32Fp4_BpreShuffle_256x256E,4016.41,1231.51,0.0
gfx950,256,30393,9216,4096,54,0,534.3119,_ZN5aiter42f4gemm_bf16_per1x32Fp4_BpreShuffle_256x256E,4294.49,1200.28,0.0
gfx950,256,30395,1280,4096,48,0,96.8436,_ZN5aiter42f4gemm_bf16_per1x32Fp4_BpreShuffle_160x384E,3291.02,1473.32,0.0
gfx950,256,30395,4096,1024,45,0,114.1038,_ZN5aiter42f4gemm_bf16_per1x32Fp4_BpreShuffle_128x512E,2234.56,2336.95,0.0
gfx950,256,30397,2304,4096,54,0,163.2863,_ZN5aiter42f4gemm_bf16_per1x32Fp4_BpreShuffle_256x256E,3513.61,1267.96,0.0
gfx950,256,30397,4096,2048,54,0,161.3982,_ZN5aiter42f4gemm_bf16_per1x32Fp4_BpreShuffle_256x256E,3159.74,1761.69,0.0
gfx950,256,30401,9216,4096,54,0,527.5833,_ZN5aiter42f4gemm_bf16_per1x32Fp4_BpreShuffle_256x256E,4350.4,1215.9,0.0
gfx950,256,30402,9216,4096,54,0,532.3687,_ZN5aiter42f4gemm_bf16_per1x32Fp4_BpreShuffle_256x256E,4311.44,1205.01,0.0
gfx950,256,30411,9216,4096,54,0,532.8544,_ZN5aiter42f4gemm_bf16_per1x32Fp4_BpreShuffle_256x256E,4308.78,1204.25,0.0
gfx950,256,30422,4608,4096,54,0,289.8687,_ZN5aiter42f4gemm_bf16_per1x32Fp4_BpreShuffle_256x256E,3961.77,1214.72,0.0
gfx950,256,30427,9216,4096,54,0,538.6371,_ZN5aiter42f4gemm_bf16_per1x32Fp4_BpreShuffle_256x256E,4264.77,1191.93,0.0
gfx950,256,30438,9216,4096,54,0,529.368,_ZN5aiter42f4gemm_bf16_per1x32Fp4_BpreShuffle_256x256E,4341.01,1213.23,0.0
gfx950,256,30441,9216,4096,54,0,535.2135,_ZN5aiter42f4gemm_bf16_per1x32Fp4_BpreShuffle_256x256E,4294.02,1200.09,0.0
gfx950,256,30458,2304,4096,54,0,162.0156,_ZN5aiter42f4gemm_bf16_per1x32Fp4_BpreShuffle_256x256E,3548.27,1280.41,0.0
gfx950,256,30458,4096,2048,54,0,163.8617,_ZN5aiter42f4gemm_bf16_per1x32Fp4_BpreShuffle_256x256E,3118.49,1738.63,0.0
gfx950,256,30469,9216,4096,54,0,546.3185,_ZN5aiter42f4gemm_bf16_per1x32Fp4_BpreShuffle_256x256E,4210.61,1176.75,0.0
gfx950,256,30472,9216,4096,54,0,532.8131,_ZN5aiter42f4gemm_bf16_per1x32Fp4_BpreShuffle_256x256E,4317.76,1206.69,0.0
gfx950,256,30474,9216,4096,54,0,537.5716,_ZN5aiter42f4gemm_bf16_per1x32Fp4_BpreShuffle_256x256E,4279.82,1196.09,0.0
gfx950,256,30476,9216,4096,54,0,535.5004,_ZN5aiter42f4gemm_bf16_per1x32Fp4_BpreShuffle_256x256E,4296.66,1200.79,0.0
gfx950,256,30483,9216,4096,54,0,535.9636,_ZN5aiter42f4gemm_bf16_per1x32Fp4_BpreShuffle_256x256E,4293.93,1200.02,0.0
gfx950,256,30494,1280,4096,48,0,96.0484,_ZN5aiter42f4gemm_bf16_per1x32Fp4_BpreShuffle_160x384E,3329.08,1490.27,0.0
gfx950,256,30494,4096,1024,36,0,113.3779,_ZN5aiter42f4gemm_bf16_per1x32Fp4_BpreShuffle_64x1024E,2256.19,2359.52,0.0
gfx950,256,30495,1280,4096,54,0,98.336,_ZN5aiter42f4gemm_bf16_per1x32Fp4_BpreShuffle_256x256E,3251.74,1455.65,0.0
gfx950,256,30495,4096,1024,54,0,114.6771,_ZN5aiter42f4gemm_bf16_per1x32Fp4_BpreShuffle_256x256E,2230.7,2332.86,0.0
gfx950,256,30501,9216,4096,54,0,541.3459,_ZN5aiter42f4gemm_bf16_per1x32Fp4_BpreShuffle_256x256E,4253.75,1188.77,0.0
gfx950,256,30502,9216,4096,54,0,535.3983,_ZN5aiter42f4gemm_bf16_per1x32Fp4_BpreShuffle_256x256E,4301.14,1202.01,0.0
gfx950,256,30503,9216,4096,54,0,536.528,_ZN5aiter42f4gemm_bf16_per1x32Fp4_BpreShuffle_256x256E,4292.23,1199.52,0.0
gfx950,256,30506,9216,4096,54,0,534.6881,_ZN5aiter42f4gemm_bf16_per1x32Fp4_BpreShuffle_256x256E,4307.42,1203.76,0.0
gfx950,256,30517,4608,4096,54,0,291.4395,_ZN5aiter42f4gemm_bf16_per1x32Fp4_BpreShuffle_256x256E,3952.72,1211.85,0.0
gfx950,256,30519,9216,4096,54,0,538.3176,_ZN5aiter42f4gemm_bf16_per1x32Fp4_BpreShuffle_256x256E,4280.2,1196.14,0.0
gfx950,256,30521,9216,4096,54,0,539.4342,_ZN5aiter42f4gemm_bf16_per1x32Fp4_BpreShuffle_256x256E,4271.62,1193.74,0.0
gfx950,256,30525,9216,4096,54,0,541.2932,_ZN5aiter42f4gemm_bf16_per1x32Fp4_BpreShuffle_256x256E,4257.51,1189.79,0.0
gfx950,256,30541,4608,4096,54,0,288.037,_ZN5aiter42f4gemm_bf16_per1x32Fp4_BpreShuffle_256x256E,4002.56,1227.1,0.0
gfx950,256,30543,4608,4096,54,0,289.0863,_ZN5aiter42f4gemm_bf16_per1x32Fp4_BpreShuffle_256x256E,3988.29,1222.73,0.0
gfx950,256,30544,9216,4096,54,0,538.308,_ZN5aiter42f4gemm_bf16_per1x32Fp4_BpreShuffle_256x256E,4283.78,1197.11,0.0
gfx950,256,30547,9216,4096,54,0,541.6048,_ZN5aiter42f4gemm_bf16_per1x32Fp4_BpreShuffle_256x256E,4258.13,1189.94,0.0
gfx950,256,30549,9216,4096,54,0,542.8892,_ZN5aiter42f4gemm_bf16_per1x32Fp4_BpreShuffle_256x256E,4248.33,1187.2,0.0
gfx950,256,30552,4608,4096,54,0,286.7227,_ZN5aiter42f4gemm_bf16_per1x32Fp4_BpreShuffle_256x256E,4022.35,1233.16,0.0
gfx950,256,30559,4608,4096,54,0,286.7663,_ZN5aiter42f4gemm_bf16_per1x32Fp4_BpreShuffle_256x256E,4022.66,1233.25,0.0
gfx950,256,30560,1280,4096,48,0,99.0168,_ZN5aiter42f4gemm_bf16_per1x32Fp4_BpreShuffle_160x384E,3236.27,1448.66,0.0
gfx950,256,30560,4096,1024,36,0,113.8857,_ZN5aiter42f4gemm_bf16_per1x32Fp4_BpreShuffle_64x1024E,2250.99,2354.04,0.0
gfx950,256,30561,4608,4096,54,0,287.2315,_ZN5aiter42f4gemm_bf16_per1x32Fp4_BpreShuffle_256x256E,4016.41,1231.33,0.0
gfx950,256,30565,1280,4096,54,0,98.1393,_ZN5aiter42f4gemm_bf16_per1x32Fp4_BpreShuffle_256x256E,3265.74,1461.85,0.0
gfx950,256,30565,4096,1024,54,0,114.3663,_ZN5aiter42f4gemm_bf16_per1x32Fp4_BpreShuffle_256x256E,2241.9,2344.53,0.0
gfx950,256,30584,4608,4096,54,0,288.5848,_ZN5aiter42f4gemm_bf16_per1x32Fp4_BpreShuffle_256x256E,4000.58,1226.45,0.0
gfx950,256,30588,4608,4096,54,0,283.8354,_ZN5aiter42f4gemm_bf16_per1x32Fp4_BpreShuffle_256x256E,4068.06,1247.13,0.0
gfx950,256,30603,4608,4096,54,0,288.9312,_ZN5aiter42f4gemm_bf16_per1x32Fp4_BpreShuffle_256x256E,3998.27,1225.72,0.0
gfx950,256,30607,2304,4096,54,0,160.1095,_ZN5aiter42f4gemm_bf16_per1x32Fp4_BpreShuffle_256x256E,3608.08,1301.85,0.0
gfx950,256,30607,4096,2048,54,0,162.3859,_ZN5aiter42f4gemm_bf16_per1x32Fp4_BpreShuffle_256x256E,3162.22,1762.89,0.0
gfx950,256,30614,4608,4096,54,0,284.2647,_ZN5aiter42f4gemm_bf16_per1x32Fp4_BpreShuffle_256x256E,4065.37,1246.28,0.0
gfx950,256,30617,9216,4096,54,0,542.5104,_ZN5aiter42f4gemm_bf16_per1x32Fp4_BpreShuffle_256x256E,4260.76,1190.6,0.0
gfx950,256,30622,9216,4096,54,0,537.0085,_ZN5aiter42f4gemm_bf16_per1x32Fp4_BpreShuffle_256x256E,4305.12,1202.98,0.0
gfx950,256,30632,9216,4096,54,0,536.1046,_ZN5aiter42f4gemm_bf16_per1x32Fp4_BpreShuffle_256x256E,4313.78,1205.39,0.0
gfx950,256,30646,1280,4096,48,0,96.9772,_ZN5aiter42f4gemm_bf16_per1x32Fp4_BpreShuffle_160x384E,3313.63,1483.22,0.0
gfx950,256,30646,4096,1024,54,0,113.65,_ZN5aiter42f4gemm_bf16_per1x32Fp4_BpreShuffle_256x256E,2262.01,2365.51,0.0
gfx950,256,30650,9216,4096,54,0,542.9321,_ZN5aiter42f4gemm_bf16_per1x32Fp4_BpreShuffle_256x256E,4262.04,1190.92,0.0
gfx950,256,30656,4608,4096,54,0,291.9311,_ZN5aiter42f4gemm_bf16_per1x32Fp4_BpreShuffle_256x256E,3964.04,1215.17,0.0
gfx950,256,30666,2304,4096,54,0,165.9831,_ZN5aiter42f4gemm_bf16_per1x32Fp4_BpreShuffle_256x256E,3487.11,1258.15,0.0
gfx950,256,30666,4096,2048,54,0,160.6577,_ZN5aiter42f4gemm_bf16_per1x32Fp4_BpreShuffle_256x256E,3202.4,1785.24,0.0
gfx950,256,30668,4608,4096,54,0,289.0517,_ZN5aiter42f4gemm_bf16_per1x32Fp4_BpreShuffle_256x256E,4005.09,1227.74,0.0
gfx950,256,30673,4608,4096,54,0,287.5547,_ZN5aiter42f4gemm_bf16_per1x32Fp4_BpreShuffle_256x256E,4026.6,1234.33,0.0
gfx950,256,30678,9216,4096,54,0,540.6178,_ZN5aiter42f4gemm_bf16_per1x32Fp4_BpreShuffle_256x256E,4284.19,1197.07,0.0
gfx950,256,30680,4608,4096,54,0,289.4682,_ZN5aiter42f4gemm_bf16_per1x32Fp4_BpreShuffle_256x256E,4000.89,1226.44,0.0
gfx950,256,30681,2304,4096,48,0,164.0605,_ZN5aiter42f4gemm_bf16_per1x32Fp4_BpreShuffle_160x384E,3529.7,1273.5,0.0
gfx950,256,30681,4096,2048,54,0,163.21,_ZN5aiter42f4gemm_bf16_per1x32Fp4_BpreShuffle_256x256E,3153.86,1758.17,0.0
gfx950,256,30681,9216,4096,54,0,539.396,_ZN5aiter42f4gemm_bf16_per1x32Fp4_BpreShuffle_256x256E,4294.32,1199.9,0.0
gfx950,256,30684,9216,4096,54,0,543.8525,_ZN5aiter42f4gemm_bf16_per1x32Fp4_BpreShuffle_256x256E,4259.55,1190.18,0.0
gfx950,256,30688,9216,4096,54,0,536.4288,_ZN5aiter42f4gemm_bf16_per1x32Fp4_BpreShuffle_256x256E,4319.06,1206.8,0.0
gfx950,256,30707,1280,4096,48,0,96.5404,_ZN5aiter42f4gemm_bf16_per1x32Fp4_BpreShuffle_160x384E,3335.25,1492.84,0.0
gfx950,256,30707,4096,1024,36,0,113.9472,_ZN5aiter42f4gemm_bf16_per1x32Fp4_BpreShuffle_64x1024E,2260.6,2364.0,0.0
gfx950,256,30715,9216,4096,54,0,545.8689,_ZN5aiter42f4gemm_bf16_per1x32Fp4_BpreShuffle_256x256E,4248.1,1186.95,0.0
gfx950,256,30738,2304,4096,54,0,161.1126,_ZN5aiter42f4gemm_bf16_per1x32Fp4_BpreShuffle_256x256E,3600.96,1299.16,0.0
gfx950,256,30738,4096,2048,54,0,161.131,_ZN5aiter42f4gemm_bf16_per1x32Fp4_BpreShuffle_256x256E,3200.49,1784.11,0.0
gfx950,256,30744,1280,4096,54,0,97.464,_ZN5aiter42f4gemm_bf16_per1x32Fp4_BpreShuffle_256x256E,3307.62,1480.44,0.0
gfx950,256,30744,4096,1024,54,0,114.7686,_ZN5aiter42f4gemm_bf16_per1x32Fp4_BpreShuffle_256x256E,2247.12,2349.88,0.0
gfx950,256,30748,2304,4096,54,0,162.831,_ZN5aiter42f4gemm_bf16_per1x32Fp4_BpreShuffle_256x256E,3564.12,1285.86,0.0
gfx950,256,30748,4096,2048,54,0,161.6694,_ZN5aiter42f4gemm_bf16_per1x32Fp4_BpreShuffle_256x256E,3190.87,1778.74,0.0
gfx950,256,30763,2304,4096,54,0,164.0933,_ZN5aiter42f4gemm_bf16_per1x32Fp4_BpreShuffle_256x256E,3538.43,1276.57,0.0
gfx950,256,30763,4096,2048,54,0,162.7406,_ZN5aiter42f4gemm_bf16_per1x32Fp4_BpreShuffle_256x256E,3171.41,1767.88,0.0
gfx950,256,30824,2304,4096,54,0,163.2442,_ZN5aiter42f4gemm_bf16_per1x32Fp4_BpreShuffle_256x256E,3563.88,1285.7,0.0
gfx950,256,30824,4096,2048,54,0,163.1749,_ZN5aiter42f4gemm_bf16_per1x32Fp4_BpreShuffle_256x256E,3169.24,1766.62,0.0
gfx950,256,30826,2304,4096,54,0,164.1703,_ZN5aiter42f4gemm_bf16_per1x32Fp4_BpreShuffle_256x256E,3544.01,1278.53,0.0
gfx950,256,30826,4096,2048,54,0,161.8738,_ZN5aiter42f4gemm_bf16_per1x32Fp4_BpreShuffle_256x256E,3194.92,1780.94,0.0
gfx950,256,30844,1280,4096,54,0,99.46,_ZN5aiter42f4gemm_bf16_per1x32Fp4_BpreShuffle_256x256E,3251.79,1455.36,0.0
gfx950,256,30844,4096,1024,36,0,114.7666,_ZN5aiter42f4gemm_bf16_per1x32Fp4_BpreShuffle_64x1024E,2254.47,2357.51,0.0
gfx950,256,30909,1280,4096,54,0,98.6276,_ZN5aiter42f4gemm_bf16_per1x32Fp4_BpreShuffle_256x256E,3286.14,1470.68,0.0
gfx950,256,30909,4096,1024,54,0,115.6933,_ZN5aiter42f4gemm_bf16_per1x32Fp4_BpreShuffle_256x256E,2241.13,2343.52,0.0
gfx950,256,30920,1280,4096,54,0,99.0588,_ZN5aiter42f4gemm_bf16_per1x32Fp4_BpreShuffle_256x256E,3273.0,1464.79,0.0
gfx950,256,30920,4096,1024,54,0,114.8268,_ZN5aiter42f4gemm_bf16_per1x32Fp4_BpreShuffle_256x256E,2258.84,2362.03,0.0
gfx950,256,31081,9216,4096,54,0,557.9557,_ZN5aiter42f4gemm_bf16_per1x32Fp4_BpreShuffle_256x256E,4205.6,1174.67,0.0
gfx950,256,31178,4608,4096,54,0,290.9615,_ZN5aiter42f4gemm_bf16_per1x32Fp4_BpreShuffle_256x256E,4044.97,1239.43,0.0
gfx950,256,31182,4608,4096,54,0,289.7086,_ZN5aiter42f4gemm_bf16_per1x32Fp4_BpreShuffle_256x256E,4062.98,1244.94,0.0
gfx950,256,31291,4608,4096,54,0,290.6314,_ZN5aiter42f4gemm_bf16_per1x32Fp4_BpreShuffle_256x256E,4064.24,1245.22,0.0
gfx950,256,31304,9216,4096,54,0,557.3428,_ZN5aiter42f4gemm_bf16_per1x32Fp4_BpreShuffle_256x256E,4240.43,1184.16,0.0
gfx950,256,31484,1280,4096,54,0,99.0192,_ZN5aiter42f4gemm_bf16_per1x32Fp4_BpreShuffle_256x256E,3334.04,1491.63,0.0
gfx950,256,31484,4096,1024,45,0,116.14,_ZN5aiter42f4gemm_bf16_per1x32Fp4_BpreShuffle_128x512E,2274.04,2377.6,0.0
gfx950,256,31509,1280,4096,54,0,98.7036,_ZN5aiter42f4gemm_bf16_per1x32Fp4_BpreShuffle_256x256E,3347.35,1497.56,0.0
gfx950,256,31509,4096,1024,36,0,115.231,_ZN5aiter42f4gemm_bf16_per1x32Fp4_BpreShuffle_64x1024E,2293.8,2398.24,0.0
gfx950,256,31535,1280,4096,54,0,98.488,_ZN5aiter42f4gemm_bf16_per1x32Fp4_BpreShuffle_256x256E,3357.45,1502.06,0.0
gfx950,256,31535,4096,1024,54,0,116.864,_ZN5aiter42f4gemm_bf16_per1x32Fp4_BpreShuffle_256x256E,2263.61,2366.66,0.0
gfx950,256,31540,4608,4096,54,0,292.149,_ZN5aiter42f4gemm_bf16_per1x32Fp4_BpreShuffle_256x256E,4075.3,1248.35,0.0
gfx950,256,31561,1280,4096,54,0,97.6017,_ZN5aiter42f4gemm_bf16_per1x32Fp4_BpreShuffle_256x256E,3390.73,1516.93,0.0
gfx950,256,31561,4096,1024,54,0,115.9851,_ZN5aiter42f4gemm_bf16_per1x32Fp4_BpreShuffle_256x256E,2282.65,2386.55,0.0
gfx950,256,31590,1280,4096,54,0,99.0316,_ZN5aiter42f4gemm_bf16_per1x32Fp4_BpreShuffle_256x256E,3344.84,1496.37,0.0
gfx950,256,31590,4096,1024,36,0,115.4256,_ZN5aiter42f4gemm_bf16_per1x32Fp4_BpreShuffle_64x1024E,2295.82,2400.3,0.0
gfx950,256,31644,1280,4096,54,0,98.2748,_ZN5aiter42f4gemm_bf16_per1x32Fp4_BpreShuffle_256x256E,3376.36,1510.43,0.0
gfx950,256,31644,4096,1024,36,0,115.1528,_ZN5aiter42f4gemm_bf16_per1x32Fp4_BpreShuffle_64x1024E,2305.19,2410.07,0.0
gfx950,256,31681,4608,4096,54,0,292.6981,_ZN5aiter42f4gemm_bf16_per1x32Fp4_BpreShuffle_256x256E,4085.84,1251.43,0.0
gfx950,256,31704,1280,4096,54,0,99.2896,_ZN5aiter42f4gemm_bf16_per1x32Fp4_BpreShuffle_256x256E,3348.19,1497.77,0.0
gfx950,256,31704,4096,1024,36,0,113.8918,_ZN5aiter42f4gemm_bf16_per1x32Fp4_BpreShuffle_64x1024E,2335.13,2441.34,0.0
gfx950,256,31707,9216,4096,54,0,558.2537,_ZN5aiter42f4gemm_bf16_per1x32Fp4_BpreShuffle_256x256E,4288.01,1197.01,0.0
gfx950,256,31708,1280,4096,54,0,100.0464,_ZN5aiter42f4gemm_bf16_per1x32Fp4_BpreShuffle_256x256E,3323.28,1486.63,0.0
gfx950,256,31708,4096,1024,36,0,115.315,_ZN5aiter42f4gemm_bf16_per1x32Fp4_BpreShuffle_64x1024E,2306.6,2411.51,0.0
gfx950,256,31776,2304,4096,54,0,166.8495,_ZN5aiter42f4gemm_bf16_per1x32Fp4_BpreShuffle_256x256E,3594.57,1295.9,0.0
gfx950,256,31776,4096,2048,54,0,163.7774,_ZN5aiter42f4gemm_bf16_per1x32Fp4_BpreShuffle_256x256E,3255.11,1813.69,0.0
gfx950,256,31799,1280,4096,54,0,100.1471,_ZN5aiter42f4gemm_bf16_per1x32Fp4_BpreShuffle_256x256E,3329.47,1489.32,0.0
gfx950,256,31799,4096,1024,36,0,116.469,_ZN5aiter42f4gemm_bf16_per1x32Fp4_BpreShuffle_64x1024E,2290.3,2394.42,0.0
gfx950,256,31811,1280,4096,54,0,97.1132,_ZN5aiter42f4gemm_bf16_per1x32Fp4_BpreShuffle_256x256E,3434.78,1536.42,0.0
gfx950,256,31811,4096,1024,54,0,116.5706,_ZN5aiter42f4gemm_bf16_per1x32Fp4_BpreShuffle_256x256E,2289.17,2393.23,0.0
gfx950,256,31814,2304,4096,54,0,164.2656,_ZN5aiter42f4gemm_bf16_per1x32Fp4_BpreShuffle_256x256E,3655.48,1317.82,0.0
gfx950,256,31814,4096,2048,45,0,164.4543,_ZN5aiter42f4gemm_bf16_per1x32Fp4_BpreShuffle_128x512E,3245.58,1808.36,0.0
gfx950,256,31821,1280,4096,54,0,100.5556,_ZN5aiter42f4gemm_bf16_per1x32Fp4_BpreShuffle_256x256E,3318.24,1484.28,0.0
gfx950,256,31821,4096,1024,36,0,116.5946,_ZN5aiter42f4gemm_bf16_per1x32Fp4_BpreShuffle_64x1024E,2289.42,2393.48,0.0
gfx950,256,31841,9216,4096,54,0,567.9525,_ZN5aiter42f4gemm_bf16_per1x32Fp4_BpreShuffle_256x256E,4232.6,1181.4,0.0
gfx950,256,31862,9216,4096,54,0,571.2169,_ZN5aiter42f4gemm_bf16_per1x32Fp4_BpreShuffle_256x256E,4211.19,1175.4,0.0
gfx950,256,31871,4608,4096,54,0,295.1612,_ZN5aiter42f4gemm_bf16_per1x32Fp4_BpreShuffle_256x256E,4076.04,1248.24,0.0
gfx950,256,31876,1280,4096,52,0,99.4243,_ZN5aiter42f4gemm_bf16_per1x32Fp4_BpreShuffle_224x256E,3361.79,1503.72,0.0
gfx950,256,31876,4096,1024,54,0,116.6818,_ZN5aiter42f4gemm_bf16_per1x32Fp4_BpreShuffle_256x256E,2291.66,2395.8,0.0
gfx950,256,31923,2304,4096,54,0,165.4007,_ZN5aiter42f4gemm_bf16_per1x32Fp4_BpreShuffle_256x256E,3642.83,1313.16,0.0
gfx950,256,31923,4096,2048,54,0,167.0203,_ZN5aiter42f4gemm_bf16_per1x32Fp4_BpreShuffle_256x256E,3206.67,1786.59,0.0
gfx950,256,31968,9216,4096,54,0,558.976,_ZN5aiter42f4gemm_bf16_per1x32Fp4_BpreShuffle_256x256E,4317.72,1205.02,0.0
gfx950,256,32012,4608,4096,54,0,294.3054,_ZN5aiter42f4gemm_bf16_per1x32Fp4_BpreShuffle_256x256E,4105.98,1257.27,0.0
gfx950,256,32120,1280,4096,54,0,99.9477,_ZN5aiter42f4gemm_bf16_per1x32Fp4_BpreShuffle_256x256E,3369.79,1507.09,0.0
gfx950,256,32120,4096,1024,45,0,118.4122,_ZN5aiter42f4gemm_bf16_per1x32Fp4_BpreShuffle_128x512E,2275.46,2378.72,0.0
gfx950,256,32128,1280,4096,54,0,100.212,_ZN5aiter42f4gemm_bf16_per1x32Fp4_BpreShuffle_256x256E,3361.74,1503.49,0.0
gfx950,256,32128,4096,1024,36,0,116.8826,_ZN5aiter42f4gemm_bf16_per1x32Fp4_BpreShuffle_64x1024E,2305.81,2410.45,0.0
gfx950,256,32133,4608,4096,54,0,293.8983,_ZN5aiter42f4gemm_bf16_per1x32Fp4_BpreShuffle_256x256E,4127.21,1263.65,0.0
gfx950,256,32135,4608,4096,54,0,295.3015,_ZN5aiter42f4gemm_bf16_per1x32Fp4_BpreShuffle_256x256E,4107.85,1257.72,0.0
gfx950,256,32150,1280,4096,54,0,98.514,_ZN5aiter42f4gemm_bf16_per1x32Fp4_BpreShuffle_256x256E,3422.02,1530.43,0.0
gfx950,256,32150,4096,1024,45,0,117.6346,_ZN5aiter42f4gemm_bf16_per1x32Fp4_BpreShuffle_128x512E,2292.64,2396.67,0.0
gfx950,256,32193,1280,4096,54,0,99.8933,_ZN5aiter42f4gemm_bf16_per1x32Fp4_BpreShuffle_256x256E,3379.29,1511.28,0.0
gfx950,256,32193,4096,1024,36,0,117.6923,_ZN5aiter42f4gemm_bf16_per1x32Fp4_BpreShuffle_64x1024E,2294.58,2398.67,0.0
gfx950,256,32234,4608,4096,54,0,294.7824,_ZN5aiter42f4gemm_bf16_per1x32Fp4_BpreShuffle_256x256E,4127.77,1263.72,0.0
gfx950,256,32246,4608,4096,54,0,298.5429,_ZN5aiter42f4gemm_bf16_per1x32Fp4_BpreShuffle_256x256E,4077.29,1248.25,0.0
gfx950,256,32260,9216,4096,54,0,568.2537,_ZN5aiter42f4gemm_bf16_per1x32Fp4_BpreShuffle_256x256E,4286.02,1195.87,0.0
gfx950,256,32265,9216,4096,54,0,567.0305,_ZN5aiter42f4gemm_bf16_per1x32Fp4_BpreShuffle_256x256E,4295.93,1198.63,0.0
gfx950,256,32267,1280,4096,54,0,98.7172,_ZN5aiter42f4gemm_bf16_per1x32Fp4_BpreShuffle_256x256E,3427.41,1532.74,0.0
gfx950,256,32267,4096,1024,54,0,116.9954,_ZN5aiter42f4gemm_bf16_per1x32Fp4_BpreShuffle_256x256E,2313.55,2418.46,0.0
gfx950,256,32289,1280,4096,54,0,98.3444,_ZN5aiter42f4gemm_bf16_per1x32Fp4_BpreShuffle_256x256E,3442.75,1539.58,0.0
gfx950,256,32289,4096,1024,36,0,116.7313,_ZN5aiter42f4gemm_bf16_per1x32Fp4_BpreShuffle_64x1024E,2320.37,2425.58,0.0
gfx950,256,32292,2304,4096,54,0,166.9706,_ZN5aiter42f4gemm_bf16_per1x32Fp4_BpreShuffle_256x256E,3650.29,1315.53,0.0
gfx950,256,32292,4096,2048,45,0,166.9991,_ZN5aiter42f4gemm_bf16_per1x32Fp4_BpreShuffle_128x512E,3244.15,1807.18,0.0
gfx950,256,32382,1280,4096,54,0,99.948,_ZN5aiter42f4gemm_bf16_per1x32Fp4_BpreShuffle_256x256E,3397.27,1519.17,0.0
gfx950,256,32382,4096,1024,36,0,117.1934,_ZN5aiter42f4gemm_bf16_per1x32Fp4_BpreShuffle_64x1024E,2317.88,2422.92,0.0
gfx950,256,32412,4608,4096,54,0,296.1701,_ZN5aiter42f4gemm_bf16_per1x32Fp4_BpreShuffle_256x256E,4131.11,1264.56,0.0
gfx950,256,32414,1280,4096,54,0,97.8791,_ZN5aiter42f4gemm_bf16_per1x32Fp4_BpreShuffle_256x256E,3472.5,1552.78,0.0
gfx950,256,32414,4096,1024,54,0,118.6506,_ZN5aiter42f4gemm_bf16_per1x32Fp4_BpreShuffle_256x256E,2291.67,2395.51,0.0
gfx950,256,32439,9216,4096,54,0,571.0068,_ZN5aiter42f4gemm_bf16_per1x32Fp4_BpreShuffle_256x256E,4289.03,1196.53,0.0
gfx950,256,32514,4608,4096,54,0,293.8378,_ZN5aiter42f4gemm_bf16_per1x32Fp4_BpreShuffle_256x256E,4177.01,1278.51,0.0
gfx950,256,32520,1280,4096,54,0,102.2324,_ZN5aiter42f4gemm_bf16_per1x32Fp4_BpreShuffle_256x256E,3335.51,1491.44,0.0
gfx950,256,32520,4096,1024,36,0,117.3822,_ZN5aiter42f4gemm_bf16_per1x32Fp4_BpreShuffle_64x1024E,2324.01,2429.25,0.0
gfx950,256,32539,1280,4096,54,0,100.886,_ZN5aiter42f4gemm_bf16_per1x32Fp4_BpreShuffle_256x256E,3382.0,1512.21,0.0
gfx950,256,32539,4096,1024,54,0,117.9301,_ZN5aiter42f4gemm_bf16_per1x32Fp4_BpreShuffle_256x256E,2314.57,2419.37,0.0
gfx950,256,32560,1280,4096,54,0,100.1616,_ZN5aiter42f4gemm_bf16_per1x32Fp4_BpreShuffle_256x256E,3408.66,1524.12,0.0
gfx950,256,32560,4096,1024,36,0,117.7824,_ZN5aiter42f4gemm_bf16_per1x32Fp4_BpreShuffle_64x1024E,2318.96,2423.96,0.0
gfx950,256,32631,4608,4096,54,0,298.6559,_ZN5aiter42f4gemm_bf16_per1x32Fp4_BpreShuffle_256x256E,4124.41,1262.3,0.0
gfx950,256,32640,9216,4096,54,0,574.7704,_ZN5aiter42f4gemm_bf16_per1x32Fp4_BpreShuffle_256x256E,4287.34,1195.85,0.0
gfx950,256,32647,4608,4096,54,0,296.172,_ZN5aiter42f4gemm_bf16_per1x32Fp4_BpreShuffle_256x256E,4161.04,1273.49,0.0
gfx950,256,32652,1280,4096,54,0,101.1571,_ZN5aiter42f4gemm_bf16_per1x32Fp4_BpreShuffle_256x256E,3384.65,1513.31,0.0
gfx950,256,32652,4096,1024,36,0,117.0555,_ZN5aiter42f4gemm_bf16_per1x32Fp4_BpreShuffle_64x1024E,2339.96,2445.85,0.0
gfx950,256,32687,1280,4096,54,0,100.7596,_ZN5aiter42f4gemm_bf16_per1x32Fp4_BpreShuffle_256x256E,3401.64,1520.88,0.0
gfx950,256,32687,4096,1024,36,0,118.0018,_ZN5aiter42f4gemm_bf16_per1x32Fp4_BpreShuffle_64x1024E,2323.68,2428.82,0.0
gfx950,256,32710,1280,4096,54,0,101.2963,_ZN5aiter42f4gemm_bf16_per1x32Fp4_BpreShuffle_256x256E,3386.0,1513.87,0.0
gfx950,256,32710,4096,1024,54,0,117.6725,_ZN5aiter42f4gemm_bf16_per1x32Fp4_BpreShuffle_256x256E,2331.82,2437.32,0.0
gfx950,256,32764,1280,4096,54,0,99.9948,_ZN5aiter42f4gemm_bf16_per1x32Fp4_BpreShuffle_256x256E,3435.73,1536.06,0.0
gfx950,256,32764,4096,1024,54,0,119.0175,_ZN5aiter42f4gemm_bf16_per1x32Fp4_BpreShuffle_256x256E,2309.28,2413.72,0.0
gfx950,256,32768,1280,4096,54,0,99.5931,_ZN5aiter42f4gemm_bf16_per1x32Fp4_BpreShuffle_256x256E,3450.01,1542.44,0.0
gfx950,256,32768,2304,4096,48,0,168.9006,_ZN5aiter42f4gemm_bf16_per1x32Fp4_BpreShuffle_160x384E,3661.77,1319.25,0.0
gfx950,256,32768,4096,1024,36,0,115.5846,_ZN5aiter42f4gemm_bf16_per1x32Fp4_BpreShuffle_64x1024E,2378.15,2485.71,0.0
gfx950,256,32768,4096,2048,45,0,165.3772,_ZN5aiter42f4gemm_bf16_per1x32Fp4_BpreShuffle_128x512E,3324.25,1851.43,0.0
gfx950,256,32768,4608,4096,54,0,297.4926,_ZN5aiter42f4gemm_bf16_per1x32Fp4_BpreShuffle_256x256E,4157.92,1272.42,0.0
gfx950,256,32768,9216,4096,45,0,570.8406,_ZN5aiter42f4gemm_bf16_per1x32Fp4_BpreShuffle_128x512E,4333.79,1208.68,0.0
