"Kind","Agent_Id","Queue_Id","Stream_Id","Thread_Id","Dispatch_Id","Kernel_Id","Kernel_Name","Correlation_Id","Start_Timestamp","End_Timestamp","LDS_Block_Size","Scratch_Size","VGPR_Count","Accum_VGPR_Count","SGPR_Count","Workgroup_Size_X","Workgroup_Size_Y","Workgroup_Size_Z","Grid_Size_X","Grid_Size_Y","Grid_Size_Z"
"KERNEL_DISPATCH","Agent 2",1,0,120312,1,11,"__amd_rocclr_fillBufferAligned",1,462437308475230,462437308477230,0,0,8,0,48,256,1,1,256,1,1
"KERNEL_DISPATCH","Agent 2",1,0,120312,2,11,"__amd_rocclr_fillBufferAligned",2,462437308477230,462437308481030,0,0,8,0,48,256,1,1,256,1,1
"KERNEL_DISPATCH","Agent 2",1,0,120312,3,11,"__amd_rocclr_fillBufferAligned",3,462437314619170,462437314621650,0,0,8,0,48,256,1,1,256,1,1
"KERNEL_DISPATCH","Agent 2",1,0,120312,4,11,"__amd_rocclr_fillBufferAligned",4,462437314621650,462437314625450,0,0,8,0,48,256,1,1,256,1,1
"KERNEL_DISPATCH","Agent 2",1,0,120312,5,11,"__amd_rocclr_fillBufferAligned",5,462437321300195,462437321302595,0,0,8,0,48,256,1,1,256,1,1
"KERNEL_DISPATCH","Agent 2",1,0,120312,6,11,"__amd_rocclr_fillBufferAligned",6,462437321302595,462437321306675,0,0,8,0,48,256,1,1,256,1,1
"KERNEL_DISPATCH","Agent 2",1,0,120312,7,11,"__amd_rocclr_fillBufferAligned",7,462437327997060,462437327999460,0,0,8,0,48,256,1,1,256,1,1
"KERNEL_DISPATCH","Agent 2",1,0,120312,8,11,"__amd_rocclr_fillBufferAligned",8,462437327999460,462437328003300,0,0,8,0,48,256,1,1,256,1,1
"KERNEL_DISPATCH","Agent 2",1,0,120312,9,11,"__amd_rocclr_fillBufferAligned",9,462437335411332,462437335414332,0,0,8,0,48,256,1,1,256,1,1
"KERNEL_DISPATCH","Agent 2",1,0,120312,10,11,"__amd_rocclr_fillBufferAligned",10,462437335414332,462437335418133,0,0,8,0,48,256,1,1,256,1,1
"KERNEL_DISPATCH","Agent 2",1,0,120312,11,11,"__amd_rocclr_fillBufferAligned",11,462437342106718,462437342109438,0,0,8,0,48,256,1,1,256,1,1
"KERNEL_DISPATCH","Agent 2",1,0,120312,12,11,"__amd_rocclr_fillBufferAligned",12,462437342109438,462437342113238,0,0,8,0,48,256,1,1,256,1,1
"KERNEL_DISPATCH","Agent 2",1,0,120312,13,11,"__amd_rocclr_fillBufferAligned",13,462437348810063,462437348812583,0,0,8,0,48,256,1,1,256,1,1
"KERNEL_DISPATCH","Agent 2",1,0,120312,14,11,"__amd_rocclr_fillBufferAligned",14,462437348812583,462437348816423,0,0,8,0,48,256,1,1,256,1,1
"KERNEL_DISPATCH","Agent 2",1,0,120312,15,11,"__amd_rocclr_fillBufferAligned",15,462437355506290,462437355508770,0,0,8,0,48,256,1,1,256,1,1
"KERNEL_DISPATCH","Agent 2",1,0,120312,16,11,"__amd_rocclr_fillBufferAligned",16,462437355508770,462437355512610,0,0,8,0,48,256,1,1,256,1,1
"KERNEL_DISPATCH","Agent 2",1,0,120312,17,11,"__amd_rocclr_fillBufferAligned",17,462437362197595,462437362199795,0,0,8,0,48,256,1,1,256,1,1
"KERNEL_DISPATCH","Agent 2",1,0,120312,18,11,"__amd_rocclr_fillBufferAligned",18,462437362199795,462437362203675,0,0,8,0,48,256,1,1,256,1,1
"KERNEL_DISPATCH","Agent 2",1,0,120312,19,11,"__amd_rocclr_fillBufferAligned",19,462437368899860,462437368902100,0,0,8,0,48,256,1,1,256,1,1
"KERNEL_DISPATCH","Agent 2",1,0,120312,20,11,"__amd_rocclr_fillBufferAligned",20,462437368901984,462437368905784,0,0,8,0,48,256,1,1,256,1,1
"KERNEL_DISPATCH","Agent 2",1,0,120312,21,11,"__amd_rocclr_fillBufferAligned",21,462437376395613,462437376397773,0,0,8,0,48,256,1,1,256,1,1
"KERNEL_DISPATCH","Agent 2",1,0,120312,22,11,"__amd_rocclr_fillBufferAligned",22,462437376397773,462437376401573,0,0,8,0,48,256,1,1,256,1,1
"KERNEL_DISPATCH","Agent 2",1,0,120312,23,11,"__amd_rocclr_fillBufferAligned",23,462437383098918,462437383101038,0,0,8,0,48,256,1,1,256,1,1
"KERNEL_DISPATCH","Agent 2",1,0,120312,24,11,"__amd_rocclr_fillBufferAligned",24,462437383101038,462437383104878,0,0,8,0,48,256,1,1,256,1,1
"KERNEL_DISPATCH","Agent 2",1,0,120312,25,11,"__amd_rocclr_fillBufferAligned",25,462437389797024,462437389799144,0,0,8,0,48,256,1,1,256,1,1
"KERNEL_DISPATCH","Agent 2",1,0,120312,26,11,"__amd_rocclr_fillBufferAligned",26,462437389799066,462437389802826,0,0,8,0,48,256,1,1,256,1,1
"KERNEL_DISPATCH","Agent 2",1,0,120312,27,11,"__amd_rocclr_fillBufferAligned",27,462437396494689,462437396496929,0,0,8,0,48,256,1,1,256,1,1
"KERNEL_DISPATCH","Agent 2",1,0,120312,28,11,"__amd_rocclr_fillBufferAligned",28,462437396496929,462437396500729,0,0,8,0,48,256,1,1,256,1,1
"KERNEL_DISPATCH","Agent 2",1,0,120312,29,11,"__amd_rocclr_fillBufferAligned",29,462437403197594,462437403199874,0,0,8,0,48,256,1,1,256,1,1
"KERNEL_DISPATCH","Agent 2",1,0,120312,30,11,"__amd_rocclr_fillBufferAligned",30,462437403199869,462437403203669,0,0,8,0,48,256,1,1,256,1,1
"KERNEL_DISPATCH","Agent 2",1,0,120312,31,11,"__amd_rocclr_fillBufferAligned",31,462437409902300,462437409904540,0,0,8,0,48,256,1,1,256,1,1
"KERNEL_DISPATCH","Agent 2",1,0,120312,32,11,"__amd_rocclr_fillBufferAligned",32,462437409904521,462437409908281,0,0,8,0,48,256,1,1,256,1,1
"KERNEL_DISPATCH","Agent 2",1,0,120312,33,11,"__amd_rocclr_fillBufferAligned",33,462437581939146,462437589136382,0,0,8,0,48,256,1,1,65536,1,1
"KERNEL_DISPATCH","Agent 2",1,0,120312,34,6,"__amd_rocclr_copyBuffer",34,462437668388100,462437668392980,0,0,8,0,32,512,1,1,512,1,1
"KERNEL_DISPATCH","Agent 2",1,0,120312,35,6,"__amd_rocclr_copyBuffer",35,462437668540501,462437668543621,0,0,8,0,32,512,1,1,512,1,1
"KERNEL_DISPATCH","Agent 2",1,0,120312,36,6,"__amd_rocclr_copyBuffer",36,462437668577021,462437668580341,0,0,8,0,32,512,1,1,512,1,1
"KERNEL_DISPATCH","Agent 2",1,0,120312,37,6,"__amd_rocclr_copyBuffer",37,462437668610661,462437668613982,0,0,8,0,32,512,1,1,512,1,1
"KERNEL_DISPATCH","Agent 2",1,0,120312,38,6,"__amd_rocclr_copyBuffer",38,462437668649342,462437668652662,0,0,8,0,32,512,1,1,512,1,1
"KERNEL_DISPATCH","Agent 2",1,0,120312,39,6,"__amd_rocclr_copyBuffer",39,462437668689182,462437668692502,0,0,8,0,32,512,1,1,512,1,1
"KERNEL_DISPATCH","Agent 2",1,0,120312,40,11,"__amd_rocclr_fillBufferAligned",40,462437668722143,462437668723663,0,0,8,0,48,256,1,1,256,1,1
"KERNEL_DISPATCH","Agent 2",1,0,120312,41,6,"__amd_rocclr_copyBuffer",41,462437668757143,462437668761063,0,0,8,0,32,512,1,1,512,1,1
"KERNEL_DISPATCH","Agent 2",1,0,120312,42,6,"__amd_rocclr_copyBuffer",42,462437668790583,462437668793423,0,0,8,0,32,512,1,1,512,1,1
"KERNEL_DISPATCH","Agent 2",1,0,120312,43,6,"__amd_rocclr_copyBuffer",43,462437668823184,462437668827944,0,0,8,0,32,512,1,1,512,1,1
"KERNEL_DISPATCH","Agent 2",1,0,120312,44,6,"__amd_rocclr_copyBuffer",44,462437668861184,462437668864504,0,0,8,0,32,512,1,1,512,1,1
"KERNEL_DISPATCH","Agent 2",1,0,120312,45,11,"__amd_rocclr_fillBufferAligned",45,462437668886464,462437668888264,0,0,8,0,48,256,1,1,256,1,1
"KERNEL_DISPATCH","Agent 2",1,0,120312,46,6,"__amd_rocclr_copyBuffer",46,462437668902122,462437668905042,0,0,8,0,32,512,1,1,512,1,1
"KERNEL_DISPATCH","Agent 2",1,0,120312,47,12,"void at::native::(anonymous namespace)::distribution_elementwise_grid_stride_kernel<float, 4, at::native::templates::cuda::normal_and_transform<c10::BFloat16, float, at::CUDAGeneratorImpl*, at::native::templates::cuda::normal_kernel<at::CUDAGeneratorImpl*>(at::TensorBase const&, double, double, at::CUDAGeneratorImpl*)::{lambda()#1}::operator()() const::{lambda()#4}::operator()() const::{lambda(float)#1}>(at::TensorIteratorBase&, at::CUDAGeneratorImpl*, at::native::templates::cuda::normal_kernel<at::CUDAGeneratorImpl*>(at::TensorBase const&, double, double, at::CUDAGeneratorImpl*)::{lambda()#1}::operator()() const::{lambda()#4}::operator()() const::{lambda(float)#1})::{lambda(hiprandStatePhilox4_32_10*)#2}, at::native::(anonymous namespace)::distribution_nullary_kernel<c10::BFloat16, float, HIP_vector_type<float, 4u>, at::CUDAGeneratorImpl*, at::native::templates::cuda::normal_and_transform<c10::BFloat16, float, at::CUDAGeneratorImpl*, at::native::templates::cuda::normal_kernel<at::CUDAGeneratorImpl*>(at::TensorBase const&, double, double, at::CUDAGeneratorImpl*)::{lambda()#1}::operator()() const::{lambda()#4}::operator()() const::{lambda(float)#1}>(at::TensorIteratorBase&, at::CUDAGeneratorImpl*, at::native::templates::cuda::normal_kernel<at::CUDAGeneratorImpl*>(at::TensorBase const&, double, double, at::CUDAGeneratorImpl*)::{lambda()#1}::operator()() const::{lambda()#4}::operator()() const::{lambda(float)#1})::{lambda(hiprandStatePhilox4_32_10*)#2}, at::native::templates::cuda::normal_kernel<at::CUDAGeneratorImpl*>(at::TensorBase const&, double, double, at::CUDAGeneratorImpl*)::{lambda()#1}::operator()() const::{lambda()#4}::operator()() const::{lambda(float)#1}>(at::TensorIteratorBase&, at::CUDAGeneratorImpl*, at::native::templates::cuda::normal_and_transform<c10::BFloat16, float, at::CUDAGeneratorImpl*, at::native::templates::cuda::normal_kernel<at::CUDAGeneratorImpl*>(at::TensorBase const&, double, double, at::CUDAGeneratorImpl*)::{lambda()#1}::operator()() const::{lambda()#4}::operator()() const::{lambda(float)#1}>(at::TensorIteratorBase&, at::CUDAGeneratorImpl*, at::native::templates::cuda::normal_kernel<at::CUDAGeneratorImpl*>(at::TensorBase const&, double, double, at::CUDAGeneratorImpl*)::{lambda()#1}::operator()() const::{lambda()#4}::operator()() const::{lambda(float)#1})::{lambda(hiprandStatePhilox4_32_10*)#2} const&, at::native::templates::cuda::normal_kernel<at::CUDAGeneratorImpl*>(at::TensorBase const&, double, double, at::CUDAGeneratorImpl*)::{lambda()#1}::operator()() const::{lambda()#4}::operator()() const::{lambda(float)#1})::{lambda(int, float)#1}>(long, at::PhiloxCudaState, at::native::templates::cuda::normal_and_transform<c10::BFloat16, float, at::CUDAGeneratorImpl*, at::native::templates::cuda::normal_kernel<at::CUDAGeneratorImpl*>(at::TensorBase const&, double, double, at::CUDAGeneratorImpl*)::{lambda()#1}::operator()() const::{lambda()#4}::operator()() const::{lambda(float)#1}>(at::TensorIteratorBase&, at::CUDAGeneratorImpl*, at::native::templates::cuda::normal_kernel<at::CUDAGeneratorImpl*>(at::TensorBase const&, double, double, at::CUDAGeneratorImpl*)::{lambda()#1}::operator()() const::{lambda()#4}::operator()() const::{lambda(float)#1})::{lambda(hiprandStatePhilox4_32_10*)#2}, at::native::(anonymous namespace)::distribution_nullary_kernel<c10::BFloat16, float, HIP_vector_type<float, 4u>, at::CUDAGeneratorImpl*, at::native::templates::cuda::normal_and_transform<c10::BFloat16, float, at::CUDAGeneratorImpl*, at::native::templates::cuda::normal_kernel<at::CUDAGeneratorImpl*>(at::TensorBase const&, double, double, at::CUDAGeneratorImpl*)::{lambda()#1}::operator()() const::{lambda()#4}::operator()() const::{lambda(float)#1}>(at::TensorIteratorBase&, at::CUDAGeneratorImpl*, at::native::templates::cuda::normal_kernel<at::CUDAGeneratorImpl*>(at::TensorBase const&, double, double, at::CUDAGeneratorImpl*)::{lambda()#1}::operator()() const::{lambda()#4}::operator()() const::{lambda(float)#1})::{lambda(hiprandStatePhilox4_32_10*)#2}, at::native::templates::cuda::normal_kernel<at::CUDAGeneratorImpl*>(at::TensorBase const&, double, double, at::CUDAGeneratorImpl*)::{lambda()#1}::operator()() const::{lambda()#4}::operator()() const::{lambda(float)#1}>(at::TensorIteratorBase&, at::CUDAGeneratorImpl*, at::native::templates::cuda::normal_and_transform<c10::BFloat16, float, at::CUDAGeneratorImpl*, at::native::templates::cuda::normal_kernel<at::CUDAGeneratorImpl*>(at::TensorBase const&, double, double, at::CUDAGeneratorImpl*)::{lambda()#1}::operator()() const::{lambda()#4}::operator()() const::{lambda(float)#1}>(at::TensorIteratorBase&, at::CUDAGeneratorImpl*, at::native::templates::cuda::normal_kernel<at::CUDAGeneratorImpl*>(at::TensorBase const&, double, double, at::CUDAGeneratorImpl*)::{lambda()#1}::operator()() const::{lambda()#4}::operator()() const::{lambda(float)#1})::{lambda(hiprandStatePhilox4_32_10*)#2} const&, at::native::templates::cuda::normal_kernel<at::CUDAGeneratorImpl*>(at::TensorBase const&, double, double, at::CUDAGeneratorImpl*)::{lambda()#1}::operator()() const::{lambda()#4}::operator()() const::{lambda(float)#1})::{lambda(int, float)#1})",47,462437694312912,462437694320673,0,0,32,0,48,256,1,1,458752,1,1
"KERNEL_DISPATCH","Agent 2",1,0,120312,48,60,"void (anonymous namespace)::elementwise_kernel_with_index<int, at::native::arange_cuda_out(c10::Scalar const&, c10::Scalar const&, c10::Scalar const&, at::Tensor&)::{lambda()#1}::operator()() const::{lambda()#4}::operator()() const::{lambda(long)#1}>(int, at::native::arange_cuda_out(c10::Scalar const&, c10::Scalar const&, c10::Scalar const&, at::Tensor&)::{lambda()#1}::operator()() const::{lambda()#4}::operator()() const::{lambda(long)#1}, function_traits<at::native::arange_cuda_out(c10::Scalar const&, c10::Scalar const&, c10::Scalar const&, at::Tensor&)::{lambda()#1}::operator()() const::{lambda()#4}::operator()() const::{lambda(long)#1}>::result_type*)",48,462437712005015,462437712007055,0,0,4,0,16,128,1,1,128,1,1
"KERNEL_DISPATCH","Agent 2",1,0,120312,49,400,"void at::native::vectorized_elementwise_kernel<4, at::native::CUDAFunctorOnSelf_add<long>, std::array<char*, 2ul> >(int, at::native::CUDAFunctorOnSelf_add<long>, std::array<char*, 2ul>)",49,462437752663988,462437752665868,0,0,8,0,32,256,1,1,256,1,1
"KERNEL_DISPATCH","Agent 2",1,0,120312,50,60,"void (anonymous namespace)::elementwise_kernel_with_index<int, at::native::arange_cuda_out(c10::Scalar const&, c10::Scalar const&, c10::Scalar const&, at::Tensor&)::{lambda()#1}::operator()() const::{lambda()#4}::operator()() const::{lambda(long)#1}>(int, at::native::arange_cuda_out(c10::Scalar const&, c10::Scalar const&, c10::Scalar const&, at::Tensor&)::{lambda()#1}::operator()() const::{lambda()#4}::operator()() const::{lambda(long)#1}, function_traits<at::native::arange_cuda_out(c10::Scalar const&, c10::Scalar const&, c10::Scalar const&, at::Tensor&)::{lambda()#1}::operator()() const::{lambda()#4}::operator()() const::{lambda(long)#1}>::result_type*)",50,462437752873589,462437752875589,0,0,4,0,16,128,1,1,128,1,1
"KERNEL_DISPATCH","Agent 2",1,0,120312,51,585,"void at::native::vectorized_elementwise_kernel<4, at::native::BUnaryFunctor<long, long, long, at::native::remainder_kernel_cuda(at::TensorIteratorBase&)::{lambda()#1}::operator()() const::{lambda()#4}::operator()() const::{lambda(long, long)#1}>, std::array<char*, 2ul> >(int, at::native::BUnaryFunctor<long, long, long, at::native::remainder_kernel_cuda(at::TensorIteratorBase&)::{lambda()#1}::operator()() const::{lambda()#4}::operator()() const::{lambda(long, long)#1}>, std::array<char*, 2ul>)",51,462437816574614,462437816577294,0,0,12,0,32,256,1,1,256,1,1
"KERNEL_DISPATCH","Agent 2",1,0,120312,52,958,"void at::native::vectorized_elementwise_kernel<4, at::native::BUnaryFunctor<long, long, long, at::native::binary_internal::div_floor_kernel_cuda(at::TensorIteratorBase&)::{lambda()#1}::operator()() const::{lambda()#4}::operator()() const::{lambda(long, long)#1}>, std::array<char*, 2ul> >(int, at::native::BUnaryFunctor<long, long, long, at::native::binary_internal::div_floor_kernel_cuda(at::TensorIteratorBase&)::{lambda()#1}::operator()() const::{lambda()#4}::operator()() const::{lambda(long, long)#1}>, std::array<char*, 2ul>)",52,462437846209752,462437846212352,0,0,16,0,32,256,1,1,256,1,1
"KERNEL_DISPATCH","Agent 2",1,0,120312,53,161,"void at::native::elementwise_kernel_manual_unroll<128, 4, at::native::gpu_kernel_impl_nocast<at::native::CUDAFunctor_add<long> >(at::TensorIteratorBase&, at::native::CUDAFunctor_add<long> const&)::{lambda(int, bool)#1}>(int, at::native::gpu_kernel_impl_nocast<at::native::CUDAFunctor_add<long> >(at::TensorIteratorBase&, at::native::CUDAFunctor_add<long> const&)::{lambda(int, bool)#1})",53,462437846413354,462437846417234,0,0,20,0,80,128,1,1,512,1,1
"KERNEL_DISPATCH","Agent 2",1,0,120312,54,585,"void at::native::vectorized_elementwise_kernel<4, at::native::BUnaryFunctor<long, long, long, at::native::remainder_kernel_cuda(at::TensorIteratorBase&)::{lambda()#1}::operator()() const::{lambda()#4}::operator()() const::{lambda(long, long)#1}>, std::array<char*, 2ul> >(int, at::native::BUnaryFunctor<long, long, long, at::native::remainder_kernel_cuda(at::TensorIteratorBase&)::{lambda()#1}::operator()() const::{lambda()#4}::operator()() const::{lambda(long, long)#1}>, std::array<char*, 2ul>)",54,462437846446914,462437846449554,0,0,12,0,32,256,1,1,512,1,1
"KERNEL_DISPATCH","Agent 2",1,0,120312,55,1273,"void at::native::vectorized_elementwise_kernel<4, at::native::AUnaryFunctor<long, long, long, at::native::binary_internal::MulFunctor<long> >, std::array<char*, 2ul> >(int, at::native::AUnaryFunctor<long, long, long, at::native::binary_internal::MulFunctor<long> >, std::array<char*, 2ul>)",55,462437861600842,462437861602842,0,0,16,0,32,256,1,1,256,1,1
"KERNEL_DISPATCH","Agent 2",1,0,120312,56,161,"void at::native::elementwise_kernel_manual_unroll<128, 4, at::native::gpu_kernel_impl_nocast<at::native::CUDAFunctor_add<long> >(at::TensorIteratorBase&, at::native::CUDAFunctor_add<long> const&)::{lambda(int, bool)#1}>(int, at::native::gpu_kernel_impl_nocast<at::native::CUDAFunctor_add<long> >(at::TensorIteratorBase&, at::native::CUDAFunctor_add<long> const&)::{lambda(int, bool)#1})",56,462437861707763,462437861711803,0,0,20,0,80,128,1,1,512,1,1
"KERNEL_DISPATCH","Agent 2",1,0,120312,57,585,"void at::native::vectorized_elementwise_kernel<4, at::native::BUnaryFunctor<long, long, long, at::native::remainder_kernel_cuda(at::TensorIteratorBase&)::{lambda()#1}::operator()() const::{lambda()#4}::operator()() const::{lambda(long, long)#1}>, std::array<char*, 2ul> >(int, at::native::BUnaryFunctor<long, long, long, at::native::remainder_kernel_cuda(at::TensorIteratorBase&)::{lambda()#1}::operator()() const::{lambda()#4}::operator()() const::{lambda(long, long)#1}>, std::array<char*, 2ul>)",57,462437861744883,462437861747683,0,0,12,0,32,256,1,1,512,1,1
"KERNEL_DISPATCH","Agent 2",1,0,120312,58,1273,"void at::native::vectorized_elementwise_kernel<4, at::native::AUnaryFunctor<long, long, long, at::native::binary_internal::MulFunctor<long> >, std::array<char*, 2ul> >(int, at::native::AUnaryFunctor<long, long, long, at::native::binary_internal::MulFunctor<long> >, std::array<char*, 2ul>)",58,462437861781164,462437861782764,0,0,16,0,32,256,1,1,256,1,1
"KERNEL_DISPATCH","Agent 2",1,0,120312,59,1273,"void at::native::vectorized_elementwise_kernel<4, at::native::AUnaryFunctor<long, long, long, at::native::binary_internal::MulFunctor<long> >, std::array<char*, 2ul> >(int, at::native::AUnaryFunctor<long, long, long, at::native::binary_internal::MulFunctor<long> >, std::array<char*, 2ul>)",59,462437861792924,462437861794844,0,0,16,0,32,256,1,1,512,1,1
"KERNEL_DISPATCH","Agent 2",1,0,120312,60,161,"void at::native::elementwise_kernel_manual_unroll<128, 4, at::native::gpu_kernel_impl_nocast<at::native::CUDAFunctor_add<long> >(at::TensorIteratorBase&, at::native::CUDAFunctor_add<long> const&)::{lambda(int, bool)#1}>(int, at::native::gpu_kernel_impl_nocast<at::native::CUDAFunctor_add<long> >(at::TensorIteratorBase&, at::native::CUDAFunctor_add<long> const&)::{lambda(int, bool)#1})",60,462437861801204,462437861804244,0,0,20,0,80,128,1,1,512,1,1
"KERNEL_DISPATCH","Agent 2",1,0,120312,61,175,"void at::native::vectorized_elementwise_kernel<4, at::native::CUDAFunctor_add<long>, std::array<char*, 3ul> >(int, at::native::CUDAFunctor_add<long>, std::array<char*, 3ul>)",61,462437861815124,462437861816964,0,0,12,0,32,256,1,1,512,1,1
"KERNEL_DISPATCH","Agent 2",1,0,120312,62,1744,"void at::native::elementwise_kernel_manual_unroll<128, 4, at::native::gpu_kernel_impl<at::native::direct_copy_kernel_cuda(at::TensorIteratorBase&)::{lambda()#3}::operator()() const::{lambda()#3}::operator()() const::{lambda(int)#1}>(at::TensorIteratorBase&, at::native::direct_copy_kernel_cuda(at::TensorIteratorBase&)::{lambda()#3}::operator()() const::{lambda()#3}::operator()() const::{lambda(int)#1} const&)::{lambda(int, bool)#1}>(int, at::native::gpu_kernel_impl<at::native::direct_copy_kernel_cuda(at::TensorIteratorBase&)::{lambda()#3}::operator()() const::{lambda()#3}::operator()() const::{lambda(int)#1}>(at::TensorIteratorBase&, at::native::direct_copy_kernel_cuda(at::TensorIteratorBase&)::{lambda()#3}::operator()() const::{lambda()#3}::operator()() const::{lambda(int)#1} const&)::{lambda(int, bool)#1})",62,462437885099296,462437885104776,0,0,8,0,64,128,1,1,512,1,1
"KERNEL_DISPATCH","Agent 2",1,0,120312,63,1764,"void at::native::(anonymous namespace)::distribution_elementwise_grid_stride_kernel<float, 4, at::native::templates::cuda::uniform_and_transform<float, float, at::CUDAGeneratorImpl*, at::native::templates::cuda::uniform_kernel<at::CUDAGeneratorImpl*>(at::TensorIteratorBase&, double, double, at::CUDAGeneratorImpl*)::{lambda()#1}::operator()() const::{lambda()#2}::operator()() const::{lambda(float)#1}>(at::TensorIteratorBase&, at::CUDAGeneratorImpl*, at::native::templates::cuda::uniform_kernel<at::CUDAGeneratorImpl*>(at::TensorIteratorBase&, double, double, at::CUDAGeneratorImpl*)::{lambda()#1}::operator()() const::{lambda()#2}::operator()() const::{lambda(float)#1})::{lambda(hiprandStatePhilox4_32_10*)#2}, at::native::(anonymous namespace)::distribution_nullary_kernel<float, float, HIP_vector_type<float, 4u>, at::CUDAGeneratorImpl*, at::native::templates::cuda::uniform_and_transform<float, float, at::CUDAGeneratorImpl*, at::native::templates::cuda::uniform_kernel<at::CUDAGeneratorImpl*>(at::TensorIteratorBase&, double, double, at::CUDAGeneratorImpl*)::{lambda()#1}::operator()() const::{lambda()#2}::operator()() const::{lambda(float)#1}>(at::TensorIteratorBase&, at::CUDAGeneratorImpl*, at::native::templates::cuda::uniform_kernel<at::CUDAGeneratorImpl*>(at::TensorIteratorBase&, double, double, at::CUDAGeneratorImpl*)::{lambda()#1}::operator()() const::{lambda()#2}::operator()() const::{lambda(float)#1})::{lambda(hiprandStatePhilox4_32_10*)#2}, at::native::templates::cuda::uniform_kernel<at::CUDAGeneratorImpl*>(at::TensorIteratorBase&, double, double, at::CUDAGeneratorImpl*)::{lambda()#1}::operator()() const::{lambda()#2}::operator()() const::{lambda(float)#1}>(at::TensorIteratorBase&, at::CUDAGeneratorImpl*, at::native::templates::cuda::uniform_and_transform<float, float, at::CUDAGeneratorImpl*, at::native::templates::cuda::uniform_kernel<at::CUDAGeneratorImpl*>(at::TensorIteratorBase&, double, double, at::CUDAGeneratorImpl*)::{lambda()#1}::operator()() const::{lambda()#2}::operator()() const::{lambda(float)#1}>(at::TensorIteratorBase&, at::CUDAGeneratorImpl*, at::native::templates::cuda::uniform_kernel<at::CUDAGeneratorImpl*>(at::TensorIteratorBase&, double, double, at::CUDAGeneratorImpl*)::{lambda()#1}::operator()() const::{lambda()#2}::operator()() const::{lambda(float)#1})::{lambda(hiprandStatePhilox4_32_10*)#2} const&, at::native::templates::cuda::uniform_kernel<at::CUDAGeneratorImpl*>(at::TensorIteratorBase&, double, double, at::CUDAGeneratorImpl*)::{lambda()#1}::operator()() const::{lambda()#2}::operator()() const::{lambda(float)#1})::{lambda(int, float)#1}>(long, at::PhiloxCudaState, at::native::templates::cuda::uniform_and_transform<float, float, at::CUDAGeneratorImpl*, at::native::templates::cuda::uniform_kernel<at::CUDAGeneratorImpl*>(at::TensorIteratorBase&, double, double, at::CUDAGeneratorImpl*)::{lambda()#1}::operator()() const::{lambda()#2}::operator()() const::{lambda(float)#1}>(at::TensorIteratorBase&, at::CUDAGeneratorImpl*, at::native::templates::cuda::uniform_kernel<at::CUDAGeneratorImpl*>(at::TensorIteratorBase&, double, double, at::CUDAGeneratorImpl*)::{lambda()#1}::operator()() const::{lambda()#2}::operator()() const::{lambda(float)#1})::{lambda(hiprandStatePhilox4_32_10*)#2}, at::native::(anonymous namespace)::distribution_nullary_kernel<float, float, HIP_vector_type<float, 4u>, at::CUDAGeneratorImpl*, at::native::templates::cuda::uniform_and_transform<float, float, at::CUDAGeneratorImpl*, at::native::templates::cuda::uniform_kernel<at::CUDAGeneratorImpl*>(at::TensorIteratorBase&, double, double, at::CUDAGeneratorImpl*)::{lambda()#1}::operator()() const::{lambda()#2}::operator()() const::{lambda(float)#1}>(at::TensorIteratorBase&, at::CUDAGeneratorImpl*, at::native::templates::cuda::uniform_kernel<at::CUDAGeneratorImpl*>(at::TensorIteratorBase&, double, double, at::CUDAGeneratorImpl*)::{lambda()#1}::operator()() const::{lambda()#2}::operator()() const::{lambda(float)#1})::{lambda(hiprandStatePhilox4_32_10*)#2}, at::native::templates::cuda::uniform_kernel<at::CUDAGeneratorImpl*>(at::TensorIteratorBase&, double, double, at::CUDAGeneratorImpl*)::{lambda()#1}::operator()() const::{lambda()#2}::operator()() const::{lambda(float)#1}>(at::TensorIteratorBase&, at::CUDAGeneratorImpl*, at::native::templates::cuda::uniform_and_transform<float, float, at::CUDAGeneratorImpl*, at::native::templates::cuda::uniform_kernel<at::CUDAGeneratorImpl*>(at::TensorIteratorBase&, double, double, at::CUDAGeneratorImpl*)::{lambda()#1}::operator()() const::{lambda()#2}::operator()() const::{lambda(float)#1}>(at::TensorIteratorBase&, at::CUDAGeneratorImpl*, at::native::templates::cuda::uniform_kernel<at::CUDAGeneratorImpl*>(at::TensorIteratorBase&, double, double, at::CUDAGeneratorImpl*)::{lambda()#1}::operator()() const::{lambda()#2}::operator()() const::{lambda(float)#1})::{lambda(hiprandStatePhilox4_32_10*)#2} const&, at::native::templates::cuda::uniform_kernel<at::CUDAGeneratorImpl*>(at::TensorIteratorBase&, double, double, at::CUDAGeneratorImpl*)::{lambda()#1}::operator()() const::{lambda()#2}::operator()() const::{lambda(float)#1})::{lambda(int, float)#1})",63,462437891501568,462437891506008,0,0,32,0,48,256,1,1,2048,1,1
"KERNEL_DISPATCH","Agent 2",1,0,120312,64,2241,"void (anonymous namespace)::softmax_warp_forward<float, float, float, 4, false, false>(float*, float const*, int, int, int, bool const*, int, bool)",64,462437913302750,462437913307790,0,0,8,0,32,16,8,1,128,8,1
"KERNEL_DISPATCH","Agent 2",1,0,120312,65,12,"void at::native::(anonymous namespace)::distribution_elementwise_grid_stride_kernel<float, 4, at::native::templates::cuda::normal_and_transform<c10::BFloat16, float, at::CUDAGeneratorImpl*, at::native::templates::cuda::normal_kernel<at::CUDAGeneratorImpl*>(at::TensorBase const&, double, double, at::CUDAGeneratorImpl*)::{lambda()#1}::operator()() const::{lambda()#4}::operator()() const::{lambda(float)#1}>(at::TensorIteratorBase&, at::CUDAGeneratorImpl*, at::native::templates::cuda::normal_kernel<at::CUDAGeneratorImpl*>(at::TensorBase const&, double, double, at::CUDAGeneratorImpl*)::{lambda()#1}::operator()() const::{lambda()#4}::operator()() const::{lambda(float)#1})::{lambda(hiprandStatePhilox4_32_10*)#2}, at::native::(anonymous namespace)::distribution_nullary_kernel<c10::BFloat16, float, HIP_vector_type<float, 4u>, at::CUDAGeneratorImpl*, at::native::templates::cuda::normal_and_transform<c10::BFloat16, float, at::CUDAGeneratorImpl*, at::native::templates::cuda::normal_kernel<at::CUDAGeneratorImpl*>(at::TensorBase const&, double, double, at::CUDAGeneratorImpl*)::{lambda()#1}::operator()() const::{lambda()#4}::operator()() const::{lambda(float)#1}>(at::TensorIteratorBase&, at::CUDAGeneratorImpl*, at::native::templates::cuda::normal_kernel<at::CUDAGeneratorImpl*>(at::TensorBase const&, double, double, at::CUDAGeneratorImpl*)::{lambda()#1}::operator()() const::{lambda()#4}::operator()() const::{lambda(float)#1})::{lambda(hiprandStatePhilox4_32_10*)#2}, at::native::templates::cuda::normal_kernel<at::CUDAGeneratorImpl*>(at::TensorBase const&, double, double, at::CUDAGeneratorImpl*)::{lambda()#1}::operator()() const::{lambda()#4}::operator()() const::{lambda(float)#1}>(at::TensorIteratorBase&, at::CUDAGeneratorImpl*, at::native::templates::cuda::normal_and_transform<c10::BFloat16, float, at::CUDAGeneratorImpl*, at::native::templates::cuda::normal_kernel<at::CUDAGeneratorImpl*>(at::TensorBase const&, double, double, at::CUDAGeneratorImpl*)::{lambda()#1}::operator()() const::{lambda()#4}::operator()() const::{lambda(float)#1}>(at::TensorIteratorBase&, at::CUDAGeneratorImpl*, at::native::templates::cuda::normal_kernel<at::CUDAGeneratorImpl*>(at::TensorBase const&, double, double, at::CUDAGeneratorImpl*)::{lambda()#1}::operator()() const::{lambda()#4}::operator()() const::{lambda(float)#1})::{lambda(hiprandStatePhilox4_32_10*)#2} const&, at::native::templates::cuda::normal_kernel<at::CUDAGeneratorImpl*>(at::TensorBase const&, double, double, at::CUDAGeneratorImpl*)::{lambda()#1}::operator()() const::{lambda()#4}::operator()() const::{lambda(float)#1})::{lambda(int, float)#1}>(long, at::PhiloxCudaState, at::native::templates::cuda::normal_and_transform<c10::BFloat16, float, at::CUDAGeneratorImpl*, at::native::templates::cuda::normal_kernel<at::CUDAGeneratorImpl*>(at::TensorBase const&, double, double, at::CUDAGeneratorImpl*)::{lambda()#1}::operator()() const::{lambda()#4}::operator()() const::{lambda(float)#1}>(at::TensorIteratorBase&, at::CUDAGeneratorImpl*, at::native::templates::cuda::normal_kernel<at::CUDAGeneratorImpl*>(at::TensorBase const&, double, double, at::CUDAGeneratorImpl*)::{lambda()#1}::operator()() const::{lambda()#4}::operator()() const::{lambda(float)#1})::{lambda(hiprandStatePhilox4_32_10*)#2}, at::native::(anonymous namespace)::distribution_nullary_kernel<c10::BFloat16, float, HIP_vector_type<float, 4u>, at::CUDAGeneratorImpl*, at::native::templates::cuda::normal_and_transform<c10::BFloat16, float, at::CUDAGeneratorImpl*, at::native::templates::cuda::normal_kernel<at::CUDAGeneratorImpl*>(at::TensorBase const&, double, double, at::CUDAGeneratorImpl*)::{lambda()#1}::operator()() const::{lambda()#4}::operator()() const::{lambda(float)#1}>(at::TensorIteratorBase&, at::CUDAGeneratorImpl*, at::native::templates::cuda::normal_kernel<at::CUDAGeneratorImpl*>(at::TensorBase const&, double, double, at::CUDAGeneratorImpl*)::{lambda()#1}::operator()() const::{lambda()#4}::operator()() const::{lambda(float)#1})::{lambda(hiprandStatePhilox4_32_10*)#2}, at::native::templates::cuda::normal_kernel<at::CUDAGeneratorImpl*>(at::TensorBase const&, double, double, at::CUDAGeneratorImpl*)::{lambda()#1}::operator()() const::{lambda()#4}::operator()() const::{lambda(float)#1}>(at::TensorIteratorBase&, at::CUDAGeneratorImpl*, at::native::templates::cuda::normal_and_transform<c10::BFloat16, float, at::CUDAGeneratorImpl*, at::native::templates::cuda::normal_kernel<at::CUDAGeneratorImpl*>(at::TensorBase const&, double, double, at::CUDAGeneratorImpl*)::{lambda()#1}::operator()() const::{lambda()#4}::operator()() const::{lambda(float)#1}>(at::TensorIteratorBase&, at::CUDAGeneratorImpl*, at::native::templates::cuda::normal_kernel<at::CUDAGeneratorImpl*>(at::TensorBase const&, double, double, at::CUDAGeneratorImpl*)::{lambda()#1}::operator()() const::{lambda()#4}::operator()() const::{lambda(float)#1})::{lambda(hiprandStatePhilox4_32_10*)#2} const&, at::native::templates::cuda::normal_kernel<at::CUDAGeneratorImpl*>(at::TensorBase const&, double, double, at::CUDAGeneratorImpl*)::{lambda()#1}::operator()() const::{lambda()#4}::operator()() const::{lambda(float)#1})::{lambda(int, float)#1})",65,462437916330820,462437917176628,0,0,32,0,48,256,1,1,524288,1,1
"KERNEL_DISPATCH","Agent 2",1,0,120312,66,12,"void at::native::(anonymous namespace)::distribution_elementwise_grid_stride_kernel<float, 4, at::native::templates::cuda::normal_and_transform<c10::BFloat16, float, at::CUDAGeneratorImpl*, at::native::templates::cuda::normal_kernel<at::CUDAGeneratorImpl*>(at::TensorBase const&, double, double, at::CUDAGeneratorImpl*)::{lambda()#1}::operator()() const::{lambda()#4}::operator()() const::{lambda(float)#1}>(at::TensorIteratorBase&, at::CUDAGeneratorImpl*, at::native::templates::cuda::normal_kernel<at::CUDAGeneratorImpl*>(at::TensorBase const&, double, double, at::CUDAGeneratorImpl*)::{lambda()#1}::operator()() const::{lambda()#4}::operator()() const::{lambda(float)#1})::{lambda(hiprandStatePhilox4_32_10*)#2}, at::native::(anonymous namespace)::distribution_nullary_kernel<c10::BFloat16, float, HIP_vector_type<float, 4u>, at::CUDAGeneratorImpl*, at::native::templates::cuda::normal_and_transform<c10::BFloat16, float, at::CUDAGeneratorImpl*, at::native::templates::cuda::normal_kernel<at::CUDAGeneratorImpl*>(at::TensorBase const&, double, double, at::CUDAGeneratorImpl*)::{lambda()#1}::operator()() const::{lambda()#4}::operator()() const::{lambda(float)#1}>(at::TensorIteratorBase&, at::CUDAGeneratorImpl*, at::native::templates::cuda::normal_kernel<at::CUDAGeneratorImpl*>(at::TensorBase const&, double, double, at::CUDAGeneratorImpl*)::{lambda()#1}::operator()() const::{lambda()#4}::operator()() const::{lambda(float)#1})::{lambda(hiprandStatePhilox4_32_10*)#2}, at::native::templates::cuda::normal_kernel<at::CUDAGeneratorImpl*>(at::TensorBase const&, double, double, at::CUDAGeneratorImpl*)::{lambda()#1}::operator()() const::{lambda()#4}::operator()() const::{lambda(float)#1}>(at::TensorIteratorBase&, at::CUDAGeneratorImpl*, at::native::templates::cuda::normal_and_transform<c10::BFloat16, float, at::CUDAGeneratorImpl*, at::native::templates::cuda::normal_kernel<at::CUDAGeneratorImpl*>(at::TensorBase const&, double, double, at::CUDAGeneratorImpl*)::{lambda()#1}::operator()() const::{lambda()#4}::operator()() const::{lambda(float)#1}>(at::TensorIteratorBase&, at::CUDAGeneratorImpl*, at::native::templates::cuda::normal_kernel<at::CUDAGeneratorImpl*>(at::TensorBase const&, double, double, at::CUDAGeneratorImpl*)::{lambda()#1}::operator()() const::{lambda()#4}::operator()() const::{lambda(float)#1})::{lambda(hiprandStatePhilox4_32_10*)#2} const&, at::native::templates::cuda::normal_kernel<at::CUDAGeneratorImpl*>(at::TensorBase const&, double, double, at::CUDAGeneratorImpl*)::{lambda()#1}::operator()() const::{lambda()#4}::operator()() const::{lambda(float)#1})::{lambda(int, float)#1}>(long, at::PhiloxCudaState, at::native::templates::cuda::normal_and_transform<c10::BFloat16, float, at::CUDAGeneratorImpl*, at::native::templates::cuda::normal_kernel<at::CUDAGeneratorImpl*>(at::TensorBase const&, double, double, at::CUDAGeneratorImpl*)::{lambda()#1}::operator()() const::{lambda()#4}::operator()() const::{lambda(float)#1}>(at::TensorIteratorBase&, at::CUDAGeneratorImpl*, at::native::templates::cuda::normal_kernel<at::CUDAGeneratorImpl*>(at::TensorBase const&, double, double, at::CUDAGeneratorImpl*)::{lambda()#1}::operator()() const::{lambda()#4}::operator()() const::{lambda(float)#1})::{lambda(hiprandStatePhilox4_32_10*)#2}, at::native::(anonymous namespace)::distribution_nullary_kernel<c10::BFloat16, float, HIP_vector_type<float, 4u>, at::CUDAGeneratorImpl*, at::native::templates::cuda::normal_and_transform<c10::BFloat16, float, at::CUDAGeneratorImpl*, at::native::templates::cuda::normal_kernel<at::CUDAGeneratorImpl*>(at::TensorBase const&, double, double, at::CUDAGeneratorImpl*)::{lambda()#1}::operator()() const::{lambda()#4}::operator()() const::{lambda(float)#1}>(at::TensorIteratorBase&, at::CUDAGeneratorImpl*, at::native::templates::cuda::normal_kernel<at::CUDAGeneratorImpl*>(at::TensorBase const&, double, double, at::CUDAGeneratorImpl*)::{lambda()#1}::operator()() const::{lambda()#4}::operator()() const::{lambda(float)#1})::{lambda(hiprandStatePhilox4_32_10*)#2}, at::native::templates::cuda::normal_kernel<at::CUDAGeneratorImpl*>(at::TensorBase const&, double, double, at::CUDAGeneratorImpl*)::{lambda()#1}::operator()() const::{lambda()#4}::operator()() const::{lambda(float)#1}>(at::TensorIteratorBase&, at::CUDAGeneratorImpl*, at::native::templates::cuda::normal_and_transform<c10::BFloat16, float, at::CUDAGeneratorImpl*, at::native::templates::cuda::normal_kernel<at::CUDAGeneratorImpl*>(at::TensorBase const&, double, double, at::CUDAGeneratorImpl*)::{lambda()#1}::operator()() const::{lambda()#4}::operator()() const::{lambda(float)#1}>(at::TensorIteratorBase&, at::CUDAGeneratorImpl*, at::native::templates::cuda::normal_kernel<at::CUDAGeneratorImpl*>(at::TensorBase const&, double, double, at::CUDAGeneratorImpl*)::{lambda()#1}::operator()() const::{lambda()#4}::operator()() const::{lambda(float)#1})::{lambda(hiprandStatePhilox4_32_10*)#2} const&, at::native::templates::cuda::normal_kernel<at::CUDAGeneratorImpl*>(at::TensorBase const&, double, double, at::CUDAGeneratorImpl*)::{lambda()#1}::operator()() const::{lambda()#4}::operator()() const::{lambda(float)#1})::{lambda(int, float)#1})",66,462437917176628,462437918014556,0,0,32,0,48,256,1,1,524288,1,1
"KERNEL_DISPATCH","Agent 2",1,0,120312,67,1297,"void at::native::vectorized_elementwise_kernel<8, at::native::AUnaryFunctor<c10::BFloat16, c10::BFloat16, c10::BFloat16, at::native::binary_internal::MulFunctor<float> >, std::array<char*, 2ul> >(int, at::native::AUnaryFunctor<c10::BFloat16, c10::BFloat16, c10::BFloat16, at::native::binary_internal::MulFunctor<float> >, std::array<char*, 2ul>)",67,462437919030646,462437919440090,0,0,12,0,32,256,1,1,77070336,1,1
"KERNEL_DISPATCH","Agent 2",1,0,120312,68,1297,"void at::native::vectorized_elementwise_kernel<8, at::native::AUnaryFunctor<c10::BFloat16, c10::BFloat16, c10::BFloat16, at::native::binary_internal::MulFunctor<float> >, std::array<char*, 2ul> >(int, at::native::AUnaryFunctor<c10::BFloat16, c10::BFloat16, c10::BFloat16, at::native::binary_internal::MulFunctor<float> >, std::array<char*, 2ul>)",68,462437919440090,462437919833374,0,0,12,0,32,256,1,1,77070336,1,1
"KERNEL_DISPATCH","Agent 2",1,0,120312,69,1533,"void at::native::vectorized_elementwise_kernel<4, at::native::bfloat16tofloat32_copy_kernel_cuda(at::TensorIteratorBase&)::{lambda(c10::BFloat16)#1}, std::array<char*, 2ul> >(int, at::native::bfloat16tofloat32_copy_kernel_cuda(at::TensorIteratorBase&)::{lambda(c10::BFloat16)#1}, std::array<char*, 2ul>)",69,462437921428509,462437921731272,0,0,8,0,32,256,1,1,38535168,1,1
"KERNEL_DISPATCH","Agent 2",1,0,120312,70,1533,"void at::native::vectorized_elementwise_kernel<4, at::native::bfloat16tofloat32_copy_kernel_cuda(at::TensorIteratorBase&)::{lambda(c10::BFloat16)#1}, std::array<char*, 2ul> >(int, at::native::bfloat16tofloat32_copy_kernel_cuda(at::TensorIteratorBase&)::{lambda(c10::BFloat16)#1}, std::array<char*, 2ul>)",70,462437921731272,462437922041275,0,0,8,0,32,256,1,1,38535168,1,1
"KERNEL_DISPATCH","Agent 2",1,0,120312,71,1533,"void at::native::vectorized_elementwise_kernel<4, at::native::bfloat16tofloat32_copy_kernel_cuda(at::TensorIteratorBase&)::{lambda(c10::BFloat16)#1}, std::array<char*, 2ul> >(int, at::native::bfloat16tofloat32_copy_kernel_cuda(at::TensorIteratorBase&)::{lambda(c10::BFloat16)#1}, std::array<char*, 2ul>)",71,462437922041275,462437922351958,0,0,8,0,32,256,1,1,38535168,1,1
"KERNEL_DISPATCH","Agent 2",1,0,120312,72,1533,"void at::native::vectorized_elementwise_kernel<4, at::native::bfloat16tofloat32_copy_kernel_cuda(at::TensorIteratorBase&)::{lambda(c10::BFloat16)#1}, std::array<char*, 2ul> >(int, at::native::bfloat16tofloat32_copy_kernel_cuda(at::TensorIteratorBase&)::{lambda(c10::BFloat16)#1}, std::array<char*, 2ul>)",72,462437922351958,462437922663321,0,0,8,0,32,256,1,1,38535168,1,1
"KERNEL_DISPATCH","Agent 2",1,0,120312,73,2338,"void at::native::vectorized_elementwise_kernel<4, at::native::AbsFunctor<float>, std::array<char*, 2ul> >(int, at::native::AbsFunctor<float>, std::array<char*, 2ul>)",73,462437930547698,462437930945102,0,0,8,0,32,256,1,1,77070336,1,1
"KERNEL_DISPATCH","Agent 2",1,0,120312,74,2338,"void at::native::vectorized_elementwise_kernel<4, at::native::AbsFunctor<float>, std::array<char*, 2ul> >(int, at::native::AbsFunctor<float>, std::array<char*, 2ul>)",74,462437930945102,462437931337906,0,0,8,0,32,256,1,1,77070336,1,1
"KERNEL_DISPATCH","Agent 2",1,0,120312,75,2338,"void at::native::vectorized_elementwise_kernel<4, at::native::AbsFunctor<float>, std::array<char*, 2ul> >(int, at::native::AbsFunctor<float>, std::array<char*, 2ul>)",75,462437931337906,462437931731229,0,0,8,0,32,256,1,1,77070336,1,1
"KERNEL_DISPATCH","Agent 2",1,0,120312,76,2338,"void at::native::vectorized_elementwise_kernel<4, at::native::AbsFunctor<float>, std::array<char*, 2ul> >(int, at::native::AbsFunctor<float>, std::array<char*, 2ul>)",76,462437931731229,462437932120593,0,0,8,0,32,256,1,1,77070336,1,1
"KERNEL_DISPATCH","Agent 2",1,0,120312,77,2384,"void at::native::reduce_kernel<512, 1, at::native::ReduceOp<float, at::native::func_wrapper_t<float, at::native::MaxNanFunctor<float> >, unsigned int, float, 4, 4> >(at::native::ReduceOp<float, at::native::func_wrapper_t<float, at::native::MaxNanFunctor<float> >, unsigned int, float, 4, 4>)",77,462437938667217,462437940135271,512,0,16,0,80,32,16,1,19267584,16,1
"KERNEL_DISPATCH","Agent 2",1,0,120312,78,2384,"void at::native::reduce_kernel<512, 1, at::native::ReduceOp<float, at::native::func_wrapper_t<float, at::native::MaxNanFunctor<float> >, unsigned int, float, 4, 4> >(at::native::ReduceOp<float, at::native::func_wrapper_t<float, at::native::MaxNanFunctor<float> >, unsigned int, float, 4, 4>)",78,462437940135271,462437941579005,512,0,16,0,80,32,16,1,19267584,16,1
"KERNEL_DISPATCH","Agent 2",1,0,120312,79,2384,"void at::native::reduce_kernel<512, 1, at::native::ReduceOp<float, at::native::func_wrapper_t<float, at::native::MaxNanFunctor<float> >, unsigned int, float, 4, 4> >(at::native::ReduceOp<float, at::native::func_wrapper_t<float, at::native::MaxNanFunctor<float> >, unsigned int, float, 4, 4>)",79,462437941579005,462437943010979,512,0,16,0,80,32,16,1,19267584,16,1
"KERNEL_DISPATCH","Agent 2",1,0,120312,80,2384,"void at::native::reduce_kernel<512, 1, at::native::ReduceOp<float, at::native::func_wrapper_t<float, at::native::MaxNanFunctor<float> >, unsigned int, float, 4, 4> >(at::native::ReduceOp<float, at::native::func_wrapper_t<float, at::native::MaxNanFunctor<float> >, unsigned int, float, 4, 4>)",80,462437943010979,462437944434153,512,0,16,0,80,32,16,1,19267584,16,1
"KERNEL_DISPATCH","Agent 2",1,0,120312,81,2521,"void at::native::vectorized_elementwise_kernel<4, at::native::BUnaryFunctor<float, float, float, at::native::binary_internal::MulFunctor<float> >, std::array<char*, 2ul> >(int, at::native::BUnaryFunctor<float, float, float, at::native::binary_internal::MulFunctor<float> >, std::array<char*, 2ul>)",81,462437955792192,462437955838632,0,0,8,0,32,256,1,1,9633792,1,1
"KERNEL_DISPATCH","Agent 2",1,0,120312,82,2813,"void at::native::vectorized_elementwise_kernel<4, at::native::BUnaryFunctor<int, int, int, at::native::rshift_kernel_cuda(at::TensorIteratorBase&)::{lambda()#1}::operator()() const::{lambda()#3}::operator()() const::{lambda(int, int)#1}>, std::array<char*, 2ul> >(int, at::native::BUnaryFunctor<int, int, int, at::native::rshift_kernel_cuda(at::TensorIteratorBase&)::{lambda()#1}::operator()() const::{lambda()#3}::operator()() const::{lambda(int, int)#1}>, std::array<char*, 2ul>)",82,462437976058248,462437976103529,0,0,8,0,32,256,1,1,9633792,1,1
"KERNEL_DISPATCH","Agent 2",1,0,120312,83,3028,"void at::native::vectorized_elementwise_kernel<4, at::native::AUnaryFunctor<int, int, int, at::native::BitwiseAndFunctor<int> >, std::array<char*, 2ul> >(int, at::native::AUnaryFunctor<int, int, int, at::native::BitwiseAndFunctor<int> >, std::array<char*, 2ul>)",83,462437995670849,462437995720850,0,0,8,0,32,256,1,1,9633792,1,1
"KERNEL_DISPATCH","Agent 2",1,0,120312,84,1732,"void at::native::elementwise_kernel_manual_unroll<128, 4, at::native::gpu_kernel_impl<at::native::direct_copy_kernel_cuda(at::TensorIteratorBase&)::{lambda()#3}::operator()() const::{lambda()#1}::operator()() const::{lambda(unsigned char)#1}>(at::TensorIteratorBase&, at::native::direct_copy_kernel_cuda(at::TensorIteratorBase&)::{lambda()#3}::operator()() const::{lambda()#1}::operator()() const::{lambda(unsigned char)#1} const&)::{lambda(int, bool)#1}>(int, at::native::gpu_kernel_impl<at::native::direct_copy_kernel_cuda(at::TensorIteratorBase&)::{lambda()#3}::operator()() const::{lambda()#1}::operator()() const::{lambda(unsigned char)#1}>(at::TensorIteratorBase&, at::native::direct_copy_kernel_cuda(at::TensorIteratorBase&)::{lambda()#3}::operator()() const::{lambda()#1}::operator()() const::{lambda(unsigned char)#1} const&)::{lambda(int, bool)#1})",84,462437995833931,462437995893851,0,0,8,0,64,128,1,1,9633792,1,1
"KERNEL_DISPATCH","Agent 2",1,0,120312,85,3307,"void at::native::vectorized_elementwise_kernel<16, at::native::AUnaryFunctor<unsigned char, unsigned char, bool, at::native::(anonymous namespace)::CompareEqFunctor<unsigned char> >, std::array<char*, 2ul> >(int, at::native::AUnaryFunctor<unsigned char, unsigned char, bool, at::native::(anonymous namespace)::CompareEqFunctor<unsigned char> >, std::array<char*, 2ul>)",85,462438026173884,462438026186044,0,0,12,0,64,256,1,1,2408448,1,1
"KERNEL_DISPATCH","Agent 2",1,0,120312,86,3028,"void at::native::vectorized_elementwise_kernel<4, at::native::AUnaryFunctor<int, int, int, at::native::BitwiseAndFunctor<int> >, std::array<char*, 2ul> >(int, at::native::AUnaryFunctor<int, int, int, at::native::BitwiseAndFunctor<int> >, std::array<char*, 2ul>)",86,462438026309205,462438026361765,0,0,8,0,32,256,1,1,9633792,1,1
"KERNEL_DISPATCH","Agent 2",1,0,120312,87,3211,"void at::native::vectorized_elementwise_kernel<4, at::native::AUnaryFunctor<int, int, bool, at::native::(anonymous namespace)::CompareEqFunctor<int> >, std::array<char*, 2ul> >(int, at::native::AUnaryFunctor<int, int, bool, at::native::(anonymous namespace)::CompareEqFunctor<int> >, std::array<char*, 2ul>)",87,462438026361765,462438026391045,0,0,16,0,64,256,1,1,2408448,1,1
"KERNEL_DISPATCH","Agent 2",1,0,120312,88,3577,"void at::native::vectorized_elementwise_kernel<16, at::native::compare_scalar_kernel<unsigned char>(at::TensorIteratorBase&, at::native::(anonymous namespace)::OpType, unsigned char)::{lambda(unsigned char)#1}, std::array<char*, 2ul> >(int, at::native::compare_scalar_kernel<unsigned char>(at::TensorIteratorBase&, at::native::(anonymous namespace)::OpType, unsigned char)::{lambda(unsigned char)#1}, std::array<char*, 2ul>)",88,462438039357222,462438039377502,0,0,12,0,64,256,1,1,2408448,1,1
"KERNEL_DISPATCH","Agent 2",1,0,120312,89,2901,"void at::native::vectorized_elementwise_kernel<16, at::native::BinaryFunctor<bool, bool, bool, at::native::BitwiseAndFunctor<bool> >, std::array<char*, 3ul> >(int, at::native::BinaryFunctor<bool, bool, bool, at::native::BitwiseAndFunctor<bool> >, std::array<char*, 3ul>)",89,462438039515063,462438039533023,0,0,20,0,80,256,1,1,2408448,1,1
"KERNEL_DISPATCH","Agent 2",1,0,120312,90,183,"void at::native::vectorized_elementwise_kernel<16, at::native::CUDAFunctorOnSelf_add<unsigned char>, std::array<char*, 2ul> >(int, at::native::CUDAFunctorOnSelf_add<unsigned char>, std::array<char*, 2ul>)",90,462438039569784,462438039582544,0,0,12,0,48,256,1,1,2408448,1,1
"KERNEL_DISPATCH","Agent 2",1,0,120312,91,3948,"void at::native::vectorized_elementwise_kernel<16, at::native::(anonymous namespace)::where_kernel_impl(at::TensorIterator&)::{lambda()#1}::operator()() const::{lambda()#5}::operator()() const::{lambda(bool, unsigned char, unsigned char)#1}, std::array<char*, 4ul> >(int, at::native::(anonymous namespace)::where_kernel_impl(at::TensorIterator&)::{lambda()#1}::operator()() const::{lambda()#5}::operator()() const::{lambda(bool, unsigned char, unsigned char)#1}, std::array<char*, 4ul>)",91,462438074346062,462438074369463,0,0,24,0,80,256,1,1,2408448,1,1
"KERNEL_DISPATCH","Agent 2",1,0,120312,92,4118,"void at::native::vectorized_elementwise_kernel<16, at::native::(anonymous namespace)::masked_fill_kernel(at::TensorIterator&, c10::Scalar const&)::{lambda()#1}::operator()() const::{lambda()#1}::operator()() const::{lambda(unsigned char, bool)#1}, std::array<char*, 3ul> >(int, at::native::(anonymous namespace)::masked_fill_kernel(at::TensorIterator&, c10::Scalar const&)::{lambda()#1}::operator()() const::{lambda()#1}::operator()() const::{lambda(unsigned char, bool)#1}, std::array<char*, 3ul>)",92,462438154306272,462438154329272,0,0,16,0,80,256,1,1,2408448,1,1
"KERNEL_DISPATCH","Agent 2",1,0,120312,93,3307,"void at::native::vectorized_elementwise_kernel<16, at::native::AUnaryFunctor<unsigned char, unsigned char, bool, at::native::(anonymous namespace)::CompareEqFunctor<unsigned char> >, std::array<char*, 2ul> >(int, at::native::AUnaryFunctor<unsigned char, unsigned char, bool, at::native::(anonymous namespace)::CompareEqFunctor<unsigned char> >, std::array<char*, 2ul>)",93,462438154462993,462438154474953,0,0,12,0,64,256,1,1,2408448,1,1
"KERNEL_DISPATCH","Agent 2",1,0,120312,94,3307,"void at::native::vectorized_elementwise_kernel<16, at::native::AUnaryFunctor<unsigned char, unsigned char, bool, at::native::(anonymous namespace)::CompareEqFunctor<unsigned char> >, std::array<char*, 2ul> >(int, at::native::AUnaryFunctor<unsigned char, unsigned char, bool, at::native::(anonymous namespace)::CompareEqFunctor<unsigned char> >, std::array<char*, 2ul>)",94,462438154474953,462438154486233,0,0,12,0,64,256,1,1,2408448,1,1
"KERNEL_DISPATCH","Agent 2",1,0,120312,95,1744,"void at::native::elementwise_kernel_manual_unroll<128, 4, at::native::gpu_kernel_impl<at::native::direct_copy_kernel_cuda(at::TensorIteratorBase&)::{lambda()#3}::operator()() const::{lambda()#3}::operator()() const::{lambda(int)#1}>(at::TensorIteratorBase&, at::native::direct_copy_kernel_cuda(at::TensorIteratorBase&)::{lambda()#3}::operator()() const::{lambda()#3}::operator()() const::{lambda(int)#1} const&)::{lambda(int, bool)#1}>(int, at::native::gpu_kernel_impl<at::native::direct_copy_kernel_cuda(at::TensorIteratorBase&)::{lambda()#3}::operator()() const::{lambda()#3}::operator()() const::{lambda(int)#1}>(at::TensorIteratorBase&, at::native::direct_copy_kernel_cuda(at::TensorIteratorBase&)::{lambda()#3}::operator()() const::{lambda()#3}::operator()() const::{lambda(int)#1} const&)::{lambda(int, bool)#1})",95,462438154564554,462438154617234,0,0,8,0,64,128,1,1,9633792,1,1
"KERNEL_DISPATCH","Agent 2",1,0,120312,96,2696,"void at::native::vectorized_elementwise_kernel<4, at::native::BUnaryFunctor<int, int, int, at::native::lshift_kernel_cuda(at::TensorIteratorBase&)::{lambda()#1}::operator()() const::{lambda()#3}::operator()() const::{lambda(int, int)#1}>, std::array<char*, 2ul> >(int, at::native::BUnaryFunctor<int, int, int, at::native::lshift_kernel_cuda(at::TensorIteratorBase&)::{lambda()#1}::operator()() const::{lambda()#3}::operator()() const::{lambda(int, int)#1}>, std::array<char*, 2ul>)",96,462438154617234,462438154661875,0,0,8,0,32,256,1,1,9633792,1,1
"KERNEL_DISPATCH","Agent 2",1,0,120312,97,4107,"void at::native::vectorized_elementwise_kernel<4, at::native::(anonymous namespace)::masked_fill_kernel(at::TensorIterator&, c10::Scalar const&)::{lambda()#1}::operator()() const::{lambda()#3}::operator()() const::{lambda(int, bool)#1}, std::array<char*, 3ul> >(int, at::native::(anonymous namespace)::masked_fill_kernel(at::TensorIterator&, c10::Scalar const&)::{lambda()#1}::operator()() const::{lambda()#3}::operator()() const::{lambda(int, bool)#1}, std::array<char*, 3ul>)",97,462438154661875,462438154717315,0,0,8,0,32,256,1,1,9633792,1,1
"KERNEL_DISPATCH","Agent 2",1,0,120312,98,4107,"void at::native::vectorized_elementwise_kernel<4, at::native::(anonymous namespace)::masked_fill_kernel(at::TensorIterator&, c10::Scalar const&)::{lambda()#1}::operator()() const::{lambda()#3}::operator()() const::{lambda(int, bool)#1}, std::array<char*, 3ul> >(int, at::native::(anonymous namespace)::masked_fill_kernel(at::TensorIterator&, c10::Scalar const&)::{lambda()#1}::operator()() const::{lambda()#3}::operator()() const::{lambda(int, bool)#1}, std::array<char*, 3ul>)",98,462438154717315,462438154772276,0,0,8,0,32,256,1,1,9633792,1,1
"KERNEL_DISPATCH","Agent 2",1,0,120312,99,1533,"void at::native::vectorized_elementwise_kernel<4, at::native::bfloat16tofloat32_copy_kernel_cuda(at::TensorIteratorBase&)::{lambda(c10::BFloat16)#1}, std::array<char*, 2ul> >(int, at::native::bfloat16tofloat32_copy_kernel_cuda(at::TensorIteratorBase&)::{lambda(c10::BFloat16)#1}, std::array<char*, 2ul>)",99,462438154772276,462438155077079,0,0,8,0,32,256,1,1,38535168,1,1
"KERNEL_DISPATCH","Agent 2",1,0,120312,100,1533,"void at::native::vectorized_elementwise_kernel<4, at::native::bfloat16tofloat32_copy_kernel_cuda(at::TensorIteratorBase&)::{lambda(c10::BFloat16)#1}, std::array<char*, 2ul> >(int, at::native::bfloat16tofloat32_copy_kernel_cuda(at::TensorIteratorBase&)::{lambda(c10::BFloat16)#1}, std::array<char*, 2ul>)",100,462438155077079,462438155386442,0,0,8,0,32,256,1,1,38535168,1,1
"KERNEL_DISPATCH","Agent 2",1,0,120312,101,1533,"void at::native::vectorized_elementwise_kernel<4, at::native::bfloat16tofloat32_copy_kernel_cuda(at::TensorIteratorBase&)::{lambda(c10::BFloat16)#1}, std::array<char*, 2ul> >(int, at::native::bfloat16tofloat32_copy_kernel_cuda(at::TensorIteratorBase&)::{lambda(c10::BFloat16)#1}, std::array<char*, 2ul>)",101,462438155386442,462438155693445,0,0,8,0,32,256,1,1,38535168,1,1
"KERNEL_DISPATCH","Agent 2",1,0,120312,102,1533,"void at::native::vectorized_elementwise_kernel<4, at::native::bfloat16tofloat32_copy_kernel_cuda(at::TensorIteratorBase&)::{lambda(c10::BFloat16)#1}, std::array<char*, 2ul> >(int, at::native::bfloat16tofloat32_copy_kernel_cuda(at::TensorIteratorBase&)::{lambda(c10::BFloat16)#1}, std::array<char*, 2ul>)",102,462438155693445,462438156001928,0,0,8,0,32,256,1,1,38535168,1,1
"KERNEL_DISPATCH","Agent 2",1,0,120312,103,2584,"void at::native::elementwise_kernel_manual_unroll<128, 4, at::native::gpu_kernel_impl_nocast<at::native::BinaryFunctor<float, float, float, at::native::binary_internal::DivFunctor<float> > >(at::TensorIteratorBase&, at::native::BinaryFunctor<float, float, float, at::native::binary_internal::DivFunctor<float> > const&)::{lambda(int, bool)#1}>(int, at::native::gpu_kernel_impl_nocast<at::native::BinaryFunctor<float, float, float, at::native::binary_internal::DivFunctor<float> > >(at::TensorIteratorBase&, at::native::BinaryFunctor<float, float, float, at::native::binary_internal::DivFunctor<float> > const&)::{lambda(int, bool)#1})",103,462438156001928,462438156416092,0,0,16,0,80,128,1,1,77070336,1,1
"KERNEL_DISPATCH","Agent 2",1,0,120312,104,2584,"void at::native::elementwise_kernel_manual_unroll<128, 4, at::native::gpu_kernel_impl_nocast<at::native::BinaryFunctor<float, float, float, at::native::binary_internal::DivFunctor<float> > >(at::TensorIteratorBase&, at::native::BinaryFunctor<float, float, float, at::native::binary_internal::DivFunctor<float> > const&)::{lambda(int, bool)#1}>(int, at::native::gpu_kernel_impl_nocast<at::native::BinaryFunctor<float, float, float, at::native::binary_internal::DivFunctor<float> > >(at::TensorIteratorBase&, at::native::BinaryFunctor<float, float, float, at::native::binary_internal::DivFunctor<float> > const&)::{lambda(int, bool)#1})",104,462438156416092,462438156821736,0,0,16,0,80,128,1,1,77070336,1,1
"KERNEL_DISPATCH","Agent 2",1,0,120312,105,2584,"void at::native::elementwise_kernel_manual_unroll<128, 4, at::native::gpu_kernel_impl_nocast<at::native::BinaryFunctor<float, float, float, at::native::binary_internal::DivFunctor<float> > >(at::TensorIteratorBase&, at::native::BinaryFunctor<float, float, float, at::native::binary_internal::DivFunctor<float> > const&)::{lambda(int, bool)#1}>(int, at::native::gpu_kernel_impl_nocast<at::native::BinaryFunctor<float, float, float, at::native::binary_internal::DivFunctor<float> > >(at::TensorIteratorBase&, at::native::BinaryFunctor<float, float, float, at::native::binary_internal::DivFunctor<float> > const&)::{lambda(int, bool)#1})",105,462438156821736,462438157226380,0,0,16,0,80,128,1,1,77070336,1,1
"KERNEL_DISPATCH","Agent 2",1,0,120312,106,2584,"void at::native::elementwise_kernel_manual_unroll<128, 4, at::native::gpu_kernel_impl_nocast<at::native::BinaryFunctor<float, float, float, at::native::binary_internal::DivFunctor<float> > >(at::TensorIteratorBase&, at::native::BinaryFunctor<float, float, float, at::native::binary_internal::DivFunctor<float> > const&)::{lambda(int, bool)#1}>(int, at::native::gpu_kernel_impl_nocast<at::native::BinaryFunctor<float, float, float, at::native::binary_internal::DivFunctor<float> > >(at::TensorIteratorBase&, at::native::BinaryFunctor<float, float, float, at::native::binary_internal::DivFunctor<float> > const&)::{lambda(int, bool)#1})",106,462438157226380,462438157638464,0,0,16,0,80,128,1,1,77070336,1,1
"KERNEL_DISPATCH","Agent 2",1,0,120312,107,3028,"void at::native::vectorized_elementwise_kernel<4, at::native::AUnaryFunctor<int, int, int, at::native::BitwiseAndFunctor<int> >, std::array<char*, 2ul> >(int, at::native::AUnaryFunctor<int, int, int, at::native::BitwiseAndFunctor<int> >, std::array<char*, 2ul>)",107,462438157638464,462438158029227,0,0,8,0,32,256,1,1,77070336,1,1
"KERNEL_DISPATCH","Agent 2",1,0,120312,108,3028,"void at::native::vectorized_elementwise_kernel<4, at::native::AUnaryFunctor<int, int, int, at::native::BitwiseAndFunctor<int> >, std::array<char*, 2ul> >(int, at::native::AUnaryFunctor<int, int, int, at::native::BitwiseAndFunctor<int> >, std::array<char*, 2ul>)",108,462438158029227,462438158419991,0,0,8,0,32,256,1,1,77070336,1,1
"KERNEL_DISPATCH","Agent 2",1,0,120312,109,3028,"void at::native::vectorized_elementwise_kernel<4, at::native::AUnaryFunctor<int, int, int, at::native::BitwiseAndFunctor<int> >, std::array<char*, 2ul> >(int, at::native::AUnaryFunctor<int, int, int, at::native::BitwiseAndFunctor<int> >, std::array<char*, 2ul>)",109,462438158419991,462438158815075,0,0,8,0,32,256,1,1,77070336,1,1
"KERNEL_DISPATCH","Agent 2",1,0,120312,110,3028,"void at::native::vectorized_elementwise_kernel<4, at::native::AUnaryFunctor<int, int, int, at::native::BitwiseAndFunctor<int> >, std::array<char*, 2ul> >(int, at::native::AUnaryFunctor<int, int, int, at::native::BitwiseAndFunctor<int> >, std::array<char*, 2ul>)",110,462438158815075,462438159208879,0,0,8,0,32,256,1,1,77070336,1,1
"KERNEL_DISPATCH","Agent 2",1,0,120312,111,3097,"void at::native::vectorized_elementwise_kernel<4, at::native::BinaryFunctor<int, int, int, at::native::BitwiseXorFunctor<int> >, std::array<char*, 3ul> >(int, at::native::BinaryFunctor<int, int, int, at::native::BitwiseXorFunctor<int> >, std::array<char*, 3ul>)",111,462438159208879,462438159829805,0,0,8,0,32,256,1,1,77070336,1,1
"KERNEL_DISPATCH","Agent 2",1,0,120312,112,3097,"void at::native::vectorized_elementwise_kernel<4, at::native::BinaryFunctor<int, int, int, at::native::BitwiseXorFunctor<int> >, std::array<char*, 3ul> >(int, at::native::BinaryFunctor<int, int, int, at::native::BitwiseXorFunctor<int> >, std::array<char*, 3ul>)",112,462438159829805,462438160459051,0,0,8,0,32,256,1,1,77070336,1,1
"KERNEL_DISPATCH","Agent 2",1,0,120312,113,3097,"void at::native::vectorized_elementwise_kernel<4, at::native::BinaryFunctor<int, int, int, at::native::BitwiseXorFunctor<int> >, std::array<char*, 3ul> >(int, at::native::BinaryFunctor<int, int, int, at::native::BitwiseXorFunctor<int> >, std::array<char*, 3ul>)",113,462438160459051,462438161078457,0,0,8,0,32,256,1,1,77070336,1,1
"KERNEL_DISPATCH","Agent 2",1,0,120312,114,3097,"void at::native::vectorized_elementwise_kernel<4, at::native::BinaryFunctor<int, int, int, at::native::BitwiseXorFunctor<int> >, std::array<char*, 3ul> >(int, at::native::BinaryFunctor<int, int, int, at::native::BitwiseXorFunctor<int> >, std::array<char*, 3ul>)",114,462438161078457,462438161694063,0,0,8,0,32,256,1,1,77070336,1,1
"KERNEL_DISPATCH","Agent 2",1,0,120312,115,3601,"void at::native::vectorized_elementwise_kernel<4, at::native::compare_scalar_kernel<float>(at::TensorIteratorBase&, at::native::(anonymous namespace)::OpType, float)::{lambda(float)#1}, std::array<char*, 2ul> >(int, at::native::compare_scalar_kernel<float>(at::TensorIteratorBase&, at::native::(anonymous namespace)::OpType, float)::{lambda(float)#1}, std::array<char*, 2ul>)",115,462438161694063,462438161949946,0,0,12,0,64,256,1,1,19267584,1,1
"KERNEL_DISPATCH","Agent 2",1,0,120312,116,3601,"void at::native::vectorized_elementwise_kernel<4, at::native::compare_scalar_kernel<float>(at::TensorIteratorBase&, at::native::(anonymous namespace)::OpType, float)::{lambda(float)#1}, std::array<char*, 2ul> >(int, at::native::compare_scalar_kernel<float>(at::TensorIteratorBase&, at::native::(anonymous namespace)::OpType, float)::{lambda(float)#1}, std::array<char*, 2ul>)",116,462438161949946,462438162203828,0,0,12,0,64,256,1,1,19267584,1,1
"KERNEL_DISPATCH","Agent 2",1,0,120312,117,3601,"void at::native::vectorized_elementwise_kernel<4, at::native::compare_scalar_kernel<float>(at::TensorIteratorBase&, at::native::(anonymous namespace)::OpType, float)::{lambda(float)#1}, std::array<char*, 2ul> >(int, at::native::compare_scalar_kernel<float>(at::TensorIteratorBase&, at::native::(anonymous namespace)::OpType, float)::{lambda(float)#1}, std::array<char*, 2ul>)",117,462438162203828,462438162459311,0,0,12,0,64,256,1,1,19267584,1,1
"KERNEL_DISPATCH","Agent 2",1,0,120312,118,3601,"void at::native::vectorized_elementwise_kernel<4, at::native::compare_scalar_kernel<float>(at::TensorIteratorBase&, at::native::(anonymous namespace)::OpType, float)::{lambda(float)#1}, std::array<char*, 2ul> >(int, at::native::compare_scalar_kernel<float>(at::TensorIteratorBase&, at::native::(anonymous namespace)::OpType, float)::{lambda(float)#1}, std::array<char*, 2ul>)",118,462438162459174,462438162712616,0,0,12,0,64,256,1,1,19267584,1,1
"KERNEL_DISPATCH","Agent 2",1,0,120312,119,5414,"void at::native::vectorized_elementwise_kernel<16, at::native::logical_not_kernel_cuda(at::TensorIteratorBase&)::{lambda()#2}::operator()() const::{lambda()#10}::operator()() const::{lambda(bool)#1}, std::array<char*, 2ul> >(int, at::native::logical_not_kernel_cuda(at::TensorIteratorBase&)::{lambda()#2}::operator()() const::{lambda()#10}::operator()() const::{lambda(bool)#1}, std::array<char*, 2ul>)",119,462438178538037,462438178923041,0,0,12,0,64,256,1,1,77070336,1,1
"KERNEL_DISPATCH","Agent 2",1,0,120312,120,3601,"void at::native::vectorized_elementwise_kernel<4, at::native::compare_scalar_kernel<float>(at::TensorIteratorBase&, at::native::(anonymous namespace)::OpType, float)::{lambda(float)#1}, std::array<char*, 2ul> >(int, at::native::compare_scalar_kernel<float>(at::TensorIteratorBase&, at::native::(anonymous namespace)::OpType, float)::{lambda(float)#1}, std::array<char*, 2ul>)",120,462438178923041,462438179199204,0,0,12,0,64,256,1,1,19267584,1,1
"KERNEL_DISPATCH","Agent 2",1,0,120312,121,3601,"void at::native::vectorized_elementwise_kernel<4, at::native::compare_scalar_kernel<float>(at::TensorIteratorBase&, at::native::(anonymous namespace)::OpType, float)::{lambda(float)#1}, std::array<char*, 2ul> >(int, at::native::compare_scalar_kernel<float>(at::TensorIteratorBase&, at::native::(anonymous namespace)::OpType, float)::{lambda(float)#1}, std::array<char*, 2ul>)",121,462438179199204,462438179462366,0,0,12,0,64,256,1,1,19267584,1,1
"KERNEL_DISPATCH","Agent 2",1,0,120312,122,3601,"void at::native::vectorized_elementwise_kernel<4, at::native::compare_scalar_kernel<float>(at::TensorIteratorBase&, at::native::(anonymous namespace)::OpType, float)::{lambda(float)#1}, std::array<char*, 2ul> >(int, at::native::compare_scalar_kernel<float>(at::TensorIteratorBase&, at::native::(anonymous namespace)::OpType, float)::{lambda(float)#1}, std::array<char*, 2ul>)",122,462438179462366,462438179726489,0,0,12,0,64,256,1,1,19267584,1,1
"KERNEL_DISPATCH","Agent 2",1,0,120312,123,3601,"void at::native::vectorized_elementwise_kernel<4, at::native::compare_scalar_kernel<float>(at::TensorIteratorBase&, at::native::(anonymous namespace)::OpType, float)::{lambda(float)#1}, std::array<char*, 2ul> >(int, at::native::compare_scalar_kernel<float>(at::TensorIteratorBase&, at::native::(anonymous namespace)::OpType, float)::{lambda(float)#1}, std::array<char*, 2ul>)",123,462438179726489,462438179997092,0,0,12,0,64,256,1,1,19267584,1,1
"KERNEL_DISPATCH","Agent 2",1,0,120312,124,5997,"void at::native::vectorized_elementwise_kernel<16, at::native::BinaryFunctor<bool, bool, bool, at::native::logical_and_kernel_cuda(at::TensorIterator&)::{lambda()#2}::operator()() const::{lambda()#9}::operator()() const::{lambda(bool, bool)#1}>, std::array<char*, 3ul> >(int, at::native::BinaryFunctor<bool, bool, bool, at::native::logical_and_kernel_cuda(at::TensorIterator&)::{lambda()#2}::operator()() const::{lambda()#9}::operator()() const::{lambda(bool, bool)#1}>, std::array<char*, 3ul>)",124,462438220732102,462438221333428,0,0,20,0,80,256,1,1,77070336,1,1
"KERNEL_DISPATCH","Agent 2",1,0,120312,125,5756,"void at::native::vectorized_elementwise_kernel<16, at::native::BinaryFunctor<bool, bool, bool, at::native::logical_or_kernel_cuda(at::TensorIterator&)::{lambda()#2}::operator()() const::{lambda()#9}::operator()() const::{lambda(bool, bool)#1}>, std::array<char*, 3ul> >(int, at::native::BinaryFunctor<bool, bool, bool, at::native::logical_or_kernel_cuda(at::TensorIterator&)::{lambda()#2}::operator()() const::{lambda()#9}::operator()() const::{lambda(bool, bool)#1}>, std::array<char*, 3ul>)",125,462438221333428,462438221941193,0,0,20,0,32,256,1,1,77070336,1,1
"KERNEL_DISPATCH","Agent 2",1,0,120312,126,5414,"void at::native::vectorized_elementwise_kernel<16, at::native::logical_not_kernel_cuda(at::TensorIteratorBase&)::{lambda()#2}::operator()() const::{lambda()#10}::operator()() const::{lambda(bool)#1}, std::array<char*, 2ul> >(int, at::native::logical_not_kernel_cuda(at::TensorIteratorBase&)::{lambda()#2}::operator()() const::{lambda()#10}::operator()() const::{lambda(bool)#1}, std::array<char*, 2ul>)",126,462438221941193,462438222323077,0,0,12,0,64,256,1,1,77070336,1,1
"KERNEL_DISPATCH","Agent 2",1,0,120312,127,349,"void at::native::vectorized_elementwise_kernel<4, at::native::CUDAFunctorOnSelf_add<float>, std::array<char*, 2ul> >(int, at::native::CUDAFunctorOnSelf_add<float>, std::array<char*, 2ul>)",127,462438222857722,462438223256366,0,0,8,0,32,256,1,1,77070336,1,1
"KERNEL_DISPATCH","Agent 2",1,0,120312,128,349,"void at::native::vectorized_elementwise_kernel<4, at::native::CUDAFunctorOnSelf_add<float>, std::array<char*, 2ul> >(int, at::native::CUDAFunctorOnSelf_add<float>, std::array<char*, 2ul>)",128,462438223256366,462438223650490,0,0,8,0,32,256,1,1,77070336,1,1
"KERNEL_DISPATCH","Agent 2",1,0,120312,129,349,"void at::native::vectorized_elementwise_kernel<4, at::native::CUDAFunctorOnSelf_add<float>, std::array<char*, 2ul> >(int, at::native::CUDAFunctorOnSelf_add<float>, std::array<char*, 2ul>)",129,462438223650490,462438224046054,0,0,8,0,32,256,1,1,77070336,1,1
"KERNEL_DISPATCH","Agent 2",1,0,120312,130,349,"void at::native::vectorized_elementwise_kernel<4, at::native::CUDAFunctorOnSelf_add<float>, std::array<char*, 2ul> >(int, at::native::CUDAFunctorOnSelf_add<float>, std::array<char*, 2ul>)",130,462438224046054,462438224436458,0,0,8,0,32,256,1,1,77070336,1,1
"KERNEL_DISPATCH","Agent 2",1,0,120312,131,291,"void at::native::vectorized_elementwise_kernel<4, at::native::CUDAFunctorOnSelf_add<int>, std::array<char*, 2ul> >(int, at::native::CUDAFunctorOnSelf_add<int>, std::array<char*, 2ul>)",131,462438224436458,462438224833421,0,0,8,0,32,256,1,1,77070336,1,1
"KERNEL_DISPATCH","Agent 2",1,0,120312,132,291,"void at::native::vectorized_elementwise_kernel<4, at::native::CUDAFunctorOnSelf_add<int>, std::array<char*, 2ul> >(int, at::native::CUDAFunctorOnSelf_add<int>, std::array<char*, 2ul>)",132,462438224833421,462438225248145,0,0,8,0,32,256,1,1,77070336,1,1
"KERNEL_DISPATCH","Agent 2",1,0,120312,133,291,"void at::native::vectorized_elementwise_kernel<4, at::native::CUDAFunctorOnSelf_add<int>, std::array<char*, 2ul> >(int, at::native::CUDAFunctorOnSelf_add<int>, std::array<char*, 2ul>)",133,462438225248145,462438225662870,0,0,8,0,32,256,1,1,77070336,1,1
"KERNEL_DISPATCH","Agent 2",1,0,120312,134,291,"void at::native::vectorized_elementwise_kernel<4, at::native::CUDAFunctorOnSelf_add<int>, std::array<char*, 2ul> >(int, at::native::CUDAFunctorOnSelf_add<int>, std::array<char*, 2ul>)",134,462438225662870,462438226070113,0,0,8,0,32,256,1,1,77070336,1,1
"KERNEL_DISPATCH","Agent 2",1,0,120312,135,1732,"void at::native::elementwise_kernel_manual_unroll<128, 4, at::native::gpu_kernel_impl<at::native::direct_copy_kernel_cuda(at::TensorIteratorBase&)::{lambda()#3}::operator()() const::{lambda()#1}::operator()() const::{lambda(unsigned char)#1}>(at::TensorIteratorBase&, at::native::direct_copy_kernel_cuda(at::TensorIteratorBase&)::{lambda()#3}::operator()() const::{lambda()#1}::operator()() const::{lambda(unsigned char)#1} const&)::{lambda(int, bool)#1}>(int, at::native::gpu_kernel_impl<at::native::direct_copy_kernel_cuda(at::TensorIteratorBase&)::{lambda()#3}::operator()() const::{lambda()#1}::operator()() const::{lambda(unsigned char)#1}>(at::TensorIteratorBase&, at::native::direct_copy_kernel_cuda(at::TensorIteratorBase&)::{lambda()#3}::operator()() const::{lambda()#1}::operator()() const::{lambda(unsigned char)#1} const&)::{lambda(int, bool)#1})",135,462438226070113,462438226568158,0,0,8,0,64,128,1,1,77070336,1,1
"KERNEL_DISPATCH","Agent 2",1,0,120312,136,1732,"void at::native::elementwise_kernel_manual_unroll<128, 4, at::native::gpu_kernel_impl<at::native::direct_copy_kernel_cuda(at::TensorIteratorBase&)::{lambda()#3}::operator()() const::{lambda()#1}::operator()() const::{lambda(unsigned char)#1}>(at::TensorIteratorBase&, at::native::direct_copy_kernel_cuda(at::TensorIteratorBase&)::{lambda()#3}::operator()() const::{lambda()#1}::operator()() const::{lambda(unsigned char)#1} const&)::{lambda(int, bool)#1}>(int, at::native::gpu_kernel_impl<at::native::direct_copy_kernel_cuda(at::TensorIteratorBase&)::{lambda()#3}::operator()() const::{lambda()#1}::operator()() const::{lambda(unsigned char)#1}>(at::TensorIteratorBase&, at::native::direct_copy_kernel_cuda(at::TensorIteratorBase&)::{lambda()#3}::operator()() const::{lambda()#1}::operator()() const::{lambda(unsigned char)#1} const&)::{lambda(int, bool)#1})",136,462438226568158,462438227037163,0,0,8,0,64,128,1,1,77070336,1,1
"KERNEL_DISPATCH","Agent 2",1,0,120312,137,1732,"void at::native::elementwise_kernel_manual_unroll<128, 4, at::native::gpu_kernel_impl<at::native::direct_copy_kernel_cuda(at::TensorIteratorBase&)::{lambda()#3}::operator()() const::{lambda()#1}::operator()() const::{lambda(unsigned char)#1}>(at::TensorIteratorBase&, at::native::direct_copy_kernel_cuda(at::TensorIteratorBase&)::{lambda()#3}::operator()() const::{lambda()#1}::operator()() const::{lambda(unsigned char)#1} const&)::{lambda(int, bool)#1}>(int, at::native::gpu_kernel_impl<at::native::direct_copy_kernel_cuda(at::TensorIteratorBase&)::{lambda()#3}::operator()() const::{lambda()#1}::operator()() const::{lambda(unsigned char)#1}>(at::TensorIteratorBase&, at::native::direct_copy_kernel_cuda(at::TensorIteratorBase&)::{lambda()#3}::operator()() const::{lambda()#1}::operator()() const::{lambda(unsigned char)#1} const&)::{lambda(int, bool)#1})",137,462438227037163,462438227507807,0,0,8,0,64,128,1,1,77070336,1,1
"KERNEL_DISPATCH","Agent 2",1,0,120312,138,1732,"void at::native::elementwise_kernel_manual_unroll<128, 4, at::native::gpu_kernel_impl<at::native::direct_copy_kernel_cuda(at::TensorIteratorBase&)::{lambda()#3}::operator()() const::{lambda()#1}::operator()() const::{lambda(unsigned char)#1}>(at::TensorIteratorBase&, at::native::direct_copy_kernel_cuda(at::TensorIteratorBase&)::{lambda()#3}::operator()() const::{lambda()#1}::operator()() const::{lambda(unsigned char)#1} const&)::{lambda(int, bool)#1}>(int, at::native::gpu_kernel_impl<at::native::direct_copy_kernel_cuda(at::TensorIteratorBase&)::{lambda()#3}::operator()() const::{lambda()#1}::operator()() const::{lambda(unsigned char)#1}>(at::TensorIteratorBase&, at::native::direct_copy_kernel_cuda(at::TensorIteratorBase&)::{lambda()#3}::operator()() const::{lambda()#1}::operator()() const::{lambda(unsigned char)#1} const&)::{lambda(int, bool)#1})",138,462438227507807,462438227977172,0,0,8,0,64,128,1,1,77070336,1,1
"KERNEL_DISPATCH","Agent 2",1,0,120312,139,2813,"void at::native::vectorized_elementwise_kernel<4, at::native::BUnaryFunctor<int, int, int, at::native::rshift_kernel_cuda(at::TensorIteratorBase&)::{lambda()#1}::operator()() const::{lambda()#3}::operator()() const::{lambda(int, int)#1}>, std::array<char*, 2ul> >(int, at::native::BUnaryFunctor<int, int, int, at::native::rshift_kernel_cuda(at::TensorIteratorBase&)::{lambda()#1}::operator()() const::{lambda()#3}::operator()() const::{lambda(int, int)#1}>, std::array<char*, 2ul>)",139,462438227977172,462438228363136,0,0,8,0,32,256,1,1,77070336,1,1
"KERNEL_DISPATCH","Agent 2",1,0,120312,140,2813,"void at::native::vectorized_elementwise_kernel<4, at::native::BUnaryFunctor<int, int, int, at::native::rshift_kernel_cuda(at::TensorIteratorBase&)::{lambda()#1}::operator()() const::{lambda()#3}::operator()() const::{lambda(int, int)#1}>, std::array<char*, 2ul> >(int, at::native::BUnaryFunctor<int, int, int, at::native::rshift_kernel_cuda(at::TensorIteratorBase&)::{lambda()#1}::operator()() const::{lambda()#3}::operator()() const::{lambda(int, int)#1}>, std::array<char*, 2ul>)",140,462438228363136,462438228765940,0,0,8,0,32,256,1,1,77070336,1,1
"KERNEL_DISPATCH","Agent 2",1,0,120312,141,2813,"void at::native::vectorized_elementwise_kernel<4, at::native::BUnaryFunctor<int, int, int, at::native::rshift_kernel_cuda(at::TensorIteratorBase&)::{lambda()#1}::operator()() const::{lambda()#3}::operator()() const::{lambda(int, int)#1}>, std::array<char*, 2ul> >(int, at::native::BUnaryFunctor<int, int, int, at::native::rshift_kernel_cuda(at::TensorIteratorBase&)::{lambda()#1}::operator()() const::{lambda()#3}::operator()() const::{lambda(int, int)#1}>, std::array<char*, 2ul>)",141,462438228765940,462438229164704,0,0,8,0,32,256,1,1,77070336,1,1
"KERNEL_DISPATCH","Agent 2",1,0,120312,142,2813,"void at::native::vectorized_elementwise_kernel<4, at::native::BUnaryFunctor<int, int, int, at::native::rshift_kernel_cuda(at::TensorIteratorBase&)::{lambda()#1}::operator()() const::{lambda()#3}::operator()() const::{lambda(int, int)#1}>, std::array<char*, 2ul> >(int, at::native::BUnaryFunctor<int, int, int, at::native::rshift_kernel_cuda(at::TensorIteratorBase&)::{lambda()#1}::operator()() const::{lambda()#3}::operator()() const::{lambda(int, int)#1}>, std::array<char*, 2ul>)",142,462438229164704,462438229561867,0,0,8,0,32,256,1,1,77070336,1,1
"KERNEL_DISPATCH","Agent 2",1,0,120312,143,3028,"void at::native::vectorized_elementwise_kernel<4, at::native::AUnaryFunctor<int, int, int, at::native::BitwiseAndFunctor<int> >, std::array<char*, 2ul> >(int, at::native::AUnaryFunctor<int, int, int, at::native::BitwiseAndFunctor<int> >, std::array<char*, 2ul>)",143,462438229561867,462438229947911,0,0,8,0,32,256,1,1,77070336,1,1
"KERNEL_DISPATCH","Agent 2",1,0,120312,144,3028,"void at::native::vectorized_elementwise_kernel<4, at::native::AUnaryFunctor<int, int, int, at::native::BitwiseAndFunctor<int> >, std::array<char*, 2ul> >(int, at::native::AUnaryFunctor<int, int, int, at::native::BitwiseAndFunctor<int> >, std::array<char*, 2ul>)",144,462438229947911,462438230336395,0,0,8,0,32,256,1,1,77070336,1,1
"KERNEL_DISPATCH","Agent 2",1,0,120312,145,3028,"void at::native::vectorized_elementwise_kernel<4, at::native::AUnaryFunctor<int, int, int, at::native::BitwiseAndFunctor<int> >, std::array<char*, 2ul> >(int, at::native::AUnaryFunctor<int, int, int, at::native::BitwiseAndFunctor<int> >, std::array<char*, 2ul>)",145,462438230336395,462438230722959,0,0,8,0,32,256,1,1,77070336,1,1
"KERNEL_DISPATCH","Agent 2",1,0,120312,146,3028,"void at::native::vectorized_elementwise_kernel<4, at::native::AUnaryFunctor<int, int, int, at::native::BitwiseAndFunctor<int> >, std::array<char*, 2ul> >(int, at::native::AUnaryFunctor<int, int, int, at::native::BitwiseAndFunctor<int> >, std::array<char*, 2ul>)",146,462438230722959,462438231114963,0,0,8,0,32,256,1,1,77070336,1,1
"KERNEL_DISPATCH","Agent 2",1,0,120312,147,291,"void at::native::vectorized_elementwise_kernel<4, at::native::CUDAFunctorOnSelf_add<int>, std::array<char*, 2ul> >(int, at::native::CUDAFunctorOnSelf_add<int>, std::array<char*, 2ul>)",147,462438231114963,462438231534687,0,0,8,0,32,256,1,1,77070336,1,1
"KERNEL_DISPATCH","Agent 2",1,0,120312,148,291,"void at::native::vectorized_elementwise_kernel<4, at::native::CUDAFunctorOnSelf_add<int>, std::array<char*, 2ul> >(int, at::native::CUDAFunctorOnSelf_add<int>, std::array<char*, 2ul>)",148,462438231534687,462438231947091,0,0,8,0,32,256,1,1,77070336,1,1
"KERNEL_DISPATCH","Agent 2",1,0,120312,149,291,"void at::native::vectorized_elementwise_kernel<4, at::native::CUDAFunctorOnSelf_add<int>, std::array<char*, 2ul> >(int, at::native::CUDAFunctorOnSelf_add<int>, std::array<char*, 2ul>)",149,462438231947091,462438232361935,0,0,8,0,32,256,1,1,77070336,1,1
"KERNEL_DISPATCH","Agent 2",1,0,120312,150,291,"void at::native::vectorized_elementwise_kernel<4, at::native::CUDAFunctorOnSelf_add<int>, std::array<char*, 2ul> >(int, at::native::CUDAFunctorOnSelf_add<int>, std::array<char*, 2ul>)",150,462438232361935,462438232772259,0,0,8,0,32,256,1,1,77070336,1,1
"KERNEL_DISPATCH","Agent 2",1,0,120312,151,184,"void at::native::vectorized_elementwise_kernel<4, at::native::CUDAFunctor_add<int>, std::array<char*, 3ul> >(int, at::native::CUDAFunctor_add<int>, std::array<char*, 3ul>)",151,462438232772259,462438233413705,0,0,8,0,32,256,1,1,77070336,1,1
"KERNEL_DISPATCH","Agent 2",1,0,120312,152,184,"void at::native::vectorized_elementwise_kernel<4, at::native::CUDAFunctor_add<int>, std::array<char*, 3ul> >(int, at::native::CUDAFunctor_add<int>, std::array<char*, 3ul>)",152,462438233413705,462438234041311,0,0,8,0,32,256,1,1,77070336,1,1
"KERNEL_DISPATCH","Agent 2",1,0,120312,153,184,"void at::native::vectorized_elementwise_kernel<4, at::native::CUDAFunctor_add<int>, std::array<char*, 3ul> >(int, at::native::CUDAFunctor_add<int>, std::array<char*, 3ul>)",153,462438234041311,462438234659597,0,0,8,0,32,256,1,1,77070336,1,1
"KERNEL_DISPATCH","Agent 2",1,0,120312,154,184,"void at::native::vectorized_elementwise_kernel<4, at::native::CUDAFunctor_add<int>, std::array<char*, 3ul> >(int, at::native::CUDAFunctor_add<int>, std::array<char*, 3ul>)",154,462438234659597,462438235281003,0,0,8,0,32,256,1,1,77070336,1,1
"KERNEL_DISPATCH","Agent 2",1,0,120312,155,2813,"void at::native::vectorized_elementwise_kernel<4, at::native::BUnaryFunctor<int, int, int, at::native::rshift_kernel_cuda(at::TensorIteratorBase&)::{lambda()#1}::operator()() const::{lambda()#3}::operator()() const::{lambda(int, int)#1}>, std::array<char*, 2ul> >(int, at::native::BUnaryFunctor<int, int, int, at::native::rshift_kernel_cuda(at::TensorIteratorBase&)::{lambda()#1}::operator()() const::{lambda()#3}::operator()() const::{lambda(int, int)#1}>, std::array<char*, 2ul>)",155,462438235281003,462438235679687,0,0,8,0,32,256,1,1,77070336,1,1
"KERNEL_DISPATCH","Agent 2",1,0,120312,156,2813,"void at::native::vectorized_elementwise_kernel<4, at::native::BUnaryFunctor<int, int, int, at::native::rshift_kernel_cuda(at::TensorIteratorBase&)::{lambda()#1}::operator()() const::{lambda()#3}::operator()() const::{lambda(int, int)#1}>, std::array<char*, 2ul> >(int, at::native::BUnaryFunctor<int, int, int, at::native::rshift_kernel_cuda(at::TensorIteratorBase&)::{lambda()#1}::operator()() const::{lambda()#3}::operator()() const::{lambda(int, int)#1}>, std::array<char*, 2ul>)",156,462438235679687,462438236079971,0,0,8,0,32,256,1,1,77070336,1,1
"KERNEL_DISPATCH","Agent 2",1,0,120312,157,2813,"void at::native::vectorized_elementwise_kernel<4, at::native::BUnaryFunctor<int, int, int, at::native::rshift_kernel_cuda(at::TensorIteratorBase&)::{lambda()#1}::operator()() const::{lambda()#3}::operator()() const::{lambda(int, int)#1}>, std::array<char*, 2ul> >(int, at::native::BUnaryFunctor<int, int, int, at::native::rshift_kernel_cuda(at::TensorIteratorBase&)::{lambda()#1}::operator()() const::{lambda()#3}::operator()() const::{lambda(int, int)#1}>, std::array<char*, 2ul>)",157,462438236079971,462438236475935,0,0,8,0,32,256,1,1,77070336,1,1
"KERNEL_DISPATCH","Agent 2",1,0,120312,158,2813,"void at::native::vectorized_elementwise_kernel<4, at::native::BUnaryFunctor<int, int, int, at::native::rshift_kernel_cuda(at::TensorIteratorBase&)::{lambda()#1}::operator()() const::{lambda()#3}::operator()() const::{lambda(int, int)#1}>, std::array<char*, 2ul> >(int, at::native::BUnaryFunctor<int, int, int, at::native::rshift_kernel_cuda(at::TensorIteratorBase&)::{lambda()#1}::operator()() const::{lambda()#3}::operator()() const::{lambda(int, int)#1}>, std::array<char*, 2ul>)",158,462438236475935,462438236869059,0,0,8,0,32,256,1,1,77070336,1,1
"KERNEL_DISPATCH","Agent 2",1,0,120312,159,1732,"void at::native::elementwise_kernel_manual_unroll<128, 4, at::native::gpu_kernel_impl<at::native::direct_copy_kernel_cuda(at::TensorIteratorBase&)::{lambda()#3}::operator()() const::{lambda()#1}::operator()() const::{lambda(unsigned char)#1}>(at::TensorIteratorBase&, at::native::direct_copy_kernel_cuda(at::TensorIteratorBase&)::{lambda()#3}::operator()() const::{lambda()#1}::operator()() const::{lambda(unsigned char)#1} const&)::{lambda(int, bool)#1}>(int, at::native::gpu_kernel_impl<at::native::direct_copy_kernel_cuda(at::TensorIteratorBase&)::{lambda()#3}::operator()() const::{lambda()#1}::operator()() const::{lambda(unsigned char)#1}>(at::TensorIteratorBase&, at::native::direct_copy_kernel_cuda(at::TensorIteratorBase&)::{lambda()#3}::operator()() const::{lambda()#1}::operator()() const::{lambda(unsigned char)#1} const&)::{lambda(int, bool)#1})",159,462438236869059,462438237353623,0,0,8,0,64,128,1,1,77070336,1,1
"KERNEL_DISPATCH","Agent 2",1,0,120312,160,1732,"void at::native::elementwise_kernel_manual_unroll<128, 4, at::native::gpu_kernel_impl<at::native::direct_copy_kernel_cuda(at::TensorIteratorBase&)::{lambda()#3}::operator()() const::{lambda()#1}::operator()() const::{lambda(unsigned char)#1}>(at::TensorIteratorBase&, at::native::direct_copy_kernel_cuda(at::TensorIteratorBase&)::{lambda()#3}::operator()() const::{lambda()#1}::operator()() const::{lambda(unsigned char)#1} const&)::{lambda(int, bool)#1}>(int, at::native::gpu_kernel_impl<at::native::direct_copy_kernel_cuda(at::TensorIteratorBase&)::{lambda()#3}::operator()() const::{lambda()#1}::operator()() const::{lambda(unsigned char)#1}>(at::TensorIteratorBase&, at::native::direct_copy_kernel_cuda(at::TensorIteratorBase&)::{lambda()#3}::operator()() const::{lambda()#1}::operator()() const::{lambda(unsigned char)#1} const&)::{lambda(int, bool)#1})",160,462438237353623,462438237827828,0,0,8,0,64,128,1,1,77070336,1,1
"KERNEL_DISPATCH","Agent 2",1,0,120312,161,1732,"void at::native::elementwise_kernel_manual_unroll<128, 4, at::native::gpu_kernel_impl<at::native::direct_copy_kernel_cuda(at::TensorIteratorBase&)::{lambda()#3}::operator()() const::{lambda()#1}::operator()() const::{lambda(unsigned char)#1}>(at::TensorIteratorBase&, at::native::direct_copy_kernel_cuda(at::TensorIteratorBase&)::{lambda()#3}::operator()() const::{lambda()#1}::operator()() const::{lambda(unsigned char)#1} const&)::{lambda(int, bool)#1}>(int, at::native::gpu_kernel_impl<at::native::direct_copy_kernel_cuda(at::TensorIteratorBase&)::{lambda()#3}::operator()() const::{lambda()#1}::operator()() const::{lambda(unsigned char)#1}>(at::TensorIteratorBase&, at::native::direct_copy_kernel_cuda(at::TensorIteratorBase&)::{lambda()#3}::operator()() const::{lambda()#1}::operator()() const::{lambda(unsigned char)#1} const&)::{lambda(int, bool)#1})",161,462438237827828,462438238301313,0,0,8,0,64,128,1,1,77070336,1,1
"KERNEL_DISPATCH","Agent 2",1,0,120312,162,1732,"void at::native::elementwise_kernel_manual_unroll<128, 4, at::native::gpu_kernel_impl<at::native::direct_copy_kernel_cuda(at::TensorIteratorBase&)::{lambda()#3}::operator()() const::{lambda()#1}::operator()() const::{lambda(unsigned char)#1}>(at::TensorIteratorBase&, at::native::direct_copy_kernel_cuda(at::TensorIteratorBase&)::{lambda()#3}::operator()() const::{lambda()#1}::operator()() const::{lambda(unsigned char)#1} const&)::{lambda(int, bool)#1}>(int, at::native::gpu_kernel_impl<at::native::direct_copy_kernel_cuda(at::TensorIteratorBase&)::{lambda()#3}::operator()() const::{lambda()#1}::operator()() const::{lambda(unsigned char)#1}>(at::TensorIteratorBase&, at::native::direct_copy_kernel_cuda(at::TensorIteratorBase&)::{lambda()#3}::operator()() const::{lambda()#1}::operator()() const::{lambda(unsigned char)#1} const&)::{lambda(int, bool)#1})",162,462438238301313,462438238768437,0,0,8,0,64,128,1,1,77070336,1,1
"KERNEL_DISPATCH","Agent 2",1,0,120312,163,6237,"void at::native::vectorized_elementwise_kernel<16, at::native::FillFunctor<unsigned char>, std::array<char*, 1ul> >(int, at::native::FillFunctor<unsigned char>, std::array<char*, 1ul>)",163,462438238768437,462438238937359,0,0,16,0,48,256,1,1,77070336,1,1
"KERNEL_DISPATCH","Agent 2",1,0,120312,164,3948,"void at::native::vectorized_elementwise_kernel<16, at::native::(anonymous namespace)::where_kernel_impl(at::TensorIterator&)::{lambda()#1}::operator()() const::{lambda()#5}::operator()() const::{lambda(bool, unsigned char, unsigned char)#1}, std::array<char*, 4ul> >(int, at::native::(anonymous namespace)::where_kernel_impl(at::TensorIterator&)::{lambda()#1}::operator()() const::{lambda()#5}::operator()() const::{lambda(bool, unsigned char, unsigned char)#1}, std::array<char*, 4ul>)",164,462438238937359,462438239826607,0,0,24,0,80,256,1,1,77070336,1,1
"KERNEL_DISPATCH","Agent 2",1,0,120312,165,3948,"void at::native::vectorized_elementwise_kernel<16, at::native::(anonymous namespace)::where_kernel_impl(at::TensorIterator&)::{lambda()#1}::operator()() const::{lambda()#5}::operator()() const::{lambda(bool, unsigned char, unsigned char)#1}, std::array<char*, 4ul> >(int, at::native::(anonymous namespace)::where_kernel_impl(at::TensorIterator&)::{lambda()#1}::operator()() const::{lambda()#5}::operator()() const::{lambda(bool, unsigned char, unsigned char)#1}, std::array<char*, 4ul>)",165,462438239826607,462438240656816,0,0,24,0,80,256,1,1,77070336,1,1
"KERNEL_DISPATCH","Agent 2",1,0,120312,166,2813,"void at::native::vectorized_elementwise_kernel<4, at::native::BUnaryFunctor<int, int, int, at::native::rshift_kernel_cuda(at::TensorIteratorBase&)::{lambda()#1}::operator()() const::{lambda()#3}::operator()() const::{lambda(int, int)#1}>, std::array<char*, 2ul> >(int, at::native::BUnaryFunctor<int, int, int, at::native::rshift_kernel_cuda(at::TensorIteratorBase&)::{lambda()#1}::operator()() const::{lambda()#3}::operator()() const::{lambda(int, int)#1}>, std::array<char*, 2ul>)",166,462438240656816,462438241033579,0,0,8,0,32,256,1,1,77070336,1,1
"KERNEL_DISPATCH","Agent 2",1,0,120312,167,2813,"void at::native::vectorized_elementwise_kernel<4, at::native::BUnaryFunctor<int, int, int, at::native::rshift_kernel_cuda(at::TensorIteratorBase&)::{lambda()#1}::operator()() const::{lambda()#3}::operator()() const::{lambda(int, int)#1}>, std::array<char*, 2ul> >(int, at::native::BUnaryFunctor<int, int, int, at::native::rshift_kernel_cuda(at::TensorIteratorBase&)::{lambda()#1}::operator()() const::{lambda()#3}::operator()() const::{lambda(int, int)#1}>, std::array<char*, 2ul>)",167,462438241033579,462438241422703,0,0,8,0,32,256,1,1,77070336,1,1
"KERNEL_DISPATCH","Agent 2",1,0,120312,168,2813,"void at::native::vectorized_elementwise_kernel<4, at::native::BUnaryFunctor<int, int, int, at::native::rshift_kernel_cuda(at::TensorIteratorBase&)::{lambda()#1}::operator()() const::{lambda()#3}::operator()() const::{lambda(int, int)#1}>, std::array<char*, 2ul> >(int, at::native::BUnaryFunctor<int, int, int, at::native::rshift_kernel_cuda(at::TensorIteratorBase&)::{lambda()#1}::operator()() const::{lambda()#3}::operator()() const::{lambda(int, int)#1}>, std::array<char*, 2ul>)",168,462438241422703,462438241812867,0,0,8,0,32,256,1,1,77070336,1,1
"KERNEL_DISPATCH","Agent 2",1,0,120312,169,2813,"void at::native::vectorized_elementwise_kernel<4, at::native::BUnaryFunctor<int, int, int, at::native::rshift_kernel_cuda(at::TensorIteratorBase&)::{lambda()#1}::operator()() const::{lambda()#3}::operator()() const::{lambda(int, int)#1}>, std::array<char*, 2ul> >(int, at::native::BUnaryFunctor<int, int, int, at::native::rshift_kernel_cuda(at::TensorIteratorBase&)::{lambda()#1}::operator()() const::{lambda()#3}::operator()() const::{lambda(int, int)#1}>, std::array<char*, 2ul>)",169,462438241812867,462438242208591,0,0,8,0,32,256,1,1,77070336,1,1
"KERNEL_DISPATCH","Agent 2",1,0,120312,170,1732,"void at::native::elementwise_kernel_manual_unroll<128, 4, at::native::gpu_kernel_impl<at::native::direct_copy_kernel_cuda(at::TensorIteratorBase&)::{lambda()#3}::operator()() const::{lambda()#1}::operator()() const::{lambda(unsigned char)#1}>(at::TensorIteratorBase&, at::native::direct_copy_kernel_cuda(at::TensorIteratorBase&)::{lambda()#3}::operator()() const::{lambda()#1}::operator()() const::{lambda(unsigned char)#1} const&)::{lambda(int, bool)#1}>(int, at::native::gpu_kernel_impl<at::native::direct_copy_kernel_cuda(at::TensorIteratorBase&)::{lambda()#3}::operator()() const::{lambda()#1}::operator()() const::{lambda(unsigned char)#1}>(at::TensorIteratorBase&, at::native::direct_copy_kernel_cuda(at::TensorIteratorBase&)::{lambda()#3}::operator()() const::{lambda()#1}::operator()() const::{lambda(unsigned char)#1} const&)::{lambda(int, bool)#1})",170,462438242208591,462438242689875,0,0,8,0,64,128,1,1,77070336,1,1
"KERNEL_DISPATCH","Agent 2",1,0,120312,171,1732,"void at::native::elementwise_kernel_manual_unroll<128, 4, at::native::gpu_kernel_impl<at::native::direct_copy_kernel_cuda(at::TensorIteratorBase&)::{lambda()#3}::operator()() const::{lambda()#1}::operator()() const::{lambda(unsigned char)#1}>(at::TensorIteratorBase&, at::native::direct_copy_kernel_cuda(at::TensorIteratorBase&)::{lambda()#3}::operator()() const::{lambda()#1}::operator()() const::{lambda(unsigned char)#1} const&)::{lambda(int, bool)#1}>(int, at::native::gpu_kernel_impl<at::native::direct_copy_kernel_cuda(at::TensorIteratorBase&)::{lambda()#3}::operator()() const::{lambda()#1}::operator()() const::{lambda(unsigned char)#1}>(at::TensorIteratorBase&, at::native::direct_copy_kernel_cuda(at::TensorIteratorBase&)::{lambda()#3}::operator()() const::{lambda()#1}::operator()() const::{lambda(unsigned char)#1} const&)::{lambda(int, bool)#1})",171,462438242689875,462438243161560,0,0,8,0,64,128,1,1,77070336,1,1
"KERNEL_DISPATCH","Agent 2",1,0,120312,172,1732,"void at::native::elementwise_kernel_manual_unroll<128, 4, at::native::gpu_kernel_impl<at::native::direct_copy_kernel_cuda(at::TensorIteratorBase&)::{lambda()#3}::operator()() const::{lambda()#1}::operator()() const::{lambda(unsigned char)#1}>(at::TensorIteratorBase&, at::native::direct_copy_kernel_cuda(at::TensorIteratorBase&)::{lambda()#3}::operator()() const::{lambda()#1}::operator()() const::{lambda(unsigned char)#1} const&)::{lambda(int, bool)#1}>(int, at::native::gpu_kernel_impl<at::native::direct_copy_kernel_cuda(at::TensorIteratorBase&)::{lambda()#3}::operator()() const::{lambda()#1}::operator()() const::{lambda(unsigned char)#1}>(at::TensorIteratorBase&, at::native::direct_copy_kernel_cuda(at::TensorIteratorBase&)::{lambda()#3}::operator()() const::{lambda()#1}::operator()() const::{lambda(unsigned char)#1} const&)::{lambda(int, bool)#1})",172,462438243161543,462438243634148,0,0,8,0,64,128,1,1,77070336,1,1
"KERNEL_DISPATCH","Agent 2",1,0,120312,173,1732,"void at::native::elementwise_kernel_manual_unroll<128, 4, at::native::gpu_kernel_impl<at::native::direct_copy_kernel_cuda(at::TensorIteratorBase&)::{lambda()#3}::operator()() const::{lambda()#1}::operator()() const::{lambda(unsigned char)#1}>(at::TensorIteratorBase&, at::native::direct_copy_kernel_cuda(at::TensorIteratorBase&)::{lambda()#3}::operator()() const::{lambda()#1}::operator()() const::{lambda(unsigned char)#1} const&)::{lambda(int, bool)#1}>(int, at::native::gpu_kernel_impl<at::native::direct_copy_kernel_cuda(at::TensorIteratorBase&)::{lambda()#3}::operator()() const::{lambda()#1}::operator()() const::{lambda(unsigned char)#1}>(at::TensorIteratorBase&, at::native::direct_copy_kernel_cuda(at::TensorIteratorBase&)::{lambda()#3}::operator()() const::{lambda()#1}::operator()() const::{lambda(unsigned char)#1} const&)::{lambda(int, bool)#1})",173,462438243634165,462438244099609,0,0,8,0,64,128,1,1,77070336,1,1
"KERNEL_DISPATCH","Agent 2",1,0,120312,174,2972,"void at::native::vectorized_elementwise_kernel<16, at::native::AUnaryFunctor<unsigned char, unsigned char, unsigned char, at::native::BitwiseAndFunctor<unsigned char> >, std::array<char*, 2ul> >(int, at::native::AUnaryFunctor<unsigned char, unsigned char, unsigned char, at::native::BitwiseAndFunctor<unsigned char> >, std::array<char*, 2ul>)",174,462438244099609,462438244480173,0,0,12,0,48,256,1,1,77070336,1,1
"KERNEL_DISPATCH","Agent 2",1,0,120312,175,2936,"void at::native::vectorized_elementwise_kernel<16, at::native::BinaryFunctor<unsigned char, unsigned char, unsigned char, at::native::BitwiseOrFunctor<unsigned char> >, std::array<char*, 3ul> >(int, at::native::BinaryFunctor<unsigned char, unsigned char, unsigned char, at::native::BitwiseOrFunctor<unsigned char> >, std::array<char*, 3ul>)",175,462438244480173,462438245096419,0,0,20,0,48,256,1,1,77070336,1,1
"KERNEL_DISPATCH","Agent 2",1,0,120312,176,2767,"void at::native::elementwise_kernel_manual_unroll<128, 8, at::native::gpu_kernel_impl_nocast<at::native::BUnaryFunctor<unsigned char, unsigned char, unsigned char, at::native::lshift_kernel_cuda(at::TensorIteratorBase&)::{lambda()#1}::operator()() const::{lambda()#1}::operator()() const::{lambda(unsigned char, unsigned char)#1}> >(at::TensorIteratorBase&, at::native::BUnaryFunctor<unsigned char, unsigned char, unsigned char, at::native::lshift_kernel_cuda(at::TensorIteratorBase&)::{lambda()#1}::operator()() const::{lambda()#1}::operator()() const::{lambda(unsigned char, unsigned char)#1}> const&)::{lambda(int, bool)#1}>(int, at::native::gpu_kernel_impl_nocast<at::native::BUnaryFunctor<unsigned char, unsigned char, unsigned char, at::native::lshift_kernel_cuda(at::TensorIteratorBase&)::{lambda()#1}::operator()() const::{lambda()#1}::operator()() const::{lambda(unsigned char, unsigned char)#1}> >(at::TensorIteratorBase&, at::native::BUnaryFunctor<unsigned char, unsigned char, unsigned char, at::native::lshift_kernel_cuda(at::TensorIteratorBase&)::{lambda()#1}::operator()() const::{lambda()#1}::operator()() const::{lambda(unsigned char, unsigned char)#1}> const&)::{lambda(int, bool)#1})",176,462438245096419,462438245604544,0,0,20,0,80,128,1,1,77070336,1,1
"KERNEL_DISPATCH","Agent 2",1,0,120312,177,2945,"void at::native::elementwise_kernel_manual_unroll<128, 8, at::native::gpu_kernel_impl_nocast<at::native::BinaryFunctor<unsigned char, unsigned char, unsigned char, at::native::BitwiseOrFunctor<unsigned char> > >(at::TensorIteratorBase&, at::native::BinaryFunctor<unsigned char, unsigned char, unsigned char, at::native::BitwiseOrFunctor<unsigned char> > const&)::{lambda(int, bool)#1}>(int, at::native::gpu_kernel_impl_nocast<at::native::BinaryFunctor<unsigned char, unsigned char, unsigned char, at::native::BitwiseOrFunctor<unsigned char> > >(at::TensorIteratorBase&, at::native::BinaryFunctor<unsigned char, unsigned char, unsigned char, at::native::BitwiseOrFunctor<unsigned char> > const&)::{lambda(int, bool)#1})",177,462438245604544,462438246211430,0,0,28,0,80,128,1,1,77070336,1,1
"KERNEL_DISPATCH","Agent 2",1,0,120312,178,12,"void at::native::(anonymous namespace)::distribution_elementwise_grid_stride_kernel<float, 4, at::native::templates::cuda::normal_and_transform<c10::BFloat16, float, at::CUDAGeneratorImpl*, at::native::templates::cuda::normal_kernel<at::CUDAGeneratorImpl*>(at::TensorBase const&, double, double, at::CUDAGeneratorImpl*)::{lambda()#1}::operator()() const::{lambda()#4}::operator()() const::{lambda(float)#1}>(at::TensorIteratorBase&, at::CUDAGeneratorImpl*, at::native::templates::cuda::normal_kernel<at::CUDAGeneratorImpl*>(at::TensorBase const&, double, double, at::CUDAGeneratorImpl*)::{lambda()#1}::operator()() const::{lambda()#4}::operator()() const::{lambda(float)#1})::{lambda(hiprandStatePhilox4_32_10*)#2}, at::native::(anonymous namespace)::distribution_nullary_kernel<c10::BFloat16, float, HIP_vector_type<float, 4u>, at::CUDAGeneratorImpl*, at::native::templates::cuda::normal_and_transform<c10::BFloat16, float, at::CUDAGeneratorImpl*, at::native::templates::cuda::normal_kernel<at::CUDAGeneratorImpl*>(at::TensorBase const&, double, double, at::CUDAGeneratorImpl*)::{lambda()#1}::operator()() const::{lambda()#4}::operator()() const::{lambda(float)#1}>(at::TensorIteratorBase&, at::CUDAGeneratorImpl*, at::native::templates::cuda::normal_kernel<at::CUDAGeneratorImpl*>(at::TensorBase const&, double, double, at::CUDAGeneratorImpl*)::{lambda()#1}::operator()() const::{lambda()#4}::operator()() const::{lambda(float)#1})::{lambda(hiprandStatePhilox4_32_10*)#2}, at::native::templates::cuda::normal_kernel<at::CUDAGeneratorImpl*>(at::TensorBase const&, double, double, at::CUDAGeneratorImpl*)::{lambda()#1}::operator()() const::{lambda()#4}::operator()() const::{lambda(float)#1}>(at::TensorIteratorBase&, at::CUDAGeneratorImpl*, at::native::templates::cuda::normal_and_transform<c10::BFloat16, float, at::CUDAGeneratorImpl*, at::native::templates::cuda::normal_kernel<at::CUDAGeneratorImpl*>(at::TensorBase const&, double, double, at::CUDAGeneratorImpl*)::{lambda()#1}::operator()() const::{lambda()#4}::operator()() const::{lambda(float)#1}>(at::TensorIteratorBase&, at::CUDAGeneratorImpl*, at::native::templates::cuda::normal_kernel<at::CUDAGeneratorImpl*>(at::TensorBase const&, double, double, at::CUDAGeneratorImpl*)::{lambda()#1}::operator()() const::{lambda()#4}::operator()() const::{lambda(float)#1})::{lambda(hiprandStatePhilox4_32_10*)#2} const&, at::native::templates::cuda::normal_kernel<at::CUDAGeneratorImpl*>(at::TensorBase const&, double, double, at::CUDAGeneratorImpl*)::{lambda()#1}::operator()() const::{lambda()#4}::operator()() const::{lambda(float)#1})::{lambda(int, float)#1}>(long, at::PhiloxCudaState, at::native::templates::cuda::normal_and_transform<c10::BFloat16, float, at::CUDAGeneratorImpl*, at::native::templates::cuda::normal_kernel<at::CUDAGeneratorImpl*>(at::TensorBase const&, double, double, at::CUDAGeneratorImpl*)::{lambda()#1}::operator()() const::{lambda()#4}::operator()() const::{lambda(float)#1}>(at::TensorIteratorBase&, at::CUDAGeneratorImpl*, at::native::templates::cuda::normal_kernel<at::CUDAGeneratorImpl*>(at::TensorBase const&, double, double, at::CUDAGeneratorImpl*)::{lambda()#1}::operator()() const::{lambda()#4}::operator()() const::{lambda(float)#1})::{lambda(hiprandStatePhilox4_32_10*)#2}, at::native::(anonymous namespace)::distribution_nullary_kernel<c10::BFloat16, float, HIP_vector_type<float, 4u>, at::CUDAGeneratorImpl*, at::native::templates::cuda::normal_and_transform<c10::BFloat16, float, at::CUDAGeneratorImpl*, at::native::templates::cuda::normal_kernel<at::CUDAGeneratorImpl*>(at::TensorBase const&, double, double, at::CUDAGeneratorImpl*)::{lambda()#1}::operator()() const::{lambda()#4}::operator()() const::{lambda(float)#1}>(at::TensorIteratorBase&, at::CUDAGeneratorImpl*, at::native::templates::cuda::normal_kernel<at::CUDAGeneratorImpl*>(at::TensorBase const&, double, double, at::CUDAGeneratorImpl*)::{lambda()#1}::operator()() const::{lambda()#4}::operator()() const::{lambda(float)#1})::{lambda(hiprandStatePhilox4_32_10*)#2}, at::native::templates::cuda::normal_kernel<at::CUDAGeneratorImpl*>(at::TensorBase const&, double, double, at::CUDAGeneratorImpl*)::{lambda()#1}::operator()() const::{lambda()#4}::operator()() const::{lambda(float)#1}>(at::TensorIteratorBase&, at::CUDAGeneratorImpl*, at::native::templates::cuda::normal_and_transform<c10::BFloat16, float, at::CUDAGeneratorImpl*, at::native::templates::cuda::normal_kernel<at::CUDAGeneratorImpl*>(at::TensorBase const&, double, double, at::CUDAGeneratorImpl*)::{lambda()#1}::operator()() const::{lambda()#4}::operator()() const::{lambda(float)#1}>(at::TensorIteratorBase&, at::CUDAGeneratorImpl*, at::native::templates::cuda::normal_kernel<at::CUDAGeneratorImpl*>(at::TensorBase const&, double, double, at::CUDAGeneratorImpl*)::{lambda()#1}::operator()() const::{lambda()#4}::operator()() const::{lambda(float)#1})::{lambda(hiprandStatePhilox4_32_10*)#2} const&, at::native::templates::cuda::normal_kernel<at::CUDAGeneratorImpl*>(at::TensorBase const&, double, double, at::CUDAGeneratorImpl*)::{lambda()#1}::operator()() const::{lambda()#4}::operator()() const::{lambda(float)#1})::{lambda(int, float)#1})",178,462438246211430,462438247021158,0,0,32,0,48,256,1,1,524288,1,1
"KERNEL_DISPATCH","Agent 2",1,0,120312,179,1297,"void at::native::vectorized_elementwise_kernel<8, at::native::AUnaryFunctor<c10::BFloat16, c10::BFloat16, c10::BFloat16, at::native::binary_internal::MulFunctor<float> >, std::array<char*, 2ul> >(int, at::native::AUnaryFunctor<c10::BFloat16, c10::BFloat16, c10::BFloat16, at::native::binary_internal::MulFunctor<float> >, std::array<char*, 2ul>)",179,462438247021158,462438247427882,0,0,12,0,32,256,1,1,77070336,1,1
"KERNEL_DISPATCH","Agent 2",1,0,120312,180,1533,"void at::native::vectorized_elementwise_kernel<4, at::native::bfloat16tofloat32_copy_kernel_cuda(at::TensorIteratorBase&)::{lambda(c10::BFloat16)#1}, std::array<char*, 2ul> >(int, at::native::bfloat16tofloat32_copy_kernel_cuda(at::TensorIteratorBase&)::{lambda(c10::BFloat16)#1}, std::array<char*, 2ul>)",180,462438247427882,462438247733845,0,0,8,0,32,256,1,1,38535168,1,1
"KERNEL_DISPATCH","Agent 2",1,0,120312,181,1533,"void at::native::vectorized_elementwise_kernel<4, at::native::bfloat16tofloat32_copy_kernel_cuda(at::TensorIteratorBase&)::{lambda(c10::BFloat16)#1}, std::array<char*, 2ul> >(int, at::native::bfloat16tofloat32_copy_kernel_cuda(at::TensorIteratorBase&)::{lambda(c10::BFloat16)#1}, std::array<char*, 2ul>)",181,462438247733845,462438248044888,0,0,8,0,32,256,1,1,38535168,1,1
"KERNEL_DISPATCH","Agent 2",1,0,120312,182,2338,"void at::native::vectorized_elementwise_kernel<4, at::native::AbsFunctor<float>, std::array<char*, 2ul> >(int, at::native::AbsFunctor<float>, std::array<char*, 2ul>)",182,462438248044888,462438248447931,0,0,8,0,32,256,1,1,77070336,1,1
"KERNEL_DISPATCH","Agent 2",1,0,120312,183,2338,"void at::native::vectorized_elementwise_kernel<4, at::native::AbsFunctor<float>, std::array<char*, 2ul> >(int, at::native::AbsFunctor<float>, std::array<char*, 2ul>)",183,462438248447931,462438248843695,0,0,8,0,32,256,1,1,77070336,1,1
"KERNEL_DISPATCH","Agent 2",1,0,120312,184,2384,"void at::native::reduce_kernel<512, 1, at::native::ReduceOp<float, at::native::func_wrapper_t<float, at::native::MaxNanFunctor<float> >, unsigned int, float, 4, 4> >(at::native::ReduceOp<float, at::native::func_wrapper_t<float, at::native::MaxNanFunctor<float> >, unsigned int, float, 4, 4>)",184,462438248843695,462438250260869,512,0,16,0,80,32,16,1,19267584,16,1
"KERNEL_DISPATCH","Agent 2",1,0,120312,185,2384,"void at::native::reduce_kernel<512, 1, at::native::ReduceOp<float, at::native::func_wrapper_t<float, at::native::MaxNanFunctor<float> >, unsigned int, float, 4, 4> >(at::native::ReduceOp<float, at::native::func_wrapper_t<float, at::native::MaxNanFunctor<float> >, unsigned int, float, 4, 4>)",185,462438250260869,462438251691363,512,0,16,0,80,32,16,1,19267584,16,1
"KERNEL_DISPATCH","Agent 2",1,0,120312,186,2521,"void at::native::vectorized_elementwise_kernel<4, at::native::BUnaryFunctor<float, float, float, at::native::binary_internal::MulFunctor<float> >, std::array<char*, 2ul> >(int, at::native::BUnaryFunctor<float, float, float, at::native::binary_internal::MulFunctor<float> >, std::array<char*, 2ul>)",186,462438251691363,462438251715283,0,0,8,0,32,256,1,1,4816896,1,1
"KERNEL_DISPATCH","Agent 2",1,0,120312,187,2813,"void at::native::vectorized_elementwise_kernel<4, at::native::BUnaryFunctor<int, int, int, at::native::rshift_kernel_cuda(at::TensorIteratorBase&)::{lambda()#1}::operator()() const::{lambda()#3}::operator()() const::{lambda(int, int)#1}>, std::array<char*, 2ul> >(int, at::native::BUnaryFunctor<int, int, int, at::native::rshift_kernel_cuda(at::TensorIteratorBase&)::{lambda()#1}::operator()() const::{lambda()#3}::operator()() const::{lambda(int, int)#1}>, std::array<char*, 2ul>)",187,462438251715283,462438251737403,0,0,8,0,32,256,1,1,4816896,1,1
"KERNEL_DISPATCH","Agent 2",1,0,120312,188,3028,"void at::native::vectorized_elementwise_kernel<4, at::native::AUnaryFunctor<int, int, int, at::native::BitwiseAndFunctor<int> >, std::array<char*, 2ul> >(int, at::native::AUnaryFunctor<int, int, int, at::native::BitwiseAndFunctor<int> >, std::array<char*, 2ul>)",188,462438251737403,462438251760004,0,0,8,0,32,256,1,1,4816896,1,1
"KERNEL_DISPATCH","Agent 2",1,0,120312,189,1732,"void at::native::elementwise_kernel_manual_unroll<128, 4, at::native::gpu_kernel_impl<at::native::direct_copy_kernel_cuda(at::TensorIteratorBase&)::{lambda()#3}::operator()() const::{lambda()#1}::operator()() const::{lambda(unsigned char)#1}>(at::TensorIteratorBase&, at::native::direct_copy_kernel_cuda(at::TensorIteratorBase&)::{lambda()#3}::operator()() const::{lambda()#1}::operator()() const::{lambda(unsigned char)#1} const&)::{lambda(int, bool)#1}>(int, at::native::gpu_kernel_impl<at::native::direct_copy_kernel_cuda(at::TensorIteratorBase&)::{lambda()#3}::operator()() const::{lambda()#1}::operator()() const::{lambda(unsigned char)#1}>(at::TensorIteratorBase&, at::native::direct_copy_kernel_cuda(at::TensorIteratorBase&)::{lambda()#3}::operator()() const::{lambda()#1}::operator()() const::{lambda(unsigned char)#1} const&)::{lambda(int, bool)#1})",189,462438251760004,462438251786964,0,0,8,0,64,128,1,1,4816896,1,1
"KERNEL_DISPATCH","Agent 2",1,0,120312,190,3307,"void at::native::vectorized_elementwise_kernel<16, at::native::AUnaryFunctor<unsigned char, unsigned char, bool, at::native::(anonymous namespace)::CompareEqFunctor<unsigned char> >, std::array<char*, 2ul> >(int, at::native::AUnaryFunctor<unsigned char, unsigned char, bool, at::native::(anonymous namespace)::CompareEqFunctor<unsigned char> >, std::array<char*, 2ul>)",190,462438251786964,462438251794324,0,0,12,0,64,256,1,1,1204224,1,1
"KERNEL_DISPATCH","Agent 2",1,0,120312,191,3028,"void at::native::vectorized_elementwise_kernel<4, at::native::AUnaryFunctor<int, int, int, at::native::BitwiseAndFunctor<int> >, std::array<char*, 2ul> >(int, at::native::AUnaryFunctor<int, int, int, at::native::BitwiseAndFunctor<int> >, std::array<char*, 2ul>)",191,462438251794324,462438251816604,0,0,8,0,32,256,1,1,4816896,1,1
"KERNEL_DISPATCH","Agent 2",1,0,120312,192,3211,"void at::native::vectorized_elementwise_kernel<4, at::native::AUnaryFunctor<int, int, bool, at::native::(anonymous namespace)::CompareEqFunctor<int> >, std::array<char*, 2ul> >(int, at::native::AUnaryFunctor<int, int, bool, at::native::(anonymous namespace)::CompareEqFunctor<int> >, std::array<char*, 2ul>)",192,462438251816604,462438251831404,0,0,16,0,64,256,1,1,1204224,1,1
"KERNEL_DISPATCH","Agent 2",1,0,120312,193,3577,"void at::native::vectorized_elementwise_kernel<16, at::native::compare_scalar_kernel<unsigned char>(at::TensorIteratorBase&, at::native::(anonymous namespace)::OpType, unsigned char)::{lambda(unsigned char)#1}, std::array<char*, 2ul> >(int, at::native::compare_scalar_kernel<unsigned char>(at::TensorIteratorBase&, at::native::(anonymous namespace)::OpType, unsigned char)::{lambda(unsigned char)#1}, std::array<char*, 2ul>)",193,462438251831404,462438251843245,0,0,12,0,64,256,1,1,1204224,1,1
"KERNEL_DISPATCH","Agent 2",1,0,120312,194,2901,"void at::native::vectorized_elementwise_kernel<16, at::native::BinaryFunctor<bool, bool, bool, at::native::BitwiseAndFunctor<bool> >, std::array<char*, 3ul> >(int, at::native::BinaryFunctor<bool, bool, bool, at::native::BitwiseAndFunctor<bool> >, std::array<char*, 3ul>)",194,462438251843245,462438251853645,0,0,20,0,80,256,1,1,1204224,1,1
"KERNEL_DISPATCH","Agent 2",1,0,120312,195,183,"void at::native::vectorized_elementwise_kernel<16, at::native::CUDAFunctorOnSelf_add<unsigned char>, std::array<char*, 2ul> >(int, at::native::CUDAFunctorOnSelf_add<unsigned char>, std::array<char*, 2ul>)",195,462438251853645,462438251861605,0,0,12,0,48,256,1,1,1204224,1,1
"KERNEL_DISPATCH","Agent 2",1,0,120312,196,3948,"void at::native::vectorized_elementwise_kernel<16, at::native::(anonymous namespace)::where_kernel_impl(at::TensorIterator&)::{lambda()#1}::operator()() const::{lambda()#5}::operator()() const::{lambda(bool, unsigned char, unsigned char)#1}, std::array<char*, 4ul> >(int, at::native::(anonymous namespace)::where_kernel_impl(at::TensorIterator&)::{lambda()#1}::operator()() const::{lambda()#5}::operator()() const::{lambda(bool, unsigned char, unsigned char)#1}, std::array<char*, 4ul>)",196,462438251861605,462438251873445,0,0,24,0,80,256,1,1,1204224,1,1
"KERNEL_DISPATCH","Agent 2",1,0,120312,197,4118,"void at::native::vectorized_elementwise_kernel<16, at::native::(anonymous namespace)::masked_fill_kernel(at::TensorIterator&, c10::Scalar const&)::{lambda()#1}::operator()() const::{lambda()#1}::operator()() const::{lambda(unsigned char, bool)#1}, std::array<char*, 3ul> >(int, at::native::(anonymous namespace)::masked_fill_kernel(at::TensorIterator&, c10::Scalar const&)::{lambda()#1}::operator()() const::{lambda()#1}::operator()() const::{lambda(unsigned char, bool)#1}, std::array<char*, 3ul>)",197,462438251873445,462438251883725,0,0,16,0,80,256,1,1,1204224,1,1
"KERNEL_DISPATCH","Agent 2",1,0,120312,198,3307,"void at::native::vectorized_elementwise_kernel<16, at::native::AUnaryFunctor<unsigned char, unsigned char, bool, at::native::(anonymous namespace)::CompareEqFunctor<unsigned char> >, std::array<char*, 2ul> >(int, at::native::AUnaryFunctor<unsigned char, unsigned char, bool, at::native::(anonymous namespace)::CompareEqFunctor<unsigned char> >, std::array<char*, 2ul>)",198,462438251883725,462438251889405,0,0,12,0,64,256,1,1,1204224,1,1
"KERNEL_DISPATCH","Agent 2",1,0,120312,199,3307,"void at::native::vectorized_elementwise_kernel<16, at::native::AUnaryFunctor<unsigned char, unsigned char, bool, at::native::(anonymous namespace)::CompareEqFunctor<unsigned char> >, std::array<char*, 2ul> >(int, at::native::AUnaryFunctor<unsigned char, unsigned char, bool, at::native::(anonymous namespace)::CompareEqFunctor<unsigned char> >, std::array<char*, 2ul>)",199,462438251889405,462438251895525,0,0,12,0,64,256,1,1,1204224,1,1
"KERNEL_DISPATCH","Agent 2",1,0,120312,200,1744,"void at::native::elementwise_kernel_manual_unroll<128, 4, at::native::gpu_kernel_impl<at::native::direct_copy_kernel_cuda(at::TensorIteratorBase&)::{lambda()#3}::operator()() const::{lambda()#3}::operator()() const::{lambda(int)#1}>(at::TensorIteratorBase&, at::native::direct_copy_kernel_cuda(at::TensorIteratorBase&)::{lambda()#3}::operator()() const::{lambda()#3}::operator()() const::{lambda(int)#1} const&)::{lambda(int, bool)#1}>(int, at::native::gpu_kernel_impl<at::native::direct_copy_kernel_cuda(at::TensorIteratorBase&)::{lambda()#3}::operator()() const::{lambda()#3}::operator()() const::{lambda(int)#1}>(at::TensorIteratorBase&, at::native::direct_copy_kernel_cuda(at::TensorIteratorBase&)::{lambda()#3}::operator()() const::{lambda()#3}::operator()() const::{lambda(int)#1} const&)::{lambda(int, bool)#1})",200,462438251895525,462438251923925,0,0,8,0,64,128,1,1,4816896,1,1
"KERNEL_DISPATCH","Agent 2",1,0,120312,201,2696,"void at::native::vectorized_elementwise_kernel<4, at::native::BUnaryFunctor<int, int, int, at::native::lshift_kernel_cuda(at::TensorIteratorBase&)::{lambda()#1}::operator()() const::{lambda()#3}::operator()() const::{lambda(int, int)#1}>, std::array<char*, 2ul> >(int, at::native::BUnaryFunctor<int, int, int, at::native::lshift_kernel_cuda(at::TensorIteratorBase&)::{lambda()#1}::operator()() const::{lambda()#3}::operator()() const::{lambda(int, int)#1}>, std::array<char*, 2ul>)",201,462438251923925,462438251946246,0,0,8,0,32,256,1,1,4816896,1,1
"KERNEL_DISPATCH","Agent 2",1,0,120312,202,4107,"void at::native::vectorized_elementwise_kernel<4, at::native::(anonymous namespace)::masked_fill_kernel(at::TensorIterator&, c10::Scalar const&)::{lambda()#1}::operator()() const::{lambda()#3}::operator()() const::{lambda(int, bool)#1}, std::array<char*, 3ul> >(int, at::native::(anonymous namespace)::masked_fill_kernel(at::TensorIterator&, c10::Scalar const&)::{lambda()#1}::operator()() const::{lambda()#3}::operator()() const::{lambda(int, bool)#1}, std::array<char*, 3ul>)",202,462438251946246,462438251973606,0,0,8,0,32,256,1,1,4816896,1,1
"KERNEL_DISPATCH","Agent 2",1,0,120312,203,4107,"void at::native::vectorized_elementwise_kernel<4, at::native::(anonymous namespace)::masked_fill_kernel(at::TensorIterator&, c10::Scalar const&)::{lambda()#1}::operator()() const::{lambda()#3}::operator()() const::{lambda(int, bool)#1}, std::array<char*, 3ul> >(int, at::native::(anonymous namespace)::masked_fill_kernel(at::TensorIterator&, c10::Scalar const&)::{lambda()#1}::operator()() const::{lambda()#3}::operator()() const::{lambda(int, bool)#1}, std::array<char*, 3ul>)",203,462438251973606,462438251998646,0,0,8,0,32,256,1,1,4816896,1,1
"KERNEL_DISPATCH","Agent 2",1,0,120312,204,1533,"void at::native::vectorized_elementwise_kernel<4, at::native::bfloat16tofloat32_copy_kernel_cuda(at::TensorIteratorBase&)::{lambda(c10::BFloat16)#1}, std::array<char*, 2ul> >(int, at::native::bfloat16tofloat32_copy_kernel_cuda(at::TensorIteratorBase&)::{lambda(c10::BFloat16)#1}, std::array<char*, 2ul>)",204,462438251998646,462438252303529,0,0,8,0,32,256,1,1,38535168,1,1
"KERNEL_DISPATCH","Agent 2",1,0,120312,205,1533,"void at::native::vectorized_elementwise_kernel<4, at::native::bfloat16tofloat32_copy_kernel_cuda(at::TensorIteratorBase&)::{lambda(c10::BFloat16)#1}, std::array<char*, 2ul> >(int, at::native::bfloat16tofloat32_copy_kernel_cuda(at::TensorIteratorBase&)::{lambda(c10::BFloat16)#1}, std::array<char*, 2ul>)",205,462438252303529,462438252615452,0,0,8,0,32,256,1,1,38535168,1,1
"KERNEL_DISPATCH","Agent 2",1,0,120312,206,2584,"void at::native::elementwise_kernel_manual_unroll<128, 4, at::native::gpu_kernel_impl_nocast<at::native::BinaryFunctor<float, float, float, at::native::binary_internal::DivFunctor<float> > >(at::TensorIteratorBase&, at::native::BinaryFunctor<float, float, float, at::native::binary_internal::DivFunctor<float> > const&)::{lambda(int, bool)#1}>(int, at::native::gpu_kernel_impl_nocast<at::native::BinaryFunctor<float, float, float, at::native::binary_internal::DivFunctor<float> > >(at::TensorIteratorBase&, at::native::BinaryFunctor<float, float, float, at::native::binary_internal::DivFunctor<float> > const&)::{lambda(int, bool)#1})",206,462438252615452,462438253031176,0,0,16,0,80,128,1,1,77070336,1,1
"KERNEL_DISPATCH","Agent 2",1,0,120312,207,2584,"void at::native::elementwise_kernel_manual_unroll<128, 4, at::native::gpu_kernel_impl_nocast<at::native::BinaryFunctor<float, float, float, at::native::binary_internal::DivFunctor<float> > >(at::TensorIteratorBase&, at::native::BinaryFunctor<float, float, float, at::native::binary_internal::DivFunctor<float> > const&)::{lambda(int, bool)#1}>(int, at::native::gpu_kernel_impl_nocast<at::native::BinaryFunctor<float, float, float, at::native::binary_internal::DivFunctor<float> > >(at::TensorIteratorBase&, at::native::BinaryFunctor<float, float, float, at::native::binary_internal::DivFunctor<float> > const&)::{lambda(int, bool)#1})",207,462438253031176,462438253437060,0,0,16,0,80,128,1,1,77070336,1,1
"KERNEL_DISPATCH","Agent 2",1,0,120312,208,3028,"void at::native::vectorized_elementwise_kernel<4, at::native::AUnaryFunctor<int, int, int, at::native::BitwiseAndFunctor<int> >, std::array<char*, 2ul> >(int, at::native::AUnaryFunctor<int, int, int, at::native::BitwiseAndFunctor<int> >, std::array<char*, 2ul>)",208,462438253437060,462438253835624,0,0,8,0,32,256,1,1,77070336,1,1
"KERNEL_DISPATCH","Agent 2",1,0,120312,209,3028,"void at::native::vectorized_elementwise_kernel<4, at::native::AUnaryFunctor<int, int, int, at::native::BitwiseAndFunctor<int> >, std::array<char*, 2ul> >(int, at::native::AUnaryFunctor<int, int, int, at::native::BitwiseAndFunctor<int> >, std::array<char*, 2ul>)",209,462438253835624,462438254232988,0,0,8,0,32,256,1,1,77070336,1,1
"KERNEL_DISPATCH","Agent 2",1,0,120312,210,3097,"void at::native::vectorized_elementwise_kernel<4, at::native::BinaryFunctor<int, int, int, at::native::BitwiseXorFunctor<int> >, std::array<char*, 3ul> >(int, at::native::BinaryFunctor<int, int, int, at::native::BitwiseXorFunctor<int> >, std::array<char*, 3ul>)",210,462438254232988,462438254840914,0,0,8,0,32,256,1,1,77070336,1,1
"KERNEL_DISPATCH","Agent 2",1,0,120312,211,3097,"void at::native::vectorized_elementwise_kernel<4, at::native::BinaryFunctor<int, int, int, at::native::BitwiseXorFunctor<int> >, std::array<char*, 3ul> >(int, at::native::BinaryFunctor<int, int, int, at::native::BitwiseXorFunctor<int> >, std::array<char*, 3ul>)",211,462438254840914,462438255451080,0,0,8,0,32,256,1,1,77070336,1,1
"KERNEL_DISPATCH","Agent 2",1,0,120312,212,3601,"void at::native::vectorized_elementwise_kernel<4, at::native::compare_scalar_kernel<float>(at::TensorIteratorBase&, at::native::(anonymous namespace)::OpType, float)::{lambda(float)#1}, std::array<char*, 2ul> >(int, at::native::compare_scalar_kernel<float>(at::TensorIteratorBase&, at::native::(anonymous namespace)::OpType, float)::{lambda(float)#1}, std::array<char*, 2ul>)",212,462438255451080,462438255723082,0,0,12,0,64,256,1,1,19267584,1,1
"KERNEL_DISPATCH","Agent 2",1,0,120312,213,3601,"void at::native::vectorized_elementwise_kernel<4, at::native::compare_scalar_kernel<float>(at::TensorIteratorBase&, at::native::(anonymous namespace)::OpType, float)::{lambda(float)#1}, std::array<char*, 2ul> >(int, at::native::compare_scalar_kernel<float>(at::TensorIteratorBase&, at::native::(anonymous namespace)::OpType, float)::{lambda(float)#1}, std::array<char*, 2ul>)",213,462438255723082,462438255987405,0,0,12,0,64,256,1,1,19267584,1,1
"KERNEL_DISPATCH","Agent 2",1,0,120312,214,5414,"void at::native::vectorized_elementwise_kernel<16, at::native::logical_not_kernel_cuda(at::TensorIteratorBase&)::{lambda()#2}::operator()() const::{lambda()#10}::operator()() const::{lambda(bool)#1}, std::array<char*, 2ul> >(int, at::native::logical_not_kernel_cuda(at::TensorIteratorBase&)::{lambda()#2}::operator()() const::{lambda()#10}::operator()() const::{lambda(bool)#1}, std::array<char*, 2ul>)",214,462438255987405,462438256176927,0,0,12,0,64,256,1,1,38535168,1,1
"KERNEL_DISPATCH","Agent 2",1,0,120312,215,3601,"void at::native::vectorized_elementwise_kernel<4, at::native::compare_scalar_kernel<float>(at::TensorIteratorBase&, at::native::(anonymous namespace)::OpType, float)::{lambda(float)#1}, std::array<char*, 2ul> >(int, at::native::compare_scalar_kernel<float>(at::TensorIteratorBase&, at::native::(anonymous namespace)::OpType, float)::{lambda(float)#1}, std::array<char*, 2ul>)",215,462438256176927,462438256455849,0,0,12,0,64,256,1,1,19267584,1,1
"KERNEL_DISPATCH","Agent 2",1,0,120312,216,3601,"void at::native::vectorized_elementwise_kernel<4, at::native::compare_scalar_kernel<float>(at::TensorIteratorBase&, at::native::(anonymous namespace)::OpType, float)::{lambda(float)#1}, std::array<char*, 2ul> >(int, at::native::compare_scalar_kernel<float>(at::TensorIteratorBase&, at::native::(anonymous namespace)::OpType, float)::{lambda(float)#1}, std::array<char*, 2ul>)",216,462438256455849,462438256733332,0,0,12,0,64,256,1,1,19267584,1,1
"KERNEL_DISPATCH","Agent 2",1,0,120312,217,5997,"void at::native::vectorized_elementwise_kernel<16, at::native::BinaryFunctor<bool, bool, bool, at::native::logical_and_kernel_cuda(at::TensorIterator&)::{lambda()#2}::operator()() const::{lambda()#9}::operator()() const::{lambda(bool, bool)#1}>, std::array<char*, 3ul> >(int, at::native::BinaryFunctor<bool, bool, bool, at::native::logical_and_kernel_cuda(at::TensorIterator&)::{lambda()#2}::operator()() const::{lambda()#9}::operator()() const::{lambda(bool, bool)#1}>, std::array<char*, 3ul>)",217,462438256733332,462438257030655,0,0,20,0,80,256,1,1,38535168,1,1
"KERNEL_DISPATCH","Agent 2",1,0,120312,218,5756,"void at::native::vectorized_elementwise_kernel<16, at::native::BinaryFunctor<bool, bool, bool, at::native::logical_or_kernel_cuda(at::TensorIterator&)::{lambda()#2}::operator()() const::{lambda()#9}::operator()() const::{lambda(bool, bool)#1}>, std::array<char*, 3ul> >(int, at::native::BinaryFunctor<bool, bool, bool, at::native::logical_or_kernel_cuda(at::TensorIterator&)::{lambda()#2}::operator()() const::{lambda()#9}::operator()() const::{lambda(bool, bool)#1}>, std::array<char*, 3ul>)",218,462438257030655,462438257338498,0,0,20,0,32,256,1,1,38535168,1,1
"KERNEL_DISPATCH","Agent 2",1,0,120312,219,5414,"void at::native::vectorized_elementwise_kernel<16, at::native::logical_not_kernel_cuda(at::TensorIteratorBase&)::{lambda()#2}::operator()() const::{lambda()#10}::operator()() const::{lambda(bool)#1}, std::array<char*, 2ul> >(int, at::native::logical_not_kernel_cuda(at::TensorIteratorBase&)::{lambda()#2}::operator()() const::{lambda()#10}::operator()() const::{lambda(bool)#1}, std::array<char*, 2ul>)",219,462438257338401,462438257527923,0,0,12,0,64,256,1,1,38535168,1,1
"KERNEL_DISPATCH","Agent 2",1,0,120312,220,349,"void at::native::vectorized_elementwise_kernel<4, at::native::CUDAFunctorOnSelf_add<float>, std::array<char*, 2ul> >(int, at::native::CUDAFunctorOnSelf_add<float>, std::array<char*, 2ul>)",220,462438257528020,462438257923224,0,0,8,0,32,256,1,1,77070336,1,1
"KERNEL_DISPATCH","Agent 2",1,0,120312,221,349,"void at::native::vectorized_elementwise_kernel<4, at::native::CUDAFunctorOnSelf_add<float>, std::array<char*, 2ul> >(int, at::native::CUDAFunctorOnSelf_add<float>, std::array<char*, 2ul>)",221,462438257923224,462438258315028,0,0,8,0,32,256,1,1,77070336,1,1
"KERNEL_DISPATCH","Agent 2",1,0,120312,222,291,"void at::native::vectorized_elementwise_kernel<4, at::native::CUDAFunctorOnSelf_add<int>, std::array<char*, 2ul> >(int, at::native::CUDAFunctorOnSelf_add<int>, std::array<char*, 2ul>)",222,462438258315028,462438258713111,0,0,8,0,32,256,1,1,77070336,1,1
"KERNEL_DISPATCH","Agent 2",1,0,120312,223,291,"void at::native::vectorized_elementwise_kernel<4, at::native::CUDAFunctorOnSelf_add<int>, std::array<char*, 2ul> >(int, at::native::CUDAFunctorOnSelf_add<int>, std::array<char*, 2ul>)",223,462438258713111,462438259118275,0,0,8,0,32,256,1,1,77070336,1,1
"KERNEL_DISPATCH","Agent 2",1,0,120312,224,1732,"void at::native::elementwise_kernel_manual_unroll<128, 4, at::native::gpu_kernel_impl<at::native::direct_copy_kernel_cuda(at::TensorIteratorBase&)::{lambda()#3}::operator()() const::{lambda()#1}::operator()() const::{lambda(unsigned char)#1}>(at::TensorIteratorBase&, at::native::direct_copy_kernel_cuda(at::TensorIteratorBase&)::{lambda()#3}::operator()() const::{lambda()#1}::operator()() const::{lambda(unsigned char)#1} const&)::{lambda(int, bool)#1}>(int, at::native::gpu_kernel_impl<at::native::direct_copy_kernel_cuda(at::TensorIteratorBase&)::{lambda()#3}::operator()() const::{lambda()#1}::operator()() const::{lambda(unsigned char)#1}>(at::TensorIteratorBase&, at::native::direct_copy_kernel_cuda(at::TensorIteratorBase&)::{lambda()#3}::operator()() const::{lambda()#1}::operator()() const::{lambda(unsigned char)#1} const&)::{lambda(int, bool)#1})",224,462438259118275,462438259607240,0,0,8,0,64,128,1,1,77070336,1,1
"KERNEL_DISPATCH","Agent 2",1,0,120312,225,1732,"void at::native::elementwise_kernel_manual_unroll<128, 4, at::native::gpu_kernel_impl<at::native::direct_copy_kernel_cuda(at::TensorIteratorBase&)::{lambda()#3}::operator()() const::{lambda()#1}::operator()() const::{lambda(unsigned char)#1}>(at::TensorIteratorBase&, at::native::direct_copy_kernel_cuda(at::TensorIteratorBase&)::{lambda()#3}::operator()() const::{lambda()#1}::operator()() const::{lambda(unsigned char)#1} const&)::{lambda(int, bool)#1}>(int, at::native::gpu_kernel_impl<at::native::direct_copy_kernel_cuda(at::TensorIteratorBase&)::{lambda()#3}::operator()() const::{lambda()#1}::operator()() const::{lambda(unsigned char)#1}>(at::TensorIteratorBase&, at::native::direct_copy_kernel_cuda(at::TensorIteratorBase&)::{lambda()#3}::operator()() const::{lambda()#1}::operator()() const::{lambda(unsigned char)#1} const&)::{lambda(int, bool)#1})",225,462438259607240,462438260077845,0,0,8,0,64,128,1,1,77070336,1,1
"KERNEL_DISPATCH","Agent 2",1,0,120312,226,2813,"void at::native::vectorized_elementwise_kernel<4, at::native::BUnaryFunctor<int, int, int, at::native::rshift_kernel_cuda(at::TensorIteratorBase&)::{lambda()#1}::operator()() const::{lambda()#3}::operator()() const::{lambda(int, int)#1}>, std::array<char*, 2ul> >(int, at::native::BUnaryFunctor<int, int, int, at::native::rshift_kernel_cuda(at::TensorIteratorBase&)::{lambda()#1}::operator()() const::{lambda()#3}::operator()() const::{lambda(int, int)#1}>, std::array<char*, 2ul>)",226,462438260077845,462438260459288,0,0,8,0,32,256,1,1,77070336,1,1
"KERNEL_DISPATCH","Agent 2",1,0,120312,227,2813,"void at::native::vectorized_elementwise_kernel<4, at::native::BUnaryFunctor<int, int, int, at::native::rshift_kernel_cuda(at::TensorIteratorBase&)::{lambda()#1}::operator()() const::{lambda()#3}::operator()() const::{lambda(int, int)#1}>, std::array<char*, 2ul> >(int, at::native::BUnaryFunctor<int, int, int, at::native::rshift_kernel_cuda(at::TensorIteratorBase&)::{lambda()#1}::operator()() const::{lambda()#3}::operator()() const::{lambda(int, int)#1}>, std::array<char*, 2ul>)",227,462438260459288,462438260854332,0,0,8,0,32,256,1,1,77070336,1,1
"KERNEL_DISPATCH","Agent 2",1,0,120312,228,3028,"void at::native::vectorized_elementwise_kernel<4, at::native::AUnaryFunctor<int, int, int, at::native::BitwiseAndFunctor<int> >, std::array<char*, 2ul> >(int, at::native::AUnaryFunctor<int, int, int, at::native::BitwiseAndFunctor<int> >, std::array<char*, 2ul>)",228,462438260854332,462438261253376,0,0,8,0,32,256,1,1,77070336,1,1
"KERNEL_DISPATCH","Agent 2",1,0,120312,229,3028,"void at::native::vectorized_elementwise_kernel<4, at::native::AUnaryFunctor<int, int, int, at::native::BitwiseAndFunctor<int> >, std::array<char*, 2ul> >(int, at::native::AUnaryFunctor<int, int, int, at::native::BitwiseAndFunctor<int> >, std::array<char*, 2ul>)",229,462438261253376,462438261649300,0,0,8,0,32,256,1,1,77070336,1,1
"KERNEL_DISPATCH","Agent 2",1,0,120312,230,291,"void at::native::vectorized_elementwise_kernel<4, at::native::CUDAFunctorOnSelf_add<int>, std::array<char*, 2ul> >(int, at::native::CUDAFunctorOnSelf_add<int>, std::array<char*, 2ul>)",230,462438261649300,462438262045144,0,0,8,0,32,256,1,1,77070336,1,1
"KERNEL_DISPATCH","Agent 2",1,0,120312,231,291,"void at::native::vectorized_elementwise_kernel<4, at::native::CUDAFunctorOnSelf_add<int>, std::array<char*, 2ul> >(int, at::native::CUDAFunctorOnSelf_add<int>, std::array<char*, 2ul>)",231,462438262045144,462438262461948,0,0,8,0,32,256,1,1,77070336,1,1
"KERNEL_DISPATCH","Agent 2",1,0,120312,232,184,"void at::native::vectorized_elementwise_kernel<4, at::native::CUDAFunctor_add<int>, std::array<char*, 3ul> >(int, at::native::CUDAFunctor_add<int>, std::array<char*, 3ul>)",232,462438262461948,462438263109754,0,0,8,0,32,256,1,1,77070336,1,1
"KERNEL_DISPATCH","Agent 2",1,0,120312,233,184,"void at::native::vectorized_elementwise_kernel<4, at::native::CUDAFunctor_add<int>, std::array<char*, 3ul> >(int, at::native::CUDAFunctor_add<int>, std::array<char*, 3ul>)",233,462438263109754,462438263742960,0,0,8,0,32,256,1,1,77070336,1,1
"KERNEL_DISPATCH","Agent 2",1,0,120312,234,2813,"void at::native::vectorized_elementwise_kernel<4, at::native::BUnaryFunctor<int, int, int, at::native::rshift_kernel_cuda(at::TensorIteratorBase&)::{lambda()#1}::operator()() const::{lambda()#3}::operator()() const::{lambda(int, int)#1}>, std::array<char*, 2ul> >(int, at::native::BUnaryFunctor<int, int, int, at::native::rshift_kernel_cuda(at::TensorIteratorBase&)::{lambda()#1}::operator()() const::{lambda()#3}::operator()() const::{lambda(int, int)#1}>, std::array<char*, 2ul>)",234,462438263742960,462438264138244,0,0,8,0,32,256,1,1,77070336,1,1
"KERNEL_DISPATCH","Agent 2",1,0,120312,235,2813,"void at::native::vectorized_elementwise_kernel<4, at::native::BUnaryFunctor<int, int, int, at::native::rshift_kernel_cuda(at::TensorIteratorBase&)::{lambda()#1}::operator()() const::{lambda()#3}::operator()() const::{lambda(int, int)#1}>, std::array<char*, 2ul> >(int, at::native::BUnaryFunctor<int, int, int, at::native::rshift_kernel_cuda(at::TensorIteratorBase&)::{lambda()#1}::operator()() const::{lambda()#3}::operator()() const::{lambda(int, int)#1}>, std::array<char*, 2ul>)",235,462438264138244,462438264533848,0,0,8,0,32,256,1,1,77070336,1,1
"KERNEL_DISPATCH","Agent 2",1,0,120312,236,1732,"void at::native::elementwise_kernel_manual_unroll<128, 4, at::native::gpu_kernel_impl<at::native::direct_copy_kernel_cuda(at::TensorIteratorBase&)::{lambda()#3}::operator()() const::{lambda()#1}::operator()() const::{lambda(unsigned char)#1}>(at::TensorIteratorBase&, at::native::direct_copy_kernel_cuda(at::TensorIteratorBase&)::{lambda()#3}::operator()() const::{lambda()#1}::operator()() const::{lambda(unsigned char)#1} const&)::{lambda(int, bool)#1}>(int, at::native::gpu_kernel_impl<at::native::direct_copy_kernel_cuda(at::TensorIteratorBase&)::{lambda()#3}::operator()() const::{lambda()#1}::operator()() const::{lambda(unsigned char)#1}>(at::TensorIteratorBase&, at::native::direct_copy_kernel_cuda(at::TensorIteratorBase&)::{lambda()#3}::operator()() const::{lambda()#1}::operator()() const::{lambda(unsigned char)#1} const&)::{lambda(int, bool)#1})",236,462438264533848,462438265009973,0,0,8,0,64,128,1,1,77070336,1,1
"KERNEL_DISPATCH","Agent 2",1,0,120312,237,1732,"void at::native::elementwise_kernel_manual_unroll<128, 4, at::native::gpu_kernel_impl<at::native::direct_copy_kernel_cuda(at::TensorIteratorBase&)::{lambda()#3}::operator()() const::{lambda()#1}::operator()() const::{lambda(unsigned char)#1}>(at::TensorIteratorBase&, at::native::direct_copy_kernel_cuda(at::TensorIteratorBase&)::{lambda()#3}::operator()() const::{lambda()#1}::operator()() const::{lambda(unsigned char)#1} const&)::{lambda(int, bool)#1}>(int, at::native::gpu_kernel_impl<at::native::direct_copy_kernel_cuda(at::TensorIteratorBase&)::{lambda()#3}::operator()() const::{lambda()#1}::operator()() const::{lambda(unsigned char)#1}>(at::TensorIteratorBase&, at::native::direct_copy_kernel_cuda(at::TensorIteratorBase&)::{lambda()#3}::operator()() const::{lambda()#1}::operator()() const::{lambda(unsigned char)#1} const&)::{lambda(int, bool)#1})",237,462438265009973,462438265473337,0,0,8,0,64,128,1,1,77070336,1,1
"KERNEL_DISPATCH","Agent 2",1,0,120312,238,6237,"void at::native::vectorized_elementwise_kernel<16, at::native::FillFunctor<unsigned char>, std::array<char*, 1ul> >(int, at::native::FillFunctor<unsigned char>, std::array<char*, 1ul>)",238,462438265473337,462438265557058,0,0,16,0,48,256,1,1,38535168,1,1
"KERNEL_DISPATCH","Agent 2",1,0,120312,239,3948,"void at::native::vectorized_elementwise_kernel<16, at::native::(anonymous namespace)::where_kernel_impl(at::TensorIterator&)::{lambda()#1}::operator()() const::{lambda()#5}::operator()() const::{lambda(bool, unsigned char, unsigned char)#1}, std::array<char*, 4ul> >(int, at::native::(anonymous namespace)::where_kernel_impl(at::TensorIterator&)::{lambda()#1}::operator()() const::{lambda()#5}::operator()() const::{lambda(bool, unsigned char, unsigned char)#1}, std::array<char*, 4ul>)",239,462438265557058,462438266010983,0,0,24,0,80,256,1,1,38535168,1,1
"KERNEL_DISPATCH","Agent 2",1,0,120312,240,3948,"void at::native::vectorized_elementwise_kernel<16, at::native::(anonymous namespace)::where_kernel_impl(at::TensorIterator&)::{lambda()#1}::operator()() const::{lambda()#5}::operator()() const::{lambda(bool, unsigned char, unsigned char)#1}, std::array<char*, 4ul> >(int, at::native::(anonymous namespace)::where_kernel_impl(at::TensorIterator&)::{lambda()#1}::operator()() const::{lambda()#5}::operator()() const::{lambda(bool, unsigned char, unsigned char)#1}, std::array<char*, 4ul>)",240,462438266010983,462438266431907,0,0,24,0,80,256,1,1,38535168,1,1
"KERNEL_DISPATCH","Agent 2",1,0,120312,241,2813,"void at::native::vectorized_elementwise_kernel<4, at::native::BUnaryFunctor<int, int, int, at::native::rshift_kernel_cuda(at::TensorIteratorBase&)::{lambda()#1}::operator()() const::{lambda()#3}::operator()() const::{lambda(int, int)#1}>, std::array<char*, 2ul> >(int, at::native::BUnaryFunctor<int, int, int, at::native::rshift_kernel_cuda(at::TensorIteratorBase&)::{lambda()#1}::operator()() const::{lambda()#3}::operator()() const::{lambda(int, int)#1}>, std::array<char*, 2ul>)",241,462438266431907,462438266811390,0,0,8,0,32,256,1,1,77070336,1,1
"KERNEL_DISPATCH","Agent 2",1,0,120312,242,2813,"void at::native::vectorized_elementwise_kernel<4, at::native::BUnaryFunctor<int, int, int, at::native::rshift_kernel_cuda(at::TensorIteratorBase&)::{lambda()#1}::operator()() const::{lambda()#3}::operator()() const::{lambda(int, int)#1}>, std::array<char*, 2ul> >(int, at::native::BUnaryFunctor<int, int, int, at::native::rshift_kernel_cuda(at::TensorIteratorBase&)::{lambda()#1}::operator()() const::{lambda()#3}::operator()() const::{lambda(int, int)#1}>, std::array<char*, 2ul>)",242,462438266811390,462438267203114,0,0,8,0,32,256,1,1,77070336,1,1
"KERNEL_DISPATCH","Agent 2",1,0,120312,243,1732,"void at::native::elementwise_kernel_manual_unroll<128, 4, at::native::gpu_kernel_impl<at::native::direct_copy_kernel_cuda(at::TensorIteratorBase&)::{lambda()#3}::operator()() const::{lambda()#1}::operator()() const::{lambda(unsigned char)#1}>(at::TensorIteratorBase&, at::native::direct_copy_kernel_cuda(at::TensorIteratorBase&)::{lambda()#3}::operator()() const::{lambda()#1}::operator()() const::{lambda(unsigned char)#1} const&)::{lambda(int, bool)#1}>(int, at::native::gpu_kernel_impl<at::native::direct_copy_kernel_cuda(at::TensorIteratorBase&)::{lambda()#3}::operator()() const::{lambda()#1}::operator()() const::{lambda(unsigned char)#1}>(at::TensorIteratorBase&, at::native::direct_copy_kernel_cuda(at::TensorIteratorBase&)::{lambda()#3}::operator()() const::{lambda()#1}::operator()() const::{lambda(unsigned char)#1} const&)::{lambda(int, bool)#1})",243,462438267203114,462438267670679,0,0,8,0,64,128,1,1,77070336,1,1
"KERNEL_DISPATCH","Agent 2",1,0,120312,244,1732,"void at::native::elementwise_kernel_manual_unroll<128, 4, at::native::gpu_kernel_impl<at::native::direct_copy_kernel_cuda(at::TensorIteratorBase&)::{lambda()#3}::operator()() const::{lambda()#1}::operator()() const::{lambda(unsigned char)#1}>(at::TensorIteratorBase&, at::native::direct_copy_kernel_cuda(at::TensorIteratorBase&)::{lambda()#3}::operator()() const::{lambda()#1}::operator()() const::{lambda(unsigned char)#1} const&)::{lambda(int, bool)#1}>(int, at::native::gpu_kernel_impl<at::native::direct_copy_kernel_cuda(at::TensorIteratorBase&)::{lambda()#3}::operator()() const::{lambda()#1}::operator()() const::{lambda(unsigned char)#1}>(at::TensorIteratorBase&, at::native::direct_copy_kernel_cuda(at::TensorIteratorBase&)::{lambda()#3}::operator()() const::{lambda()#1}::operator()() const::{lambda(unsigned char)#1} const&)::{lambda(int, bool)#1})",244,462438267670679,462438268132003,0,0,8,0,64,128,1,1,77070336,1,1
"KERNEL_DISPATCH","Agent 2",1,0,120312,245,2972,"void at::native::vectorized_elementwise_kernel<16, at::native::AUnaryFunctor<unsigned char, unsigned char, unsigned char, at::native::BitwiseAndFunctor<unsigned char> >, std::array<char*, 2ul> >(int, at::native::AUnaryFunctor<unsigned char, unsigned char, unsigned char, at::native::BitwiseAndFunctor<unsigned char> >, std::array<char*, 2ul>)",245,462438268132003,462438268319565,0,0,12,0,48,256,1,1,38535168,1,1
"KERNEL_DISPATCH","Agent 2",1,0,120312,246,2936,"void at::native::vectorized_elementwise_kernel<16, at::native::BinaryFunctor<unsigned char, unsigned char, unsigned char, at::native::BitwiseOrFunctor<unsigned char> >, std::array<char*, 3ul> >(int, at::native::BinaryFunctor<unsigned char, unsigned char, unsigned char, at::native::BitwiseOrFunctor<unsigned char> >, std::array<char*, 3ul>)",246,462438268319565,462438268634368,0,0,20,0,48,256,1,1,38535168,1,1
"KERNEL_DISPATCH","Agent 2",1,0,120312,247,2767,"void at::native::elementwise_kernel_manual_unroll<128, 8, at::native::gpu_kernel_impl_nocast<at::native::BUnaryFunctor<unsigned char, unsigned char, unsigned char, at::native::lshift_kernel_cuda(at::TensorIteratorBase&)::{lambda()#1}::operator()() const::{lambda()#1}::operator()() const::{lambda(unsigned char, unsigned char)#1}> >(at::TensorIteratorBase&, at::native::BUnaryFunctor<unsigned char, unsigned char, unsigned char, at::native::lshift_kernel_cuda(at::TensorIteratorBase&)::{lambda()#1}::operator()() const::{lambda()#1}::operator()() const::{lambda(unsigned char, unsigned char)#1}> const&)::{lambda(int, bool)#1}>(int, at::native::gpu_kernel_impl_nocast<at::native::BUnaryFunctor<unsigned char, unsigned char, unsigned char, at::native::lshift_kernel_cuda(at::TensorIteratorBase&)::{lambda()#1}::operator()() const::{lambda()#1}::operator()() const::{lambda(unsigned char, unsigned char)#1}> >(at::TensorIteratorBase&, at::native::BUnaryFunctor<unsigned char, unsigned char, unsigned char, at::native::lshift_kernel_cuda(at::TensorIteratorBase&)::{lambda()#1}::operator()() const::{lambda()#1}::operator()() const::{lambda(unsigned char, unsigned char)#1}> const&)::{lambda(int, bool)#1})",247,462438268634368,462438268882490,0,0,20,0,80,128,1,1,38535168,1,1
"KERNEL_DISPATCH","Agent 2",1,0,120312,248,2945,"void at::native::elementwise_kernel_manual_unroll<128, 8, at::native::gpu_kernel_impl_nocast<at::native::BinaryFunctor<unsigned char, unsigned char, unsigned char, at::native::BitwiseOrFunctor<unsigned char> > >(at::TensorIteratorBase&, at::native::BinaryFunctor<unsigned char, unsigned char, unsigned char, at::native::BitwiseOrFunctor<unsigned char> > const&)::{lambda(int, bool)#1}>(int, at::native::gpu_kernel_impl_nocast<at::native::BinaryFunctor<unsigned char, unsigned char, unsigned char, at::native::BitwiseOrFunctor<unsigned char> > >(at::TensorIteratorBase&, at::native::BinaryFunctor<unsigned char, unsigned char, unsigned char, at::native::BitwiseOrFunctor<unsigned char> > const&)::{lambda(int, bool)#1})",248,462438268882490,462438269181973,0,0,28,0,80,128,1,1,38535168,1,1
"KERNEL_DISPATCH","Agent 2",1,0,120312,249,1550,"void at::native::elementwise_kernel_manual_unroll<128, 8, at::native::gpu_kernel_impl_nocast<at::native::direct_copy_kernel_cuda(at::TensorIteratorBase&)::{lambda()#3}::operator()() const::{lambda()#1}::operator()() const::{lambda(unsigned char)#1}>(at::TensorIteratorBase&, at::native::direct_copy_kernel_cuda(at::TensorIteratorBase&)::{lambda()#3}::operator()() const::{lambda()#1}::operator()() const::{lambda(unsigned char)#1} const&)::{lambda(int, bool)#1}>(int, at::native::gpu_kernel_impl_nocast<at::native::direct_copy_kernel_cuda(at::TensorIteratorBase&)::{lambda()#3}::operator()() const::{lambda()#1}::operator()() const::{lambda(unsigned char)#1}>(at::TensorIteratorBase&, at::native::direct_copy_kernel_cuda(at::TensorIteratorBase&)::{lambda()#3}::operator()() const::{lambda()#1}::operator()() const::{lambda(unsigned char)#1} const&)::{lambda(int, bool)#1})",249,462438269181973,462438269775739,0,0,20,0,80,128,1,1,77070336,1,1
"KERNEL_DISPATCH","Agent 2",1,0,120312,250,1550,"void at::native::elementwise_kernel_manual_unroll<128, 8, at::native::gpu_kernel_impl_nocast<at::native::direct_copy_kernel_cuda(at::TensorIteratorBase&)::{lambda()#3}::operator()() const::{lambda()#1}::operator()() const::{lambda(unsigned char)#1}>(at::TensorIteratorBase&, at::native::direct_copy_kernel_cuda(at::TensorIteratorBase&)::{lambda()#3}::operator()() const::{lambda()#1}::operator()() const::{lambda(unsigned char)#1} const&)::{lambda(int, bool)#1}>(int, at::native::gpu_kernel_impl_nocast<at::native::direct_copy_kernel_cuda(at::TensorIteratorBase&)::{lambda()#3}::operator()() const::{lambda()#1}::operator()() const::{lambda(unsigned char)#1}>(at::TensorIteratorBase&, at::native::direct_copy_kernel_cuda(at::TensorIteratorBase&)::{lambda()#3}::operator()() const::{lambda()#1}::operator()() const::{lambda(unsigned char)#1} const&)::{lambda(int, bool)#1})",250,462438269775739,462438270072542,0,0,20,0,80,128,1,1,38535168,1,1
"KERNEL_DISPATCH","Agent 2",1,0,120312,251,6,"__amd_rocclr_copyBuffer",251,462438270072542,462438270088182,0,0,8,0,32,512,1,1,131072,1,1
"KERNEL_DISPATCH","Agent 2",1,0,120312,252,1495,"void at::native::elementwise_kernel_manual_unroll<128, 8, at::native::gpu_kernel_impl_nocast<at::native::float8_copy_kernel_cuda(at::TensorIteratorBase&)::{lambda(c10::Float8_e8m0fnu)#1}>(at::TensorIteratorBase&, at::native::float8_copy_kernel_cuda(at::TensorIteratorBase&)::{lambda(c10::Float8_e8m0fnu)#1} const&)::{lambda(int, bool)#1}>(int, at::native::gpu_kernel_impl_nocast<at::native::float8_copy_kernel_cuda(at::TensorIteratorBase&)::{lambda(c10::Float8_e8m0fnu)#1}>(at::TensorIteratorBase&, at::native::float8_copy_kernel_cuda(at::TensorIteratorBase&)::{lambda(c10::Float8_e8m0fnu)#1} const&)::{lambda(int, bool)#1})",252,462438270088182,462438270152423,0,0,20,0,80,128,1,1,4816896,1,1
"KERNEL_DISPATCH","Agent 2",1,0,120312,253,6,"__amd_rocclr_copyBuffer",253,462438270152423,462438270161063,0,0,8,0,32,512,1,1,131072,1,1
"KERNEL_DISPATCH","Agent 2",1,0,120312,254,1495,"void at::native::elementwise_kernel_manual_unroll<128, 8, at::native::gpu_kernel_impl_nocast<at::native::float8_copy_kernel_cuda(at::TensorIteratorBase&)::{lambda(c10::Float8_e8m0fnu)#1}>(at::TensorIteratorBase&, at::native::float8_copy_kernel_cuda(at::TensorIteratorBase&)::{lambda(c10::Float8_e8m0fnu)#1} const&)::{lambda(int, bool)#1}>(int, at::native::gpu_kernel_impl_nocast<at::native::float8_copy_kernel_cuda(at::TensorIteratorBase&)::{lambda(c10::Float8_e8m0fnu)#1}>(at::TensorIteratorBase&, at::native::float8_copy_kernel_cuda(at::TensorIteratorBase&)::{lambda(c10::Float8_e8m0fnu)#1} const&)::{lambda(int, bool)#1})",254,462438270161063,462438270195143,0,0,20,0,80,128,1,1,2408448,1,1
"KERNEL_DISPATCH","Agent 2",1,0,120312,255,6216,"void at::native::vectorized_elementwise_kernel<4, at::native::FillFunctor<int>, std::array<char*, 1ul> >(int, at::native::FillFunctor<int>, std::array<char*, 1ul>)",255,462438270195143,462438270199543,0,0,4,0,16,256,1,1,256,1,1
"KERNEL_DISPATCH","Agent 2",1,0,120312,256,6216,"void at::native::vectorized_elementwise_kernel<4, at::native::FillFunctor<int>, std::array<char*, 1ul> >(int, at::native::FillFunctor<int>, std::array<char*, 1ul>)",256,462438270199543,462438270205423,0,0,4,0,16,256,1,1,256,1,1
"KERNEL_DISPATCH","Agent 2",1,0,120312,257,6,"__amd_rocclr_copyBuffer",257,462438270205423,462438270209423,0,0,8,0,32,512,1,1,512,1,1
"KERNEL_DISPATCH","Agent 2",1,0,120312,258,1533,"void at::native::vectorized_elementwise_kernel<4, at::native::bfloat16tofloat32_copy_kernel_cuda(at::TensorIteratorBase&)::{lambda(c10::BFloat16)#1}, std::array<char*, 2ul> >(int, at::native::bfloat16tofloat32_copy_kernel_cuda(at::TensorIteratorBase&)::{lambda(c10::BFloat16)#1}, std::array<char*, 2ul>)",258,462438270304504,462438270313064,0,0,8,0,32,256,1,1,57344,1,1
"KERNEL_DISPATCH","Agent 2",1,0,120312,259,2338,"void at::native::vectorized_elementwise_kernel<4, at::native::AbsFunctor<float>, std::array<char*, 2ul> >(int, at::native::AbsFunctor<float>, std::array<char*, 2ul>)",259,462438270321025,462438270323425,0,0,8,0,32,256,1,1,114688,1,1
"KERNEL_DISPATCH","Agent 2",1,0,120312,260,2384,"void at::native::reduce_kernel<512, 1, at::native::ReduceOp<float, at::native::func_wrapper_t<float, at::native::MaxNanFunctor<float> >, unsigned int, float, 4, 4> >(at::native::ReduceOp<float, at::native::func_wrapper_t<float, at::native::MaxNanFunctor<float> >, unsigned int, float, 4, 4>)",260,462438270340905,462438270346505,512,0,16,0,80,32,16,1,28672,16,1
"KERNEL_DISPATCH","Agent 2",1,0,120312,261,2521,"void at::native::vectorized_elementwise_kernel<4, at::native::BUnaryFunctor<float, float, float, at::native::binary_internal::MulFunctor<float> >, std::array<char*, 2ul> >(int, at::native::BUnaryFunctor<float, float, float, at::native::binary_internal::MulFunctor<float> >, std::array<char*, 2ul>)",261,462438270358585,462438270360905,0,0,8,0,32,256,1,1,3584,1,1
"KERNEL_DISPATCH","Agent 2",1,0,120312,262,2813,"void at::native::vectorized_elementwise_kernel<4, at::native::BUnaryFunctor<int, int, int, at::native::rshift_kernel_cuda(at::TensorIteratorBase&)::{lambda()#1}::operator()() const::{lambda()#3}::operator()() const::{lambda(int, int)#1}>, std::array<char*, 2ul> >(int, at::native::BUnaryFunctor<int, int, int, at::native::rshift_kernel_cuda(at::TensorIteratorBase&)::{lambda()#1}::operator()() const::{lambda()#3}::operator()() const::{lambda(int, int)#1}>, std::array<char*, 2ul>)",262,462438270373545,462438270375465,0,0,8,0,32,256,1,1,3584,1,1
"KERNEL_DISPATCH","Agent 2",1,0,120312,263,3028,"void at::native::vectorized_elementwise_kernel<4, at::native::AUnaryFunctor<int, int, int, at::native::BitwiseAndFunctor<int> >, std::array<char*, 2ul> >(int, at::native::AUnaryFunctor<int, int, int, at::native::BitwiseAndFunctor<int> >, std::array<char*, 2ul>)",263,462438270387265,462438270388905,0,0,8,0,32,256,1,1,3584,1,1
"KERNEL_DISPATCH","Agent 2",1,0,120312,264,1732,"void at::native::elementwise_kernel_manual_unroll<128, 4, at::native::gpu_kernel_impl<at::native::direct_copy_kernel_cuda(at::TensorIteratorBase&)::{lambda()#3}::operator()() const::{lambda()#1}::operator()() const::{lambda(unsigned char)#1}>(at::TensorIteratorBase&, at::native::direct_copy_kernel_cuda(at::TensorIteratorBase&)::{lambda()#3}::operator()() const::{lambda()#1}::operator()() const::{lambda(unsigned char)#1} const&)::{lambda(int, bool)#1}>(int, at::native::gpu_kernel_impl<at::native::direct_copy_kernel_cuda(at::TensorIteratorBase&)::{lambda()#3}::operator()() const::{lambda()#1}::operator()() const::{lambda(unsigned char)#1}>(at::TensorIteratorBase&, at::native::direct_copy_kernel_cuda(at::TensorIteratorBase&)::{lambda()#3}::operator()() const::{lambda()#1}::operator()() const::{lambda(unsigned char)#1} const&)::{lambda(int, bool)#1})",264,462438270401105,462438270406305,0,0,8,0,64,128,1,1,3584,1,1
"KERNEL_DISPATCH","Agent 2",1,0,120312,265,3307,"void at::native::vectorized_elementwise_kernel<16, at::native::AUnaryFunctor<unsigned char, unsigned char, bool, at::native::(anonymous namespace)::CompareEqFunctor<unsigned char> >, std::array<char*, 2ul> >(int, at::native::AUnaryFunctor<unsigned char, unsigned char, bool, at::native::(anonymous namespace)::CompareEqFunctor<unsigned char> >, std::array<char*, 2ul>)",265,462438270416465,462438270419505,0,0,12,0,64,256,1,1,1024,1,1
"KERNEL_DISPATCH","Agent 2",1,0,120312,266,3028,"void at::native::vectorized_elementwise_kernel<4, at::native::AUnaryFunctor<int, int, int, at::native::BitwiseAndFunctor<int> >, std::array<char*, 2ul> >(int, at::native::AUnaryFunctor<int, int, int, at::native::BitwiseAndFunctor<int> >, std::array<char*, 2ul>)",266,462438270428826,462438270430826,0,0,8,0,32,256,1,1,3584,1,1
"KERNEL_DISPATCH","Agent 2",1,0,120312,267,3211,"void at::native::vectorized_elementwise_kernel<4, at::native::AUnaryFunctor<int, int, bool, at::native::(anonymous namespace)::CompareEqFunctor<int> >, std::array<char*, 2ul> >(int, at::native::AUnaryFunctor<int, int, bool, at::native::(anonymous namespace)::CompareEqFunctor<int> >, std::array<char*, 2ul>)",267,462438270443306,462438270447066,0,0,16,0,64,256,1,1,1024,1,1
"KERNEL_DISPATCH","Agent 2",1,0,120312,268,3577,"void at::native::vectorized_elementwise_kernel<16, at::native::compare_scalar_kernel<unsigned char>(at::TensorIteratorBase&, at::native::(anonymous namespace)::OpType, unsigned char)::{lambda(unsigned char)#1}, std::array<char*, 2ul> >(int, at::native::compare_scalar_kernel<unsigned char>(at::TensorIteratorBase&, at::native::(anonymous namespace)::OpType, unsigned char)::{lambda(unsigned char)#1}, std::array<char*, 2ul>)",268,462438270455666,462438270460666,0,0,12,0,64,256,1,1,1024,1,1
"KERNEL_DISPATCH","Agent 2",1,0,120312,269,2901,"void at::native::vectorized_elementwise_kernel<16, at::native::BinaryFunctor<bool, bool, bool, at::native::BitwiseAndFunctor<bool> >, std::array<char*, 3ul> >(int, at::native::BinaryFunctor<bool, bool, bool, at::native::BitwiseAndFunctor<bool> >, std::array<char*, 3ul>)",269,462438270468946,462438270473626,0,0,20,0,80,256,1,1,1024,1,1
"KERNEL_DISPATCH","Agent 2",1,0,120312,270,183,"void at::native::vectorized_elementwise_kernel<16, at::native::CUDAFunctorOnSelf_add<unsigned char>, std::array<char*, 2ul> >(int, at::native::CUDAFunctorOnSelf_add<unsigned char>, std::array<char*, 2ul>)",270,462438270482466,462438270485426,0,0,12,0,48,256,1,1,1024,1,1
"KERNEL_DISPATCH","Agent 2",1,0,120312,271,3948,"void at::native::vectorized_elementwise_kernel<16, at::native::(anonymous namespace)::where_kernel_impl(at::TensorIterator&)::{lambda()#1}::operator()() const::{lambda()#5}::operator()() const::{lambda(bool, unsigned char, unsigned char)#1}, std::array<char*, 4ul> >(int, at::native::(anonymous namespace)::where_kernel_impl(at::TensorIterator&)::{lambda()#1}::operator()() const::{lambda()#5}::operator()() const::{lambda(bool, unsigned char, unsigned char)#1}, std::array<char*, 4ul>)",271,462438270495506,462438270500146,0,0,24,0,80,256,1,1,1024,1,1
"KERNEL_DISPATCH","Agent 2",1,0,120312,272,4118,"void at::native::vectorized_elementwise_kernel<16, at::native::(anonymous namespace)::masked_fill_kernel(at::TensorIterator&, c10::Scalar const&)::{lambda()#1}::operator()() const::{lambda()#1}::operator()() const::{lambda(unsigned char, bool)#1}, std::array<char*, 3ul> >(int, at::native::(anonymous namespace)::masked_fill_kernel(at::TensorIterator&, c10::Scalar const&)::{lambda()#1}::operator()() const::{lambda()#1}::operator()() const::{lambda(unsigned char, bool)#1}, std::array<char*, 3ul>)",272,462438270515146,462438270519626,0,0,16,0,80,256,1,1,1024,1,1
"KERNEL_DISPATCH","Agent 2",1,0,120312,273,3307,"void at::native::vectorized_elementwise_kernel<16, at::native::AUnaryFunctor<unsigned char, unsigned char, bool, at::native::(anonymous namespace)::CompareEqFunctor<unsigned char> >, std::array<char*, 2ul> >(int, at::native::AUnaryFunctor<unsigned char, unsigned char, bool, at::native::(anonymous namespace)::CompareEqFunctor<unsigned char> >, std::array<char*, 2ul>)",273,462438270528267,462438270530987,0,0,12,0,64,256,1,1,1024,1,1
"KERNEL_DISPATCH","Agent 2",1,0,120312,274,3307,"void at::native::vectorized_elementwise_kernel<16, at::native::AUnaryFunctor<unsigned char, unsigned char, bool, at::native::(anonymous namespace)::CompareEqFunctor<unsigned char> >, std::array<char*, 2ul> >(int, at::native::AUnaryFunctor<unsigned char, unsigned char, bool, at::native::(anonymous namespace)::CompareEqFunctor<unsigned char> >, std::array<char*, 2ul>)",274,462438270537027,462438270539547,0,0,12,0,64,256,1,1,1024,1,1
"KERNEL_DISPATCH","Agent 2",1,0,120312,275,1744,"void at::native::elementwise_kernel_manual_unroll<128, 4, at::native::gpu_kernel_impl<at::native::direct_copy_kernel_cuda(at::TensorIteratorBase&)::{lambda()#3}::operator()() const::{lambda()#3}::operator()() const::{lambda(int)#1}>(at::TensorIteratorBase&, at::native::direct_copy_kernel_cuda(at::TensorIteratorBase&)::{lambda()#3}::operator()() const::{lambda()#3}::operator()() const::{lambda(int)#1} const&)::{lambda(int, bool)#1}>(int, at::native::gpu_kernel_impl<at::native::direct_copy_kernel_cuda(at::TensorIteratorBase&)::{lambda()#3}::operator()() const::{lambda()#3}::operator()() const::{lambda(int)#1}>(at::TensorIteratorBase&, at::native::direct_copy_kernel_cuda(at::TensorIteratorBase&)::{lambda()#3}::operator()() const::{lambda()#3}::operator()() const::{lambda(int)#1} const&)::{lambda(int, bool)#1})",275,462438270550067,462438270555427,0,0,8,0,64,128,1,1,3584,1,1
"KERNEL_DISPATCH","Agent 2",1,0,120312,276,2696,"void at::native::vectorized_elementwise_kernel<4, at::native::BUnaryFunctor<int, int, int, at::native::lshift_kernel_cuda(at::TensorIteratorBase&)::{lambda()#1}::operator()() const::{lambda()#3}::operator()() const::{lambda(int, int)#1}>, std::array<char*, 2ul> >(int, at::native::BUnaryFunctor<int, int, int, at::native::lshift_kernel_cuda(at::TensorIteratorBase&)::{lambda()#1}::operator()() const::{lambda()#3}::operator()() const::{lambda(int, int)#1}>, std::array<char*, 2ul>)",276,462438270562147,462438270564347,0,0,8,0,32,256,1,1,3584,1,1
"KERNEL_DISPATCH","Agent 2",1,0,120312,277,4107,"void at::native::vectorized_elementwise_kernel<4, at::native::(anonymous namespace)::masked_fill_kernel(at::TensorIterator&, c10::Scalar const&)::{lambda()#1}::operator()() const::{lambda()#3}::operator()() const::{lambda(int, bool)#1}, std::array<char*, 3ul> >(int, at::native::(anonymous namespace)::masked_fill_kernel(at::TensorIterator&, c10::Scalar const&)::{lambda()#1}::operator()() const::{lambda()#3}::operator()() const::{lambda(int, bool)#1}, std::array<char*, 3ul>)",277,462438270574347,462438270576587,0,0,8,0,32,256,1,1,3584,1,1
"KERNEL_DISPATCH","Agent 2",1,0,120312,278,4107,"void at::native::vectorized_elementwise_kernel<4, at::native::(anonymous namespace)::masked_fill_kernel(at::TensorIterator&, c10::Scalar const&)::{lambda()#1}::operator()() const::{lambda()#3}::operator()() const::{lambda(int, bool)#1}, std::array<char*, 3ul> >(int, at::native::(anonymous namespace)::masked_fill_kernel(at::TensorIterator&, c10::Scalar const&)::{lambda()#1}::operator()() const::{lambda()#3}::operator()() const::{lambda(int, bool)#1}, std::array<char*, 3ul>)",278,462438270582027,462438270583987,0,0,8,0,32,256,1,1,3584,1,1
"KERNEL_DISPATCH","Agent 2",1,0,120312,279,1533,"void at::native::vectorized_elementwise_kernel<4, at::native::bfloat16tofloat32_copy_kernel_cuda(at::TensorIteratorBase&)::{lambda(c10::BFloat16)#1}, std::array<char*, 2ul> >(int, at::native::bfloat16tofloat32_copy_kernel_cuda(at::TensorIteratorBase&)::{lambda(c10::BFloat16)#1}, std::array<char*, 2ul>)",279,462438270593467,462438270595907,0,0,8,0,32,256,1,1,57344,1,1
"KERNEL_DISPATCH","Agent 2",1,0,120312,280,2584,"void at::native::elementwise_kernel_manual_unroll<128, 4, at::native::gpu_kernel_impl_nocast<at::native::BinaryFunctor<float, float, float, at::native::binary_internal::DivFunctor<float> > >(at::TensorIteratorBase&, at::native::BinaryFunctor<float, float, float, at::native::binary_internal::DivFunctor<float> > const&)::{lambda(int, bool)#1}>(int, at::native::gpu_kernel_impl_nocast<at::native::BinaryFunctor<float, float, float, at::native::binary_internal::DivFunctor<float> > >(at::TensorIteratorBase&, at::native::BinaryFunctor<float, float, float, at::native::binary_internal::DivFunctor<float> > const&)::{lambda(int, bool)#1})",280,462438270606467,462438270610707,0,0,16,0,80,128,1,1,114688,1,1
"KERNEL_DISPATCH","Agent 2",1,0,120312,281,3028,"void at::native::vectorized_elementwise_kernel<4, at::native::AUnaryFunctor<int, int, int, at::native::BitwiseAndFunctor<int> >, std::array<char*, 2ul> >(int, at::native::AUnaryFunctor<int, int, int, at::native::BitwiseAndFunctor<int> >, std::array<char*, 2ul>)",281,462438270633508,462438270636588,0,0,8,0,32,256,1,1,114688,1,1
"KERNEL_DISPATCH","Agent 2",1,0,120312,282,3097,"void at::native::vectorized_elementwise_kernel<4, at::native::BinaryFunctor<int, int, int, at::native::BitwiseXorFunctor<int> >, std::array<char*, 3ul> >(int, at::native::BinaryFunctor<int, int, int, at::native::BitwiseXorFunctor<int> >, std::array<char*, 3ul>)",282,462438270647628,462438270650268,0,0,8,0,32,256,1,1,114688,1,1
"KERNEL_DISPATCH","Agent 2",1,0,120312,283,3601,"void at::native::vectorized_elementwise_kernel<4, at::native::compare_scalar_kernel<float>(at::TensorIteratorBase&, at::native::(anonymous namespace)::OpType, float)::{lambda(float)#1}, std::array<char*, 2ul> >(int, at::native::compare_scalar_kernel<float>(at::TensorIteratorBase&, at::native::(anonymous namespace)::OpType, float)::{lambda(float)#1}, std::array<char*, 2ul>)",283,462438270661548,462438270665068,0,0,12,0,64,256,1,1,28672,1,1
"KERNEL_DISPATCH","Agent 2",1,0,120312,284,5414,"void at::native::vectorized_elementwise_kernel<16, at::native::logical_not_kernel_cuda(at::TensorIteratorBase&)::{lambda()#2}::operator()() const::{lambda()#10}::operator()() const::{lambda(bool)#1}, std::array<char*, 2ul> >(int, at::native::logical_not_kernel_cuda(at::TensorIteratorBase&)::{lambda()#2}::operator()() const::{lambda()#10}::operator()() const::{lambda(bool)#1}, std::array<char*, 2ul>)",284,462438270755069,462438270762789,0,0,12,0,64,256,1,1,28672,1,1
"KERNEL_DISPATCH","Agent 2",1,0,120312,285,3601,"void at::native::vectorized_elementwise_kernel<4, at::native::compare_scalar_kernel<float>(at::TensorIteratorBase&, at::native::(anonymous namespace)::OpType, float)::{lambda(float)#1}, std::array<char*, 2ul> >(int, at::native::compare_scalar_kernel<float>(at::TensorIteratorBase&, at::native::(anonymous namespace)::OpType, float)::{lambda(float)#1}, std::array<char*, 2ul>)",285,462438270766389,462438270769069,0,0,12,0,64,256,1,1,28672,1,1
"KERNEL_DISPATCH","Agent 2",1,0,120312,286,5997,"void at::native::vectorized_elementwise_kernel<16, at::native::BinaryFunctor<bool, bool, bool, at::native::logical_and_kernel_cuda(at::TensorIterator&)::{lambda()#2}::operator()() const::{lambda()#9}::operator()() const::{lambda(bool, bool)#1}>, std::array<char*, 3ul> >(int, at::native::BinaryFunctor<bool, bool, bool, at::native::logical_and_kernel_cuda(at::TensorIterator&)::{lambda()#2}::operator()() const::{lambda()#9}::operator()() const::{lambda(bool, bool)#1}>, std::array<char*, 3ul>)",286,462438270783909,462438270786309,0,0,20,0,80,256,1,1,28672,1,1
"KERNEL_DISPATCH","Agent 2",1,0,120312,287,5756,"void at::native::vectorized_elementwise_kernel<16, at::native::BinaryFunctor<bool, bool, bool, at::native::logical_or_kernel_cuda(at::TensorIterator&)::{lambda()#2}::operator()() const::{lambda()#9}::operator()() const::{lambda(bool, bool)#1}>, std::array<char*, 3ul> >(int, at::native::BinaryFunctor<bool, bool, bool, at::native::logical_or_kernel_cuda(at::TensorIterator&)::{lambda()#2}::operator()() const::{lambda()#9}::operator()() const::{lambda(bool, bool)#1}>, std::array<char*, 3ul>)",287,462438270798629,462438270801229,0,0,20,0,32,256,1,1,28672,1,1
"KERNEL_DISPATCH","Agent 2",1,0,120312,288,5414,"void at::native::vectorized_elementwise_kernel<16, at::native::logical_not_kernel_cuda(at::TensorIteratorBase&)::{lambda()#2}::operator()() const::{lambda()#10}::operator()() const::{lambda(bool)#1}, std::array<char*, 2ul> >(int, at::native::logical_not_kernel_cuda(at::TensorIteratorBase&)::{lambda()#2}::operator()() const::{lambda()#10}::operator()() const::{lambda(bool)#1}, std::array<char*, 2ul>)",288,462438270806349,462438270808709,0,0,12,0,64,256,1,1,28672,1,1
"KERNEL_DISPATCH","Agent 2",1,0,120312,289,349,"void at::native::vectorized_elementwise_kernel<4, at::native::CUDAFunctorOnSelf_add<float>, std::array<char*, 2ul> >(int, at::native::CUDAFunctorOnSelf_add<float>, std::array<char*, 2ul>)",289,462438270819829,462438270822149,0,0,8,0,32,256,1,1,114688,1,1
"KERNEL_DISPATCH","Agent 2",1,0,120312,290,291,"void at::native::vectorized_elementwise_kernel<4, at::native::CUDAFunctorOnSelf_add<int>, std::array<char*, 2ul> >(int, at::native::CUDAFunctorOnSelf_add<int>, std::array<char*, 2ul>)",290,462438270835790,462438270838390,0,0,8,0,32,256,1,1,114688,1,1
"KERNEL_DISPATCH","Agent 2",1,0,120312,291,1732,"void at::native::elementwise_kernel_manual_unroll<128, 4, at::native::gpu_kernel_impl<at::native::direct_copy_kernel_cuda(at::TensorIteratorBase&)::{lambda()#3}::operator()() const::{lambda()#1}::operator()() const::{lambda(unsigned char)#1}>(at::TensorIteratorBase&, at::native::direct_copy_kernel_cuda(at::TensorIteratorBase&)::{lambda()#3}::operator()() const::{lambda()#1}::operator()() const::{lambda(unsigned char)#1} const&)::{lambda(int, bool)#1}>(int, at::native::gpu_kernel_impl<at::native::direct_copy_kernel_cuda(at::TensorIteratorBase&)::{lambda()#3}::operator()() const::{lambda()#1}::operator()() const::{lambda(unsigned char)#1}>(at::TensorIteratorBase&, at::native::direct_copy_kernel_cuda(at::TensorIteratorBase&)::{lambda()#3}::operator()() const::{lambda()#1}::operator()() const::{lambda(unsigned char)#1} const&)::{lambda(int, bool)#1})",291,462438270849230,462438270853470,0,0,8,0,64,128,1,1,114688,1,1
"KERNEL_DISPATCH","Agent 2",1,0,120312,292,2813,"void at::native::vectorized_elementwise_kernel<4, at::native::BUnaryFunctor<int, int, int, at::native::rshift_kernel_cuda(at::TensorIteratorBase&)::{lambda()#1}::operator()() const::{lambda()#3}::operator()() const::{lambda(int, int)#1}>, std::array<char*, 2ul> >(int, at::native::BUnaryFunctor<int, int, int, at::native::rshift_kernel_cuda(at::TensorIteratorBase&)::{lambda()#1}::operator()() const::{lambda()#3}::operator()() const::{lambda(int, int)#1}>, std::array<char*, 2ul>)",292,462438270861550,462438270864470,0,0,8,0,32,256,1,1,114688,1,1
"KERNEL_DISPATCH","Agent 2",1,0,120312,293,3028,"void at::native::vectorized_elementwise_kernel<4, at::native::AUnaryFunctor<int, int, int, at::native::BitwiseAndFunctor<int> >, std::array<char*, 2ul> >(int, at::native::AUnaryFunctor<int, int, int, at::native::BitwiseAndFunctor<int> >, std::array<char*, 2ul>)",293,462438270873430,462438270875670,0,0,8,0,32,256,1,1,114688,1,1
"KERNEL_DISPATCH","Agent 2",1,0,120312,294,291,"void at::native::vectorized_elementwise_kernel<4, at::native::CUDAFunctorOnSelf_add<int>, std::array<char*, 2ul> >(int, at::native::CUDAFunctorOnSelf_add<int>, std::array<char*, 2ul>)",294,462438270885030,462438270887390,0,0,8,0,32,256,1,1,114688,1,1
"KERNEL_DISPATCH","Agent 2",1,0,120312,295,184,"void at::native::vectorized_elementwise_kernel<4, at::native::CUDAFunctor_add<int>, std::array<char*, 3ul> >(int, at::native::CUDAFunctor_add<int>, std::array<char*, 3ul>)",295,462438270894470,462438270896870,0,0,8,0,32,256,1,1,114688,1,1
"KERNEL_DISPATCH","Agent 2",1,0,120312,296,2813,"void at::native::vectorized_elementwise_kernel<4, at::native::BUnaryFunctor<int, int, int, at::native::rshift_kernel_cuda(at::TensorIteratorBase&)::{lambda()#1}::operator()() const::{lambda()#3}::operator()() const::{lambda(int, int)#1}>, std::array<char*, 2ul> >(int, at::native::BUnaryFunctor<int, int, int, at::native::rshift_kernel_cuda(at::TensorIteratorBase&)::{lambda()#1}::operator()() const::{lambda()#3}::operator()() const::{lambda(int, int)#1}>, std::array<char*, 2ul>)",296,462438270903110,462438270905150,0,0,8,0,32,256,1,1,114688,1,1
"KERNEL_DISPATCH","Agent 2",1,0,120312,297,1732,"void at::native::elementwise_kernel_manual_unroll<128, 4, at::native::gpu_kernel_impl<at::native::direct_copy_kernel_cuda(at::TensorIteratorBase&)::{lambda()#3}::operator()() const::{lambda()#1}::operator()() const::{lambda(unsigned char)#1}>(at::TensorIteratorBase&, at::native::direct_copy_kernel_cuda(at::TensorIteratorBase&)::{lambda()#3}::operator()() const::{lambda()#1}::operator()() const::{lambda(unsigned char)#1} const&)::{lambda(int, bool)#1}>(int, at::native::gpu_kernel_impl<at::native::direct_copy_kernel_cuda(at::TensorIteratorBase&)::{lambda()#3}::operator()() const::{lambda()#1}::operator()() const::{lambda(unsigned char)#1}>(at::TensorIteratorBase&, at::native::direct_copy_kernel_cuda(at::TensorIteratorBase&)::{lambda()#3}::operator()() const::{lambda()#1}::operator()() const::{lambda(unsigned char)#1} const&)::{lambda(int, bool)#1})",297,462438270914190,462438270917470,0,0,8,0,64,128,1,1,114688,1,1
"KERNEL_DISPATCH","Agent 2",1,0,120312,298,6237,"void at::native::vectorized_elementwise_kernel<16, at::native::FillFunctor<unsigned char>, std::array<char*, 1ul> >(int, at::native::FillFunctor<unsigned char>, std::array<char*, 1ul>)",298,462438270976071,462438270978751,0,0,16,0,48,256,1,1,28672,1,1
"KERNEL_DISPATCH","Agent 2",1,0,120312,299,3948,"void at::native::vectorized_elementwise_kernel<16, at::native::(anonymous namespace)::where_kernel_impl(at::TensorIterator&)::{lambda()#1}::operator()() const::{lambda()#5}::operator()() const::{lambda(bool, unsigned char, unsigned char)#1}, std::array<char*, 4ul> >(int, at::native::(anonymous namespace)::where_kernel_impl(at::TensorIterator&)::{lambda()#1}::operator()() const::{lambda()#5}::operator()() const::{lambda(bool, unsigned char, unsigned char)#1}, std::array<char*, 4ul>)",299,462438270986591,462438270989111,0,0,24,0,80,256,1,1,28672,1,1
"KERNEL_DISPATCH","Agent 2",1,0,120312,300,3948,"void at::native::vectorized_elementwise_kernel<16, at::native::(anonymous namespace)::where_kernel_impl(at::TensorIterator&)::{lambda()#1}::operator()() const::{lambda()#5}::operator()() const::{lambda(bool, unsigned char, unsigned char)#1}, std::array<char*, 4ul> >(int, at::native::(anonymous namespace)::where_kernel_impl(at::TensorIterator&)::{lambda()#1}::operator()() const::{lambda()#5}::operator()() const::{lambda(bool, unsigned char, unsigned char)#1}, std::array<char*, 4ul>)",300,462438271027631,462438271030391,0,0,24,0,80,256,1,1,28672,1,1
"KERNEL_DISPATCH","Agent 2",1,0,120312,301,2813,"void at::native::vectorized_elementwise_kernel<4, at::native::BUnaryFunctor<int, int, int, at::native::rshift_kernel_cuda(at::TensorIteratorBase&)::{lambda()#1}::operator()() const::{lambda()#3}::operator()() const::{lambda(int, int)#1}>, std::array<char*, 2ul> >(int, at::native::BUnaryFunctor<int, int, int, at::native::rshift_kernel_cuda(at::TensorIteratorBase&)::{lambda()#1}::operator()() const::{lambda()#3}::operator()() const::{lambda(int, int)#1}>, std::array<char*, 2ul>)",301,462438271037551,462438271039792,0,0,8,0,32,256,1,1,114688,1,1
"KERNEL_DISPATCH","Agent 2",1,0,120312,302,1732,"void at::native::elementwise_kernel_manual_unroll<128, 4, at::native::gpu_kernel_impl<at::native::direct_copy_kernel_cuda(at::TensorIteratorBase&)::{lambda()#3}::operator()() const::{lambda()#1}::operator()() const::{lambda(unsigned char)#1}>(at::TensorIteratorBase&, at::native::direct_copy_kernel_cuda(at::TensorIteratorBase&)::{lambda()#3}::operator()() const::{lambda()#1}::operator()() const::{lambda(unsigned char)#1} const&)::{lambda(int, bool)#1}>(int, at::native::gpu_kernel_impl<at::native::direct_copy_kernel_cuda(at::TensorIteratorBase&)::{lambda()#3}::operator()() const::{lambda()#1}::operator()() const::{lambda(unsigned char)#1}>(at::TensorIteratorBase&, at::native::direct_copy_kernel_cuda(at::TensorIteratorBase&)::{lambda()#3}::operator()() const::{lambda()#1}::operator()() const::{lambda(unsigned char)#1} const&)::{lambda(int, bool)#1})",302,462438271047152,462438271050392,0,0,8,0,64,128,1,1,114688,1,1
"KERNEL_DISPATCH","Agent 2",1,0,120312,303,2972,"void at::native::vectorized_elementwise_kernel<16, at::native::AUnaryFunctor<unsigned char, unsigned char, unsigned char, at::native::BitwiseAndFunctor<unsigned char> >, std::array<char*, 2ul> >(int, at::native::AUnaryFunctor<unsigned char, unsigned char, unsigned char, at::native::BitwiseAndFunctor<unsigned char> >, std::array<char*, 2ul>)",303,462438271059712,462438271061912,0,0,12,0,48,256,1,1,28672,1,1
"KERNEL_DISPATCH","Agent 2",1,0,120312,304,2936,"void at::native::vectorized_elementwise_kernel<16, at::native::BinaryFunctor<unsigned char, unsigned char, unsigned char, at::native::BitwiseOrFunctor<unsigned char> >, std::array<char*, 3ul> >(int, at::native::BinaryFunctor<unsigned char, unsigned char, unsigned char, at::native::BitwiseOrFunctor<unsigned char> >, std::array<char*, 3ul>)",304,462438271072312,462438271074472,0,0,20,0,48,256,1,1,28672,1,1
"KERNEL_DISPATCH","Agent 2",1,0,120312,305,2767,"void at::native::elementwise_kernel_manual_unroll<128, 8, at::native::gpu_kernel_impl_nocast<at::native::BUnaryFunctor<unsigned char, unsigned char, unsigned char, at::native::lshift_kernel_cuda(at::TensorIteratorBase&)::{lambda()#1}::operator()() const::{lambda()#1}::operator()() const::{lambda(unsigned char, unsigned char)#1}> >(at::TensorIteratorBase&, at::native::BUnaryFunctor<unsigned char, unsigned char, unsigned char, at::native::lshift_kernel_cuda(at::TensorIteratorBase&)::{lambda()#1}::operator()() const::{lambda()#1}::operator()() const::{lambda(unsigned char, unsigned char)#1}> const&)::{lambda(int, bool)#1}>(int, at::native::gpu_kernel_impl_nocast<at::native::BUnaryFunctor<unsigned char, unsigned char, unsigned char, at::native::lshift_kernel_cuda(at::TensorIteratorBase&)::{lambda()#1}::operator()() const::{lambda()#1}::operator()() const::{lambda(unsigned char, unsigned char)#1}> >(at::TensorIteratorBase&, at::native::BUnaryFunctor<unsigned char, unsigned char, unsigned char, at::native::lshift_kernel_cuda(at::TensorIteratorBase&)::{lambda()#1}::operator()() const::{lambda()#1}::operator()() const::{lambda(unsigned char, unsigned char)#1}> const&)::{lambda(int, bool)#1})",305,462438271100632,462438271104952,0,0,20,0,80,128,1,1,28672,1,1
"KERNEL_DISPATCH","Agent 2",1,0,120312,306,2945,"void at::native::elementwise_kernel_manual_unroll<128, 8, at::native::gpu_kernel_impl_nocast<at::native::BinaryFunctor<unsigned char, unsigned char, unsigned char, at::native::BitwiseOrFunctor<unsigned char> > >(at::TensorIteratorBase&, at::native::BinaryFunctor<unsigned char, unsigned char, unsigned char, at::native::BitwiseOrFunctor<unsigned char> > const&)::{lambda(int, bool)#1}>(int, at::native::gpu_kernel_impl_nocast<at::native::BinaryFunctor<unsigned char, unsigned char, unsigned char, at::native::BitwiseOrFunctor<unsigned char> > >(at::TensorIteratorBase&, at::native::BinaryFunctor<unsigned char, unsigned char, unsigned char, at::native::BitwiseOrFunctor<unsigned char> > const&)::{lambda(int, bool)#1})",306,462438271110792,462438271114832,0,0,28,0,80,128,1,1,28672,1,1
"KERNEL_DISPATCH","Agent 2",1,0,120312,307,6,"__amd_rocclr_copyBuffer",307,462439864565434,462439864569434,0,0,8,0,32,512,1,1,512,1,1
"KERNEL_DISPATCH","Agent 2",1,0,120312,308,6,"__amd_rocclr_copyBuffer",308,462439864590994,462439864594314,0,0,8,0,32,512,1,1,512,1,1
"KERNEL_DISPATCH","Agent 2",1,0,120312,309,6,"__amd_rocclr_copyBuffer",309,462439864614914,462439864618234,0,0,8,0,32,512,1,1,512,1,1
"KERNEL_DISPATCH","Agent 2",1,0,120312,310,6,"__amd_rocclr_copyBuffer",310,462439864638474,462439864641794,0,0,8,0,32,512,1,1,512,1,1
"KERNEL_DISPATCH","Agent 2",1,0,120312,311,11,"__amd_rocclr_fillBufferAligned",311,462439864666114,462439864669314,0,0,8,0,48,256,1,1,65536,1,1
"KERNEL_DISPATCH","Agent 2",1,0,120312,312,6,"__amd_rocclr_copyBuffer",312,462439864696075,462439864699875,0,0,8,0,32,512,1,1,512,1,1
"KERNEL_DISPATCH","Agent 2",1,0,120312,313,6,"__amd_rocclr_copyBuffer",313,462439864816316,462439864821236,0,0,8,0,32,512,1,1,512,1,1
"KERNEL_DISPATCH","Agent 2",1,0,120312,314,6,"__amd_rocclr_copyBuffer",314,462439864846160,462439864849440,0,0,8,0,32,512,1,1,512,1,1
"KERNEL_DISPATCH","Agent 2",1,0,120312,315,6,"__amd_rocclr_copyBuffer",315,462439864868516,462439864873156,0,0,8,0,32,512,1,1,512,1,1
"KERNEL_DISPATCH","Agent 2",1,0,120312,316,11,"__amd_rocclr_fillBufferAligned",316,462439864922997,462439864927037,0,0,8,0,48,256,1,1,65536,1,1
"KERNEL_DISPATCH","Agent 2",1,0,120312,317,6,"__amd_rocclr_copyBuffer",317,462439864980357,462439864984317,0,0,8,0,32,512,1,1,512,1,1
"KERNEL_DISPATCH","Agent 2",1,0,120312,318,6,"__amd_rocclr_copyBuffer",318,462439865002118,462439865006718,0,0,8,0,32,512,1,1,512,1,1
"KERNEL_DISPATCH","Agent 2",1,0,120312,319,6,"__amd_rocclr_copyBuffer",319,462439865026177,462439865029457,0,0,8,0,32,512,1,1,512,1,1
"KERNEL_DISPATCH","Agent 2",1,0,120312,320,6,"__amd_rocclr_copyBuffer",320,462439865049438,462439865052918,0,0,8,0,32,512,1,1,512,1,1
"KERNEL_DISPATCH","Agent 2",1,0,120312,321,11,"__amd_rocclr_fillBufferAligned",321,462439865068878,462439865071478,0,0,8,0,48,256,1,1,65536,1,1
"KERNEL_DISPATCH","Agent 2",1,0,120312,322,6,"__amd_rocclr_copyBuffer",322,462439865091959,462439865095839,0,0,8,0,32,512,1,1,512,1,1
"KERNEL_DISPATCH","Agent 2",1,0,120312,323,6,"__amd_rocclr_copyBuffer",323,462439865114039,462439865117159,0,0,8,0,32,512,1,1,512,1,1
"KERNEL_DISPATCH","Agent 2",1,0,120312,324,6,"__amd_rocclr_copyBuffer",324,462439865135679,462439865142799,0,0,8,0,32,512,1,1,512,1,1
"KERNEL_DISPATCH","Agent 2",1,0,120312,325,6,"__amd_rocclr_copyBuffer",325,462439865161679,462439865164879,0,0,8,0,32,512,1,1,512,1,1
"KERNEL_DISPATCH","Agent 2",1,0,120312,326,11,"__amd_rocclr_fillBufferAligned",326,462439865179599,462439865183679,0,0,8,0,48,256,1,1,65536,1,1
"KERNEL_DISPATCH","Agent 2",1,0,120312,327,6,"__amd_rocclr_copyBuffer",327,462439865204600,462439865208680,0,0,8,0,32,512,1,1,512,1,1
"KERNEL_DISPATCH","Agent 2",1,0,120312,328,6,"__amd_rocclr_copyBuffer",328,462439865227520,462439865232000,0,0,8,0,32,512,1,1,512,1,1
"KERNEL_DISPATCH","Agent 2",1,0,120312,329,6,"__amd_rocclr_copyBuffer",329,462439865250720,462439865253920,0,0,8,0,32,512,1,1,512,1,1
"KERNEL_DISPATCH","Agent 2",1,0,120312,330,6,"__amd_rocclr_copyBuffer",330,462439865274440,462439865278240,0,0,8,0,32,512,1,1,512,1,1
"KERNEL_DISPATCH","Agent 2",1,0,120312,331,11,"__amd_rocclr_fillBufferAligned",331,462439865292160,462439865294440,0,0,8,0,48,256,1,1,57344,1,1
"KERNEL_DISPATCH","Agent 2",1,0,120312,332,6,"__amd_rocclr_copyBuffer",332,462439865315202,462439865318922,0,0,8,0,32,512,1,1,512,1,1
"KERNEL_DISPATCH","Agent 2",1,0,120312,333,6,"__amd_rocclr_copyBuffer",333,462439865360841,462439865364161,0,0,8,0,32,512,1,1,512,1,1
"KERNEL_DISPATCH","Agent 2",1,0,120312,334,6,"__amd_rocclr_copyBuffer",334,462439865382961,462439865387641,0,0,8,0,32,512,1,1,512,1,1
"KERNEL_DISPATCH","Agent 2",1,0,120312,335,6,"__amd_rocclr_copyBuffer",335,462439865405522,462439865408802,0,0,8,0,32,512,1,1,512,1,1
"KERNEL_DISPATCH","Agent 2",1,0,120312,336,11,"__amd_rocclr_fillBufferAligned",336,462439865424682,462439865426722,0,0,8,0,48,256,1,1,59392,1,1
"KERNEL_DISPATCH","Agent 2",1,0,120312,365,6,"__amd_rocclr_copyBuffer",365,462439866748375,462439866753415,0,0,8,0,32,512,1,1,512,1,1
"KERNEL_DISPATCH","Agent 2",1,0,120312,364,6,"__amd_rocclr_copyBuffer",364,462439866673934,462439866677254,0,0,8,0,32,512,1,1,512,1,1
"KERNEL_DISPATCH","Agent 2",1,0,120312,363,6,"__amd_rocclr_copyBuffer",363,462439866594093,462439866598933,0,0,8,0,32,512,1,1,512,1,1
"KERNEL_DISPATCH","Agent 2",1,0,120312,362,6,"__amd_rocclr_copyBuffer",362,462439866513412,462439866517252,0,0,8,0,32,512,1,1,512,1,1
"KERNEL_DISPATCH","Agent 2",1,0,120312,361,11,"__amd_rocclr_fillBufferAligned",361,462439866440972,462439866443332,0,0,8,0,48,256,1,1,14336,1,1
"KERNEL_DISPATCH","Agent 2",1,0,120312,360,6,"__amd_rocclr_copyBuffer",360,462439866372611,462439866375971,0,0,8,0,32,512,1,1,512,1,1
"KERNEL_DISPATCH","Agent 2",1,0,120312,359,6,"__amd_rocclr_copyBuffer",359,462439866297970,462439866303850,0,0,8,0,32,512,1,1,512,1,1
"KERNEL_DISPATCH","Agent 2",1,0,120312,358,6,"__amd_rocclr_copyBuffer",358,462439866226530,462439866229850,0,0,8,0,32,512,1,1,512,1,1
"KERNEL_DISPATCH","Agent 2",1,0,120312,357,6,"__amd_rocclr_copyBuffer",357,462439866153809,462439866158129,0,0,8,0,32,512,1,1,512,1,1
"KERNEL_DISPATCH","Agent 2",1,0,120312,356,11,"__amd_rocclr_fillBufferAligned",356,462439866081208,462439866083488,0,0,8,0,48,256,1,1,14336,1,1
"KERNEL_DISPATCH","Agent 2",1,0,120312,355,6,"__amd_rocclr_copyBuffer",355,462439866011207,462439866014488,0,0,8,0,32,512,1,1,512,1,1
"KERNEL_DISPATCH","Agent 2",1,0,120312,354,6,"__amd_rocclr_copyBuffer",354,462439865973367,462439865976647,0,0,8,0,32,512,1,1,512,1,1
"KERNEL_DISPATCH","Agent 2",1,0,120312,353,6,"__amd_rocclr_copyBuffer",353,462439865900846,462439865904086,0,0,8,0,32,512,1,1,512,1,1
"KERNEL_DISPATCH","Agent 2",1,0,120312,352,6,"__amd_rocclr_copyBuffer",352,462439865808245,462439865811966,0,0,8,0,32,512,1,1,512,1,1
"KERNEL_DISPATCH","Agent 2",1,0,120312,351,11,"__amd_rocclr_fillBufferAligned",351,462439865734085,462439865736445,0,0,8,0,48,256,1,1,8192,1,1
"KERNEL_DISPATCH","Agent 2",1,0,120312,350,6,"__amd_rocclr_copyBuffer",350,462439865716685,462439865721285,0,0,8,0,32,512,1,1,512,1,1
"KERNEL_DISPATCH","Agent 2",1,0,120312,349,6,"__amd_rocclr_copyBuffer",349,462439865697124,462439865700364,0,0,8,0,32,512,1,1,512,1,1
"KERNEL_DISPATCH","Agent 2",1,0,120312,348,6,"__amd_rocclr_copyBuffer",348,462439865677404,462439865680684,0,0,8,0,32,512,1,1,512,1,1
"KERNEL_DISPATCH","Agent 2",1,0,120312,347,6,"__amd_rocclr_copyBuffer",347,462439865658164,462439865661884,0,0,8,0,32,512,1,1,512,1,1
"KERNEL_DISPATCH","Agent 2",1,0,120312,346,11,"__amd_rocclr_fillBufferAligned",346,462439865637964,462439865640044,0,0,8,0,48,256,1,1,8192,1,1
"KERNEL_DISPATCH","Agent 2",1,0,120312,345,6,"__amd_rocclr_copyBuffer",345,462439865621684,462439865624844,0,0,8,0,32,512,1,1,512,1,1
"KERNEL_DISPATCH","Agent 2",1,0,120312,344,6,"__amd_rocclr_copyBuffer",344,462439865602163,462439865605364,0,0,8,0,32,512,1,1,512,1,1
"KERNEL_DISPATCH","Agent 2",1,0,120312,343,6,"__amd_rocclr_copyBuffer",343,462439865580683,462439865585283,0,0,8,0,32,512,1,1,512,1,1
"KERNEL_DISPATCH","Agent 2",1,0,120312,342,6,"__amd_rocclr_copyBuffer",342,462439865559563,462439865564163,0,0,8,0,32,512,1,1,512,1,1
"KERNEL_DISPATCH","Agent 2",1,0,120312,341,11,"__amd_rocclr_fillBufferAligned",341,462439865539043,462439865541243,0,0,8,0,48,256,1,1,8192,1,1
"KERNEL_DISPATCH","Agent 2",1,0,120312,340,6,"__amd_rocclr_copyBuffer",340,462439865521323,462439865525963,0,0,8,0,32,512,1,1,512,1,1
"KERNEL_DISPATCH","Agent 2",1,0,120312,339,6,"__amd_rocclr_copyBuffer",339,462439865499882,462439865503083,0,0,8,0,32,512,1,1,512,1,1
"KERNEL_DISPATCH","Agent 2",1,0,120312,338,6,"__amd_rocclr_copyBuffer",338,462439865478682,462439865483082,0,0,8,0,32,512,1,1,512,1,1
"KERNEL_DISPATCH","Agent 2",1,0,120312,337,6,"__amd_rocclr_copyBuffer",337,462439865458482,462439865462202,0,0,8,0,32,512,1,1,512,1,1
"KERNEL_DISPATCH","Agent 2",1,0,120312,366,11,"__amd_rocclr_fillBufferAligned",366,462439866826855,462439866829215,0,0,8,0,48,256,1,1,8192,1,1
"KERNEL_DISPATCH","Agent 2",1,0,120312,367,6,"__amd_rocclr_copyBuffer",367,462439866901487,462439866905407,0,0,8,0,32,512,1,1,512,1,1
"KERNEL_DISPATCH","Agent 2",1,0,120312,368,6,"__amd_rocclr_copyBuffer",368,462439866924136,462439866927256,0,0,8,0,32,512,1,1,512,1,1
"KERNEL_DISPATCH","Agent 2",1,0,120312,369,6,"__amd_rocclr_copyBuffer",369,462439866944937,462439866948097,0,0,8,0,32,512,1,1,512,1,1
"KERNEL_DISPATCH","Agent 2",1,0,120312,370,6,"__amd_rocclr_copyBuffer",370,462439866966257,462439866969457,0,0,8,0,32,512,1,1,512,1,1
"KERNEL_DISPATCH","Agent 2",1,0,120312,371,11,"__amd_rocclr_fillBufferAligned",371,462439866984177,462439866986337,0,0,8,0,48,256,1,1,8192,1,1
"KERNEL_DISPATCH","Agent 2",1,0,120312,372,6,"__amd_rocclr_copyBuffer",372,462439867012457,462439867016017,0,0,8,0,32,512,1,1,512,1,1
"KERNEL_DISPATCH","Agent 2",1,0,120312,373,6,"__amd_rocclr_copyBuffer",373,462439867054098,462439867057418,0,0,8,0,32,512,1,1,512,1,1
"KERNEL_DISPATCH","Agent 2",1,0,120312,374,6,"__amd_rocclr_copyBuffer",374,462439867076898,462439867080178,0,0,8,0,32,512,1,1,512,1,1
"KERNEL_DISPATCH","Agent 2",1,0,120312,375,6,"__amd_rocclr_copyBuffer",375,462439867099538,462439867102858,0,0,8,0,32,512,1,1,512,1,1
"KERNEL_DISPATCH","Agent 2",1,0,120312,376,11,"__amd_rocclr_fillBufferAligned",376,462439867117698,462439867119098,0,0,8,0,48,256,1,1,256,1,1
"KERNEL_DISPATCH","Agent 2",1,0,120312,377,6,"__amd_rocclr_copyBuffer",377,462439867139738,462439867145699,0,0,8,0,32,512,1,1,512,1,1
"KERNEL_DISPATCH","Agent 2",1,0,120312,378,6,"__amd_rocclr_copyBuffer",378,462439867163992,462439867168272,0,0,8,0,32,512,1,1,512,1,1
"KERNEL_DISPATCH","Agent 2",1,0,120312,379,6,"__amd_rocclr_copyBuffer",379,462439867187499,462439867190739,0,0,8,0,32,512,1,1,512,1,1
"KERNEL_DISPATCH","Agent 2",1,0,120312,380,6,"__amd_rocclr_copyBuffer",380,462439867209499,462439867213619,0,0,8,0,32,512,1,1,512,1,1
"KERNEL_DISPATCH","Agent 2",1,0,120312,381,11,"__amd_rocclr_fillBufferAligned",381,462439867227739,462439867229179,0,0,8,0,48,256,1,1,256,1,1
"KERNEL_DISPATCH","Agent 2",1,0,120312,382,6,"__amd_rocclr_copyBuffer",382,462439867249820,462439867253500,0,0,8,0,32,512,1,1,512,1,1
"KERNEL_DISPATCH","Agent 2",1,0,120312,383,6,"__amd_rocclr_copyBuffer",383,462439867272340,462439867276980,0,0,8,0,32,512,1,1,512,1,1
"KERNEL_DISPATCH","Agent 2",1,0,120312,384,6,"__amd_rocclr_copyBuffer",384,462439867295980,462439867301820,0,0,8,0,32,512,1,1,512,1,1
"KERNEL_DISPATCH","Agent 2",1,0,120312,385,6,"__amd_rocclr_copyBuffer",385,462439867320660,462439867323820,0,0,8,0,32,512,1,1,512,1,1
"KERNEL_DISPATCH","Agent 2",1,0,120312,386,11,"__amd_rocclr_fillBufferAligned",386,462439867338660,462439867340060,0,0,8,0,48,256,1,1,256,1,1
"KERNEL_DISPATCH","Agent 2",1,0,120312,387,11,"__amd_rocclr_fillBufferAligned",387,462439867358221,462439867359541,0,0,8,0,48,256,1,1,256,1,1
"KERNEL_DISPATCH","Agent 2",1,0,120312,388,6,"__amd_rocclr_copyBuffer",388,462439867367661,462439867371301,0,0,8,0,32,512,1,1,512,1,1
"KERNEL_DISPATCH","Agent 2",1,0,120312,389,6,"__amd_rocclr_copyBuffer",389,462439867389741,462439867392901,0,0,8,0,32,512,1,1,512,1,1
"KERNEL_DISPATCH","Agent 2",1,0,120312,390,6,"__amd_rocclr_copyBuffer",390,462439867411261,462439867415101,0,0,8,0,32,512,1,1,512,1,1
"KERNEL_DISPATCH","Agent 2",1,0,120312,391,6,"__amd_rocclr_copyBuffer",391,462439867433621,462439867438141,0,0,8,0,32,512,1,1,512,1,1
"KERNEL_DISPATCH","Agent 2",1,0,120312,392,11,"__amd_rocclr_fillBufferAligned",392,462439867452582,462439867454022,0,0,8,0,48,256,1,1,256,1,1
"KERNEL_DISPATCH","Agent 2",1,0,120312,393,11,"__amd_rocclr_fillBufferAligned",393,462439867470822,462439867473062,0,0,8,0,48,256,1,1,28672,1,1
"KERNEL_DISPATCH","Agent 2",1,0,120312,394,11,"__amd_rocclr_fillBufferAligned",394,462439867477422,462439867479582,0,0,8,0,48,256,1,1,28672,1,1
"KERNEL_DISPATCH","Agent 2",1,0,120312,395,11,"__amd_rocclr_fillBufferAligned",395,462439867485902,462439867488062,0,0,8,0,48,256,1,1,28672,1,1
"KERNEL_DISPATCH","Agent 2",1,0,120312,396,11,"__amd_rocclr_fillBufferAligned",396,462439867644663,462439867648583,0,0,8,0,48,256,1,1,28672,1,1
"KERNEL_DISPATCH","Agent 2",1,0,120312,397,11,"__amd_rocclr_fillBufferAligned",397,462439867648583,462439867652343,0,0,8,0,48,256,1,1,256,1,1
"KERNEL_DISPATCH","Agent 2",1,0,120312,398,11,"__amd_rocclr_fillBufferAligned",398,462439867656064,462439867657064,0,0,8,0,48,256,1,1,256,1,1
"KERNEL_DISPATCH","Agent 2",1,0,120312,399,11,"__amd_rocclr_fillBufferAligned",399,462439867665544,462439867666864,0,0,8,0,48,256,1,1,256,1,1
"KERNEL_DISPATCH","Agent 2",1,0,120312,400,6,"__amd_rocclr_copyBuffer",400,462439867686184,462439867689904,0,0,8,0,32,512,1,1,512,1,1
"KERNEL_DISPATCH","Agent 2",1,0,120312,401,6,"__amd_rocclr_copyBuffer",401,462439867736064,462439867739384,0,0,8,0,32,512,1,1,512,1,1
"KERNEL_DISPATCH","Agent 2",1,0,120312,402,6,"__amd_rocclr_copyBuffer",402,462439867758225,462439867762825,0,0,8,0,32,512,1,1,512,1,1
"KERNEL_DISPATCH","Agent 2",1,0,120312,403,6,"__amd_rocclr_copyBuffer",403,462439867780945,462439867784225,0,0,8,0,32,512,1,1,512,1,1
"KERNEL_DISPATCH","Agent 2",1,0,120312,404,11,"__amd_rocclr_fillBufferAligned",404,462439867798502,462439867799942,0,0,8,0,48,256,1,1,256,1,1
"KERNEL_DISPATCH","Agent 2",1,0,120312,405,6,"__amd_rocclr_copyBuffer",405,462439867832202,462439867836202,0,0,8,0,32,512,1,1,512,1,1
"KERNEL_DISPATCH","Agent 2",1,0,120312,406,6,"__amd_rocclr_copyBuffer",406,462439867856065,462439867859346,0,0,8,0,32,512,1,1,512,1,1
"KERNEL_DISPATCH","Agent 2",1,0,120312,407,6,"__amd_rocclr_copyBuffer",407,462439867879111,462439867882511,0,0,8,0,32,512,1,1,512,1,1
"KERNEL_DISPATCH","Agent 2",1,0,120312,408,6,"__amd_rocclr_copyBuffer",408,462439867902586,462439867904466,0,0,8,0,32,512,1,1,512,1,1
"KERNEL_DISPATCH","Agent 2",1,0,120312,409,11,"__amd_rocclr_fillBufferAligned",409,462439867919626,462439867921826,0,0,8,0,48,256,1,1,28672,1,1
"KERNEL_DISPATCH","Agent 2",1,0,120312,410,11,"__amd_rocclr_fillBufferAligned",410,462439867940146,462439867942226,0,0,8,0,48,256,1,1,28672,1,1
"KERNEL_DISPATCH","Agent 2",1,0,120312,411,11,"__amd_rocclr_fillBufferAligned",411,462439867946626,462439867948226,0,0,8,0,48,256,1,1,1024,1,1
"KERNEL_DISPATCH","Agent 2",1,0,120312,412,11,"__amd_rocclr_fillBufferAligned",412,462439867958426,462439867959826,0,0,8,0,48,256,1,1,256,1,1
"KERNEL_DISPATCH","Agent 2",1,0,120312,413,11,"__amd_rocclr_fillBufferAligned",413,462439867969147,462439867970587,0,0,8,0,48,256,1,1,256,1,1
"KERNEL_DISPATCH","Agent 2",1,0,120312,414,11,"__amd_rocclr_fillBufferAligned",414,462439867976187,462439867977627,0,0,8,0,48,256,1,1,256,1,1
"KERNEL_DISPATCH","Agent 2",1,0,120312,415,11,"__amd_rocclr_fillBufferAligned",415,462439867985147,462439867986547,0,0,8,0,48,256,1,1,256,1,1
"KERNEL_DISPATCH","Agent 2",1,0,120312,416,6,"__amd_rocclr_copyBuffer",416,462439868026147,462439868029667,0,0,8,0,32,512,1,1,512,1,1
"KERNEL_DISPATCH","Agent 2",1,0,120312,417,6,"__amd_rocclr_copyBuffer",417,462439868047947,462439868051267,0,0,8,0,32,512,1,1,512,1,1
"KERNEL_DISPATCH","Agent 2",1,0,120312,418,6,"__amd_rocclr_copyBuffer",418,462439868070468,462439868073708,0,0,8,0,32,512,1,1,512,1,1
"KERNEL_DISPATCH","Agent 2",1,0,120312,419,6,"__amd_rocclr_copyBuffer",419,462439868093028,462439868096308,0,0,8,0,32,512,1,1,512,1,1
"KERNEL_DISPATCH","Agent 2",1,0,120312,420,11,"__amd_rocclr_fillBufferAligned",420,462439868112228,462439868114428,0,0,8,0,48,256,1,1,256,1,1
"KERNEL_DISPATCH","Agent 2",1,0,120312,421,6,"__amd_rocclr_copyBuffer",421,462439868143508,462439868151508,0,0,8,0,32,512,1,1,512,1,1
"KERNEL_DISPATCH","Agent 2",1,0,120312,422,6,"__amd_rocclr_copyBuffer",422,462439868170909,462439868174309,0,0,8,0,32,512,1,1,512,1,1
"KERNEL_DISPATCH","Agent 2",1,0,120312,423,6,"__amd_rocclr_copyBuffer",423,462439868193309,462439868197709,0,0,8,0,32,512,1,1,512,1,1
"KERNEL_DISPATCH","Agent 2",1,0,120312,424,6,"__amd_rocclr_copyBuffer",424,462439868217175,462439868220535,0,0,8,0,32,512,1,1,512,1,1
"KERNEL_DISPATCH","Agent 2",1,0,120312,425,11,"__amd_rocclr_fillBufferAligned",425,462439868235869,462439868237109,0,0,8,0,48,256,1,1,256,1,1
"KERNEL_DISPATCH","Agent 2",1,0,120312,426,11,"__amd_rocclr_fillBufferAligned",426,462439868254869,462439868256309,0,0,8,0,48,256,1,1,256,1,1
"KERNEL_DISPATCH","Agent 2",1,0,120312,427,11,"__amd_rocclr_fillBufferAligned",427,462439868261349,462439868262789,0,0,8,0,48,256,1,1,256,1,1
"KERNEL_DISPATCH","Agent 2",1,0,120312,428,6,"__amd_rocclr_copyBuffer",428,462439871237768,462439871242489,0,0,8,0,32,512,1,1,512,1,1
"KERNEL_DISPATCH","Agent 2",1,0,120312,429,6216,"void at::native::vectorized_elementwise_kernel<4, at::native::FillFunctor<int>, std::array<char*, 1ul> >(int, at::native::FillFunctor<int>, std::array<char*, 1ul>)",429,462439871445171,462439871446611,0,0,4,0,16,256,1,1,256,1,1
"KERNEL_DISPATCH","Agent 2",1,0,120312,430,6312,"EpDispatchCopyToStaging_fp4",430,462440736476104,462440736481584,0,64,32,0,64,512,1,1,131072,1,1
"KERNEL_DISPATCH","Agent 2",1,0,120312,431,6325,"EpDispatchInterNodeV1KernelLowLatency_fp4",431,462440736481584,462440745605752,0,64,40,0,112,512,1,1,131072,1,1
"KERNEL_DISPATCH","Agent 2",1,0,120312,432,6,"__amd_rocclr_copyBuffer",432,462440745972476,462440745976436,0,0,8,0,32,512,1,1,512,1,1
"KERNEL_DISPATCH","Agent 2",1,0,120312,433,6379,"void aiter::opus_moe_sorting_entry<aiter::MoeSortingClearWorkspaceKernel<aiter::MoeSortingClearWorkspaceProblem<true, 1024, 1> >, aiter::MoeSortingClearWorkspaceKernel<aiter::MoeSortingClearWorkspaceProblem<true, 1024, 1> >::Kargs>(aiter::MoeSortingClearWorkspaceKernel<aiter::MoeSortingClearWorkspaceProblem<true, 1024, 1> >::Kargs)",433,462441279393174,462441279397934,0,0,4,0,16,1024,1,1,262144,1,1
"KERNEL_DISPATCH","Agent 2",1,0,120312,434,6400,"void aiter::opus_moe_sorting_entry<aiter::MoeSortingMultiPhaseKernel_P0_v1<aiter::MoeSortingProblemMp<int, float, unsigned char, 4, true, true, true> >, aiter::MoeSortingMultiPhaseKernel_P0_v1<aiter::MoeSortingProblemMp<int, float, unsigned char, 4, true, true, true> >::Kargs>(aiter::MoeSortingMultiPhaseKernel_P0_v1<aiter::MoeSortingProblemMp<int, float, unsigned char, 4, true, true, true> >::Kargs)",434,462441279402614,462441279407134,0,0,16,0,48,256,1,1,131072,1,1
"KERNEL_DISPATCH","Agent 2",1,0,120312,435,6360,"void aiter::opus_moe_sorting_entry<aiter::MoeSortingMultiPhaseKernel_P1<aiter::MoeSortingProblemMp<int, float, unsigned char, 16, true, true, true> >, aiter::MoeSortingMultiPhaseKernel_P1<aiter::MoeSortingProblemMp<int, float, unsigned char, 16, true, true, true> >::Kargs>(aiter::MoeSortingMultiPhaseKernel_P1<aiter::MoeSortingProblemMp<int, float, unsigned char, 16, true, true, true> >::Kargs)",435,462441279411774,462441279415214,512,0,12,0,32,256,1,1,229632,1,1
"KERNEL_DISPATCH","Agent 2",1,0,120312,436,6381,"void aiter::opus_moe_sorting_entry<aiter::MoeSortingMultiPhaseKernel_P23<aiter::MoeSortingProblemMp<int, float, unsigned char, 16, true, true, true> >, aiter::MoeSortingMultiPhaseKernel_P23<aiter::MoeSortingProblemMp<int, float, unsigned char, 16, true, true, true> >::Kargs>(aiter::MoeSortingMultiPhaseKernel_P23<aiter::MoeSortingProblemMp<int, float, unsigned char, 16, true, true, true> >::Kargs)",436,462441279426654,462441279441894,0,0,32,0,80,256,1,1,360704,1,1
"KERNEL_DISPATCH","Agent 2",1,0,120312,437,6720,"void aiter::mxfp4_moe_sort_kernel<256, 32, 16, 32>(unsigned char*, unsigned char*, int const*, int const*, int, int, int, int, int)",437,462441323476453,462441323482214,4608,0,32,0,112,256,1,1,721408,1,1
"KERNEL_DISPATCH","Agent 2",1,0,120312,438,6762,"mfma_moe1_silu_mul_afp4_wfp4_bf16_t64x128x256_pm1_async_v32",438,462441399538148,462441399681589,41472,0,100,0,112,256,1,1,6144,1408,1
"KERNEL_DISPATCH","Agent 2",1,0,120312,439,6540,"void aiter::dynamic_per_group_scaled_quant_kernel<std::bfloat16_t, opus::fp4_t, 32, 32, false, 64, true>(opus::fp4_t*, float*, std::bfloat16_t const*, float const*, long, int, int, long, int const*, int)",439,462441401090402,462441401133483,0,0,32,0,48,64,1,1,3145728,1,1
"KERNEL_DISPATCH","Agent 2",1,0,120312,440,6720,"void aiter::mxfp4_moe_sort_kernel<256, 32, 16, 32>(unsigned char*, unsigned char*, int const*, int const*, int, int, int, int, int)",440,462441401163163,462441401168043,4608,0,32,0,112,256,1,1,721408,1,1
"KERNEL_DISPATCH","Agent 2",1,0,120312,441,6763,"mfma_moe2_afp4_wfp4_bf16_cshuffle_t64x128x256_vscale_fix3_fp4opt_v1_persist_cu256",441,462441423707333,462441423783094,33280,0,84,0,112,256,1,1,7168,256,1
"KERNEL_DISPATCH","Agent 2",1,0,120312,442,6310,"EpCombineSync_bf16",442,462441424026376,462441424037336,0,64,48,0,96,256,1,1,65536,1,1
"KERNEL_DISPATCH","Agent 2",1,0,120312,443,6318,"EpCombineSyncBarrier_bf16",443,462441424037454,462441894813221,0,64,28,0,48,64,1,1,64,1,1
"KERNEL_DISPATCH","Agent 2",1,0,120312,444,6304,"EpCombineInterNodeV1KernelLowLatency_bf16",444,462441894942166,462442024592232,0,1024,64,0,112,256,1,1,65536,1,1
"KERNEL_DISPATCH","Agent 2",1,0,120312,445,6308,"EpCombineAll_bf16",445,462442024592192,462442024601032,0,64,44,0,112,256,1,1,65536,1,1
"KERNEL_DISPATCH","Agent 2",1,0,120312,446,1751,"void at::native::elementwise_kernel_manual_unroll<128, 4, at::native::gpu_kernel_impl<at::native::direct_copy_kernel_cuda(at::TensorIteratorBase&)::{lambda()#3}::operator()() const::{lambda()#4}::operator()() const::{lambda(long)#1}>(at::TensorIteratorBase&, at::native::direct_copy_kernel_cuda(at::TensorIteratorBase&)::{lambda()#3}::operator()() const::{lambda()#4}::operator()() const::{lambda(long)#1} const&)::{lambda(int, bool)#1}>(int, at::native::gpu_kernel_impl<at::native::direct_copy_kernel_cuda(at::TensorIteratorBase&)::{lambda()#3}::operator()() const::{lambda()#4}::operator()() const::{lambda(long)#1}>(at::TensorIteratorBase&, at::native::direct_copy_kernel_cuda(at::TensorIteratorBase&)::{lambda()#3}::operator()() const::{lambda()#4}::operator()() const::{lambda(long)#1} const&)::{lambda(int, bool)#1})",446,462442024736633,462442024744753,0,0,8,0,64,128,1,1,8192,1,1
"KERNEL_DISPATCH","Agent 2",1,0,120312,447,6871,"void at::native::index_elementwise_kernel<128, 4, at::native::gpu_index_kernel<at::native::index_kernel_impl<at::native::OpaqueType<4> >(at::TensorIteratorBase&, c10::ArrayRef<long>, c10::ArrayRef<long>)::{lambda(char*, char const*, long)#1}>(at::TensorIteratorBase&, c10::ArrayRef<long>, c10::ArrayRef<long>, at::native::index_kernel_impl<at::native::OpaqueType<4> >(at::TensorIteratorBase&, c10::ArrayRef<long>, c10::ArrayRef<long>)::{lambda(char*, char const*, long)#1} const&, bool)::{lambda(int)#1}>(long, at::native::gpu_index_kernel<at::native::index_kernel_impl<at::native::OpaqueType<4> >(at::TensorIteratorBase&, c10::ArrayRef<long>, c10::ArrayRef<long>)::{lambda(char*, char const*, long)#1}>(at::TensorIteratorBase&, c10::ArrayRef<long>, c10::ArrayRef<long>, at::native::index_kernel_impl<at::native::OpaqueType<4> >(at::TensorIteratorBase&, c10::ArrayRef<long>, c10::ArrayRef<long>)::{lambda(char*, char const*, long)#1} const&, bool)::{lambda(int)#1})",447,462442045625697,462442045631817,0,0,8,0,96,128,1,1,8192,1,1
"KERNEL_DISPATCH","Agent 2",1,0,120312,448,3211,"void at::native::vectorized_elementwise_kernel<4, at::native::AUnaryFunctor<int, int, bool, at::native::(anonymous namespace)::CompareEqFunctor<int> >, std::array<char*, 2ul> >(int, at::native::AUnaryFunctor<int, int, bool, at::native::(anonymous namespace)::CompareEqFunctor<int> >, std::array<char*, 2ul>)",448,462442045768018,462442045770698,0,0,16,0,64,256,1,1,2048,1,1
"KERNEL_DISPATCH","Agent 2",1,0,120312,449,1751,"void at::native::elementwise_kernel_manual_unroll<128, 4, at::native::gpu_kernel_impl<at::native::direct_copy_kernel_cuda(at::TensorIteratorBase&)::{lambda()#3}::operator()() const::{lambda()#4}::operator()() const::{lambda(long)#1}>(at::TensorIteratorBase&, at::native::direct_copy_kernel_cuda(at::TensorIteratorBase&)::{lambda()#3}::operator()() const::{lambda()#4}::operator()() const::{lambda(long)#1} const&)::{lambda(int, bool)#1}>(int, at::native::gpu_kernel_impl<at::native::direct_copy_kernel_cuda(at::TensorIteratorBase&)::{lambda()#3}::operator()() const::{lambda()#4}::operator()() const::{lambda(long)#1}>(at::TensorIteratorBase&, at::native::direct_copy_kernel_cuda(at::TensorIteratorBase&)::{lambda()#3}::operator()() const::{lambda()#4}::operator()() const::{lambda(long)#1} const&)::{lambda(int, bool)#1})",449,462442045862339,462442045874419,0,0,8,0,64,128,1,1,8192,1,1
"KERNEL_DISPATCH","Agent 2",1,0,120312,450,7010,"void at::native::reduce_kernel<512, 1, at::native::ReduceOp<long, at::native::func_wrapper_t<long, at::native::sum_functor<long, long, long>::operator()(at::TensorIterator&)::{lambda(long, long)#2}>, unsigned int, long, 4, 4> >(at::native::ReduceOp<long, at::native::func_wrapper_t<long, at::native::sum_functor<long, long, long>::operator()(at::TensorIterator&)::{lambda(long, long)#2}>, unsigned int, long, 4, 4>)",450,462442056820666,462442056831586,512,0,20,0,80,512,1,1,512,1,1
"KERNEL_DISPATCH","Agent 2",1,0,120312,451,6,"__amd_rocclr_copyBuffer",451,462442057032508,462442057037348,0,0,8,0,32,512,1,1,512,1,1
"KERNEL_DISPATCH","Agent 2",1,0,120312,452,9059,"void rocprim::ROCPRIM_400200_NS::detail::trampoline_kernel<rocprim::ROCPRIM_400200_NS::detail::wrapped_reduce_config<rocprim::ROCPRIM_400200_NS::default_config, int>, (rocprim::ROCPRIM_400200_NS::detail::target_arch)950, rocprim::ROCPRIM_400200_NS::detail::reduce_impl<true, rocprim::ROCPRIM_400200_NS::default_config, hipcub::HIPCUB_400200_NS::TransformInputIterator<bool, at::native::(anonymous namespace)::NonZeroOp<bool>, bool const*, long>, int*, int, hipcub::HIPCUB_400200_NS::detail::convert_binary_result_type_wrapper<hipcub::HIPCUB_400200_NS::Sum, hipcub::HIPCUB_400200_NS::TransformInputIterator<bool, at::native::(anonymous namespace)::NonZeroOp<bool>, bool const*, long>, int> >(void*, unsigned long&, hipcub::HIPCUB_400200_NS::TransformInputIterator<bool, at::native::(anonymous namespace)::NonZeroOp<bool>, bool const*, long>, int*, int, unsigned long, hipcub::HIPCUB_400200_NS::detail::convert_binary_result_type_wrapper<hipcub::HIPCUB_400200_NS::Sum, hipcub::HIPCUB_400200_NS::TransformInputIterator<bool, at::native::(anonymous namespace)::NonZeroOp<bool>, bool const*, long>, int>, ihipStream_t*, bool)::{lambda(auto:1)#4}, rocprim::ROCPRIM_400200_NS::detail::default_config_selector>(rocprim::ROCPRIM_400200_NS::detail::reduce_impl<true, rocprim::ROCPRIM_400200_NS::default_config, hipcub::HIPCUB_400200_NS::TransformInputIterator<bool, at::native::(anonymous namespace)::NonZeroOp<bool>, bool const*, long>, int*, int, hipcub::HIPCUB_400200_NS::detail::convert_binary_result_type_wrapper<hipcub::HIPCUB_400200_NS::Sum, hipcub::HIPCUB_400200_NS::TransformInputIterator<bool, at::native::(anonymous namespace)::NonZeroOp<bool>, bool const*, long>, int> >(void*, unsigned long&, hipcub::HIPCUB_400200_NS::TransformInputIterator<bool, at::native::(anonymous namespace)::NonZeroOp<bool>, bool const*, long>, int*, int, unsigned long, hipcub::HIPCUB_400200_NS::detail::convert_binary_result_type_wrapper<hipcub::HIPCUB_400200_NS::Sum, hipcub::HIPCUB_400200_NS::TransformInputIterator<bool, at::native::(anonymous namespace)::NonZeroOp<bool>, bool const*, long>, int>, ihipStream_t*, bool)::{lambda(auto:1)#4})",452,462442602010504,462442602013664,512,0,68,0,32,256,1,1,256,1,1
"KERNEL_DISPATCH","Agent 2",1,0,120312,453,6,"__amd_rocclr_copyBuffer",453,462442602088944,462442602091904,0,0,8,0,32,512,1,1,512,1,1
"KERNEL_DISPATCH","Agent 2",1,0,120312,454,11,"__amd_rocclr_fillBufferAligned",454,462442602171305,462442602172865,0,0,8,0,48,256,1,1,256,1,1
"KERNEL_DISPATCH","Agent 2",1,0,120312,455,11061,"void rocprim::ROCPRIM_400200_NS::detail::init_lookback_scan_state_kernel<rocprim::ROCPRIM_400200_NS::detail::lookback_scan_state<unsigned long, false, true>, rocprim::ROCPRIM_400200_NS::detail::block_id_wrapper<unsigned int, true> >(rocprim::ROCPRIM_400200_NS::detail::lookback_scan_state<unsigned long, false, true>, unsigned int, rocprim::ROCPRIM_400200_NS::detail::block_id_wrapper<unsigned int, true>, unsigned int, rocprim::ROCPRIM_400200_NS::detail::lookback_scan_state<unsigned long, false, true>::value_type*)",455,462442602188625,462442602189985,0,0,8,0,32,256,1,1,256,1,1
"KERNEL_DISPATCH","Agent 2",1,0,120312,456,9102,"void rocprim::ROCPRIM_400200_NS::detail::trampoline_kernel<rocprim::ROCPRIM_400200_NS::detail::wrapped_partition_config<rocprim::ROCPRIM_400200_NS::default_config, (rocprim::ROCPRIM_400200_NS::detail::partition_subalgo)5, long, rocprim::ROCPRIM_400200_NS::empty_type>, (rocprim::ROCPRIM_400200_NS::detail::target_arch)950, rocprim::ROCPRIM_400200_NS::detail::partition_impl<(rocprim::ROCPRIM_400200_NS::detail::partition_subalgo)5, false, rocprim::ROCPRIM_400200_NS::default_config, unsigned long, hipcub::HIPCUB_400200_NS::CountingInputIterator<long, long>, rocprim::ROCPRIM_400200_NS::empty_type*, hipcub::HIPCUB_400200_NS::TransformInputIterator<bool, at::native::(anonymous namespace)::NonZeroOp<bool>, bool const*, long>, rocprim::ROCPRIM_400200_NS::tuple<long*, rocprim::ROCPRIM_400200_NS::empty_type>, rocprim::ROCPRIM_400200_NS::tuple<rocprim::ROCPRIM_400200_NS::empty_type*, rocprim::ROCPRIM_400200_NS::empty_type*>, rocprim::ROCPRIM_400200_NS::empty_type, int*, rocprim::ROCPRIM_400200_NS::empty_type>(void*, unsigned long&, hipcub::HIPCUB_400200_NS::CountingInputIterator<long, long>, rocprim::ROCPRIM_400200_NS::empty_type*, hipcub::HIPCUB_400200_NS::TransformInputIterator<bool, at::native::(anonymous namespace)::NonZeroOp<bool>, bool const*, long>, rocprim::ROCPRIM_400200_NS::tuple<long*, rocprim::ROCPRIM_400200_NS::empty_type>, rocprim::ROCPRIM_400200_NS::tuple<rocprim::ROCPRIM_400200_NS::empty_type*, rocprim::ROCPRIM_400200_NS::empty_type*>, int*, unsigned long, rocprim::ROCPRIM_400200_NS::empty_type, ihipStream_t*, bool, rocprim::ROCPRIM_400200_NS::empty_type)::{lambda(auto:1, auto:2)#1}::operator()<std::integral_constant<bool, false>, std::integral_constant<bool, true> >(std::integral_constant<bool, false>, std::integral_constant<bool, true>) const::{lambda(auto:1)#1}, rocprim::ROCPRIM_400200_NS::detail::default_config_selector>(rocprim::ROCPRIM_400200_NS::detail::partition_impl<(rocprim::ROCPRIM_400200_NS::detail::partition_subalgo)5, false, rocprim::ROCPRIM_400200_NS::default_config, unsigned long, hipcub::HIPCUB_400200_NS::CountingInputIterator<long, long>, rocprim::ROCPRIM_400200_NS::empty_type*, hipcub::HIPCUB_400200_NS::TransformInputIterator<bool, at::native::(anonymous namespace)::NonZeroOp<bool>, bool const*, long>, rocprim::ROCPRIM_400200_NS::tuple<long*, rocprim::ROCPRIM_400200_NS::empty_type>, rocprim::ROCPRIM_400200_NS::tuple<rocprim::ROCPRIM_400200_NS::empty_type*, rocprim::ROCPRIM_400200_NS::empty_type*>, rocprim::ROCPRIM_400200_NS::empty_type, int*, rocprim::ROCPRIM_400200_NS::empty_type>(void*, unsigned long&, hipcub::HIPCUB_400200_NS::CountingInputIterator<long, long>, rocprim::ROCPRIM_400200_NS::empty_type*, hipcub::HIPCUB_400200_NS::TransformInputIterator<bool, at::native::(anonymous namespace)::NonZeroOp<bool>, bool const*, long>, rocprim::ROCPRIM_400200_NS::tuple<long*, rocprim::ROCPRIM_400200_NS::empty_type>, rocprim::ROCPRIM_400200_NS::tuple<rocprim::ROCPRIM_400200_NS::empty_type*, rocprim::ROCPRIM_400200_NS::empty_type*>, int*, unsigned long, rocprim::ROCPRIM_400200_NS::empty_type, ihipStream_t*, bool, rocprim::ROCPRIM_400200_NS::empty_type)::{lambda(auto:1, auto:2)#1}::operator()<std::integral_constant<bool, false>, std::integral_constant<bool, true> >(std::integral_constant<bool, false>, std::integral_constant<bool, true>) const::{lambda(auto:1)#1})",456,462442602200345,462442602206945,12800,0,36,0,48,256,1,1,5632,1,1
"KERNEL_DISPATCH","Agent 2",1,0,120312,457,9548,"void rocprim::ROCPRIM_400200_NS::detail::trampoline_kernel<rocprim::ROCPRIM_400200_NS::detail::wrapped_transform_config<rocprim::ROCPRIM_400200_NS::default_config, unsigned long, true>, (rocprim::ROCPRIM_400200_NS::detail::target_arch)950, rocprim::ROCPRIM_400200_NS::detail::transform_impl<true, rocprim::ROCPRIM_400200_NS::default_config, unsigned long*, int*, rocprim::ROCPRIM_400200_NS::identity<void> >(unsigned long*, int*, unsigned long, rocprim::ROCPRIM_400200_NS::identity<void>, ihipStream_t*, bool)::{lambda(auto:1)#1}, rocprim::ROCPRIM_400200_NS::detail::default_config_selector>(rocprim::ROCPRIM_400200_NS::detail::transform_impl<true, rocprim::ROCPRIM_400200_NS::default_config, unsigned long*, int*, rocprim::ROCPRIM_400200_NS::identity<void> >(unsigned long*, int*, unsigned long, rocprim::ROCPRIM_400200_NS::identity<void>, ihipStream_t*, bool)::{lambda(auto:1)#1})",457,462442602210785,462442602212345,0,0,4,0,32,256,1,1,256,1,1
"KERNEL_DISPATCH","Agent 2",1,0,120312,458,6871,"void at::native::index_elementwise_kernel<128, 4, at::native::gpu_index_kernel<at::native::index_kernel_impl<at::native::OpaqueType<4> >(at::TensorIteratorBase&, c10::ArrayRef<long>, c10::ArrayRef<long>)::{lambda(char*, char const*, long)#1}>(at::TensorIteratorBase&, c10::ArrayRef<long>, c10::ArrayRef<long>, at::native::index_kernel_impl<at::native::OpaqueType<4> >(at::TensorIteratorBase&, c10::ArrayRef<long>, c10::ArrayRef<long>)::{lambda(char*, char const*, long)#1} const&, bool)::{lambda(int)#1}>(long, at::native::gpu_index_kernel<at::native::index_kernel_impl<at::native::OpaqueType<4> >(at::TensorIteratorBase&, c10::ArrayRef<long>, c10::ArrayRef<long>)::{lambda(char*, char const*, long)#1}>(at::TensorIteratorBase&, c10::ArrayRef<long>, c10::ArrayRef<long>, at::native::index_kernel_impl<at::native::OpaqueType<4> >(at::TensorIteratorBase&, c10::ArrayRef<long>, c10::ArrayRef<long>)::{lambda(char*, char const*, long)#1} const&, bool)::{lambda(int)#1})",458,462442602338827,462442602344307,0,0,8,0,96,128,1,1,512,1,1
"KERNEL_DISPATCH","Agent 2",1,0,120312,459,15730,"void rocprim::ROCPRIM_400200_NS::detail::trampoline_kernel<rocprim::ROCPRIM_400200_NS::detail::wrapped_radix_sort_block_sort_config<rocprim::ROCPRIM_400200_NS::kernel_config<256u, 4u, 4294967295u>, int, rocprim::ROCPRIM_400200_NS::empty_type>, (rocprim::ROCPRIM_400200_NS::detail::target_arch)950, rocprim::ROCPRIM_400200_NS::detail::radix_sort_block_sort<rocprim::ROCPRIM_400200_NS::kernel_config<256u, 4u, 4294967295u>, false, int const*, int*, rocprim::ROCPRIM_400200_NS::empty_type*, rocprim::ROCPRIM_400200_NS::empty_type*, rocprim::ROCPRIM_400200_NS::identity_decomposer>(int const*, int*, rocprim::ROCPRIM_400200_NS::empty_type*, rocprim::ROCPRIM_400200_NS::empty_type*, unsigned int, unsigned int&, rocprim::ROCPRIM_400200_NS::identity_decomposer, unsigned int, unsigned int, ihipStream_t*, bool)::{lambda(auto:1)#1}, rocprim::ROCPRIM_400200_NS::detail::radix_sort_config_selector>(rocprim::ROCPRIM_400200_NS::detail::radix_sort_block_sort<rocprim::ROCPRIM_400200_NS::kernel_config<256u, 4u, 4294967295u>, false, int const*, int*, rocprim::ROCPRIM_400200_NS::empty_type*, rocprim::ROCPRIM_400200_NS::empty_type*, rocprim::ROCPRIM_400200_NS::identity_decomposer>(int const*, int*, rocprim::ROCPRIM_400200_NS::empty_type*, rocprim::ROCPRIM_400200_NS::empty_type*, unsigned int, unsigned int&, rocprim::ROCPRIM_400200_NS::identity_decomposer, unsigned int, unsigned int, ihipStream_t*, bool)::{lambda(auto:1)#1})",459,462443176200388,462443176209428,4608,0,20,0,64,256,1,1,512,1,1
"KERNEL_DISPATCH","Agent 2",1,0,120312,460,14885,"void rocprim::ROCPRIM_400200_NS::detail::trampoline_kernel<rocprim::ROCPRIM_400200_NS::detail::wrapped_merge_sort_block_merge_config<rocprim::ROCPRIM_400200_NS::default_config, int, rocprim::ROCPRIM_400200_NS::empty_type>, (rocprim::ROCPRIM_400200_NS::detail::target_arch)950, rocprim::ROCPRIM_400200_NS::detail::merge_sort_block_merge_impl<rocprim::ROCPRIM_400200_NS::default_config, int*, rocprim::ROCPRIM_400200_NS::empty_type*, unsigned int, rocprim::ROCPRIM_400200_NS::detail::radix_merge_compare<false, false, int, rocprim::ROCPRIM_400200_NS::identity_decomposer> >(int*, rocprim::ROCPRIM_400200_NS::empty_type*, unsigned int, unsigned int, rocprim::ROCPRIM_400200_NS::detail::radix_merge_compare<false, false, int, rocprim::ROCPRIM_400200_NS::identity_decomposer>, ihipStream_t*, bool, std::iterator_traits<int*>::value_type*, std::iterator_traits<rocprim::ROCPRIM_400200_NS::empty_type*>::value_type*, unsigned int*, rocprim::ROCPRIM_400200_NS::detail::vsmem_t)::{lambda(auto:1, auto:2, auto:3, auto:4)#1}::operator()<int*, int*, rocprim::ROCPRIM_400200_NS::empty_type*, rocprim::ROCPRIM_400200_NS::empty_type*>(int*, int*, rocprim::ROCPRIM_400200_NS::empty_type*, rocprim::ROCPRIM_400200_NS::empty_type*) const::{lambda(auto:1)#3}, rocprim::ROCPRIM_400200_NS::detail::merge_oddeven_config_selector>(rocprim::ROCPRIM_400200_NS::detail::merge_sort_block_merge_impl<rocprim::ROCPRIM_400200_NS::default_config, int*, rocprim::ROCPRIM_400200_NS::empty_type*, unsigned int, rocprim::ROCPRIM_400200_NS::detail::radix_merge_compare<false, false, int, rocprim::ROCPRIM_400200_NS::identity_decomposer> >(int*, rocprim::ROCPRIM_400200_NS::empty_type*, unsigned int, unsigned int, rocprim::ROCPRIM_400200_NS::detail::radix_merge_compare<false, false, int, rocprim::ROCPRIM_400200_NS::identity_decomposer>, ihipStream_t*, bool, std::iterator_traits<int*>::value_type*, std::iterator_traits<rocprim::ROCPRIM_400200_NS::empty_type*>::value_type*, unsigned int*, rocprim::ROCPRIM_400200_NS::detail::vsmem_t)::{lambda(auto:1, auto:2, auto:3, auto:4)#1}::operator()<int*, int*, rocprim::ROCPRIM_400200_NS::empty_type*, rocprim::ROCPRIM_400200_NS::empty_type*>(int*, int*, rocprim::ROCPRIM_400200_NS::empty_type*, rocprim::ROCPRIM_400200_NS::empty_type*) const::{lambda(auto:1)#3})",460,462443176236628,462443176242028,0,0,8,0,32,128,1,1,2048,1,1
"KERNEL_DISPATCH","Agent 2",1,0,120312,461,14931,"void rocprim::ROCPRIM_400200_NS::detail::trampoline_kernel<rocprim::ROCPRIM_400200_NS::detail::wrapped_transform_config<rocprim::ROCPRIM_400200_NS::default_config, int, true>, (rocprim::ROCPRIM_400200_NS::detail::target_arch)950, rocprim::ROCPRIM_400200_NS::detail::transform_impl<true, rocprim::ROCPRIM_400200_NS::default_config, int*, int*, rocprim::ROCPRIM_400200_NS::identity<int> >(int*, int*, unsigned long, rocprim::ROCPRIM_400200_NS::identity<int>, ihipStream_t*, bool)::{lambda(auto:1)#1}, rocprim::ROCPRIM_400200_NS::detail::default_config_selector>(rocprim::ROCPRIM_400200_NS::detail::transform_impl<true, rocprim::ROCPRIM_400200_NS::default_config, int*, int*, rocprim::ROCPRIM_400200_NS::identity<int> >(int*, int*, unsigned long, rocprim::ROCPRIM_400200_NS::identity<int>, ihipStream_t*, bool)::{lambda(auto:1)#1})",461,462443176248388,462443176250548,0,0,4,0,32,256,1,1,512,1,1
"KERNEL_DISPATCH","Agent 2",1,0,120312,462,11,"__amd_rocclr_fillBufferAligned",462,462443176342149,462443176348389,0,0,8,0,48,256,1,1,256,1,1
"KERNEL_DISPATCH","Agent 2",1,0,120312,463,11,"__amd_rocclr_fillBufferAligned",463,462443176348389,462443176352189,0,0,8,0,48,256,1,1,256,1,1
"KERNEL_DISPATCH","Agent 2",1,0,120312,464,16160,"void rocprim::ROCPRIM_400200_NS::detail::init_lookback_scan_state_kernel<rocprim::ROCPRIM_400200_NS::detail::lookback_scan_state<unsigned int, false, true>, rocprim::ROCPRIM_400200_NS::detail::block_id_wrapper<unsigned int, true> >(rocprim::ROCPRIM_400200_NS::detail::lookback_scan_state<unsigned int, false, true>, unsigned int, rocprim::ROCPRIM_400200_NS::detail::block_id_wrapper<unsigned int, true>, unsigned int, rocprim::ROCPRIM_400200_NS::detail::lookback_scan_state<unsigned int, false, true>::value_type*)",464,462443220262248,462443220264168,0,0,4,0,32,256,1,1,256,1,1
"KERNEL_DISPATCH","Agent 2",1,0,120312,465,16002,"void rocprim::ROCPRIM_400200_NS::detail::trampoline_kernel<rocprim::ROCPRIM_400200_NS::detail::wrapped_partition_config<rocprim::ROCPRIM_400200_NS::default_config, (rocprim::ROCPRIM_400200_NS::detail::partition_subalgo)8, int, rocprim::ROCPRIM_400200_NS::empty_type>, (rocprim::ROCPRIM_400200_NS::detail::target_arch)950, rocprim::ROCPRIM_400200_NS::detail::partition_impl<(rocprim::ROCPRIM_400200_NS::detail::partition_subalgo)8, false, rocprim::ROCPRIM_400200_NS::default_config, unsigned int, int const*, rocprim::ROCPRIM_400200_NS::empty_type*, rocprim::ROCPRIM_400200_NS::empty_type const*, rocprim::ROCPRIM_400200_NS::tuple<int*, rocprim::ROCPRIM_400200_NS::empty_type>, rocprim::ROCPRIM_400200_NS::tuple<rocprim::ROCPRIM_400200_NS::empty_type*, rocprim::ROCPRIM_400200_NS::empty_type*>, rocprim::ROCPRIM_400200_NS::detail::inequality_wrapper<hipcub::HIPCUB_400200_NS::Equality>, long*, rocprim::ROCPRIM_400200_NS::empty_type>(void*, unsigned long&, int const*, rocprim::ROCPRIM_400200_NS::empty_type*, rocprim::ROCPRIM_400200_NS::empty_type const*, rocprim::ROCPRIM_400200_NS::tuple<int*, rocprim::ROCPRIM_400200_NS::empty_type>, rocprim::ROCPRIM_400200_NS::tuple<rocprim::ROCPRIM_400200_NS::empty_type*, rocprim::ROCPRIM_400200_NS::empty_type*>, long*, unsigned long, rocprim::ROCPRIM_400200_NS::detail::inequality_wrapper<hipcub::HIPCUB_400200_NS::Equality>, ihipStream_t*, bool, rocprim::ROCPRIM_400200_NS::empty_type)::{lambda(auto:1, auto:2)#1}::operator()<std::integral_constant<bool, false>, std::integral_constant<bool, true> >(std::integral_constant<bool, false>, std::integral_constant<bool, true>) const::{lambda(auto:1)#1}, rocprim::ROCPRIM_400200_NS::detail::default_config_selector>(rocprim::ROCPRIM_400200_NS::detail::partition_impl<(rocprim::ROCPRIM_400200_NS::detail::partition_subalgo)8, false, rocprim::ROCPRIM_400200_NS::default_config, unsigned int, int const*, rocprim::ROCPRIM_400200_NS::empty_type*, rocprim::ROCPRIM_400200_NS::empty_type const*, rocprim::ROCPRIM_400200_NS::tuple<int*, rocprim::ROCPRIM_400200_NS::empty_type>, rocprim::ROCPRIM_400200_NS::tuple<rocprim::ROCPRIM_400200_NS::empty_type*, rocprim::ROCPRIM_400200_NS::empty_type*>, rocprim::ROCPRIM_400200_NS::detail::inequality_wrapper<hipcub::HIPCUB_400200_NS::Equality>, long*, rocprim::ROCPRIM_400200_NS::empty_type>(void*, unsigned long&, int const*, rocprim::ROCPRIM_400200_NS::empty_type*, rocprim::ROCPRIM_400200_NS::empty_type const*, rocprim::ROCPRIM_400200_NS::tuple<int*, rocprim::ROCPRIM_400200_NS::empty_type>, rocprim::ROCPRIM_400200_NS::tuple<rocprim::ROCPRIM_400200_NS::empty_type*, rocprim::ROCPRIM_400200_NS::empty_type*>, long*, unsigned long, rocprim::ROCPRIM_400200_NS::detail::inequality_wrapper<hipcub::HIPCUB_400200_NS::Equality>, ihipStream_t*, bool, rocprim::ROCPRIM_400200_NS::empty_type)::{lambda(auto:1, auto:2)#1}::operator()<std::integral_constant<bool, false>, std::integral_constant<bool, true> >(std::integral_constant<bool, false>, std::integral_constant<bool, true>) const::{lambda(auto:1)#1})",465,462443220282408,462443220287968,13824,0,36,0,80,256,1,1,256,1,1
"KERNEL_DISPATCH","Agent 2",1,0,120312,466,15980,"void rocprim::ROCPRIM_400200_NS::detail::trampoline_kernel<rocprim::ROCPRIM_400200_NS::detail::wrapped_transform_config<rocprim::ROCPRIM_400200_NS::default_config, unsigned long, true>, (rocprim::ROCPRIM_400200_NS::detail::target_arch)950, rocprim::ROCPRIM_400200_NS::detail::transform_impl<true, rocprim::ROCPRIM_400200_NS::default_config, unsigned long*, long*, rocprim::ROCPRIM_400200_NS::identity<void> >(unsigned long*, long*, unsigned long, rocprim::ROCPRIM_400200_NS::identity<void>, ihipStream_t*, bool)::{lambda(auto:1)#1}, rocprim::ROCPRIM_400200_NS::detail::default_config_selector>(rocprim::ROCPRIM_400200_NS::detail::transform_impl<true, rocprim::ROCPRIM_400200_NS::default_config, unsigned long*, long*, rocprim::ROCPRIM_400200_NS::identity<void> >(unsigned long*, long*, unsigned long, rocprim::ROCPRIM_400200_NS::identity<void>, ihipStream_t*, bool)::{lambda(auto:1)#1})",466,462443220293608,462443220295168,0,0,4,0,32,256,1,1,256,1,1
"KERNEL_DISPATCH","Agent 2",1,0,120312,467,6,"__amd_rocclr_copyBuffer",467,462443220366529,462443220370329,0,0,8,0,32,512,1,1,512,1,1
"KERNEL_DISPATCH","Agent 2",1,0,120312,468,6312,"EpDispatchCopyToStaging_fp4",468,462443449805943,462443449813703,0,64,32,0,64,512,1,1,131072,1,1
"KERNEL_DISPATCH","Agent 2",1,0,120312,469,6325,"EpDispatchInterNodeV1KernelLowLatency_fp4",469,462443449813703,462443450030785,0,64,40,0,112,512,1,1,131072,1,1
"KERNEL_DISPATCH","Agent 2",1,0,120312,470,6379,"void aiter::opus_moe_sorting_entry<aiter::MoeSortingClearWorkspaceKernel<aiter::MoeSortingClearWorkspaceProblem<true, 1024, 1> >, aiter::MoeSortingClearWorkspaceKernel<aiter::MoeSortingClearWorkspaceProblem<true, 1024, 1> >::Kargs>(aiter::MoeSortingClearWorkspaceKernel<aiter::MoeSortingClearWorkspaceProblem<true, 1024, 1> >::Kargs)",470,462443450345468,462443450349588,0,0,4,0,16,1024,1,1,262144,1,1
"KERNEL_DISPATCH","Agent 2",1,0,120312,471,6400,"void aiter::opus_moe_sorting_entry<aiter::MoeSortingMultiPhaseKernel_P0_v1<aiter::MoeSortingProblemMp<int, float, unsigned char, 4, true, true, true> >, aiter::MoeSortingMultiPhaseKernel_P0_v1<aiter::MoeSortingProblemMp<int, float, unsigned char, 4, true, true, true> >::Kargs>(aiter::MoeSortingMultiPhaseKernel_P0_v1<aiter::MoeSortingProblemMp<int, float, unsigned char, 4, true, true, true> >::Kargs)",471,462443450349588,462443450355548,0,0,16,0,48,256,1,1,131072,1,1
"KERNEL_DISPATCH","Agent 2",1,0,120312,472,6360,"void aiter::opus_moe_sorting_entry<aiter::MoeSortingMultiPhaseKernel_P1<aiter::MoeSortingProblemMp<int, float, unsigned char, 16, true, true, true> >, aiter::MoeSortingMultiPhaseKernel_P1<aiter::MoeSortingProblemMp<int, float, unsigned char, 16, true, true, true> >::Kargs>(aiter::MoeSortingMultiPhaseKernel_P1<aiter::MoeSortingProblemMp<int, float, unsigned char, 16, true, true, true> >::Kargs)",472,462443450355548,462443450359268,512,0,12,0,32,256,1,1,229632,1,1
"KERNEL_DISPATCH","Agent 2",1,0,120312,473,6381,"void aiter::opus_moe_sorting_entry<aiter::MoeSortingMultiPhaseKernel_P23<aiter::MoeSortingProblemMp<int, float, unsigned char, 16, true, true, true> >, aiter::MoeSortingMultiPhaseKernel_P23<aiter::MoeSortingProblemMp<int, float, unsigned char, 16, true, true, true> >::Kargs>(aiter::MoeSortingMultiPhaseKernel_P23<aiter::MoeSortingProblemMp<int, float, unsigned char, 16, true, true, true> >::Kargs)",473,462443450366388,462443450378028,0,0,32,0,80,256,1,1,360704,1,1
"KERNEL_DISPATCH","Agent 2",1,0,120312,474,6720,"void aiter::mxfp4_moe_sort_kernel<256, 32, 16, 32>(unsigned char*, unsigned char*, int const*, int const*, int, int, int, int, int)",474,462443450451829,462443450456309,4608,0,32,0,112,256,1,1,721408,1,1
"KERNEL_DISPATCH","Agent 2",1,0,120312,475,6762,"mfma_moe1_silu_mul_afp4_wfp4_bf16_t64x128x256_pm1_async_v32",475,462443450603830,462443450742752,41472,0,100,0,112,256,1,1,6144,1408,1
"KERNEL_DISPATCH","Agent 2",1,0,120312,476,6540,"void aiter::dynamic_per_group_scaled_quant_kernel<std::bfloat16_t, opus::fp4_t, 32, 32, false, 64, true>(opus::fp4_t*, float*, std::bfloat16_t const*, float const*, long, int, int, long, int const*, int)",476,462443450742752,462443450785232,0,0,32,0,48,64,1,1,3145728,1,1
"KERNEL_DISPATCH","Agent 2",1,0,120312,477,6720,"void aiter::mxfp4_moe_sort_kernel<256, 32, 16, 32>(unsigned char*, unsigned char*, int const*, int const*, int, int, int, int, int)",477,462443450785232,462443450790232,4608,0,32,0,112,256,1,1,721408,1,1
"KERNEL_DISPATCH","Agent 2",1,0,120312,478,6763,"mfma_moe2_afp4_wfp4_bf16_cshuffle_t64x128x256_vscale_fix3_fp4opt_v1_persist_cu256",478,462443450790232,462443450865233,33280,0,84,0,112,256,1,1,7168,256,1
"KERNEL_DISPATCH","Agent 2",1,0,120312,479,6310,"EpCombineSync_bf16",479,462443450871153,462443450879833,0,64,48,0,96,256,1,1,65536,1,1
"KERNEL_DISPATCH","Agent 2",1,0,120312,480,6318,"EpCombineSyncBarrier_bf16",480,462443450879833,462443451642720,0,64,28,0,48,64,1,1,64,1,1
"KERNEL_DISPATCH","Agent 2",1,0,120312,481,6304,"EpCombineInterNodeV1KernelLowLatency_bf16",481,462443451642720,462443451726481,0,1024,64,0,112,256,1,1,65536,1,1
"KERNEL_DISPATCH","Agent 2",1,0,120312,482,6308,"EpCombineAll_bf16",482,462443451726352,462443451734432,0,64,44,0,112,256,1,1,65536,1,1
"KERNEL_DISPATCH","Agent 2",1,0,120312,483,6312,"EpDispatchCopyToStaging_fp4",483,462443451740881,462443451746441,0,64,32,0,64,512,1,1,131072,1,1
"KERNEL_DISPATCH","Agent 2",1,0,120312,484,6325,"EpDispatchInterNodeV1KernelLowLatency_fp4",484,462443451746441,462443451863162,0,64,40,0,112,512,1,1,131072,1,1
"KERNEL_DISPATCH","Agent 2",1,0,120312,485,6379,"void aiter::opus_moe_sorting_entry<aiter::MoeSortingClearWorkspaceKernel<aiter::MoeSortingClearWorkspaceProblem<true, 1024, 1> >, aiter::MoeSortingClearWorkspaceKernel<aiter::MoeSortingClearWorkspaceProblem<true, 1024, 1> >::Kargs>(aiter::MoeSortingClearWorkspaceKernel<aiter::MoeSortingClearWorkspaceProblem<true, 1024, 1> >::Kargs)",485,462443451868723,462443451872803,0,0,4,0,16,1024,1,1,262144,1,1
"KERNEL_DISPATCH","Agent 2",1,0,120312,486,6400,"void aiter::opus_moe_sorting_entry<aiter::MoeSortingMultiPhaseKernel_P0_v1<aiter::MoeSortingProblemMp<int, float, unsigned char, 4, true, true, true> >, aiter::MoeSortingMultiPhaseKernel_P0_v1<aiter::MoeSortingProblemMp<int, float, unsigned char, 4, true, true, true> >::Kargs>(aiter::MoeSortingMultiPhaseKernel_P0_v1<aiter::MoeSortingProblemMp<int, float, unsigned char, 4, true, true, true> >::Kargs)",486,462443451872803,462443451877283,0,0,16,0,48,256,1,1,131072,1,1
"KERNEL_DISPATCH","Agent 2",1,0,120312,487,6360,"void aiter::opus_moe_sorting_entry<aiter::MoeSortingMultiPhaseKernel_P1<aiter::MoeSortingProblemMp<int, float, unsigned char, 16, true, true, true> >, aiter::MoeSortingMultiPhaseKernel_P1<aiter::MoeSortingProblemMp<int, float, unsigned char, 16, true, true, true> >::Kargs>(aiter::MoeSortingMultiPhaseKernel_P1<aiter::MoeSortingProblemMp<int, float, unsigned char, 16, true, true, true> >::Kargs)",487,462443451877283,462443451881563,512,0,12,0,32,256,1,1,229632,1,1
"KERNEL_DISPATCH","Agent 2",1,0,120312,488,6381,"void aiter::opus_moe_sorting_entry<aiter::MoeSortingMultiPhaseKernel_P23<aiter::MoeSortingProblemMp<int, float, unsigned char, 16, true, true, true> >, aiter::MoeSortingMultiPhaseKernel_P23<aiter::MoeSortingProblemMp<int, float, unsigned char, 16, true, true, true> >::Kargs>(aiter::MoeSortingMultiPhaseKernel_P23<aiter::MoeSortingProblemMp<int, float, unsigned char, 16, true, true, true> >::Kargs)",488,462443451881563,462443451892923,0,0,32,0,80,256,1,1,360704,1,1
"KERNEL_DISPATCH","Agent 2",1,0,120312,489,6720,"void aiter::mxfp4_moe_sort_kernel<256, 32, 16, 32>(unsigned char*, unsigned char*, int const*, int const*, int, int, int, int, int)",489,462443451892923,462443451897363,4608,0,32,0,112,256,1,1,721408,1,1
"KERNEL_DISPATCH","Agent 2",1,0,120312,490,6762,"mfma_moe1_silu_mul_afp4_wfp4_bf16_t64x128x256_pm1_async_v32",490,462443451897363,462443452040404,41472,0,100,0,112,256,1,1,6144,1408,1
"KERNEL_DISPATCH","Agent 2",1,0,120312,491,6540,"void aiter::dynamic_per_group_scaled_quant_kernel<std::bfloat16_t, opus::fp4_t, 32, 32, false, 64, true>(opus::fp4_t*, float*, std::bfloat16_t const*, float const*, long, int, int, long, int const*, int)",491,462443452040404,462443452083805,0,0,32,0,48,64,1,1,3145728,1,1
"KERNEL_DISPATCH","Agent 2",1,0,120312,492,6720,"void aiter::mxfp4_moe_sort_kernel<256, 32, 16, 32>(unsigned char*, unsigned char*, int const*, int const*, int, int, int, int, int)",492,462443452083805,462443452088285,4608,0,32,0,112,256,1,1,721408,1,1
"KERNEL_DISPATCH","Agent 2",1,0,120312,493,6763,"mfma_moe2_afp4_wfp4_bf16_cshuffle_t64x128x256_vscale_fix3_fp4opt_v1_persist_cu256",493,462443452088285,462443452163605,33280,0,84,0,112,256,1,1,7168,256,1
"KERNEL_DISPATCH","Agent 2",1,0,120312,494,6310,"EpCombineSync_bf16",494,462443452169565,462443452178366,0,64,48,0,96,256,1,1,65536,1,1
"KERNEL_DISPATCH","Agent 2",1,0,120312,495,6318,"EpCombineSyncBarrier_bf16",495,462443452178366,462443452683330,0,64,28,0,48,64,1,1,64,1,1
"KERNEL_DISPATCH","Agent 2",1,0,120312,496,6304,"EpCombineInterNodeV1KernelLowLatency_bf16",496,462443452683330,462443452769091,0,1024,64,0,112,256,1,1,65536,1,1
"KERNEL_DISPATCH","Agent 2",1,0,120312,497,6308,"EpCombineAll_bf16",497,462443452769091,462443452777331,0,64,44,0,112,256,1,1,65536,1,1
"KERNEL_DISPATCH","Agent 2",1,0,120312,498,6312,"EpDispatchCopyToStaging_fp4",498,462443452783531,462443452789612,0,64,32,0,64,512,1,1,131072,1,1
"KERNEL_DISPATCH","Agent 2",1,0,120312,499,6325,"EpDispatchInterNodeV1KernelLowLatency_fp4",499,462443452789612,462443452901373,0,64,40,0,112,512,1,1,131072,1,1
"KERNEL_DISPATCH","Agent 2",1,0,120312,500,6379,"void aiter::opus_moe_sorting_entry<aiter::MoeSortingClearWorkspaceKernel<aiter::MoeSortingClearWorkspaceProblem<true, 1024, 1> >, aiter::MoeSortingClearWorkspaceKernel<aiter::MoeSortingClearWorkspaceProblem<true, 1024, 1> >::Kargs>(aiter::MoeSortingClearWorkspaceKernel<aiter::MoeSortingClearWorkspaceProblem<true, 1024, 1> >::Kargs)",500,462443452906733,462443452910693,0,0,4,0,16,1024,1,1,262144,1,1
"KERNEL_DISPATCH","Agent 2",1,0,120312,501,6400,"void aiter::opus_moe_sorting_entry<aiter::MoeSortingMultiPhaseKernel_P0_v1<aiter::MoeSortingProblemMp<int, float, unsigned char, 4, true, true, true> >, aiter::MoeSortingMultiPhaseKernel_P0_v1<aiter::MoeSortingProblemMp<int, float, unsigned char, 4, true, true, true> >::Kargs>(aiter::MoeSortingMultiPhaseKernel_P0_v1<aiter::MoeSortingProblemMp<int, float, unsigned char, 4, true, true, true> >::Kargs)",501,462443452910673,462443452915273,0,0,16,0,48,256,1,1,131072,1,1
"KERNEL_DISPATCH","Agent 2",1,0,120312,502,6360,"void aiter::opus_moe_sorting_entry<aiter::MoeSortingMultiPhaseKernel_P1<aiter::MoeSortingProblemMp<int, float, unsigned char, 16, true, true, true> >, aiter::MoeSortingMultiPhaseKernel_P1<aiter::MoeSortingProblemMp<int, float, unsigned char, 16, true, true, true> >::Kargs>(aiter::MoeSortingMultiPhaseKernel_P1<aiter::MoeSortingProblemMp<int, float, unsigned char, 16, true, true, true> >::Kargs)",502,462443452915293,462443452919493,512,0,12,0,32,256,1,1,229632,1,1
"KERNEL_DISPATCH","Agent 2",1,0,120312,503,6381,"void aiter::opus_moe_sorting_entry<aiter::MoeSortingMultiPhaseKernel_P23<aiter::MoeSortingProblemMp<int, float, unsigned char, 16, true, true, true> >, aiter::MoeSortingMultiPhaseKernel_P23<aiter::MoeSortingProblemMp<int, float, unsigned char, 16, true, true, true> >::Kargs>(aiter::MoeSortingMultiPhaseKernel_P23<aiter::MoeSortingProblemMp<int, float, unsigned char, 16, true, true, true> >::Kargs)",503,462443452919493,462443452930453,0,0,32,0,80,256,1,1,360704,1,1
"KERNEL_DISPATCH","Agent 2",1,0,120312,504,6720,"void aiter::mxfp4_moe_sort_kernel<256, 32, 16, 32>(unsigned char*, unsigned char*, int const*, int const*, int, int, int, int, int)",504,462443452930453,462443452934893,4608,0,32,0,112,256,1,1,721408,1,1
"KERNEL_DISPATCH","Agent 2",1,0,120312,505,6762,"mfma_moe1_silu_mul_afp4_wfp4_bf16_t64x128x256_pm1_async_v32",505,462443452934893,462443453077894,41472,0,100,0,112,256,1,1,6144,1408,1
"KERNEL_DISPATCH","Agent 2",1,0,120312,506,6540,"void aiter::dynamic_per_group_scaled_quant_kernel<std::bfloat16_t, opus::fp4_t, 32, 32, false, 64, true>(opus::fp4_t*, float*, std::bfloat16_t const*, float const*, long, int, int, long, int const*, int)",506,462443453077894,462443453119615,0,0,32,0,48,64,1,1,3145728,1,1
"KERNEL_DISPATCH","Agent 2",1,0,120312,507,6720,"void aiter::mxfp4_moe_sort_kernel<256, 32, 16, 32>(unsigned char*, unsigned char*, int const*, int const*, int, int, int, int, int)",507,462443453119400,462443453123920,4608,0,32,0,112,256,1,1,721408,1,1
"KERNEL_DISPATCH","Agent 2",1,0,120312,508,6763,"mfma_moe2_afp4_wfp4_bf16_cshuffle_t64x128x256_vscale_fix3_fp4opt_v1_persist_cu256",508,462443453124135,462443453200136,33280,0,84,0,112,256,1,1,7168,256,1
"KERNEL_DISPATCH","Agent 2",1,0,120312,509,6310,"EpCombineSync_bf16",509,462443453205936,462443453215016,0,64,48,0,96,256,1,1,65536,1,1
"KERNEL_DISPATCH","Agent 2",1,0,120312,510,6318,"EpCombineSyncBarrier_bf16",510,462443453215016,462443453591539,0,64,28,0,48,64,1,1,64,1,1
"KERNEL_DISPATCH","Agent 2",1,0,120312,511,6304,"EpCombineInterNodeV1KernelLowLatency_bf16",511,462443453591539,462443453678820,0,1024,64,0,112,256,1,1,65536,1,1
"KERNEL_DISPATCH","Agent 2",1,0,120312,512,6308,"EpCombineAll_bf16",512,462443453678820,462443453687140,0,64,44,0,112,256,1,1,65536,1,1
"KERNEL_DISPATCH","Agent 2",1,0,120312,513,6312,"EpDispatchCopyToStaging_fp4",513,462443453692940,462443453699260,0,64,32,0,64,512,1,1,131072,1,1
"KERNEL_DISPATCH","Agent 2",1,0,120312,514,6325,"EpDispatchInterNodeV1KernelLowLatency_fp4",514,462443453699260,462443453814622,0,64,40,0,112,512,1,1,131072,1,1
"KERNEL_DISPATCH","Agent 2",1,0,120312,515,6379,"void aiter::opus_moe_sorting_entry<aiter::MoeSortingClearWorkspaceKernel<aiter::MoeSortingClearWorkspaceProblem<true, 1024, 1> >, aiter::MoeSortingClearWorkspaceKernel<aiter::MoeSortingClearWorkspaceProblem<true, 1024, 1> >::Kargs>(aiter::MoeSortingClearWorkspaceKernel<aiter::MoeSortingClearWorkspaceProblem<true, 1024, 1> >::Kargs)",515,462443453820102,462443453824222,0,0,4,0,16,1024,1,1,262144,1,1
"KERNEL_DISPATCH","Agent 2",1,0,120312,516,6400,"void aiter::opus_moe_sorting_entry<aiter::MoeSortingMultiPhaseKernel_P0_v1<aiter::MoeSortingProblemMp<int, float, unsigned char, 4, true, true, true> >, aiter::MoeSortingMultiPhaseKernel_P0_v1<aiter::MoeSortingProblemMp<int, float, unsigned char, 4, true, true, true> >::Kargs>(aiter::MoeSortingMultiPhaseKernel_P0_v1<aiter::MoeSortingProblemMp<int, float, unsigned char, 4, true, true, true> >::Kargs)",516,462443453824222,462443453828662,0,0,16,0,48,256,1,1,131072,1,1
"KERNEL_DISPATCH","Agent 2",1,0,120312,517,6360,"void aiter::opus_moe_sorting_entry<aiter::MoeSortingMultiPhaseKernel_P1<aiter::MoeSortingProblemMp<int, float, unsigned char, 16, true, true, true> >, aiter::MoeSortingMultiPhaseKernel_P1<aiter::MoeSortingProblemMp<int, float, unsigned char, 16, true, true, true> >::Kargs>(aiter::MoeSortingMultiPhaseKernel_P1<aiter::MoeSortingProblemMp<int, float, unsigned char, 16, true, true, true> >::Kargs)",517,462443453828662,462443453832982,512,0,12,0,32,256,1,1,229632,1,1
"KERNEL_DISPATCH","Agent 2",1,0,120312,518,6381,"void aiter::opus_moe_sorting_entry<aiter::MoeSortingMultiPhaseKernel_P23<aiter::MoeSortingProblemMp<int, float, unsigned char, 16, true, true, true> >, aiter::MoeSortingMultiPhaseKernel_P23<aiter::MoeSortingProblemMp<int, float, unsigned char, 16, true, true, true> >::Kargs>(aiter::MoeSortingMultiPhaseKernel_P23<aiter::MoeSortingProblemMp<int, float, unsigned char, 16, true, true, true> >::Kargs)",518,462443453832982,462443453844422,0,0,32,0,80,256,1,1,360704,1,1
"KERNEL_DISPATCH","Agent 2",1,0,120312,519,6720,"void aiter::mxfp4_moe_sort_kernel<256, 32, 16, 32>(unsigned char*, unsigned char*, int const*, int const*, int, int, int, int, int)",519,462443453844422,462443453848942,4608,0,32,0,112,256,1,1,721408,1,1
"KERNEL_DISPATCH","Agent 2",1,0,120312,520,6762,"mfma_moe1_silu_mul_afp4_wfp4_bf16_t64x128x256_pm1_async_v32",520,462443453848942,462443453992423,41472,0,100,0,112,256,1,1,6144,1408,1
"KERNEL_DISPATCH","Agent 2",1,0,120312,521,6540,"void aiter::dynamic_per_group_scaled_quant_kernel<std::bfloat16_t, opus::fp4_t, 32, 32, false, 64, true>(opus::fp4_t*, float*, std::bfloat16_t const*, float const*, long, int, int, long, int const*, int)",521,462443453992423,462443454033784,0,0,32,0,48,64,1,1,3145728,1,1
"KERNEL_DISPATCH","Agent 2",1,0,120312,522,6720,"void aiter::mxfp4_moe_sort_kernel<256, 32, 16, 32>(unsigned char*, unsigned char*, int const*, int const*, int, int, int, int, int)",522,462443454033784,462443454038264,4608,0,32,0,112,256,1,1,721408,1,1
"KERNEL_DISPATCH","Agent 2",1,0,120312,523,6763,"mfma_moe2_afp4_wfp4_bf16_cshuffle_t64x128x256_vscale_fix3_fp4opt_v1_persist_cu256",523,462443454038264,462443454114304,33280,0,84,0,112,256,1,1,7168,256,1
"KERNEL_DISPATCH","Agent 2",1,0,120312,524,6310,"EpCombineSync_bf16",524,462443454120184,462443454129225,0,64,48,0,96,256,1,1,65536,1,1
"KERNEL_DISPATCH","Agent 2",1,0,120312,525,6318,"EpCombineSyncBarrier_bf16",525,462443454129225,462443454478988,0,64,28,0,48,64,1,1,64,1,1
"KERNEL_DISPATCH","Agent 2",1,0,120312,526,6304,"EpCombineInterNodeV1KernelLowLatency_bf16",526,462443454478988,462443454565189,0,1024,64,0,112,256,1,1,65536,1,1
"KERNEL_DISPATCH","Agent 2",1,0,120312,527,6308,"EpCombineAll_bf16",527,462443454565189,462443454573429,0,64,44,0,112,256,1,1,65536,1,1
"KERNEL_DISPATCH","Agent 2",1,0,120312,528,6312,"EpDispatchCopyToStaging_fp4",528,462443454579309,462443454585469,0,64,32,0,64,512,1,1,131072,1,1
"KERNEL_DISPATCH","Agent 2",1,0,120312,529,6325,"EpDispatchInterNodeV1KernelLowLatency_fp4",529,462443454585469,462443454697150,0,64,40,0,112,512,1,1,131072,1,1
"KERNEL_DISPATCH","Agent 2",1,0,120312,530,6379,"void aiter::opus_moe_sorting_entry<aiter::MoeSortingClearWorkspaceKernel<aiter::MoeSortingClearWorkspaceProblem<true, 1024, 1> >, aiter::MoeSortingClearWorkspaceKernel<aiter::MoeSortingClearWorkspaceProblem<true, 1024, 1> >::Kargs>(aiter::MoeSortingClearWorkspaceKernel<aiter::MoeSortingClearWorkspaceProblem<true, 1024, 1> >::Kargs)",530,462443454702590,462443454706710,0,0,4,0,16,1024,1,1,262144,1,1
"KERNEL_DISPATCH","Agent 2",1,0,120312,531,6400,"void aiter::opus_moe_sorting_entry<aiter::MoeSortingMultiPhaseKernel_P0_v1<aiter::MoeSortingProblemMp<int, float, unsigned char, 4, true, true, true> >, aiter::MoeSortingMultiPhaseKernel_P0_v1<aiter::MoeSortingProblemMp<int, float, unsigned char, 4, true, true, true> >::Kargs>(aiter::MoeSortingMultiPhaseKernel_P0_v1<aiter::MoeSortingProblemMp<int, float, unsigned char, 4, true, true, true> >::Kargs)",531,462443454706710,462443454711150,0,0,16,0,48,256,1,1,131072,1,1
"KERNEL_DISPATCH","Agent 2",1,0,120312,532,6360,"void aiter::opus_moe_sorting_entry<aiter::MoeSortingMultiPhaseKernel_P1<aiter::MoeSortingProblemMp<int, float, unsigned char, 16, true, true, true> >, aiter::MoeSortingMultiPhaseKernel_P1<aiter::MoeSortingProblemMp<int, float, unsigned char, 16, true, true, true> >::Kargs>(aiter::MoeSortingMultiPhaseKernel_P1<aiter::MoeSortingProblemMp<int, float, unsigned char, 16, true, true, true> >::Kargs)",532,462443454711150,462443454715390,512,0,12,0,32,256,1,1,229632,1,1
"KERNEL_DISPATCH","Agent 2",1,0,120312,533,6381,"void aiter::opus_moe_sorting_entry<aiter::MoeSortingMultiPhaseKernel_P23<aiter::MoeSortingProblemMp<int, float, unsigned char, 16, true, true, true> >, aiter::MoeSortingMultiPhaseKernel_P23<aiter::MoeSortingProblemMp<int, float, unsigned char, 16, true, true, true> >::Kargs>(aiter::MoeSortingMultiPhaseKernel_P23<aiter::MoeSortingProblemMp<int, float, unsigned char, 16, true, true, true> >::Kargs)",533,462443454715390,462443454726950,0,0,32,0,80,256,1,1,360704,1,1
"KERNEL_DISPATCH","Agent 2",1,0,120312,534,6720,"void aiter::mxfp4_moe_sort_kernel<256, 32, 16, 32>(unsigned char*, unsigned char*, int const*, int const*, int, int, int, int, int)",534,462443454726950,462443454731470,4608,0,32,0,112,256,1,1,721408,1,1
"KERNEL_DISPATCH","Agent 2",1,0,120312,535,6762,"mfma_moe1_silu_mul_afp4_wfp4_bf16_t64x128x256_pm1_async_v32",535,462443454731470,462443454872712,41472,0,100,0,112,256,1,1,6144,1408,1
"KERNEL_DISPATCH","Agent 2",1,0,120312,536,6540,"void aiter::dynamic_per_group_scaled_quant_kernel<std::bfloat16_t, opus::fp4_t, 32, 32, false, 64, true>(opus::fp4_t*, float*, std::bfloat16_t const*, float const*, long, int, int, long, int const*, int)",536,462443454872712,462443454914152,0,0,32,0,48,64,1,1,3145728,1,1
"KERNEL_DISPATCH","Agent 2",1,0,120312,537,6720,"void aiter::mxfp4_moe_sort_kernel<256, 32, 16, 32>(unsigned char*, unsigned char*, int const*, int const*, int, int, int, int, int)",537,462443454914152,462443454918672,4608,0,32,0,112,256,1,1,721408,1,1
"KERNEL_DISPATCH","Agent 2",1,0,120312,538,6763,"mfma_moe2_afp4_wfp4_bf16_cshuffle_t64x128x256_vscale_fix3_fp4opt_v1_persist_cu256",538,462443454918672,462443454994993,33280,0,84,0,112,256,1,1,7168,256,1
"KERNEL_DISPATCH","Agent 2",1,0,120312,539,6310,"EpCombineSync_bf16",539,462443455000753,462443455009753,0,64,48,0,96,256,1,1,65536,1,1
"KERNEL_DISPATCH","Agent 2",1,0,120312,540,6318,"EpCombineSyncBarrier_bf16",540,462443455009753,462443455349516,0,64,28,0,48,64,1,1,64,1,1
"KERNEL_DISPATCH","Agent 2",1,0,120312,541,6304,"EpCombineInterNodeV1KernelLowLatency_bf16",541,462443455349516,462443455435877,0,1024,64,0,112,256,1,1,65536,1,1
"KERNEL_DISPATCH","Agent 2",1,0,120312,542,6308,"EpCombineAll_bf16",542,462443455435877,462443455443957,0,64,44,0,112,256,1,1,65536,1,1
"KERNEL_DISPATCH","Agent 2",1,0,120312,543,6312,"EpDispatchCopyToStaging_fp4",543,462443455450277,462443455456398,0,64,32,0,64,512,1,1,131072,1,1
"KERNEL_DISPATCH","Agent 2",1,0,120312,544,6325,"EpDispatchInterNodeV1KernelLowLatency_fp4",544,462443455456398,462443455569399,0,64,40,0,112,512,1,1,131072,1,1
"KERNEL_DISPATCH","Agent 2",1,0,120312,545,6379,"void aiter::opus_moe_sorting_entry<aiter::MoeSortingClearWorkspaceKernel<aiter::MoeSortingClearWorkspaceProblem<true, 1024, 1> >, aiter::MoeSortingClearWorkspaceKernel<aiter::MoeSortingClearWorkspaceProblem<true, 1024, 1> >::Kargs>(aiter::MoeSortingClearWorkspaceKernel<aiter::MoeSortingClearWorkspaceProblem<true, 1024, 1> >::Kargs)",545,462443455574719,462443455578759,0,0,4,0,16,1024,1,1,262144,1,1
"KERNEL_DISPATCH","Agent 2",1,0,120312,546,6400,"void aiter::opus_moe_sorting_entry<aiter::MoeSortingMultiPhaseKernel_P0_v1<aiter::MoeSortingProblemMp<int, float, unsigned char, 4, true, true, true> >, aiter::MoeSortingMultiPhaseKernel_P0_v1<aiter::MoeSortingProblemMp<int, float, unsigned char, 4, true, true, true> >::Kargs>(aiter::MoeSortingMultiPhaseKernel_P0_v1<aiter::MoeSortingProblemMp<int, float, unsigned char, 4, true, true, true> >::Kargs)",546,462443455578759,462443455583119,0,0,16,0,48,256,1,1,131072,1,1
"KERNEL_DISPATCH","Agent 2",1,0,120312,547,6360,"void aiter::opus_moe_sorting_entry<aiter::MoeSortingMultiPhaseKernel_P1<aiter::MoeSortingProblemMp<int, float, unsigned char, 16, true, true, true> >, aiter::MoeSortingMultiPhaseKernel_P1<aiter::MoeSortingProblemMp<int, float, unsigned char, 16, true, true, true> >::Kargs>(aiter::MoeSortingMultiPhaseKernel_P1<aiter::MoeSortingProblemMp<int, float, unsigned char, 16, true, true, true> >::Kargs)",547,462443455583119,462443455587399,512,0,12,0,32,256,1,1,229632,1,1
"KERNEL_DISPATCH","Agent 2",1,0,120312,548,6381,"void aiter::opus_moe_sorting_entry<aiter::MoeSortingMultiPhaseKernel_P23<aiter::MoeSortingProblemMp<int, float, unsigned char, 16, true, true, true> >, aiter::MoeSortingMultiPhaseKernel_P23<aiter::MoeSortingProblemMp<int, float, unsigned char, 16, true, true, true> >::Kargs>(aiter::MoeSortingMultiPhaseKernel_P23<aiter::MoeSortingProblemMp<int, float, unsigned char, 16, true, true, true> >::Kargs)",548,462443455587399,462443455598759,0,0,32,0,80,256,1,1,360704,1,1
"KERNEL_DISPATCH","Agent 2",1,0,120312,549,6720,"void aiter::mxfp4_moe_sort_kernel<256, 32, 16, 32>(unsigned char*, unsigned char*, int const*, int const*, int, int, int, int, int)",549,462443455598740,462443455603220,4608,0,32,0,112,256,1,1,721408,1,1
"KERNEL_DISPATCH","Agent 2",1,0,120312,550,6762,"mfma_moe1_silu_mul_afp4_wfp4_bf16_t64x128x256_pm1_async_v32",550,462443455603239,462443455746640,41472,0,100,0,112,256,1,1,6144,1408,1
"KERNEL_DISPATCH","Agent 2",1,0,120312,551,6540,"void aiter::dynamic_per_group_scaled_quant_kernel<std::bfloat16_t, opus::fp4_t, 32, 32, false, 64, true>(opus::fp4_t*, float*, std::bfloat16_t const*, float const*, long, int, int, long, int const*, int)",551,462443455746640,462443455788681,0,0,32,0,48,64,1,1,3145728,1,1
"KERNEL_DISPATCH","Agent 2",1,0,120312,552,6720,"void aiter::mxfp4_moe_sort_kernel<256, 32, 16, 32>(unsigned char*, unsigned char*, int const*, int const*, int, int, int, int, int)",552,462443455788681,462443455793201,4608,0,32,0,112,256,1,1,721408,1,1
"KERNEL_DISPATCH","Agent 2",1,0,120312,553,6763,"mfma_moe2_afp4_wfp4_bf16_cshuffle_t64x128x256_vscale_fix3_fp4opt_v1_persist_cu256",553,462443455793201,462443455868482,33280,0,84,0,112,256,1,1,7168,256,1
"KERNEL_DISPATCH","Agent 2",1,0,120312,554,6310,"EpCombineSync_bf16",554,462443455874082,462443455882722,0,64,48,0,96,256,1,1,65536,1,1
"KERNEL_DISPATCH","Agent 2",1,0,120312,555,6318,"EpCombineSyncBarrier_bf16",555,462443455882722,462443456173925,0,64,28,0,48,64,1,1,64,1,1
"KERNEL_DISPATCH","Agent 2",1,0,120312,556,6304,"EpCombineInterNodeV1KernelLowLatency_bf16",556,462443456173925,462443456257925,0,1024,64,0,112,256,1,1,65536,1,1
"KERNEL_DISPATCH","Agent 2",1,0,120312,557,6308,"EpCombineAll_bf16",557,462443456257925,462443456266285,0,64,44,0,112,256,1,1,65536,1,1
"KERNEL_DISPATCH","Agent 2",1,0,120312,558,6312,"EpDispatchCopyToStaging_fp4",558,462443456271926,462443456277966,0,64,32,0,64,512,1,1,131072,1,1
"KERNEL_DISPATCH","Agent 2",1,0,120312,559,6325,"EpDispatchInterNodeV1KernelLowLatency_fp4",559,462443456277966,462443456391127,0,64,40,0,112,512,1,1,131072,1,1
"KERNEL_DISPATCH","Agent 2",1,0,120312,560,6379,"void aiter::opus_moe_sorting_entry<aiter::MoeSortingClearWorkspaceKernel<aiter::MoeSortingClearWorkspaceProblem<true, 1024, 1> >, aiter::MoeSortingClearWorkspaceKernel<aiter::MoeSortingClearWorkspaceProblem<true, 1024, 1> >::Kargs>(aiter::MoeSortingClearWorkspaceKernel<aiter::MoeSortingClearWorkspaceProblem<true, 1024, 1> >::Kargs)",560,462443456396727,462443456400887,0,0,4,0,16,1024,1,1,262144,1,1
"KERNEL_DISPATCH","Agent 2",1,0,120312,561,6400,"void aiter::opus_moe_sorting_entry<aiter::MoeSortingMultiPhaseKernel_P0_v1<aiter::MoeSortingProblemMp<int, float, unsigned char, 4, true, true, true> >, aiter::MoeSortingMultiPhaseKernel_P0_v1<aiter::MoeSortingProblemMp<int, float, unsigned char, 4, true, true, true> >::Kargs>(aiter::MoeSortingMultiPhaseKernel_P0_v1<aiter::MoeSortingProblemMp<int, float, unsigned char, 4, true, true, true> >::Kargs)",561,462443456400817,462443456405377,0,0,16,0,48,256,1,1,131072,1,1
"KERNEL_DISPATCH","Agent 2",1,0,120312,562,6360,"void aiter::opus_moe_sorting_entry<aiter::MoeSortingMultiPhaseKernel_P1<aiter::MoeSortingProblemMp<int, float, unsigned char, 16, true, true, true> >, aiter::MoeSortingMultiPhaseKernel_P1<aiter::MoeSortingProblemMp<int, float, unsigned char, 16, true, true, true> >::Kargs>(aiter::MoeSortingMultiPhaseKernel_P1<aiter::MoeSortingProblemMp<int, float, unsigned char, 16, true, true, true> >::Kargs)",562,462443456405447,462443456409687,512,0,12,0,32,256,1,1,229632,1,1
"KERNEL_DISPATCH","Agent 2",1,0,120312,563,6381,"void aiter::opus_moe_sorting_entry<aiter::MoeSortingMultiPhaseKernel_P23<aiter::MoeSortingProblemMp<int, float, unsigned char, 16, true, true, true> >, aiter::MoeSortingMultiPhaseKernel_P23<aiter::MoeSortingProblemMp<int, float, unsigned char, 16, true, true, true> >::Kargs>(aiter::MoeSortingMultiPhaseKernel_P23<aiter::MoeSortingProblemMp<int, float, unsigned char, 16, true, true, true> >::Kargs)",563,462443456409687,462443456420767,0,0,32,0,80,256,1,1,360704,1,1
"KERNEL_DISPATCH","Agent 2",1,0,120312,564,6720,"void aiter::mxfp4_moe_sort_kernel<256, 32, 16, 32>(unsigned char*, unsigned char*, int const*, int const*, int, int, int, int, int)",564,462443456420767,462443456425327,4608,0,32,0,112,256,1,1,721408,1,1
"KERNEL_DISPATCH","Agent 2",1,0,120312,565,6762,"mfma_moe1_silu_mul_afp4_wfp4_bf16_t64x128x256_pm1_async_v32",565,462443456425327,462443456569088,41472,0,100,0,112,256,1,1,6144,1408,1
"KERNEL_DISPATCH","Agent 2",1,0,120312,566,6540,"void aiter::dynamic_per_group_scaled_quant_kernel<std::bfloat16_t, opus::fp4_t, 32, 32, false, 64, true>(opus::fp4_t*, float*, std::bfloat16_t const*, float const*, long, int, int, long, int const*, int)",566,462443456569088,462443456611089,0,0,32,0,48,64,1,1,3145728,1,1
"KERNEL_DISPATCH","Agent 2",1,0,120312,567,6720,"void aiter::mxfp4_moe_sort_kernel<256, 32, 16, 32>(unsigned char*, unsigned char*, int const*, int const*, int, int, int, int, int)",567,462443456611089,462443456615529,4608,0,32,0,112,256,1,1,721408,1,1
"KERNEL_DISPATCH","Agent 2",1,0,120312,568,6763,"mfma_moe2_afp4_wfp4_bf16_cshuffle_t64x128x256_vscale_fix3_fp4opt_v1_persist_cu256",568,462443456615529,462443456691090,33280,0,84,0,112,256,1,1,7168,256,1
"KERNEL_DISPATCH","Agent 2",1,0,120312,569,6310,"EpCombineSync_bf16",569,462443456696730,462443456705810,0,64,48,0,96,256,1,1,65536,1,1
"KERNEL_DISPATCH","Agent 2",1,0,120312,570,6318,"EpCombineSyncBarrier_bf16",570,462443456705810,462443457001373,0,64,28,0,48,64,1,1,64,1,1
"KERNEL_DISPATCH","Agent 2",1,0,120312,571,6304,"EpCombineInterNodeV1KernelLowLatency_bf16",571,462443457001373,462443457086733,0,1024,64,0,112,256,1,1,65536,1,1
"KERNEL_DISPATCH","Agent 2",1,0,120312,572,6308,"EpCombineAll_bf16",572,462443457086733,462443457094734,0,64,44,0,112,256,1,1,65536,1,1
"KERNEL_DISPATCH","Agent 2",1,0,120312,573,6312,"EpDispatchCopyToStaging_fp4",573,462443457100574,462443457106774,0,64,32,0,64,512,1,1,131072,1,1
"KERNEL_DISPATCH","Agent 2",1,0,120312,574,6325,"EpDispatchInterNodeV1KernelLowLatency_fp4",574,462443457106774,462443457219415,0,64,40,0,112,512,1,1,131072,1,1
"KERNEL_DISPATCH","Agent 2",1,0,120312,575,6379,"void aiter::opus_moe_sorting_entry<aiter::MoeSortingClearWorkspaceKernel<aiter::MoeSortingClearWorkspaceProblem<true, 1024, 1> >, aiter::MoeSortingClearWorkspaceKernel<aiter::MoeSortingClearWorkspaceProblem<true, 1024, 1> >::Kargs>(aiter::MoeSortingClearWorkspaceKernel<aiter::MoeSortingClearWorkspaceProblem<true, 1024, 1> >::Kargs)",575,462443457224855,462443457229135,0,0,4,0,16,1024,1,1,262144,1,1
"KERNEL_DISPATCH","Agent 2",1,0,120312,576,6400,"void aiter::opus_moe_sorting_entry<aiter::MoeSortingMultiPhaseKernel_P0_v1<aiter::MoeSortingProblemMp<int, float, unsigned char, 4, true, true, true> >, aiter::MoeSortingMultiPhaseKernel_P0_v1<aiter::MoeSortingProblemMp<int, float, unsigned char, 4, true, true, true> >::Kargs>(aiter::MoeSortingMultiPhaseKernel_P0_v1<aiter::MoeSortingProblemMp<int, float, unsigned char, 4, true, true, true> >::Kargs)",576,462443457229135,462443457233655,0,0,16,0,48,256,1,1,131072,1,1
"KERNEL_DISPATCH","Agent 2",1,0,120312,577,6360,"void aiter::opus_moe_sorting_entry<aiter::MoeSortingMultiPhaseKernel_P1<aiter::MoeSortingProblemMp<int, float, unsigned char, 16, true, true, true> >, aiter::MoeSortingMultiPhaseKernel_P1<aiter::MoeSortingProblemMp<int, float, unsigned char, 16, true, true, true> >::Kargs>(aiter::MoeSortingMultiPhaseKernel_P1<aiter::MoeSortingProblemMp<int, float, unsigned char, 16, true, true, true> >::Kargs)",577,462443457233655,462443457237935,512,0,12,0,32,256,1,1,229632,1,1
"KERNEL_DISPATCH","Agent 2",1,0,120312,578,6381,"void aiter::opus_moe_sorting_entry<aiter::MoeSortingMultiPhaseKernel_P23<aiter::MoeSortingProblemMp<int, float, unsigned char, 16, true, true, true> >, aiter::MoeSortingMultiPhaseKernel_P23<aiter::MoeSortingProblemMp<int, float, unsigned char, 16, true, true, true> >::Kargs>(aiter::MoeSortingMultiPhaseKernel_P23<aiter::MoeSortingProblemMp<int, float, unsigned char, 16, true, true, true> >::Kargs)",578,462443457237935,462443457249415,0,0,32,0,80,256,1,1,360704,1,1
"KERNEL_DISPATCH","Agent 2",1,0,120312,579,6720,"void aiter::mxfp4_moe_sort_kernel<256, 32, 16, 32>(unsigned char*, unsigned char*, int const*, int const*, int, int, int, int, int)",579,462443457249415,462443457253895,4608,0,32,0,112,256,1,1,721408,1,1
"KERNEL_DISPATCH","Agent 2",1,0,120312,580,6762,"mfma_moe1_silu_mul_afp4_wfp4_bf16_t64x128x256_pm1_async_v32",580,462443457253895,462443457398737,41472,0,100,0,112,256,1,1,6144,1408,1
"KERNEL_DISPATCH","Agent 2",1,0,120312,581,6540,"void aiter::dynamic_per_group_scaled_quant_kernel<std::bfloat16_t, opus::fp4_t, 32, 32, false, 64, true>(opus::fp4_t*, float*, std::bfloat16_t const*, float const*, long, int, int, long, int const*, int)",581,462443457398737,462443457440417,0,0,32,0,48,64,1,1,3145728,1,1
"KERNEL_DISPATCH","Agent 2",1,0,120312,582,6720,"void aiter::mxfp4_moe_sort_kernel<256, 32, 16, 32>(unsigned char*, unsigned char*, int const*, int const*, int, int, int, int, int)",582,462443457440417,462443457444857,4608,0,32,0,112,256,1,1,721408,1,1
"KERNEL_DISPATCH","Agent 2",1,0,120312,583,6763,"mfma_moe2_afp4_wfp4_bf16_cshuffle_t64x128x256_vscale_fix3_fp4opt_v1_persist_cu256",583,462443457444857,462443457520098,33280,0,84,0,112,256,1,1,7168,256,1
"KERNEL_DISPATCH","Agent 2",1,0,120312,584,6310,"EpCombineSync_bf16",584,462443457525849,462443457534769,0,64,48,0,96,256,1,1,65536,1,1
"KERNEL_DISPATCH","Agent 2",1,0,120312,585,6318,"EpCombineSyncBarrier_bf16",585,462443457534858,462443457843741,0,64,28,0,48,64,1,1,64,1,1
"KERNEL_DISPATCH","Agent 2",1,0,120312,586,6304,"EpCombineInterNodeV1KernelLowLatency_bf16",586,462443457843741,462443457930382,0,1024,64,0,112,256,1,1,65536,1,1
"KERNEL_DISPATCH","Agent 2",1,0,120312,587,6308,"EpCombineAll_bf16",587,462443457930382,462443457938462,0,64,44,0,112,256,1,1,65536,1,1
"KERNEL_DISPATCH","Agent 2",1,0,120312,588,6312,"EpDispatchCopyToStaging_fp4",588,462443457944302,462443457950502,0,64,32,0,64,512,1,1,131072,1,1
"KERNEL_DISPATCH","Agent 2",1,0,120312,589,6325,"EpDispatchInterNodeV1KernelLowLatency_fp4",589,462443457950502,462443458060063,0,64,40,0,112,512,1,1,131072,1,1
"KERNEL_DISPATCH","Agent 2",1,0,120312,590,6379,"void aiter::opus_moe_sorting_entry<aiter::MoeSortingClearWorkspaceKernel<aiter::MoeSortingClearWorkspaceProblem<true, 1024, 1> >, aiter::MoeSortingClearWorkspaceKernel<aiter::MoeSortingClearWorkspaceProblem<true, 1024, 1> >::Kargs>(aiter::MoeSortingClearWorkspaceKernel<aiter::MoeSortingClearWorkspaceProblem<true, 1024, 1> >::Kargs)",590,462443458065463,462443458069543,0,0,4,0,16,1024,1,1,262144,1,1
"KERNEL_DISPATCH","Agent 2",1,0,120312,591,6400,"void aiter::opus_moe_sorting_entry<aiter::MoeSortingMultiPhaseKernel_P0_v1<aiter::MoeSortingProblemMp<int, float, unsigned char, 4, true, true, true> >, aiter::MoeSortingMultiPhaseKernel_P0_v1<aiter::MoeSortingProblemMp<int, float, unsigned char, 4, true, true, true> >::Kargs>(aiter::MoeSortingMultiPhaseKernel_P0_v1<aiter::MoeSortingProblemMp<int, float, unsigned char, 4, true, true, true> >::Kargs)",591,462443458069543,462443458074023,0,0,16,0,48,256,1,1,131072,1,1
"KERNEL_DISPATCH","Agent 2",1,0,120312,592,6360,"void aiter::opus_moe_sorting_entry<aiter::MoeSortingMultiPhaseKernel_P1<aiter::MoeSortingProblemMp<int, float, unsigned char, 16, true, true, true> >, aiter::MoeSortingMultiPhaseKernel_P1<aiter::MoeSortingProblemMp<int, float, unsigned char, 16, true, true, true> >::Kargs>(aiter::MoeSortingMultiPhaseKernel_P1<aiter::MoeSortingProblemMp<int, float, unsigned char, 16, true, true, true> >::Kargs)",592,462443458074023,462443458078303,512,0,12,0,32,256,1,1,229632,1,1
"KERNEL_DISPATCH","Agent 2",1,0,120312,593,6381,"void aiter::opus_moe_sorting_entry<aiter::MoeSortingMultiPhaseKernel_P23<aiter::MoeSortingProblemMp<int, float, unsigned char, 16, true, true, true> >, aiter::MoeSortingMultiPhaseKernel_P23<aiter::MoeSortingProblemMp<int, float, unsigned char, 16, true, true, true> >::Kargs>(aiter::MoeSortingMultiPhaseKernel_P23<aiter::MoeSortingProblemMp<int, float, unsigned char, 16, true, true, true> >::Kargs)",593,462443458078303,462443458089783,0,0,32,0,80,256,1,1,360704,1,1
"KERNEL_DISPATCH","Agent 2",1,0,120312,594,6720,"void aiter::mxfp4_moe_sort_kernel<256, 32, 16, 32>(unsigned char*, unsigned char*, int const*, int const*, int, int, int, int, int)",594,462443458089783,462443458094223,4608,0,32,0,112,256,1,1,721408,1,1
"KERNEL_DISPATCH","Agent 2",1,0,120312,595,6762,"mfma_moe1_silu_mul_afp4_wfp4_bf16_t64x128x256_pm1_async_v32",595,462443458094223,462443458236545,41472,0,100,0,112,256,1,1,6144,1408,1
"KERNEL_DISPATCH","Agent 2",1,0,120312,596,6540,"void aiter::dynamic_per_group_scaled_quant_kernel<std::bfloat16_t, opus::fp4_t, 32, 32, false, 64, true>(opus::fp4_t*, float*, std::bfloat16_t const*, float const*, long, int, int, long, int const*, int)",596,462443458236545,462443458277945,0,0,32,0,48,64,1,1,3145728,1,1
"KERNEL_DISPATCH","Agent 2",1,0,120312,597,6720,"void aiter::mxfp4_moe_sort_kernel<256, 32, 16, 32>(unsigned char*, unsigned char*, int const*, int const*, int, int, int, int, int)",597,462443458277945,462443458282465,4608,0,32,0,112,256,1,1,721408,1,1
"KERNEL_DISPATCH","Agent 2",1,0,120312,598,6763,"mfma_moe2_afp4_wfp4_bf16_cshuffle_t64x128x256_vscale_fix3_fp4opt_v1_persist_cu256",598,462443458282465,462443458357586,33280,0,84,0,112,256,1,1,7168,256,1
"KERNEL_DISPATCH","Agent 2",1,0,120312,599,6310,"EpCombineSync_bf16",599,462443458363386,462443458372266,0,64,48,0,96,256,1,1,65536,1,1
"KERNEL_DISPATCH","Agent 2",1,0,120312,600,6318,"EpCombineSyncBarrier_bf16",600,462443458372266,462443458675549,0,64,28,0,48,64,1,1,64,1,1
"KERNEL_DISPATCH","Agent 2",1,0,120312,601,6304,"EpCombineInterNodeV1KernelLowLatency_bf16",601,462443458675549,462443458759790,0,1024,64,0,112,256,1,1,65536,1,1
"KERNEL_DISPATCH","Agent 2",1,0,120312,602,6308,"EpCombineAll_bf16",602,462443458759790,462443458768070,0,64,44,0,112,256,1,1,65536,1,1
"KERNEL_DISPATCH","Agent 2",1,0,120312,603,6312,"EpDispatchCopyToStaging_fp4",603,462443458773950,462443458780310,0,64,32,0,64,512,1,1,131072,1,1
"KERNEL_DISPATCH","Agent 2",1,0,120312,604,6325,"EpDispatchInterNodeV1KernelLowLatency_fp4",604,462443458780310,462443458892871,0,64,40,0,112,512,1,1,131072,1,1
"KERNEL_DISPATCH","Agent 2",1,0,120312,605,6379,"void aiter::opus_moe_sorting_entry<aiter::MoeSortingClearWorkspaceKernel<aiter::MoeSortingClearWorkspaceProblem<true, 1024, 1> >, aiter::MoeSortingClearWorkspaceKernel<aiter::MoeSortingClearWorkspaceProblem<true, 1024, 1> >::Kargs>(aiter::MoeSortingClearWorkspaceKernel<aiter::MoeSortingClearWorkspaceProblem<true, 1024, 1> >::Kargs)",605,462443458898431,462443458902591,0,0,4,0,16,1024,1,1,262144,1,1
"KERNEL_DISPATCH","Agent 2",1,0,120312,606,6400,"void aiter::opus_moe_sorting_entry<aiter::MoeSortingMultiPhaseKernel_P0_v1<aiter::MoeSortingProblemMp<int, float, unsigned char, 4, true, true, true> >, aiter::MoeSortingMultiPhaseKernel_P0_v1<aiter::MoeSortingProblemMp<int, float, unsigned char, 4, true, true, true> >::Kargs>(aiter::MoeSortingMultiPhaseKernel_P0_v1<aiter::MoeSortingProblemMp<int, float, unsigned char, 4, true, true, true> >::Kargs)",606,462443458902591,462443458906991,0,0,16,0,48,256,1,1,131072,1,1
"KERNEL_DISPATCH","Agent 2",1,0,120312,607,6360,"void aiter::opus_moe_sorting_entry<aiter::MoeSortingMultiPhaseKernel_P1<aiter::MoeSortingProblemMp<int, float, unsigned char, 16, true, true, true> >, aiter::MoeSortingMultiPhaseKernel_P1<aiter::MoeSortingProblemMp<int, float, unsigned char, 16, true, true, true> >::Kargs>(aiter::MoeSortingMultiPhaseKernel_P1<aiter::MoeSortingProblemMp<int, float, unsigned char, 16, true, true, true> >::Kargs)",607,462443458906991,462443458911351,512,0,12,0,32,256,1,1,229632,1,1
"KERNEL_DISPATCH","Agent 2",1,0,120312,608,6381,"void aiter::opus_moe_sorting_entry<aiter::MoeSortingMultiPhaseKernel_P23<aiter::MoeSortingProblemMp<int, float, unsigned char, 16, true, true, true> >, aiter::MoeSortingMultiPhaseKernel_P23<aiter::MoeSortingProblemMp<int, float, unsigned char, 16, true, true, true> >::Kargs>(aiter::MoeSortingMultiPhaseKernel_P23<aiter::MoeSortingProblemMp<int, float, unsigned char, 16, true, true, true> >::Kargs)",608,462443458911351,462443458922671,0,0,32,0,80,256,1,1,360704,1,1
"KERNEL_DISPATCH","Agent 2",1,0,120312,609,6720,"void aiter::mxfp4_moe_sort_kernel<256, 32, 16, 32>(unsigned char*, unsigned char*, int const*, int const*, int, int, int, int, int)",609,462443458922671,462443458927151,4608,0,32,0,112,256,1,1,721408,1,1
"KERNEL_DISPATCH","Agent 2",1,0,120312,610,6762,"mfma_moe1_silu_mul_afp4_wfp4_bf16_t64x128x256_pm1_async_v32",610,462443458927151,462443459071073,41472,0,100,0,112,256,1,1,6144,1408,1
"KERNEL_DISPATCH","Agent 2",1,0,120312,611,6540,"void aiter::dynamic_per_group_scaled_quant_kernel<std::bfloat16_t, opus::fp4_t, 32, 32, false, 64, true>(opus::fp4_t*, float*, std::bfloat16_t const*, float const*, long, int, int, long, int const*, int)",611,462443459071073,462443459112553,0,0,32,0,48,64,1,1,3145728,1,1
"KERNEL_DISPATCH","Agent 2",1,0,120312,612,6720,"void aiter::mxfp4_moe_sort_kernel<256, 32, 16, 32>(unsigned char*, unsigned char*, int const*, int const*, int, int, int, int, int)",612,462443459112553,462443459116993,4608,0,32,0,112,256,1,1,721408,1,1
"KERNEL_DISPATCH","Agent 2",1,0,120312,613,6763,"mfma_moe2_afp4_wfp4_bf16_cshuffle_t64x128x256_vscale_fix3_fp4opt_v1_persist_cu256",613,462443459116931,462443459192492,33280,0,84,0,112,256,1,1,7168,256,1
"KERNEL_DISPATCH","Agent 2",1,0,120312,614,6310,"EpCombineSync_bf16",614,462443459198354,462443459207154,0,64,48,0,96,256,1,1,65536,1,1
"KERNEL_DISPATCH","Agent 2",1,0,120312,615,6318,"EpCombineSyncBarrier_bf16",615,462443459207154,462443459483157,0,64,28,0,48,64,1,1,64,1,1
"KERNEL_DISPATCH","Agent 2",1,0,120312,616,6304,"EpCombineInterNodeV1KernelLowLatency_bf16",616,462443459483157,462443459568758,0,1024,64,0,112,256,1,1,65536,1,1
"KERNEL_DISPATCH","Agent 2",1,0,120312,617,6308,"EpCombineAll_bf16",617,462443459568758,462443459576958,0,64,44,0,112,256,1,1,65536,1,1
"KERNEL_DISPATCH","Agent 2",1,0,120312,618,6312,"EpDispatchCopyToStaging_fp4",618,462443459582758,462443459588758,0,64,32,0,64,512,1,1,131072,1,1
"KERNEL_DISPATCH","Agent 2",1,0,120312,619,6325,"EpDispatchInterNodeV1KernelLowLatency_fp4",619,462443459588758,462443459698879,0,64,40,0,112,512,1,1,131072,1,1
"KERNEL_DISPATCH","Agent 2",1,0,120312,620,6379,"void aiter::opus_moe_sorting_entry<aiter::MoeSortingClearWorkspaceKernel<aiter::MoeSortingClearWorkspaceProblem<true, 1024, 1> >, aiter::MoeSortingClearWorkspaceKernel<aiter::MoeSortingClearWorkspaceProblem<true, 1024, 1> >::Kargs>(aiter::MoeSortingClearWorkspaceKernel<aiter::MoeSortingClearWorkspaceProblem<true, 1024, 1> >::Kargs)",620,462443459704399,462443459708479,0,0,4,0,16,1024,1,1,262144,1,1
"KERNEL_DISPATCH","Agent 2",1,0,120312,621,6400,"void aiter::opus_moe_sorting_entry<aiter::MoeSortingMultiPhaseKernel_P0_v1<aiter::MoeSortingProblemMp<int, float, unsigned char, 4, true, true, true> >, aiter::MoeSortingMultiPhaseKernel_P0_v1<aiter::MoeSortingProblemMp<int, float, unsigned char, 4, true, true, true> >::Kargs>(aiter::MoeSortingMultiPhaseKernel_P0_v1<aiter::MoeSortingProblemMp<int, float, unsigned char, 4, true, true, true> >::Kargs)",621,462443459708479,462443459713039,0,0,16,0,48,256,1,1,131072,1,1
"KERNEL_DISPATCH","Agent 2",1,0,120312,622,6360,"void aiter::opus_moe_sorting_entry<aiter::MoeSortingMultiPhaseKernel_P1<aiter::MoeSortingProblemMp<int, float, unsigned char, 16, true, true, true> >, aiter::MoeSortingMultiPhaseKernel_P1<aiter::MoeSortingProblemMp<int, float, unsigned char, 16, true, true, true> >::Kargs>(aiter::MoeSortingMultiPhaseKernel_P1<aiter::MoeSortingProblemMp<int, float, unsigned char, 16, true, true, true> >::Kargs)",622,462443459713039,462443459717279,512,0,12,0,32,256,1,1,229632,1,1
"KERNEL_DISPATCH","Agent 2",1,0,120312,623,6381,"void aiter::opus_moe_sorting_entry<aiter::MoeSortingMultiPhaseKernel_P23<aiter::MoeSortingProblemMp<int, float, unsigned char, 16, true, true, true> >, aiter::MoeSortingMultiPhaseKernel_P23<aiter::MoeSortingProblemMp<int, float, unsigned char, 16, true, true, true> >::Kargs>(aiter::MoeSortingMultiPhaseKernel_P23<aiter::MoeSortingProblemMp<int, float, unsigned char, 16, true, true, true> >::Kargs)",623,462443459717279,462443459728559,0,0,32,0,80,256,1,1,360704,1,1
"KERNEL_DISPATCH","Agent 2",1,0,120312,624,6720,"void aiter::mxfp4_moe_sort_kernel<256, 32, 16, 32>(unsigned char*, unsigned char*, int const*, int const*, int, int, int, int, int)",624,462443459728559,462443459732999,4608,0,32,0,112,256,1,1,721408,1,1
"KERNEL_DISPATCH","Agent 2",1,0,120312,625,6762,"mfma_moe1_silu_mul_afp4_wfp4_bf16_t64x128x256_pm1_async_v32",625,462443459732999,462443459876321,41472,0,100,0,112,256,1,1,6144,1408,1
"KERNEL_DISPATCH","Agent 2",1,0,120312,626,6540,"void aiter::dynamic_per_group_scaled_quant_kernel<std::bfloat16_t, opus::fp4_t, 32, 32, false, 64, true>(opus::fp4_t*, float*, std::bfloat16_t const*, float const*, long, int, int, long, int const*, int)",626,462443459876321,462443459919281,0,0,32,0,48,64,1,1,3145728,1,1
"KERNEL_DISPATCH","Agent 2",1,0,120312,627,6720,"void aiter::mxfp4_moe_sort_kernel<256, 32, 16, 32>(unsigned char*, unsigned char*, int const*, int const*, int, int, int, int, int)",627,462443459919281,462443459923681,4608,0,32,0,112,256,1,1,721408,1,1
"KERNEL_DISPATCH","Agent 2",1,0,120312,628,6763,"mfma_moe2_afp4_wfp4_bf16_cshuffle_t64x128x256_vscale_fix3_fp4opt_v1_persist_cu256",628,462443459923681,462443459998562,33280,0,84,0,112,256,1,1,7168,256,1
"KERNEL_DISPATCH","Agent 2",1,0,120312,629,6310,"EpCombineSync_bf16",629,462443460004322,462443460013202,0,64,48,0,96,256,1,1,65536,1,1
"KERNEL_DISPATCH","Agent 2",1,0,120312,630,6318,"EpCombineSyncBarrier_bf16",630,462443460013101,462443460294024,0,64,28,0,48,64,1,1,64,1,1
"KERNEL_DISPATCH","Agent 2",1,0,120312,631,6304,"EpCombineInterNodeV1KernelLowLatency_bf16",631,462443460294125,462443460378446,0,1024,64,0,112,256,1,1,65536,1,1
"KERNEL_DISPATCH","Agent 2",1,0,120312,632,6308,"EpCombineAll_bf16",632,462443460378446,462443460386566,0,64,44,0,112,256,1,1,65536,1,1
"KERNEL_DISPATCH","Agent 2",1,0,120312,633,6312,"EpDispatchCopyToStaging_fp4",633,462443460392806,462443460398926,0,64,32,0,64,512,1,1,131072,1,1
"KERNEL_DISPATCH","Agent 2",1,0,120312,634,6325,"EpDispatchInterNodeV1KernelLowLatency_fp4",634,462443460398926,462443460520567,0,64,40,0,112,512,1,1,131072,1,1
"KERNEL_DISPATCH","Agent 2",1,0,120312,635,6379,"void aiter::opus_moe_sorting_entry<aiter::MoeSortingClearWorkspaceKernel<aiter::MoeSortingClearWorkspaceProblem<true, 1024, 1> >, aiter::MoeSortingClearWorkspaceKernel<aiter::MoeSortingClearWorkspaceProblem<true, 1024, 1> >::Kargs>(aiter::MoeSortingClearWorkspaceKernel<aiter::MoeSortingClearWorkspaceProblem<true, 1024, 1> >::Kargs)",635,462443460526047,462443460530087,0,0,4,0,16,1024,1,1,262144,1,1
"KERNEL_DISPATCH","Agent 2",1,0,120312,636,6400,"void aiter::opus_moe_sorting_entry<aiter::MoeSortingMultiPhaseKernel_P0_v1<aiter::MoeSortingProblemMp<int, float, unsigned char, 4, true, true, true> >, aiter::MoeSortingMultiPhaseKernel_P0_v1<aiter::MoeSortingProblemMp<int, float, unsigned char, 4, true, true, true> >::Kargs>(aiter::MoeSortingMultiPhaseKernel_P0_v1<aiter::MoeSortingProblemMp<int, float, unsigned char, 4, true, true, true> >::Kargs)",636,462443460530087,462443460534527,0,0,16,0,48,256,1,1,131072,1,1
"KERNEL_DISPATCH","Agent 2",1,0,120312,637,6360,"void aiter::opus_moe_sorting_entry<aiter::MoeSortingMultiPhaseKernel_P1<aiter::MoeSortingProblemMp<int, float, unsigned char, 16, true, true, true> >, aiter::MoeSortingMultiPhaseKernel_P1<aiter::MoeSortingProblemMp<int, float, unsigned char, 16, true, true, true> >::Kargs>(aiter::MoeSortingMultiPhaseKernel_P1<aiter::MoeSortingProblemMp<int, float, unsigned char, 16, true, true, true> >::Kargs)",637,462443460534527,462443460538887,512,0,12,0,32,256,1,1,229632,1,1
"KERNEL_DISPATCH","Agent 2",1,0,120312,638,6381,"void aiter::opus_moe_sorting_entry<aiter::MoeSortingMultiPhaseKernel_P23<aiter::MoeSortingProblemMp<int, float, unsigned char, 16, true, true, true> >, aiter::MoeSortingMultiPhaseKernel_P23<aiter::MoeSortingProblemMp<int, float, unsigned char, 16, true, true, true> >::Kargs>(aiter::MoeSortingMultiPhaseKernel_P23<aiter::MoeSortingProblemMp<int, float, unsigned char, 16, true, true, true> >::Kargs)",638,462443460538887,462443460550247,0,0,32,0,80,256,1,1,360704,1,1
"KERNEL_DISPATCH","Agent 2",1,0,120312,639,6720,"void aiter::mxfp4_moe_sort_kernel<256, 32, 16, 32>(unsigned char*, unsigned char*, int const*, int const*, int, int, int, int, int)",639,462443460550247,462443460554767,4608,0,32,0,112,256,1,1,721408,1,1
"KERNEL_DISPATCH","Agent 2",1,0,120312,640,6762,"mfma_moe1_silu_mul_afp4_wfp4_bf16_t64x128x256_pm1_async_v32",640,462443460554767,462443460700649,41472,0,100,0,112,256,1,1,6144,1408,1
"KERNEL_DISPATCH","Agent 2",1,0,120312,641,6540,"void aiter::dynamic_per_group_scaled_quant_kernel<std::bfloat16_t, opus::fp4_t, 32, 32, false, 64, true>(opus::fp4_t*, float*, std::bfloat16_t const*, float const*, long, int, int, long, int const*, int)",641,462443460700649,462443460742409,0,0,32,0,48,64,1,1,3145728,1,1
"KERNEL_DISPATCH","Agent 2",1,0,120312,642,6720,"void aiter::mxfp4_moe_sort_kernel<256, 32, 16, 32>(unsigned char*, unsigned char*, int const*, int const*, int, int, int, int, int)",642,462443460742409,462443460746769,4608,0,32,0,112,256,1,1,721408,1,1
"KERNEL_DISPATCH","Agent 2",1,0,120312,643,6763,"mfma_moe2_afp4_wfp4_bf16_cshuffle_t64x128x256_vscale_fix3_fp4opt_v1_persist_cu256",643,462443460746769,462443460822570,33280,0,84,0,112,256,1,1,7168,256,1
"KERNEL_DISPATCH","Agent 2",1,0,120312,644,6310,"EpCombineSync_bf16",644,462443460828290,462443460837090,0,64,48,0,96,256,1,1,65536,1,1
"KERNEL_DISPATCH","Agent 2",1,0,120312,645,6318,"EpCombineSyncBarrier_bf16",645,462443460837090,462443461113693,0,64,28,0,48,64,1,1,64,1,1
"KERNEL_DISPATCH","Agent 2",1,0,120312,646,6304,"EpCombineInterNodeV1KernelLowLatency_bf16",646,462443461113693,462443461198814,0,1024,64,0,112,256,1,1,65536,1,1
"KERNEL_DISPATCH","Agent 2",1,0,120312,647,6308,"EpCombineAll_bf16",647,462443461198814,462443461207374,0,64,44,0,112,256,1,1,65536,1,1
"KERNEL_DISPATCH","Agent 2",1,0,120312,648,6312,"EpDispatchCopyToStaging_fp4",648,462443461213254,462443461219454,0,64,32,0,64,512,1,1,131072,1,1
"KERNEL_DISPATCH","Agent 2",1,0,120312,649,6325,"EpDispatchInterNodeV1KernelLowLatency_fp4",649,462443461219454,462443461331815,0,64,40,0,112,512,1,1,131072,1,1
"KERNEL_DISPATCH","Agent 2",1,0,120312,650,6379,"void aiter::opus_moe_sorting_entry<aiter::MoeSortingClearWorkspaceKernel<aiter::MoeSortingClearWorkspaceProblem<true, 1024, 1> >, aiter::MoeSortingClearWorkspaceKernel<aiter::MoeSortingClearWorkspaceProblem<true, 1024, 1> >::Kargs>(aiter::MoeSortingClearWorkspaceKernel<aiter::MoeSortingClearWorkspaceProblem<true, 1024, 1> >::Kargs)",650,462443461337587,462443461341547,0,0,4,0,16,1024,1,1,262144,1,1
"KERNEL_DISPATCH","Agent 2",1,0,120312,651,6400,"void aiter::opus_moe_sorting_entry<aiter::MoeSortingMultiPhaseKernel_P0_v1<aiter::MoeSortingProblemMp<int, float, unsigned char, 4, true, true, true> >, aiter::MoeSortingMultiPhaseKernel_P0_v1<aiter::MoeSortingProblemMp<int, float, unsigned char, 4, true, true, true> >::Kargs>(aiter::MoeSortingMultiPhaseKernel_P0_v1<aiter::MoeSortingProblemMp<int, float, unsigned char, 4, true, true, true> >::Kargs)",651,462443461341615,462443461345975,0,0,16,0,48,256,1,1,131072,1,1
"KERNEL_DISPATCH","Agent 2",1,0,120312,652,6360,"void aiter::opus_moe_sorting_entry<aiter::MoeSortingMultiPhaseKernel_P1<aiter::MoeSortingProblemMp<int, float, unsigned char, 16, true, true, true> >, aiter::MoeSortingMultiPhaseKernel_P1<aiter::MoeSortingProblemMp<int, float, unsigned char, 16, true, true, true> >::Kargs>(aiter::MoeSortingMultiPhaseKernel_P1<aiter::MoeSortingProblemMp<int, float, unsigned char, 16, true, true, true> >::Kargs)",652,462443461345975,462443461350215,512,0,12,0,32,256,1,1,229632,1,1
"KERNEL_DISPATCH","Agent 2",1,0,120312,653,6381,"void aiter::opus_moe_sorting_entry<aiter::MoeSortingMultiPhaseKernel_P23<aiter::MoeSortingProblemMp<int, float, unsigned char, 16, true, true, true> >, aiter::MoeSortingMultiPhaseKernel_P23<aiter::MoeSortingProblemMp<int, float, unsigned char, 16, true, true, true> >::Kargs>(aiter::MoeSortingMultiPhaseKernel_P23<aiter::MoeSortingProblemMp<int, float, unsigned char, 16, true, true, true> >::Kargs)",653,462443461350215,462443461361695,0,0,32,0,80,256,1,1,360704,1,1
"KERNEL_DISPATCH","Agent 2",1,0,120312,654,6720,"void aiter::mxfp4_moe_sort_kernel<256, 32, 16, 32>(unsigned char*, unsigned char*, int const*, int const*, int, int, int, int, int)",654,462443461361695,462443461366135,4608,0,32,0,112,256,1,1,721408,1,1
"KERNEL_DISPATCH","Agent 2",1,0,120312,655,6762,"mfma_moe1_silu_mul_afp4_wfp4_bf16_t64x128x256_pm1_async_v32",655,462443461366135,462443461511137,41472,0,100,0,112,256,1,1,6144,1408,1
"KERNEL_DISPATCH","Agent 2",1,0,120312,656,6540,"void aiter::dynamic_per_group_scaled_quant_kernel<std::bfloat16_t, opus::fp4_t, 32, 32, false, 64, true>(opus::fp4_t*, float*, std::bfloat16_t const*, float const*, long, int, int, long, int const*, int)",656,462443461511137,462443461551737,0,0,32,0,48,64,1,1,3145728,1,1
"KERNEL_DISPATCH","Agent 2",1,0,120312,657,6720,"void aiter::mxfp4_moe_sort_kernel<256, 32, 16, 32>(unsigned char*, unsigned char*, int const*, int const*, int, int, int, int, int)",657,462443461551737,462443461556217,4608,0,32,0,112,256,1,1,721408,1,1
"KERNEL_DISPATCH","Agent 2",1,0,120312,658,6763,"mfma_moe2_afp4_wfp4_bf16_cshuffle_t64x128x256_vscale_fix3_fp4opt_v1_persist_cu256",658,462443461556217,462443461632178,33280,0,84,0,112,256,1,1,7168,256,1
"KERNEL_DISPATCH","Agent 2",1,0,120312,659,6310,"EpCombineSync_bf16",659,462443461638058,462443461646898,0,64,48,0,96,256,1,1,65536,1,1
"KERNEL_DISPATCH","Agent 2",1,0,120312,660,6318,"EpCombineSyncBarrier_bf16",660,462443461646898,462443461923101,0,64,28,0,48,64,1,1,64,1,1
"KERNEL_DISPATCH","Agent 2",1,0,120312,661,6304,"EpCombineInterNodeV1KernelLowLatency_bf16",661,462443461923101,462443462009382,0,1024,64,0,112,256,1,1,65536,1,1
"KERNEL_DISPATCH","Agent 2",1,0,120312,662,6308,"EpCombineAll_bf16",662,462443462009382,462443462017422,0,64,44,0,112,256,1,1,65536,1,1
"KERNEL_DISPATCH","Agent 2",1,0,120312,663,6312,"EpDispatchCopyToStaging_fp4",663,462443462023142,462443462029342,0,64,32,0,64,512,1,1,131072,1,1
"KERNEL_DISPATCH","Agent 2",1,0,120312,664,6325,"EpDispatchInterNodeV1KernelLowLatency_fp4",664,462443462029342,462443462141063,0,64,40,0,112,512,1,1,131072,1,1
"KERNEL_DISPATCH","Agent 2",1,0,120312,665,6379,"void aiter::opus_moe_sorting_entry<aiter::MoeSortingClearWorkspaceKernel<aiter::MoeSortingClearWorkspaceProblem<true, 1024, 1> >, aiter::MoeSortingClearWorkspaceKernel<aiter::MoeSortingClearWorkspaceProblem<true, 1024, 1> >::Kargs>(aiter::MoeSortingClearWorkspaceKernel<aiter::MoeSortingClearWorkspaceProblem<true, 1024, 1> >::Kargs)",665,462443462146574,462443462150654,0,0,4,0,16,1024,1,1,262144,1,1
"KERNEL_DISPATCH","Agent 2",1,0,120312,666,6400,"void aiter::opus_moe_sorting_entry<aiter::MoeSortingMultiPhaseKernel_P0_v1<aiter::MoeSortingProblemMp<int, float, unsigned char, 4, true, true, true> >, aiter::MoeSortingMultiPhaseKernel_P0_v1<aiter::MoeSortingProblemMp<int, float, unsigned char, 4, true, true, true> >::Kargs>(aiter::MoeSortingMultiPhaseKernel_P0_v1<aiter::MoeSortingProblemMp<int, float, unsigned char, 4, true, true, true> >::Kargs)",666,462443462150664,462443462155024,0,0,16,0,48,256,1,1,131072,1,1
"KERNEL_DISPATCH","Agent 2",1,0,120312,667,6360,"void aiter::opus_moe_sorting_entry<aiter::MoeSortingMultiPhaseKernel_P1<aiter::MoeSortingProblemMp<int, float, unsigned char, 16, true, true, true> >, aiter::MoeSortingMultiPhaseKernel_P1<aiter::MoeSortingProblemMp<int, float, unsigned char, 16, true, true, true> >::Kargs>(aiter::MoeSortingMultiPhaseKernel_P1<aiter::MoeSortingProblemMp<int, float, unsigned char, 16, true, true, true> >::Kargs)",667,462443462155063,462443462159303,512,0,12,0,32,256,1,1,229632,1,1
"KERNEL_DISPATCH","Agent 2",1,0,120312,668,6381,"void aiter::opus_moe_sorting_entry<aiter::MoeSortingMultiPhaseKernel_P23<aiter::MoeSortingProblemMp<int, float, unsigned char, 16, true, true, true> >, aiter::MoeSortingMultiPhaseKernel_P23<aiter::MoeSortingProblemMp<int, float, unsigned char, 16, true, true, true> >::Kargs>(aiter::MoeSortingMultiPhaseKernel_P23<aiter::MoeSortingProblemMp<int, float, unsigned char, 16, true, true, true> >::Kargs)",668,462443462159303,462443462170503,0,0,32,0,80,256,1,1,360704,1,1
"KERNEL_DISPATCH","Agent 2",1,0,120312,669,6720,"void aiter::mxfp4_moe_sort_kernel<256, 32, 16, 32>(unsigned char*, unsigned char*, int const*, int const*, int, int, int, int, int)",669,462443462170503,462443462174943,4608,0,32,0,112,256,1,1,721408,1,1
"KERNEL_DISPATCH","Agent 2",1,0,120312,673,6763,"mfma_moe2_afp4_wfp4_bf16_cshuffle_t64x128x256_vscale_fix3_fp4opt_v1_persist_cu256",673,462443462362385,462443462438786,33280,0,84,0,112,256,1,1,7168,256,1
"KERNEL_DISPATCH","Agent 2",1,0,120312,674,6310,"EpCombineSync_bf16",674,462443462444666,462443462453386,0,64,48,0,96,256,1,1,65536,1,1
"KERNEL_DISPATCH","Agent 2",1,0,120312,672,6720,"void aiter::mxfp4_moe_sort_kernel<256, 32, 16, 32>(unsigned char*, unsigned char*, int const*, int const*, int, int, int, int, int)",672,462443462358065,462443462362385,4608,0,32,0,112,256,1,1,721408,1,1
"KERNEL_DISPATCH","Agent 2",1,0,120312,671,6540,"void aiter::dynamic_per_group_scaled_quant_kernel<std::bfloat16_t, opus::fp4_t, 32, 32, false, 64, true>(opus::fp4_t*, float*, std::bfloat16_t const*, float const*, long, int, int, long, int const*, int)",671,462443462317025,462443462358065,0,0,32,0,48,64,1,1,3145728,1,1
"KERNEL_DISPATCH","Agent 2",1,0,120312,670,6762,"mfma_moe1_silu_mul_afp4_wfp4_bf16_t64x128x256_pm1_async_v32",670,462443462174943,462443462317025,41472,0,100,0,112,256,1,1,6144,1408,1
"KERNEL_DISPATCH","Agent 2",1,0,120312,675,6318,"EpCombineSyncBarrier_bf16",675,462443462453386,462443462743149,0,64,28,0,48,64,1,1,64,1,1
"KERNEL_DISPATCH","Agent 2",1,0,120312,676,6304,"EpCombineInterNodeV1KernelLowLatency_bf16",676,462443462743149,462443462829190,0,1024,64,0,112,256,1,1,65536,1,1
"KERNEL_DISPATCH","Agent 2",1,0,120312,677,6308,"EpCombineAll_bf16",677,462443462829190,462443462837670,0,64,44,0,112,256,1,1,65536,1,1
"KERNEL_DISPATCH","Agent 2",1,0,120312,678,6312,"EpDispatchCopyToStaging_fp4",678,462443462843550,462443462849470,0,64,32,0,64,512,1,1,131072,1,1
"KERNEL_DISPATCH","Agent 2",1,0,120312,679,6325,"EpDispatchInterNodeV1KernelLowLatency_fp4",679,462443462849470,462443462960071,0,64,40,0,112,512,1,1,131072,1,1
"KERNEL_DISPATCH","Agent 2",1,0,120312,680,6379,"void aiter::opus_moe_sorting_entry<aiter::MoeSortingClearWorkspaceKernel<aiter::MoeSortingClearWorkspaceProblem<true, 1024, 1> >, aiter::MoeSortingClearWorkspaceKernel<aiter::MoeSortingClearWorkspaceProblem<true, 1024, 1> >::Kargs>(aiter::MoeSortingClearWorkspaceKernel<aiter::MoeSortingClearWorkspaceProblem<true, 1024, 1> >::Kargs)",680,462443462965431,462443462969511,0,0,4,0,16,1024,1,1,262144,1,1
"KERNEL_DISPATCH","Agent 2",1,0,120312,681,6400,"void aiter::opus_moe_sorting_entry<aiter::MoeSortingMultiPhaseKernel_P0_v1<aiter::MoeSortingProblemMp<int, float, unsigned char, 4, true, true, true> >, aiter::MoeSortingMultiPhaseKernel_P0_v1<aiter::MoeSortingProblemMp<int, float, unsigned char, 4, true, true, true> >::Kargs>(aiter::MoeSortingMultiPhaseKernel_P0_v1<aiter::MoeSortingProblemMp<int, float, unsigned char, 4, true, true, true> >::Kargs)",681,462443462969511,462443462973951,0,0,16,0,48,256,1,1,131072,1,1
"KERNEL_DISPATCH","Agent 2",1,0,120312,682,6360,"void aiter::opus_moe_sorting_entry<aiter::MoeSortingMultiPhaseKernel_P1<aiter::MoeSortingProblemMp<int, float, unsigned char, 16, true, true, true> >, aiter::MoeSortingMultiPhaseKernel_P1<aiter::MoeSortingProblemMp<int, float, unsigned char, 16, true, true, true> >::Kargs>(aiter::MoeSortingMultiPhaseKernel_P1<aiter::MoeSortingProblemMp<int, float, unsigned char, 16, true, true, true> >::Kargs)",682,462443462973951,462443462978231,512,0,12,0,32,256,1,1,229632,1,1
"KERNEL_DISPATCH","Agent 2",1,0,120312,683,6381,"void aiter::opus_moe_sorting_entry<aiter::MoeSortingMultiPhaseKernel_P23<aiter::MoeSortingProblemMp<int, float, unsigned char, 16, true, true, true> >, aiter::MoeSortingMultiPhaseKernel_P23<aiter::MoeSortingProblemMp<int, float, unsigned char, 16, true, true, true> >::Kargs>(aiter::MoeSortingMultiPhaseKernel_P23<aiter::MoeSortingProblemMp<int, float, unsigned char, 16, true, true, true> >::Kargs)",683,462443462978231,462443462989551,0,0,32,0,80,256,1,1,360704,1,1
"KERNEL_DISPATCH","Agent 2",1,0,120312,684,6720,"void aiter::mxfp4_moe_sort_kernel<256, 32, 16, 32>(unsigned char*, unsigned char*, int const*, int const*, int, int, int, int, int)",684,462443462989551,462443462994271,4608,0,32,0,112,256,1,1,721408,1,1
"KERNEL_DISPATCH","Agent 2",1,0,120312,685,6762,"mfma_moe1_silu_mul_afp4_wfp4_bf16_t64x128x256_pm1_async_v32",685,462443462994271,462443463136993,41472,0,100,0,112,256,1,1,6144,1408,1
"KERNEL_DISPATCH","Agent 2",1,0,120312,686,6540,"void aiter::dynamic_per_group_scaled_quant_kernel<std::bfloat16_t, opus::fp4_t, 32, 32, false, 64, true>(opus::fp4_t*, float*, std::bfloat16_t const*, float const*, long, int, int, long, int const*, int)",686,462443463136993,462443463178833,0,0,32,0,48,64,1,1,3145728,1,1
"KERNEL_DISPATCH","Agent 2",1,0,120312,687,6720,"void aiter::mxfp4_moe_sort_kernel<256, 32, 16, 32>(unsigned char*, unsigned char*, int const*, int const*, int, int, int, int, int)",687,462443463178833,462443463183273,4608,0,32,0,112,256,1,1,721408,1,1
"KERNEL_DISPATCH","Agent 2",1,0,120312,688,6763,"mfma_moe2_afp4_wfp4_bf16_cshuffle_t64x128x256_vscale_fix3_fp4opt_v1_persist_cu256",688,462443463183273,462443463258634,33280,0,84,0,112,256,1,1,7168,256,1
"KERNEL_DISPATCH","Agent 2",1,0,120312,689,6310,"EpCombineSync_bf16",689,462443463264474,462443463273714,0,64,48,0,96,256,1,1,65536,1,1
"KERNEL_DISPATCH","Agent 2",1,0,120312,690,6318,"EpCombineSyncBarrier_bf16",690,462443463273714,462443463789919,0,64,28,0,48,64,1,1,64,1,1
"KERNEL_DISPATCH","Agent 2",1,0,120312,691,6304,"EpCombineInterNodeV1KernelLowLatency_bf16",691,462443463789919,462443463874880,0,1024,64,0,112,256,1,1,65536,1,1
"KERNEL_DISPATCH","Agent 2",1,0,120312,692,6308,"EpCombineAll_bf16",692,462443463874880,462443463883080,0,64,44,0,112,256,1,1,65536,1,1
"KERNEL_DISPATCH","Agent 2",1,0,120312,693,6312,"EpDispatchCopyToStaging_fp4",693,462443463888840,462443463895000,0,64,32,0,64,512,1,1,131072,1,1
"KERNEL_DISPATCH","Agent 2",1,0,120312,694,6325,"EpDispatchInterNodeV1KernelLowLatency_fp4",694,462443463895000,462443464008561,0,64,40,0,112,512,1,1,131072,1,1
"KERNEL_DISPATCH","Agent 2",1,0,120312,695,6379,"void aiter::opus_moe_sorting_entry<aiter::MoeSortingClearWorkspaceKernel<aiter::MoeSortingClearWorkspaceProblem<true, 1024, 1> >, aiter::MoeSortingClearWorkspaceKernel<aiter::MoeSortingClearWorkspaceProblem<true, 1024, 1> >::Kargs>(aiter::MoeSortingClearWorkspaceKernel<aiter::MoeSortingClearWorkspaceProblem<true, 1024, 1> >::Kargs)",695,462443464014081,462443464018201,0,0,4,0,16,1024,1,1,262144,1,1
"KERNEL_DISPATCH","Agent 2",1,0,120312,696,6400,"void aiter::opus_moe_sorting_entry<aiter::MoeSortingMultiPhaseKernel_P0_v1<aiter::MoeSortingProblemMp<int, float, unsigned char, 4, true, true, true> >, aiter::MoeSortingMultiPhaseKernel_P0_v1<aiter::MoeSortingProblemMp<int, float, unsigned char, 4, true, true, true> >::Kargs>(aiter::MoeSortingMultiPhaseKernel_P0_v1<aiter::MoeSortingProblemMp<int, float, unsigned char, 4, true, true, true> >::Kargs)",696,462443464018201,462443464022801,0,0,16,0,48,256,1,1,131072,1,1
"KERNEL_DISPATCH","Agent 2",1,0,120312,697,6360,"void aiter::opus_moe_sorting_entry<aiter::MoeSortingMultiPhaseKernel_P1<aiter::MoeSortingProblemMp<int, float, unsigned char, 16, true, true, true> >, aiter::MoeSortingMultiPhaseKernel_P1<aiter::MoeSortingProblemMp<int, float, unsigned char, 16, true, true, true> >::Kargs>(aiter::MoeSortingMultiPhaseKernel_P1<aiter::MoeSortingProblemMp<int, float, unsigned char, 16, true, true, true> >::Kargs)",697,462443464022801,462443464027001,512,0,12,0,32,256,1,1,229632,1,1
"KERNEL_DISPATCH","Agent 2",1,0,120312,698,6381,"void aiter::opus_moe_sorting_entry<aiter::MoeSortingMultiPhaseKernel_P23<aiter::MoeSortingProblemMp<int, float, unsigned char, 16, true, true, true> >, aiter::MoeSortingMultiPhaseKernel_P23<aiter::MoeSortingProblemMp<int, float, unsigned char, 16, true, true, true> >::Kargs>(aiter::MoeSortingMultiPhaseKernel_P23<aiter::MoeSortingProblemMp<int, float, unsigned char, 16, true, true, true> >::Kargs)",698,462443464027001,462443464038641,0,0,32,0,80,256,1,1,360704,1,1
"KERNEL_DISPATCH","Agent 2",1,0,120312,699,6720,"void aiter::mxfp4_moe_sort_kernel<256, 32, 16, 32>(unsigned char*, unsigned char*, int const*, int const*, int, int, int, int, int)",699,462443464038641,462443464043201,4608,0,32,0,112,256,1,1,721408,1,1
"KERNEL_DISPATCH","Agent 2",1,0,120312,700,6762,"mfma_moe1_silu_mul_afp4_wfp4_bf16_t64x128x256_pm1_async_v32",700,462443464043201,462443464184323,41472,0,100,0,112,256,1,1,6144,1408,1
"KERNEL_DISPATCH","Agent 2",1,0,120312,701,6540,"void aiter::dynamic_per_group_scaled_quant_kernel<std::bfloat16_t, opus::fp4_t, 32, 32, false, 64, true>(opus::fp4_t*, float*, std::bfloat16_t const*, float const*, long, int, int, long, int const*, int)",701,462443464184323,462443464227323,0,0,32,0,48,64,1,1,3145728,1,1
"KERNEL_DISPATCH","Agent 2",1,0,120312,702,6720,"void aiter::mxfp4_moe_sort_kernel<256, 32, 16, 32>(unsigned char*, unsigned char*, int const*, int const*, int, int, int, int, int)",702,462443464227323,462443464231803,4608,0,32,0,112,256,1,1,721408,1,1
"KERNEL_DISPATCH","Agent 2",1,0,120312,703,6763,"mfma_moe2_afp4_wfp4_bf16_cshuffle_t64x128x256_vscale_fix3_fp4opt_v1_persist_cu256",703,462443464231803,462443464306724,33280,0,84,0,112,256,1,1,7168,256,1
"KERNEL_DISPATCH","Agent 2",1,0,120312,704,6310,"EpCombineSync_bf16",704,462443464312564,462443464321404,0,64,48,0,96,256,1,1,65536,1,1
"KERNEL_DISPATCH","Agent 2",1,0,120312,705,6318,"EpCombineSyncBarrier_bf16",705,462443464321404,462443464615687,0,64,28,0,48,64,1,1,64,1,1
"KERNEL_DISPATCH","Agent 2",1,0,120312,706,6304,"EpCombineInterNodeV1KernelLowLatency_bf16",706,462443464615687,462443464702328,0,1024,64,0,112,256,1,1,65536,1,1
"KERNEL_DISPATCH","Agent 2",1,0,120312,707,6308,"EpCombineAll_bf16",707,462443464702328,462443464710168,0,64,44,0,112,256,1,1,65536,1,1
"KERNEL_DISPATCH","Agent 2",1,0,120312,708,6312,"EpDispatchCopyToStaging_fp4",708,462443464716008,462443464722448,0,64,32,0,64,512,1,1,131072,1,1
"KERNEL_DISPATCH","Agent 2",1,0,120312,709,6325,"EpDispatchInterNodeV1KernelLowLatency_fp4",709,462443464722448,462443464839049,0,64,40,0,112,512,1,1,131072,1,1
"KERNEL_DISPATCH","Agent 2",1,0,120312,710,6379,"void aiter::opus_moe_sorting_entry<aiter::MoeSortingClearWorkspaceKernel<aiter::MoeSortingClearWorkspaceProblem<true, 1024, 1> >, aiter::MoeSortingClearWorkspaceKernel<aiter::MoeSortingClearWorkspaceProblem<true, 1024, 1> >::Kargs>(aiter::MoeSortingClearWorkspaceKernel<aiter::MoeSortingClearWorkspaceProblem<true, 1024, 1> >::Kargs)",710,462443464844449,462443464848409,0,0,4,0,16,1024,1,1,262144,1,1
"KERNEL_DISPATCH","Agent 2",1,0,120312,711,6400,"void aiter::opus_moe_sorting_entry<aiter::MoeSortingMultiPhaseKernel_P0_v1<aiter::MoeSortingProblemMp<int, float, unsigned char, 4, true, true, true> >, aiter::MoeSortingMultiPhaseKernel_P0_v1<aiter::MoeSortingProblemMp<int, float, unsigned char, 4, true, true, true> >::Kargs>(aiter::MoeSortingMultiPhaseKernel_P0_v1<aiter::MoeSortingProblemMp<int, float, unsigned char, 4, true, true, true> >::Kargs)",711,462443464848409,462443464852849,0,0,16,0,48,256,1,1,131072,1,1
"KERNEL_DISPATCH","Agent 2",1,0,120312,712,6360,"void aiter::opus_moe_sorting_entry<aiter::MoeSortingMultiPhaseKernel_P1<aiter::MoeSortingProblemMp<int, float, unsigned char, 16, true, true, true> >, aiter::MoeSortingMultiPhaseKernel_P1<aiter::MoeSortingProblemMp<int, float, unsigned char, 16, true, true, true> >::Kargs>(aiter::MoeSortingMultiPhaseKernel_P1<aiter::MoeSortingProblemMp<int, float, unsigned char, 16, true, true, true> >::Kargs)",712,462443464852849,462443464857089,512,0,12,0,32,256,1,1,229632,1,1
"KERNEL_DISPATCH","Agent 2",1,0,120312,713,6381,"void aiter::opus_moe_sorting_entry<aiter::MoeSortingMultiPhaseKernel_P23<aiter::MoeSortingProblemMp<int, float, unsigned char, 16, true, true, true> >, aiter::MoeSortingMultiPhaseKernel_P23<aiter::MoeSortingProblemMp<int, float, unsigned char, 16, true, true, true> >::Kargs>(aiter::MoeSortingMultiPhaseKernel_P23<aiter::MoeSortingProblemMp<int, float, unsigned char, 16, true, true, true> >::Kargs)",713,462443464857089,462443464868529,0,0,32,0,80,256,1,1,360704,1,1
"KERNEL_DISPATCH","Agent 2",1,0,120312,714,6720,"void aiter::mxfp4_moe_sort_kernel<256, 32, 16, 32>(unsigned char*, unsigned char*, int const*, int const*, int, int, int, int, int)",714,462443464868529,462443464873009,4608,0,32,0,112,256,1,1,721408,1,1
"KERNEL_DISPATCH","Agent 2",1,0,120312,715,6762,"mfma_moe1_silu_mul_afp4_wfp4_bf16_t64x128x256_pm1_async_v32",715,462443464873009,462443465015371,41472,0,100,0,112,256,1,1,6144,1408,1
"KERNEL_DISPATCH","Agent 2",1,0,120312,716,6540,"void aiter::dynamic_per_group_scaled_quant_kernel<std::bfloat16_t, opus::fp4_t, 32, 32, false, 64, true>(opus::fp4_t*, float*, std::bfloat16_t const*, float const*, long, int, int, long, int const*, int)",716,462443465015371,462443465058531,0,0,32,0,48,64,1,1,3145728,1,1
"KERNEL_DISPATCH","Agent 2",1,0,120312,717,6720,"void aiter::mxfp4_moe_sort_kernel<256, 32, 16, 32>(unsigned char*, unsigned char*, int const*, int const*, int, int, int, int, int)",717,462443465058531,462443465062971,4608,0,32,0,112,256,1,1,721408,1,1
"KERNEL_DISPATCH","Agent 2",1,0,120312,718,6763,"mfma_moe2_afp4_wfp4_bf16_cshuffle_t64x128x256_vscale_fix3_fp4opt_v1_persist_cu256",718,462443465062971,462443465138412,33280,0,84,0,112,256,1,1,7168,256,1
"KERNEL_DISPATCH","Agent 2",1,0,120312,719,6310,"EpCombineSync_bf16",719,462443465144252,462443465153252,0,64,48,0,96,256,1,1,65536,1,1
"KERNEL_DISPATCH","Agent 2",1,0,120312,720,6318,"EpCombineSyncBarrier_bf16",720,462443465153252,462443465417015,0,64,28,0,48,64,1,1,64,1,1
"KERNEL_DISPATCH","Agent 2",1,0,120312,721,6304,"EpCombineInterNodeV1KernelLowLatency_bf16",721,462443465417015,462443465502896,0,1024,64,0,112,256,1,1,65536,1,1
"KERNEL_DISPATCH","Agent 2",1,0,120312,722,6308,"EpCombineAll_bf16",722,462443465502896,462443465511096,0,64,44,0,112,256,1,1,65536,1,1
"KERNEL_DISPATCH","Agent 2",1,0,120312,723,6312,"EpDispatchCopyToStaging_fp4",723,462443465517416,462443465523696,0,64,32,0,64,512,1,1,131072,1,1
"KERNEL_DISPATCH","Agent 2",1,0,120312,724,6325,"EpDispatchInterNodeV1KernelLowLatency_fp4",724,462443465523696,462443465635937,0,64,40,0,112,512,1,1,131072,1,1
"KERNEL_DISPATCH","Agent 2",1,0,120312,725,6379,"void aiter::opus_moe_sorting_entry<aiter::MoeSortingClearWorkspaceKernel<aiter::MoeSortingClearWorkspaceProblem<true, 1024, 1> >, aiter::MoeSortingClearWorkspaceKernel<aiter::MoeSortingClearWorkspaceProblem<true, 1024, 1> >::Kargs>(aiter::MoeSortingClearWorkspaceKernel<aiter::MoeSortingClearWorkspaceProblem<true, 1024, 1> >::Kargs)",725,462443465641337,462443465645417,0,0,4,0,16,1024,1,1,262144,1,1
"KERNEL_DISPATCH","Agent 2",1,0,120312,726,6400,"void aiter::opus_moe_sorting_entry<aiter::MoeSortingMultiPhaseKernel_P0_v1<aiter::MoeSortingProblemMp<int, float, unsigned char, 4, true, true, true> >, aiter::MoeSortingMultiPhaseKernel_P0_v1<aiter::MoeSortingProblemMp<int, float, unsigned char, 4, true, true, true> >::Kargs>(aiter::MoeSortingMultiPhaseKernel_P0_v1<aiter::MoeSortingProblemMp<int, float, unsigned char, 4, true, true, true> >::Kargs)",726,462443465645167,462443465649647,0,0,16,0,48,256,1,1,131072,1,1
"KERNEL_DISPATCH","Agent 2",1,0,120312,727,6360,"void aiter::opus_moe_sorting_entry<aiter::MoeSortingMultiPhaseKernel_P1<aiter::MoeSortingProblemMp<int, float, unsigned char, 16, true, true, true> >, aiter::MoeSortingMultiPhaseKernel_P1<aiter::MoeSortingProblemMp<int, float, unsigned char, 16, true, true, true> >::Kargs>(aiter::MoeSortingMultiPhaseKernel_P1<aiter::MoeSortingProblemMp<int, float, unsigned char, 16, true, true, true> >::Kargs)",727,462443465649897,462443465654097,512,0,12,0,32,256,1,1,229632,1,1
"KERNEL_DISPATCH","Agent 2",1,0,120312,728,6381,"void aiter::opus_moe_sorting_entry<aiter::MoeSortingMultiPhaseKernel_P23<aiter::MoeSortingProblemMp<int, float, unsigned char, 16, true, true, true> >, aiter::MoeSortingMultiPhaseKernel_P23<aiter::MoeSortingProblemMp<int, float, unsigned char, 16, true, true, true> >::Kargs>(aiter::MoeSortingMultiPhaseKernel_P23<aiter::MoeSortingProblemMp<int, float, unsigned char, 16, true, true, true> >::Kargs)",728,462443465654097,462443465665977,0,0,32,0,80,256,1,1,360704,1,1
"KERNEL_DISPATCH","Agent 2",1,0,120312,729,6720,"void aiter::mxfp4_moe_sort_kernel<256, 32, 16, 32>(unsigned char*, unsigned char*, int const*, int const*, int, int, int, int, int)",729,462443465665977,462443465670457,4608,0,32,0,112,256,1,1,721408,1,1
"KERNEL_DISPATCH","Agent 2",1,0,120312,730,6762,"mfma_moe1_silu_mul_afp4_wfp4_bf16_t64x128x256_pm1_async_v32",730,462443465670457,462443465815659,41472,0,100,0,112,256,1,1,6144,1408,1
"KERNEL_DISPATCH","Agent 2",1,0,120312,731,6540,"void aiter::dynamic_per_group_scaled_quant_kernel<std::bfloat16_t, opus::fp4_t, 32, 32, false, 64, true>(opus::fp4_t*, float*, std::bfloat16_t const*, float const*, long, int, int, long, int const*, int)",731,462443465815659,462443465858259,0,0,32,0,48,64,1,1,3145728,1,1
"KERNEL_DISPATCH","Agent 2",1,0,120312,732,6720,"void aiter::mxfp4_moe_sort_kernel<256, 32, 16, 32>(unsigned char*, unsigned char*, int const*, int const*, int, int, int, int, int)",732,462443465858259,462443465862819,4608,0,32,0,112,256,1,1,721408,1,1
"KERNEL_DISPATCH","Agent 2",1,0,120312,733,6763,"mfma_moe2_afp4_wfp4_bf16_cshuffle_t64x128x256_vscale_fix3_fp4opt_v1_persist_cu256",733,462443465862819,462443465938860,33280,0,84,0,112,256,1,1,7168,256,1
"KERNEL_DISPATCH","Agent 2",1,0,120312,734,6310,"EpCombineSync_bf16",734,462443465944660,462443465953460,0,64,48,0,96,256,1,1,65536,1,1
"KERNEL_DISPATCH","Agent 2",1,0,120312,735,6318,"EpCombineSyncBarrier_bf16",735,462443465953460,462443466195702,0,64,28,0,48,64,1,1,64,1,1
"KERNEL_DISPATCH","Agent 2",1,0,120312,736,6304,"EpCombineInterNodeV1KernelLowLatency_bf16",736,462443466195702,462443466280463,0,1024,64,0,112,256,1,1,65536,1,1
"KERNEL_DISPATCH","Agent 2",1,0,120312,737,6308,"EpCombineAll_bf16",737,462443466280463,462443466288663,0,64,44,0,112,256,1,1,65536,1,1
"KERNEL_DISPATCH","Agent 2",1,0,120312,738,6312,"EpDispatchCopyToStaging_fp4",738,462443466294943,462443466301023,0,64,32,0,64,512,1,1,131072,1,1
"KERNEL_DISPATCH","Agent 2",1,0,120312,739,6325,"EpDispatchInterNodeV1KernelLowLatency_fp4",739,462443466301023,462443466413545,0,64,40,0,112,512,1,1,131072,1,1
"KERNEL_DISPATCH","Agent 2",1,0,120312,740,6379,"void aiter::opus_moe_sorting_entry<aiter::MoeSortingClearWorkspaceKernel<aiter::MoeSortingClearWorkspaceProblem<true, 1024, 1> >, aiter::MoeSortingClearWorkspaceKernel<aiter::MoeSortingClearWorkspaceProblem<true, 1024, 1> >::Kargs>(aiter::MoeSortingClearWorkspaceKernel<aiter::MoeSortingClearWorkspaceProblem<true, 1024, 1> >::Kargs)",740,462443466418805,462443466422925,0,0,4,0,16,1024,1,1,262144,1,1
"KERNEL_DISPATCH","Agent 2",1,0,120312,741,6400,"void aiter::opus_moe_sorting_entry<aiter::MoeSortingMultiPhaseKernel_P0_v1<aiter::MoeSortingProblemMp<int, float, unsigned char, 4, true, true, true> >, aiter::MoeSortingMultiPhaseKernel_P0_v1<aiter::MoeSortingProblemMp<int, float, unsigned char, 4, true, true, true> >::Kargs>(aiter::MoeSortingMultiPhaseKernel_P0_v1<aiter::MoeSortingProblemMp<int, float, unsigned char, 4, true, true, true> >::Kargs)",741,462443466422945,462443466427425,0,0,16,0,48,256,1,1,131072,1,1
"KERNEL_DISPATCH","Agent 2",1,0,120312,742,6360,"void aiter::opus_moe_sorting_entry<aiter::MoeSortingMultiPhaseKernel_P1<aiter::MoeSortingProblemMp<int, float, unsigned char, 16, true, true, true> >, aiter::MoeSortingMultiPhaseKernel_P1<aiter::MoeSortingProblemMp<int, float, unsigned char, 16, true, true, true> >::Kargs>(aiter::MoeSortingMultiPhaseKernel_P1<aiter::MoeSortingProblemMp<int, float, unsigned char, 16, true, true, true> >::Kargs)",742,462443466427425,462443466431825,512,0,12,0,32,256,1,1,229632,1,1
"KERNEL_DISPATCH","Agent 2",1,0,120312,743,6381,"void aiter::opus_moe_sorting_entry<aiter::MoeSortingMultiPhaseKernel_P23<aiter::MoeSortingProblemMp<int, float, unsigned char, 16, true, true, true> >, aiter::MoeSortingMultiPhaseKernel_P23<aiter::MoeSortingProblemMp<int, float, unsigned char, 16, true, true, true> >::Kargs>(aiter::MoeSortingMultiPhaseKernel_P23<aiter::MoeSortingProblemMp<int, float, unsigned char, 16, true, true, true> >::Kargs)",743,462443466431825,462443466442945,0,0,32,0,80,256,1,1,360704,1,1
"KERNEL_DISPATCH","Agent 2",1,0,120312,744,6720,"void aiter::mxfp4_moe_sort_kernel<256, 32, 16, 32>(unsigned char*, unsigned char*, int const*, int const*, int, int, int, int, int)",744,462443466442945,462443466447425,4608,0,32,0,112,256,1,1,721408,1,1
"KERNEL_DISPATCH","Agent 2",1,0,120312,745,6762,"mfma_moe1_silu_mul_afp4_wfp4_bf16_t64x128x256_pm1_async_v32",745,462443466447425,462443466589666,41472,0,100,0,112,256,1,1,6144,1408,1
"KERNEL_DISPATCH","Agent 2",1,0,120312,746,6540,"void aiter::dynamic_per_group_scaled_quant_kernel<std::bfloat16_t, opus::fp4_t, 32, 32, false, 64, true>(opus::fp4_t*, float*, std::bfloat16_t const*, float const*, long, int, int, long, int const*, int)",746,462443466589666,462443466631987,0,0,32,0,48,64,1,1,3145728,1,1
"KERNEL_DISPATCH","Agent 2",1,0,120312,747,6720,"void aiter::mxfp4_moe_sort_kernel<256, 32, 16, 32>(unsigned char*, unsigned char*, int const*, int const*, int, int, int, int, int)",747,462443466631987,462443466636427,4608,0,32,0,112,256,1,1,721408,1,1
"KERNEL_DISPATCH","Agent 2",1,0,120312,748,6763,"mfma_moe2_afp4_wfp4_bf16_cshuffle_t64x128x256_vscale_fix3_fp4opt_v1_persist_cu256",748,462443466636427,462443466712027,33280,0,84,0,112,256,1,1,7168,256,1
"KERNEL_DISPATCH","Agent 2",1,0,120312,749,6310,"EpCombineSync_bf16",749,462443466717828,462443466726708,0,64,48,0,96,256,1,1,65536,1,1
"KERNEL_DISPATCH","Agent 2",1,0,120312,750,6318,"EpCombineSyncBarrier_bf16",750,462443466726708,462443466974870,0,64,28,0,48,64,1,1,64,1,1
"KERNEL_DISPATCH","Agent 2",1,0,120312,751,6304,"EpCombineInterNodeV1KernelLowLatency_bf16",751,462443466974870,462443467060831,0,1024,64,0,112,256,1,1,65536,1,1
"KERNEL_DISPATCH","Agent 2",1,0,120312,752,6308,"EpCombineAll_bf16",752,462443467060831,462443467069111,0,64,44,0,112,256,1,1,65536,1,1
"KERNEL_DISPATCH","Agent 2",1,0,120312,753,6312,"EpDispatchCopyToStaging_fp4",753,462443467074831,462443467080871,0,64,32,0,64,512,1,1,131072,1,1
"KERNEL_DISPATCH","Agent 2",1,0,120312,754,6325,"EpDispatchInterNodeV1KernelLowLatency_fp4",754,462443467080871,462443467192312,0,64,40,0,112,512,1,1,131072,1,1
"KERNEL_DISPATCH","Agent 2",1,0,120312,755,6379,"void aiter::opus_moe_sorting_entry<aiter::MoeSortingClearWorkspaceKernel<aiter::MoeSortingClearWorkspaceProblem<true, 1024, 1> >, aiter::MoeSortingClearWorkspaceKernel<aiter::MoeSortingClearWorkspaceProblem<true, 1024, 1> >::Kargs>(aiter::MoeSortingClearWorkspaceKernel<aiter::MoeSortingClearWorkspaceProblem<true, 1024, 1> >::Kargs)",755,462443467197912,462443467201952,0,0,4,0,16,1024,1,1,262144,1,1
"KERNEL_DISPATCH","Agent 2",1,0,120312,756,6400,"void aiter::opus_moe_sorting_entry<aiter::MoeSortingMultiPhaseKernel_P0_v1<aiter::MoeSortingProblemMp<int, float, unsigned char, 4, true, true, true> >, aiter::MoeSortingMultiPhaseKernel_P0_v1<aiter::MoeSortingProblemMp<int, float, unsigned char, 4, true, true, true> >::Kargs>(aiter::MoeSortingMultiPhaseKernel_P0_v1<aiter::MoeSortingProblemMp<int, float, unsigned char, 4, true, true, true> >::Kargs)",756,462443467201952,462443467206552,0,0,16,0,48,256,1,1,131072,1,1
"KERNEL_DISPATCH","Agent 2",1,0,120312,757,6360,"void aiter::opus_moe_sorting_entry<aiter::MoeSortingMultiPhaseKernel_P1<aiter::MoeSortingProblemMp<int, float, unsigned char, 16, true, true, true> >, aiter::MoeSortingMultiPhaseKernel_P1<aiter::MoeSortingProblemMp<int, float, unsigned char, 16, true, true, true> >::Kargs>(aiter::MoeSortingMultiPhaseKernel_P1<aiter::MoeSortingProblemMp<int, float, unsigned char, 16, true, true, true> >::Kargs)",757,462443467206552,462443467210752,512,0,12,0,32,256,1,1,229632,1,1
"KERNEL_DISPATCH","Agent 2",1,0,120312,758,6381,"void aiter::opus_moe_sorting_entry<aiter::MoeSortingMultiPhaseKernel_P23<aiter::MoeSortingProblemMp<int, float, unsigned char, 16, true, true, true> >, aiter::MoeSortingMultiPhaseKernel_P23<aiter::MoeSortingProblemMp<int, float, unsigned char, 16, true, true, true> >::Kargs>(aiter::MoeSortingMultiPhaseKernel_P23<aiter::MoeSortingProblemMp<int, float, unsigned char, 16, true, true, true> >::Kargs)",758,462443467210752,462443467222432,0,0,32,0,80,256,1,1,360704,1,1
"KERNEL_DISPATCH","Agent 2",1,0,120312,759,6720,"void aiter::mxfp4_moe_sort_kernel<256, 32, 16, 32>(unsigned char*, unsigned char*, int const*, int const*, int, int, int, int, int)",759,462443467222432,462443467226992,4608,0,32,0,112,256,1,1,721408,1,1
"KERNEL_DISPATCH","Agent 2",1,0,120312,760,6762,"mfma_moe1_silu_mul_afp4_wfp4_bf16_t64x128x256_pm1_async_v32",760,462443467226992,462443467369074,41472,0,100,0,112,256,1,1,6144,1408,1
"KERNEL_DISPATCH","Agent 2",1,0,120312,761,6540,"void aiter::dynamic_per_group_scaled_quant_kernel<std::bfloat16_t, opus::fp4_t, 32, 32, false, 64, true>(opus::fp4_t*, float*, std::bfloat16_t const*, float const*, long, int, int, long, int const*, int)",761,462443467369074,462443467410874,0,0,32,0,48,64,1,1,3145728,1,1
"KERNEL_DISPATCH","Agent 2",1,0,120312,762,6720,"void aiter::mxfp4_moe_sort_kernel<256, 32, 16, 32>(unsigned char*, unsigned char*, int const*, int const*, int, int, int, int, int)",762,462443467410874,462443467415154,4608,0,32,0,112,256,1,1,721408,1,1
"KERNEL_DISPATCH","Agent 2",1,0,120312,763,6763,"mfma_moe2_afp4_wfp4_bf16_cshuffle_t64x128x256_vscale_fix3_fp4opt_v1_persist_cu256",763,462443467415154,462443467491355,33280,0,84,0,112,256,1,1,7168,256,1
"KERNEL_DISPATCH","Agent 2",1,0,120312,764,6310,"EpCombineSync_bf16",764,462443467497187,462443467505947,0,64,48,0,96,256,1,1,65536,1,1
"KERNEL_DISPATCH","Agent 2",1,0,120312,765,6318,"EpCombineSyncBarrier_bf16",765,462443467505955,462443467772558,0,64,28,0,48,64,1,1,64,1,1
"KERNEL_DISPATCH","Agent 2",1,0,120312,766,6304,"EpCombineInterNodeV1KernelLowLatency_bf16",766,462443467772558,462443467858919,0,1024,64,0,112,256,1,1,65536,1,1
"KERNEL_DISPATCH","Agent 2",1,0,120312,767,6308,"EpCombineAll_bf16",767,462443467858919,462443467866759,0,64,44,0,112,256,1,1,65536,1,1
"KERNEL_DISPATCH","Agent 2",1,0,120312,768,6312,"EpDispatchCopyToStaging_fp4",768,462443467872999,462443467879239,0,64,32,0,64,512,1,1,131072,1,1
"KERNEL_DISPATCH","Agent 2",1,0,120312,769,6325,"EpDispatchInterNodeV1KernelLowLatency_fp4",769,462443467879239,462443467989840,0,64,40,0,112,512,1,1,131072,1,1
"KERNEL_DISPATCH","Agent 2",1,0,120312,770,6379,"void aiter::opus_moe_sorting_entry<aiter::MoeSortingClearWorkspaceKernel<aiter::MoeSortingClearWorkspaceProblem<true, 1024, 1> >, aiter::MoeSortingClearWorkspaceKernel<aiter::MoeSortingClearWorkspaceProblem<true, 1024, 1> >::Kargs>(aiter::MoeSortingClearWorkspaceKernel<aiter::MoeSortingClearWorkspaceProblem<true, 1024, 1> >::Kargs)",770,462443467995440,462443467999520,0,0,4,0,16,1024,1,1,262144,1,1
"KERNEL_DISPATCH","Agent 2",1,0,120312,771,6400,"void aiter::opus_moe_sorting_entry<aiter::MoeSortingMultiPhaseKernel_P0_v1<aiter::MoeSortingProblemMp<int, float, unsigned char, 4, true, true, true> >, aiter::MoeSortingMultiPhaseKernel_P0_v1<aiter::MoeSortingProblemMp<int, float, unsigned char, 4, true, true, true> >::Kargs>(aiter::MoeSortingMultiPhaseKernel_P0_v1<aiter::MoeSortingProblemMp<int, float, unsigned char, 4, true, true, true> >::Kargs)",771,462443467999520,462443468004000,0,0,16,0,48,256,1,1,131072,1,1
"KERNEL_DISPATCH","Agent 2",1,0,120312,772,6360,"void aiter::opus_moe_sorting_entry<aiter::MoeSortingMultiPhaseKernel_P1<aiter::MoeSortingProblemMp<int, float, unsigned char, 16, true, true, true> >, aiter::MoeSortingMultiPhaseKernel_P1<aiter::MoeSortingProblemMp<int, float, unsigned char, 16, true, true, true> >::Kargs>(aiter::MoeSortingMultiPhaseKernel_P1<aiter::MoeSortingProblemMp<int, float, unsigned char, 16, true, true, true> >::Kargs)",772,462443468004000,462443468008280,512,0,12,0,32,256,1,1,229632,1,1
"KERNEL_DISPATCH","Agent 2",1,0,120312,773,6381,"void aiter::opus_moe_sorting_entry<aiter::MoeSortingMultiPhaseKernel_P23<aiter::MoeSortingProblemMp<int, float, unsigned char, 16, true, true, true> >, aiter::MoeSortingMultiPhaseKernel_P23<aiter::MoeSortingProblemMp<int, float, unsigned char, 16, true, true, true> >::Kargs>(aiter::MoeSortingMultiPhaseKernel_P23<aiter::MoeSortingProblemMp<int, float, unsigned char, 16, true, true, true> >::Kargs)",773,462443468008280,462443468019640,0,0,32,0,80,256,1,1,360704,1,1
"KERNEL_DISPATCH","Agent 2",1,0,120312,774,6720,"void aiter::mxfp4_moe_sort_kernel<256, 32, 16, 32>(unsigned char*, unsigned char*, int const*, int const*, int, int, int, int, int)",774,462443468019640,462443468024120,4608,0,32,0,112,256,1,1,721408,1,1
"KERNEL_DISPATCH","Agent 2",1,0,120312,775,6762,"mfma_moe1_silu_mul_afp4_wfp4_bf16_t64x128x256_pm1_async_v32",775,462443468024120,462443468171082,41472,0,100,0,112,256,1,1,6144,1408,1
"KERNEL_DISPATCH","Agent 2",1,0,120312,776,6540,"void aiter::dynamic_per_group_scaled_quant_kernel<std::bfloat16_t, opus::fp4_t, 32, 32, false, 64, true>(opus::fp4_t*, float*, std::bfloat16_t const*, float const*, long, int, int, long, int const*, int)",776,462443468171076,462443468214076,0,0,32,0,48,64,1,1,3145728,1,1
"KERNEL_DISPATCH","Agent 2",1,0,120312,777,6720,"void aiter::mxfp4_moe_sort_kernel<256, 32, 16, 32>(unsigned char*, unsigned char*, int const*, int const*, int, int, int, int, int)",777,462443468214082,462443468218522,4608,0,32,0,112,256,1,1,721408,1,1
"KERNEL_DISPATCH","Agent 2",1,0,120312,778,6763,"mfma_moe2_afp4_wfp4_bf16_cshuffle_t64x128x256_vscale_fix3_fp4opt_v1_persist_cu256",778,462443468218522,462443468294603,33280,0,84,0,112,256,1,1,7168,256,1
"KERNEL_DISPATCH","Agent 2",1,0,120312,779,6310,"EpCombineSync_bf16",779,462443468300403,462443468309203,0,64,48,0,96,256,1,1,65536,1,1
"KERNEL_DISPATCH","Agent 2",1,0,120312,780,6318,"EpCombineSyncBarrier_bf16",780,462443468309203,462443468556165,0,64,28,0,48,64,1,1,64,1,1
"KERNEL_DISPATCH","Agent 2",1,0,120312,781,6304,"EpCombineInterNodeV1KernelLowLatency_bf16",781,462443468556165,462443468641406,0,1024,64,0,112,256,1,1,65536,1,1
"KERNEL_DISPATCH","Agent 2",1,0,120312,782,6308,"EpCombineAll_bf16",782,462443468641406,462443468649646,0,64,44,0,112,256,1,1,65536,1,1
"KERNEL_DISPATCH","Agent 2",1,0,120312,783,6312,"EpDispatchCopyToStaging_fp4",783,462443468656039,462443468662359,0,64,32,0,64,512,1,1,131072,1,1
"KERNEL_DISPATCH","Agent 2",1,0,120312,784,6325,"EpDispatchInterNodeV1KernelLowLatency_fp4",784,462443468662366,462443468774688,0,64,40,0,112,512,1,1,131072,1,1
"KERNEL_DISPATCH","Agent 2",1,0,120312,785,6379,"void aiter::opus_moe_sorting_entry<aiter::MoeSortingClearWorkspaceKernel<aiter::MoeSortingClearWorkspaceProblem<true, 1024, 1> >, aiter::MoeSortingClearWorkspaceKernel<aiter::MoeSortingClearWorkspaceProblem<true, 1024, 1> >::Kargs>(aiter::MoeSortingClearWorkspaceKernel<aiter::MoeSortingClearWorkspaceProblem<true, 1024, 1> >::Kargs)",785,462443468780208,462443468784368,0,0,4,0,16,1024,1,1,262144,1,1
"KERNEL_DISPATCH","Agent 2",1,0,120312,786,6400,"void aiter::opus_moe_sorting_entry<aiter::MoeSortingMultiPhaseKernel_P0_v1<aiter::MoeSortingProblemMp<int, float, unsigned char, 4, true, true, true> >, aiter::MoeSortingMultiPhaseKernel_P0_v1<aiter::MoeSortingProblemMp<int, float, unsigned char, 4, true, true, true> >::Kargs>(aiter::MoeSortingMultiPhaseKernel_P0_v1<aiter::MoeSortingProblemMp<int, float, unsigned char, 4, true, true, true> >::Kargs)",786,462443468784368,462443468788808,0,0,16,0,48,256,1,1,131072,1,1
"KERNEL_DISPATCH","Agent 2",1,0,120312,787,6360,"void aiter::opus_moe_sorting_entry<aiter::MoeSortingMultiPhaseKernel_P1<aiter::MoeSortingProblemMp<int, float, unsigned char, 16, true, true, true> >, aiter::MoeSortingMultiPhaseKernel_P1<aiter::MoeSortingProblemMp<int, float, unsigned char, 16, true, true, true> >::Kargs>(aiter::MoeSortingMultiPhaseKernel_P1<aiter::MoeSortingProblemMp<int, float, unsigned char, 16, true, true, true> >::Kargs)",787,462443468788808,462443468793088,512,0,12,0,32,256,1,1,229632,1,1
"KERNEL_DISPATCH","Agent 2",1,0,120312,788,6381,"void aiter::opus_moe_sorting_entry<aiter::MoeSortingMultiPhaseKernel_P23<aiter::MoeSortingProblemMp<int, float, unsigned char, 16, true, true, true> >, aiter::MoeSortingMultiPhaseKernel_P23<aiter::MoeSortingProblemMp<int, float, unsigned char, 16, true, true, true> >::Kargs>(aiter::MoeSortingMultiPhaseKernel_P23<aiter::MoeSortingProblemMp<int, float, unsigned char, 16, true, true, true> >::Kargs)",788,462443468793088,462443468804528,0,0,32,0,80,256,1,1,360704,1,1
"KERNEL_DISPATCH","Agent 2",1,0,120312,789,6720,"void aiter::mxfp4_moe_sort_kernel<256, 32, 16, 32>(unsigned char*, unsigned char*, int const*, int const*, int, int, int, int, int)",789,462443468804528,462443468808968,4608,0,32,0,112,256,1,1,721408,1,1
"KERNEL_DISPATCH","Agent 2",1,0,120312,790,6762,"mfma_moe1_silu_mul_afp4_wfp4_bf16_t64x128x256_pm1_async_v32",790,462443468808968,462443468953649,41472,0,100,0,112,256,1,1,6144,1408,1
"KERNEL_DISPATCH","Agent 2",1,0,120312,791,6540,"void aiter::dynamic_per_group_scaled_quant_kernel<std::bfloat16_t, opus::fp4_t, 32, 32, false, 64, true>(opus::fp4_t*, float*, std::bfloat16_t const*, float const*, long, int, int, long, int const*, int)",791,462443468953649,462443468998410,0,0,32,0,48,64,1,1,3145728,1,1
"KERNEL_DISPATCH","Agent 2",1,0,120312,792,6720,"void aiter::mxfp4_moe_sort_kernel<256, 32, 16, 32>(unsigned char*, unsigned char*, int const*, int const*, int, int, int, int, int)",792,462443468998410,462443469002810,4608,0,32,0,112,256,1,1,721408,1,1
"KERNEL_DISPATCH","Agent 2",1,0,120312,793,6763,"mfma_moe2_afp4_wfp4_bf16_cshuffle_t64x128x256_vscale_fix3_fp4opt_v1_persist_cu256",793,462443469002810,462443469078811,33280,0,84,0,112,256,1,1,7168,256,1
"KERNEL_DISPATCH","Agent 2",1,0,120312,794,6310,"EpCombineSync_bf16",794,462443469084451,462443469093211,0,64,48,0,96,256,1,1,65536,1,1
"KERNEL_DISPATCH","Agent 2",1,0,120312,795,6318,"EpCombineSyncBarrier_bf16",795,462443469093211,462443469357573,0,64,28,0,48,64,1,1,64,1,1
"KERNEL_DISPATCH","Agent 2",1,0,120312,796,6304,"EpCombineInterNodeV1KernelLowLatency_bf16",796,462443469357573,462443469442614,0,1024,64,0,112,256,1,1,65536,1,1
"KERNEL_DISPATCH","Agent 2",1,0,120312,797,6308,"EpCombineAll_bf16",797,462443469442614,462443469451014,0,64,44,0,112,256,1,1,65536,1,1
"KERNEL_DISPATCH","Agent 2",1,0,120312,798,6312,"EpDispatchCopyToStaging_fp4",798,462443469456694,462443469462974,0,64,32,0,64,512,1,1,131072,1,1
"KERNEL_DISPATCH","Agent 2",1,0,120312,799,6325,"EpDispatchInterNodeV1KernelLowLatency_fp4",799,462443469462974,462443469575615,0,64,40,0,112,512,1,1,131072,1,1
"KERNEL_DISPATCH","Agent 2",1,0,120312,800,6379,"void aiter::opus_moe_sorting_entry<aiter::MoeSortingClearWorkspaceKernel<aiter::MoeSortingClearWorkspaceProblem<true, 1024, 1> >, aiter::MoeSortingClearWorkspaceKernel<aiter::MoeSortingClearWorkspaceProblem<true, 1024, 1> >::Kargs>(aiter::MoeSortingClearWorkspaceKernel<aiter::MoeSortingClearWorkspaceProblem<true, 1024, 1> >::Kargs)",800,462443469580935,462443469585055,0,0,4,0,16,1024,1,1,262144,1,1
"KERNEL_DISPATCH","Agent 2",1,0,120312,801,6400,"void aiter::opus_moe_sorting_entry<aiter::MoeSortingMultiPhaseKernel_P0_v1<aiter::MoeSortingProblemMp<int, float, unsigned char, 4, true, true, true> >, aiter::MoeSortingMultiPhaseKernel_P0_v1<aiter::MoeSortingProblemMp<int, float, unsigned char, 4, true, true, true> >::Kargs>(aiter::MoeSortingMultiPhaseKernel_P0_v1<aiter::MoeSortingProblemMp<int, float, unsigned char, 4, true, true, true> >::Kargs)",801,462443469585055,462443469589536,0,0,16,0,48,256,1,1,131072,1,1
"KERNEL_DISPATCH","Agent 2",1,0,120312,802,6360,"void aiter::opus_moe_sorting_entry<aiter::MoeSortingMultiPhaseKernel_P1<aiter::MoeSortingProblemMp<int, float, unsigned char, 16, true, true, true> >, aiter::MoeSortingMultiPhaseKernel_P1<aiter::MoeSortingProblemMp<int, float, unsigned char, 16, true, true, true> >::Kargs>(aiter::MoeSortingMultiPhaseKernel_P1<aiter::MoeSortingProblemMp<int, float, unsigned char, 16, true, true, true> >::Kargs)",802,462443469589536,462443469593856,512,0,12,0,32,256,1,1,229632,1,1
"KERNEL_DISPATCH","Agent 2",1,0,120312,803,6381,"void aiter::opus_moe_sorting_entry<aiter::MoeSortingMultiPhaseKernel_P23<aiter::MoeSortingProblemMp<int, float, unsigned char, 16, true, true, true> >, aiter::MoeSortingMultiPhaseKernel_P23<aiter::MoeSortingProblemMp<int, float, unsigned char, 16, true, true, true> >::Kargs>(aiter::MoeSortingMultiPhaseKernel_P23<aiter::MoeSortingProblemMp<int, float, unsigned char, 16, true, true, true> >::Kargs)",803,462443469593856,462443469605056,0,0,32,0,80,256,1,1,360704,1,1
"KERNEL_DISPATCH","Agent 2",1,0,120312,804,6720,"void aiter::mxfp4_moe_sort_kernel<256, 32, 16, 32>(unsigned char*, unsigned char*, int const*, int const*, int, int, int, int, int)",804,462443469605056,462443469609616,4608,0,32,0,112,256,1,1,721408,1,1
"KERNEL_DISPATCH","Agent 2",1,0,120312,805,6762,"mfma_moe1_silu_mul_afp4_wfp4_bf16_t64x128x256_pm1_async_v32",805,462443469609616,462443469750977,41472,0,100,0,112,256,1,1,6144,1408,1
"KERNEL_DISPATCH","Agent 2",1,0,120312,806,6540,"void aiter::dynamic_per_group_scaled_quant_kernel<std::bfloat16_t, opus::fp4_t, 32, 32, false, 64, true>(opus::fp4_t*, float*, std::bfloat16_t const*, float const*, long, int, int, long, int const*, int)",806,462443469750977,462443469793658,0,0,32,0,48,64,1,1,3145728,1,1
"KERNEL_DISPATCH","Agent 2",1,0,120312,807,6720,"void aiter::mxfp4_moe_sort_kernel<256, 32, 16, 32>(unsigned char*, unsigned char*, int const*, int const*, int, int, int, int, int)",807,462443469793658,462443469798058,4608,0,32,0,112,256,1,1,721408,1,1
"KERNEL_DISPATCH","Agent 2",1,0,120312,808,6763,"mfma_moe2_afp4_wfp4_bf16_cshuffle_t64x128x256_vscale_fix3_fp4opt_v1_persist_cu256",808,462443469798058,462443469872858,33280,0,84,0,112,256,1,1,7168,256,1
"KERNEL_DISPATCH","Agent 2",1,0,120312,809,6310,"EpCombineSync_bf16",809,462443469878578,462443469887418,0,64,48,0,96,256,1,1,65536,1,1
"KERNEL_DISPATCH","Agent 2",1,0,120312,810,6318,"EpCombineSyncBarrier_bf16",810,462443469887418,462443470229102,0,64,28,0,48,64,1,1,64,1,1
"KERNEL_DISPATCH","Agent 2",1,0,120312,811,6304,"EpCombineInterNodeV1KernelLowLatency_bf16",811,462443470229102,462443470314543,0,1024,64,0,112,256,1,1,65536,1,1
"KERNEL_DISPATCH","Agent 2",1,0,120312,812,6308,"EpCombineAll_bf16",812,462443470314543,462443470322503,0,64,44,0,112,256,1,1,65536,1,1
"KERNEL_DISPATCH","Agent 2",1,0,120312,813,6312,"EpDispatchCopyToStaging_fp4",813,462443470329503,462443470336463,0,64,32,0,64,512,1,1,131072,1,1
"KERNEL_DISPATCH","Agent 2",1,0,120312,814,6325,"EpDispatchInterNodeV1KernelLowLatency_fp4",814,462443470336449,462443470446770,0,64,40,0,112,512,1,1,131072,1,1
"KERNEL_DISPATCH","Agent 2",1,0,120312,815,6379,"void aiter::opus_moe_sorting_entry<aiter::MoeSortingClearWorkspaceKernel<aiter::MoeSortingClearWorkspaceProblem<true, 1024, 1> >, aiter::MoeSortingClearWorkspaceKernel<aiter::MoeSortingClearWorkspaceProblem<true, 1024, 1> >::Kargs>(aiter::MoeSortingClearWorkspaceKernel<aiter::MoeSortingClearWorkspaceProblem<true, 1024, 1> >::Kargs)",815,462443470452104,462443470456184,0,0,4,0,16,1024,1,1,262144,1,1
"KERNEL_DISPATCH","Agent 2",1,0,120312,816,6400,"void aiter::opus_moe_sorting_entry<aiter::MoeSortingMultiPhaseKernel_P0_v1<aiter::MoeSortingProblemMp<int, float, unsigned char, 4, true, true, true> >, aiter::MoeSortingMultiPhaseKernel_P0_v1<aiter::MoeSortingProblemMp<int, float, unsigned char, 4, true, true, true> >::Kargs>(aiter::MoeSortingMultiPhaseKernel_P0_v1<aiter::MoeSortingProblemMp<int, float, unsigned char, 4, true, true, true> >::Kargs)",816,462443470456184,462443470460784,0,0,16,0,48,256,1,1,131072,1,1
"KERNEL_DISPATCH","Agent 2",1,0,120312,817,6360,"void aiter::opus_moe_sorting_entry<aiter::MoeSortingMultiPhaseKernel_P1<aiter::MoeSortingProblemMp<int, float, unsigned char, 16, true, true, true> >, aiter::MoeSortingMultiPhaseKernel_P1<aiter::MoeSortingProblemMp<int, float, unsigned char, 16, true, true, true> >::Kargs>(aiter::MoeSortingMultiPhaseKernel_P1<aiter::MoeSortingProblemMp<int, float, unsigned char, 16, true, true, true> >::Kargs)",817,462443470460784,462443470464984,512,0,12,0,32,256,1,1,229632,1,1
"KERNEL_DISPATCH","Agent 2",1,0,120312,818,6381,"void aiter::opus_moe_sorting_entry<aiter::MoeSortingMultiPhaseKernel_P23<aiter::MoeSortingProblemMp<int, float, unsigned char, 16, true, true, true> >, aiter::MoeSortingMultiPhaseKernel_P23<aiter::MoeSortingProblemMp<int, float, unsigned char, 16, true, true, true> >::Kargs>(aiter::MoeSortingMultiPhaseKernel_P23<aiter::MoeSortingProblemMp<int, float, unsigned char, 16, true, true, true> >::Kargs)",818,462443470464984,462443470476584,0,0,32,0,80,256,1,1,360704,1,1
"KERNEL_DISPATCH","Agent 2",1,0,120312,819,6720,"void aiter::mxfp4_moe_sort_kernel<256, 32, 16, 32>(unsigned char*, unsigned char*, int const*, int const*, int, int, int, int, int)",819,462443470476584,462443470481224,4608,0,32,0,112,256,1,1,721408,1,1
"KERNEL_DISPATCH","Agent 2",1,0,120312,820,6762,"mfma_moe1_silu_mul_afp4_wfp4_bf16_t64x128x256_pm1_async_v32",820,462443470481224,462443470626866,41472,0,100,0,112,256,1,1,6144,1408,1
"KERNEL_DISPATCH","Agent 2",1,0,120312,821,6540,"void aiter::dynamic_per_group_scaled_quant_kernel<std::bfloat16_t, opus::fp4_t, 32, 32, false, 64, true>(opus::fp4_t*, float*, std::bfloat16_t const*, float const*, long, int, int, long, int const*, int)",821,462443470626866,462443470669506,0,0,32,0,48,64,1,1,3145728,1,1
"KERNEL_DISPATCH","Agent 2",1,0,120312,822,6720,"void aiter::mxfp4_moe_sort_kernel<256, 32, 16, 32>(unsigned char*, unsigned char*, int const*, int const*, int, int, int, int, int)",822,462443470669506,462443470673866,4608,0,32,0,112,256,1,1,721408,1,1
"KERNEL_DISPATCH","Agent 2",1,0,120312,823,6763,"mfma_moe2_afp4_wfp4_bf16_cshuffle_t64x128x256_vscale_fix3_fp4opt_v1_persist_cu256",823,462443470673866,462443470749747,33280,0,84,0,112,256,1,1,7168,256,1
"KERNEL_DISPATCH","Agent 2",1,0,120312,824,6310,"EpCombineSync_bf16",824,462443470755587,462443470764427,0,64,48,0,96,256,1,1,65536,1,1
"KERNEL_DISPATCH","Agent 2",1,0,120312,825,6318,"EpCombineSyncBarrier_bf16",825,462443470764427,462443471030590,0,64,28,0,48,64,1,1,64,1,1
"KERNEL_DISPATCH","Agent 2",1,0,120312,826,6304,"EpCombineInterNodeV1KernelLowLatency_bf16",826,462443471030590,462443471116110,0,1024,64,0,112,256,1,1,65536,1,1
"KERNEL_DISPATCH","Agent 2",1,0,120312,827,6308,"EpCombineAll_bf16",827,462443471116110,462443471124351,0,64,44,0,112,256,1,1,65536,1,1
"KERNEL_DISPATCH","Agent 2",1,0,120312,828,6312,"EpDispatchCopyToStaging_fp4",828,462443471129959,462443471136319,0,64,32,0,64,512,1,1,131072,1,1
"KERNEL_DISPATCH","Agent 2",1,0,120312,829,6325,"EpDispatchInterNodeV1KernelLowLatency_fp4",829,462443471136391,462443471247992,0,64,40,0,112,512,1,1,131072,1,1
"KERNEL_DISPATCH","Agent 2",1,0,120312,830,6379,"void aiter::opus_moe_sorting_entry<aiter::MoeSortingClearWorkspaceKernel<aiter::MoeSortingClearWorkspaceProblem<true, 1024, 1> >, aiter::MoeSortingClearWorkspaceKernel<aiter::MoeSortingClearWorkspaceProblem<true, 1024, 1> >::Kargs>(aiter::MoeSortingClearWorkspaceKernel<aiter::MoeSortingClearWorkspaceProblem<true, 1024, 1> >::Kargs)",830,462443471253632,462443471257792,0,0,4,0,16,1024,1,1,262144,1,1
"KERNEL_DISPATCH","Agent 2",1,0,120312,831,6400,"void aiter::opus_moe_sorting_entry<aiter::MoeSortingMultiPhaseKernel_P0_v1<aiter::MoeSortingProblemMp<int, float, unsigned char, 4, true, true, true> >, aiter::MoeSortingMultiPhaseKernel_P0_v1<aiter::MoeSortingProblemMp<int, float, unsigned char, 4, true, true, true> >::Kargs>(aiter::MoeSortingMultiPhaseKernel_P0_v1<aiter::MoeSortingProblemMp<int, float, unsigned char, 4, true, true, true> >::Kargs)",831,462443471257792,462443471262192,0,0,16,0,48,256,1,1,131072,1,1
"KERNEL_DISPATCH","Agent 2",1,0,120312,832,6360,"void aiter::opus_moe_sorting_entry<aiter::MoeSortingMultiPhaseKernel_P1<aiter::MoeSortingProblemMp<int, float, unsigned char, 16, true, true, true> >, aiter::MoeSortingMultiPhaseKernel_P1<aiter::MoeSortingProblemMp<int, float, unsigned char, 16, true, true, true> >::Kargs>(aiter::MoeSortingMultiPhaseKernel_P1<aiter::MoeSortingProblemMp<int, float, unsigned char, 16, true, true, true> >::Kargs)",832,462443471262192,462443471266512,512,0,12,0,32,256,1,1,229632,1,1
"KERNEL_DISPATCH","Agent 2",1,0,120312,833,6381,"void aiter::opus_moe_sorting_entry<aiter::MoeSortingMultiPhaseKernel_P23<aiter::MoeSortingProblemMp<int, float, unsigned char, 16, true, true, true> >, aiter::MoeSortingMultiPhaseKernel_P23<aiter::MoeSortingProblemMp<int, float, unsigned char, 16, true, true, true> >::Kargs>(aiter::MoeSortingMultiPhaseKernel_P23<aiter::MoeSortingProblemMp<int, float, unsigned char, 16, true, true, true> >::Kargs)",833,462443471266512,462443471278112,0,0,32,0,80,256,1,1,360704,1,1
"KERNEL_DISPATCH","Agent 2",1,0,120312,834,6720,"void aiter::mxfp4_moe_sort_kernel<256, 32, 16, 32>(unsigned char*, unsigned char*, int const*, int const*, int, int, int, int, int)",834,462443471278112,462443471282672,4608,0,32,0,112,256,1,1,721408,1,1
"KERNEL_DISPATCH","Agent 2",1,0,120312,835,6762,"mfma_moe1_silu_mul_afp4_wfp4_bf16_t64x128x256_pm1_async_v32",835,462443471282672,462443471428033,41472,0,100,0,112,256,1,1,6144,1408,1
"KERNEL_DISPATCH","Agent 2",1,0,120312,836,6540,"void aiter::dynamic_per_group_scaled_quant_kernel<std::bfloat16_t, opus::fp4_t, 32, 32, false, 64, true>(opus::fp4_t*, float*, std::bfloat16_t const*, float const*, long, int, int, long, int const*, int)",836,462443471428033,462443471471994,0,0,32,0,48,64,1,1,3145728,1,1
"KERNEL_DISPATCH","Agent 2",1,0,120312,837,6720,"void aiter::mxfp4_moe_sort_kernel<256, 32, 16, 32>(unsigned char*, unsigned char*, int const*, int const*, int, int, int, int, int)",837,462443471471994,462443471476394,4608,0,32,0,112,256,1,1,721408,1,1
"KERNEL_DISPATCH","Agent 2",1,0,120312,838,6763,"mfma_moe2_afp4_wfp4_bf16_cshuffle_t64x128x256_vscale_fix3_fp4opt_v1_persist_cu256",838,462443471476394,462443471551075,33280,0,84,0,112,256,1,1,7168,256,1
"KERNEL_DISPATCH","Agent 2",1,0,120312,839,6310,"EpCombineSync_bf16",839,462443471556755,462443471565835,0,64,48,0,96,256,1,1,65536,1,1
"KERNEL_DISPATCH","Agent 2",1,0,120312,840,6318,"EpCombineSyncBarrier_bf16",840,462443471565835,462443471819477,0,64,28,0,48,64,1,1,64,1,1
"KERNEL_DISPATCH","Agent 2",1,0,120312,841,6304,"EpCombineInterNodeV1KernelLowLatency_bf16",841,462443471819477,462443471905358,0,1024,64,0,112,256,1,1,65536,1,1
"KERNEL_DISPATCH","Agent 2",1,0,120312,842,6308,"EpCombineAll_bf16",842,462443471905358,462443471913598,0,64,44,0,112,256,1,1,65536,1,1
"KERNEL_DISPATCH","Agent 2",1,0,120312,843,6312,"EpDispatchCopyToStaging_fp4",843,462443471919238,462443471925558,0,64,32,0,64,512,1,1,131072,1,1
"KERNEL_DISPATCH","Agent 2",1,0,120312,844,6325,"EpDispatchInterNodeV1KernelLowLatency_fp4",844,462443471925558,462443472039679,0,64,40,0,112,512,1,1,131072,1,1
"KERNEL_DISPATCH","Agent 2",1,0,120312,845,6379,"void aiter::opus_moe_sorting_entry<aiter::MoeSortingClearWorkspaceKernel<aiter::MoeSortingClearWorkspaceProblem<true, 1024, 1> >, aiter::MoeSortingClearWorkspaceKernel<aiter::MoeSortingClearWorkspaceProblem<true, 1024, 1> >::Kargs>(aiter::MoeSortingClearWorkspaceKernel<aiter::MoeSortingClearWorkspaceProblem<true, 1024, 1> >::Kargs)",845,462443472045240,462443472049400,0,0,4,0,16,1024,1,1,262144,1,1
"KERNEL_DISPATCH","Agent 2",1,0,120312,846,6400,"void aiter::opus_moe_sorting_entry<aiter::MoeSortingMultiPhaseKernel_P0_v1<aiter::MoeSortingProblemMp<int, float, unsigned char, 4, true, true, true> >, aiter::MoeSortingMultiPhaseKernel_P0_v1<aiter::MoeSortingProblemMp<int, float, unsigned char, 4, true, true, true> >::Kargs>(aiter::MoeSortingMultiPhaseKernel_P0_v1<aiter::MoeSortingProblemMp<int, float, unsigned char, 4, true, true, true> >::Kargs)",846,462443472049400,462443472053840,0,0,16,0,48,256,1,1,131072,1,1
"KERNEL_DISPATCH","Agent 2",1,0,120312,847,6360,"void aiter::opus_moe_sorting_entry<aiter::MoeSortingMultiPhaseKernel_P1<aiter::MoeSortingProblemMp<int, float, unsigned char, 16, true, true, true> >, aiter::MoeSortingMultiPhaseKernel_P1<aiter::MoeSortingProblemMp<int, float, unsigned char, 16, true, true, true> >::Kargs>(aiter::MoeSortingMultiPhaseKernel_P1<aiter::MoeSortingProblemMp<int, float, unsigned char, 16, true, true, true> >::Kargs)",847,462443472053840,462443472058360,512,0,12,0,32,256,1,1,229632,1,1
"KERNEL_DISPATCH","Agent 2",1,0,120312,848,6381,"void aiter::opus_moe_sorting_entry<aiter::MoeSortingMultiPhaseKernel_P23<aiter::MoeSortingProblemMp<int, float, unsigned char, 16, true, true, true> >, aiter::MoeSortingMultiPhaseKernel_P23<aiter::MoeSortingProblemMp<int, float, unsigned char, 16, true, true, true> >::Kargs>(aiter::MoeSortingMultiPhaseKernel_P23<aiter::MoeSortingProblemMp<int, float, unsigned char, 16, true, true, true> >::Kargs)",848,462443472058360,462443472070320,0,0,32,0,80,256,1,1,360704,1,1
"KERNEL_DISPATCH","Agent 2",1,0,120312,849,6720,"void aiter::mxfp4_moe_sort_kernel<256, 32, 16, 32>(unsigned char*, unsigned char*, int const*, int const*, int, int, int, int, int)",849,462443472070320,462443472074760,4608,0,32,0,112,256,1,1,721408,1,1
"KERNEL_DISPATCH","Agent 2",1,0,120312,850,6762,"mfma_moe1_silu_mul_afp4_wfp4_bf16_t64x128x256_pm1_async_v32",850,462443472074760,462443472219641,41472,0,100,0,112,256,1,1,6144,1408,1
"KERNEL_DISPATCH","Agent 2",1,0,120312,851,6540,"void aiter::dynamic_per_group_scaled_quant_kernel<std::bfloat16_t, opus::fp4_t, 32, 32, false, 64, true>(opus::fp4_t*, float*, std::bfloat16_t const*, float const*, long, int, int, long, int const*, int)",851,462443472219641,462443472261562,0,0,32,0,48,64,1,1,3145728,1,1
"KERNEL_DISPATCH","Agent 2",1,0,120312,852,6720,"void aiter::mxfp4_moe_sort_kernel<256, 32, 16, 32>(unsigned char*, unsigned char*, int const*, int const*, int, int, int, int, int)",852,462443472261562,462443472266002,4608,0,32,0,112,256,1,1,721408,1,1
"KERNEL_DISPATCH","Agent 2",1,0,120312,853,6763,"mfma_moe2_afp4_wfp4_bf16_cshuffle_t64x128x256_vscale_fix3_fp4opt_v1_persist_cu256",853,462443472266002,462443472341002,33280,0,84,0,112,256,1,1,7168,256,1
"KERNEL_DISPATCH","Agent 2",1,0,120312,854,6310,"EpCombineSync_bf16",854,462443472346802,462443472355643,0,64,48,0,96,256,1,1,65536,1,1
"KERNEL_DISPATCH","Agent 2",1,0,120312,855,6318,"EpCombineSyncBarrier_bf16",855,462443472355643,462443472600045,0,64,28,0,48,64,1,1,64,1,1
"KERNEL_DISPATCH","Agent 2",1,0,120312,856,6304,"EpCombineInterNodeV1KernelLowLatency_bf16",856,462443472600013,462443472685654,0,1024,64,0,112,256,1,1,65536,1,1
"KERNEL_DISPATCH","Agent 2",1,0,120312,857,6308,"EpCombineAll_bf16",857,462443472685686,462443472694086,0,64,44,0,112,256,1,1,65536,1,1
"KERNEL_DISPATCH","Agent 2",1,0,120312,858,6312,"EpDispatchCopyToStaging_fp4",858,462443472699766,462443472705926,0,64,32,0,64,512,1,1,131072,1,1
"KERNEL_DISPATCH","Agent 2",1,0,120312,859,6325,"EpDispatchInterNodeV1KernelLowLatency_fp4",859,462443472705926,462443472820447,0,64,40,0,112,512,1,1,131072,1,1
"KERNEL_DISPATCH","Agent 2",1,0,120312,860,6379,"void aiter::opus_moe_sorting_entry<aiter::MoeSortingClearWorkspaceKernel<aiter::MoeSortingClearWorkspaceProblem<true, 1024, 1> >, aiter::MoeSortingClearWorkspaceKernel<aiter::MoeSortingClearWorkspaceProblem<true, 1024, 1> >::Kargs>(aiter::MoeSortingClearWorkspaceKernel<aiter::MoeSortingClearWorkspaceProblem<true, 1024, 1> >::Kargs)",860,462443472826047,462443472830047,0,0,4,0,16,1024,1,1,262144,1,1
"KERNEL_DISPATCH","Agent 2",1,0,120312,861,6400,"void aiter::opus_moe_sorting_entry<aiter::MoeSortingMultiPhaseKernel_P0_v1<aiter::MoeSortingProblemMp<int, float, unsigned char, 4, true, true, true> >, aiter::MoeSortingMultiPhaseKernel_P0_v1<aiter::MoeSortingProblemMp<int, float, unsigned char, 4, true, true, true> >::Kargs>(aiter::MoeSortingMultiPhaseKernel_P0_v1<aiter::MoeSortingProblemMp<int, float, unsigned char, 4, true, true, true> >::Kargs)",861,462443472830047,462443472834567,0,0,16,0,48,256,1,1,131072,1,1
"KERNEL_DISPATCH","Agent 2",1,0,120312,862,6360,"void aiter::opus_moe_sorting_entry<aiter::MoeSortingMultiPhaseKernel_P1<aiter::MoeSortingProblemMp<int, float, unsigned char, 16, true, true, true> >, aiter::MoeSortingMultiPhaseKernel_P1<aiter::MoeSortingProblemMp<int, float, unsigned char, 16, true, true, true> >::Kargs>(aiter::MoeSortingMultiPhaseKernel_P1<aiter::MoeSortingProblemMp<int, float, unsigned char, 16, true, true, true> >::Kargs)",862,462443472834567,462443472838887,512,0,12,0,32,256,1,1,229632,1,1
"KERNEL_DISPATCH","Agent 2",1,0,120312,863,6381,"void aiter::opus_moe_sorting_entry<aiter::MoeSortingMultiPhaseKernel_P23<aiter::MoeSortingProblemMp<int, float, unsigned char, 16, true, true, true> >, aiter::MoeSortingMultiPhaseKernel_P23<aiter::MoeSortingProblemMp<int, float, unsigned char, 16, true, true, true> >::Kargs>(aiter::MoeSortingMultiPhaseKernel_P23<aiter::MoeSortingProblemMp<int, float, unsigned char, 16, true, true, true> >::Kargs)",863,462443472838887,462443472850487,0,0,32,0,80,256,1,1,360704,1,1
"KERNEL_DISPATCH","Agent 2",1,0,120312,864,6720,"void aiter::mxfp4_moe_sort_kernel<256, 32, 16, 32>(unsigned char*, unsigned char*, int const*, int const*, int, int, int, int, int)",864,462443472850487,462443472854967,4608,0,32,0,112,256,1,1,721408,1,1
"KERNEL_DISPATCH","Agent 2",1,0,120312,865,6762,"mfma_moe1_silu_mul_afp4_wfp4_bf16_t64x128x256_pm1_async_v32",865,462443472854967,462443472997729,41472,0,100,0,112,256,1,1,6144,1408,1
"KERNEL_DISPATCH","Agent 2",1,0,120312,866,6540,"void aiter::dynamic_per_group_scaled_quant_kernel<std::bfloat16_t, opus::fp4_t, 32, 32, false, 64, true>(opus::fp4_t*, float*, std::bfloat16_t const*, float const*, long, int, int, long, int const*, int)",866,462443472997729,462443473040369,0,0,32,0,48,64,1,1,3145728,1,1
"KERNEL_DISPATCH","Agent 2",1,0,120312,867,6720,"void aiter::mxfp4_moe_sort_kernel<256, 32, 16, 32>(unsigned char*, unsigned char*, int const*, int const*, int, int, int, int, int)",867,462443473040369,462443473044689,4608,0,32,0,112,256,1,1,721408,1,1
"KERNEL_DISPATCH","Agent 2",1,0,120312,868,6763,"mfma_moe2_afp4_wfp4_bf16_cshuffle_t64x128x256_vscale_fix3_fp4opt_v1_persist_cu256",868,462443473044689,462443473120130,33280,0,84,0,112,256,1,1,7168,256,1
"KERNEL_DISPATCH","Agent 2",1,0,120312,869,6310,"EpCombineSync_bf16",869,462443473125810,462443473134770,0,64,48,0,96,256,1,1,65536,1,1
"KERNEL_DISPATCH","Agent 2",1,0,120312,870,6318,"EpCombineSyncBarrier_bf16",870,462443473134770,462443473389253,0,64,28,0,48,64,1,1,64,1,1
"KERNEL_DISPATCH","Agent 2",1,0,120312,871,6304,"EpCombineInterNodeV1KernelLowLatency_bf16",871,462443473389253,462443473474093,0,1024,64,0,112,256,1,1,65536,1,1
"KERNEL_DISPATCH","Agent 2",1,0,120312,872,6308,"EpCombineAll_bf16",872,462443473474093,462443473482454,0,64,44,0,112,256,1,1,65536,1,1
"KERNEL_DISPATCH","Agent 2",1,0,120312,873,6312,"EpDispatchCopyToStaging_fp4",873,462443473488894,462443473495654,0,64,32,0,64,512,1,1,131072,1,1
"KERNEL_DISPATCH","Agent 2",1,0,120312,874,6325,"EpDispatchInterNodeV1KernelLowLatency_fp4",874,462443473495654,462443473607175,0,64,40,0,112,512,1,1,131072,1,1
"KERNEL_DISPATCH","Agent 2",1,0,120312,875,6379,"void aiter::opus_moe_sorting_entry<aiter::MoeSortingClearWorkspaceKernel<aiter::MoeSortingClearWorkspaceProblem<true, 1024, 1> >, aiter::MoeSortingClearWorkspaceKernel<aiter::MoeSortingClearWorkspaceProblem<true, 1024, 1> >::Kargs>(aiter::MoeSortingClearWorkspaceKernel<aiter::MoeSortingClearWorkspaceProblem<true, 1024, 1> >::Kargs)",875,462443473612455,462443473616575,0,0,4,0,16,1024,1,1,262144,1,1
"KERNEL_DISPATCH","Agent 2",1,0,120312,876,6400,"void aiter::opus_moe_sorting_entry<aiter::MoeSortingMultiPhaseKernel_P0_v1<aiter::MoeSortingProblemMp<int, float, unsigned char, 4, true, true, true> >, aiter::MoeSortingMultiPhaseKernel_P0_v1<aiter::MoeSortingProblemMp<int, float, unsigned char, 4, true, true, true> >::Kargs>(aiter::MoeSortingMultiPhaseKernel_P0_v1<aiter::MoeSortingProblemMp<int, float, unsigned char, 4, true, true, true> >::Kargs)",876,462443473616575,462443473621055,0,0,16,0,48,256,1,1,131072,1,1
"KERNEL_DISPATCH","Agent 2",1,0,120312,877,6360,"void aiter::opus_moe_sorting_entry<aiter::MoeSortingMultiPhaseKernel_P1<aiter::MoeSortingProblemMp<int, float, unsigned char, 16, true, true, true> >, aiter::MoeSortingMultiPhaseKernel_P1<aiter::MoeSortingProblemMp<int, float, unsigned char, 16, true, true, true> >::Kargs>(aiter::MoeSortingMultiPhaseKernel_P1<aiter::MoeSortingProblemMp<int, float, unsigned char, 16, true, true, true> >::Kargs)",877,462443473621055,462443473625335,512,0,12,0,32,256,1,1,229632,1,1
"KERNEL_DISPATCH","Agent 2",1,0,120312,878,6381,"void aiter::opus_moe_sorting_entry<aiter::MoeSortingMultiPhaseKernel_P23<aiter::MoeSortingProblemMp<int, float, unsigned char, 16, true, true, true> >, aiter::MoeSortingMultiPhaseKernel_P23<aiter::MoeSortingProblemMp<int, float, unsigned char, 16, true, true, true> >::Kargs>(aiter::MoeSortingMultiPhaseKernel_P23<aiter::MoeSortingProblemMp<int, float, unsigned char, 16, true, true, true> >::Kargs)",878,462443473625278,462443473636678,0,0,32,0,80,256,1,1,360704,1,1
"KERNEL_DISPATCH","Agent 2",1,0,120312,879,6720,"void aiter::mxfp4_moe_sort_kernel<256, 32, 16, 32>(unsigned char*, unsigned char*, int const*, int const*, int, int, int, int, int)",879,462443473636735,462443473641135,4608,0,32,0,112,256,1,1,721408,1,1
"KERNEL_DISPATCH","Agent 2",1,0,120312,880,6762,"mfma_moe1_silu_mul_afp4_wfp4_bf16_t64x128x256_pm1_async_v32",880,462443473641135,462443473784937,41472,0,100,0,112,256,1,1,6144,1408,1
"KERNEL_DISPATCH","Agent 2",1,0,120312,881,6540,"void aiter::dynamic_per_group_scaled_quant_kernel<std::bfloat16_t, opus::fp4_t, 32, 32, false, 64, true>(opus::fp4_t*, float*, std::bfloat16_t const*, float const*, long, int, int, long, int const*, int)",881,462443473784937,462443473826497,0,0,32,0,48,64,1,1,3145728,1,1
"KERNEL_DISPATCH","Agent 2",1,0,120312,882,6720,"void aiter::mxfp4_moe_sort_kernel<256, 32, 16, 32>(unsigned char*, unsigned char*, int const*, int const*, int, int, int, int, int)",882,462443473826415,462443473830895,4608,0,32,0,112,256,1,1,721408,1,1
"KERNEL_DISPATCH","Agent 2",1,0,120312,883,6763,"mfma_moe2_afp4_wfp4_bf16_cshuffle_t64x128x256_vscale_fix3_fp4opt_v1_persist_cu256",883,462443473830977,462443473906898,33280,0,84,0,112,256,1,1,7168,256,1
"KERNEL_DISPATCH","Agent 2",1,0,120312,884,6310,"EpCombineSync_bf16",884,462443473912738,462443473921538,0,64,48,0,96,256,1,1,65536,1,1
"KERNEL_DISPATCH","Agent 2",1,0,120312,885,6318,"EpCombineSyncBarrier_bf16",885,462443473921538,462443474160420,0,64,28,0,48,64,1,1,64,1,1
"KERNEL_DISPATCH","Agent 2",1,0,120312,886,6304,"EpCombineInterNodeV1KernelLowLatency_bf16",886,462443474160420,462443474245861,0,1024,64,0,112,256,1,1,65536,1,1
"KERNEL_DISPATCH","Agent 2",1,0,120312,887,6308,"EpCombineAll_bf16",887,462443474245861,462443474254421,0,64,44,0,112,256,1,1,65536,1,1
"KERNEL_DISPATCH","Agent 2",1,0,120312,888,6312,"EpDispatchCopyToStaging_fp4",888,462443474260181,462443474266461,0,64,32,0,64,512,1,1,131072,1,1
"KERNEL_DISPATCH","Agent 2",1,0,120312,889,6325,"EpDispatchInterNodeV1KernelLowLatency_fp4",889,462443474266461,462443474377982,0,64,40,0,112,512,1,1,131072,1,1
"KERNEL_DISPATCH","Agent 2",1,0,120312,890,6379,"void aiter::opus_moe_sorting_entry<aiter::MoeSortingClearWorkspaceKernel<aiter::MoeSortingClearWorkspaceProblem<true, 1024, 1> >, aiter::MoeSortingClearWorkspaceKernel<aiter::MoeSortingClearWorkspaceProblem<true, 1024, 1> >::Kargs>(aiter::MoeSortingClearWorkspaceKernel<aiter::MoeSortingClearWorkspaceProblem<true, 1024, 1> >::Kargs)",890,462443474383382,462443474387502,0,0,4,0,16,1024,1,1,262144,1,1
"KERNEL_DISPATCH","Agent 2",1,0,120312,891,6400,"void aiter::opus_moe_sorting_entry<aiter::MoeSortingMultiPhaseKernel_P0_v1<aiter::MoeSortingProblemMp<int, float, unsigned char, 4, true, true, true> >, aiter::MoeSortingMultiPhaseKernel_P0_v1<aiter::MoeSortingProblemMp<int, float, unsigned char, 4, true, true, true> >::Kargs>(aiter::MoeSortingMultiPhaseKernel_P0_v1<aiter::MoeSortingProblemMp<int, float, unsigned char, 4, true, true, true> >::Kargs)",891,462443474387502,462443474392022,0,0,16,0,48,256,1,1,131072,1,1
"KERNEL_DISPATCH","Agent 2",1,0,120312,892,6360,"void aiter::opus_moe_sorting_entry<aiter::MoeSortingMultiPhaseKernel_P1<aiter::MoeSortingProblemMp<int, float, unsigned char, 16, true, true, true> >, aiter::MoeSortingMultiPhaseKernel_P1<aiter::MoeSortingProblemMp<int, float, unsigned char, 16, true, true, true> >::Kargs>(aiter::MoeSortingMultiPhaseKernel_P1<aiter::MoeSortingProblemMp<int, float, unsigned char, 16, true, true, true> >::Kargs)",892,462443474392022,462443474396222,512,0,12,0,32,256,1,1,229632,1,1
"KERNEL_DISPATCH","Agent 2",1,0,120312,893,6381,"void aiter::opus_moe_sorting_entry<aiter::MoeSortingMultiPhaseKernel_P23<aiter::MoeSortingProblemMp<int, float, unsigned char, 16, true, true, true> >, aiter::MoeSortingMultiPhaseKernel_P23<aiter::MoeSortingProblemMp<int, float, unsigned char, 16, true, true, true> >::Kargs>(aiter::MoeSortingMultiPhaseKernel_P23<aiter::MoeSortingProblemMp<int, float, unsigned char, 16, true, true, true> >::Kargs)",893,462443474396222,462443474407583,0,0,32,0,80,256,1,1,360704,1,1
"KERNEL_DISPATCH","Agent 2",1,0,120312,894,6720,"void aiter::mxfp4_moe_sort_kernel<256, 32, 16, 32>(unsigned char*, unsigned char*, int const*, int const*, int, int, int, int, int)",894,462443474407566,462443474412006,4608,0,32,0,112,256,1,1,721408,1,1
"KERNEL_DISPATCH","Agent 2",1,0,120312,895,6762,"mfma_moe1_silu_mul_afp4_wfp4_bf16_t64x128x256_pm1_async_v32",895,462443474412023,462443474555384,41472,0,100,0,112,256,1,1,6144,1408,1
"KERNEL_DISPATCH","Agent 2",1,0,120312,896,6540,"void aiter::dynamic_per_group_scaled_quant_kernel<std::bfloat16_t, opus::fp4_t, 32, 32, false, 64, true>(opus::fp4_t*, float*, std::bfloat16_t const*, float const*, long, int, int, long, int const*, int)",896,462443474555384,462443474599824,0,0,32,0,48,64,1,1,3145728,1,1
"KERNEL_DISPATCH","Agent 2",1,0,120312,897,6720,"void aiter::mxfp4_moe_sort_kernel<256, 32, 16, 32>(unsigned char*, unsigned char*, int const*, int const*, int, int, int, int, int)",897,462443474599824,462443474604345,4608,0,32,0,112,256,1,1,721408,1,1
"KERNEL_DISPATCH","Agent 2",1,0,120312,898,6763,"mfma_moe2_afp4_wfp4_bf16_cshuffle_t64x128x256_vscale_fix3_fp4opt_v1_persist_cu256",898,462443474604345,462443474681385,33280,0,84,0,112,256,1,1,7168,256,1
"KERNEL_DISPATCH","Agent 2",1,0,120312,899,6310,"EpCombineSync_bf16",899,462443474687225,462443474696105,0,64,48,0,96,256,1,1,65536,1,1
"KERNEL_DISPATCH","Agent 2",1,0,120312,900,6318,"EpCombineSyncBarrier_bf16",900,462443474696105,462443474946028,0,64,28,0,48,64,1,1,64,1,1
"KERNEL_DISPATCH","Agent 2",1,0,120312,901,6304,"EpCombineInterNodeV1KernelLowLatency_bf16",901,462443474946028,462443475031589,0,1024,64,0,112,256,1,1,65536,1,1
"KERNEL_DISPATCH","Agent 2",1,0,120312,902,6308,"EpCombineAll_bf16",902,462443475031589,462443475039869,0,64,44,0,112,256,1,1,65536,1,1
"KERNEL_DISPATCH","Agent 2",1,0,120312,903,6312,"EpDispatchCopyToStaging_fp4",903,462443475046149,462443475052429,0,64,32,0,64,512,1,1,131072,1,1
"KERNEL_DISPATCH","Agent 2",1,0,120312,904,6325,"EpDispatchInterNodeV1KernelLowLatency_fp4",904,462443475052429,462443475163310,0,64,40,0,112,512,1,1,131072,1,1
"KERNEL_DISPATCH","Agent 2",1,0,120312,905,6379,"void aiter::opus_moe_sorting_entry<aiter::MoeSortingClearWorkspaceKernel<aiter::MoeSortingClearWorkspaceProblem<true, 1024, 1> >, aiter::MoeSortingClearWorkspaceKernel<aiter::MoeSortingClearWorkspaceProblem<true, 1024, 1> >::Kargs>(aiter::MoeSortingClearWorkspaceKernel<aiter::MoeSortingClearWorkspaceProblem<true, 1024, 1> >::Kargs)",905,462443475168590,462443475172790,0,0,4,0,16,1024,1,1,262144,1,1
"KERNEL_DISPATCH","Agent 2",1,0,120312,906,6400,"void aiter::opus_moe_sorting_entry<aiter::MoeSortingMultiPhaseKernel_P0_v1<aiter::MoeSortingProblemMp<int, float, unsigned char, 4, true, true, true> >, aiter::MoeSortingMultiPhaseKernel_P0_v1<aiter::MoeSortingProblemMp<int, float, unsigned char, 4, true, true, true> >::Kargs>(aiter::MoeSortingMultiPhaseKernel_P0_v1<aiter::MoeSortingProblemMp<int, float, unsigned char, 4, true, true, true> >::Kargs)",906,462443475172790,462443475177350,0,0,16,0,48,256,1,1,131072,1,1
"KERNEL_DISPATCH","Agent 2",1,0,120312,907,6360,"void aiter::opus_moe_sorting_entry<aiter::MoeSortingMultiPhaseKernel_P1<aiter::MoeSortingProblemMp<int, float, unsigned char, 16, true, true, true> >, aiter::MoeSortingMultiPhaseKernel_P1<aiter::MoeSortingProblemMp<int, float, unsigned char, 16, true, true, true> >::Kargs>(aiter::MoeSortingMultiPhaseKernel_P1<aiter::MoeSortingProblemMp<int, float, unsigned char, 16, true, true, true> >::Kargs)",907,462443475177350,462443475181630,512,0,12,0,32,256,1,1,229632,1,1
"KERNEL_DISPATCH","Agent 2",1,0,120312,908,6381,"void aiter::opus_moe_sorting_entry<aiter::MoeSortingMultiPhaseKernel_P23<aiter::MoeSortingProblemMp<int, float, unsigned char, 16, true, true, true> >, aiter::MoeSortingMultiPhaseKernel_P23<aiter::MoeSortingProblemMp<int, float, unsigned char, 16, true, true, true> >::Kargs>(aiter::MoeSortingMultiPhaseKernel_P23<aiter::MoeSortingProblemMp<int, float, unsigned char, 16, true, true, true> >::Kargs)",908,462443475181630,462443475193190,0,0,32,0,80,256,1,1,360704,1,1
"KERNEL_DISPATCH","Agent 2",1,0,120312,909,6720,"void aiter::mxfp4_moe_sort_kernel<256, 32, 16, 32>(unsigned char*, unsigned char*, int const*, int const*, int, int, int, int, int)",909,462443475193190,462443475197590,4608,0,32,0,112,256,1,1,721408,1,1
"KERNEL_DISPATCH","Agent 2",1,0,120312,910,6762,"mfma_moe1_silu_mul_afp4_wfp4_bf16_t64x128x256_pm1_async_v32",910,462443475197590,462443475343232,41472,0,100,0,112,256,1,1,6144,1408,1
"KERNEL_DISPATCH","Agent 2",1,0,120312,911,6540,"void aiter::dynamic_per_group_scaled_quant_kernel<std::bfloat16_t, opus::fp4_t, 32, 32, false, 64, true>(opus::fp4_t*, float*, std::bfloat16_t const*, float const*, long, int, int, long, int const*, int)",911,462443475343232,462443475385312,0,0,32,0,48,64,1,1,3145728,1,1
"KERNEL_DISPATCH","Agent 2",1,0,120312,912,6720,"void aiter::mxfp4_moe_sort_kernel<256, 32, 16, 32>(unsigned char*, unsigned char*, int const*, int const*, int, int, int, int, int)",912,462443475385312,462443475389792,4608,0,32,0,112,256,1,1,721408,1,1
"KERNEL_DISPATCH","Agent 2",1,0,120312,913,6763,"mfma_moe2_afp4_wfp4_bf16_cshuffle_t64x128x256_vscale_fix3_fp4opt_v1_persist_cu256",913,462443475389792,462443475466113,33280,0,84,0,112,256,1,1,7168,256,1
"KERNEL_DISPATCH","Agent 2",1,0,120312,914,6310,"EpCombineSync_bf16",914,462443475472233,462443475481633,0,64,48,0,96,256,1,1,65536,1,1
"KERNEL_DISPATCH","Agent 2",1,0,120312,915,6318,"EpCombineSyncBarrier_bf16",915,462443475481633,462443475727435,0,64,28,0,48,64,1,1,64,1,1
"KERNEL_DISPATCH","Agent 2",1,0,120312,916,6304,"EpCombineInterNodeV1KernelLowLatency_bf16",916,462443475727435,462443475813636,0,1024,64,0,112,256,1,1,65536,1,1
"KERNEL_DISPATCH","Agent 2",1,0,120312,917,6308,"EpCombineAll_bf16",917,462443475813636,462443475821756,0,64,44,0,112,256,1,1,65536,1,1
"KERNEL_DISPATCH","Agent 2",1,0,120312,918,6312,"EpDispatchCopyToStaging_fp4",918,462443475827396,462443475833597,0,64,32,0,64,512,1,1,131072,1,1
"KERNEL_DISPATCH","Agent 2",1,0,120312,919,6325,"EpDispatchInterNodeV1KernelLowLatency_fp4",919,462443475833597,462443475945638,0,64,40,0,112,512,1,1,131072,1,1
"KERNEL_DISPATCH","Agent 2",1,0,120312,920,6379,"void aiter::opus_moe_sorting_entry<aiter::MoeSortingClearWorkspaceKernel<aiter::MoeSortingClearWorkspaceProblem<true, 1024, 1> >, aiter::MoeSortingClearWorkspaceKernel<aiter::MoeSortingClearWorkspaceProblem<true, 1024, 1> >::Kargs>(aiter::MoeSortingClearWorkspaceKernel<aiter::MoeSortingClearWorkspaceProblem<true, 1024, 1> >::Kargs)",920,462443475955558,462443475959718,0,0,4,0,16,1024,1,1,262144,1,1
"KERNEL_DISPATCH","Agent 2",1,0,120312,921,6400,"void aiter::opus_moe_sorting_entry<aiter::MoeSortingMultiPhaseKernel_P0_v1<aiter::MoeSortingProblemMp<int, float, unsigned char, 4, true, true, true> >, aiter::MoeSortingMultiPhaseKernel_P0_v1<aiter::MoeSortingProblemMp<int, float, unsigned char, 4, true, true, true> >::Kargs>(aiter::MoeSortingMultiPhaseKernel_P0_v1<aiter::MoeSortingProblemMp<int, float, unsigned char, 4, true, true, true> >::Kargs)",921,462443475959718,462443475964238,0,0,16,0,48,256,1,1,131072,1,1
"KERNEL_DISPATCH","Agent 2",1,0,120312,922,6360,"void aiter::opus_moe_sorting_entry<aiter::MoeSortingMultiPhaseKernel_P1<aiter::MoeSortingProblemMp<int, float, unsigned char, 16, true, true, true> >, aiter::MoeSortingMultiPhaseKernel_P1<aiter::MoeSortingProblemMp<int, float, unsigned char, 16, true, true, true> >::Kargs>(aiter::MoeSortingMultiPhaseKernel_P1<aiter::MoeSortingProblemMp<int, float, unsigned char, 16, true, true, true> >::Kargs)",922,462443475964238,462443475968438,512,0,12,0,32,256,1,1,229632,1,1
"KERNEL_DISPATCH","Agent 2",1,0,120312,923,6381,"void aiter::opus_moe_sorting_entry<aiter::MoeSortingMultiPhaseKernel_P23<aiter::MoeSortingProblemMp<int, float, unsigned char, 16, true, true, true> >, aiter::MoeSortingMultiPhaseKernel_P23<aiter::MoeSortingProblemMp<int, float, unsigned char, 16, true, true, true> >::Kargs>(aiter::MoeSortingMultiPhaseKernel_P23<aiter::MoeSortingProblemMp<int, float, unsigned char, 16, true, true, true> >::Kargs)",923,462443475968438,462443475979678,0,0,32,0,80,256,1,1,360704,1,1
"KERNEL_DISPATCH","Agent 2",1,0,120312,924,6720,"void aiter::mxfp4_moe_sort_kernel<256, 32, 16, 32>(unsigned char*, unsigned char*, int const*, int const*, int, int, int, int, int)",924,462443475979678,462443475984038,4608,0,32,0,112,256,1,1,721408,1,1
"KERNEL_DISPATCH","Agent 2",1,0,120312,925,6762,"mfma_moe1_silu_mul_afp4_wfp4_bf16_t64x128x256_pm1_async_v32",925,462443475984038,462443476128599,41472,0,100,0,112,256,1,1,6144,1408,1
"KERNEL_DISPATCH","Agent 2",1,0,120312,926,6540,"void aiter::dynamic_per_group_scaled_quant_kernel<std::bfloat16_t, opus::fp4_t, 32, 32, false, 64, true>(opus::fp4_t*, float*, std::bfloat16_t const*, float const*, long, int, int, long, int const*, int)",926,462443476128599,462443476170840,0,0,32,0,48,64,1,1,3145728,1,1
"KERNEL_DISPATCH","Agent 2",1,0,120312,927,6720,"void aiter::mxfp4_moe_sort_kernel<256, 32, 16, 32>(unsigned char*, unsigned char*, int const*, int const*, int, int, int, int, int)",927,462443476170840,462443476175280,4608,0,32,0,112,256,1,1,721408,1,1
"KERNEL_DISPATCH","Agent 2",1,0,120312,928,6763,"mfma_moe2_afp4_wfp4_bf16_cshuffle_t64x128x256_vscale_fix3_fp4opt_v1_persist_cu256",928,462443476175280,462443476251641,33280,0,84,0,112,256,1,1,7168,256,1
"KERNEL_DISPATCH","Agent 2",1,0,120312,929,6310,"EpCombineSync_bf16",929,462443476257441,462443476266481,0,64,48,0,96,256,1,1,65536,1,1
"KERNEL_DISPATCH","Agent 2",1,0,120312,930,6318,"EpCombineSyncBarrier_bf16",930,462443476266481,462443476675845,0,64,28,0,48,64,1,1,64,1,1
"KERNEL_DISPATCH","Agent 2",1,0,120312,931,6304,"EpCombineInterNodeV1KernelLowLatency_bf16",931,462443476675845,462443476762366,0,1024,64,0,112,256,1,1,65536,1,1
"KERNEL_DISPATCH","Agent 2",1,0,120312,932,6308,"EpCombineAll_bf16",932,462443476762366,462443476770286,0,64,44,0,112,256,1,1,65536,1,1
"KERNEL_DISPATCH","Agent 2",1,0,120312,933,6312,"EpDispatchCopyToStaging_fp4",933,462443476776566,462443476782726,0,64,32,0,64,512,1,1,131072,1,1
"KERNEL_DISPATCH","Agent 2",1,0,120312,934,6325,"EpDispatchInterNodeV1KernelLowLatency_fp4",934,462443476782726,462443476895767,0,64,40,0,112,512,1,1,131072,1,1
"KERNEL_DISPATCH","Agent 2",1,0,120312,935,6379,"void aiter::opus_moe_sorting_entry<aiter::MoeSortingClearWorkspaceKernel<aiter::MoeSortingClearWorkspaceProblem<true, 1024, 1> >, aiter::MoeSortingClearWorkspaceKernel<aiter::MoeSortingClearWorkspaceProblem<true, 1024, 1> >::Kargs>(aiter::MoeSortingClearWorkspaceKernel<aiter::MoeSortingClearWorkspaceProblem<true, 1024, 1> >::Kargs)",935,462443476901207,462443476905407,0,0,4,0,16,1024,1,1,262144,1,1
"KERNEL_DISPATCH","Agent 2",1,0,120312,936,6400,"void aiter::opus_moe_sorting_entry<aiter::MoeSortingMultiPhaseKernel_P0_v1<aiter::MoeSortingProblemMp<int, float, unsigned char, 4, true, true, true> >, aiter::MoeSortingMultiPhaseKernel_P0_v1<aiter::MoeSortingProblemMp<int, float, unsigned char, 4, true, true, true> >::Kargs>(aiter::MoeSortingMultiPhaseKernel_P0_v1<aiter::MoeSortingProblemMp<int, float, unsigned char, 4, true, true, true> >::Kargs)",936,462443476905407,462443476909807,0,0,16,0,48,256,1,1,131072,1,1
"KERNEL_DISPATCH","Agent 2",1,0,120312,937,6360,"void aiter::opus_moe_sorting_entry<aiter::MoeSortingMultiPhaseKernel_P1<aiter::MoeSortingProblemMp<int, float, unsigned char, 16, true, true, true> >, aiter::MoeSortingMultiPhaseKernel_P1<aiter::MoeSortingProblemMp<int, float, unsigned char, 16, true, true, true> >::Kargs>(aiter::MoeSortingMultiPhaseKernel_P1<aiter::MoeSortingProblemMp<int, float, unsigned char, 16, true, true, true> >::Kargs)",937,462443476909807,462443476914167,512,0,12,0,32,256,1,1,229632,1,1
"KERNEL_DISPATCH","Agent 2",1,0,120312,938,6381,"void aiter::opus_moe_sorting_entry<aiter::MoeSortingMultiPhaseKernel_P23<aiter::MoeSortingProblemMp<int, float, unsigned char, 16, true, true, true> >, aiter::MoeSortingMultiPhaseKernel_P23<aiter::MoeSortingProblemMp<int, float, unsigned char, 16, true, true, true> >::Kargs>(aiter::MoeSortingMultiPhaseKernel_P23<aiter::MoeSortingProblemMp<int, float, unsigned char, 16, true, true, true> >::Kargs)",938,462443476914167,462443476925327,0,0,32,0,80,256,1,1,360704,1,1
"KERNEL_DISPATCH","Agent 2",1,0,120312,939,6720,"void aiter::mxfp4_moe_sort_kernel<256, 32, 16, 32>(unsigned char*, unsigned char*, int const*, int const*, int, int, int, int, int)",939,462443476925327,462443476929727,4608,0,32,0,112,256,1,1,721408,1,1
"KERNEL_DISPATCH","Agent 2",1,0,120312,940,6762,"mfma_moe1_silu_mul_afp4_wfp4_bf16_t64x128x256_pm1_async_v32",940,462443476929727,462443477073889,41472,0,100,0,112,256,1,1,6144,1408,1
"KERNEL_DISPATCH","Agent 2",1,0,120312,941,6540,"void aiter::dynamic_per_group_scaled_quant_kernel<std::bfloat16_t, opus::fp4_t, 32, 32, false, 64, true>(opus::fp4_t*, float*, std::bfloat16_t const*, float const*, long, int, int, long, int const*, int)",941,462443477073889,462443477116089,0,0,32,0,48,64,1,1,3145728,1,1
"KERNEL_DISPATCH","Agent 2",1,0,120312,942,6720,"void aiter::mxfp4_moe_sort_kernel<256, 32, 16, 32>(unsigned char*, unsigned char*, int const*, int const*, int, int, int, int, int)",942,462443477116089,462443477120529,4608,0,32,0,112,256,1,1,721408,1,1
"KERNEL_DISPATCH","Agent 2",1,0,120312,943,6763,"mfma_moe2_afp4_wfp4_bf16_cshuffle_t64x128x256_vscale_fix3_fp4opt_v1_persist_cu256",943,462443477120529,462443477195770,33280,0,84,0,112,256,1,1,7168,256,1
"KERNEL_DISPATCH","Agent 2",1,0,120312,944,6310,"EpCombineSync_bf16",944,462443477201500,462443477210300,0,64,48,0,96,256,1,1,65536,1,1
"KERNEL_DISPATCH","Agent 2",1,0,120312,945,6318,"EpCombineSyncBarrier_bf16",945,462443477210330,462443477521293,0,64,28,0,48,64,1,1,64,1,1
"KERNEL_DISPATCH","Agent 2",1,0,120312,946,6304,"EpCombineInterNodeV1KernelLowLatency_bf16",946,462443477521293,462443477607094,0,1024,64,0,112,256,1,1,65536,1,1
"KERNEL_DISPATCH","Agent 2",1,0,120312,947,6308,"EpCombineAll_bf16",947,462443477607094,462443477615454,0,64,44,0,112,256,1,1,65536,1,1
"KERNEL_DISPATCH","Agent 2",1,0,120312,948,6312,"EpDispatchCopyToStaging_fp4",948,462443477621254,462443477627614,0,64,32,0,64,512,1,1,131072,1,1
"KERNEL_DISPATCH","Agent 2",1,0,120312,949,6325,"EpDispatchInterNodeV1KernelLowLatency_fp4",949,462443477627614,462443477740135,0,64,40,0,112,512,1,1,131072,1,1
"KERNEL_DISPATCH","Agent 2",1,0,120312,950,6379,"void aiter::opus_moe_sorting_entry<aiter::MoeSortingClearWorkspaceKernel<aiter::MoeSortingClearWorkspaceProblem<true, 1024, 1> >, aiter::MoeSortingClearWorkspaceKernel<aiter::MoeSortingClearWorkspaceProblem<true, 1024, 1> >::Kargs>(aiter::MoeSortingClearWorkspaceKernel<aiter::MoeSortingClearWorkspaceProblem<true, 1024, 1> >::Kargs)",950,462443477745695,462443477749815,0,0,4,0,16,1024,1,1,262144,1,1
"KERNEL_DISPATCH","Agent 2",1,0,120312,951,6400,"void aiter::opus_moe_sorting_entry<aiter::MoeSortingMultiPhaseKernel_P0_v1<aiter::MoeSortingProblemMp<int, float, unsigned char, 4, true, true, true> >, aiter::MoeSortingMultiPhaseKernel_P0_v1<aiter::MoeSortingProblemMp<int, float, unsigned char, 4, true, true, true> >::Kargs>(aiter::MoeSortingMultiPhaseKernel_P0_v1<aiter::MoeSortingProblemMp<int, float, unsigned char, 4, true, true, true> >::Kargs)",951,462443477749815,462443477754295,0,0,16,0,48,256,1,1,131072,1,1
"KERNEL_DISPATCH","Agent 2",1,0,120312,952,6360,"void aiter::opus_moe_sorting_entry<aiter::MoeSortingMultiPhaseKernel_P1<aiter::MoeSortingProblemMp<int, float, unsigned char, 16, true, true, true> >, aiter::MoeSortingMultiPhaseKernel_P1<aiter::MoeSortingProblemMp<int, float, unsigned char, 16, true, true, true> >::Kargs>(aiter::MoeSortingMultiPhaseKernel_P1<aiter::MoeSortingProblemMp<int, float, unsigned char, 16, true, true, true> >::Kargs)",952,462443477754295,462443477758575,512,0,12,0,32,256,1,1,229632,1,1
"KERNEL_DISPATCH","Agent 2",1,0,120312,953,6381,"void aiter::opus_moe_sorting_entry<aiter::MoeSortingMultiPhaseKernel_P23<aiter::MoeSortingProblemMp<int, float, unsigned char, 16, true, true, true> >, aiter::MoeSortingMultiPhaseKernel_P23<aiter::MoeSortingProblemMp<int, float, unsigned char, 16, true, true, true> >::Kargs>(aiter::MoeSortingMultiPhaseKernel_P23<aiter::MoeSortingProblemMp<int, float, unsigned char, 16, true, true, true> >::Kargs)",953,462443477758541,462443477769821,0,0,32,0,80,256,1,1,360704,1,1
"KERNEL_DISPATCH","Agent 2",1,0,120312,954,6720,"void aiter::mxfp4_moe_sort_kernel<256, 32, 16, 32>(unsigned char*, unsigned char*, int const*, int const*, int, int, int, int, int)",954,462443477769855,462443477774255,4608,0,32,0,112,256,1,1,721408,1,1
"KERNEL_DISPATCH","Agent 2",1,0,120312,955,6762,"mfma_moe1_silu_mul_afp4_wfp4_bf16_t64x128x256_pm1_async_v32",955,462443477774255,462443477918617,41472,0,100,0,112,256,1,1,6144,1408,1
"KERNEL_DISPATCH","Agent 2",1,0,120312,956,6540,"void aiter::dynamic_per_group_scaled_quant_kernel<std::bfloat16_t, opus::fp4_t, 32, 32, false, 64, true>(opus::fp4_t*, float*, std::bfloat16_t const*, float const*, long, int, int, long, int const*, int)",956,462443477918617,462443477959777,0,0,32,0,48,64,1,1,3145728,1,1
"KERNEL_DISPATCH","Agent 2",1,0,120312,957,6720,"void aiter::mxfp4_moe_sort_kernel<256, 32, 16, 32>(unsigned char*, unsigned char*, int const*, int const*, int, int, int, int, int)",957,462443477959777,462443477964177,4608,0,32,0,112,256,1,1,721408,1,1
"KERNEL_DISPATCH","Agent 2",1,0,120312,958,6763,"mfma_moe2_afp4_wfp4_bf16_cshuffle_t64x128x256_vscale_fix3_fp4opt_v1_persist_cu256",958,462443477964177,462443478040578,33280,0,84,0,112,256,1,1,7168,256,1
"KERNEL_DISPATCH","Agent 2",1,0,120312,959,6310,"EpCombineSync_bf16",959,462443478046418,462443478055258,0,64,48,0,96,256,1,1,65536,1,1
"KERNEL_DISPATCH","Agent 2",1,0,120312,960,6318,"EpCombineSyncBarrier_bf16",960,462443478055258,462443478353741,0,64,28,0,48,64,1,1,64,1,1
"KERNEL_DISPATCH","Agent 2",1,0,120312,961,6304,"EpCombineInterNodeV1KernelLowLatency_bf16",961,462443478353741,462443478438782,0,1024,64,0,112,256,1,1,65536,1,1
"KERNEL_DISPATCH","Agent 2",1,0,120312,962,6308,"EpCombineAll_bf16",962,462443478438782,462443478447022,0,64,44,0,112,256,1,1,65536,1,1
"KERNEL_DISPATCH","Agent 2",1,0,120312,963,6312,"EpDispatchCopyToStaging_fp4",963,462443478453462,462443478459742,0,64,32,0,64,512,1,1,131072,1,1
"KERNEL_DISPATCH","Agent 2",1,0,120312,964,6325,"EpDispatchInterNodeV1KernelLowLatency_fp4",964,462443478459742,462443478569623,0,64,40,0,112,512,1,1,131072,1,1
"KERNEL_DISPATCH","Agent 2",1,0,120312,965,6379,"void aiter::opus_moe_sorting_entry<aiter::MoeSortingClearWorkspaceKernel<aiter::MoeSortingClearWorkspaceProblem<true, 1024, 1> >, aiter::MoeSortingClearWorkspaceKernel<aiter::MoeSortingClearWorkspaceProblem<true, 1024, 1> >::Kargs>(aiter::MoeSortingClearWorkspaceKernel<aiter::MoeSortingClearWorkspaceProblem<true, 1024, 1> >::Kargs)",965,462443478574903,462443478578823,0,0,4,0,16,1024,1,1,262144,1,1
"KERNEL_DISPATCH","Agent 2",1,0,120312,966,6400,"void aiter::opus_moe_sorting_entry<aiter::MoeSortingMultiPhaseKernel_P0_v1<aiter::MoeSortingProblemMp<int, float, unsigned char, 4, true, true, true> >, aiter::MoeSortingMultiPhaseKernel_P0_v1<aiter::MoeSortingProblemMp<int, float, unsigned char, 4, true, true, true> >::Kargs>(aiter::MoeSortingMultiPhaseKernel_P0_v1<aiter::MoeSortingProblemMp<int, float, unsigned char, 4, true, true, true> >::Kargs)",966,462443478578823,462443478583263,0,0,16,0,48,256,1,1,131072,1,1
"KERNEL_DISPATCH","Agent 2",1,0,120312,967,6360,"void aiter::opus_moe_sorting_entry<aiter::MoeSortingMultiPhaseKernel_P1<aiter::MoeSortingProblemMp<int, float, unsigned char, 16, true, true, true> >, aiter::MoeSortingMultiPhaseKernel_P1<aiter::MoeSortingProblemMp<int, float, unsigned char, 16, true, true, true> >::Kargs>(aiter::MoeSortingMultiPhaseKernel_P1<aiter::MoeSortingProblemMp<int, float, unsigned char, 16, true, true, true> >::Kargs)",967,462443478583263,462443478587463,512,0,12,0,32,256,1,1,229632,1,1
"KERNEL_DISPATCH","Agent 2",1,0,120312,968,6381,"void aiter::opus_moe_sorting_entry<aiter::MoeSortingMultiPhaseKernel_P23<aiter::MoeSortingProblemMp<int, float, unsigned char, 16, true, true, true> >, aiter::MoeSortingMultiPhaseKernel_P23<aiter::MoeSortingProblemMp<int, float, unsigned char, 16, true, true, true> >::Kargs>(aiter::MoeSortingMultiPhaseKernel_P23<aiter::MoeSortingProblemMp<int, float, unsigned char, 16, true, true, true> >::Kargs)",968,462443478587463,462443478599024,0,0,32,0,80,256,1,1,360704,1,1
"KERNEL_DISPATCH","Agent 2",1,0,120312,969,6720,"void aiter::mxfp4_moe_sort_kernel<256, 32, 16, 32>(unsigned char*, unsigned char*, int const*, int const*, int, int, int, int, int)",969,462443478599024,462443478603584,4608,0,32,0,112,256,1,1,721408,1,1
"KERNEL_DISPATCH","Agent 2",1,0,120312,970,6762,"mfma_moe1_silu_mul_afp4_wfp4_bf16_t64x128x256_pm1_async_v32",970,462443478603584,462443478746945,41472,0,100,0,112,256,1,1,6144,1408,1
"KERNEL_DISPATCH","Agent 2",1,0,120312,971,6540,"void aiter::dynamic_per_group_scaled_quant_kernel<std::bfloat16_t, opus::fp4_t, 32, 32, false, 64, true>(opus::fp4_t*, float*, std::bfloat16_t const*, float const*, long, int, int, long, int const*, int)",971,462443478746945,462443478788105,0,0,32,0,48,64,1,1,3145728,1,1
"KERNEL_DISPATCH","Agent 2",1,0,120312,972,6720,"void aiter::mxfp4_moe_sort_kernel<256, 32, 16, 32>(unsigned char*, unsigned char*, int const*, int const*, int, int, int, int, int)",972,462443478788105,462443478792585,4608,0,32,0,112,256,1,1,721408,1,1
"KERNEL_DISPATCH","Agent 2",1,0,120312,973,6763,"mfma_moe2_afp4_wfp4_bf16_cshuffle_t64x128x256_vscale_fix3_fp4opt_v1_persist_cu256",973,462443478792585,462443478867946,33280,0,84,0,112,256,1,1,7168,256,1
"KERNEL_DISPATCH","Agent 2",1,0,120312,974,6310,"EpCombineSync_bf16",974,462443478873706,462443478882426,0,64,48,0,96,256,1,1,65536,1,1
"KERNEL_DISPATCH","Agent 2",1,0,120312,975,6318,"EpCombineSyncBarrier_bf16",975,462443478882426,462443479160109,0,64,28,0,48,64,1,1,64,1,1
"KERNEL_DISPATCH","Agent 2",1,0,120312,976,6304,"EpCombineInterNodeV1KernelLowLatency_bf16",976,462443479160109,462443479244990,0,1024,64,0,112,256,1,1,65536,1,1
"KERNEL_DISPATCH","Agent 2",1,0,120312,977,6308,"EpCombineAll_bf16",977,462443479244990,462443479253430,0,64,44,0,112,256,1,1,65536,1,1
"KERNEL_DISPATCH","Agent 2",1,0,120312,978,6312,"EpDispatchCopyToStaging_fp4",978,462443479259230,462443479265550,0,64,32,0,64,512,1,1,131072,1,1
"KERNEL_DISPATCH","Agent 2",1,0,120312,979,6325,"EpDispatchInterNodeV1KernelLowLatency_fp4",979,462443479265550,462443479377351,0,64,40,0,112,512,1,1,131072,1,1
"KERNEL_DISPATCH","Agent 2",1,0,120312,980,6379,"void aiter::opus_moe_sorting_entry<aiter::MoeSortingClearWorkspaceKernel<aiter::MoeSortingClearWorkspaceProblem<true, 1024, 1> >, aiter::MoeSortingClearWorkspaceKernel<aiter::MoeSortingClearWorkspaceProblem<true, 1024, 1> >::Kargs>(aiter::MoeSortingClearWorkspaceKernel<aiter::MoeSortingClearWorkspaceProblem<true, 1024, 1> >::Kargs)",980,462443479382791,462443479386871,0,0,4,0,16,1024,1,1,262144,1,1
"KERNEL_DISPATCH","Agent 2",1,0,120312,981,6400,"void aiter::opus_moe_sorting_entry<aiter::MoeSortingMultiPhaseKernel_P0_v1<aiter::MoeSortingProblemMp<int, float, unsigned char, 4, true, true, true> >, aiter::MoeSortingMultiPhaseKernel_P0_v1<aiter::MoeSortingProblemMp<int, float, unsigned char, 4, true, true, true> >::Kargs>(aiter::MoeSortingMultiPhaseKernel_P0_v1<aiter::MoeSortingProblemMp<int, float, unsigned char, 4, true, true, true> >::Kargs)",981,462443479386871,462443479391511,0,0,16,0,48,256,1,1,131072,1,1
"KERNEL_DISPATCH","Agent 2",1,0,120312,982,6360,"void aiter::opus_moe_sorting_entry<aiter::MoeSortingMultiPhaseKernel_P1<aiter::MoeSortingProblemMp<int, float, unsigned char, 16, true, true, true> >, aiter::MoeSortingMultiPhaseKernel_P1<aiter::MoeSortingProblemMp<int, float, unsigned char, 16, true, true, true> >::Kargs>(aiter::MoeSortingMultiPhaseKernel_P1<aiter::MoeSortingProblemMp<int, float, unsigned char, 16, true, true, true> >::Kargs)",982,462443479391511,462443479395751,512,0,12,0,32,256,1,1,229632,1,1
"KERNEL_DISPATCH","Agent 2",1,0,120312,983,6381,"void aiter::opus_moe_sorting_entry<aiter::MoeSortingMultiPhaseKernel_P23<aiter::MoeSortingProblemMp<int, float, unsigned char, 16, true, true, true> >, aiter::MoeSortingMultiPhaseKernel_P23<aiter::MoeSortingProblemMp<int, float, unsigned char, 16, true, true, true> >::Kargs>(aiter::MoeSortingMultiPhaseKernel_P23<aiter::MoeSortingProblemMp<int, float, unsigned char, 16, true, true, true> >::Kargs)",983,462443479395685,462443479406805,0,0,32,0,80,256,1,1,360704,1,1
"KERNEL_DISPATCH","Agent 2",1,0,120312,984,6720,"void aiter::mxfp4_moe_sort_kernel<256, 32, 16, 32>(unsigned char*, unsigned char*, int const*, int const*, int, int, int, int, int)",984,462443479406871,462443479411271,4608,0,32,0,112,256,1,1,721408,1,1
"KERNEL_DISPATCH","Agent 2",1,0,120312,985,6762,"mfma_moe1_silu_mul_afp4_wfp4_bf16_t64x128x256_pm1_async_v32",985,462443479411271,462443479559033,41472,0,100,0,112,256,1,1,6144,1408,1
"KERNEL_DISPATCH","Agent 2",1,0,120312,986,6540,"void aiter::dynamic_per_group_scaled_quant_kernel<std::bfloat16_t, opus::fp4_t, 32, 32, false, 64, true>(opus::fp4_t*, float*, std::bfloat16_t const*, float const*, long, int, int, long, int const*, int)",986,462443479559033,462443479599913,0,0,32,0,48,64,1,1,3145728,1,1
"KERNEL_DISPATCH","Agent 2",1,0,120312,987,6720,"void aiter::mxfp4_moe_sort_kernel<256, 32, 16, 32>(unsigned char*, unsigned char*, int const*, int const*, int, int, int, int, int)",987,462443479599913,462443479604353,4608,0,32,0,112,256,1,1,721408,1,1
"KERNEL_DISPATCH","Agent 2",1,0,120312,988,6763,"mfma_moe2_afp4_wfp4_bf16_cshuffle_t64x128x256_vscale_fix3_fp4opt_v1_persist_cu256",988,462443479604353,462443479680274,33280,0,84,0,112,256,1,1,7168,256,1
"KERNEL_DISPATCH","Agent 2",1,0,120312,989,6310,"EpCombineSync_bf16",989,462443479686114,462443479694954,0,64,48,0,96,256,1,1,65536,1,1
"KERNEL_DISPATCH","Agent 2",1,0,120312,990,6318,"EpCombineSyncBarrier_bf16",990,462443479694954,462443479960397,0,64,28,0,48,64,1,1,64,1,1
"KERNEL_DISPATCH","Agent 2",1,0,120312,991,6304,"EpCombineInterNodeV1KernelLowLatency_bf16",991,462443479960397,462443480045678,0,1024,64,0,112,256,1,1,65536,1,1
"KERNEL_DISPATCH","Agent 2",1,0,120312,992,6308,"EpCombineAll_bf16",992,462443480045678,462443480054038,0,64,44,0,112,256,1,1,65536,1,1
"KERNEL_DISPATCH","Agent 2",1,0,120312,993,6312,"EpDispatchCopyToStaging_fp4",993,462443480059918,462443480066078,0,64,32,0,64,512,1,1,131072,1,1
"KERNEL_DISPATCH","Agent 2",1,0,120312,994,6325,"EpDispatchInterNodeV1KernelLowLatency_fp4",994,462443480066078,462443480178759,0,64,40,0,112,512,1,1,131072,1,1
"KERNEL_DISPATCH","Agent 2",1,0,120312,995,6379,"void aiter::opus_moe_sorting_entry<aiter::MoeSortingClearWorkspaceKernel<aiter::MoeSortingClearWorkspaceProblem<true, 1024, 1> >, aiter::MoeSortingClearWorkspaceKernel<aiter::MoeSortingClearWorkspaceProblem<true, 1024, 1> >::Kargs>(aiter::MoeSortingClearWorkspaceKernel<aiter::MoeSortingClearWorkspaceProblem<true, 1024, 1> >::Kargs)",995,462443480184119,462443480188199,0,0,4,0,16,1024,1,1,262144,1,1
"KERNEL_DISPATCH","Agent 2",1,0,120312,996,6400,"void aiter::opus_moe_sorting_entry<aiter::MoeSortingMultiPhaseKernel_P0_v1<aiter::MoeSortingProblemMp<int, float, unsigned char, 4, true, true, true> >, aiter::MoeSortingMultiPhaseKernel_P0_v1<aiter::MoeSortingProblemMp<int, float, unsigned char, 4, true, true, true> >::Kargs>(aiter::MoeSortingMultiPhaseKernel_P0_v1<aiter::MoeSortingProblemMp<int, float, unsigned char, 4, true, true, true> >::Kargs)",996,462443480188199,462443480192559,0,0,16,0,48,256,1,1,131072,1,1
"KERNEL_DISPATCH","Agent 2",1,0,120312,997,6360,"void aiter::opus_moe_sorting_entry<aiter::MoeSortingMultiPhaseKernel_P1<aiter::MoeSortingProblemMp<int, float, unsigned char, 16, true, true, true> >, aiter::MoeSortingMultiPhaseKernel_P1<aiter::MoeSortingProblemMp<int, float, unsigned char, 16, true, true, true> >::Kargs>(aiter::MoeSortingMultiPhaseKernel_P1<aiter::MoeSortingProblemMp<int, float, unsigned char, 16, true, true, true> >::Kargs)",997,462443480192559,462443480196879,512,0,12,0,32,256,1,1,229632,1,1
"KERNEL_DISPATCH","Agent 2",1,0,120312,998,6381,"void aiter::opus_moe_sorting_entry<aiter::MoeSortingMultiPhaseKernel_P23<aiter::MoeSortingProblemMp<int, float, unsigned char, 16, true, true, true> >, aiter::MoeSortingMultiPhaseKernel_P23<aiter::MoeSortingProblemMp<int, float, unsigned char, 16, true, true, true> >::Kargs>(aiter::MoeSortingMultiPhaseKernel_P23<aiter::MoeSortingProblemMp<int, float, unsigned char, 16, true, true, true> >::Kargs)",998,462443480196879,462443480208599,0,0,32,0,80,256,1,1,360704,1,1
"KERNEL_DISPATCH","Agent 2",1,0,120312,999,6720,"void aiter::mxfp4_moe_sort_kernel<256, 32, 16, 32>(unsigned char*, unsigned char*, int const*, int const*, int, int, int, int, int)",999,462443480208599,462443480213119,4608,0,32,0,112,256,1,1,721408,1,1
"KERNEL_DISPATCH","Agent 2",1,0,120312,1000,6762,"mfma_moe1_silu_mul_afp4_wfp4_bf16_t64x128x256_pm1_async_v32",1000,462443480213119,462443480355801,41472,0,100,0,112,256,1,1,6144,1408,1
"KERNEL_DISPATCH","Agent 2",1,0,120312,1001,6540,"void aiter::dynamic_per_group_scaled_quant_kernel<std::bfloat16_t, opus::fp4_t, 32, 32, false, 64, true>(opus::fp4_t*, float*, std::bfloat16_t const*, float const*, long, int, int, long, int const*, int)",1001,462443480355801,462443480397881,0,0,32,0,48,64,1,1,3145728,1,1
"KERNEL_DISPATCH","Agent 2",1,0,120312,1002,6720,"void aiter::mxfp4_moe_sort_kernel<256, 32, 16, 32>(unsigned char*, unsigned char*, int const*, int const*, int, int, int, int, int)",1002,462443480397789,462443480402349,4608,0,32,0,112,256,1,1,721408,1,1
"KERNEL_DISPATCH","Agent 2",1,0,120312,1003,6763,"mfma_moe2_afp4_wfp4_bf16_cshuffle_t64x128x256_vscale_fix3_fp4opt_v1_persist_cu256",1003,462443480402441,462443480477842,33280,0,84,0,112,256,1,1,7168,256,1
"KERNEL_DISPATCH","Agent 2",1,0,120312,1004,6310,"EpCombineSync_bf16",1004,462443480483602,462443480492482,0,64,48,0,96,256,1,1,65536,1,1
"KERNEL_DISPATCH","Agent 2",1,0,120312,1005,6318,"EpCombineSyncBarrier_bf16",1005,462443480492482,462443480792885,0,64,28,0,48,64,1,1,64,1,1
"KERNEL_DISPATCH","Agent 2",1,0,120312,1006,6304,"EpCombineInterNodeV1KernelLowLatency_bf16",1006,462443480792885,462443480879006,0,1024,64,0,112,256,1,1,65536,1,1
"KERNEL_DISPATCH","Agent 2",1,0,120312,1007,6308,"EpCombineAll_bf16",1007,462443480879006,462443480887046,0,64,44,0,112,256,1,1,65536,1,1
"KERNEL_DISPATCH","Agent 2",1,0,120312,1008,6312,"EpDispatchCopyToStaging_fp4",1008,462443480893206,462443480899326,0,64,32,0,64,512,1,1,131072,1,1
"KERNEL_DISPATCH","Agent 2",1,0,120312,1009,6325,"EpDispatchInterNodeV1KernelLowLatency_fp4",1009,462443480899326,462443481013647,0,64,40,0,112,512,1,1,131072,1,1
"KERNEL_DISPATCH","Agent 2",1,0,120312,1010,6379,"void aiter::opus_moe_sorting_entry<aiter::MoeSortingClearWorkspaceKernel<aiter::MoeSortingClearWorkspaceProblem<true, 1024, 1> >, aiter::MoeSortingClearWorkspaceKernel<aiter::MoeSortingClearWorkspaceProblem<true, 1024, 1> >::Kargs>(aiter::MoeSortingClearWorkspaceKernel<aiter::MoeSortingClearWorkspaceProblem<true, 1024, 1> >::Kargs)",1010,462443481019087,462443481023247,0,0,4,0,16,1024,1,1,262144,1,1
"KERNEL_DISPATCH","Agent 2",1,0,120312,1011,6400,"void aiter::opus_moe_sorting_entry<aiter::MoeSortingMultiPhaseKernel_P0_v1<aiter::MoeSortingProblemMp<int, float, unsigned char, 4, true, true, true> >, aiter::MoeSortingMultiPhaseKernel_P0_v1<aiter::MoeSortingProblemMp<int, float, unsigned char, 4, true, true, true> >::Kargs>(aiter::MoeSortingMultiPhaseKernel_P0_v1<aiter::MoeSortingProblemMp<int, float, unsigned char, 4, true, true, true> >::Kargs)",1011,462443481023247,462443481027647,0,0,16,0,48,256,1,1,131072,1,1
"KERNEL_DISPATCH","Agent 2",1,0,120312,1012,6360,"void aiter::opus_moe_sorting_entry<aiter::MoeSortingMultiPhaseKernel_P1<aiter::MoeSortingProblemMp<int, float, unsigned char, 16, true, true, true> >, aiter::MoeSortingMultiPhaseKernel_P1<aiter::MoeSortingProblemMp<int, float, unsigned char, 16, true, true, true> >::Kargs>(aiter::MoeSortingMultiPhaseKernel_P1<aiter::MoeSortingProblemMp<int, float, unsigned char, 16, true, true, true> >::Kargs)",1012,462443481027647,462443481031967,512,0,12,0,32,256,1,1,229632,1,1
"KERNEL_DISPATCH","Agent 2",1,0,120312,1013,6381,"void aiter::opus_moe_sorting_entry<aiter::MoeSortingMultiPhaseKernel_P23<aiter::MoeSortingProblemMp<int, float, unsigned char, 16, true, true, true> >, aiter::MoeSortingMultiPhaseKernel_P23<aiter::MoeSortingProblemMp<int, float, unsigned char, 16, true, true, true> >::Kargs>(aiter::MoeSortingMultiPhaseKernel_P23<aiter::MoeSortingProblemMp<int, float, unsigned char, 16, true, true, true> >::Kargs)",1013,462443481031967,462443481043367,0,0,32,0,80,256,1,1,360704,1,1
"KERNEL_DISPATCH","Agent 2",1,0,120312,1014,6720,"void aiter::mxfp4_moe_sort_kernel<256, 32, 16, 32>(unsigned char*, unsigned char*, int const*, int const*, int, int, int, int, int)",1014,462443481043367,462443481047807,4608,0,32,0,112,256,1,1,721408,1,1
"KERNEL_DISPATCH","Agent 2",1,0,120312,1015,6762,"mfma_moe1_silu_mul_afp4_wfp4_bf16_t64x128x256_pm1_async_v32",1015,462443481047807,462443481190449,41472,0,100,0,112,256,1,1,6144,1408,1
"KERNEL_DISPATCH","Agent 2",1,0,120312,1016,6540,"void aiter::dynamic_per_group_scaled_quant_kernel<std::bfloat16_t, opus::fp4_t, 32, 32, false, 64, true>(opus::fp4_t*, float*, std::bfloat16_t const*, float const*, long, int, int, long, int const*, int)",1016,462443481190449,462443481233689,0,0,32,0,48,64,1,1,3145728,1,1
"KERNEL_DISPATCH","Agent 2",1,0,120312,1017,6720,"void aiter::mxfp4_moe_sort_kernel<256, 32, 16, 32>(unsigned char*, unsigned char*, int const*, int const*, int, int, int, int, int)",1017,462443481233605,462443481237965,4608,0,32,0,112,256,1,1,721408,1,1
"KERNEL_DISPATCH","Agent 2",1,0,120312,1018,6763,"mfma_moe2_afp4_wfp4_bf16_cshuffle_t64x128x256_vscale_fix3_fp4opt_v1_persist_cu256",1018,462443481238049,462443481313130,33280,0,84,0,112,256,1,1,7168,256,1
"KERNEL_DISPATCH","Agent 2",1,0,120312,1019,6310,"EpCombineSync_bf16",1019,462443481319010,462443481327930,0,64,48,0,96,256,1,1,65536,1,1
"KERNEL_DISPATCH","Agent 2",1,0,120312,1020,6318,"EpCombineSyncBarrier_bf16",1020,462443481327930,462443481618613,0,64,28,0,48,64,1,1,64,1,1
"KERNEL_DISPATCH","Agent 2",1,0,120312,1021,6304,"EpCombineInterNodeV1KernelLowLatency_bf16",1021,462443481618613,462443481704934,0,1024,64,0,112,256,1,1,65536,1,1
"KERNEL_DISPATCH","Agent 2",1,0,120312,1022,6308,"EpCombineAll_bf16",1022,462443481704934,462443481713094,0,64,44,0,112,256,1,1,65536,1,1
"KERNEL_DISPATCH","Agent 2",1,0,120312,1023,6312,"EpDispatchCopyToStaging_fp4",1023,462443481719374,462443481725694,0,64,32,0,64,512,1,1,131072,1,1
"KERNEL_DISPATCH","Agent 2",1,0,120312,1024,6325,"EpDispatchInterNodeV1KernelLowLatency_fp4",1024,462443481725694,462443481837455,0,64,40,0,112,512,1,1,131072,1,1
"KERNEL_DISPATCH","Agent 2",1,0,120312,1025,6379,"void aiter::opus_moe_sorting_entry<aiter::MoeSortingClearWorkspaceKernel<aiter::MoeSortingClearWorkspaceProblem<true, 1024, 1> >, aiter::MoeSortingClearWorkspaceKernel<aiter::MoeSortingClearWorkspaceProblem<true, 1024, 1> >::Kargs>(aiter::MoeSortingClearWorkspaceKernel<aiter::MoeSortingClearWorkspaceProblem<true, 1024, 1> >::Kargs)",1025,462443481842695,462443481846615,0,0,4,0,16,1024,1,1,262144,1,1
"KERNEL_DISPATCH","Agent 2",1,0,120312,1026,6400,"void aiter::opus_moe_sorting_entry<aiter::MoeSortingMultiPhaseKernel_P0_v1<aiter::MoeSortingProblemMp<int, float, unsigned char, 4, true, true, true> >, aiter::MoeSortingMultiPhaseKernel_P0_v1<aiter::MoeSortingProblemMp<int, float, unsigned char, 4, true, true, true> >::Kargs>(aiter::MoeSortingMultiPhaseKernel_P0_v1<aiter::MoeSortingProblemMp<int, float, unsigned char, 4, true, true, true> >::Kargs)",1026,462443481846615,462443481851055,0,0,16,0,48,256,1,1,131072,1,1
"KERNEL_DISPATCH","Agent 2",1,0,120312,1027,6360,"void aiter::opus_moe_sorting_entry<aiter::MoeSortingMultiPhaseKernel_P1<aiter::MoeSortingProblemMp<int, float, unsigned char, 16, true, true, true> >, aiter::MoeSortingMultiPhaseKernel_P1<aiter::MoeSortingProblemMp<int, float, unsigned char, 16, true, true, true> >::Kargs>(aiter::MoeSortingMultiPhaseKernel_P1<aiter::MoeSortingProblemMp<int, float, unsigned char, 16, true, true, true> >::Kargs)",1027,462443481851055,462443481855215,512,0,12,0,32,256,1,1,229632,1,1
"KERNEL_DISPATCH","Agent 2",1,0,120312,1028,6381,"void aiter::opus_moe_sorting_entry<aiter::MoeSortingMultiPhaseKernel_P23<aiter::MoeSortingProblemMp<int, float, unsigned char, 16, true, true, true> >, aiter::MoeSortingMultiPhaseKernel_P23<aiter::MoeSortingProblemMp<int, float, unsigned char, 16, true, true, true> >::Kargs>(aiter::MoeSortingMultiPhaseKernel_P23<aiter::MoeSortingProblemMp<int, float, unsigned char, 16, true, true, true> >::Kargs)",1028,462443481855215,462443481866655,0,0,32,0,80,256,1,1,360704,1,1
"KERNEL_DISPATCH","Agent 2",1,0,120312,1029,6720,"void aiter::mxfp4_moe_sort_kernel<256, 32, 16, 32>(unsigned char*, unsigned char*, int const*, int const*, int, int, int, int, int)",1029,462443481866655,462443481871135,4608,0,32,0,112,256,1,1,721408,1,1
"KERNEL_DISPATCH","Agent 2",1,0,120312,1030,6762,"mfma_moe1_silu_mul_afp4_wfp4_bf16_t64x128x256_pm1_async_v32",1030,462443481871135,462443482013617,41472,0,100,0,112,256,1,1,6144,1408,1
"KERNEL_DISPATCH","Agent 2",1,0,120312,1031,6540,"void aiter::dynamic_per_group_scaled_quant_kernel<std::bfloat16_t, opus::fp4_t, 32, 32, false, 64, true>(opus::fp4_t*, float*, std::bfloat16_t const*, float const*, long, int, int, long, int const*, int)",1031,462443482013617,462443482055417,0,0,32,0,48,64,1,1,3145728,1,1
"KERNEL_DISPATCH","Agent 2",1,0,120312,1032,6720,"void aiter::mxfp4_moe_sort_kernel<256, 32, 16, 32>(unsigned char*, unsigned char*, int const*, int const*, int, int, int, int, int)",1032,462443482055417,462443482059897,4608,0,32,0,112,256,1,1,721408,1,1
"KERNEL_DISPATCH","Agent 2",1,0,120312,1033,6763,"mfma_moe2_afp4_wfp4_bf16_cshuffle_t64x128x256_vscale_fix3_fp4opt_v1_persist_cu256",1033,462443482059897,462443482136858,33280,0,84,0,112,256,1,1,7168,256,1
"KERNEL_DISPATCH","Agent 2",1,0,120312,1034,6310,"EpCombineSync_bf16",1034,462443482142551,462443482151391,0,64,48,0,96,256,1,1,65536,1,1
"KERNEL_DISPATCH","Agent 2",1,0,120312,1035,6318,"EpCombineSyncBarrier_bf16",1035,462443482151418,462443482693983,0,64,28,0,48,64,1,1,64,1,1
"KERNEL_DISPATCH","Agent 2",1,0,120312,1036,6304,"EpCombineInterNodeV1KernelLowLatency_bf16",1036,462443482693983,462443482781024,0,1024,64,0,112,256,1,1,65536,1,1
"KERNEL_DISPATCH","Agent 2",1,0,120312,1037,6308,"EpCombineAll_bf16",1037,462443482781024,462443482789664,0,64,44,0,112,256,1,1,65536,1,1
"KERNEL_DISPATCH","Agent 2",1,0,120312,1038,6312,"EpDispatchCopyToStaging_fp4",1038,462443482795584,462443482801905,0,64,32,0,64,512,1,1,131072,1,1
"KERNEL_DISPATCH","Agent 2",1,0,120312,1039,6325,"EpDispatchInterNodeV1KernelLowLatency_fp4",1039,462443482801905,462443482913066,0,64,40,0,112,512,1,1,131072,1,1
"KERNEL_DISPATCH","Agent 2",1,0,120312,1040,6379,"void aiter::opus_moe_sorting_entry<aiter::MoeSortingClearWorkspaceKernel<aiter::MoeSortingClearWorkspaceProblem<true, 1024, 1> >, aiter::MoeSortingClearWorkspaceKernel<aiter::MoeSortingClearWorkspaceProblem<true, 1024, 1> >::Kargs>(aiter::MoeSortingClearWorkspaceKernel<aiter::MoeSortingClearWorkspaceProblem<true, 1024, 1> >::Kargs)",1040,462443482918506,462443482922626,0,0,4,0,16,1024,1,1,262144,1,1
"KERNEL_DISPATCH","Agent 2",1,0,120312,1041,6400,"void aiter::opus_moe_sorting_entry<aiter::MoeSortingMultiPhaseKernel_P0_v1<aiter::MoeSortingProblemMp<int, float, unsigned char, 4, true, true, true> >, aiter::MoeSortingMultiPhaseKernel_P0_v1<aiter::MoeSortingProblemMp<int, float, unsigned char, 4, true, true, true> >::Kargs>(aiter::MoeSortingMultiPhaseKernel_P0_v1<aiter::MoeSortingProblemMp<int, float, unsigned char, 4, true, true, true> >::Kargs)",1041,462443482922626,462443482927146,0,0,16,0,48,256,1,1,131072,1,1
"KERNEL_DISPATCH","Agent 2",1,0,120312,1042,6360,"void aiter::opus_moe_sorting_entry<aiter::MoeSortingMultiPhaseKernel_P1<aiter::MoeSortingProblemMp<int, float, unsigned char, 16, true, true, true> >, aiter::MoeSortingMultiPhaseKernel_P1<aiter::MoeSortingProblemMp<int, float, unsigned char, 16, true, true, true> >::Kargs>(aiter::MoeSortingMultiPhaseKernel_P1<aiter::MoeSortingProblemMp<int, float, unsigned char, 16, true, true, true> >::Kargs)",1042,462443482927146,462443482931466,512,0,12,0,32,256,1,1,229632,1,1
"KERNEL_DISPATCH","Agent 2",1,0,120312,1043,6381,"void aiter::opus_moe_sorting_entry<aiter::MoeSortingMultiPhaseKernel_P23<aiter::MoeSortingProblemMp<int, float, unsigned char, 16, true, true, true> >, aiter::MoeSortingMultiPhaseKernel_P23<aiter::MoeSortingProblemMp<int, float, unsigned char, 16, true, true, true> >::Kargs>(aiter::MoeSortingMultiPhaseKernel_P23<aiter::MoeSortingProblemMp<int, float, unsigned char, 16, true, true, true> >::Kargs)",1043,462443482931458,462443482942898,0,0,32,0,80,256,1,1,360704,1,1
"KERNEL_DISPATCH","Agent 2",1,0,120312,1044,6720,"void aiter::mxfp4_moe_sort_kernel<256, 32, 16, 32>(unsigned char*, unsigned char*, int const*, int const*, int, int, int, int, int)",1044,462443482942906,462443482947306,4608,0,32,0,112,256,1,1,721408,1,1
"KERNEL_DISPATCH","Agent 2",1,0,120312,1045,6762,"mfma_moe1_silu_mul_afp4_wfp4_bf16_t64x128x256_pm1_async_v32",1045,462443482947306,462443483092387,41472,0,100,0,112,256,1,1,6144,1408,1
"KERNEL_DISPATCH","Agent 2",1,0,120312,1046,6540,"void aiter::dynamic_per_group_scaled_quant_kernel<std::bfloat16_t, opus::fp4_t, 32, 32, false, 64, true>(opus::fp4_t*, float*, std::bfloat16_t const*, float const*, long, int, int, long, int const*, int)",1046,462443483092387,462443483135228,0,0,32,0,48,64,1,1,3145728,1,1
"KERNEL_DISPATCH","Agent 2",1,0,120312,1047,6720,"void aiter::mxfp4_moe_sort_kernel<256, 32, 16, 32>(unsigned char*, unsigned char*, int const*, int const*, int, int, int, int, int)",1047,462443483135228,462443483139708,4608,0,32,0,112,256,1,1,721408,1,1
"KERNEL_DISPATCH","Agent 2",1,0,120312,1048,6763,"mfma_moe2_afp4_wfp4_bf16_cshuffle_t64x128x256_vscale_fix3_fp4opt_v1_persist_cu256",1048,462443483139708,462443483214829,33280,0,84,0,112,256,1,1,7168,256,1
"KERNEL_DISPATCH","Agent 2",1,0,120312,1049,6310,"EpCombineSync_bf16",1049,462443483220509,462443483229309,0,64,48,0,96,256,1,1,65536,1,1
"KERNEL_DISPATCH","Agent 2",1,0,120312,1050,6318,"EpCombineSyncBarrier_bf16",1050,462443483229309,462443483982076,0,64,28,0,48,64,1,1,64,1,1
"KERNEL_DISPATCH","Agent 2",1,0,120312,1051,6304,"EpCombineInterNodeV1KernelLowLatency_bf16",1051,462443483982076,462443484068597,0,1024,64,0,112,256,1,1,65536,1,1
"KERNEL_DISPATCH","Agent 2",1,0,120312,1052,6308,"EpCombineAll_bf16",1052,462443484068597,462443484076877,0,64,44,0,112,256,1,1,65536,1,1
"KERNEL_DISPATCH","Agent 2",1,0,120312,1053,6312,"EpDispatchCopyToStaging_fp4",1053,462443484082637,462443484088917,0,64,32,0,64,512,1,1,131072,1,1
"KERNEL_DISPATCH","Agent 2",1,0,120312,1054,6325,"EpDispatchInterNodeV1KernelLowLatency_fp4",1054,462443484088917,462443484201438,0,64,40,0,112,512,1,1,131072,1,1
"KERNEL_DISPATCH","Agent 2",1,0,120312,1055,6379,"void aiter::opus_moe_sorting_entry<aiter::MoeSortingClearWorkspaceKernel<aiter::MoeSortingClearWorkspaceProblem<true, 1024, 1> >, aiter::MoeSortingClearWorkspaceKernel<aiter::MoeSortingClearWorkspaceProblem<true, 1024, 1> >::Kargs>(aiter::MoeSortingClearWorkspaceKernel<aiter::MoeSortingClearWorkspaceProblem<true, 1024, 1> >::Kargs)",1055,462443484206758,462443484210838,0,0,4,0,16,1024,1,1,262144,1,1
"KERNEL_DISPATCH","Agent 2",1,0,120312,1056,6400,"void aiter::opus_moe_sorting_entry<aiter::MoeSortingMultiPhaseKernel_P0_v1<aiter::MoeSortingProblemMp<int, float, unsigned char, 4, true, true, true> >, aiter::MoeSortingMultiPhaseKernel_P0_v1<aiter::MoeSortingProblemMp<int, float, unsigned char, 4, true, true, true> >::Kargs>(aiter::MoeSortingMultiPhaseKernel_P0_v1<aiter::MoeSortingProblemMp<int, float, unsigned char, 4, true, true, true> >::Kargs)",1056,462443484210838,462443484215278,0,0,16,0,48,256,1,1,131072,1,1
"KERNEL_DISPATCH","Agent 2",1,0,120312,1057,6360,"void aiter::opus_moe_sorting_entry<aiter::MoeSortingMultiPhaseKernel_P1<aiter::MoeSortingProblemMp<int, float, unsigned char, 16, true, true, true> >, aiter::MoeSortingMultiPhaseKernel_P1<aiter::MoeSortingProblemMp<int, float, unsigned char, 16, true, true, true> >::Kargs>(aiter::MoeSortingMultiPhaseKernel_P1<aiter::MoeSortingProblemMp<int, float, unsigned char, 16, true, true, true> >::Kargs)",1057,462443484215278,462443484219518,512,0,12,0,32,256,1,1,229632,1,1
"KERNEL_DISPATCH","Agent 2",1,0,120312,1058,6381,"void aiter::opus_moe_sorting_entry<aiter::MoeSortingMultiPhaseKernel_P23<aiter::MoeSortingProblemMp<int, float, unsigned char, 16, true, true, true> >, aiter::MoeSortingMultiPhaseKernel_P23<aiter::MoeSortingProblemMp<int, float, unsigned char, 16, true, true, true> >::Kargs>(aiter::MoeSortingMultiPhaseKernel_P23<aiter::MoeSortingProblemMp<int, float, unsigned char, 16, true, true, true> >::Kargs)",1058,462443484219518,462443484230758,0,0,32,0,80,256,1,1,360704,1,1
"KERNEL_DISPATCH","Agent 2",1,0,120312,1059,6720,"void aiter::mxfp4_moe_sort_kernel<256, 32, 16, 32>(unsigned char*, unsigned char*, int const*, int const*, int, int, int, int, int)",1059,462443484230758,462443484235199,4608,0,32,0,112,256,1,1,721408,1,1
"KERNEL_DISPATCH","Agent 2",1,0,120312,1060,6762,"mfma_moe1_silu_mul_afp4_wfp4_bf16_t64x128x256_pm1_async_v32",1060,462443484235199,462443484379320,41472,0,100,0,112,256,1,1,6144,1408,1
"KERNEL_DISPATCH","Agent 2",1,0,120312,1061,6540,"void aiter::dynamic_per_group_scaled_quant_kernel<std::bfloat16_t, opus::fp4_t, 32, 32, false, 64, true>(opus::fp4_t*, float*, std::bfloat16_t const*, float const*, long, int, int, long, int const*, int)",1061,462443484379320,462443484421400,0,0,32,0,48,64,1,1,3145728,1,1
"KERNEL_DISPATCH","Agent 2",1,0,120312,1062,6720,"void aiter::mxfp4_moe_sort_kernel<256, 32, 16, 32>(unsigned char*, unsigned char*, int const*, int const*, int, int, int, int, int)",1062,462443484421400,462443484425840,4608,0,32,0,112,256,1,1,721408,1,1
"KERNEL_DISPATCH","Agent 2",1,0,120312,1063,6763,"mfma_moe2_afp4_wfp4_bf16_cshuffle_t64x128x256_vscale_fix3_fp4opt_v1_persist_cu256",1063,462443484425840,462443484501361,33280,0,84,0,112,256,1,1,7168,256,1
"KERNEL_DISPATCH","Agent 2",1,0,120312,1064,6310,"EpCombineSync_bf16",1064,462443484507361,462443484516081,0,64,48,0,96,256,1,1,65536,1,1
"KERNEL_DISPATCH","Agent 2",1,0,120312,1065,6318,"EpCombineSyncBarrier_bf16",1065,462443484516081,462443485161288,0,64,28,0,48,64,1,1,64,1,1
"KERNEL_DISPATCH","Agent 2",1,0,120312,1066,6304,"EpCombineInterNodeV1KernelLowLatency_bf16",1066,462443485161288,462443485247368,0,1024,64,0,112,256,1,1,65536,1,1
"KERNEL_DISPATCH","Agent 2",1,0,120312,1067,6308,"EpCombineAll_bf16",1067,462443485247368,462443485256009,0,64,44,0,112,256,1,1,65536,1,1
"KERNEL_DISPATCH","Agent 2",1,0,120312,1068,6312,"EpDispatchCopyToStaging_fp4",1068,462443485261689,462443485267969,0,64,32,0,64,512,1,1,131072,1,1
"KERNEL_DISPATCH","Agent 2",1,0,120312,1069,6325,"EpDispatchInterNodeV1KernelLowLatency_fp4",1069,462443485267969,462443485380530,0,64,40,0,112,512,1,1,131072,1,1
"KERNEL_DISPATCH","Agent 2",1,0,120312,1070,6379,"void aiter::opus_moe_sorting_entry<aiter::MoeSortingClearWorkspaceKernel<aiter::MoeSortingClearWorkspaceProblem<true, 1024, 1> >, aiter::MoeSortingClearWorkspaceKernel<aiter::MoeSortingClearWorkspaceProblem<true, 1024, 1> >::Kargs>(aiter::MoeSortingClearWorkspaceKernel<aiter::MoeSortingClearWorkspaceProblem<true, 1024, 1> >::Kargs)",1070,462443485386010,462443485390050,0,0,4,0,16,1024,1,1,262144,1,1
"KERNEL_DISPATCH","Agent 2",1,0,120312,1071,6400,"void aiter::opus_moe_sorting_entry<aiter::MoeSortingMultiPhaseKernel_P0_v1<aiter::MoeSortingProblemMp<int, float, unsigned char, 4, true, true, true> >, aiter::MoeSortingMultiPhaseKernel_P0_v1<aiter::MoeSortingProblemMp<int, float, unsigned char, 4, true, true, true> >::Kargs>(aiter::MoeSortingMultiPhaseKernel_P0_v1<aiter::MoeSortingProblemMp<int, float, unsigned char, 4, true, true, true> >::Kargs)",1071,462443485390050,462443485394690,0,0,16,0,48,256,1,1,131072,1,1
"KERNEL_DISPATCH","Agent 2",1,0,120312,1072,6360,"void aiter::opus_moe_sorting_entry<aiter::MoeSortingMultiPhaseKernel_P1<aiter::MoeSortingProblemMp<int, float, unsigned char, 16, true, true, true> >, aiter::MoeSortingMultiPhaseKernel_P1<aiter::MoeSortingProblemMp<int, float, unsigned char, 16, true, true, true> >::Kargs>(aiter::MoeSortingMultiPhaseKernel_P1<aiter::MoeSortingProblemMp<int, float, unsigned char, 16, true, true, true> >::Kargs)",1072,462443485394690,462443485398890,512,0,12,0,32,256,1,1,229632,1,1
"KERNEL_DISPATCH","Agent 2",1,0,120312,1073,6381,"void aiter::opus_moe_sorting_entry<aiter::MoeSortingMultiPhaseKernel_P23<aiter::MoeSortingProblemMp<int, float, unsigned char, 16, true, true, true> >, aiter::MoeSortingMultiPhaseKernel_P23<aiter::MoeSortingProblemMp<int, float, unsigned char, 16, true, true, true> >::Kargs>(aiter::MoeSortingMultiPhaseKernel_P23<aiter::MoeSortingProblemMp<int, float, unsigned char, 16, true, true, true> >::Kargs)",1073,462443485398890,462443485410410,0,0,32,0,80,256,1,1,360704,1,1
"KERNEL_DISPATCH","Agent 2",1,0,120312,1074,6720,"void aiter::mxfp4_moe_sort_kernel<256, 32, 16, 32>(unsigned char*, unsigned char*, int const*, int const*, int, int, int, int, int)",1074,462443485410410,462443485414930,4608,0,32,0,112,256,1,1,721408,1,1
"KERNEL_DISPATCH","Agent 2",1,0,120312,1075,6762,"mfma_moe1_silu_mul_afp4_wfp4_bf16_t64x128x256_pm1_async_v32",1075,462443485414930,462443485559771,41472,0,100,0,112,256,1,1,6144,1408,1
"KERNEL_DISPATCH","Agent 2",1,0,120312,1076,6540,"void aiter::dynamic_per_group_scaled_quant_kernel<std::bfloat16_t, opus::fp4_t, 32, 32, false, 64, true>(opus::fp4_t*, float*, std::bfloat16_t const*, float const*, long, int, int, long, int const*, int)",1076,462443485559771,462443485601972,0,0,32,0,48,64,1,1,3145728,1,1
"KERNEL_DISPATCH","Agent 2",1,0,120312,1077,6720,"void aiter::mxfp4_moe_sort_kernel<256, 32, 16, 32>(unsigned char*, unsigned char*, int const*, int const*, int, int, int, int, int)",1077,462443485601972,462443485606412,4608,0,32,0,112,256,1,1,721408,1,1
"KERNEL_DISPATCH","Agent 2",1,0,120312,1078,6763,"mfma_moe2_afp4_wfp4_bf16_cshuffle_t64x128x256_vscale_fix3_fp4opt_v1_persist_cu256",1078,462443485606412,462443485681933,33280,0,84,0,112,256,1,1,7168,256,1
"KERNEL_DISPATCH","Agent 2",1,0,120312,1079,6310,"EpCombineSync_bf16",1079,462443485687813,462443485696693,0,64,48,0,96,256,1,1,65536,1,1
"KERNEL_DISPATCH","Agent 2",1,0,120312,1080,6318,"EpCombineSyncBarrier_bf16",1080,462443485696693,462443486319619,0,64,28,0,48,64,1,1,64,1,1
"KERNEL_DISPATCH","Agent 2",1,0,120312,1081,6304,"EpCombineInterNodeV1KernelLowLatency_bf16",1081,462443486319619,462443486406340,0,1024,64,0,112,256,1,1,65536,1,1
"KERNEL_DISPATCH","Agent 2",1,0,120312,1082,6308,"EpCombineAll_bf16",1082,462443486406340,462443486414540,0,64,44,0,112,256,1,1,65536,1,1
"KERNEL_DISPATCH","Agent 2",1,0,120312,1083,6312,"EpDispatchCopyToStaging_fp4",1083,462443486420331,462443486426651,0,64,32,0,64,512,1,1,131072,1,1
"KERNEL_DISPATCH","Agent 2",1,0,120312,1084,6325,"EpDispatchInterNodeV1KernelLowLatency_fp4",1084,462443486426740,462443486540781,0,64,40,0,112,512,1,1,131072,1,1
"KERNEL_DISPATCH","Agent 2",1,0,120312,1085,6379,"void aiter::opus_moe_sorting_entry<aiter::MoeSortingClearWorkspaceKernel<aiter::MoeSortingClearWorkspaceProblem<true, 1024, 1> >, aiter::MoeSortingClearWorkspaceKernel<aiter::MoeSortingClearWorkspaceProblem<true, 1024, 1> >::Kargs>(aiter::MoeSortingClearWorkspaceKernel<aiter::MoeSortingClearWorkspaceProblem<true, 1024, 1> >::Kargs)",1085,462443486546421,462443486550621,0,0,4,0,16,1024,1,1,262144,1,1
"KERNEL_DISPATCH","Agent 2",1,0,120312,1086,6400,"void aiter::opus_moe_sorting_entry<aiter::MoeSortingMultiPhaseKernel_P0_v1<aiter::MoeSortingProblemMp<int, float, unsigned char, 4, true, true, true> >, aiter::MoeSortingMultiPhaseKernel_P0_v1<aiter::MoeSortingProblemMp<int, float, unsigned char, 4, true, true, true> >::Kargs>(aiter::MoeSortingMultiPhaseKernel_P0_v1<aiter::MoeSortingProblemMp<int, float, unsigned char, 4, true, true, true> >::Kargs)",1086,462443486550621,462443486555061,0,0,16,0,48,256,1,1,131072,1,1
"KERNEL_DISPATCH","Agent 2",1,0,120312,1087,6360,"void aiter::opus_moe_sorting_entry<aiter::MoeSortingMultiPhaseKernel_P1<aiter::MoeSortingProblemMp<int, float, unsigned char, 16, true, true, true> >, aiter::MoeSortingMultiPhaseKernel_P1<aiter::MoeSortingProblemMp<int, float, unsigned char, 16, true, true, true> >::Kargs>(aiter::MoeSortingMultiPhaseKernel_P1<aiter::MoeSortingProblemMp<int, float, unsigned char, 16, true, true, true> >::Kargs)",1087,462443486555061,462443486559261,512,0,12,0,32,256,1,1,229632,1,1
"KERNEL_DISPATCH","Agent 2",1,0,120312,1088,6381,"void aiter::opus_moe_sorting_entry<aiter::MoeSortingMultiPhaseKernel_P23<aiter::MoeSortingProblemMp<int, float, unsigned char, 16, true, true, true> >, aiter::MoeSortingMultiPhaseKernel_P23<aiter::MoeSortingProblemMp<int, float, unsigned char, 16, true, true, true> >::Kargs>(aiter::MoeSortingMultiPhaseKernel_P23<aiter::MoeSortingProblemMp<int, float, unsigned char, 16, true, true, true> >::Kargs)",1088,462443486559261,462443486570621,0,0,32,0,80,256,1,1,360704,1,1
"KERNEL_DISPATCH","Agent 2",1,0,120312,1089,6720,"void aiter::mxfp4_moe_sort_kernel<256, 32, 16, 32>(unsigned char*, unsigned char*, int const*, int const*, int, int, int, int, int)",1089,462443486570621,462443486575061,4608,0,32,0,112,256,1,1,721408,1,1
"KERNEL_DISPATCH","Agent 2",1,0,120312,1090,6762,"mfma_moe1_silu_mul_afp4_wfp4_bf16_t64x128x256_pm1_async_v32",1090,462443486575061,462443486720023,41472,0,100,0,112,256,1,1,6144,1408,1
"KERNEL_DISPATCH","Agent 2",1,0,120312,1091,6540,"void aiter::dynamic_per_group_scaled_quant_kernel<std::bfloat16_t, opus::fp4_t, 32, 32, false, 64, true>(opus::fp4_t*, float*, std::bfloat16_t const*, float const*, long, int, int, long, int const*, int)",1091,462443486720023,462443486762263,0,0,32,0,48,64,1,1,3145728,1,1
"KERNEL_DISPATCH","Agent 2",1,0,120312,1092,6720,"void aiter::mxfp4_moe_sort_kernel<256, 32, 16, 32>(unsigned char*, unsigned char*, int const*, int const*, int, int, int, int, int)",1092,462443486762263,462443486766663,4608,0,32,0,112,256,1,1,721408,1,1
"KERNEL_DISPATCH","Agent 2",1,0,120312,1093,6763,"mfma_moe2_afp4_wfp4_bf16_cshuffle_t64x128x256_vscale_fix3_fp4opt_v1_persist_cu256",1093,462443486766663,462443486842224,33280,0,84,0,112,256,1,1,7168,256,1
"KERNEL_DISPATCH","Agent 2",1,0,120312,1094,6310,"EpCombineSync_bf16",1094,462443486848064,462443486856904,0,64,48,0,96,256,1,1,65536,1,1
"KERNEL_DISPATCH","Agent 2",1,0,120312,1095,6318,"EpCombineSyncBarrier_bf16",1095,462443486856904,462443487474790,0,64,28,0,48,64,1,1,64,1,1
"KERNEL_DISPATCH","Agent 2",1,0,120312,1096,6304,"EpCombineInterNodeV1KernelLowLatency_bf16",1096,462443487474790,462443487560351,0,1024,64,0,112,256,1,1,65536,1,1
"KERNEL_DISPATCH","Agent 2",1,0,120312,1097,6308,"EpCombineAll_bf16",1097,462443487560351,462443487568631,0,64,44,0,112,256,1,1,65536,1,1
"KERNEL_DISPATCH","Agent 2",1,0,120312,1098,6312,"EpDispatchCopyToStaging_fp4",1098,462443487574471,462443487580591,0,64,32,0,64,512,1,1,131072,1,1
"KERNEL_DISPATCH","Agent 2",1,0,120312,1099,6325,"EpDispatchInterNodeV1KernelLowLatency_fp4",1099,462443487580591,462443487695152,0,64,40,0,112,512,1,1,131072,1,1
"KERNEL_DISPATCH","Agent 2",1,0,120312,1100,6379,"void aiter::opus_moe_sorting_entry<aiter::MoeSortingClearWorkspaceKernel<aiter::MoeSortingClearWorkspaceProblem<true, 1024, 1> >, aiter::MoeSortingClearWorkspaceKernel<aiter::MoeSortingClearWorkspaceProblem<true, 1024, 1> >::Kargs>(aiter::MoeSortingClearWorkspaceKernel<aiter::MoeSortingClearWorkspaceProblem<true, 1024, 1> >::Kargs)",1100,462443487700792,462443487704832,0,0,4,0,16,1024,1,1,262144,1,1
"KERNEL_DISPATCH","Agent 2",1,0,120312,1101,6400,"void aiter::opus_moe_sorting_entry<aiter::MoeSortingMultiPhaseKernel_P0_v1<aiter::MoeSortingProblemMp<int, float, unsigned char, 4, true, true, true> >, aiter::MoeSortingMultiPhaseKernel_P0_v1<aiter::MoeSortingProblemMp<int, float, unsigned char, 4, true, true, true> >::Kargs>(aiter::MoeSortingMultiPhaseKernel_P0_v1<aiter::MoeSortingProblemMp<int, float, unsigned char, 4, true, true, true> >::Kargs)",1101,462443487704832,462443487709272,0,0,16,0,48,256,1,1,131072,1,1
"KERNEL_DISPATCH","Agent 2",1,0,120312,1102,6360,"void aiter::opus_moe_sorting_entry<aiter::MoeSortingMultiPhaseKernel_P1<aiter::MoeSortingProblemMp<int, float, unsigned char, 16, true, true, true> >, aiter::MoeSortingMultiPhaseKernel_P1<aiter::MoeSortingProblemMp<int, float, unsigned char, 16, true, true, true> >::Kargs>(aiter::MoeSortingMultiPhaseKernel_P1<aiter::MoeSortingProblemMp<int, float, unsigned char, 16, true, true, true> >::Kargs)",1102,462443487709272,462443487713473,512,0,12,0,32,256,1,1,229632,1,1
"KERNEL_DISPATCH","Agent 2",1,0,120312,1103,6381,"void aiter::opus_moe_sorting_entry<aiter::MoeSortingMultiPhaseKernel_P23<aiter::MoeSortingProblemMp<int, float, unsigned char, 16, true, true, true> >, aiter::MoeSortingMultiPhaseKernel_P23<aiter::MoeSortingProblemMp<int, float, unsigned char, 16, true, true, true> >::Kargs>(aiter::MoeSortingMultiPhaseKernel_P23<aiter::MoeSortingProblemMp<int, float, unsigned char, 16, true, true, true> >::Kargs)",1103,462443487713473,462443487724673,0,0,32,0,80,256,1,1,360704,1,1
"KERNEL_DISPATCH","Agent 2",1,0,120312,1104,6720,"void aiter::mxfp4_moe_sort_kernel<256, 32, 16, 32>(unsigned char*, unsigned char*, int const*, int const*, int, int, int, int, int)",1104,462443487724673,462443487729233,4608,0,32,0,112,256,1,1,721408,1,1
"KERNEL_DISPATCH","Agent 2",1,0,120312,1105,6762,"mfma_moe1_silu_mul_afp4_wfp4_bf16_t64x128x256_pm1_async_v32",1105,462443487729233,462443487875314,41472,0,100,0,112,256,1,1,6144,1408,1
"KERNEL_DISPATCH","Agent 2",1,0,120312,1106,6540,"void aiter::dynamic_per_group_scaled_quant_kernel<std::bfloat16_t, opus::fp4_t, 32, 32, false, 64, true>(opus::fp4_t*, float*, std::bfloat16_t const*, float const*, long, int, int, long, int const*, int)",1106,462443487875314,462443487918235,0,0,32,0,48,64,1,1,3145728,1,1
"KERNEL_DISPATCH","Agent 2",1,0,120312,1107,6720,"void aiter::mxfp4_moe_sort_kernel<256, 32, 16, 32>(unsigned char*, unsigned char*, int const*, int const*, int, int, int, int, int)",1107,462443487918235,462443487922715,4608,0,32,0,112,256,1,1,721408,1,1
"KERNEL_DISPATCH","Agent 2",1,0,120312,1108,6763,"mfma_moe2_afp4_wfp4_bf16_cshuffle_t64x128x256_vscale_fix3_fp4opt_v1_persist_cu256",1108,462443487922715,462443487998715,33280,0,84,0,112,256,1,1,7168,256,1
"KERNEL_DISPATCH","Agent 2",1,0,120312,1109,6310,"EpCombineSync_bf16",1109,462443488004555,462443488013595,0,64,48,0,96,256,1,1,65536,1,1
"KERNEL_DISPATCH","Agent 2",1,0,120312,1110,6318,"EpCombineSyncBarrier_bf16",1110,462443488013595,462443488643002,0,64,28,0,48,64,1,1,64,1,1
"KERNEL_DISPATCH","Agent 2",1,0,120312,1111,6304,"EpCombineInterNodeV1KernelLowLatency_bf16",1111,462443488643002,462443488730362,0,1024,64,0,112,256,1,1,65536,1,1
"KERNEL_DISPATCH","Agent 2",1,0,120312,1112,6308,"EpCombineAll_bf16",1112,462443488730362,462443488738403,0,64,44,0,112,256,1,1,65536,1,1
"KERNEL_DISPATCH","Agent 2",1,0,120312,1113,6312,"EpDispatchCopyToStaging_fp4",1113,462443488744163,462443488750283,0,64,32,0,64,512,1,1,131072,1,1
"KERNEL_DISPATCH","Agent 2",1,0,120312,1114,6325,"EpDispatchInterNodeV1KernelLowLatency_fp4",1114,462443488750283,462443488861204,0,64,40,0,112,512,1,1,131072,1,1
"KERNEL_DISPATCH","Agent 2",1,0,120312,1115,6379,"void aiter::opus_moe_sorting_entry<aiter::MoeSortingClearWorkspaceKernel<aiter::MoeSortingClearWorkspaceProblem<true, 1024, 1> >, aiter::MoeSortingClearWorkspaceKernel<aiter::MoeSortingClearWorkspaceProblem<true, 1024, 1> >::Kargs>(aiter::MoeSortingClearWorkspaceKernel<aiter::MoeSortingClearWorkspaceProblem<true, 1024, 1> >::Kargs)",1115,462443488866684,462443488870724,0,0,4,0,16,1024,1,1,262144,1,1
"KERNEL_DISPATCH","Agent 2",1,0,120312,1116,6400,"void aiter::opus_moe_sorting_entry<aiter::MoeSortingMultiPhaseKernel_P0_v1<aiter::MoeSortingProblemMp<int, float, unsigned char, 4, true, true, true> >, aiter::MoeSortingMultiPhaseKernel_P0_v1<aiter::MoeSortingProblemMp<int, float, unsigned char, 4, true, true, true> >::Kargs>(aiter::MoeSortingMultiPhaseKernel_P0_v1<aiter::MoeSortingProblemMp<int, float, unsigned char, 4, true, true, true> >::Kargs)",1116,462443488870724,462443488875164,0,0,16,0,48,256,1,1,131072,1,1
"KERNEL_DISPATCH","Agent 2",1,0,120312,1117,6360,"void aiter::opus_moe_sorting_entry<aiter::MoeSortingMultiPhaseKernel_P1<aiter::MoeSortingProblemMp<int, float, unsigned char, 16, true, true, true> >, aiter::MoeSortingMultiPhaseKernel_P1<aiter::MoeSortingProblemMp<int, float, unsigned char, 16, true, true, true> >::Kargs>(aiter::MoeSortingMultiPhaseKernel_P1<aiter::MoeSortingProblemMp<int, float, unsigned char, 16, true, true, true> >::Kargs)",1117,462443488875164,462443488879364,512,0,12,0,32,256,1,1,229632,1,1
"KERNEL_DISPATCH","Agent 2",1,0,120312,1118,6381,"void aiter::opus_moe_sorting_entry<aiter::MoeSortingMultiPhaseKernel_P23<aiter::MoeSortingProblemMp<int, float, unsigned char, 16, true, true, true> >, aiter::MoeSortingMultiPhaseKernel_P23<aiter::MoeSortingProblemMp<int, float, unsigned char, 16, true, true, true> >::Kargs>(aiter::MoeSortingMultiPhaseKernel_P23<aiter::MoeSortingProblemMp<int, float, unsigned char, 16, true, true, true> >::Kargs)",1118,462443488879364,462443488890924,0,0,32,0,80,256,1,1,360704,1,1
"KERNEL_DISPATCH","Agent 2",1,0,120312,1119,6720,"void aiter::mxfp4_moe_sort_kernel<256, 32, 16, 32>(unsigned char*, unsigned char*, int const*, int const*, int, int, int, int, int)",1119,462443488890924,462443488895324,4608,0,32,0,112,256,1,1,721408,1,1
"KERNEL_DISPATCH","Agent 2",1,0,120312,1120,6762,"mfma_moe1_silu_mul_afp4_wfp4_bf16_t64x128x256_pm1_async_v32",1120,462443488895324,462443489037485,41472,0,100,0,112,256,1,1,6144,1408,1
"KERNEL_DISPATCH","Agent 2",1,0,120312,1121,6540,"void aiter::dynamic_per_group_scaled_quant_kernel<std::bfloat16_t, opus::fp4_t, 32, 32, false, 64, true>(opus::fp4_t*, float*, std::bfloat16_t const*, float const*, long, int, int, long, int const*, int)",1121,462443489037485,462443489079486,0,0,32,0,48,64,1,1,3145728,1,1
"KERNEL_DISPATCH","Agent 2",1,0,120312,1122,6720,"void aiter::mxfp4_moe_sort_kernel<256, 32, 16, 32>(unsigned char*, unsigned char*, int const*, int const*, int, int, int, int, int)",1122,462443489079486,462443489083926,4608,0,32,0,112,256,1,1,721408,1,1
"KERNEL_DISPATCH","Agent 2",1,0,120312,1123,6763,"mfma_moe2_afp4_wfp4_bf16_cshuffle_t64x128x256_vscale_fix3_fp4opt_v1_persist_cu256",1123,462443489083926,462443489159247,33280,0,84,0,112,256,1,1,7168,256,1
"KERNEL_DISPATCH","Agent 2",1,0,120312,1124,6310,"EpCombineSync_bf16",1124,462443489165087,462443489173927,0,64,48,0,96,256,1,1,65536,1,1
"KERNEL_DISPATCH","Agent 2",1,0,120312,1125,6318,"EpCombineSyncBarrier_bf16",1125,462443489173927,462443489812653,0,64,28,0,48,64,1,1,64,1,1
"KERNEL_DISPATCH","Agent 2",1,0,120312,1126,6304,"EpCombineInterNodeV1KernelLowLatency_bf16",1126,462443489812653,462443489900134,0,1024,64,0,112,256,1,1,65536,1,1
"KERNEL_DISPATCH","Agent 2",1,0,120312,1127,6308,"EpCombineAll_bf16",1127,462443489900134,462443489908694,0,64,44,0,112,256,1,1,65536,1,1
"KERNEL_DISPATCH","Agent 2",1,0,120312,1128,6312,"EpDispatchCopyToStaging_fp4",1128,462443489914414,462443489920734,0,64,32,0,64,512,1,1,131072,1,1
"KERNEL_DISPATCH","Agent 2",1,0,120312,1129,6325,"EpDispatchInterNodeV1KernelLowLatency_fp4",1129,462443489920734,462443490035055,0,64,40,0,112,512,1,1,131072,1,1
"KERNEL_DISPATCH","Agent 2",1,0,120312,1130,6379,"void aiter::opus_moe_sorting_entry<aiter::MoeSortingClearWorkspaceKernel<aiter::MoeSortingClearWorkspaceProblem<true, 1024, 1> >, aiter::MoeSortingClearWorkspaceKernel<aiter::MoeSortingClearWorkspaceProblem<true, 1024, 1> >::Kargs>(aiter::MoeSortingClearWorkspaceKernel<aiter::MoeSortingClearWorkspaceProblem<true, 1024, 1> >::Kargs)",1130,462443490040775,462443490044895,0,0,4,0,16,1024,1,1,262144,1,1
"KERNEL_DISPATCH","Agent 2",1,0,120312,1131,6400,"void aiter::opus_moe_sorting_entry<aiter::MoeSortingMultiPhaseKernel_P0_v1<aiter::MoeSortingProblemMp<int, float, unsigned char, 4, true, true, true> >, aiter::MoeSortingMultiPhaseKernel_P0_v1<aiter::MoeSortingProblemMp<int, float, unsigned char, 4, true, true, true> >::Kargs>(aiter::MoeSortingMultiPhaseKernel_P0_v1<aiter::MoeSortingProblemMp<int, float, unsigned char, 4, true, true, true> >::Kargs)",1131,462443490044895,462443490049495,0,0,16,0,48,256,1,1,131072,1,1
"KERNEL_DISPATCH","Agent 2",1,0,120312,1132,6360,"void aiter::opus_moe_sorting_entry<aiter::MoeSortingMultiPhaseKernel_P1<aiter::MoeSortingProblemMp<int, float, unsigned char, 16, true, true, true> >, aiter::MoeSortingMultiPhaseKernel_P1<aiter::MoeSortingProblemMp<int, float, unsigned char, 16, true, true, true> >::Kargs>(aiter::MoeSortingMultiPhaseKernel_P1<aiter::MoeSortingProblemMp<int, float, unsigned char, 16, true, true, true> >::Kargs)",1132,462443490049495,462443490053735,512,0,12,0,32,256,1,1,229632,1,1
"KERNEL_DISPATCH","Agent 2",1,0,120312,1133,6381,"void aiter::opus_moe_sorting_entry<aiter::MoeSortingMultiPhaseKernel_P23<aiter::MoeSortingProblemMp<int, float, unsigned char, 16, true, true, true> >, aiter::MoeSortingMultiPhaseKernel_P23<aiter::MoeSortingProblemMp<int, float, unsigned char, 16, true, true, true> >::Kargs>(aiter::MoeSortingMultiPhaseKernel_P23<aiter::MoeSortingProblemMp<int, float, unsigned char, 16, true, true, true> >::Kargs)",1133,462443490053735,462443490064935,0,0,32,0,80,256,1,1,360704,1,1
"KERNEL_DISPATCH","Agent 2",1,0,120312,1134,6720,"void aiter::mxfp4_moe_sort_kernel<256, 32, 16, 32>(unsigned char*, unsigned char*, int const*, int const*, int, int, int, int, int)",1134,462443490064935,462443490069376,4608,0,32,0,112,256,1,1,721408,1,1
"KERNEL_DISPATCH","Agent 2",1,0,120312,1135,6762,"mfma_moe1_silu_mul_afp4_wfp4_bf16_t64x128x256_pm1_async_v32",1135,462443490069376,462443490213777,41472,0,100,0,112,256,1,1,6144,1408,1
"KERNEL_DISPATCH","Agent 2",1,0,120312,1136,6540,"void aiter::dynamic_per_group_scaled_quant_kernel<std::bfloat16_t, opus::fp4_t, 32, 32, false, 64, true>(opus::fp4_t*, float*, std::bfloat16_t const*, float const*, long, int, int, long, int const*, int)",1136,462443490213777,462443490254817,0,0,32,0,48,64,1,1,3145728,1,1
"KERNEL_DISPATCH","Agent 2",1,0,120312,1137,6720,"void aiter::mxfp4_moe_sort_kernel<256, 32, 16, 32>(unsigned char*, unsigned char*, int const*, int const*, int, int, int, int, int)",1137,462443490254817,462443490259377,4608,0,32,0,112,256,1,1,721408,1,1
"KERNEL_DISPATCH","Agent 2",1,0,120312,1138,6763,"mfma_moe2_afp4_wfp4_bf16_cshuffle_t64x128x256_vscale_fix3_fp4opt_v1_persist_cu256",1138,462443490259377,462443490334058,33280,0,84,0,112,256,1,1,7168,256,1
"KERNEL_DISPATCH","Agent 2",1,0,120312,1139,6310,"EpCombineSync_bf16",1139,462443490340298,462443490349898,0,64,48,0,96,256,1,1,65536,1,1
"KERNEL_DISPATCH","Agent 2",1,0,120312,1140,6318,"EpCombineSyncBarrier_bf16",1140,462443490349898,462443490972944,0,64,28,0,48,64,1,1,64,1,1
"KERNEL_DISPATCH","Agent 2",1,0,120312,1141,6304,"EpCombineInterNodeV1KernelLowLatency_bf16",1141,462443490972944,462443491058545,0,1024,64,0,112,256,1,1,65536,1,1
"KERNEL_DISPATCH","Agent 2",1,0,120312,1142,6308,"EpCombineAll_bf16",1142,462443491058545,462443491066665,0,64,44,0,112,256,1,1,65536,1,1
"KERNEL_DISPATCH","Agent 2",1,0,120312,1143,6312,"EpDispatchCopyToStaging_fp4",1143,462443491073065,462443491079225,0,64,32,0,64,512,1,1,131072,1,1
"KERNEL_DISPATCH","Agent 2",1,0,120312,1144,6325,"EpDispatchInterNodeV1KernelLowLatency_fp4",1144,462443491079225,462443491190386,0,64,40,0,112,512,1,1,131072,1,1
"KERNEL_DISPATCH","Agent 2",1,0,120312,1145,6379,"void aiter::opus_moe_sorting_entry<aiter::MoeSortingClearWorkspaceKernel<aiter::MoeSortingClearWorkspaceProblem<true, 1024, 1> >, aiter::MoeSortingClearWorkspaceKernel<aiter::MoeSortingClearWorkspaceProblem<true, 1024, 1> >::Kargs>(aiter::MoeSortingClearWorkspaceKernel<aiter::MoeSortingClearWorkspaceProblem<true, 1024, 1> >::Kargs)",1145,462443491195787,462443491199827,0,0,4,0,16,1024,1,1,262144,1,1
"KERNEL_DISPATCH","Agent 2",1,0,120312,1146,6400,"void aiter::opus_moe_sorting_entry<aiter::MoeSortingMultiPhaseKernel_P0_v1<aiter::MoeSortingProblemMp<int, float, unsigned char, 4, true, true, true> >, aiter::MoeSortingMultiPhaseKernel_P0_v1<aiter::MoeSortingProblemMp<int, float, unsigned char, 4, true, true, true> >::Kargs>(aiter::MoeSortingMultiPhaseKernel_P0_v1<aiter::MoeSortingProblemMp<int, float, unsigned char, 4, true, true, true> >::Kargs)",1146,462443491199827,462443491204267,0,0,16,0,48,256,1,1,131072,1,1
"KERNEL_DISPATCH","Agent 2",1,0,120312,1147,6360,"void aiter::opus_moe_sorting_entry<aiter::MoeSortingMultiPhaseKernel_P1<aiter::MoeSortingProblemMp<int, float, unsigned char, 16, true, true, true> >, aiter::MoeSortingMultiPhaseKernel_P1<aiter::MoeSortingProblemMp<int, float, unsigned char, 16, true, true, true> >::Kargs>(aiter::MoeSortingMultiPhaseKernel_P1<aiter::MoeSortingProblemMp<int, float, unsigned char, 16, true, true, true> >::Kargs)",1147,462443491204267,462443491208587,512,0,12,0,32,256,1,1,229632,1,1
"KERNEL_DISPATCH","Agent 2",1,0,120312,1148,6381,"void aiter::opus_moe_sorting_entry<aiter::MoeSortingMultiPhaseKernel_P23<aiter::MoeSortingProblemMp<int, float, unsigned char, 16, true, true, true> >, aiter::MoeSortingMultiPhaseKernel_P23<aiter::MoeSortingProblemMp<int, float, unsigned char, 16, true, true, true> >::Kargs>(aiter::MoeSortingMultiPhaseKernel_P23<aiter::MoeSortingProblemMp<int, float, unsigned char, 16, true, true, true> >::Kargs)",1148,462443491208587,462443491220067,0,0,32,0,80,256,1,1,360704,1,1
"KERNEL_DISPATCH","Agent 2",1,0,120312,1149,6720,"void aiter::mxfp4_moe_sort_kernel<256, 32, 16, 32>(unsigned char*, unsigned char*, int const*, int const*, int, int, int, int, int)",1149,462443491220067,462443491224587,4608,0,32,0,112,256,1,1,721408,1,1
"KERNEL_DISPATCH","Agent 2",1,0,120312,1150,6762,"mfma_moe1_silu_mul_afp4_wfp4_bf16_t64x128x256_pm1_async_v32",1150,462443491224587,462443491366628,41472,0,100,0,112,256,1,1,6144,1408,1
"KERNEL_DISPATCH","Agent 2",1,0,120312,1151,6540,"void aiter::dynamic_per_group_scaled_quant_kernel<std::bfloat16_t, opus::fp4_t, 32, 32, false, 64, true>(opus::fp4_t*, float*, std::bfloat16_t const*, float const*, long, int, int, long, int const*, int)",1151,462443491366628,462443491409109,0,0,32,0,48,64,1,1,3145728,1,1
"KERNEL_DISPATCH","Agent 2",1,0,120312,1152,6720,"void aiter::mxfp4_moe_sort_kernel<256, 32, 16, 32>(unsigned char*, unsigned char*, int const*, int const*, int, int, int, int, int)",1152,462443491409109,462443491413429,4608,0,32,0,112,256,1,1,721408,1,1
"KERNEL_DISPATCH","Agent 2",1,0,120312,1153,6763,"mfma_moe2_afp4_wfp4_bf16_cshuffle_t64x128x256_vscale_fix3_fp4opt_v1_persist_cu256",1153,462443491413429,462443491490069,33280,0,84,0,112,256,1,1,7168,256,1
"KERNEL_DISPATCH","Agent 2",1,0,120312,1154,6310,"EpCombineSync_bf16",1154,462443491495869,462443491504710,0,64,48,0,96,256,1,1,65536,1,1
"KERNEL_DISPATCH","Agent 2",1,0,120312,1155,6318,"EpCombineSyncBarrier_bf16",1155,462443491504710,462443492140116,0,64,28,0,48,64,1,1,64,1,1
"KERNEL_DISPATCH","Agent 2",1,0,120312,1156,6304,"EpCombineInterNodeV1KernelLowLatency_bf16",1156,462443492140116,462443492226237,0,1024,64,0,112,256,1,1,65536,1,1
"KERNEL_DISPATCH","Agent 2",1,0,120312,1157,6308,"EpCombineAll_bf16",1157,462443492226237,462443492234197,0,64,44,0,112,256,1,1,65536,1,1
"KERNEL_DISPATCH","Agent 2",1,0,120312,1158,6312,"EpDispatchCopyToStaging_fp4",1158,462443492239957,462443492246357,0,64,32,0,64,512,1,1,131072,1,1
"KERNEL_DISPATCH","Agent 2",1,0,120312,1159,6325,"EpDispatchInterNodeV1KernelLowLatency_fp4",1159,462443492246357,462443492357318,0,64,40,0,112,512,1,1,131072,1,1
"KERNEL_DISPATCH","Agent 2",1,0,120312,1160,6379,"void aiter::opus_moe_sorting_entry<aiter::MoeSortingClearWorkspaceKernel<aiter::MoeSortingClearWorkspaceProblem<true, 1024, 1> >, aiter::MoeSortingClearWorkspaceKernel<aiter::MoeSortingClearWorkspaceProblem<true, 1024, 1> >::Kargs>(aiter::MoeSortingClearWorkspaceKernel<aiter::MoeSortingClearWorkspaceProblem<true, 1024, 1> >::Kargs)",1160,462443492362758,462443492366878,0,0,4,0,16,1024,1,1,262144,1,1
"KERNEL_DISPATCH","Agent 2",1,0,120312,1161,6400,"void aiter::opus_moe_sorting_entry<aiter::MoeSortingMultiPhaseKernel_P0_v1<aiter::MoeSortingProblemMp<int, float, unsigned char, 4, true, true, true> >, aiter::MoeSortingMultiPhaseKernel_P0_v1<aiter::MoeSortingProblemMp<int, float, unsigned char, 4, true, true, true> >::Kargs>(aiter::MoeSortingMultiPhaseKernel_P0_v1<aiter::MoeSortingProblemMp<int, float, unsigned char, 4, true, true, true> >::Kargs)",1161,462443492366878,462443492371278,0,0,16,0,48,256,1,1,131072,1,1
"KERNEL_DISPATCH","Agent 2",1,0,120312,1162,6360,"void aiter::opus_moe_sorting_entry<aiter::MoeSortingMultiPhaseKernel_P1<aiter::MoeSortingProblemMp<int, float, unsigned char, 16, true, true, true> >, aiter::MoeSortingMultiPhaseKernel_P1<aiter::MoeSortingProblemMp<int, float, unsigned char, 16, true, true, true> >::Kargs>(aiter::MoeSortingMultiPhaseKernel_P1<aiter::MoeSortingProblemMp<int, float, unsigned char, 16, true, true, true> >::Kargs)",1162,462443492371278,462443492375478,512,0,12,0,32,256,1,1,229632,1,1
"KERNEL_DISPATCH","Agent 2",1,0,120312,1163,6381,"void aiter::opus_moe_sorting_entry<aiter::MoeSortingMultiPhaseKernel_P23<aiter::MoeSortingProblemMp<int, float, unsigned char, 16, true, true, true> >, aiter::MoeSortingMultiPhaseKernel_P23<aiter::MoeSortingProblemMp<int, float, unsigned char, 16, true, true, true> >::Kargs>(aiter::MoeSortingMultiPhaseKernel_P23<aiter::MoeSortingProblemMp<int, float, unsigned char, 16, true, true, true> >::Kargs)",1163,462443492375478,462443492386838,0,0,32,0,80,256,1,1,360704,1,1
"KERNEL_DISPATCH","Agent 2",1,0,120312,1164,6720,"void aiter::mxfp4_moe_sort_kernel<256, 32, 16, 32>(unsigned char*, unsigned char*, int const*, int const*, int, int, int, int, int)",1164,462443492386838,462443492391238,4608,0,32,0,112,256,1,1,721408,1,1
"KERNEL_DISPATCH","Agent 2",1,0,120312,1165,6762,"mfma_moe1_silu_mul_afp4_wfp4_bf16_t64x128x256_pm1_async_v32",1165,462443492391238,462443492533800,41472,0,100,0,112,256,1,1,6144,1408,1
"KERNEL_DISPATCH","Agent 2",1,0,120312,1166,6540,"void aiter::dynamic_per_group_scaled_quant_kernel<std::bfloat16_t, opus::fp4_t, 32, 32, false, 64, true>(opus::fp4_t*, float*, std::bfloat16_t const*, float const*, long, int, int, long, int const*, int)",1166,462443492533762,462443492575842,0,0,32,0,48,64,1,1,3145728,1,1
"KERNEL_DISPATCH","Agent 2",1,0,120312,1167,6720,"void aiter::mxfp4_moe_sort_kernel<256, 32, 16, 32>(unsigned char*, unsigned char*, int const*, int const*, int, int, int, int, int)",1167,462443492575880,462443492580280,4608,0,32,0,112,256,1,1,721408,1,1
"KERNEL_DISPATCH","Agent 2",1,0,120312,1168,6763,"mfma_moe2_afp4_wfp4_bf16_cshuffle_t64x128x256_vscale_fix3_fp4opt_v1_persist_cu256",1168,462443492580280,462443492655441,33280,0,84,0,112,256,1,1,7168,256,1
"KERNEL_DISPATCH","Agent 2",1,0,120312,1169,6310,"EpCombineSync_bf16",1169,462443492661281,462443492669961,0,64,48,0,96,256,1,1,65536,1,1
"KERNEL_DISPATCH","Agent 2",1,0,120312,1170,6318,"EpCombineSyncBarrier_bf16",1170,462443492669961,462443493414568,0,64,28,0,48,64,1,1,64,1,1
"KERNEL_DISPATCH","Agent 2",1,0,120312,1171,6304,"EpCombineInterNodeV1KernelLowLatency_bf16",1171,462443493414568,462443493501529,0,1024,64,0,112,256,1,1,65536,1,1
"KERNEL_DISPATCH","Agent 2",1,0,120312,1172,6308,"EpCombineAll_bf16",1172,462443493501529,462443493509609,0,64,44,0,112,256,1,1,65536,1,1
"KERNEL_DISPATCH","Agent 2",1,0,120312,1173,6312,"EpDispatchCopyToStaging_fp4",1173,462443493516169,462443493522529,0,64,32,0,64,512,1,1,131072,1,1
"KERNEL_DISPATCH","Agent 2",1,0,120312,1174,6325,"EpDispatchInterNodeV1KernelLowLatency_fp4",1174,462443493522529,462443493631050,0,64,40,0,112,512,1,1,131072,1,1
"KERNEL_DISPATCH","Agent 2",1,0,120312,1175,6379,"void aiter::opus_moe_sorting_entry<aiter::MoeSortingClearWorkspaceKernel<aiter::MoeSortingClearWorkspaceProblem<true, 1024, 1> >, aiter::MoeSortingClearWorkspaceKernel<aiter::MoeSortingClearWorkspaceProblem<true, 1024, 1> >::Kargs>(aiter::MoeSortingClearWorkspaceKernel<aiter::MoeSortingClearWorkspaceProblem<true, 1024, 1> >::Kargs)",1175,462443493636450,462443493640570,0,0,4,0,16,1024,1,1,262144,1,1
"KERNEL_DISPATCH","Agent 2",1,0,120312,1176,6400,"void aiter::opus_moe_sorting_entry<aiter::MoeSortingMultiPhaseKernel_P0_v1<aiter::MoeSortingProblemMp<int, float, unsigned char, 4, true, true, true> >, aiter::MoeSortingMultiPhaseKernel_P0_v1<aiter::MoeSortingProblemMp<int, float, unsigned char, 4, true, true, true> >::Kargs>(aiter::MoeSortingMultiPhaseKernel_P0_v1<aiter::MoeSortingProblemMp<int, float, unsigned char, 4, true, true, true> >::Kargs)",1176,462443493640570,462443493644970,0,0,16,0,48,256,1,1,131072,1,1
"KERNEL_DISPATCH","Agent 2",1,0,120312,1177,6360,"void aiter::opus_moe_sorting_entry<aiter::MoeSortingMultiPhaseKernel_P1<aiter::MoeSortingProblemMp<int, float, unsigned char, 16, true, true, true> >, aiter::MoeSortingMultiPhaseKernel_P1<aiter::MoeSortingProblemMp<int, float, unsigned char, 16, true, true, true> >::Kargs>(aiter::MoeSortingMultiPhaseKernel_P1<aiter::MoeSortingProblemMp<int, float, unsigned char, 16, true, true, true> >::Kargs)",1177,462443493644970,462443493649250,512,0,12,0,32,256,1,1,229632,1,1
"KERNEL_DISPATCH","Agent 2",1,0,120312,1178,6381,"void aiter::opus_moe_sorting_entry<aiter::MoeSortingMultiPhaseKernel_P23<aiter::MoeSortingProblemMp<int, float, unsigned char, 16, true, true, true> >, aiter::MoeSortingMultiPhaseKernel_P23<aiter::MoeSortingProblemMp<int, float, unsigned char, 16, true, true, true> >::Kargs>(aiter::MoeSortingMultiPhaseKernel_P23<aiter::MoeSortingProblemMp<int, float, unsigned char, 16, true, true, true> >::Kargs)",1178,462443493649250,462443493660611,0,0,32,0,80,256,1,1,360704,1,1
"KERNEL_DISPATCH","Agent 2",1,0,120312,1179,6720,"void aiter::mxfp4_moe_sort_kernel<256, 32, 16, 32>(unsigned char*, unsigned char*, int const*, int const*, int, int, int, int, int)",1179,462443493660611,462443493665051,4608,0,32,0,112,256,1,1,721408,1,1
"KERNEL_DISPATCH","Agent 2",1,0,120312,1180,6762,"mfma_moe1_silu_mul_afp4_wfp4_bf16_t64x128x256_pm1_async_v32",1180,462443493665051,462443493810932,41472,0,100,0,112,256,1,1,6144,1408,1
"KERNEL_DISPATCH","Agent 2",1,0,120312,1181,6540,"void aiter::dynamic_per_group_scaled_quant_kernel<std::bfloat16_t, opus::fp4_t, 32, 32, false, 64, true>(opus::fp4_t*, float*, std::bfloat16_t const*, float const*, long, int, int, long, int const*, int)",1181,462443493810932,462443493852052,0,0,32,0,48,64,1,1,3145728,1,1
"KERNEL_DISPATCH","Agent 2",1,0,120312,1182,6720,"void aiter::mxfp4_moe_sort_kernel<256, 32, 16, 32>(unsigned char*, unsigned char*, int const*, int const*, int, int, int, int, int)",1182,462443493852052,462443493856572,4608,0,32,0,112,256,1,1,721408,1,1
"KERNEL_DISPATCH","Agent 2",1,0,120312,1183,6763,"mfma_moe2_afp4_wfp4_bf16_cshuffle_t64x128x256_vscale_fix3_fp4opt_v1_persist_cu256",1183,462443493856572,462443493932573,33280,0,84,0,112,256,1,1,7168,256,1
"KERNEL_DISPATCH","Agent 2",1,0,120312,1184,6310,"EpCombineSync_bf16",1184,462443493938390,462443493947110,0,64,48,0,96,256,1,1,65536,1,1
"KERNEL_DISPATCH","Agent 2",1,0,120312,1185,6318,"EpCombineSyncBarrier_bf16",1185,462443493947173,462443494598420,0,64,28,0,48,64,1,1,64,1,1
"KERNEL_DISPATCH","Agent 2",1,0,120312,1186,6304,"EpCombineInterNodeV1KernelLowLatency_bf16",1186,462443494598420,462443494682981,0,1024,64,0,112,256,1,1,65536,1,1
"KERNEL_DISPATCH","Agent 2",1,0,120312,1187,6308,"EpCombineAll_bf16",1187,462443494682981,462443494691381,0,64,44,0,112,256,1,1,65536,1,1
"KERNEL_DISPATCH","Agent 2",1,0,120312,1188,6312,"EpDispatchCopyToStaging_fp4",1188,462443494697021,462443494703261,0,64,32,0,64,512,1,1,131072,1,1
"KERNEL_DISPATCH","Agent 2",1,0,120312,1189,6325,"EpDispatchInterNodeV1KernelLowLatency_fp4",1189,462443494703261,462443494815862,0,64,40,0,112,512,1,1,131072,1,1
"KERNEL_DISPATCH","Agent 2",1,0,120312,1190,6379,"void aiter::opus_moe_sorting_entry<aiter::MoeSortingClearWorkspaceKernel<aiter::MoeSortingClearWorkspaceProblem<true, 1024, 1> >, aiter::MoeSortingClearWorkspaceKernel<aiter::MoeSortingClearWorkspaceProblem<true, 1024, 1> >::Kargs>(aiter::MoeSortingClearWorkspaceKernel<aiter::MoeSortingClearWorkspaceProblem<true, 1024, 1> >::Kargs)",1190,462443494821222,462443494825182,0,0,4,0,16,1024,1,1,262144,1,1
"KERNEL_DISPATCH","Agent 2",1,0,120312,1191,6400,"void aiter::opus_moe_sorting_entry<aiter::MoeSortingMultiPhaseKernel_P0_v1<aiter::MoeSortingProblemMp<int, float, unsigned char, 4, true, true, true> >, aiter::MoeSortingMultiPhaseKernel_P0_v1<aiter::MoeSortingProblemMp<int, float, unsigned char, 4, true, true, true> >::Kargs>(aiter::MoeSortingMultiPhaseKernel_P0_v1<aiter::MoeSortingProblemMp<int, float, unsigned char, 4, true, true, true> >::Kargs)",1191,462443494825182,462443494829622,0,0,16,0,48,256,1,1,131072,1,1
"KERNEL_DISPATCH","Agent 2",1,0,120312,1192,6360,"void aiter::opus_moe_sorting_entry<aiter::MoeSortingMultiPhaseKernel_P1<aiter::MoeSortingProblemMp<int, float, unsigned char, 16, true, true, true> >, aiter::MoeSortingMultiPhaseKernel_P1<aiter::MoeSortingProblemMp<int, float, unsigned char, 16, true, true, true> >::Kargs>(aiter::MoeSortingMultiPhaseKernel_P1<aiter::MoeSortingProblemMp<int, float, unsigned char, 16, true, true, true> >::Kargs)",1192,462443494829622,462443494833822,512,0,12,0,32,256,1,1,229632,1,1
"KERNEL_DISPATCH","Agent 2",1,0,120312,1193,6381,"void aiter::opus_moe_sorting_entry<aiter::MoeSortingMultiPhaseKernel_P23<aiter::MoeSortingProblemMp<int, float, unsigned char, 16, true, true, true> >, aiter::MoeSortingMultiPhaseKernel_P23<aiter::MoeSortingProblemMp<int, float, unsigned char, 16, true, true, true> >::Kargs>(aiter::MoeSortingMultiPhaseKernel_P23<aiter::MoeSortingProblemMp<int, float, unsigned char, 16, true, true, true> >::Kargs)",1193,462443494833822,462443494845502,0,0,32,0,80,256,1,1,360704,1,1
"KERNEL_DISPATCH","Agent 2",1,0,120312,1194,6720,"void aiter::mxfp4_moe_sort_kernel<256, 32, 16, 32>(unsigned char*, unsigned char*, int const*, int const*, int, int, int, int, int)",1194,462443494845502,462443494849862,4608,0,32,0,112,256,1,1,721408,1,1
"KERNEL_DISPATCH","Agent 2",1,0,120312,1195,6762,"mfma_moe1_silu_mul_afp4_wfp4_bf16_t64x128x256_pm1_async_v32",1195,462443494849862,462443494995464,41472,0,100,0,112,256,1,1,6144,1408,1
"KERNEL_DISPATCH","Agent 2",1,0,120312,1196,6540,"void aiter::dynamic_per_group_scaled_quant_kernel<std::bfloat16_t, opus::fp4_t, 32, 32, false, 64, true>(opus::fp4_t*, float*, std::bfloat16_t const*, float const*, long, int, int, long, int const*, int)",1196,462443494995464,462443495037104,0,0,32,0,48,64,1,1,3145728,1,1
"KERNEL_DISPATCH","Agent 2",1,0,120312,1197,6720,"void aiter::mxfp4_moe_sort_kernel<256, 32, 16, 32>(unsigned char*, unsigned char*, int const*, int const*, int, int, int, int, int)",1197,462443495037104,462443495041584,4608,0,32,0,112,256,1,1,721408,1,1
"KERNEL_DISPATCH","Agent 2",1,0,120312,1198,6763,"mfma_moe2_afp4_wfp4_bf16_cshuffle_t64x128x256_vscale_fix3_fp4opt_v1_persist_cu256",1198,462443495041584,462443495116985,33280,0,84,0,112,256,1,1,7168,256,1
"KERNEL_DISPATCH","Agent 2",1,0,120312,1199,6310,"EpCombineSync_bf16",1199,462443495122825,462443495131905,0,64,48,0,96,256,1,1,65536,1,1
"KERNEL_DISPATCH","Agent 2",1,0,120312,1200,6318,"EpCombineSyncBarrier_bf16",1200,462443495131905,462443495813712,0,64,28,0,48,64,1,1,64,1,1
"KERNEL_DISPATCH","Agent 2",1,0,120312,1201,6304,"EpCombineInterNodeV1KernelLowLatency_bf16",1201,462443495813712,462443495898992,0,1024,64,0,112,256,1,1,65536,1,1
"KERNEL_DISPATCH","Agent 2",1,0,120312,1202,6308,"EpCombineAll_bf16",1202,462443495898992,462443495907433,0,64,44,0,112,256,1,1,65536,1,1
"KERNEL_DISPATCH","Agent 2",1,0,120312,1203,6312,"EpDispatchCopyToStaging_fp4",1203,462443495913273,462443495919593,0,64,32,0,64,512,1,1,131072,1,1
"KERNEL_DISPATCH","Agent 2",1,0,120312,1204,6325,"EpDispatchInterNodeV1KernelLowLatency_fp4",1204,462443495919593,462443496032314,0,64,40,0,112,512,1,1,131072,1,1
"KERNEL_DISPATCH","Agent 2",1,0,120312,1205,6379,"void aiter::opus_moe_sorting_entry<aiter::MoeSortingClearWorkspaceKernel<aiter::MoeSortingClearWorkspaceProblem<true, 1024, 1> >, aiter::MoeSortingClearWorkspaceKernel<aiter::MoeSortingClearWorkspaceProblem<true, 1024, 1> >::Kargs>(aiter::MoeSortingClearWorkspaceKernel<aiter::MoeSortingClearWorkspaceProblem<true, 1024, 1> >::Kargs)",1205,462443496037794,462443496041994,0,0,4,0,16,1024,1,1,262144,1,1
"KERNEL_DISPATCH","Agent 2",1,0,120312,1206,6400,"void aiter::opus_moe_sorting_entry<aiter::MoeSortingMultiPhaseKernel_P0_v1<aiter::MoeSortingProblemMp<int, float, unsigned char, 4, true, true, true> >, aiter::MoeSortingMultiPhaseKernel_P0_v1<aiter::MoeSortingProblemMp<int, float, unsigned char, 4, true, true, true> >::Kargs>(aiter::MoeSortingMultiPhaseKernel_P0_v1<aiter::MoeSortingProblemMp<int, float, unsigned char, 4, true, true, true> >::Kargs)",1206,462443496041994,462443496046434,0,0,16,0,48,256,1,1,131072,1,1
"KERNEL_DISPATCH","Agent 2",1,0,120312,1207,6360,"void aiter::opus_moe_sorting_entry<aiter::MoeSortingMultiPhaseKernel_P1<aiter::MoeSortingProblemMp<int, float, unsigned char, 16, true, true, true> >, aiter::MoeSortingMultiPhaseKernel_P1<aiter::MoeSortingProblemMp<int, float, unsigned char, 16, true, true, true> >::Kargs>(aiter::MoeSortingMultiPhaseKernel_P1<aiter::MoeSortingProblemMp<int, float, unsigned char, 16, true, true, true> >::Kargs)",1207,462443496046434,462443496050794,512,0,12,0,32,256,1,1,229632,1,1
"KERNEL_DISPATCH","Agent 2",1,0,120312,1208,6381,"void aiter::opus_moe_sorting_entry<aiter::MoeSortingMultiPhaseKernel_P23<aiter::MoeSortingProblemMp<int, float, unsigned char, 16, true, true, true> >, aiter::MoeSortingMultiPhaseKernel_P23<aiter::MoeSortingProblemMp<int, float, unsigned char, 16, true, true, true> >::Kargs>(aiter::MoeSortingMultiPhaseKernel_P23<aiter::MoeSortingProblemMp<int, float, unsigned char, 16, true, true, true> >::Kargs)",1208,462443496050794,462443496062394,0,0,32,0,80,256,1,1,360704,1,1
"KERNEL_DISPATCH","Agent 2",1,0,120312,1209,6720,"void aiter::mxfp4_moe_sort_kernel<256, 32, 16, 32>(unsigned char*, unsigned char*, int const*, int const*, int, int, int, int, int)",1209,462443496062394,462443496066794,4608,0,32,0,112,256,1,1,721408,1,1
"KERNEL_DISPATCH","Agent 2",1,0,120312,1210,6762,"mfma_moe1_silu_mul_afp4_wfp4_bf16_t64x128x256_pm1_async_v32",1210,462443496066794,462443496211235,41472,0,100,0,112,256,1,1,6144,1408,1
"KERNEL_DISPATCH","Agent 2",1,0,120312,1211,6540,"void aiter::dynamic_per_group_scaled_quant_kernel<std::bfloat16_t, opus::fp4_t, 32, 32, false, 64, true>(opus::fp4_t*, float*, std::bfloat16_t const*, float const*, long, int, int, long, int const*, int)",1211,462443496211235,462443496256276,0,0,32,0,48,64,1,1,3145728,1,1
"KERNEL_DISPATCH","Agent 2",1,0,120312,1212,6720,"void aiter::mxfp4_moe_sort_kernel<256, 32, 16, 32>(unsigned char*, unsigned char*, int const*, int const*, int, int, int, int, int)",1212,462443496256276,462443496260876,4608,0,32,0,112,256,1,1,721408,1,1
"KERNEL_DISPATCH","Agent 2",1,0,120312,1213,6763,"mfma_moe2_afp4_wfp4_bf16_cshuffle_t64x128x256_vscale_fix3_fp4opt_v1_persist_cu256",1213,462443496260876,462443496336557,33280,0,84,0,112,256,1,1,7168,256,1
"KERNEL_DISPATCH","Agent 2",1,0,120312,1214,6310,"EpCombineSync_bf16",1214,462443496342301,462443496351501,0,64,48,0,96,256,1,1,65536,1,1
"KERNEL_DISPATCH","Agent 2",1,0,120312,1215,6318,"EpCombineSyncBarrier_bf16",1215,462443496351597,462443496983323,0,64,28,0,48,64,1,1,64,1,1
"KERNEL_DISPATCH","Agent 2",1,0,120312,1216,6304,"EpCombineInterNodeV1KernelLowLatency_bf16",1216,462443496983323,462443497070284,0,1024,64,0,112,256,1,1,65536,1,1
"KERNEL_DISPATCH","Agent 2",1,0,120312,1217,6308,"EpCombineAll_bf16",1217,462443497070284,462443497078204,0,64,44,0,112,256,1,1,65536,1,1
"KERNEL_DISPATCH","Agent 2",1,0,120312,1218,6312,"EpDispatchCopyToStaging_fp4",1218,462443497083884,462443497089964,0,64,32,0,64,512,1,1,131072,1,1
"KERNEL_DISPATCH","Agent 2",1,0,120312,1219,6325,"EpDispatchInterNodeV1KernelLowLatency_fp4",1219,462443497089964,462443497200325,0,64,40,0,112,512,1,1,131072,1,1
"KERNEL_DISPATCH","Agent 2",1,0,120312,1220,6379,"void aiter::opus_moe_sorting_entry<aiter::MoeSortingClearWorkspaceKernel<aiter::MoeSortingClearWorkspaceProblem<true, 1024, 1> >, aiter::MoeSortingClearWorkspaceKernel<aiter::MoeSortingClearWorkspaceProblem<true, 1024, 1> >::Kargs>(aiter::MoeSortingClearWorkspaceKernel<aiter::MoeSortingClearWorkspaceProblem<true, 1024, 1> >::Kargs)",1220,462443497205605,462443497209765,0,0,4,0,16,1024,1,1,262144,1,1
"KERNEL_DISPATCH","Agent 2",1,0,120312,1221,6400,"void aiter::opus_moe_sorting_entry<aiter::MoeSortingMultiPhaseKernel_P0_v1<aiter::MoeSortingProblemMp<int, float, unsigned char, 4, true, true, true> >, aiter::MoeSortingMultiPhaseKernel_P0_v1<aiter::MoeSortingProblemMp<int, float, unsigned char, 4, true, true, true> >::Kargs>(aiter::MoeSortingMultiPhaseKernel_P0_v1<aiter::MoeSortingProblemMp<int, float, unsigned char, 4, true, true, true> >::Kargs)",1221,462443497209765,462443497214205,0,0,16,0,48,256,1,1,131072,1,1
"KERNEL_DISPATCH","Agent 2",1,0,120312,1222,6360,"void aiter::opus_moe_sorting_entry<aiter::MoeSortingMultiPhaseKernel_P1<aiter::MoeSortingProblemMp<int, float, unsigned char, 16, true, true, true> >, aiter::MoeSortingMultiPhaseKernel_P1<aiter::MoeSortingProblemMp<int, float, unsigned char, 16, true, true, true> >::Kargs>(aiter::MoeSortingMultiPhaseKernel_P1<aiter::MoeSortingProblemMp<int, float, unsigned char, 16, true, true, true> >::Kargs)",1222,462443497214205,462443497218565,512,0,12,0,32,256,1,1,229632,1,1
"KERNEL_DISPATCH","Agent 2",1,0,120312,1223,6381,"void aiter::opus_moe_sorting_entry<aiter::MoeSortingMultiPhaseKernel_P23<aiter::MoeSortingProblemMp<int, float, unsigned char, 16, true, true, true> >, aiter::MoeSortingMultiPhaseKernel_P23<aiter::MoeSortingProblemMp<int, float, unsigned char, 16, true, true, true> >::Kargs>(aiter::MoeSortingMultiPhaseKernel_P23<aiter::MoeSortingProblemMp<int, float, unsigned char, 16, true, true, true> >::Kargs)",1223,462443497218565,462443497230005,0,0,32,0,80,256,1,1,360704,1,1
"KERNEL_DISPATCH","Agent 2",1,0,120312,1224,6720,"void aiter::mxfp4_moe_sort_kernel<256, 32, 16, 32>(unsigned char*, unsigned char*, int const*, int const*, int, int, int, int, int)",1224,462443497230005,462443497234405,4608,0,32,0,112,256,1,1,721408,1,1
"KERNEL_DISPATCH","Agent 2",1,0,120312,1225,6762,"mfma_moe1_silu_mul_afp4_wfp4_bf16_t64x128x256_pm1_async_v32",1225,462443497234405,462443497377687,41472,0,100,0,112,256,1,1,6144,1408,1
"KERNEL_DISPATCH","Agent 2",1,0,120312,1226,6540,"void aiter::dynamic_per_group_scaled_quant_kernel<std::bfloat16_t, opus::fp4_t, 32, 32, false, 64, true>(opus::fp4_t*, float*, std::bfloat16_t const*, float const*, long, int, int, long, int const*, int)",1226,462443497377687,462443497420087,0,0,32,0,48,64,1,1,3145728,1,1
"KERNEL_DISPATCH","Agent 2",1,0,120312,1227,6720,"void aiter::mxfp4_moe_sort_kernel<256, 32, 16, 32>(unsigned char*, unsigned char*, int const*, int const*, int, int, int, int, int)",1227,462443497420087,462443497424487,4608,0,32,0,112,256,1,1,721408,1,1
"KERNEL_DISPATCH","Agent 2",1,0,120312,1228,6763,"mfma_moe2_afp4_wfp4_bf16_cshuffle_t64x128x256_vscale_fix3_fp4opt_v1_persist_cu256",1228,462443497424487,462443497499688,33280,0,84,0,112,256,1,1,7168,256,1
"KERNEL_DISPATCH","Agent 2",1,0,120312,1229,6310,"EpCombineSync_bf16",1229,462443497505488,462443497514328,0,64,48,0,96,256,1,1,65536,1,1
"KERNEL_DISPATCH","Agent 2",1,0,120312,1230,6318,"EpCombineSyncBarrier_bf16",1230,462443497514328,462443498194855,0,64,28,0,48,64,1,1,64,1,1
"KERNEL_DISPATCH","Agent 2",1,0,120312,1231,6304,"EpCombineInterNodeV1KernelLowLatency_bf16",1231,462443498194855,462443498281336,0,1024,64,0,112,256,1,1,65536,1,1
"KERNEL_DISPATCH","Agent 2",1,0,120312,1232,6308,"EpCombineAll_bf16",1232,462443498281319,462443498289679,0,64,44,0,112,256,1,1,65536,1,1
"KERNEL_DISPATCH","Agent 2",1,0,120312,1233,6312,"EpDispatchCopyToStaging_fp4",1233,462443498295416,462443498301616,0,64,32,0,64,512,1,1,131072,1,1
"KERNEL_DISPATCH","Agent 2",1,0,120312,1234,6325,"EpDispatchInterNodeV1KernelLowLatency_fp4",1234,462443498301616,462443498412857,0,64,40,0,112,512,1,1,131072,1,1
"KERNEL_DISPATCH","Agent 2",1,0,120312,1235,6379,"void aiter::opus_moe_sorting_entry<aiter::MoeSortingClearWorkspaceKernel<aiter::MoeSortingClearWorkspaceProblem<true, 1024, 1> >, aiter::MoeSortingClearWorkspaceKernel<aiter::MoeSortingClearWorkspaceProblem<true, 1024, 1> >::Kargs>(aiter::MoeSortingClearWorkspaceKernel<aiter::MoeSortingClearWorkspaceProblem<true, 1024, 1> >::Kargs)",1235,462443498418377,462443498422457,0,0,4,0,16,1024,1,1,262144,1,1
"KERNEL_DISPATCH","Agent 2",1,0,120312,1236,6400,"void aiter::opus_moe_sorting_entry<aiter::MoeSortingMultiPhaseKernel_P0_v1<aiter::MoeSortingProblemMp<int, float, unsigned char, 4, true, true, true> >, aiter::MoeSortingMultiPhaseKernel_P0_v1<aiter::MoeSortingProblemMp<int, float, unsigned char, 4, true, true, true> >::Kargs>(aiter::MoeSortingMultiPhaseKernel_P0_v1<aiter::MoeSortingProblemMp<int, float, unsigned char, 4, true, true, true> >::Kargs)",1236,462443498422457,462443498426977,0,0,16,0,48,256,1,1,131072,1,1
"KERNEL_DISPATCH","Agent 2",1,0,120312,1237,6360,"void aiter::opus_moe_sorting_entry<aiter::MoeSortingMultiPhaseKernel_P1<aiter::MoeSortingProblemMp<int, float, unsigned char, 16, true, true, true> >, aiter::MoeSortingMultiPhaseKernel_P1<aiter::MoeSortingProblemMp<int, float, unsigned char, 16, true, true, true> >::Kargs>(aiter::MoeSortingMultiPhaseKernel_P1<aiter::MoeSortingProblemMp<int, float, unsigned char, 16, true, true, true> >::Kargs)",1237,462443498426977,462443498431217,512,0,12,0,32,256,1,1,229632,1,1
"KERNEL_DISPATCH","Agent 2",1,0,120312,1238,6381,"void aiter::opus_moe_sorting_entry<aiter::MoeSortingMultiPhaseKernel_P23<aiter::MoeSortingProblemMp<int, float, unsigned char, 16, true, true, true> >, aiter::MoeSortingMultiPhaseKernel_P23<aiter::MoeSortingProblemMp<int, float, unsigned char, 16, true, true, true> >::Kargs>(aiter::MoeSortingMultiPhaseKernel_P23<aiter::MoeSortingProblemMp<int, float, unsigned char, 16, true, true, true> >::Kargs)",1238,462443498431217,462443498442537,0,0,32,0,80,256,1,1,360704,1,1
"KERNEL_DISPATCH","Agent 2",1,0,120312,1239,6720,"void aiter::mxfp4_moe_sort_kernel<256, 32, 16, 32>(unsigned char*, unsigned char*, int const*, int const*, int, int, int, int, int)",1239,462443498442537,462443498447017,4608,0,32,0,112,256,1,1,721408,1,1
"KERNEL_DISPATCH","Agent 2",1,0,120312,1240,6762,"mfma_moe1_silu_mul_afp4_wfp4_bf16_t64x128x256_pm1_async_v32",1240,462443498447017,462443498590419,41472,0,100,0,112,256,1,1,6144,1408,1
"KERNEL_DISPATCH","Agent 2",1,0,120312,1241,6540,"void aiter::dynamic_per_group_scaled_quant_kernel<std::bfloat16_t, opus::fp4_t, 32, 32, false, 64, true>(opus::fp4_t*, float*, std::bfloat16_t const*, float const*, long, int, int, long, int const*, int)",1241,462443498590419,462443498632339,0,0,32,0,48,64,1,1,3145728,1,1
"KERNEL_DISPATCH","Agent 2",1,0,120312,1242,6720,"void aiter::mxfp4_moe_sort_kernel<256, 32, 16, 32>(unsigned char*, unsigned char*, int const*, int const*, int, int, int, int, int)",1242,462443498632339,462443498636979,4608,0,32,0,112,256,1,1,721408,1,1
"KERNEL_DISPATCH","Agent 2",1,0,120312,1243,6763,"mfma_moe2_afp4_wfp4_bf16_cshuffle_t64x128x256_vscale_fix3_fp4opt_v1_persist_cu256",1243,462443498636979,462443498713460,33280,0,84,0,112,256,1,1,7168,256,1
"KERNEL_DISPATCH","Agent 2",1,0,120312,1244,6310,"EpCombineSync_bf16",1244,462443498719300,462443498728260,0,64,48,0,96,256,1,1,65536,1,1
"KERNEL_DISPATCH","Agent 2",1,0,120312,1245,6318,"EpCombineSyncBarrier_bf16",1245,462443498728260,462443498998983,0,64,28,0,48,64,1,1,64,1,1
"KERNEL_DISPATCH","Agent 2",1,0,120312,1246,6304,"EpCombineInterNodeV1KernelLowLatency_bf16",1246,462443498998983,462443499085424,0,1024,64,0,112,256,1,1,65536,1,1
"KERNEL_DISPATCH","Agent 2",1,0,120312,1247,6308,"EpCombineAll_bf16",1247,462443499085424,462443499093824,0,64,44,0,112,256,1,1,65536,1,1
"KERNEL_DISPATCH","Agent 2",1,0,120312,1248,6312,"EpDispatchCopyToStaging_fp4",1248,462443499099664,462443499105944,0,64,32,0,64,512,1,1,131072,1,1
"KERNEL_DISPATCH","Agent 2",1,0,120312,1249,6325,"EpDispatchInterNodeV1KernelLowLatency_fp4",1249,462443499105944,462443499216265,0,64,40,0,112,512,1,1,131072,1,1
"KERNEL_DISPATCH","Agent 2",1,0,120312,1250,6379,"void aiter::opus_moe_sorting_entry<aiter::MoeSortingClearWorkspaceKernel<aiter::MoeSortingClearWorkspaceProblem<true, 1024, 1> >, aiter::MoeSortingClearWorkspaceKernel<aiter::MoeSortingClearWorkspaceProblem<true, 1024, 1> >::Kargs>(aiter::MoeSortingClearWorkspaceKernel<aiter::MoeSortingClearWorkspaceProblem<true, 1024, 1> >::Kargs)",1250,462443499221665,462443499225825,0,0,4,0,16,1024,1,1,262144,1,1
"KERNEL_DISPATCH","Agent 2",1,0,120312,1251,6400,"void aiter::opus_moe_sorting_entry<aiter::MoeSortingMultiPhaseKernel_P0_v1<aiter::MoeSortingProblemMp<int, float, unsigned char, 4, true, true, true> >, aiter::MoeSortingMultiPhaseKernel_P0_v1<aiter::MoeSortingProblemMp<int, float, unsigned char, 4, true, true, true> >::Kargs>(aiter::MoeSortingMultiPhaseKernel_P0_v1<aiter::MoeSortingProblemMp<int, float, unsigned char, 4, true, true, true> >::Kargs)",1251,462443499225825,462443499230305,0,0,16,0,48,256,1,1,131072,1,1
"KERNEL_DISPATCH","Agent 2",1,0,120312,1252,6360,"void aiter::opus_moe_sorting_entry<aiter::MoeSortingMultiPhaseKernel_P1<aiter::MoeSortingProblemMp<int, float, unsigned char, 16, true, true, true> >, aiter::MoeSortingMultiPhaseKernel_P1<aiter::MoeSortingProblemMp<int, float, unsigned char, 16, true, true, true> >::Kargs>(aiter::MoeSortingMultiPhaseKernel_P1<aiter::MoeSortingProblemMp<int, float, unsigned char, 16, true, true, true> >::Kargs)",1252,462443499230305,462443499234505,512,0,12,0,32,256,1,1,229632,1,1
"KERNEL_DISPATCH","Agent 2",1,0,120312,1253,6381,"void aiter::opus_moe_sorting_entry<aiter::MoeSortingMultiPhaseKernel_P23<aiter::MoeSortingProblemMp<int, float, unsigned char, 16, true, true, true> >, aiter::MoeSortingMultiPhaseKernel_P23<aiter::MoeSortingProblemMp<int, float, unsigned char, 16, true, true, true> >::Kargs>(aiter::MoeSortingMultiPhaseKernel_P23<aiter::MoeSortingProblemMp<int, float, unsigned char, 16, true, true, true> >::Kargs)",1253,462443499234505,462443499246065,0,0,32,0,80,256,1,1,360704,1,1
"KERNEL_DISPATCH","Agent 2",1,0,120312,1254,6720,"void aiter::mxfp4_moe_sort_kernel<256, 32, 16, 32>(unsigned char*, unsigned char*, int const*, int const*, int, int, int, int, int)",1254,462443499246065,462443499250545,4608,0,32,0,112,256,1,1,721408,1,1
"KERNEL_DISPATCH","Agent 2",1,0,120312,1255,6762,"mfma_moe1_silu_mul_afp4_wfp4_bf16_t64x128x256_pm1_async_v32",1255,462443499250545,462443499393827,41472,0,100,0,112,256,1,1,6144,1408,1
"KERNEL_DISPATCH","Agent 2",1,0,120312,1256,6540,"void aiter::dynamic_per_group_scaled_quant_kernel<std::bfloat16_t, opus::fp4_t, 32, 32, false, 64, true>(opus::fp4_t*, float*, std::bfloat16_t const*, float const*, long, int, int, long, int const*, int)",1256,462443499393827,462443499436507,0,0,32,0,48,64,1,1,3145728,1,1
"KERNEL_DISPATCH","Agent 2",1,0,120312,1257,6720,"void aiter::mxfp4_moe_sort_kernel<256, 32, 16, 32>(unsigned char*, unsigned char*, int const*, int const*, int, int, int, int, int)",1257,462443499436507,462443499441027,4608,0,32,0,112,256,1,1,721408,1,1
"KERNEL_DISPATCH","Agent 2",1,0,120312,1258,6763,"mfma_moe2_afp4_wfp4_bf16_cshuffle_t64x128x256_vscale_fix3_fp4opt_v1_persist_cu256",1258,462443499441027,462443499517348,33280,0,84,0,112,256,1,1,7168,256,1
"KERNEL_DISPATCH","Agent 2",1,0,120312,1259,6310,"EpCombineSync_bf16",1259,462443499523228,462443499532228,0,64,48,0,96,256,1,1,65536,1,1
"KERNEL_DISPATCH","Agent 2",1,0,120312,1260,6318,"EpCombineSyncBarrier_bf16",1260,462443499532228,462443499780750,0,64,28,0,48,64,1,1,64,1,1
"KERNEL_DISPATCH","Agent 2",1,0,120312,1261,6304,"EpCombineInterNodeV1KernelLowLatency_bf16",1261,462443499780750,462443499866951,0,1024,64,0,112,256,1,1,65536,1,1
"KERNEL_DISPATCH","Agent 2",1,0,120312,1262,6308,"EpCombineAll_bf16",1262,462443499866951,462443499875231,0,64,44,0,112,256,1,1,65536,1,1
"KERNEL_DISPATCH","Agent 2",1,0,120312,1263,6312,"EpDispatchCopyToStaging_fp4",1263,462443499880871,462443499887031,0,64,32,0,64,512,1,1,131072,1,1
"KERNEL_DISPATCH","Agent 2",1,0,120312,1264,6325,"EpDispatchInterNodeV1KernelLowLatency_fp4",1264,462443499887031,462443500021593,0,64,40,0,112,512,1,1,131072,1,1
"KERNEL_DISPATCH","Agent 2",1,0,120312,1265,6379,"void aiter::opus_moe_sorting_entry<aiter::MoeSortingClearWorkspaceKernel<aiter::MoeSortingClearWorkspaceProblem<true, 1024, 1> >, aiter::MoeSortingClearWorkspaceKernel<aiter::MoeSortingClearWorkspaceProblem<true, 1024, 1> >::Kargs>(aiter::MoeSortingClearWorkspaceKernel<aiter::MoeSortingClearWorkspaceProblem<true, 1024, 1> >::Kargs)",1265,462443500027273,462443500031473,0,0,4,0,16,1024,1,1,262144,1,1
"KERNEL_DISPATCH","Agent 2",1,0,120312,1266,6400,"void aiter::opus_moe_sorting_entry<aiter::MoeSortingMultiPhaseKernel_P0_v1<aiter::MoeSortingProblemMp<int, float, unsigned char, 4, true, true, true> >, aiter::MoeSortingMultiPhaseKernel_P0_v1<aiter::MoeSortingProblemMp<int, float, unsigned char, 4, true, true, true> >::Kargs>(aiter::MoeSortingMultiPhaseKernel_P0_v1<aiter::MoeSortingProblemMp<int, float, unsigned char, 4, true, true, true> >::Kargs)",1266,462443500031473,462443500035913,0,0,16,0,48,256,1,1,131072,1,1
"KERNEL_DISPATCH","Agent 2",1,0,120312,1267,6360,"void aiter::opus_moe_sorting_entry<aiter::MoeSortingMultiPhaseKernel_P1<aiter::MoeSortingProblemMp<int, float, unsigned char, 16, true, true, true> >, aiter::MoeSortingMultiPhaseKernel_P1<aiter::MoeSortingProblemMp<int, float, unsigned char, 16, true, true, true> >::Kargs>(aiter::MoeSortingMultiPhaseKernel_P1<aiter::MoeSortingProblemMp<int, float, unsigned char, 16, true, true, true> >::Kargs)",1267,462443500035913,462443500040153,512,0,12,0,32,256,1,1,229632,1,1
"KERNEL_DISPATCH","Agent 2",1,0,120312,1268,6381,"void aiter::opus_moe_sorting_entry<aiter::MoeSortingMultiPhaseKernel_P23<aiter::MoeSortingProblemMp<int, float, unsigned char, 16, true, true, true> >, aiter::MoeSortingMultiPhaseKernel_P23<aiter::MoeSortingProblemMp<int, float, unsigned char, 16, true, true, true> >::Kargs>(aiter::MoeSortingMultiPhaseKernel_P23<aiter::MoeSortingProblemMp<int, float, unsigned char, 16, true, true, true> >::Kargs)",1268,462443500040153,462443500052193,0,0,32,0,80,256,1,1,360704,1,1
"KERNEL_DISPATCH","Agent 2",1,0,120312,1269,6720,"void aiter::mxfp4_moe_sort_kernel<256, 32, 16, 32>(unsigned char*, unsigned char*, int const*, int const*, int, int, int, int, int)",1269,462443500052193,462443500056753,4608,0,32,0,112,256,1,1,721408,1,1
"KERNEL_DISPATCH","Agent 2",1,0,120312,1270,6762,"mfma_moe1_silu_mul_afp4_wfp4_bf16_t64x128x256_pm1_async_v32",1270,462443500056753,462443500198914,41472,0,100,0,112,256,1,1,6144,1408,1
"KERNEL_DISPATCH","Agent 2",1,0,120312,1271,6540,"void aiter::dynamic_per_group_scaled_quant_kernel<std::bfloat16_t, opus::fp4_t, 32, 32, false, 64, true>(opus::fp4_t*, float*, std::bfloat16_t const*, float const*, long, int, int, long, int const*, int)",1271,462443500198914,462443500240835,0,0,32,0,48,64,1,1,3145728,1,1
"KERNEL_DISPATCH","Agent 2",1,0,120312,1272,6720,"void aiter::mxfp4_moe_sort_kernel<256, 32, 16, 32>(unsigned char*, unsigned char*, int const*, int const*, int, int, int, int, int)",1272,462443500240835,462443500245315,4608,0,32,0,112,256,1,1,721408,1,1
"KERNEL_DISPATCH","Agent 2",1,0,120312,1273,6763,"mfma_moe2_afp4_wfp4_bf16_cshuffle_t64x128x256_vscale_fix3_fp4opt_v1_persist_cu256",1273,462443500245315,462443500320556,33280,0,84,0,112,256,1,1,7168,256,1
"KERNEL_DISPATCH","Agent 2",1,0,120312,1274,6310,"EpCombineSync_bf16",1274,462443500328516,462443500338276,0,64,48,0,96,256,1,1,65536,1,1
"KERNEL_DISPATCH","Agent 2",1,0,120312,1275,6318,"EpCombineSyncBarrier_bf16",1275,462443500338276,462443500612118,0,64,28,0,48,64,1,1,64,1,1
"KERNEL_DISPATCH","Agent 2",1,0,120312,1276,6304,"EpCombineInterNodeV1KernelLowLatency_bf16",1276,462443500612118,462443500699479,0,1024,64,0,112,256,1,1,65536,1,1
"KERNEL_DISPATCH","Agent 2",1,0,120312,1277,6308,"EpCombineAll_bf16",1277,462443500699479,462443500707559,0,64,44,0,112,256,1,1,65536,1,1
"KERNEL_DISPATCH","Agent 2",1,0,120312,1278,6312,"EpDispatchCopyToStaging_fp4",1278,462443500713279,462443500719399,0,64,32,0,64,512,1,1,131072,1,1
"KERNEL_DISPATCH","Agent 2",1,0,120312,1279,6325,"EpDispatchInterNodeV1KernelLowLatency_fp4",1279,462443500719336,462443500831578,0,64,40,0,112,512,1,1,131072,1,1
"KERNEL_DISPATCH","Agent 2",1,0,120312,1280,6379,"void aiter::opus_moe_sorting_entry<aiter::MoeSortingClearWorkspaceKernel<aiter::MoeSortingClearWorkspaceProblem<true, 1024, 1> >, aiter::MoeSortingClearWorkspaceKernel<aiter::MoeSortingClearWorkspaceProblem<true, 1024, 1> >::Kargs>(aiter::MoeSortingClearWorkspaceKernel<aiter::MoeSortingClearWorkspaceProblem<true, 1024, 1> >::Kargs)",1280,462443500836961,462443500841041,0,0,4,0,16,1024,1,1,262144,1,1
"KERNEL_DISPATCH","Agent 2",1,0,120312,1281,6400,"void aiter::opus_moe_sorting_entry<aiter::MoeSortingMultiPhaseKernel_P0_v1<aiter::MoeSortingProblemMp<int, float, unsigned char, 4, true, true, true> >, aiter::MoeSortingMultiPhaseKernel_P0_v1<aiter::MoeSortingProblemMp<int, float, unsigned char, 4, true, true, true> >::Kargs>(aiter::MoeSortingMultiPhaseKernel_P0_v1<aiter::MoeSortingProblemMp<int, float, unsigned char, 4, true, true, true> >::Kargs)",1281,462443500841041,462443500845601,0,0,16,0,48,256,1,1,131072,1,1
"KERNEL_DISPATCH","Agent 2",1,0,120312,1282,6360,"void aiter::opus_moe_sorting_entry<aiter::MoeSortingMultiPhaseKernel_P1<aiter::MoeSortingProblemMp<int, float, unsigned char, 16, true, true, true> >, aiter::MoeSortingMultiPhaseKernel_P1<aiter::MoeSortingProblemMp<int, float, unsigned char, 16, true, true, true> >::Kargs>(aiter::MoeSortingMultiPhaseKernel_P1<aiter::MoeSortingProblemMp<int, float, unsigned char, 16, true, true, true> >::Kargs)",1282,462443500845601,462443500849801,512,0,12,0,32,256,1,1,229632,1,1
"KERNEL_DISPATCH","Agent 2",1,0,120312,1283,6381,"void aiter::opus_moe_sorting_entry<aiter::MoeSortingMultiPhaseKernel_P23<aiter::MoeSortingProblemMp<int, float, unsigned char, 16, true, true, true> >, aiter::MoeSortingMultiPhaseKernel_P23<aiter::MoeSortingProblemMp<int, float, unsigned char, 16, true, true, true> >::Kargs>(aiter::MoeSortingMultiPhaseKernel_P23<aiter::MoeSortingProblemMp<int, float, unsigned char, 16, true, true, true> >::Kargs)",1283,462443500849801,462443500861041,0,0,32,0,80,256,1,1,360704,1,1
"KERNEL_DISPATCH","Agent 2",1,0,120312,1284,6720,"void aiter::mxfp4_moe_sort_kernel<256, 32, 16, 32>(unsigned char*, unsigned char*, int const*, int const*, int, int, int, int, int)",1284,462443500861041,462443500865521,4608,0,32,0,112,256,1,1,721408,1,1
"KERNEL_DISPATCH","Agent 2",1,0,120312,1285,6762,"mfma_moe1_silu_mul_afp4_wfp4_bf16_t64x128x256_pm1_async_v32",1285,462443500865521,462443501007122,41472,0,100,0,112,256,1,1,6144,1408,1
"KERNEL_DISPATCH","Agent 2",1,0,120312,1286,6540,"void aiter::dynamic_per_group_scaled_quant_kernel<std::bfloat16_t, opus::fp4_t, 32, 32, false, 64, true>(opus::fp4_t*, float*, std::bfloat16_t const*, float const*, long, int, int, long, int const*, int)",1286,462443501007122,462443501048243,0,0,32,0,48,64,1,1,3145728,1,1
"KERNEL_DISPATCH","Agent 2",1,0,120312,1287,6720,"void aiter::mxfp4_moe_sort_kernel<256, 32, 16, 32>(unsigned char*, unsigned char*, int const*, int const*, int, int, int, int, int)",1287,462443501048243,462443501052683,4608,0,32,0,112,256,1,1,721408,1,1
"KERNEL_DISPATCH","Agent 2",1,0,120312,1288,6763,"mfma_moe2_afp4_wfp4_bf16_cshuffle_t64x128x256_vscale_fix3_fp4opt_v1_persist_cu256",1288,462443501052683,462443501128163,33280,0,84,0,112,256,1,1,7168,256,1
"KERNEL_DISPATCH","Agent 2",1,0,120312,1289,6310,"EpCombineSync_bf16",1289,462443501134004,462443501142924,0,64,48,0,96,256,1,1,65536,1,1
"KERNEL_DISPATCH","Agent 2",1,0,120312,1290,6318,"EpCombineSyncBarrier_bf16",1290,462443501142924,462443501453727,0,64,28,0,48,64,1,1,64,1,1
"KERNEL_DISPATCH","Agent 2",1,0,120312,1291,6304,"EpCombineInterNodeV1KernelLowLatency_bf16",1291,462443501453727,462443501540128,0,1024,64,0,112,256,1,1,65536,1,1
"KERNEL_DISPATCH","Agent 2",1,0,120312,1292,6308,"EpCombineAll_bf16",1292,462443501540128,462443501548128,0,64,44,0,112,256,1,1,65536,1,1
"KERNEL_DISPATCH","Agent 2",1,0,120312,1293,6312,"EpDispatchCopyToStaging_fp4",1293,462443501553928,462443501560008,0,64,32,0,64,512,1,1,131072,1,1
"KERNEL_DISPATCH","Agent 2",1,0,120312,1294,6325,"EpDispatchInterNodeV1KernelLowLatency_fp4",1294,462443501560008,462443501669609,0,64,40,0,112,512,1,1,131072,1,1
"KERNEL_DISPATCH","Agent 2",1,0,120312,1295,6379,"void aiter::opus_moe_sorting_entry<aiter::MoeSortingClearWorkspaceKernel<aiter::MoeSortingClearWorkspaceProblem<true, 1024, 1> >, aiter::MoeSortingClearWorkspaceKernel<aiter::MoeSortingClearWorkspaceProblem<true, 1024, 1> >::Kargs>(aiter::MoeSortingClearWorkspaceKernel<aiter::MoeSortingClearWorkspaceProblem<true, 1024, 1> >::Kargs)",1295,462443501674969,462443501679049,0,0,4,0,16,1024,1,1,262144,1,1
"KERNEL_DISPATCH","Agent 2",1,0,120312,1296,6400,"void aiter::opus_moe_sorting_entry<aiter::MoeSortingMultiPhaseKernel_P0_v1<aiter::MoeSortingProblemMp<int, float, unsigned char, 4, true, true, true> >, aiter::MoeSortingMultiPhaseKernel_P0_v1<aiter::MoeSortingProblemMp<int, float, unsigned char, 4, true, true, true> >::Kargs>(aiter::MoeSortingMultiPhaseKernel_P0_v1<aiter::MoeSortingProblemMp<int, float, unsigned char, 4, true, true, true> >::Kargs)",1296,462443501679049,462443501683489,0,0,16,0,48,256,1,1,131072,1,1
"KERNEL_DISPATCH","Agent 2",1,0,120312,1297,6360,"void aiter::opus_moe_sorting_entry<aiter::MoeSortingMultiPhaseKernel_P1<aiter::MoeSortingProblemMp<int, float, unsigned char, 16, true, true, true> >, aiter::MoeSortingMultiPhaseKernel_P1<aiter::MoeSortingProblemMp<int, float, unsigned char, 16, true, true, true> >::Kargs>(aiter::MoeSortingMultiPhaseKernel_P1<aiter::MoeSortingProblemMp<int, float, unsigned char, 16, true, true, true> >::Kargs)",1297,462443501683489,462443501687689,512,0,12,0,32,256,1,1,229632,1,1
"KERNEL_DISPATCH","Agent 2",1,0,120312,1298,6381,"void aiter::opus_moe_sorting_entry<aiter::MoeSortingMultiPhaseKernel_P23<aiter::MoeSortingProblemMp<int, float, unsigned char, 16, true, true, true> >, aiter::MoeSortingMultiPhaseKernel_P23<aiter::MoeSortingProblemMp<int, float, unsigned char, 16, true, true, true> >::Kargs>(aiter::MoeSortingMultiPhaseKernel_P23<aiter::MoeSortingProblemMp<int, float, unsigned char, 16, true, true, true> >::Kargs)",1298,462443501687689,462443501699009,0,0,32,0,80,256,1,1,360704,1,1
"KERNEL_DISPATCH","Agent 2",1,0,120312,1299,6720,"void aiter::mxfp4_moe_sort_kernel<256, 32, 16, 32>(unsigned char*, unsigned char*, int const*, int const*, int, int, int, int, int)",1299,462443501699009,462443501703649,4608,0,32,0,112,256,1,1,721408,1,1
"KERNEL_DISPATCH","Agent 2",1,0,120312,1300,6762,"mfma_moe1_silu_mul_afp4_wfp4_bf16_t64x128x256_pm1_async_v32",1300,462443501703649,462443501846610,41472,0,100,0,112,256,1,1,6144,1408,1
"KERNEL_DISPATCH","Agent 2",1,0,120312,1301,6540,"void aiter::dynamic_per_group_scaled_quant_kernel<std::bfloat16_t, opus::fp4_t, 32, 32, false, 64, true>(opus::fp4_t*, float*, std::bfloat16_t const*, float const*, long, int, int, long, int const*, int)",1301,462443501846610,462443501887491,0,0,32,0,48,64,1,1,3145728,1,1
"KERNEL_DISPATCH","Agent 2",1,0,120312,1304,6310,"EpCombineSync_bf16",1304,462443501979332,462443501987972,0,64,48,0,96,256,1,1,65536,1,1
"KERNEL_DISPATCH","Agent 2",1,0,120312,1306,6304,"EpCombineInterNodeV1KernelLowLatency_bf16",1306,462443502250134,462443502334615,0,1024,64,0,112,256,1,1,65536,1,1
"KERNEL_DISPATCH","Agent 2",1,0,120312,1309,6325,"EpDispatchInterNodeV1KernelLowLatency_fp4",1309,462443502355095,462443502493137,0,64,40,0,112,512,1,1,131072,1,1
"KERNEL_DISPATCH","Agent 2",1,0,120312,1310,6379,"void aiter::opus_moe_sorting_entry<aiter::MoeSortingClearWorkspaceKernel<aiter::MoeSortingClearWorkspaceProblem<true, 1024, 1> >, aiter::MoeSortingClearWorkspaceKernel<aiter::MoeSortingClearWorkspaceProblem<true, 1024, 1> >::Kargs>(aiter::MoeSortingClearWorkspaceKernel<aiter::MoeSortingClearWorkspaceProblem<true, 1024, 1> >::Kargs)",1310,462443502498577,462443502502777,0,0,4,0,16,1024,1,1,262144,1,1
"KERNEL_DISPATCH","Agent 2",1,0,120312,1303,6763,"mfma_moe2_afp4_wfp4_bf16_cshuffle_t64x128x256_vscale_fix3_fp4opt_v1_persist_cu256",1303,462443501897531,462443501973612,33280,0,84,0,112,256,1,1,7168,256,1
"KERNEL_DISPATCH","Agent 2",1,0,120312,1308,6312,"EpDispatchCopyToStaging_fp4",1308,462443502348935,462443502355095,0,64,32,0,64,512,1,1,131072,1,1
"KERNEL_DISPATCH","Agent 2",1,0,120312,1307,6308,"EpCombineAll_bf16",1307,462443502334615,462443502343175,0,64,44,0,112,256,1,1,65536,1,1
"KERNEL_DISPATCH","Agent 2",1,0,120312,1305,6318,"EpCombineSyncBarrier_bf16",1305,462443501987972,462443502250134,0,64,28,0,48,64,1,1,64,1,1
"KERNEL_DISPATCH","Agent 2",1,0,120312,1312,6360,"void aiter::opus_moe_sorting_entry<aiter::MoeSortingMultiPhaseKernel_P1<aiter::MoeSortingProblemMp<int, float, unsigned char, 16, true, true, true> >, aiter::MoeSortingMultiPhaseKernel_P1<aiter::MoeSortingProblemMp<int, float, unsigned char, 16, true, true, true> >::Kargs>(aiter::MoeSortingMultiPhaseKernel_P1<aiter::MoeSortingProblemMp<int, float, unsigned char, 16, true, true, true> >::Kargs)",1312,462443502507337,462443502511777,512,0,12,0,32,256,1,1,229632,1,1
"KERNEL_DISPATCH","Agent 2",1,0,120312,1311,6400,"void aiter::opus_moe_sorting_entry<aiter::MoeSortingMultiPhaseKernel_P0_v1<aiter::MoeSortingProblemMp<int, float, unsigned char, 4, true, true, true> >, aiter::MoeSortingMultiPhaseKernel_P0_v1<aiter::MoeSortingProblemMp<int, float, unsigned char, 4, true, true, true> >::Kargs>(aiter::MoeSortingMultiPhaseKernel_P0_v1<aiter::MoeSortingProblemMp<int, float, unsigned char, 4, true, true, true> >::Kargs)",1311,462443502502777,462443502507337,0,0,16,0,48,256,1,1,131072,1,1
"KERNEL_DISPATCH","Agent 2",1,0,120312,1302,6720,"void aiter::mxfp4_moe_sort_kernel<256, 32, 16, 32>(unsigned char*, unsigned char*, int const*, int const*, int, int, int, int, int)",1302,462443501893171,462443501897531,4608,0,32,0,112,256,1,1,721408,1,1
"KERNEL_DISPATCH","Agent 2",1,0,120312,1313,6381,"void aiter::opus_moe_sorting_entry<aiter::MoeSortingMultiPhaseKernel_P23<aiter::MoeSortingProblemMp<int, float, unsigned char, 16, true, true, true> >, aiter::MoeSortingMultiPhaseKernel_P23<aiter::MoeSortingProblemMp<int, float, unsigned char, 16, true, true, true> >::Kargs>(aiter::MoeSortingMultiPhaseKernel_P23<aiter::MoeSortingProblemMp<int, float, unsigned char, 16, true, true, true> >::Kargs)",1313,462443502511777,462443502523337,0,0,32,0,80,256,1,1,360704,1,1
"KERNEL_DISPATCH","Agent 2",1,0,120312,1314,6720,"void aiter::mxfp4_moe_sort_kernel<256, 32, 16, 32>(unsigned char*, unsigned char*, int const*, int const*, int, int, int, int, int)",1314,462443502523337,462443502527817,4608,0,32,0,112,256,1,1,721408,1,1
"KERNEL_DISPATCH","Agent 2",1,0,120312,1315,6762,"mfma_moe1_silu_mul_afp4_wfp4_bf16_t64x128x256_pm1_async_v32",1315,462443502527817,462443502674219,41472,0,100,0,112,256,1,1,6144,1408,1
"KERNEL_DISPATCH","Agent 2",1,0,120312,1316,6540,"void aiter::dynamic_per_group_scaled_quant_kernel<std::bfloat16_t, opus::fp4_t, 32, 32, false, 64, true>(opus::fp4_t*, float*, std::bfloat16_t const*, float const*, long, int, int, long, int const*, int)",1316,462443502674219,462443502716419,0,0,32,0,48,64,1,1,3145728,1,1
"KERNEL_DISPATCH","Agent 2",1,0,120312,1317,6720,"void aiter::mxfp4_moe_sort_kernel<256, 32, 16, 32>(unsigned char*, unsigned char*, int const*, int const*, int, int, int, int, int)",1317,462443502716419,462443502720819,4608,0,32,0,112,256,1,1,721408,1,1
"KERNEL_DISPATCH","Agent 2",1,0,120312,1318,6763,"mfma_moe2_afp4_wfp4_bf16_cshuffle_t64x128x256_vscale_fix3_fp4opt_v1_persist_cu256",1318,462443502720819,462443502796420,33280,0,84,0,112,256,1,1,7168,256,1
"KERNEL_DISPATCH","Agent 2",1,0,120312,1319,6310,"EpCombineSync_bf16",1319,462443502802380,462443502811100,0,64,48,0,96,256,1,1,65536,1,1
"KERNEL_DISPATCH","Agent 2",1,0,120312,1320,6318,"EpCombineSyncBarrier_bf16",1320,462443502811100,462443503502747,0,64,28,0,48,64,1,1,64,1,1
"KERNEL_DISPATCH","Agent 2",1,0,120312,1321,6304,"EpCombineInterNodeV1KernelLowLatency_bf16",1321,462443503502747,462443503588908,0,1024,64,0,112,256,1,1,65536,1,1
"KERNEL_DISPATCH","Agent 2",1,0,120312,1322,6308,"EpCombineAll_bf16",1322,462443503588908,462443503597308,0,64,44,0,112,256,1,1,65536,1,1
"KERNEL_DISPATCH","Agent 2",1,0,120312,1323,6312,"EpDispatchCopyToStaging_fp4",1323,462443503603308,462443503609548,0,64,32,0,64,512,1,1,131072,1,1
"KERNEL_DISPATCH","Agent 2",1,0,120312,1324,6325,"EpDispatchInterNodeV1KernelLowLatency_fp4",1324,462443503609548,462443503723309,0,64,40,0,112,512,1,1,131072,1,1
"KERNEL_DISPATCH","Agent 2",1,0,120312,1325,6379,"void aiter::opus_moe_sorting_entry<aiter::MoeSortingClearWorkspaceKernel<aiter::MoeSortingClearWorkspaceProblem<true, 1024, 1> >, aiter::MoeSortingClearWorkspaceKernel<aiter::MoeSortingClearWorkspaceProblem<true, 1024, 1> >::Kargs>(aiter::MoeSortingClearWorkspaceKernel<aiter::MoeSortingClearWorkspaceProblem<true, 1024, 1> >::Kargs)",1325,462443503728829,462443503732989,0,0,4,0,16,1024,1,1,262144,1,1
"KERNEL_DISPATCH","Agent 2",1,0,120312,1326,6400,"void aiter::opus_moe_sorting_entry<aiter::MoeSortingMultiPhaseKernel_P0_v1<aiter::MoeSortingProblemMp<int, float, unsigned char, 4, true, true, true> >, aiter::MoeSortingMultiPhaseKernel_P0_v1<aiter::MoeSortingProblemMp<int, float, unsigned char, 4, true, true, true> >::Kargs>(aiter::MoeSortingMultiPhaseKernel_P0_v1<aiter::MoeSortingProblemMp<int, float, unsigned char, 4, true, true, true> >::Kargs)",1326,462443503732989,462443503737429,0,0,16,0,48,256,1,1,131072,1,1
"KERNEL_DISPATCH","Agent 2",1,0,120312,1327,6360,"void aiter::opus_moe_sorting_entry<aiter::MoeSortingMultiPhaseKernel_P1<aiter::MoeSortingProblemMp<int, float, unsigned char, 16, true, true, true> >, aiter::MoeSortingMultiPhaseKernel_P1<aiter::MoeSortingProblemMp<int, float, unsigned char, 16, true, true, true> >::Kargs>(aiter::MoeSortingMultiPhaseKernel_P1<aiter::MoeSortingProblemMp<int, float, unsigned char, 16, true, true, true> >::Kargs)",1327,462443503737429,462443503741629,512,0,12,0,32,256,1,1,229632,1,1
"KERNEL_DISPATCH","Agent 2",1,0,120312,1328,6381,"void aiter::opus_moe_sorting_entry<aiter::MoeSortingMultiPhaseKernel_P23<aiter::MoeSortingProblemMp<int, float, unsigned char, 16, true, true, true> >, aiter::MoeSortingMultiPhaseKernel_P23<aiter::MoeSortingProblemMp<int, float, unsigned char, 16, true, true, true> >::Kargs>(aiter::MoeSortingMultiPhaseKernel_P23<aiter::MoeSortingProblemMp<int, float, unsigned char, 16, true, true, true> >::Kargs)",1328,462443503741629,462443503753589,0,0,32,0,80,256,1,1,360704,1,1
"KERNEL_DISPATCH","Agent 2",1,0,120312,1329,6720,"void aiter::mxfp4_moe_sort_kernel<256, 32, 16, 32>(unsigned char*, unsigned char*, int const*, int const*, int, int, int, int, int)",1329,462443503753589,462443503758069,4608,0,32,0,112,256,1,1,721408,1,1
"KERNEL_DISPATCH","Agent 2",1,0,120312,1330,6762,"mfma_moe1_silu_mul_afp4_wfp4_bf16_t64x128x256_pm1_async_v32",1330,462443503758069,462443503901391,41472,0,100,0,112,256,1,1,6144,1408,1
"KERNEL_DISPATCH","Agent 2",1,0,120312,1331,6540,"void aiter::dynamic_per_group_scaled_quant_kernel<std::bfloat16_t, opus::fp4_t, 32, 32, false, 64, true>(opus::fp4_t*, float*, std::bfloat16_t const*, float const*, long, int, int, long, int const*, int)",1331,462443503901391,462443503944151,0,0,32,0,48,64,1,1,3145728,1,1
"KERNEL_DISPATCH","Agent 2",1,0,120312,1332,6720,"void aiter::mxfp4_moe_sort_kernel<256, 32, 16, 32>(unsigned char*, unsigned char*, int const*, int const*, int, int, int, int, int)",1332,462443503944151,462443503948711,4608,0,32,0,112,256,1,1,721408,1,1
"KERNEL_DISPATCH","Agent 2",1,0,120312,1333,6763,"mfma_moe2_afp4_wfp4_bf16_cshuffle_t64x128x256_vscale_fix3_fp4opt_v1_persist_cu256",1333,462443503948711,462443504024112,33280,0,84,0,112,256,1,1,7168,256,1
"KERNEL_DISPATCH","Agent 2",1,0,120312,1334,6310,"EpCombineSync_bf16",1334,462443504030072,462443504038872,0,64,48,0,96,256,1,1,65536,1,1
"KERNEL_DISPATCH","Agent 2",1,0,120312,1335,6318,"EpCombineSyncBarrier_bf16",1335,462443504038872,462443504423756,0,64,28,0,48,64,1,1,64,1,1
"KERNEL_DISPATCH","Agent 2",1,0,120312,1336,6304,"EpCombineInterNodeV1KernelLowLatency_bf16",1336,462443504423756,462443504510877,0,1024,64,0,112,256,1,1,65536,1,1
"KERNEL_DISPATCH","Agent 2",1,0,120312,1337,6308,"EpCombineAll_bf16",1337,462443504510877,462443504519517,0,64,44,0,112,256,1,1,65536,1,1
"KERNEL_DISPATCH","Agent 2",1,0,120312,1338,6312,"EpDispatchCopyToStaging_fp4",1338,462443504525197,462443504531157,0,64,32,0,64,512,1,1,131072,1,1
"KERNEL_DISPATCH","Agent 2",1,0,120312,1339,6325,"EpDispatchInterNodeV1KernelLowLatency_fp4",1339,462443504531157,462443504641878,0,64,40,0,112,512,1,1,131072,1,1
"KERNEL_DISPATCH","Agent 2",1,0,120312,1342,6360,"void aiter::opus_moe_sorting_entry<aiter::MoeSortingMultiPhaseKernel_P1<aiter::MoeSortingProblemMp<int, float, unsigned char, 16, true, true, true> >, aiter::MoeSortingMultiPhaseKernel_P1<aiter::MoeSortingProblemMp<int, float, unsigned char, 16, true, true, true> >::Kargs>(aiter::MoeSortingMultiPhaseKernel_P1<aiter::MoeSortingProblemMp<int, float, unsigned char, 16, true, true, true> >::Kargs)",1342,462443504656038,462443504660318,512,0,12,0,32,256,1,1,229632,1,1
"KERNEL_DISPATCH","Agent 2",1,0,120312,1344,6720,"void aiter::mxfp4_moe_sort_kernel<256, 32, 16, 32>(unsigned char*, unsigned char*, int const*, int const*, int, int, int, int, int)",1344,462443504671758,462443504676198,4608,0,32,0,112,256,1,1,721408,1,1
"KERNEL_DISPATCH","Agent 2",1,0,120312,1341,6400,"void aiter::opus_moe_sorting_entry<aiter::MoeSortingMultiPhaseKernel_P0_v1<aiter::MoeSortingProblemMp<int, float, unsigned char, 4, true, true, true> >, aiter::MoeSortingMultiPhaseKernel_P0_v1<aiter::MoeSortingProblemMp<int, float, unsigned char, 4, true, true, true> >::Kargs>(aiter::MoeSortingMultiPhaseKernel_P0_v1<aiter::MoeSortingProblemMp<int, float, unsigned char, 4, true, true, true> >::Kargs)",1341,462443504651398,462443504656038,0,0,16,0,48,256,1,1,131072,1,1
"KERNEL_DISPATCH","Agent 2",1,0,120312,1340,6379,"void aiter::opus_moe_sorting_entry<aiter::MoeSortingClearWorkspaceKernel<aiter::MoeSortingClearWorkspaceProblem<true, 1024, 1> >, aiter::MoeSortingClearWorkspaceKernel<aiter::MoeSortingClearWorkspaceProblem<true, 1024, 1> >::Kargs>(aiter::MoeSortingClearWorkspaceKernel<aiter::MoeSortingClearWorkspaceProblem<true, 1024, 1> >::Kargs)",1340,462443504647278,462443504651398,0,0,4,0,16,1024,1,1,262144,1,1
"KERNEL_DISPATCH","Agent 2",1,0,120312,1343,6381,"void aiter::opus_moe_sorting_entry<aiter::MoeSortingMultiPhaseKernel_P23<aiter::MoeSortingProblemMp<int, float, unsigned char, 16, true, true, true> >, aiter::MoeSortingMultiPhaseKernel_P23<aiter::MoeSortingProblemMp<int, float, unsigned char, 16, true, true, true> >::Kargs>(aiter::MoeSortingMultiPhaseKernel_P23<aiter::MoeSortingProblemMp<int, float, unsigned char, 16, true, true, true> >::Kargs)",1343,462443504660318,462443504671758,0,0,32,0,80,256,1,1,360704,1,1
"KERNEL_DISPATCH","Agent 2",1,0,120312,1345,6762,"mfma_moe1_silu_mul_afp4_wfp4_bf16_t64x128x256_pm1_async_v32",1345,462443504676198,462443504818960,41472,0,100,0,112,256,1,1,6144,1408,1
"KERNEL_DISPATCH","Agent 2",1,0,120312,1346,6540,"void aiter::dynamic_per_group_scaled_quant_kernel<std::bfloat16_t, opus::fp4_t, 32, 32, false, 64, true>(opus::fp4_t*, float*, std::bfloat16_t const*, float const*, long, int, int, long, int const*, int)",1346,462443504818960,462443504860040,0,0,32,0,48,64,1,1,3145728,1,1
"KERNEL_DISPATCH","Agent 2",1,0,120312,1347,6720,"void aiter::mxfp4_moe_sort_kernel<256, 32, 16, 32>(unsigned char*, unsigned char*, int const*, int const*, int, int, int, int, int)",1347,462443504860040,462443504864560,4608,0,32,0,112,256,1,1,721408,1,1
"KERNEL_DISPATCH","Agent 2",1,0,120312,1348,6763,"mfma_moe2_afp4_wfp4_bf16_cshuffle_t64x128x256_vscale_fix3_fp4opt_v1_persist_cu256",1348,462443504864560,462443504941721,33280,0,84,0,112,256,1,1,7168,256,1
"KERNEL_DISPATCH","Agent 2",1,0,120312,1349,6310,"EpCombineSync_bf16",1349,462443504947721,462443504956601,0,64,48,0,96,256,1,1,65536,1,1
"KERNEL_DISPATCH","Agent 2",1,0,120312,1350,6318,"EpCombineSyncBarrier_bf16",1350,462443504956601,462443505613047,0,64,28,0,48,64,1,1,64,1,1
"KERNEL_DISPATCH","Agent 2",1,0,120312,1351,6304,"EpCombineInterNodeV1KernelLowLatency_bf16",1351,462443505613047,462443505698208,0,1024,64,0,112,256,1,1,65536,1,1
"KERNEL_DISPATCH","Agent 2",1,0,120312,1352,6308,"EpCombineAll_bf16",1352,462443505698208,462443505706448,0,64,44,0,112,256,1,1,65536,1,1
"KERNEL_DISPATCH","Agent 2",1,0,120312,1353,6312,"EpDispatchCopyToStaging_fp4",1353,462443505712968,462443505719128,0,64,32,0,64,512,1,1,131072,1,1
"KERNEL_DISPATCH","Agent 2",1,0,120312,1354,6325,"EpDispatchInterNodeV1KernelLowLatency_fp4",1354,462443505719128,462443505834529,0,64,40,0,112,512,1,1,131072,1,1
"KERNEL_DISPATCH","Agent 2",1,0,120312,1355,6379,"void aiter::opus_moe_sorting_entry<aiter::MoeSortingClearWorkspaceKernel<aiter::MoeSortingClearWorkspaceProblem<true, 1024, 1> >, aiter::MoeSortingClearWorkspaceKernel<aiter::MoeSortingClearWorkspaceProblem<true, 1024, 1> >::Kargs>(aiter::MoeSortingClearWorkspaceKernel<aiter::MoeSortingClearWorkspaceProblem<true, 1024, 1> >::Kargs)",1355,462443505840129,462443505844290,0,0,4,0,16,1024,1,1,262144,1,1
"KERNEL_DISPATCH","Agent 2",1,0,120312,1356,6400,"void aiter::opus_moe_sorting_entry<aiter::MoeSortingMultiPhaseKernel_P0_v1<aiter::MoeSortingProblemMp<int, float, unsigned char, 4, true, true, true> >, aiter::MoeSortingMultiPhaseKernel_P0_v1<aiter::MoeSortingProblemMp<int, float, unsigned char, 4, true, true, true> >::Kargs>(aiter::MoeSortingMultiPhaseKernel_P0_v1<aiter::MoeSortingProblemMp<int, float, unsigned char, 4, true, true, true> >::Kargs)",1356,462443505844290,462443505848890,0,0,16,0,48,256,1,1,131072,1,1
"KERNEL_DISPATCH","Agent 2",1,0,120312,1357,6360,"void aiter::opus_moe_sorting_entry<aiter::MoeSortingMultiPhaseKernel_P1<aiter::MoeSortingProblemMp<int, float, unsigned char, 16, true, true, true> >, aiter::MoeSortingMultiPhaseKernel_P1<aiter::MoeSortingProblemMp<int, float, unsigned char, 16, true, true, true> >::Kargs>(aiter::MoeSortingMultiPhaseKernel_P1<aiter::MoeSortingProblemMp<int, float, unsigned char, 16, true, true, true> >::Kargs)",1357,462443505848890,462443505853250,512,0,12,0,32,256,1,1,229632,1,1
"KERNEL_DISPATCH","Agent 2",1,0,120312,1358,6381,"void aiter::opus_moe_sorting_entry<aiter::MoeSortingMultiPhaseKernel_P23<aiter::MoeSortingProblemMp<int, float, unsigned char, 16, true, true, true> >, aiter::MoeSortingMultiPhaseKernel_P23<aiter::MoeSortingProblemMp<int, float, unsigned char, 16, true, true, true> >::Kargs>(aiter::MoeSortingMultiPhaseKernel_P23<aiter::MoeSortingProblemMp<int, float, unsigned char, 16, true, true, true> >::Kargs)",1358,462443505853250,462443505864810,0,0,32,0,80,256,1,1,360704,1,1
"KERNEL_DISPATCH","Agent 2",1,0,120312,1359,6720,"void aiter::mxfp4_moe_sort_kernel<256, 32, 16, 32>(unsigned char*, unsigned char*, int const*, int const*, int, int, int, int, int)",1359,462443505864810,462443505869290,4608,0,32,0,112,256,1,1,721408,1,1
"KERNEL_DISPATCH","Agent 2",1,0,120312,1360,6762,"mfma_moe1_silu_mul_afp4_wfp4_bf16_t64x128x256_pm1_async_v32",1360,462443505869290,462443506012771,41472,0,100,0,112,256,1,1,6144,1408,1
"KERNEL_DISPATCH","Agent 2",1,0,120312,1361,6540,"void aiter::dynamic_per_group_scaled_quant_kernel<std::bfloat16_t, opus::fp4_t, 32, 32, false, 64, true>(opus::fp4_t*, float*, std::bfloat16_t const*, float const*, long, int, int, long, int const*, int)",1361,462443506012771,462443506054092,0,0,32,0,48,64,1,1,3145728,1,1
"KERNEL_DISPATCH","Agent 2",1,0,120312,1362,6720,"void aiter::mxfp4_moe_sort_kernel<256, 32, 16, 32>(unsigned char*, unsigned char*, int const*, int const*, int, int, int, int, int)",1362,462443506054092,462443506058612,4608,0,32,0,112,256,1,1,721408,1,1
"KERNEL_DISPATCH","Agent 2",1,0,120312,1363,6763,"mfma_moe2_afp4_wfp4_bf16_cshuffle_t64x128x256_vscale_fix3_fp4opt_v1_persist_cu256",1363,462443506058612,462443506133932,33280,0,84,0,112,256,1,1,7168,256,1
"KERNEL_DISPATCH","Agent 2",1,0,120312,1364,6310,"EpCombineSync_bf16",1364,462443506139892,462443506148693,0,64,48,0,96,256,1,1,65536,1,1
"KERNEL_DISPATCH","Agent 2",1,0,120312,1365,6318,"EpCombineSyncBarrier_bf16",1365,462443506148693,462443506775939,0,64,28,0,48,64,1,1,64,1,1
"KERNEL_DISPATCH","Agent 2",1,0,120312,1366,6304,"EpCombineInterNodeV1KernelLowLatency_bf16",1366,462443506775939,462443506862019,0,1024,64,0,112,256,1,1,65536,1,1
"KERNEL_DISPATCH","Agent 2",1,0,120312,1367,6308,"EpCombineAll_bf16",1367,462443506862019,462443506870220,0,64,44,0,112,256,1,1,65536,1,1
"KERNEL_DISPATCH","Agent 2",1,0,120312,1368,6312,"EpDispatchCopyToStaging_fp4",1368,462443506875980,462443506882100,0,64,32,0,64,512,1,1,131072,1,1
"KERNEL_DISPATCH","Agent 2",1,0,120312,1369,6325,"EpDispatchInterNodeV1KernelLowLatency_fp4",1369,462443506882100,462443506994861,0,64,40,0,112,512,1,1,131072,1,1
"KERNEL_DISPATCH","Agent 2",1,0,120312,1370,6379,"void aiter::opus_moe_sorting_entry<aiter::MoeSortingClearWorkspaceKernel<aiter::MoeSortingClearWorkspaceProblem<true, 1024, 1> >, aiter::MoeSortingClearWorkspaceKernel<aiter::MoeSortingClearWorkspaceProblem<true, 1024, 1> >::Kargs>(aiter::MoeSortingClearWorkspaceKernel<aiter::MoeSortingClearWorkspaceProblem<true, 1024, 1> >::Kargs)",1370,462443507000301,462443507004381,0,0,4,0,16,1024,1,1,262144,1,1
"KERNEL_DISPATCH","Agent 2",1,0,120312,1371,6400,"void aiter::opus_moe_sorting_entry<aiter::MoeSortingMultiPhaseKernel_P0_v1<aiter::MoeSortingProblemMp<int, float, unsigned char, 4, true, true, true> >, aiter::MoeSortingMultiPhaseKernel_P0_v1<aiter::MoeSortingProblemMp<int, float, unsigned char, 4, true, true, true> >::Kargs>(aiter::MoeSortingMultiPhaseKernel_P0_v1<aiter::MoeSortingProblemMp<int, float, unsigned char, 4, true, true, true> >::Kargs)",1371,462443507004381,462443507008821,0,0,16,0,48,256,1,1,131072,1,1
"KERNEL_DISPATCH","Agent 2",1,0,120312,1372,6360,"void aiter::opus_moe_sorting_entry<aiter::MoeSortingMultiPhaseKernel_P1<aiter::MoeSortingProblemMp<int, float, unsigned char, 16, true, true, true> >, aiter::MoeSortingMultiPhaseKernel_P1<aiter::MoeSortingProblemMp<int, float, unsigned char, 16, true, true, true> >::Kargs>(aiter::MoeSortingMultiPhaseKernel_P1<aiter::MoeSortingProblemMp<int, float, unsigned char, 16, true, true, true> >::Kargs)",1372,462443507008821,462443507013141,512,0,12,0,32,256,1,1,229632,1,1
"KERNEL_DISPATCH","Agent 2",1,0,120312,1373,6381,"void aiter::opus_moe_sorting_entry<aiter::MoeSortingMultiPhaseKernel_P23<aiter::MoeSortingProblemMp<int, float, unsigned char, 16, true, true, true> >, aiter::MoeSortingMultiPhaseKernel_P23<aiter::MoeSortingProblemMp<int, float, unsigned char, 16, true, true, true> >::Kargs>(aiter::MoeSortingMultiPhaseKernel_P23<aiter::MoeSortingProblemMp<int, float, unsigned char, 16, true, true, true> >::Kargs)",1373,462443507013141,462443507024341,0,0,32,0,80,256,1,1,360704,1,1
"KERNEL_DISPATCH","Agent 2",1,0,120312,1374,6720,"void aiter::mxfp4_moe_sort_kernel<256, 32, 16, 32>(unsigned char*, unsigned char*, int const*, int const*, int, int, int, int, int)",1374,462443507024341,462443507028821,4608,0,32,0,112,256,1,1,721408,1,1
"KERNEL_DISPATCH","Agent 2",1,0,120312,1375,6762,"mfma_moe1_silu_mul_afp4_wfp4_bf16_t64x128x256_pm1_async_v32",1375,462443507028821,462443507170462,41472,0,100,0,112,256,1,1,6144,1408,1
"KERNEL_DISPATCH","Agent 2",1,0,120312,1376,6540,"void aiter::dynamic_per_group_scaled_quant_kernel<std::bfloat16_t, opus::fp4_t, 32, 32, false, 64, true>(opus::fp4_t*, float*, std::bfloat16_t const*, float const*, long, int, int, long, int const*, int)",1376,462443507170462,462443507212343,0,0,32,0,48,64,1,1,3145728,1,1
"KERNEL_DISPATCH","Agent 2",1,0,120312,1377,6720,"void aiter::mxfp4_moe_sort_kernel<256, 32, 16, 32>(unsigned char*, unsigned char*, int const*, int const*, int, int, int, int, int)",1377,462443507212343,462443507216903,4608,0,32,0,112,256,1,1,721408,1,1
"KERNEL_DISPATCH","Agent 2",1,0,120312,1378,6763,"mfma_moe2_afp4_wfp4_bf16_cshuffle_t64x128x256_vscale_fix3_fp4opt_v1_persist_cu256",1378,462443507216903,462443507292424,33280,0,84,0,112,256,1,1,7168,256,1
"KERNEL_DISPATCH","Agent 2",1,0,120312,1379,6310,"EpCombineSync_bf16",1379,462443507298384,462443507307264,0,64,48,0,96,256,1,1,65536,1,1
"KERNEL_DISPATCH","Agent 2",1,0,120312,1380,6318,"EpCombineSyncBarrier_bf16",1380,462443507307264,462443507949830,0,64,28,0,48,64,1,1,64,1,1
"KERNEL_DISPATCH","Agent 2",1,0,120312,1381,6304,"EpCombineInterNodeV1KernelLowLatency_bf16",1381,462443507949830,462443508036071,0,1024,64,0,112,256,1,1,65536,1,1
"KERNEL_DISPATCH","Agent 2",1,0,120312,1382,6308,"EpCombineAll_bf16",1382,462443508036071,462443508044071,0,64,44,0,112,256,1,1,65536,1,1
"KERNEL_DISPATCH","Agent 2",1,0,120312,1383,6312,"EpDispatchCopyToStaging_fp4",1383,462443508050511,462443508056871,0,64,32,0,64,512,1,1,131072,1,1
"KERNEL_DISPATCH","Agent 2",1,0,120312,1384,6325,"EpDispatchInterNodeV1KernelLowLatency_fp4",1384,462443508056871,462443508174072,0,64,40,0,112,512,1,1,131072,1,1
"KERNEL_DISPATCH","Agent 2",1,0,120312,1385,6379,"void aiter::opus_moe_sorting_entry<aiter::MoeSortingClearWorkspaceKernel<aiter::MoeSortingClearWorkspaceProblem<true, 1024, 1> >, aiter::MoeSortingClearWorkspaceKernel<aiter::MoeSortingClearWorkspaceProblem<true, 1024, 1> >::Kargs>(aiter::MoeSortingClearWorkspaceKernel<aiter::MoeSortingClearWorkspaceProblem<true, 1024, 1> >::Kargs)",1385,462443508179512,462443508183792,0,0,4,0,16,1024,1,1,262144,1,1
"KERNEL_DISPATCH","Agent 2",1,0,120312,1386,6400,"void aiter::opus_moe_sorting_entry<aiter::MoeSortingMultiPhaseKernel_P0_v1<aiter::MoeSortingProblemMp<int, float, unsigned char, 4, true, true, true> >, aiter::MoeSortingMultiPhaseKernel_P0_v1<aiter::MoeSortingProblemMp<int, float, unsigned char, 4, true, true, true> >::Kargs>(aiter::MoeSortingMultiPhaseKernel_P0_v1<aiter::MoeSortingProblemMp<int, float, unsigned char, 4, true, true, true> >::Kargs)",1386,462443508183792,462443508188392,0,0,16,0,48,256,1,1,131072,1,1
"KERNEL_DISPATCH","Agent 2",1,0,120312,1387,6360,"void aiter::opus_moe_sorting_entry<aiter::MoeSortingMultiPhaseKernel_P1<aiter::MoeSortingProblemMp<int, float, unsigned char, 16, true, true, true> >, aiter::MoeSortingMultiPhaseKernel_P1<aiter::MoeSortingProblemMp<int, float, unsigned char, 16, true, true, true> >::Kargs>(aiter::MoeSortingMultiPhaseKernel_P1<aiter::MoeSortingProblemMp<int, float, unsigned char, 16, true, true, true> >::Kargs)",1387,462443508188392,462443508192792,512,0,12,0,32,256,1,1,229632,1,1
"KERNEL_DISPATCH","Agent 2",1,0,120312,1388,6381,"void aiter::opus_moe_sorting_entry<aiter::MoeSortingMultiPhaseKernel_P23<aiter::MoeSortingProblemMp<int, float, unsigned char, 16, true, true, true> >, aiter::MoeSortingMultiPhaseKernel_P23<aiter::MoeSortingProblemMp<int, float, unsigned char, 16, true, true, true> >::Kargs>(aiter::MoeSortingMultiPhaseKernel_P23<aiter::MoeSortingProblemMp<int, float, unsigned char, 16, true, true, true> >::Kargs)",1388,462443508192792,462443508204153,0,0,32,0,80,256,1,1,360704,1,1
"KERNEL_DISPATCH","Agent 2",1,0,120312,1389,6720,"void aiter::mxfp4_moe_sort_kernel<256, 32, 16, 32>(unsigned char*, unsigned char*, int const*, int const*, int, int, int, int, int)",1389,462443508204153,462443508208833,4608,0,32,0,112,256,1,1,721408,1,1
"KERNEL_DISPATCH","Agent 2",1,0,120312,1390,6762,"mfma_moe1_silu_mul_afp4_wfp4_bf16_t64x128x256_pm1_async_v32",1390,462443508208833,462443508350274,41472,0,100,0,112,256,1,1,6144,1408,1
"KERNEL_DISPATCH","Agent 2",1,0,120312,1391,6540,"void aiter::dynamic_per_group_scaled_quant_kernel<std::bfloat16_t, opus::fp4_t, 32, 32, false, 64, true>(opus::fp4_t*, float*, std::bfloat16_t const*, float const*, long, int, int, long, int const*, int)",1391,462443508350274,462443508391834,0,0,32,0,48,64,1,1,3145728,1,1
"KERNEL_DISPATCH","Agent 2",1,0,120312,1392,6720,"void aiter::mxfp4_moe_sort_kernel<256, 32, 16, 32>(unsigned char*, unsigned char*, int const*, int const*, int, int, int, int, int)",1392,462443508391834,462443508396354,4608,0,32,0,112,256,1,1,721408,1,1
"KERNEL_DISPATCH","Agent 2",1,0,120312,1393,6763,"mfma_moe2_afp4_wfp4_bf16_cshuffle_t64x128x256_vscale_fix3_fp4opt_v1_persist_cu256",1393,462443508396354,462443508471835,33280,0,84,0,112,256,1,1,7168,256,1
"KERNEL_DISPATCH","Agent 2",1,0,120312,1394,6310,"EpCombineSync_bf16",1394,462443508477995,462443508487675,0,64,48,0,96,256,1,1,65536,1,1
"KERNEL_DISPATCH","Agent 2",1,0,120312,1395,6318,"EpCombineSyncBarrier_bf16",1395,462443508487675,462443509114761,0,64,28,0,48,64,1,1,64,1,1
"KERNEL_DISPATCH","Agent 2",1,0,120312,1396,6304,"EpCombineInterNodeV1KernelLowLatency_bf16",1396,462443509114761,462443509200482,0,1024,64,0,112,256,1,1,65536,1,1
"KERNEL_DISPATCH","Agent 2",1,0,120312,1397,6308,"EpCombineAll_bf16",1397,462443509200482,462443509208762,0,64,44,0,112,256,1,1,65536,1,1
"KERNEL_DISPATCH","Agent 2",1,0,120312,1398,6312,"EpDispatchCopyToStaging_fp4",1398,462443509214842,462443509221483,0,64,32,0,64,512,1,1,131072,1,1
"KERNEL_DISPATCH","Agent 2",1,0,120312,1399,6325,"EpDispatchInterNodeV1KernelLowLatency_fp4",1399,462443509221483,462443509336244,0,64,40,0,112,512,1,1,131072,1,1
"KERNEL_DISPATCH","Agent 2",1,0,120312,1400,6379,"void aiter::opus_moe_sorting_entry<aiter::MoeSortingClearWorkspaceKernel<aiter::MoeSortingClearWorkspaceProblem<true, 1024, 1> >, aiter::MoeSortingClearWorkspaceKernel<aiter::MoeSortingClearWorkspaceProblem<true, 1024, 1> >::Kargs>(aiter::MoeSortingClearWorkspaceKernel<aiter::MoeSortingClearWorkspaceProblem<true, 1024, 1> >::Kargs)",1400,462443509347284,462443509351604,0,0,4,0,16,1024,1,1,262144,1,1
"KERNEL_DISPATCH","Agent 2",1,0,120312,1401,6400,"void aiter::opus_moe_sorting_entry<aiter::MoeSortingMultiPhaseKernel_P0_v1<aiter::MoeSortingProblemMp<int, float, unsigned char, 4, true, true, true> >, aiter::MoeSortingMultiPhaseKernel_P0_v1<aiter::MoeSortingProblemMp<int, float, unsigned char, 4, true, true, true> >::Kargs>(aiter::MoeSortingMultiPhaseKernel_P0_v1<aiter::MoeSortingProblemMp<int, float, unsigned char, 4, true, true, true> >::Kargs)",1401,462443509351604,462443509356164,0,0,16,0,48,256,1,1,131072,1,1
"KERNEL_DISPATCH","Agent 2",1,0,120312,1402,6360,"void aiter::opus_moe_sorting_entry<aiter::MoeSortingMultiPhaseKernel_P1<aiter::MoeSortingProblemMp<int, float, unsigned char, 16, true, true, true> >, aiter::MoeSortingMultiPhaseKernel_P1<aiter::MoeSortingProblemMp<int, float, unsigned char, 16, true, true, true> >::Kargs>(aiter::MoeSortingMultiPhaseKernel_P1<aiter::MoeSortingProblemMp<int, float, unsigned char, 16, true, true, true> >::Kargs)",1402,462443509356164,462443509360524,512,0,12,0,32,256,1,1,229632,1,1
"KERNEL_DISPATCH","Agent 2",1,0,120312,1403,6381,"void aiter::opus_moe_sorting_entry<aiter::MoeSortingMultiPhaseKernel_P23<aiter::MoeSortingProblemMp<int, float, unsigned char, 16, true, true, true> >, aiter::MoeSortingMultiPhaseKernel_P23<aiter::MoeSortingProblemMp<int, float, unsigned char, 16, true, true, true> >::Kargs>(aiter::MoeSortingMultiPhaseKernel_P23<aiter::MoeSortingProblemMp<int, float, unsigned char, 16, true, true, true> >::Kargs)",1403,462443509360524,462443509372004,0,0,32,0,80,256,1,1,360704,1,1
"KERNEL_DISPATCH","Agent 2",1,0,120312,1404,6720,"void aiter::mxfp4_moe_sort_kernel<256, 32, 16, 32>(unsigned char*, unsigned char*, int const*, int const*, int, int, int, int, int)",1404,462443509372004,462443509376564,4608,0,32,0,112,256,1,1,721408,1,1
"KERNEL_DISPATCH","Agent 2",1,0,120312,1405,6762,"mfma_moe1_silu_mul_afp4_wfp4_bf16_t64x128x256_pm1_async_v32",1405,462443509376564,462443509519845,41472,0,100,0,112,256,1,1,6144,1408,1
"KERNEL_DISPATCH","Agent 2",1,0,120312,1406,6540,"void aiter::dynamic_per_group_scaled_quant_kernel<std::bfloat16_t, opus::fp4_t, 32, 32, false, 64, true>(opus::fp4_t*, float*, std::bfloat16_t const*, float const*, long, int, int, long, int const*, int)",1406,462443509519845,462443509562766,0,0,32,0,48,64,1,1,3145728,1,1
"KERNEL_DISPATCH","Agent 2",1,0,120312,1407,6720,"void aiter::mxfp4_moe_sort_kernel<256, 32, 16, 32>(unsigned char*, unsigned char*, int const*, int const*, int, int, int, int, int)",1407,462443509562766,462443509567566,4608,0,32,0,112,256,1,1,721408,1,1
"KERNEL_DISPATCH","Agent 2",1,0,120312,1408,6763,"mfma_moe2_afp4_wfp4_bf16_cshuffle_t64x128x256_vscale_fix3_fp4opt_v1_persist_cu256",1408,462443509567566,462443509643047,33280,0,84,0,112,256,1,1,7168,256,1
"KERNEL_DISPATCH","Agent 2",1,0,120312,1409,6310,"EpCombineSync_bf16",1409,462443509649327,462443509658247,0,64,48,0,96,256,1,1,65536,1,1
"KERNEL_DISPATCH","Agent 2",1,0,120312,1410,6318,"EpCombineSyncBarrier_bf16",1410,462443509658247,462443510416134,0,64,28,0,48,64,1,1,64,1,1
"KERNEL_DISPATCH","Agent 2",1,0,120312,1411,6304,"EpCombineInterNodeV1KernelLowLatency_bf16",1411,462443510416134,462443510502575,0,1024,64,0,112,256,1,1,65536,1,1
"KERNEL_DISPATCH","Agent 2",1,0,120312,1412,6308,"EpCombineAll_bf16",1412,462443510502575,462443510510735,0,64,44,0,112,256,1,1,65536,1,1
"KERNEL_DISPATCH","Agent 2",1,0,120312,1413,6312,"EpDispatchCopyToStaging_fp4",1413,462443510516535,462443510522935,0,64,32,0,64,512,1,1,131072,1,1
"KERNEL_DISPATCH","Agent 2",1,0,120312,1414,6325,"EpDispatchInterNodeV1KernelLowLatency_fp4",1414,462443510522935,462443510635016,0,64,40,0,112,512,1,1,131072,1,1
"KERNEL_DISPATCH","Agent 2",1,0,120312,1415,6379,"void aiter::opus_moe_sorting_entry<aiter::MoeSortingClearWorkspaceKernel<aiter::MoeSortingClearWorkspaceProblem<true, 1024, 1> >, aiter::MoeSortingClearWorkspaceKernel<aiter::MoeSortingClearWorkspaceProblem<true, 1024, 1> >::Kargs>(aiter::MoeSortingClearWorkspaceKernel<aiter::MoeSortingClearWorkspaceProblem<true, 1024, 1> >::Kargs)",1415,462443510640576,462443510644736,0,0,4,0,16,1024,1,1,262144,1,1
"KERNEL_DISPATCH","Agent 2",1,0,120312,1416,6400,"void aiter::opus_moe_sorting_entry<aiter::MoeSortingMultiPhaseKernel_P0_v1<aiter::MoeSortingProblemMp<int, float, unsigned char, 4, true, true, true> >, aiter::MoeSortingMultiPhaseKernel_P0_v1<aiter::MoeSortingProblemMp<int, float, unsigned char, 4, true, true, true> >::Kargs>(aiter::MoeSortingMultiPhaseKernel_P0_v1<aiter::MoeSortingProblemMp<int, float, unsigned char, 4, true, true, true> >::Kargs)",1416,462443510644736,462443510649256,0,0,16,0,48,256,1,1,131072,1,1
"KERNEL_DISPATCH","Agent 2",1,0,120312,1417,6360,"void aiter::opus_moe_sorting_entry<aiter::MoeSortingMultiPhaseKernel_P1<aiter::MoeSortingProblemMp<int, float, unsigned char, 16, true, true, true> >, aiter::MoeSortingMultiPhaseKernel_P1<aiter::MoeSortingProblemMp<int, float, unsigned char, 16, true, true, true> >::Kargs>(aiter::MoeSortingMultiPhaseKernel_P1<aiter::MoeSortingProblemMp<int, float, unsigned char, 16, true, true, true> >::Kargs)",1417,462443510649256,462443510653616,512,0,12,0,32,256,1,1,229632,1,1
"KERNEL_DISPATCH","Agent 2",1,0,120312,1418,6381,"void aiter::opus_moe_sorting_entry<aiter::MoeSortingMultiPhaseKernel_P23<aiter::MoeSortingProblemMp<int, float, unsigned char, 16, true, true, true> >, aiter::MoeSortingMultiPhaseKernel_P23<aiter::MoeSortingProblemMp<int, float, unsigned char, 16, true, true, true> >::Kargs>(aiter::MoeSortingMultiPhaseKernel_P23<aiter::MoeSortingProblemMp<int, float, unsigned char, 16, true, true, true> >::Kargs)",1418,462443510653616,462443510664737,0,0,32,0,80,256,1,1,360704,1,1
"KERNEL_DISPATCH","Agent 2",1,0,120312,1419,6720,"void aiter::mxfp4_moe_sort_kernel<256, 32, 16, 32>(unsigned char*, unsigned char*, int const*, int const*, int, int, int, int, int)",1419,462443510664737,462443510669217,4608,0,32,0,112,256,1,1,721408,1,1
"KERNEL_DISPATCH","Agent 2",1,0,120312,1420,6762,"mfma_moe1_silu_mul_afp4_wfp4_bf16_t64x128x256_pm1_async_v32",1420,462443510669217,462443510817938,41472,0,100,0,112,256,1,1,6144,1408,1
"KERNEL_DISPATCH","Agent 2",1,0,120312,1421,6540,"void aiter::dynamic_per_group_scaled_quant_kernel<std::bfloat16_t, opus::fp4_t, 32, 32, false, 64, true>(opus::fp4_t*, float*, std::bfloat16_t const*, float const*, long, int, int, long, int const*, int)",1421,462443510817938,462443510859659,0,0,32,0,48,64,1,1,3145728,1,1
"KERNEL_DISPATCH","Agent 2",1,0,120312,1422,6720,"void aiter::mxfp4_moe_sort_kernel<256, 32, 16, 32>(unsigned char*, unsigned char*, int const*, int const*, int, int, int, int, int)",1422,462443510859659,462443510864179,4608,0,32,0,112,256,1,1,721408,1,1
"KERNEL_DISPATCH","Agent 2",1,0,120312,1423,6763,"mfma_moe2_afp4_wfp4_bf16_cshuffle_t64x128x256_vscale_fix3_fp4opt_v1_persist_cu256",1423,462443510864179,462443510942499,33280,0,84,0,112,256,1,1,7168,256,1
"KERNEL_DISPATCH","Agent 2",1,0,120312,1424,6310,"EpCombineSync_bf16",1424,462443510948459,462443510957179,0,64,48,0,96,256,1,1,65536,1,1
"KERNEL_DISPATCH","Agent 2",1,0,120312,1425,6318,"EpCombineSyncBarrier_bf16",1425,462443510957179,462443511814468,0,64,28,0,48,64,1,1,64,1,1
"KERNEL_DISPATCH","Agent 2",1,0,120312,1426,6304,"EpCombineInterNodeV1KernelLowLatency_bf16",1426,462443511814468,462443511901469,0,1024,64,0,112,256,1,1,65536,1,1
"KERNEL_DISPATCH","Agent 2",1,0,120312,1427,6308,"EpCombineAll_bf16",1427,462443511901469,462443511910029,0,64,44,0,112,256,1,1,65536,1,1
"KERNEL_DISPATCH","Agent 2",1,0,120312,1428,6312,"EpDispatchCopyToStaging_fp4",1428,462443511915829,462443511921829,0,64,32,0,64,512,1,1,131072,1,1
"KERNEL_DISPATCH","Agent 2",1,0,120312,1429,6325,"EpDispatchInterNodeV1KernelLowLatency_fp4",1429,462443511921829,462443512035270,0,64,40,0,112,512,1,1,131072,1,1
"KERNEL_DISPATCH","Agent 2",1,0,120312,1430,6379,"void aiter::opus_moe_sorting_entry<aiter::MoeSortingClearWorkspaceKernel<aiter::MoeSortingClearWorkspaceProblem<true, 1024, 1> >, aiter::MoeSortingClearWorkspaceKernel<aiter::MoeSortingClearWorkspaceProblem<true, 1024, 1> >::Kargs>(aiter::MoeSortingClearWorkspaceKernel<aiter::MoeSortingClearWorkspaceProblem<true, 1024, 1> >::Kargs)",1430,462443512040790,462443512044790,0,0,4,0,16,1024,1,1,262144,1,1
"KERNEL_DISPATCH","Agent 2",1,0,120312,1431,6400,"void aiter::opus_moe_sorting_entry<aiter::MoeSortingMultiPhaseKernel_P0_v1<aiter::MoeSortingProblemMp<int, float, unsigned char, 4, true, true, true> >, aiter::MoeSortingMultiPhaseKernel_P0_v1<aiter::MoeSortingProblemMp<int, float, unsigned char, 4, true, true, true> >::Kargs>(aiter::MoeSortingMultiPhaseKernel_P0_v1<aiter::MoeSortingProblemMp<int, float, unsigned char, 4, true, true, true> >::Kargs)",1431,462443512044790,462443512049230,0,0,16,0,48,256,1,1,131072,1,1
"KERNEL_DISPATCH","Agent 2",1,0,120312,1432,6360,"void aiter::opus_moe_sorting_entry<aiter::MoeSortingMultiPhaseKernel_P1<aiter::MoeSortingProblemMp<int, float, unsigned char, 16, true, true, true> >, aiter::MoeSortingMultiPhaseKernel_P1<aiter::MoeSortingProblemMp<int, float, unsigned char, 16, true, true, true> >::Kargs>(aiter::MoeSortingMultiPhaseKernel_P1<aiter::MoeSortingProblemMp<int, float, unsigned char, 16, true, true, true> >::Kargs)",1432,462443512049230,462443512053430,512,0,12,0,32,256,1,1,229632,1,1
"KERNEL_DISPATCH","Agent 2",1,0,120312,1433,6381,"void aiter::opus_moe_sorting_entry<aiter::MoeSortingMultiPhaseKernel_P23<aiter::MoeSortingProblemMp<int, float, unsigned char, 16, true, true, true> >, aiter::MoeSortingMultiPhaseKernel_P23<aiter::MoeSortingProblemMp<int, float, unsigned char, 16, true, true, true> >::Kargs>(aiter::MoeSortingMultiPhaseKernel_P23<aiter::MoeSortingProblemMp<int, float, unsigned char, 16, true, true, true> >::Kargs)",1433,462443512053430,462443512064510,0,0,32,0,80,256,1,1,360704,1,1
"KERNEL_DISPATCH","Agent 2",1,0,120312,1434,6720,"void aiter::mxfp4_moe_sort_kernel<256, 32, 16, 32>(unsigned char*, unsigned char*, int const*, int const*, int, int, int, int, int)",1434,462443512064510,462443512069030,4608,0,32,0,112,256,1,1,721408,1,1
"KERNEL_DISPATCH","Agent 2",1,0,120312,1435,6762,"mfma_moe1_silu_mul_afp4_wfp4_bf16_t64x128x256_pm1_async_v32",1435,462443512069030,462443512211512,41472,0,100,0,112,256,1,1,6144,1408,1
"KERNEL_DISPATCH","Agent 2",1,0,120312,1436,6540,"void aiter::dynamic_per_group_scaled_quant_kernel<std::bfloat16_t, opus::fp4_t, 32, 32, false, 64, true>(opus::fp4_t*, float*, std::bfloat16_t const*, float const*, long, int, int, long, int const*, int)",1436,462443512211512,462443512253672,0,0,32,0,48,64,1,1,3145728,1,1
"KERNEL_DISPATCH","Agent 2",1,0,120312,1437,6720,"void aiter::mxfp4_moe_sort_kernel<256, 32, 16, 32>(unsigned char*, unsigned char*, int const*, int const*, int, int, int, int, int)",1437,462443512253672,462443512258112,4608,0,32,0,112,256,1,1,721408,1,1
"KERNEL_DISPATCH","Agent 2",1,0,120312,1438,6763,"mfma_moe2_afp4_wfp4_bf16_cshuffle_t64x128x256_vscale_fix3_fp4opt_v1_persist_cu256",1438,462443512258172,462443512333412,33280,0,84,0,112,256,1,1,7168,256,1
"KERNEL_DISPATCH","Agent 2",1,0,120312,1439,6310,"EpCombineSync_bf16",1439,462443512339452,462443512349092,0,64,48,0,96,256,1,1,65536,1,1
"KERNEL_DISPATCH","Agent 2",1,0,120312,1440,6318,"EpCombineSyncBarrier_bf16",1440,462443512349092,462443513057179,0,64,28,0,48,64,1,1,64,1,1
"KERNEL_DISPATCH","Agent 2",1,0,120312,1441,6304,"EpCombineInterNodeV1KernelLowLatency_bf16",1441,462443513057179,462443513142859,0,1024,64,0,112,256,1,1,65536,1,1
"KERNEL_DISPATCH","Agent 2",1,0,120312,1442,6308,"EpCombineAll_bf16",1442,462443513142859,462443513151099,0,64,44,0,112,256,1,1,65536,1,1
"KERNEL_DISPATCH","Agent 2",1,0,120312,1443,6312,"EpDispatchCopyToStaging_fp4",1443,462443513156859,462443513163500,0,64,32,0,64,512,1,1,131072,1,1
"KERNEL_DISPATCH","Agent 2",1,0,120312,1444,6325,"EpDispatchInterNodeV1KernelLowLatency_fp4",1444,462443513163500,462443513275261,0,64,40,0,112,512,1,1,131072,1,1
"KERNEL_DISPATCH","Agent 2",1,0,120312,1445,6379,"void aiter::opus_moe_sorting_entry<aiter::MoeSortingClearWorkspaceKernel<aiter::MoeSortingClearWorkspaceProblem<true, 1024, 1> >, aiter::MoeSortingClearWorkspaceKernel<aiter::MoeSortingClearWorkspaceProblem<true, 1024, 1> >::Kargs>(aiter::MoeSortingClearWorkspaceKernel<aiter::MoeSortingClearWorkspaceProblem<true, 1024, 1> >::Kargs)",1445,462443513280821,462443513284901,0,0,4,0,16,1024,1,1,262144,1,1
"KERNEL_DISPATCH","Agent 2",1,0,120312,1446,6400,"void aiter::opus_moe_sorting_entry<aiter::MoeSortingMultiPhaseKernel_P0_v1<aiter::MoeSortingProblemMp<int, float, unsigned char, 4, true, true, true> >, aiter::MoeSortingMultiPhaseKernel_P0_v1<aiter::MoeSortingProblemMp<int, float, unsigned char, 4, true, true, true> >::Kargs>(aiter::MoeSortingMultiPhaseKernel_P0_v1<aiter::MoeSortingProblemMp<int, float, unsigned char, 4, true, true, true> >::Kargs)",1446,462443513284901,462443513289341,0,0,16,0,48,256,1,1,131072,1,1
"KERNEL_DISPATCH","Agent 2",1,0,120312,1447,6360,"void aiter::opus_moe_sorting_entry<aiter::MoeSortingMultiPhaseKernel_P1<aiter::MoeSortingProblemMp<int, float, unsigned char, 16, true, true, true> >, aiter::MoeSortingMultiPhaseKernel_P1<aiter::MoeSortingProblemMp<int, float, unsigned char, 16, true, true, true> >::Kargs>(aiter::MoeSortingMultiPhaseKernel_P1<aiter::MoeSortingProblemMp<int, float, unsigned char, 16, true, true, true> >::Kargs)",1447,462443513289341,462443513293581,512,0,12,0,32,256,1,1,229632,1,1
"KERNEL_DISPATCH","Agent 2",1,0,120312,1448,6381,"void aiter::opus_moe_sorting_entry<aiter::MoeSortingMultiPhaseKernel_P23<aiter::MoeSortingProblemMp<int, float, unsigned char, 16, true, true, true> >, aiter::MoeSortingMultiPhaseKernel_P23<aiter::MoeSortingProblemMp<int, float, unsigned char, 16, true, true, true> >::Kargs>(aiter::MoeSortingMultiPhaseKernel_P23<aiter::MoeSortingProblemMp<int, float, unsigned char, 16, true, true, true> >::Kargs)",1448,462443513293581,462443513304941,0,0,32,0,80,256,1,1,360704,1,1
"KERNEL_DISPATCH","Agent 2",1,0,120312,1449,6720,"void aiter::mxfp4_moe_sort_kernel<256, 32, 16, 32>(unsigned char*, unsigned char*, int const*, int const*, int, int, int, int, int)",1449,462443513304941,462443513309381,4608,0,32,0,112,256,1,1,721408,1,1
"KERNEL_DISPATCH","Agent 2",1,0,120312,1450,6762,"mfma_moe1_silu_mul_afp4_wfp4_bf16_t64x128x256_pm1_async_v32",1450,462443513309381,462443513452302,41472,0,100,0,112,256,1,1,6144,1408,1
"KERNEL_DISPATCH","Agent 2",1,0,120312,1451,6540,"void aiter::dynamic_per_group_scaled_quant_kernel<std::bfloat16_t, opus::fp4_t, 32, 32, false, 64, true>(opus::fp4_t*, float*, std::bfloat16_t const*, float const*, long, int, int, long, int const*, int)",1451,462443513452302,462443513494343,0,0,32,0,48,64,1,1,3145728,1,1
"KERNEL_DISPATCH","Agent 2",1,0,120312,1452,6720,"void aiter::mxfp4_moe_sort_kernel<256, 32, 16, 32>(unsigned char*, unsigned char*, int const*, int const*, int, int, int, int, int)",1452,462443513494343,462443513498663,4608,0,32,0,112,256,1,1,721408,1,1
"KERNEL_DISPATCH","Agent 2",1,0,120312,1453,6763,"mfma_moe2_afp4_wfp4_bf16_cshuffle_t64x128x256_vscale_fix3_fp4opt_v1_persist_cu256",1453,462443513498663,462443513573824,33280,0,84,0,112,256,1,1,7168,256,1
"KERNEL_DISPATCH","Agent 2",1,0,120312,1454,6310,"EpCombineSync_bf16",1454,462443513579704,462443513588464,0,64,48,0,96,256,1,1,65536,1,1
"KERNEL_DISPATCH","Agent 2",1,0,120312,1455,6318,"EpCombineSyncBarrier_bf16",1455,462443513588464,462443513936787,0,64,28,0,48,64,1,1,64,1,1
"KERNEL_DISPATCH","Agent 2",1,0,120312,1456,6304,"EpCombineInterNodeV1KernelLowLatency_bf16",1456,462443513936787,462443514023188,0,1024,64,0,112,256,1,1,65536,1,1
"KERNEL_DISPATCH","Agent 2",1,0,120312,1457,6308,"EpCombineAll_bf16",1457,462443514023188,462443514031988,0,64,44,0,112,256,1,1,65536,1,1
"KERNEL_DISPATCH","Agent 2",1,0,120312,1458,6312,"EpDispatchCopyToStaging_fp4",1458,462443514037708,462443514044028,0,64,32,0,64,512,1,1,131072,1,1
"KERNEL_DISPATCH","Agent 2",1,0,120312,1459,6325,"EpDispatchInterNodeV1KernelLowLatency_fp4",1459,462443514044028,462443514154669,0,64,40,0,112,512,1,1,131072,1,1
"KERNEL_DISPATCH","Agent 2",1,0,120312,1460,6379,"void aiter::opus_moe_sorting_entry<aiter::MoeSortingClearWorkspaceKernel<aiter::MoeSortingClearWorkspaceProblem<true, 1024, 1> >, aiter::MoeSortingClearWorkspaceKernel<aiter::MoeSortingClearWorkspaceProblem<true, 1024, 1> >::Kargs>(aiter::MoeSortingClearWorkspaceKernel<aiter::MoeSortingClearWorkspaceProblem<true, 1024, 1> >::Kargs)",1460,462443514160153,462443514164353,0,0,4,0,16,1024,1,1,262144,1,1
"KERNEL_DISPATCH","Agent 2",1,0,120312,1461,6400,"void aiter::opus_moe_sorting_entry<aiter::MoeSortingMultiPhaseKernel_P0_v1<aiter::MoeSortingProblemMp<int, float, unsigned char, 4, true, true, true> >, aiter::MoeSortingMultiPhaseKernel_P0_v1<aiter::MoeSortingProblemMp<int, float, unsigned char, 4, true, true, true> >::Kargs>(aiter::MoeSortingMultiPhaseKernel_P0_v1<aiter::MoeSortingProblemMp<int, float, unsigned char, 4, true, true, true> >::Kargs)",1461,462443514164429,462443514168909,0,0,16,0,48,256,1,1,131072,1,1
"KERNEL_DISPATCH","Agent 2",1,0,120312,1462,6360,"void aiter::opus_moe_sorting_entry<aiter::MoeSortingMultiPhaseKernel_P1<aiter::MoeSortingProblemMp<int, float, unsigned char, 16, true, true, true> >, aiter::MoeSortingMultiPhaseKernel_P1<aiter::MoeSortingProblemMp<int, float, unsigned char, 16, true, true, true> >::Kargs>(aiter::MoeSortingMultiPhaseKernel_P1<aiter::MoeSortingProblemMp<int, float, unsigned char, 16, true, true, true> >::Kargs)",1462,462443514168909,462443514173229,512,0,12,0,32,256,1,1,229632,1,1
"KERNEL_DISPATCH","Agent 2",1,0,120312,1463,6381,"void aiter::opus_moe_sorting_entry<aiter::MoeSortingMultiPhaseKernel_P23<aiter::MoeSortingProblemMp<int, float, unsigned char, 16, true, true, true> >, aiter::MoeSortingMultiPhaseKernel_P23<aiter::MoeSortingProblemMp<int, float, unsigned char, 16, true, true, true> >::Kargs>(aiter::MoeSortingMultiPhaseKernel_P23<aiter::MoeSortingProblemMp<int, float, unsigned char, 16, true, true, true> >::Kargs)",1463,462443514173229,462443514184750,0,0,32,0,80,256,1,1,360704,1,1
"KERNEL_DISPATCH","Agent 2",1,0,120312,1464,6720,"void aiter::mxfp4_moe_sort_kernel<256, 32, 16, 32>(unsigned char*, unsigned char*, int const*, int const*, int, int, int, int, int)",1464,462443514184750,462443514189430,4608,0,32,0,112,256,1,1,721408,1,1
"KERNEL_DISPATCH","Agent 2",1,0,120312,1465,6762,"mfma_moe1_silu_mul_afp4_wfp4_bf16_t64x128x256_pm1_async_v32",1465,462443514189430,462443514332271,41472,0,100,0,112,256,1,1,6144,1408,1
"KERNEL_DISPATCH","Agent 2",1,0,120312,1466,6540,"void aiter::dynamic_per_group_scaled_quant_kernel<std::bfloat16_t, opus::fp4_t, 32, 32, false, 64, true>(opus::fp4_t*, float*, std::bfloat16_t const*, float const*, long, int, int, long, int const*, int)",1466,462443514332271,462443514374071,0,0,32,0,48,64,1,1,3145728,1,1
"KERNEL_DISPATCH","Agent 2",1,0,120312,1467,6720,"void aiter::mxfp4_moe_sort_kernel<256, 32, 16, 32>(unsigned char*, unsigned char*, int const*, int const*, int, int, int, int, int)",1467,462443514374071,462443514378591,4608,0,32,0,112,256,1,1,721408,1,1
"KERNEL_DISPATCH","Agent 2",1,0,120312,1468,6763,"mfma_moe2_afp4_wfp4_bf16_cshuffle_t64x128x256_vscale_fix3_fp4opt_v1_persist_cu256",1468,462443514378591,462443514454472,33280,0,84,0,112,256,1,1,7168,256,1
"KERNEL_DISPATCH","Agent 2",1,0,120312,1469,6310,"EpCombineSync_bf16",1469,462443514460432,462443514469432,0,64,48,0,96,256,1,1,65536,1,1
"KERNEL_DISPATCH","Agent 2",1,0,120312,1470,6318,"EpCombineSyncBarrier_bf16",1470,462443514469432,462443514717835,0,64,28,0,48,64,1,1,64,1,1
"KERNEL_DISPATCH","Agent 2",1,0,120312,1471,6304,"EpCombineInterNodeV1KernelLowLatency_bf16",1471,462443514717835,462443514803996,0,1024,64,0,112,256,1,1,65536,1,1
"KERNEL_DISPATCH","Agent 2",1,0,120312,1472,6308,"EpCombineAll_bf16",1472,462443514803996,462443514812356,0,64,44,0,112,256,1,1,65536,1,1
"KERNEL_DISPATCH","Agent 2",1,0,120312,1473,6312,"EpDispatchCopyToStaging_fp4",1473,462443514818156,462443514824356,0,64,32,0,64,512,1,1,131072,1,1
"KERNEL_DISPATCH","Agent 2",1,0,120312,1474,6325,"EpDispatchInterNodeV1KernelLowLatency_fp4",1474,462443514824356,462443514935197,0,64,40,0,112,512,1,1,131072,1,1
"KERNEL_DISPATCH","Agent 2",1,0,120312,1475,6379,"void aiter::opus_moe_sorting_entry<aiter::MoeSortingClearWorkspaceKernel<aiter::MoeSortingClearWorkspaceProblem<true, 1024, 1> >, aiter::MoeSortingClearWorkspaceKernel<aiter::MoeSortingClearWorkspaceProblem<true, 1024, 1> >::Kargs>(aiter::MoeSortingClearWorkspaceKernel<aiter::MoeSortingClearWorkspaceProblem<true, 1024, 1> >::Kargs)",1475,462443514940490,462443514944610,0,0,4,0,16,1024,1,1,262144,1,1
"KERNEL_DISPATCH","Agent 2",1,0,120312,1476,6400,"void aiter::opus_moe_sorting_entry<aiter::MoeSortingMultiPhaseKernel_P0_v1<aiter::MoeSortingProblemMp<int, float, unsigned char, 4, true, true, true> >, aiter::MoeSortingMultiPhaseKernel_P0_v1<aiter::MoeSortingProblemMp<int, float, unsigned char, 4, true, true, true> >::Kargs>(aiter::MoeSortingMultiPhaseKernel_P0_v1<aiter::MoeSortingProblemMp<int, float, unsigned char, 4, true, true, true> >::Kargs)",1476,462443514944677,462443514949117,0,0,16,0,48,256,1,1,131072,1,1
"KERNEL_DISPATCH","Agent 2",1,0,120312,1477,6360,"void aiter::opus_moe_sorting_entry<aiter::MoeSortingMultiPhaseKernel_P1<aiter::MoeSortingProblemMp<int, float, unsigned char, 16, true, true, true> >, aiter::MoeSortingMultiPhaseKernel_P1<aiter::MoeSortingProblemMp<int, float, unsigned char, 16, true, true, true> >::Kargs>(aiter::MoeSortingMultiPhaseKernel_P1<aiter::MoeSortingProblemMp<int, float, unsigned char, 16, true, true, true> >::Kargs)",1477,462443514949117,462443514953437,512,0,12,0,32,256,1,1,229632,1,1
"KERNEL_DISPATCH","Agent 2",1,0,120312,1478,6381,"void aiter::opus_moe_sorting_entry<aiter::MoeSortingMultiPhaseKernel_P23<aiter::MoeSortingProblemMp<int, float, unsigned char, 16, true, true, true> >, aiter::MoeSortingMultiPhaseKernel_P23<aiter::MoeSortingProblemMp<int, float, unsigned char, 16, true, true, true> >::Kargs>(aiter::MoeSortingMultiPhaseKernel_P23<aiter::MoeSortingProblemMp<int, float, unsigned char, 16, true, true, true> >::Kargs)",1478,462443514953437,462443514965117,0,0,32,0,80,256,1,1,360704,1,1
"KERNEL_DISPATCH","Agent 2",1,0,120312,1479,6720,"void aiter::mxfp4_moe_sort_kernel<256, 32, 16, 32>(unsigned char*, unsigned char*, int const*, int const*, int, int, int, int, int)",1479,462443514965117,462443514969717,4608,0,32,0,112,256,1,1,721408,1,1
"KERNEL_DISPATCH","Agent 2",1,0,120312,1480,6762,"mfma_moe1_silu_mul_afp4_wfp4_bf16_t64x128x256_pm1_async_v32",1480,462443514969717,462443515114199,41472,0,100,0,112,256,1,1,6144,1408,1
"KERNEL_DISPATCH","Agent 2",1,0,120312,1481,6540,"void aiter::dynamic_per_group_scaled_quant_kernel<std::bfloat16_t, opus::fp4_t, 32, 32, false, 64, true>(opus::fp4_t*, float*, std::bfloat16_t const*, float const*, long, int, int, long, int const*, int)",1481,462443515114199,462443515159399,0,0,32,0,48,64,1,1,3145728,1,1
"KERNEL_DISPATCH","Agent 2",1,0,120312,1482,6720,"void aiter::mxfp4_moe_sort_kernel<256, 32, 16, 32>(unsigned char*, unsigned char*, int const*, int const*, int, int, int, int, int)",1482,462443515159399,462443515163959,4608,0,32,0,112,256,1,1,721408,1,1
"KERNEL_DISPATCH","Agent 2",1,0,120312,1483,6763,"mfma_moe2_afp4_wfp4_bf16_cshuffle_t64x128x256_vscale_fix3_fp4opt_v1_persist_cu256",1483,462443515163959,462443515239000,33280,0,84,0,112,256,1,1,7168,256,1
"KERNEL_DISPATCH","Agent 2",1,0,120312,1484,6310,"EpCombineSync_bf16",1484,462443515245000,462443515253720,0,64,48,0,96,256,1,1,65536,1,1
"KERNEL_DISPATCH","Agent 2",1,0,120312,1485,6318,"EpCombineSyncBarrier_bf16",1485,462443515253720,462443515506202,0,64,28,0,48,64,1,1,64,1,1
"KERNEL_DISPATCH","Agent 2",1,0,120312,1486,6304,"EpCombineInterNodeV1KernelLowLatency_bf16",1486,462443515506202,462443515592003,0,1024,64,0,112,256,1,1,65536,1,1
"KERNEL_DISPATCH","Agent 2",1,0,120312,1487,6308,"EpCombineAll_bf16",1487,462443515592003,462443515600563,0,64,44,0,112,256,1,1,65536,1,1
"KERNEL_DISPATCH","Agent 2",1,0,120312,1488,6312,"EpDispatchCopyToStaging_fp4",1488,462443515606283,462443515612203,0,64,32,0,64,512,1,1,131072,1,1
"KERNEL_DISPATCH","Agent 2",1,0,120312,1489,6325,"EpDispatchInterNodeV1KernelLowLatency_fp4",1489,462443515612203,462443515723205,0,64,40,0,112,512,1,1,131072,1,1
"KERNEL_DISPATCH","Agent 2",1,0,120312,1490,6379,"void aiter::opus_moe_sorting_entry<aiter::MoeSortingClearWorkspaceKernel<aiter::MoeSortingClearWorkspaceProblem<true, 1024, 1> >, aiter::MoeSortingClearWorkspaceKernel<aiter::MoeSortingClearWorkspaceProblem<true, 1024, 1> >::Kargs>(aiter::MoeSortingClearWorkspaceKernel<aiter::MoeSortingClearWorkspaceProblem<true, 1024, 1> >::Kargs)",1490,462443515728685,462443515732845,0,0,4,0,16,1024,1,1,262144,1,1
"KERNEL_DISPATCH","Agent 2",1,0,120312,1491,6400,"void aiter::opus_moe_sorting_entry<aiter::MoeSortingMultiPhaseKernel_P0_v1<aiter::MoeSortingProblemMp<int, float, unsigned char, 4, true, true, true> >, aiter::MoeSortingMultiPhaseKernel_P0_v1<aiter::MoeSortingProblemMp<int, float, unsigned char, 4, true, true, true> >::Kargs>(aiter::MoeSortingMultiPhaseKernel_P0_v1<aiter::MoeSortingProblemMp<int, float, unsigned char, 4, true, true, true> >::Kargs)",1491,462443515732797,462443515737277,0,0,16,0,48,256,1,1,131072,1,1
"KERNEL_DISPATCH","Agent 2",1,0,120312,1492,6360,"void aiter::opus_moe_sorting_entry<aiter::MoeSortingMultiPhaseKernel_P1<aiter::MoeSortingProblemMp<int, float, unsigned char, 16, true, true, true> >, aiter::MoeSortingMultiPhaseKernel_P1<aiter::MoeSortingProblemMp<int, float, unsigned char, 16, true, true, true> >::Kargs>(aiter::MoeSortingMultiPhaseKernel_P1<aiter::MoeSortingProblemMp<int, float, unsigned char, 16, true, true, true> >::Kargs)",1492,462443515737325,462443515741645,512,0,12,0,32,256,1,1,229632,1,1
"KERNEL_DISPATCH","Agent 2",1,0,120312,1493,6381,"void aiter::opus_moe_sorting_entry<aiter::MoeSortingMultiPhaseKernel_P23<aiter::MoeSortingProblemMp<int, float, unsigned char, 16, true, true, true> >, aiter::MoeSortingMultiPhaseKernel_P23<aiter::MoeSortingProblemMp<int, float, unsigned char, 16, true, true, true> >::Kargs>(aiter::MoeSortingMultiPhaseKernel_P23<aiter::MoeSortingProblemMp<int, float, unsigned char, 16, true, true, true> >::Kargs)",1493,462443515741645,462443515753405,0,0,32,0,80,256,1,1,360704,1,1
"KERNEL_DISPATCH","Agent 2",1,0,120312,1494,6720,"void aiter::mxfp4_moe_sort_kernel<256, 32, 16, 32>(unsigned char*, unsigned char*, int const*, int const*, int, int, int, int, int)",1494,462443515753405,462443515758005,4608,0,32,0,112,256,1,1,721408,1,1
"KERNEL_DISPATCH","Agent 2",1,0,120312,1495,6762,"mfma_moe1_silu_mul_afp4_wfp4_bf16_t64x128x256_pm1_async_v32",1495,462443515758005,462443515902366,41472,0,100,0,112,256,1,1,6144,1408,1
"KERNEL_DISPATCH","Agent 2",1,0,120312,1496,6540,"void aiter::dynamic_per_group_scaled_quant_kernel<std::bfloat16_t, opus::fp4_t, 32, 32, false, 64, true>(opus::fp4_t*, float*, std::bfloat16_t const*, float const*, long, int, int, long, int const*, int)",1496,462443515902366,462443515943727,0,0,32,0,48,64,1,1,3145728,1,1
"KERNEL_DISPATCH","Agent 2",1,0,120312,1497,6720,"void aiter::mxfp4_moe_sort_kernel<256, 32, 16, 32>(unsigned char*, unsigned char*, int const*, int const*, int, int, int, int, int)",1497,462443515943727,462443515948367,4608,0,32,0,112,256,1,1,721408,1,1
"KERNEL_DISPATCH","Agent 2",1,0,120312,1498,6763,"mfma_moe2_afp4_wfp4_bf16_cshuffle_t64x128x256_vscale_fix3_fp4opt_v1_persist_cu256",1498,462443515948367,462443516024528,33280,0,84,0,112,256,1,1,7168,256,1
"KERNEL_DISPATCH","Agent 2",1,0,120312,1499,6310,"EpCombineSync_bf16",1499,462443516030488,462443516039168,0,64,48,0,96,256,1,1,65536,1,1
"KERNEL_DISPATCH","Agent 2",1,0,120312,1500,6318,"EpCombineSyncBarrier_bf16",1500,462443516039168,462443516617573,0,64,28,0,48,64,1,1,64,1,1
"KERNEL_DISPATCH","Agent 2",1,0,120312,1501,6304,"EpCombineInterNodeV1KernelLowLatency_bf16",1501,462443516617573,462443516703494,0,1024,64,0,112,256,1,1,65536,1,1
"KERNEL_DISPATCH","Agent 2",1,0,120312,1502,6308,"EpCombineAll_bf16",1502,462443516703494,462443516711894,0,64,44,0,112,256,1,1,65536,1,1
"KERNEL_DISPATCH","Agent 2",1,0,120312,1503,6312,"EpDispatchCopyToStaging_fp4",1503,462443516717734,462443516723934,0,64,32,0,64,512,1,1,131072,1,1
"KERNEL_DISPATCH","Agent 2",1,0,120312,1504,6325,"EpDispatchInterNodeV1KernelLowLatency_fp4",1504,462443516723934,462443516840815,0,64,40,0,112,512,1,1,131072,1,1
"KERNEL_DISPATCH","Agent 2",1,0,120312,1505,6379,"void aiter::opus_moe_sorting_entry<aiter::MoeSortingClearWorkspaceKernel<aiter::MoeSortingClearWorkspaceProblem<true, 1024, 1> >, aiter::MoeSortingClearWorkspaceKernel<aiter::MoeSortingClearWorkspaceProblem<true, 1024, 1> >::Kargs>(aiter::MoeSortingClearWorkspaceKernel<aiter::MoeSortingClearWorkspaceProblem<true, 1024, 1> >::Kargs)",1505,462443516846336,462443516850456,0,0,4,0,16,1024,1,1,262144,1,1
"KERNEL_DISPATCH","Agent 2",1,0,120312,1506,6400,"void aiter::opus_moe_sorting_entry<aiter::MoeSortingMultiPhaseKernel_P0_v1<aiter::MoeSortingProblemMp<int, float, unsigned char, 4, true, true, true> >, aiter::MoeSortingMultiPhaseKernel_P0_v1<aiter::MoeSortingProblemMp<int, float, unsigned char, 4, true, true, true> >::Kargs>(aiter::MoeSortingMultiPhaseKernel_P0_v1<aiter::MoeSortingProblemMp<int, float, unsigned char, 4, true, true, true> >::Kargs)",1506,462443516850456,462443516855056,0,0,16,0,48,256,1,1,131072,1,1
"KERNEL_DISPATCH","Agent 2",1,0,120312,1507,6360,"void aiter::opus_moe_sorting_entry<aiter::MoeSortingMultiPhaseKernel_P1<aiter::MoeSortingProblemMp<int, float, unsigned char, 16, true, true, true> >, aiter::MoeSortingMultiPhaseKernel_P1<aiter::MoeSortingProblemMp<int, float, unsigned char, 16, true, true, true> >::Kargs>(aiter::MoeSortingMultiPhaseKernel_P1<aiter::MoeSortingProblemMp<int, float, unsigned char, 16, true, true, true> >::Kargs)",1507,462443516855056,462443516859336,512,0,12,0,32,256,1,1,229632,1,1
"KERNEL_DISPATCH","Agent 2",1,0,120312,1508,6381,"void aiter::opus_moe_sorting_entry<aiter::MoeSortingMultiPhaseKernel_P23<aiter::MoeSortingProblemMp<int, float, unsigned char, 16, true, true, true> >, aiter::MoeSortingMultiPhaseKernel_P23<aiter::MoeSortingProblemMp<int, float, unsigned char, 16, true, true, true> >::Kargs>(aiter::MoeSortingMultiPhaseKernel_P23<aiter::MoeSortingProblemMp<int, float, unsigned char, 16, true, true, true> >::Kargs)",1508,462443516859336,462443516870816,0,0,32,0,80,256,1,1,360704,1,1
"KERNEL_DISPATCH","Agent 2",1,0,120312,1509,6720,"void aiter::mxfp4_moe_sort_kernel<256, 32, 16, 32>(unsigned char*, unsigned char*, int const*, int const*, int, int, int, int, int)",1509,462443516870816,462443516875296,4608,0,32,0,112,256,1,1,721408,1,1
"KERNEL_DISPATCH","Agent 2",1,0,120312,1510,6762,"mfma_moe1_silu_mul_afp4_wfp4_bf16_t64x128x256_pm1_async_v32",1510,462443516875296,462443517017577,41472,0,100,0,112,256,1,1,6144,1408,1
"KERNEL_DISPATCH","Agent 2",1,0,120312,1511,6540,"void aiter::dynamic_per_group_scaled_quant_kernel<std::bfloat16_t, opus::fp4_t, 32, 32, false, 64, true>(opus::fp4_t*, float*, std::bfloat16_t const*, float const*, long, int, int, long, int const*, int)",1511,462443517017577,462443517059018,0,0,32,0,48,64,1,1,3145728,1,1
"KERNEL_DISPATCH","Agent 2",1,0,120312,1512,6720,"void aiter::mxfp4_moe_sort_kernel<256, 32, 16, 32>(unsigned char*, unsigned char*, int const*, int const*, int, int, int, int, int)",1512,462443517059018,462443517063578,4608,0,32,0,112,256,1,1,721408,1,1
"KERNEL_DISPATCH","Agent 2",1,0,120312,1513,6763,"mfma_moe2_afp4_wfp4_bf16_cshuffle_t64x128x256_vscale_fix3_fp4opt_v1_persist_cu256",1513,462443517063578,462443517138578,33280,0,84,0,112,256,1,1,7168,256,1
"KERNEL_DISPATCH","Agent 2",1,0,120312,1514,6310,"EpCombineSync_bf16",1514,462443517144538,462443517153499,0,64,48,0,96,256,1,1,65536,1,1
"KERNEL_DISPATCH","Agent 2",1,0,120312,1515,6318,"EpCombineSyncBarrier_bf16",1515,462443517153499,462443517732704,0,64,28,0,48,64,1,1,64,1,1
"KERNEL_DISPATCH","Agent 2",1,0,120312,1516,6304,"EpCombineInterNodeV1KernelLowLatency_bf16",1516,462443517732704,462443517817865,0,1024,64,0,112,256,1,1,65536,1,1
"KERNEL_DISPATCH","Agent 2",1,0,120312,1517,6308,"EpCombineAll_bf16",1517,462443517817865,462443517825905,0,64,44,0,112,256,1,1,65536,1,1
"KERNEL_DISPATCH","Agent 2",1,0,120312,1518,6312,"EpDispatchCopyToStaging_fp4",1518,462443517832185,462443517838345,0,64,32,0,64,512,1,1,131072,1,1
"KERNEL_DISPATCH","Agent 2",1,0,120312,1519,6325,"EpDispatchInterNodeV1KernelLowLatency_fp4",1519,462443517838345,462443517952826,0,64,40,0,112,512,1,1,131072,1,1
"KERNEL_DISPATCH","Agent 2",1,0,120312,1520,6379,"void aiter::opus_moe_sorting_entry<aiter::MoeSortingClearWorkspaceKernel<aiter::MoeSortingClearWorkspaceProblem<true, 1024, 1> >, aiter::MoeSortingClearWorkspaceKernel<aiter::MoeSortingClearWorkspaceProblem<true, 1024, 1> >::Kargs>(aiter::MoeSortingClearWorkspaceKernel<aiter::MoeSortingClearWorkspaceProblem<true, 1024, 1> >::Kargs)",1520,462443517958266,462443517962266,0,0,4,0,16,1024,1,1,262144,1,1
"KERNEL_DISPATCH","Agent 2",1,0,120312,1521,6400,"void aiter::opus_moe_sorting_entry<aiter::MoeSortingMultiPhaseKernel_P0_v1<aiter::MoeSortingProblemMp<int, float, unsigned char, 4, true, true, true> >, aiter::MoeSortingMultiPhaseKernel_P0_v1<aiter::MoeSortingProblemMp<int, float, unsigned char, 4, true, true, true> >::Kargs>(aiter::MoeSortingMultiPhaseKernel_P0_v1<aiter::MoeSortingProblemMp<int, float, unsigned char, 4, true, true, true> >::Kargs)",1521,462443517962266,462443517966706,0,0,16,0,48,256,1,1,131072,1,1
"KERNEL_DISPATCH","Agent 2",1,0,120312,1522,6360,"void aiter::opus_moe_sorting_entry<aiter::MoeSortingMultiPhaseKernel_P1<aiter::MoeSortingProblemMp<int, float, unsigned char, 16, true, true, true> >, aiter::MoeSortingMultiPhaseKernel_P1<aiter::MoeSortingProblemMp<int, float, unsigned char, 16, true, true, true> >::Kargs>(aiter::MoeSortingMultiPhaseKernel_P1<aiter::MoeSortingProblemMp<int, float, unsigned char, 16, true, true, true> >::Kargs)",1522,462443517966706,462443517970947,512,0,12,0,32,256,1,1,229632,1,1
"KERNEL_DISPATCH","Agent 2",1,0,120312,1523,6381,"void aiter::opus_moe_sorting_entry<aiter::MoeSortingMultiPhaseKernel_P23<aiter::MoeSortingProblemMp<int, float, unsigned char, 16, true, true, true> >, aiter::MoeSortingMultiPhaseKernel_P23<aiter::MoeSortingProblemMp<int, float, unsigned char, 16, true, true, true> >::Kargs>(aiter::MoeSortingMultiPhaseKernel_P23<aiter::MoeSortingProblemMp<int, float, unsigned char, 16, true, true, true> >::Kargs)",1523,462443517970947,462443517982347,0,0,32,0,80,256,1,1,360704,1,1
"KERNEL_DISPATCH","Agent 2",1,0,120312,1524,6720,"void aiter::mxfp4_moe_sort_kernel<256, 32, 16, 32>(unsigned char*, unsigned char*, int const*, int const*, int, int, int, int, int)",1524,462443517982347,462443517986827,4608,0,32,0,112,256,1,1,721408,1,1
"KERNEL_DISPATCH","Agent 2",1,0,120312,1525,6762,"mfma_moe1_silu_mul_afp4_wfp4_bf16_t64x128x256_pm1_async_v32",1525,462443517986827,462443518130108,41472,0,100,0,112,256,1,1,6144,1408,1
"KERNEL_DISPATCH","Agent 2",1,0,120312,1526,6540,"void aiter::dynamic_per_group_scaled_quant_kernel<std::bfloat16_t, opus::fp4_t, 32, 32, false, 64, true>(opus::fp4_t*, float*, std::bfloat16_t const*, float const*, long, int, int, long, int const*, int)",1526,462443518130108,462443518172228,0,0,32,0,48,64,1,1,3145728,1,1
"KERNEL_DISPATCH","Agent 2",1,0,120312,1527,6720,"void aiter::mxfp4_moe_sort_kernel<256, 32, 16, 32>(unsigned char*, unsigned char*, int const*, int const*, int, int, int, int, int)",1527,462443518172228,462443518176869,4608,0,32,0,112,256,1,1,721408,1,1
"KERNEL_DISPATCH","Agent 2",1,0,120312,1528,6763,"mfma_moe2_afp4_wfp4_bf16_cshuffle_t64x128x256_vscale_fix3_fp4opt_v1_persist_cu256",1528,462443518176869,462443518253109,33280,0,84,0,112,256,1,1,7168,256,1
"KERNEL_DISPATCH","Agent 2",1,0,120312,1529,6310,"EpCombineSync_bf16",1529,462443518258896,462443518267856,0,64,48,0,96,256,1,1,65536,1,1
"KERNEL_DISPATCH","Agent 2",1,0,120312,1530,6318,"EpCombineSyncBarrier_bf16",1530,462443518267949,462443518948636,0,64,28,0,48,64,1,1,64,1,1
"KERNEL_DISPATCH","Agent 2",1,0,120312,1531,6304,"EpCombineInterNodeV1KernelLowLatency_bf16",1531,462443518948636,462443519034317,0,1024,64,0,112,256,1,1,65536,1,1
"KERNEL_DISPATCH","Agent 2",1,0,120312,1532,6308,"EpCombineAll_bf16",1532,462443519034317,462443519042357,0,64,44,0,112,256,1,1,65536,1,1
"KERNEL_DISPATCH","Agent 2",1,0,120312,1533,6312,"EpDispatchCopyToStaging_fp4",1533,462443519047957,462443519054277,0,64,32,0,64,512,1,1,131072,1,1
"KERNEL_DISPATCH","Agent 2",1,0,120312,1534,6325,"EpDispatchInterNodeV1KernelLowLatency_fp4",1534,462443519054277,462443519167238,0,64,40,0,112,512,1,1,131072,1,1
"KERNEL_DISPATCH","Agent 2",1,0,120312,1535,6379,"void aiter::opus_moe_sorting_entry<aiter::MoeSortingClearWorkspaceKernel<aiter::MoeSortingClearWorkspaceProblem<true, 1024, 1> >, aiter::MoeSortingClearWorkspaceKernel<aiter::MoeSortingClearWorkspaceProblem<true, 1024, 1> >::Kargs>(aiter::MoeSortingClearWorkspaceKernel<aiter::MoeSortingClearWorkspaceProblem<true, 1024, 1> >::Kargs)",1535,462443519172718,462443519176878,0,0,4,0,16,1024,1,1,262144,1,1
"KERNEL_DISPATCH","Agent 2",1,0,120312,1536,6400,"void aiter::opus_moe_sorting_entry<aiter::MoeSortingMultiPhaseKernel_P0_v1<aiter::MoeSortingProblemMp<int, float, unsigned char, 4, true, true, true> >, aiter::MoeSortingMultiPhaseKernel_P0_v1<aiter::MoeSortingProblemMp<int, float, unsigned char, 4, true, true, true> >::Kargs>(aiter::MoeSortingMultiPhaseKernel_P0_v1<aiter::MoeSortingProblemMp<int, float, unsigned char, 4, true, true, true> >::Kargs)",1536,462443519176878,462443519181318,0,0,16,0,48,256,1,1,131072,1,1
"KERNEL_DISPATCH","Agent 2",1,0,120312,1537,6360,"void aiter::opus_moe_sorting_entry<aiter::MoeSortingMultiPhaseKernel_P1<aiter::MoeSortingProblemMp<int, float, unsigned char, 16, true, true, true> >, aiter::MoeSortingMultiPhaseKernel_P1<aiter::MoeSortingProblemMp<int, float, unsigned char, 16, true, true, true> >::Kargs>(aiter::MoeSortingMultiPhaseKernel_P1<aiter::MoeSortingProblemMp<int, float, unsigned char, 16, true, true, true> >::Kargs)",1537,462443519181318,462443519185678,512,0,12,0,32,256,1,1,229632,1,1
"KERNEL_DISPATCH","Agent 2",1,0,120312,1538,6381,"void aiter::opus_moe_sorting_entry<aiter::MoeSortingMultiPhaseKernel_P23<aiter::MoeSortingProblemMp<int, float, unsigned char, 16, true, true, true> >, aiter::MoeSortingMultiPhaseKernel_P23<aiter::MoeSortingProblemMp<int, float, unsigned char, 16, true, true, true> >::Kargs>(aiter::MoeSortingMultiPhaseKernel_P23<aiter::MoeSortingProblemMp<int, float, unsigned char, 16, true, true, true> >::Kargs)",1538,462443519185678,462443519196958,0,0,32,0,80,256,1,1,360704,1,1
"KERNEL_DISPATCH","Agent 2",1,0,120312,1539,6720,"void aiter::mxfp4_moe_sort_kernel<256, 32, 16, 32>(unsigned char*, unsigned char*, int const*, int const*, int, int, int, int, int)",1539,462443519196958,462443519201479,4608,0,32,0,112,256,1,1,721408,1,1
"KERNEL_DISPATCH","Agent 2",1,0,120312,1540,6762,"mfma_moe1_silu_mul_afp4_wfp4_bf16_t64x128x256_pm1_async_v32",1540,462443519201479,462443519346080,41472,0,100,0,112,256,1,1,6144,1408,1
"KERNEL_DISPATCH","Agent 2",1,0,120312,1541,6540,"void aiter::dynamic_per_group_scaled_quant_kernel<std::bfloat16_t, opus::fp4_t, 32, 32, false, 64, true>(opus::fp4_t*, float*, std::bfloat16_t const*, float const*, long, int, int, long, int const*, int)",1541,462443519346080,462443519388400,0,0,32,0,48,64,1,1,3145728,1,1
"KERNEL_DISPATCH","Agent 2",1,0,120312,1542,6720,"void aiter::mxfp4_moe_sort_kernel<256, 32, 16, 32>(unsigned char*, unsigned char*, int const*, int const*, int, int, int, int, int)",1542,462443519388400,462443519392880,4608,0,32,0,112,256,1,1,721408,1,1
"KERNEL_DISPATCH","Agent 2",1,0,120312,1543,6763,"mfma_moe2_afp4_wfp4_bf16_cshuffle_t64x128x256_vscale_fix3_fp4opt_v1_persist_cu256",1543,462443519392880,462443519469641,33280,0,84,0,112,256,1,1,7168,256,1
"KERNEL_DISPATCH","Agent 2",1,0,120312,1544,6310,"EpCombineSync_bf16",1544,462443519475521,462443519484161,0,64,48,0,96,256,1,1,65536,1,1
"KERNEL_DISPATCH","Agent 2",1,0,120312,1545,6318,"EpCombineSyncBarrier_bf16",1545,462443519484161,462443519813605,0,64,28,0,48,64,1,1,64,1,1
"KERNEL_DISPATCH","Agent 2",1,0,120312,1546,6304,"EpCombineInterNodeV1KernelLowLatency_bf16",1546,462443519813605,462443519899525,0,1024,64,0,112,256,1,1,65536,1,1
"KERNEL_DISPATCH","Agent 2",1,0,120312,1547,6308,"EpCombineAll_bf16",1547,462443519899525,462443519908125,0,64,44,0,112,256,1,1,65536,1,1
"KERNEL_DISPATCH","Agent 2",1,0,120312,1548,6312,"EpDispatchCopyToStaging_fp4",1548,462443519913845,462443519920006,0,64,32,0,64,512,1,1,131072,1,1
"KERNEL_DISPATCH","Agent 2",1,0,120312,1549,6325,"EpDispatchInterNodeV1KernelLowLatency_fp4",1549,462443519920006,462443520031287,0,64,40,0,112,512,1,1,131072,1,1
"KERNEL_DISPATCH","Agent 2",1,0,120312,1550,6379,"void aiter::opus_moe_sorting_entry<aiter::MoeSortingClearWorkspaceKernel<aiter::MoeSortingClearWorkspaceProblem<true, 1024, 1> >, aiter::MoeSortingClearWorkspaceKernel<aiter::MoeSortingClearWorkspaceProblem<true, 1024, 1> >::Kargs>(aiter::MoeSortingClearWorkspaceKernel<aiter::MoeSortingClearWorkspaceProblem<true, 1024, 1> >::Kargs)",1550,462443520036807,462443520041007,0,0,4,0,16,1024,1,1,262144,1,1
"KERNEL_DISPATCH","Agent 2",1,0,120312,1551,6400,"void aiter::opus_moe_sorting_entry<aiter::MoeSortingMultiPhaseKernel_P0_v1<aiter::MoeSortingProblemMp<int, float, unsigned char, 4, true, true, true> >, aiter::MoeSortingMultiPhaseKernel_P0_v1<aiter::MoeSortingProblemMp<int, float, unsigned char, 4, true, true, true> >::Kargs>(aiter::MoeSortingMultiPhaseKernel_P0_v1<aiter::MoeSortingProblemMp<int, float, unsigned char, 4, true, true, true> >::Kargs)",1551,462443520041007,462443520045447,0,0,16,0,48,256,1,1,131072,1,1
"KERNEL_DISPATCH","Agent 2",1,0,120312,1552,6360,"void aiter::opus_moe_sorting_entry<aiter::MoeSortingMultiPhaseKernel_P1<aiter::MoeSortingProblemMp<int, float, unsigned char, 16, true, true, true> >, aiter::MoeSortingMultiPhaseKernel_P1<aiter::MoeSortingProblemMp<int, float, unsigned char, 16, true, true, true> >::Kargs>(aiter::MoeSortingMultiPhaseKernel_P1<aiter::MoeSortingProblemMp<int, float, unsigned char, 16, true, true, true> >::Kargs)",1552,462443520045447,462443520049767,512,0,12,0,32,256,1,1,229632,1,1
"KERNEL_DISPATCH","Agent 2",1,0,120312,1553,6381,"void aiter::opus_moe_sorting_entry<aiter::MoeSortingMultiPhaseKernel_P23<aiter::MoeSortingProblemMp<int, float, unsigned char, 16, true, true, true> >, aiter::MoeSortingMultiPhaseKernel_P23<aiter::MoeSortingProblemMp<int, float, unsigned char, 16, true, true, true> >::Kargs>(aiter::MoeSortingMultiPhaseKernel_P23<aiter::MoeSortingProblemMp<int, float, unsigned char, 16, true, true, true> >::Kargs)",1553,462443520049767,462443520060967,0,0,32,0,80,256,1,1,360704,1,1
"KERNEL_DISPATCH","Agent 2",1,0,120312,1554,6720,"void aiter::mxfp4_moe_sort_kernel<256, 32, 16, 32>(unsigned char*, unsigned char*, int const*, int const*, int, int, int, int, int)",1554,462443520060967,462443520065447,4608,0,32,0,112,256,1,1,721408,1,1
"KERNEL_DISPATCH","Agent 2",1,0,120312,1555,6762,"mfma_moe1_silu_mul_afp4_wfp4_bf16_t64x128x256_pm1_async_v32",1555,462443520065447,462443520208608,41472,0,100,0,112,256,1,1,6144,1408,1
"KERNEL_DISPATCH","Agent 2",1,0,120312,1556,6540,"void aiter::dynamic_per_group_scaled_quant_kernel<std::bfloat16_t, opus::fp4_t, 32, 32, false, 64, true>(opus::fp4_t*, float*, std::bfloat16_t const*, float const*, long, int, int, long, int const*, int)",1556,462443520208608,462443520251529,0,0,32,0,48,64,1,1,3145728,1,1
"KERNEL_DISPATCH","Agent 2",1,0,120312,1557,6720,"void aiter::mxfp4_moe_sort_kernel<256, 32, 16, 32>(unsigned char*, unsigned char*, int const*, int const*, int, int, int, int, int)",1557,462443520251529,462443520255969,4608,0,32,0,112,256,1,1,721408,1,1
"KERNEL_DISPATCH","Agent 2",1,0,120312,1558,6763,"mfma_moe2_afp4_wfp4_bf16_cshuffle_t64x128x256_vscale_fix3_fp4opt_v1_persist_cu256",1558,462443520255969,462443520331290,33280,0,84,0,112,256,1,1,7168,256,1
"KERNEL_DISPATCH","Agent 2",1,0,120312,1559,6310,"EpCombineSync_bf16",1559,462443520337610,462443520347250,0,64,48,0,96,256,1,1,65536,1,1
"KERNEL_DISPATCH","Agent 2",1,0,120312,1560,6318,"EpCombineSyncBarrier_bf16",1560,462443520347250,462443520575492,0,64,28,0,48,64,1,1,64,1,1
"KERNEL_DISPATCH","Agent 2",1,0,120312,1561,6304,"EpCombineInterNodeV1KernelLowLatency_bf16",1561,462443520575492,462443520664333,0,1024,64,0,112,256,1,1,65536,1,1
"KERNEL_DISPATCH","Agent 2",1,0,120312,1562,6308,"EpCombineAll_bf16",1562,462443520664333,462443520672773,0,64,44,0,112,256,1,1,65536,1,1
"KERNEL_DISPATCH","Agent 2",1,0,120312,1563,6312,"EpDispatchCopyToStaging_fp4",1563,462443520678573,462443520685013,0,64,32,0,64,512,1,1,131072,1,1
"KERNEL_DISPATCH","Agent 2",1,0,120312,1564,6325,"EpDispatchInterNodeV1KernelLowLatency_fp4",1564,462443520685013,462443520791254,0,64,40,0,112,512,1,1,131072,1,1
"KERNEL_DISPATCH","Agent 2",1,0,120312,1565,6379,"void aiter::opus_moe_sorting_entry<aiter::MoeSortingClearWorkspaceKernel<aiter::MoeSortingClearWorkspaceProblem<true, 1024, 1> >, aiter::MoeSortingClearWorkspaceKernel<aiter::MoeSortingClearWorkspaceProblem<true, 1024, 1> >::Kargs>(aiter::MoeSortingClearWorkspaceKernel<aiter::MoeSortingClearWorkspaceProblem<true, 1024, 1> >::Kargs)",1565,462443520796734,462443520800814,0,0,4,0,16,1024,1,1,262144,1,1
"KERNEL_DISPATCH","Agent 2",1,0,120312,1567,6360,"void aiter::opus_moe_sorting_entry<aiter::MoeSortingMultiPhaseKernel_P1<aiter::MoeSortingProblemMp<int, float, unsigned char, 16, true, true, true> >, aiter::MoeSortingMultiPhaseKernel_P1<aiter::MoeSortingProblemMp<int, float, unsigned char, 16, true, true, true> >::Kargs>(aiter::MoeSortingMultiPhaseKernel_P1<aiter::MoeSortingProblemMp<int, float, unsigned char, 16, true, true, true> >::Kargs)",1567,462443520805254,462443520809694,512,0,12,0,32,256,1,1,229632,1,1
"KERNEL_DISPATCH","Agent 2",1,0,120312,1566,6400,"void aiter::opus_moe_sorting_entry<aiter::MoeSortingMultiPhaseKernel_P0_v1<aiter::MoeSortingProblemMp<int, float, unsigned char, 4, true, true, true> >, aiter::MoeSortingMultiPhaseKernel_P0_v1<aiter::MoeSortingProblemMp<int, float, unsigned char, 4, true, true, true> >::Kargs>(aiter::MoeSortingMultiPhaseKernel_P0_v1<aiter::MoeSortingProblemMp<int, float, unsigned char, 4, true, true, true> >::Kargs)",1566,462443520800814,462443520805254,0,0,16,0,48,256,1,1,131072,1,1
"KERNEL_DISPATCH","Agent 2",1,0,120312,1568,6381,"void aiter::opus_moe_sorting_entry<aiter::MoeSortingMultiPhaseKernel_P23<aiter::MoeSortingProblemMp<int, float, unsigned char, 16, true, true, true> >, aiter::MoeSortingMultiPhaseKernel_P23<aiter::MoeSortingProblemMp<int, float, unsigned char, 16, true, true, true> >::Kargs>(aiter::MoeSortingMultiPhaseKernel_P23<aiter::MoeSortingProblemMp<int, float, unsigned char, 16, true, true, true> >::Kargs)",1568,462443520809694,462443520821054,0,0,32,0,80,256,1,1,360704,1,1
"KERNEL_DISPATCH","Agent 2",1,0,120312,1569,6720,"void aiter::mxfp4_moe_sort_kernel<256, 32, 16, 32>(unsigned char*, unsigned char*, int const*, int const*, int, int, int, int, int)",1569,462443520821054,462443520825614,4608,0,32,0,112,256,1,1,721408,1,1
"KERNEL_DISPATCH","Agent 2",1,0,120312,1570,6762,"mfma_moe1_silu_mul_afp4_wfp4_bf16_t64x128x256_pm1_async_v32",1570,462443520825614,462443520968896,41472,0,100,0,112,256,1,1,6144,1408,1
"KERNEL_DISPATCH","Agent 2",1,0,120312,1571,6540,"void aiter::dynamic_per_group_scaled_quant_kernel<std::bfloat16_t, opus::fp4_t, 32, 32, false, 64, true>(opus::fp4_t*, float*, std::bfloat16_t const*, float const*, long, int, int, long, int const*, int)",1571,462443520968896,462443521010336,0,0,32,0,48,64,1,1,3145728,1,1
"KERNEL_DISPATCH","Agent 2",1,0,120312,1572,6720,"void aiter::mxfp4_moe_sort_kernel<256, 32, 16, 32>(unsigned char*, unsigned char*, int const*, int const*, int, int, int, int, int)",1572,462443521010336,462443521014736,4608,0,32,0,112,256,1,1,721408,1,1
"KERNEL_DISPATCH","Agent 2",1,0,120312,1573,6763,"mfma_moe2_afp4_wfp4_bf16_cshuffle_t64x128x256_vscale_fix3_fp4opt_v1_persist_cu256",1573,462443521014736,462443521090457,33280,0,84,0,112,256,1,1,7168,256,1
"KERNEL_DISPATCH","Agent 2",1,0,120312,1574,6310,"EpCombineSync_bf16",1574,462443521096657,462443521105377,0,64,48,0,96,256,1,1,65536,1,1
"KERNEL_DISPATCH","Agent 2",1,0,120312,1575,6318,"EpCombineSyncBarrier_bf16",1575,462443521105377,462443521321339,0,64,28,0,48,64,1,1,64,1,1
"KERNEL_DISPATCH","Agent 2",1,0,120312,1576,6304,"EpCombineInterNodeV1KernelLowLatency_bf16",1576,462443521321295,462443521406416,0,1024,64,0,112,256,1,1,65536,1,1
"KERNEL_DISPATCH","Agent 2",1,0,120312,1577,6308,"EpCombineAll_bf16",1577,462443521406460,462443521414900,0,64,44,0,112,256,1,1,65536,1,1
"KERNEL_DISPATCH","Agent 2",1,0,120312,1578,6312,"EpDispatchCopyToStaging_fp4",1578,462443521420860,462443521429220,0,64,32,0,64,512,1,1,131072,1,1
"KERNEL_DISPATCH","Agent 2",1,0,120312,1579,6325,"EpDispatchInterNodeV1KernelLowLatency_fp4",1579,462443521429220,462443521556382,0,64,40,0,112,512,1,1,131072,1,1
"KERNEL_DISPATCH","Agent 2",1,0,120312,1580,6379,"void aiter::opus_moe_sorting_entry<aiter::MoeSortingClearWorkspaceKernel<aiter::MoeSortingClearWorkspaceProblem<true, 1024, 1> >, aiter::MoeSortingClearWorkspaceKernel<aiter::MoeSortingClearWorkspaceProblem<true, 1024, 1> >::Kargs>(aiter::MoeSortingClearWorkspaceKernel<aiter::MoeSortingClearWorkspaceProblem<true, 1024, 1> >::Kargs)",1580,462443521561902,462443521566062,0,0,4,0,16,1024,1,1,262144,1,1
"KERNEL_DISPATCH","Agent 2",1,0,120312,1581,6400,"void aiter::opus_moe_sorting_entry<aiter::MoeSortingMultiPhaseKernel_P0_v1<aiter::MoeSortingProblemMp<int, float, unsigned char, 4, true, true, true> >, aiter::MoeSortingMultiPhaseKernel_P0_v1<aiter::MoeSortingProblemMp<int, float, unsigned char, 4, true, true, true> >::Kargs>(aiter::MoeSortingMultiPhaseKernel_P0_v1<aiter::MoeSortingProblemMp<int, float, unsigned char, 4, true, true, true> >::Kargs)",1581,462443521565973,462443521570413,0,0,16,0,48,256,1,1,131072,1,1
"KERNEL_DISPATCH","Agent 2",1,0,120312,1582,6360,"void aiter::opus_moe_sorting_entry<aiter::MoeSortingMultiPhaseKernel_P1<aiter::MoeSortingProblemMp<int, float, unsigned char, 16, true, true, true> >, aiter::MoeSortingMultiPhaseKernel_P1<aiter::MoeSortingProblemMp<int, float, unsigned char, 16, true, true, true> >::Kargs>(aiter::MoeSortingMultiPhaseKernel_P1<aiter::MoeSortingProblemMp<int, float, unsigned char, 16, true, true, true> >::Kargs)",1582,462443521570502,462443521574702,512,0,12,0,32,256,1,1,229632,1,1
"KERNEL_DISPATCH","Agent 2",1,0,120312,1583,6381,"void aiter::opus_moe_sorting_entry<aiter::MoeSortingMultiPhaseKernel_P23<aiter::MoeSortingProblemMp<int, float, unsigned char, 16, true, true, true> >, aiter::MoeSortingMultiPhaseKernel_P23<aiter::MoeSortingProblemMp<int, float, unsigned char, 16, true, true, true> >::Kargs>(aiter::MoeSortingMultiPhaseKernel_P23<aiter::MoeSortingProblemMp<int, float, unsigned char, 16, true, true, true> >::Kargs)",1583,462443521574702,462443521585782,0,0,32,0,80,256,1,1,360704,1,1
"KERNEL_DISPATCH","Agent 2",1,0,120312,1584,6720,"void aiter::mxfp4_moe_sort_kernel<256, 32, 16, 32>(unsigned char*, unsigned char*, int const*, int const*, int, int, int, int, int)",1584,462443521585782,462443521590222,4608,0,32,0,112,256,1,1,721408,1,1
"KERNEL_DISPATCH","Agent 2",1,0,120312,1585,6762,"mfma_moe1_silu_mul_afp4_wfp4_bf16_t64x128x256_pm1_async_v32",1585,462443521590222,462443521733863,41472,0,100,0,112,256,1,1,6144,1408,1
"KERNEL_DISPATCH","Agent 2",1,0,120312,1586,6540,"void aiter::dynamic_per_group_scaled_quant_kernel<std::bfloat16_t, opus::fp4_t, 32, 32, false, 64, true>(opus::fp4_t*, float*, std::bfloat16_t const*, float const*, long, int, int, long, int const*, int)",1586,462443521733863,462443521776624,0,0,32,0,48,64,1,1,3145728,1,1
"KERNEL_DISPATCH","Agent 2",1,0,120312,1587,6720,"void aiter::mxfp4_moe_sort_kernel<256, 32, 16, 32>(unsigned char*, unsigned char*, int const*, int const*, int, int, int, int, int)",1587,462443521776624,462443521781104,4608,0,32,0,112,256,1,1,721408,1,1
"KERNEL_DISPATCH","Agent 2",1,0,120312,1588,6763,"mfma_moe2_afp4_wfp4_bf16_cshuffle_t64x128x256_vscale_fix3_fp4opt_v1_persist_cu256",1588,462443521781104,462443521856024,33280,0,84,0,112,256,1,1,7168,256,1
"KERNEL_DISPATCH","Agent 2",1,0,120312,1589,6310,"EpCombineSync_bf16",1589,462443521861945,462443521870745,0,64,48,0,96,256,1,1,65536,1,1
"KERNEL_DISPATCH","Agent 2",1,0,120312,1590,6318,"EpCombineSyncBarrier_bf16",1590,462443521870745,462443522119187,0,64,28,0,48,64,1,1,64,1,1
"KERNEL_DISPATCH","Agent 2",1,0,120312,1591,6304,"EpCombineInterNodeV1KernelLowLatency_bf16",1591,462443522119187,462443522206668,0,1024,64,0,112,256,1,1,65536,1,1
"KERNEL_DISPATCH","Agent 2",1,0,120312,1592,6308,"EpCombineAll_bf16",1592,462443522206668,462443522214548,0,64,44,0,112,256,1,1,65536,1,1
"KERNEL_DISPATCH","Agent 2",1,0,120312,1593,6312,"EpDispatchCopyToStaging_fp4",1593,462443522220802,462443522227122,0,64,32,0,64,512,1,1,131072,1,1
"KERNEL_DISPATCH","Agent 2",1,0,120312,1594,6325,"EpDispatchInterNodeV1KernelLowLatency_fp4",1594,462443522227188,462443522335349,0,64,40,0,112,512,1,1,131072,1,1
"KERNEL_DISPATCH","Agent 2",1,0,120312,1595,6379,"void aiter::opus_moe_sorting_entry<aiter::MoeSortingClearWorkspaceKernel<aiter::MoeSortingClearWorkspaceProblem<true, 1024, 1> >, aiter::MoeSortingClearWorkspaceKernel<aiter::MoeSortingClearWorkspaceProblem<true, 1024, 1> >::Kargs>(aiter::MoeSortingClearWorkspaceKernel<aiter::MoeSortingClearWorkspaceProblem<true, 1024, 1> >::Kargs)",1595,462443522342109,462443522346189,0,0,4,0,16,1024,1,1,262144,1,1
"KERNEL_DISPATCH","Agent 2",1,0,120312,1596,6400,"void aiter::opus_moe_sorting_entry<aiter::MoeSortingMultiPhaseKernel_P0_v1<aiter::MoeSortingProblemMp<int, float, unsigned char, 4, true, true, true> >, aiter::MoeSortingMultiPhaseKernel_P0_v1<aiter::MoeSortingProblemMp<int, float, unsigned char, 4, true, true, true> >::Kargs>(aiter::MoeSortingMultiPhaseKernel_P0_v1<aiter::MoeSortingProblemMp<int, float, unsigned char, 4, true, true, true> >::Kargs)",1596,462443522346189,462443522350629,0,0,16,0,48,256,1,1,131072,1,1
"KERNEL_DISPATCH","Agent 2",1,0,120312,1597,6360,"void aiter::opus_moe_sorting_entry<aiter::MoeSortingMultiPhaseKernel_P1<aiter::MoeSortingProblemMp<int, float, unsigned char, 16, true, true, true> >, aiter::MoeSortingMultiPhaseKernel_P1<aiter::MoeSortingProblemMp<int, float, unsigned char, 16, true, true, true> >::Kargs>(aiter::MoeSortingMultiPhaseKernel_P1<aiter::MoeSortingProblemMp<int, float, unsigned char, 16, true, true, true> >::Kargs)",1597,462443522350629,462443522354789,512,0,12,0,32,256,1,1,229632,1,1
"KERNEL_DISPATCH","Agent 2",1,0,120312,1598,6381,"void aiter::opus_moe_sorting_entry<aiter::MoeSortingMultiPhaseKernel_P23<aiter::MoeSortingProblemMp<int, float, unsigned char, 16, true, true, true> >, aiter::MoeSortingMultiPhaseKernel_P23<aiter::MoeSortingProblemMp<int, float, unsigned char, 16, true, true, true> >::Kargs>(aiter::MoeSortingMultiPhaseKernel_P23<aiter::MoeSortingProblemMp<int, float, unsigned char, 16, true, true, true> >::Kargs)",1598,462443522354650,462443522365770,0,0,32,0,80,256,1,1,360704,1,1
"KERNEL_DISPATCH","Agent 2",1,0,120312,1599,6720,"void aiter::mxfp4_moe_sort_kernel<256, 32, 16, 32>(unsigned char*, unsigned char*, int const*, int const*, int, int, int, int, int)",1599,462443522365909,462443522370389,4608,0,32,0,112,256,1,1,721408,1,1
"KERNEL_DISPATCH","Agent 2",1,0,120312,1600,6762,"mfma_moe1_silu_mul_afp4_wfp4_bf16_t64x128x256_pm1_async_v32",1600,462443522370389,462443522511711,41472,0,100,0,112,256,1,1,6144,1408,1
"KERNEL_DISPATCH","Agent 2",1,0,120312,1601,6540,"void aiter::dynamic_per_group_scaled_quant_kernel<std::bfloat16_t, opus::fp4_t, 32, 32, false, 64, true>(opus::fp4_t*, float*, std::bfloat16_t const*, float const*, long, int, int, long, int const*, int)",1601,462443522511711,462443522553431,0,0,32,0,48,64,1,1,3145728,1,1
"KERNEL_DISPATCH","Agent 2",1,0,120312,1602,6720,"void aiter::mxfp4_moe_sort_kernel<256, 32, 16, 32>(unsigned char*, unsigned char*, int const*, int const*, int, int, int, int, int)",1602,462443522553431,462443522557831,4608,0,32,0,112,256,1,1,721408,1,1
"KERNEL_DISPATCH","Agent 2",1,0,120312,1603,6763,"mfma_moe2_afp4_wfp4_bf16_cshuffle_t64x128x256_vscale_fix3_fp4opt_v1_persist_cu256",1603,462443522557831,462443522633152,33280,0,84,0,112,256,1,1,7168,256,1
"KERNEL_DISPATCH","Agent 2",1,0,120312,1604,6310,"EpCombineSync_bf16",1604,462443522639032,462443522647672,0,64,48,0,96,256,1,1,65536,1,1
"KERNEL_DISPATCH","Agent 2",1,0,120312,1605,6318,"EpCombineSyncBarrier_bf16",1605,462443522647672,462443522884395,0,64,28,0,48,64,1,1,64,1,1
"KERNEL_DISPATCH","Agent 2",1,0,120312,1606,6304,"EpCombineInterNodeV1KernelLowLatency_bf16",1606,462443522884395,462443522970115,0,1024,64,0,112,256,1,1,65536,1,1
"KERNEL_DISPATCH","Agent 2",1,0,120312,1607,6308,"EpCombineAll_bf16",1607,462443522970115,462443522978675,0,64,44,0,112,256,1,1,65536,1,1
"KERNEL_DISPATCH","Agent 2",1,0,120312,1608,6312,"EpDispatchCopyToStaging_fp4",1608,462443522984435,462443522990476,0,64,32,0,64,512,1,1,131072,1,1
"KERNEL_DISPATCH","Agent 2",1,0,120312,1609,6325,"EpDispatchInterNodeV1KernelLowLatency_fp4",1609,462443522990476,462443523103157,0,64,40,0,112,512,1,1,131072,1,1
"KERNEL_DISPATCH","Agent 2",1,0,120312,1610,6379,"void aiter::opus_moe_sorting_entry<aiter::MoeSortingClearWorkspaceKernel<aiter::MoeSortingClearWorkspaceProblem<true, 1024, 1> >, aiter::MoeSortingClearWorkspaceKernel<aiter::MoeSortingClearWorkspaceProblem<true, 1024, 1> >::Kargs>(aiter::MoeSortingClearWorkspaceKernel<aiter::MoeSortingClearWorkspaceProblem<true, 1024, 1> >::Kargs)",1610,462443523108477,462443523112477,0,0,4,0,16,1024,1,1,262144,1,1
"KERNEL_DISPATCH","Agent 2",1,0,120312,1611,6400,"void aiter::opus_moe_sorting_entry<aiter::MoeSortingMultiPhaseKernel_P0_v1<aiter::MoeSortingProblemMp<int, float, unsigned char, 4, true, true, true> >, aiter::MoeSortingMultiPhaseKernel_P0_v1<aiter::MoeSortingProblemMp<int, float, unsigned char, 4, true, true, true> >::Kargs>(aiter::MoeSortingMultiPhaseKernel_P0_v1<aiter::MoeSortingProblemMp<int, float, unsigned char, 4, true, true, true> >::Kargs)",1611,462443523112477,462443523116997,0,0,16,0,48,256,1,1,131072,1,1
"KERNEL_DISPATCH","Agent 2",1,0,120312,1612,6360,"void aiter::opus_moe_sorting_entry<aiter::MoeSortingMultiPhaseKernel_P1<aiter::MoeSortingProblemMp<int, float, unsigned char, 16, true, true, true> >, aiter::MoeSortingMultiPhaseKernel_P1<aiter::MoeSortingProblemMp<int, float, unsigned char, 16, true, true, true> >::Kargs>(aiter::MoeSortingMultiPhaseKernel_P1<aiter::MoeSortingProblemMp<int, float, unsigned char, 16, true, true, true> >::Kargs)",1612,462443523116997,462443523121277,512,0,12,0,32,256,1,1,229632,1,1
"KERNEL_DISPATCH","Agent 2",1,0,120312,1613,6381,"void aiter::opus_moe_sorting_entry<aiter::MoeSortingMultiPhaseKernel_P23<aiter::MoeSortingProblemMp<int, float, unsigned char, 16, true, true, true> >, aiter::MoeSortingMultiPhaseKernel_P23<aiter::MoeSortingProblemMp<int, float, unsigned char, 16, true, true, true> >::Kargs>(aiter::MoeSortingMultiPhaseKernel_P23<aiter::MoeSortingProblemMp<int, float, unsigned char, 16, true, true, true> >::Kargs)",1613,462443523121277,462443523132557,0,0,32,0,80,256,1,1,360704,1,1
"KERNEL_DISPATCH","Agent 2",1,0,120312,1614,6720,"void aiter::mxfp4_moe_sort_kernel<256, 32, 16, 32>(unsigned char*, unsigned char*, int const*, int const*, int, int, int, int, int)",1614,462443523132557,462443523137117,4608,0,32,0,112,256,1,1,721408,1,1
"KERNEL_DISPATCH","Agent 2",1,0,120312,1615,6762,"mfma_moe1_silu_mul_afp4_wfp4_bf16_t64x128x256_pm1_async_v32",1615,462443523137117,462443523278718,41472,0,100,0,112,256,1,1,6144,1408,1
"KERNEL_DISPATCH","Agent 2",1,0,120312,1616,6540,"void aiter::dynamic_per_group_scaled_quant_kernel<std::bfloat16_t, opus::fp4_t, 32, 32, false, 64, true>(opus::fp4_t*, float*, std::bfloat16_t const*, float const*, long, int, int, long, int const*, int)",1616,462443523278694,462443523322575,0,0,32,0,48,64,1,1,3145728,1,1
"KERNEL_DISPATCH","Agent 2",1,0,120312,1617,6720,"void aiter::mxfp4_moe_sort_kernel<256, 32, 16, 32>(unsigned char*, unsigned char*, int const*, int const*, int, int, int, int, int)",1617,462443523322599,462443523327039,4608,0,32,0,112,256,1,1,721408,1,1
"KERNEL_DISPATCH","Agent 2",1,0,120312,1618,6763,"mfma_moe2_afp4_wfp4_bf16_cshuffle_t64x128x256_vscale_fix3_fp4opt_v1_persist_cu256",1618,462443523327039,462443523402000,33280,0,84,0,112,256,1,1,7168,256,1
"KERNEL_DISPATCH","Agent 2",1,0,120312,1619,6310,"EpCombineSync_bf16",1619,462443523407840,462443523416760,0,64,48,0,96,256,1,1,65536,1,1
"KERNEL_DISPATCH","Agent 2",1,0,120312,1620,6318,"EpCombineSyncBarrier_bf16",1620,462443523416760,462443523644362,0,64,28,0,48,64,1,1,64,1,1
"KERNEL_DISPATCH","Agent 2",1,0,120312,1621,6304,"EpCombineInterNodeV1KernelLowLatency_bf16",1621,462443523644362,462443523729683,0,1024,64,0,112,256,1,1,65536,1,1
"KERNEL_DISPATCH","Agent 2",1,0,120312,1622,6308,"EpCombineAll_bf16",1622,462443523729683,462443523737843,0,64,44,0,112,256,1,1,65536,1,1
"KERNEL_DISPATCH","Agent 2",1,0,120312,1623,6312,"EpDispatchCopyToStaging_fp4",1623,462443523743683,462443523749723,0,64,32,0,64,512,1,1,131072,1,1
"KERNEL_DISPATCH","Agent 2",1,0,120312,1624,6325,"EpDispatchInterNodeV1KernelLowLatency_fp4",1624,462443523749723,462443523862124,0,64,40,0,112,512,1,1,131072,1,1
"KERNEL_DISPATCH","Agent 2",1,0,120312,1625,6379,"void aiter::opus_moe_sorting_entry<aiter::MoeSortingClearWorkspaceKernel<aiter::MoeSortingClearWorkspaceProblem<true, 1024, 1> >, aiter::MoeSortingClearWorkspaceKernel<aiter::MoeSortingClearWorkspaceProblem<true, 1024, 1> >::Kargs>(aiter::MoeSortingClearWorkspaceKernel<aiter::MoeSortingClearWorkspaceProblem<true, 1024, 1> >::Kargs)",1625,462443523867524,462443523871804,0,0,4,0,16,1024,1,1,262144,1,1
"KERNEL_DISPATCH","Agent 2",1,0,120312,1626,6400,"void aiter::opus_moe_sorting_entry<aiter::MoeSortingMultiPhaseKernel_P0_v1<aiter::MoeSortingProblemMp<int, float, unsigned char, 4, true, true, true> >, aiter::MoeSortingMultiPhaseKernel_P0_v1<aiter::MoeSortingProblemMp<int, float, unsigned char, 4, true, true, true> >::Kargs>(aiter::MoeSortingMultiPhaseKernel_P0_v1<aiter::MoeSortingProblemMp<int, float, unsigned char, 4, true, true, true> >::Kargs)",1626,462443523871804,462443523876164,0,0,16,0,48,256,1,1,131072,1,1
"KERNEL_DISPATCH","Agent 2",1,0,120312,1627,6360,"void aiter::opus_moe_sorting_entry<aiter::MoeSortingMultiPhaseKernel_P1<aiter::MoeSortingProblemMp<int, float, unsigned char, 16, true, true, true> >, aiter::MoeSortingMultiPhaseKernel_P1<aiter::MoeSortingProblemMp<int, float, unsigned char, 16, true, true, true> >::Kargs>(aiter::MoeSortingMultiPhaseKernel_P1<aiter::MoeSortingProblemMp<int, float, unsigned char, 16, true, true, true> >::Kargs)",1627,462443523876164,462443523880404,512,0,12,0,32,256,1,1,229632,1,1
"KERNEL_DISPATCH","Agent 2",1,0,120312,1628,6381,"void aiter::opus_moe_sorting_entry<aiter::MoeSortingMultiPhaseKernel_P23<aiter::MoeSortingProblemMp<int, float, unsigned char, 16, true, true, true> >, aiter::MoeSortingMultiPhaseKernel_P23<aiter::MoeSortingProblemMp<int, float, unsigned char, 16, true, true, true> >::Kargs>(aiter::MoeSortingMultiPhaseKernel_P23<aiter::MoeSortingProblemMp<int, float, unsigned char, 16, true, true, true> >::Kargs)",1628,462443523880404,462443523891924,0,0,32,0,80,256,1,1,360704,1,1
"KERNEL_DISPATCH","Agent 2",1,0,120312,1629,6720,"void aiter::mxfp4_moe_sort_kernel<256, 32, 16, 32>(unsigned char*, unsigned char*, int const*, int const*, int, int, int, int, int)",1629,462443523891924,462443523896364,4608,0,32,0,112,256,1,1,721408,1,1
"KERNEL_DISPATCH","Agent 2",1,0,120312,1630,6762,"mfma_moe1_silu_mul_afp4_wfp4_bf16_t64x128x256_pm1_async_v32",1630,462443523896364,462443524040606,41472,0,100,0,112,256,1,1,6144,1408,1
"KERNEL_DISPATCH","Agent 2",1,0,120312,1631,6540,"void aiter::dynamic_per_group_scaled_quant_kernel<std::bfloat16_t, opus::fp4_t, 32, 32, false, 64, true>(opus::fp4_t*, float*, std::bfloat16_t const*, float const*, long, int, int, long, int const*, int)",1631,462443524040606,462443524083046,0,0,32,0,48,64,1,1,3145728,1,1
"KERNEL_DISPATCH","Agent 2",1,0,120312,1632,6720,"void aiter::mxfp4_moe_sort_kernel<256, 32, 16, 32>(unsigned char*, unsigned char*, int const*, int const*, int, int, int, int, int)",1632,462443524083046,462443524087606,4608,0,32,0,112,256,1,1,721408,1,1
"KERNEL_DISPATCH","Agent 2",1,0,120312,1633,6763,"mfma_moe2_afp4_wfp4_bf16_cshuffle_t64x128x256_vscale_fix3_fp4opt_v1_persist_cu256",1633,462443524087606,462443524163447,33280,0,84,0,112,256,1,1,7168,256,1
"KERNEL_DISPATCH","Agent 2",1,0,120312,1634,6310,"EpCombineSync_bf16",1634,462443524169407,462443524178127,0,64,48,0,96,256,1,1,65536,1,1
"KERNEL_DISPATCH","Agent 2",1,0,120312,1635,6318,"EpCombineSyncBarrier_bf16",1635,462443524178127,462443524394129,0,64,28,0,48,64,1,1,64,1,1
"KERNEL_DISPATCH","Agent 2",1,0,120312,1636,6304,"EpCombineInterNodeV1KernelLowLatency_bf16",1636,462443524394129,462443524480090,0,1024,64,0,112,256,1,1,65536,1,1
"KERNEL_DISPATCH","Agent 2",1,0,120312,1637,6308,"EpCombineAll_bf16",1637,462443524480090,462443524488330,0,64,44,0,112,256,1,1,65536,1,1
"KERNEL_DISPATCH","Agent 2",1,0,120312,1638,6312,"EpDispatchCopyToStaging_fp4",1638,462443524494410,462443524500530,0,64,32,0,64,512,1,1,131072,1,1
"KERNEL_DISPATCH","Agent 2",1,0,120312,1639,6325,"EpDispatchInterNodeV1KernelLowLatency_fp4",1639,462443524500530,462443524612811,0,64,40,0,112,512,1,1,131072,1,1
"KERNEL_DISPATCH","Agent 2",1,0,120312,1640,6379,"void aiter::opus_moe_sorting_entry<aiter::MoeSortingClearWorkspaceKernel<aiter::MoeSortingClearWorkspaceProblem<true, 1024, 1> >, aiter::MoeSortingClearWorkspaceKernel<aiter::MoeSortingClearWorkspaceProblem<true, 1024, 1> >::Kargs>(aiter::MoeSortingClearWorkspaceKernel<aiter::MoeSortingClearWorkspaceProblem<true, 1024, 1> >::Kargs)",1640,462443524618251,462443524622611,0,0,4,0,16,1024,1,1,262144,1,1
"KERNEL_DISPATCH","Agent 2",1,0,120312,1641,6400,"void aiter::opus_moe_sorting_entry<aiter::MoeSortingMultiPhaseKernel_P0_v1<aiter::MoeSortingProblemMp<int, float, unsigned char, 4, true, true, true> >, aiter::MoeSortingMultiPhaseKernel_P0_v1<aiter::MoeSortingProblemMp<int, float, unsigned char, 4, true, true, true> >::Kargs>(aiter::MoeSortingMultiPhaseKernel_P0_v1<aiter::MoeSortingProblemMp<int, float, unsigned char, 4, true, true, true> >::Kargs)",1641,462443524622463,462443524627104,0,0,16,0,48,256,1,1,131072,1,1
"KERNEL_DISPATCH","Agent 2",1,0,120312,1642,6360,"void aiter::opus_moe_sorting_entry<aiter::MoeSortingMultiPhaseKernel_P1<aiter::MoeSortingProblemMp<int, float, unsigned char, 16, true, true, true> >, aiter::MoeSortingMultiPhaseKernel_P1<aiter::MoeSortingProblemMp<int, float, unsigned char, 16, true, true, true> >::Kargs>(aiter::MoeSortingMultiPhaseKernel_P1<aiter::MoeSortingProblemMp<int, float, unsigned char, 16, true, true, true> >::Kargs)",1642,462443524627252,462443524631412,512,0,12,0,32,256,1,1,229632,1,1
"KERNEL_DISPATCH","Agent 2",1,0,120312,1643,6381,"void aiter::opus_moe_sorting_entry<aiter::MoeSortingMultiPhaseKernel_P23<aiter::MoeSortingProblemMp<int, float, unsigned char, 16, true, true, true> >, aiter::MoeSortingMultiPhaseKernel_P23<aiter::MoeSortingProblemMp<int, float, unsigned char, 16, true, true, true> >::Kargs>(aiter::MoeSortingMultiPhaseKernel_P23<aiter::MoeSortingProblemMp<int, float, unsigned char, 16, true, true, true> >::Kargs)",1643,462443524631412,462443524642612,0,0,32,0,80,256,1,1,360704,1,1
"KERNEL_DISPATCH","Agent 2",1,0,120312,1644,6720,"void aiter::mxfp4_moe_sort_kernel<256, 32, 16, 32>(unsigned char*, unsigned char*, int const*, int const*, int, int, int, int, int)",1644,462443524642612,462443524647092,4608,0,32,0,112,256,1,1,721408,1,1
"KERNEL_DISPATCH","Agent 2",1,0,120312,1645,6762,"mfma_moe1_silu_mul_afp4_wfp4_bf16_t64x128x256_pm1_async_v32",1645,462443524647092,462443524792413,41472,0,100,0,112,256,1,1,6144,1408,1
"KERNEL_DISPATCH","Agent 2",1,0,120312,1646,6540,"void aiter::dynamic_per_group_scaled_quant_kernel<std::bfloat16_t, opus::fp4_t, 32, 32, false, 64, true>(opus::fp4_t*, float*, std::bfloat16_t const*, float const*, long, int, int, long, int const*, int)",1646,462443524792413,462443524834094,0,0,32,0,48,64,1,1,3145728,1,1
"KERNEL_DISPATCH","Agent 2",1,0,120312,1647,6720,"void aiter::mxfp4_moe_sort_kernel<256, 32, 16, 32>(unsigned char*, unsigned char*, int const*, int const*, int, int, int, int, int)",1647,462443524834094,462443524838654,4608,0,32,0,112,256,1,1,721408,1,1
"KERNEL_DISPATCH","Agent 2",1,0,120312,1648,6763,"mfma_moe2_afp4_wfp4_bf16_cshuffle_t64x128x256_vscale_fix3_fp4opt_v1_persist_cu256",1648,462443524838654,462443524913454,33280,0,84,0,112,256,1,1,7168,256,1
"KERNEL_DISPATCH","Agent 2",1,0,120312,1649,6310,"EpCombineSync_bf16",1649,462443524919374,462443524928054,0,64,48,0,96,256,1,1,65536,1,1
"KERNEL_DISPATCH","Agent 2",1,0,120312,1650,6318,"EpCombineSyncBarrier_bf16",1650,462443524928054,462443525192657,0,64,28,0,48,64,1,1,64,1,1
"KERNEL_DISPATCH","Agent 2",1,0,120312,1651,6304,"EpCombineInterNodeV1KernelLowLatency_bf16",1651,462443525192657,462443525277418,0,1024,64,0,112,256,1,1,65536,1,1
"KERNEL_DISPATCH","Agent 2",1,0,120312,1652,6308,"EpCombineAll_bf16",1652,462443525277418,462443525285378,0,64,44,0,112,256,1,1,65536,1,1
"KERNEL_DISPATCH","Agent 2",1,0,120312,1653,6312,"EpDispatchCopyToStaging_fp4",1653,462443525291778,462443525297978,0,64,32,0,64,512,1,1,131072,1,1
"KERNEL_DISPATCH","Agent 2",1,0,120312,1654,6325,"EpDispatchInterNodeV1KernelLowLatency_fp4",1654,462443525297978,462443525411379,0,64,40,0,112,512,1,1,131072,1,1
"KERNEL_DISPATCH","Agent 2",1,0,120312,1655,6379,"void aiter::opus_moe_sorting_entry<aiter::MoeSortingClearWorkspaceKernel<aiter::MoeSortingClearWorkspaceProblem<true, 1024, 1> >, aiter::MoeSortingClearWorkspaceKernel<aiter::MoeSortingClearWorkspaceProblem<true, 1024, 1> >::Kargs>(aiter::MoeSortingClearWorkspaceKernel<aiter::MoeSortingClearWorkspaceProblem<true, 1024, 1> >::Kargs)",1655,462443525416819,462443525420819,0,0,4,0,16,1024,1,1,262144,1,1
"KERNEL_DISPATCH","Agent 2",1,0,120312,1656,6400,"void aiter::opus_moe_sorting_entry<aiter::MoeSortingMultiPhaseKernel_P0_v1<aiter::MoeSortingProblemMp<int, float, unsigned char, 4, true, true, true> >, aiter::MoeSortingMultiPhaseKernel_P0_v1<aiter::MoeSortingProblemMp<int, float, unsigned char, 4, true, true, true> >::Kargs>(aiter::MoeSortingMultiPhaseKernel_P0_v1<aiter::MoeSortingProblemMp<int, float, unsigned char, 4, true, true, true> >::Kargs)",1656,462443525420819,462443525425259,0,0,16,0,48,256,1,1,131072,1,1
"KERNEL_DISPATCH","Agent 2",1,0,120312,1657,6360,"void aiter::opus_moe_sorting_entry<aiter::MoeSortingMultiPhaseKernel_P1<aiter::MoeSortingProblemMp<int, float, unsigned char, 16, true, true, true> >, aiter::MoeSortingMultiPhaseKernel_P1<aiter::MoeSortingProblemMp<int, float, unsigned char, 16, true, true, true> >::Kargs>(aiter::MoeSortingMultiPhaseKernel_P1<aiter::MoeSortingProblemMp<int, float, unsigned char, 16, true, true, true> >::Kargs)",1657,462443525425259,462443525429539,512,0,12,0,32,256,1,1,229632,1,1
"KERNEL_DISPATCH","Agent 2",1,0,120312,1658,6381,"void aiter::opus_moe_sorting_entry<aiter::MoeSortingMultiPhaseKernel_P23<aiter::MoeSortingProblemMp<int, float, unsigned char, 16, true, true, true> >, aiter::MoeSortingMultiPhaseKernel_P23<aiter::MoeSortingProblemMp<int, float, unsigned char, 16, true, true, true> >::Kargs>(aiter::MoeSortingMultiPhaseKernel_P23<aiter::MoeSortingProblemMp<int, float, unsigned char, 16, true, true, true> >::Kargs)",1658,462443525429539,462443525441139,0,0,32,0,80,256,1,1,360704,1,1
"KERNEL_DISPATCH","Agent 2",1,0,120312,1659,6720,"void aiter::mxfp4_moe_sort_kernel<256, 32, 16, 32>(unsigned char*, unsigned char*, int const*, int const*, int, int, int, int, int)",1659,462443525441139,462443525445740,4608,0,32,0,112,256,1,1,721408,1,1
"KERNEL_DISPATCH","Agent 2",1,0,120312,1660,6762,"mfma_moe1_silu_mul_afp4_wfp4_bf16_t64x128x256_pm1_async_v32",1660,462443525445740,462443525586741,41472,0,100,0,112,256,1,1,6144,1408,1
"KERNEL_DISPATCH","Agent 2",1,0,120312,1661,6540,"void aiter::dynamic_per_group_scaled_quant_kernel<std::bfloat16_t, opus::fp4_t, 32, 32, false, 64, true>(opus::fp4_t*, float*, std::bfloat16_t const*, float const*, long, int, int, long, int const*, int)",1661,462443525586741,462443525631101,0,0,32,0,48,64,1,1,3145728,1,1
"KERNEL_DISPATCH","Agent 2",1,0,120312,1662,6720,"void aiter::mxfp4_moe_sort_kernel<256, 32, 16, 32>(unsigned char*, unsigned char*, int const*, int const*, int, int, int, int, int)",1662,462443525631057,462443525635657,4608,0,32,0,112,256,1,1,721408,1,1
"KERNEL_DISPATCH","Agent 2",1,0,120312,1663,6763,"mfma_moe2_afp4_wfp4_bf16_cshuffle_t64x128x256_vscale_fix3_fp4opt_v1_persist_cu256",1663,462443525635701,462443525710542,33280,0,84,0,112,256,1,1,7168,256,1
"KERNEL_DISPATCH","Agent 2",1,0,120312,1664,6310,"EpCombineSync_bf16",1664,462443525716422,462443525725102,0,64,48,0,96,256,1,1,65536,1,1
"KERNEL_DISPATCH","Agent 2",1,0,120312,1665,6318,"EpCombineSyncBarrier_bf16",1665,462443525725102,462443525971145,0,64,28,0,48,64,1,1,64,1,1
"KERNEL_DISPATCH","Agent 2",1,0,120312,1666,6304,"EpCombineInterNodeV1KernelLowLatency_bf16",1666,462443525971145,462443526057146,0,1024,64,0,112,256,1,1,65536,1,1
"KERNEL_DISPATCH","Agent 2",1,0,120312,1667,6308,"EpCombineAll_bf16",1667,462443526057146,462443526065346,0,64,44,0,112,256,1,1,65536,1,1
"KERNEL_DISPATCH","Agent 2",1,0,120312,1668,6312,"EpDispatchCopyToStaging_fp4",1668,462443526071226,462443526077186,0,64,32,0,64,512,1,1,131072,1,1
"KERNEL_DISPATCH","Agent 2",1,0,120312,1669,6325,"EpDispatchInterNodeV1KernelLowLatency_fp4",1669,462443526077186,462443526189587,0,64,40,0,112,512,1,1,131072,1,1
"KERNEL_DISPATCH","Agent 2",1,0,120312,1670,6379,"void aiter::opus_moe_sorting_entry<aiter::MoeSortingClearWorkspaceKernel<aiter::MoeSortingClearWorkspaceProblem<true, 1024, 1> >, aiter::MoeSortingClearWorkspaceKernel<aiter::MoeSortingClearWorkspaceProblem<true, 1024, 1> >::Kargs>(aiter::MoeSortingClearWorkspaceKernel<aiter::MoeSortingClearWorkspaceProblem<true, 1024, 1> >::Kargs)",1670,462443526195227,462443526199307,0,0,4,0,16,1024,1,1,262144,1,1
"KERNEL_DISPATCH","Agent 2",1,0,120312,1671,6400,"void aiter::opus_moe_sorting_entry<aiter::MoeSortingMultiPhaseKernel_P0_v1<aiter::MoeSortingProblemMp<int, float, unsigned char, 4, true, true, true> >, aiter::MoeSortingMultiPhaseKernel_P0_v1<aiter::MoeSortingProblemMp<int, float, unsigned char, 4, true, true, true> >::Kargs>(aiter::MoeSortingMultiPhaseKernel_P0_v1<aiter::MoeSortingProblemMp<int, float, unsigned char, 4, true, true, true> >::Kargs)",1671,462443526199307,462443526203867,0,0,16,0,48,256,1,1,131072,1,1
"KERNEL_DISPATCH","Agent 2",1,0,120312,1672,6360,"void aiter::opus_moe_sorting_entry<aiter::MoeSortingMultiPhaseKernel_P1<aiter::MoeSortingProblemMp<int, float, unsigned char, 16, true, true, true> >, aiter::MoeSortingMultiPhaseKernel_P1<aiter::MoeSortingProblemMp<int, float, unsigned char, 16, true, true, true> >::Kargs>(aiter::MoeSortingMultiPhaseKernel_P1<aiter::MoeSortingProblemMp<int, float, unsigned char, 16, true, true, true> >::Kargs)",1672,462443526203867,462443526208147,512,0,12,0,32,256,1,1,229632,1,1
"KERNEL_DISPATCH","Agent 2",1,0,120312,1675,6762,"mfma_moe1_silu_mul_afp4_wfp4_bf16_t64x128x256_pm1_async_v32",1675,462443526224027,462443526367389,41472,0,100,0,112,256,1,1,6144,1408,1
"KERNEL_DISPATCH","Agent 2",1,0,120312,1674,6720,"void aiter::mxfp4_moe_sort_kernel<256, 32, 16, 32>(unsigned char*, unsigned char*, int const*, int const*, int, int, int, int, int)",1674,462443526219467,462443526224027,4608,0,32,0,112,256,1,1,721408,1,1
"KERNEL_DISPATCH","Agent 2",1,0,120312,1673,6381,"void aiter::opus_moe_sorting_entry<aiter::MoeSortingMultiPhaseKernel_P23<aiter::MoeSortingProblemMp<int, float, unsigned char, 16, true, true, true> >, aiter::MoeSortingMultiPhaseKernel_P23<aiter::MoeSortingProblemMp<int, float, unsigned char, 16, true, true, true> >::Kargs>(aiter::MoeSortingMultiPhaseKernel_P23<aiter::MoeSortingProblemMp<int, float, unsigned char, 16, true, true, true> >::Kargs)",1673,462443526208147,462443526219467,0,0,32,0,80,256,1,1,360704,1,1
"KERNEL_DISPATCH","Agent 2",1,0,120312,1676,6540,"void aiter::dynamic_per_group_scaled_quant_kernel<std::bfloat16_t, opus::fp4_t, 32, 32, false, 64, true>(opus::fp4_t*, float*, std::bfloat16_t const*, float const*, long, int, int, long, int const*, int)",1676,462443526367389,462443526408829,0,0,32,0,48,64,1,1,3145728,1,1
"KERNEL_DISPATCH","Agent 2",1,0,120312,1677,6720,"void aiter::mxfp4_moe_sort_kernel<256, 32, 16, 32>(unsigned char*, unsigned char*, int const*, int const*, int, int, int, int, int)",1677,462443526408829,462443526413549,4608,0,32,0,112,256,1,1,721408,1,1
"KERNEL_DISPATCH","Agent 2",1,0,120312,1678,6763,"mfma_moe2_afp4_wfp4_bf16_cshuffle_t64x128x256_vscale_fix3_fp4opt_v1_persist_cu256",1678,462443526413549,462443526488750,33280,0,84,0,112,256,1,1,7168,256,1
"KERNEL_DISPATCH","Agent 2",1,0,120312,1679,6310,"EpCombineSync_bf16",1679,462443526494750,462443526503790,0,64,48,0,96,256,1,1,65536,1,1
"KERNEL_DISPATCH","Agent 2",1,0,120312,1680,6318,"EpCombineSyncBarrier_bf16",1680,462443526503790,462443526734952,0,64,28,0,48,64,1,1,64,1,1
"KERNEL_DISPATCH","Agent 2",1,0,120312,1681,6304,"EpCombineInterNodeV1KernelLowLatency_bf16",1681,462443526734952,462443526819313,0,1024,64,0,112,256,1,1,65536,1,1
"KERNEL_DISPATCH","Agent 2",1,0,120312,1682,6308,"EpCombineAll_bf16",1682,462443526819313,462443526827633,0,64,44,0,112,256,1,1,65536,1,1
"KERNEL_DISPATCH","Agent 2",1,0,120312,1683,6312,"EpDispatchCopyToStaging_fp4",1683,462443526834073,462443526840513,0,64,32,0,64,512,1,1,131072,1,1
"KERNEL_DISPATCH","Agent 2",1,0,120312,1684,6325,"EpDispatchInterNodeV1KernelLowLatency_fp4",1684,462443526840513,462443526953754,0,64,40,0,112,512,1,1,131072,1,1
"KERNEL_DISPATCH","Agent 2",1,0,120312,1685,6379,"void aiter::opus_moe_sorting_entry<aiter::MoeSortingClearWorkspaceKernel<aiter::MoeSortingClearWorkspaceProblem<true, 1024, 1> >, aiter::MoeSortingClearWorkspaceKernel<aiter::MoeSortingClearWorkspaceProblem<true, 1024, 1> >::Kargs>(aiter::MoeSortingClearWorkspaceKernel<aiter::MoeSortingClearWorkspaceProblem<true, 1024, 1> >::Kargs)",1685,462443526959146,462443526963266,0,0,4,0,16,1024,1,1,262144,1,1
"KERNEL_DISPATCH","Agent 2",1,0,120312,1686,6400,"void aiter::opus_moe_sorting_entry<aiter::MoeSortingMultiPhaseKernel_P0_v1<aiter::MoeSortingProblemMp<int, float, unsigned char, 4, true, true, true> >, aiter::MoeSortingMultiPhaseKernel_P0_v1<aiter::MoeSortingProblemMp<int, float, unsigned char, 4, true, true, true> >::Kargs>(aiter::MoeSortingMultiPhaseKernel_P0_v1<aiter::MoeSortingProblemMp<int, float, unsigned char, 4, true, true, true> >::Kargs)",1686,462443526963474,462443526967874,0,0,16,0,48,256,1,1,131072,1,1
"KERNEL_DISPATCH","Agent 2",1,0,120312,1687,6360,"void aiter::opus_moe_sorting_entry<aiter::MoeSortingMultiPhaseKernel_P1<aiter::MoeSortingProblemMp<int, float, unsigned char, 16, true, true, true> >, aiter::MoeSortingMultiPhaseKernel_P1<aiter::MoeSortingProblemMp<int, float, unsigned char, 16, true, true, true> >::Kargs>(aiter::MoeSortingMultiPhaseKernel_P1<aiter::MoeSortingProblemMp<int, float, unsigned char, 16, true, true, true> >::Kargs)",1687,462443526967874,462443526972354,512,0,12,0,32,256,1,1,229632,1,1
"KERNEL_DISPATCH","Agent 2",1,0,120312,1688,6381,"void aiter::opus_moe_sorting_entry<aiter::MoeSortingMultiPhaseKernel_P23<aiter::MoeSortingProblemMp<int, float, unsigned char, 16, true, true, true> >, aiter::MoeSortingMultiPhaseKernel_P23<aiter::MoeSortingProblemMp<int, float, unsigned char, 16, true, true, true> >::Kargs>(aiter::MoeSortingMultiPhaseKernel_P23<aiter::MoeSortingProblemMp<int, float, unsigned char, 16, true, true, true> >::Kargs)",1688,462443526972354,462443526983555,0,0,32,0,80,256,1,1,360704,1,1
"KERNEL_DISPATCH","Agent 2",1,0,120312,1689,6720,"void aiter::mxfp4_moe_sort_kernel<256, 32, 16, 32>(unsigned char*, unsigned char*, int const*, int const*, int, int, int, int, int)",1689,462443526983555,462443526988195,4608,0,32,0,112,256,1,1,721408,1,1
"KERNEL_DISPATCH","Agent 2",1,0,120312,1690,6762,"mfma_moe1_silu_mul_afp4_wfp4_bf16_t64x128x256_pm1_async_v32",1690,462443526988195,462443527131356,41472,0,100,0,112,256,1,1,6144,1408,1
"KERNEL_DISPATCH","Agent 2",1,0,120312,1691,6540,"void aiter::dynamic_per_group_scaled_quant_kernel<std::bfloat16_t, opus::fp4_t, 32, 32, false, 64, true>(opus::fp4_t*, float*, std::bfloat16_t const*, float const*, long, int, int, long, int const*, int)",1691,462443527131356,462443527173436,0,0,32,0,48,64,1,1,3145728,1,1
"KERNEL_DISPATCH","Agent 2",1,0,120312,1692,6720,"void aiter::mxfp4_moe_sort_kernel<256, 32, 16, 32>(unsigned char*, unsigned char*, int const*, int const*, int, int, int, int, int)",1692,462443527173436,462443527178316,4608,0,32,0,112,256,1,1,721408,1,1
"KERNEL_DISPATCH","Agent 2",1,0,120312,1693,6763,"mfma_moe2_afp4_wfp4_bf16_cshuffle_t64x128x256_vscale_fix3_fp4opt_v1_persist_cu256",1693,462443527178316,462443527254317,33280,0,84,0,112,256,1,1,7168,256,1
"KERNEL_DISPATCH","Agent 2",1,0,120312,1694,6310,"EpCombineSync_bf16",1694,462443527260117,462443527268957,0,64,48,0,96,256,1,1,65536,1,1
"KERNEL_DISPATCH","Agent 2",1,0,120312,1695,6318,"EpCombineSyncBarrier_bf16",1695,462443527268957,462443527508680,0,64,28,0,48,64,1,1,64,1,1
"KERNEL_DISPATCH","Agent 2",1,0,120312,1696,6304,"EpCombineInterNodeV1KernelLowLatency_bf16",1696,462443527508680,462443527594561,0,1024,64,0,112,256,1,1,65536,1,1
"KERNEL_DISPATCH","Agent 2",1,0,120312,1697,6308,"EpCombineAll_bf16",1697,462443527594561,462443527603401,0,64,44,0,112,256,1,1,65536,1,1
"KERNEL_DISPATCH","Agent 2",1,0,120312,1698,6312,"EpDispatchCopyToStaging_fp4",1698,462443527609121,462443527615201,0,64,32,0,64,512,1,1,131072,1,1
"KERNEL_DISPATCH","Agent 2",1,0,120312,1699,6325,"EpDispatchInterNodeV1KernelLowLatency_fp4",1699,462443527615201,462443527724802,0,64,40,0,112,512,1,1,131072,1,1
"KERNEL_DISPATCH","Agent 2",1,0,120312,1700,6379,"void aiter::opus_moe_sorting_entry<aiter::MoeSortingClearWorkspaceKernel<aiter::MoeSortingClearWorkspaceProblem<true, 1024, 1> >, aiter::MoeSortingClearWorkspaceKernel<aiter::MoeSortingClearWorkspaceProblem<true, 1024, 1> >::Kargs>(aiter::MoeSortingClearWorkspaceKernel<aiter::MoeSortingClearWorkspaceProblem<true, 1024, 1> >::Kargs)",1700,462443527730162,462443527734362,0,0,4,0,16,1024,1,1,262144,1,1
"KERNEL_DISPATCH","Agent 2",1,0,120312,1701,6400,"void aiter::opus_moe_sorting_entry<aiter::MoeSortingMultiPhaseKernel_P0_v1<aiter::MoeSortingProblemMp<int, float, unsigned char, 4, true, true, true> >, aiter::MoeSortingMultiPhaseKernel_P0_v1<aiter::MoeSortingProblemMp<int, float, unsigned char, 4, true, true, true> >::Kargs>(aiter::MoeSortingMultiPhaseKernel_P0_v1<aiter::MoeSortingProblemMp<int, float, unsigned char, 4, true, true, true> >::Kargs)",1701,462443527734362,462443527738762,0,0,16,0,48,256,1,1,131072,1,1
"KERNEL_DISPATCH","Agent 2",1,0,120312,1702,6360,"void aiter::opus_moe_sorting_entry<aiter::MoeSortingMultiPhaseKernel_P1<aiter::MoeSortingProblemMp<int, float, unsigned char, 16, true, true, true> >, aiter::MoeSortingMultiPhaseKernel_P1<aiter::MoeSortingProblemMp<int, float, unsigned char, 16, true, true, true> >::Kargs>(aiter::MoeSortingMultiPhaseKernel_P1<aiter::MoeSortingProblemMp<int, float, unsigned char, 16, true, true, true> >::Kargs)",1702,462443527738762,462443527743082,512,0,12,0,32,256,1,1,229632,1,1
"KERNEL_DISPATCH","Agent 2",1,0,120312,1703,6381,"void aiter::opus_moe_sorting_entry<aiter::MoeSortingMultiPhaseKernel_P23<aiter::MoeSortingProblemMp<int, float, unsigned char, 16, true, true, true> >, aiter::MoeSortingMultiPhaseKernel_P23<aiter::MoeSortingProblemMp<int, float, unsigned char, 16, true, true, true> >::Kargs>(aiter::MoeSortingMultiPhaseKernel_P23<aiter::MoeSortingProblemMp<int, float, unsigned char, 16, true, true, true> >::Kargs)",1703,462443527743082,462443527754722,0,0,32,0,80,256,1,1,360704,1,1
"KERNEL_DISPATCH","Agent 2",1,0,120312,1704,6720,"void aiter::mxfp4_moe_sort_kernel<256, 32, 16, 32>(unsigned char*, unsigned char*, int const*, int const*, int, int, int, int, int)",1704,462443527754722,462443527759322,4608,0,32,0,112,256,1,1,721408,1,1
"KERNEL_DISPATCH","Agent 2",1,0,120312,1705,6762,"mfma_moe1_silu_mul_afp4_wfp4_bf16_t64x128x256_pm1_async_v32",1705,462443527759322,462443527901964,41472,0,100,0,112,256,1,1,6144,1408,1
"KERNEL_DISPATCH","Agent 2",1,0,120312,1706,6540,"void aiter::dynamic_per_group_scaled_quant_kernel<std::bfloat16_t, opus::fp4_t, 32, 32, false, 64, true>(opus::fp4_t*, float*, std::bfloat16_t const*, float const*, long, int, int, long, int const*, int)",1706,462443527901964,462443527943084,0,0,32,0,48,64,1,1,3145728,1,1
"KERNEL_DISPATCH","Agent 2",1,0,120312,1707,6720,"void aiter::mxfp4_moe_sort_kernel<256, 32, 16, 32>(unsigned char*, unsigned char*, int const*, int const*, int, int, int, int, int)",1707,462443527943084,462443527947564,4608,0,32,0,112,256,1,1,721408,1,1
"KERNEL_DISPATCH","Agent 2",1,0,120312,1708,6763,"mfma_moe2_afp4_wfp4_bf16_cshuffle_t64x128x256_vscale_fix3_fp4opt_v1_persist_cu256",1708,462443527947564,462443528022925,33280,0,84,0,112,256,1,1,7168,256,1
"KERNEL_DISPATCH","Agent 2",1,0,120312,1709,6310,"EpCombineSync_bf16",1709,462443528029045,462443528037925,0,64,48,0,96,256,1,1,65536,1,1
"KERNEL_DISPATCH","Agent 2",1,0,120312,1710,6318,"EpCombineSyncBarrier_bf16",1710,462443528037925,462443528267087,0,64,28,0,48,64,1,1,64,1,1
"KERNEL_DISPATCH","Agent 2",1,0,120312,1711,6304,"EpCombineInterNodeV1KernelLowLatency_bf16",1711,462443528267087,462443528352048,0,1024,64,0,112,256,1,1,65536,1,1
"KERNEL_DISPATCH","Agent 2",1,0,120312,1712,6308,"EpCombineAll_bf16",1712,462443528352048,462443528359848,0,64,44,0,112,256,1,1,65536,1,1
"KERNEL_DISPATCH","Agent 2",1,0,120312,1713,6312,"EpDispatchCopyToStaging_fp4",1713,462443528366168,462443528372448,0,64,32,0,64,512,1,1,131072,1,1
"KERNEL_DISPATCH","Agent 2",1,0,120312,1714,6325,"EpDispatchInterNodeV1KernelLowLatency_fp4",1714,462443528372448,462443528485889,0,64,40,0,112,512,1,1,131072,1,1
"KERNEL_DISPATCH","Agent 2",1,0,120312,1715,6379,"void aiter::opus_moe_sorting_entry<aiter::MoeSortingClearWorkspaceKernel<aiter::MoeSortingClearWorkspaceProblem<true, 1024, 1> >, aiter::MoeSortingClearWorkspaceKernel<aiter::MoeSortingClearWorkspaceProblem<true, 1024, 1> >::Kargs>(aiter::MoeSortingClearWorkspaceKernel<aiter::MoeSortingClearWorkspaceProblem<true, 1024, 1> >::Kargs)",1715,462443528491369,462443528495369,0,0,4,0,16,1024,1,1,262144,1,1
"KERNEL_DISPATCH","Agent 2",1,0,120312,1716,6400,"void aiter::opus_moe_sorting_entry<aiter::MoeSortingMultiPhaseKernel_P0_v1<aiter::MoeSortingProblemMp<int, float, unsigned char, 4, true, true, true> >, aiter::MoeSortingMultiPhaseKernel_P0_v1<aiter::MoeSortingProblemMp<int, float, unsigned char, 4, true, true, true> >::Kargs>(aiter::MoeSortingMultiPhaseKernel_P0_v1<aiter::MoeSortingProblemMp<int, float, unsigned char, 4, true, true, true> >::Kargs)",1716,462443528495369,462443528499809,0,0,16,0,48,256,1,1,131072,1,1
"KERNEL_DISPATCH","Agent 2",1,0,120312,1717,6360,"void aiter::opus_moe_sorting_entry<aiter::MoeSortingMultiPhaseKernel_P1<aiter::MoeSortingProblemMp<int, float, unsigned char, 16, true, true, true> >, aiter::MoeSortingMultiPhaseKernel_P1<aiter::MoeSortingProblemMp<int, float, unsigned char, 16, true, true, true> >::Kargs>(aiter::MoeSortingMultiPhaseKernel_P1<aiter::MoeSortingProblemMp<int, float, unsigned char, 16, true, true, true> >::Kargs)",1717,462443528499809,462443528504169,512,0,12,0,32,256,1,1,229632,1,1
"KERNEL_DISPATCH","Agent 2",1,0,120312,1718,6381,"void aiter::opus_moe_sorting_entry<aiter::MoeSortingMultiPhaseKernel_P23<aiter::MoeSortingProblemMp<int, float, unsigned char, 16, true, true, true> >, aiter::MoeSortingMultiPhaseKernel_P23<aiter::MoeSortingProblemMp<int, float, unsigned char, 16, true, true, true> >::Kargs>(aiter::MoeSortingMultiPhaseKernel_P23<aiter::MoeSortingProblemMp<int, float, unsigned char, 16, true, true, true> >::Kargs)",1718,462443528504169,462443528515570,0,0,32,0,80,256,1,1,360704,1,1
"KERNEL_DISPATCH","Agent 2",1,0,120312,1719,6720,"void aiter::mxfp4_moe_sort_kernel<256, 32, 16, 32>(unsigned char*, unsigned char*, int const*, int const*, int, int, int, int, int)",1719,462443528515570,462443528520090,4608,0,32,0,112,256,1,1,721408,1,1
"KERNEL_DISPATCH","Agent 2",1,0,120312,1720,6762,"mfma_moe1_silu_mul_afp4_wfp4_bf16_t64x128x256_pm1_async_v32",1720,462443528520090,462443528662651,41472,0,100,0,112,256,1,1,6144,1408,1
"KERNEL_DISPATCH","Agent 2",1,0,120312,1721,6540,"void aiter::dynamic_per_group_scaled_quant_kernel<std::bfloat16_t, opus::fp4_t, 32, 32, false, 64, true>(opus::fp4_t*, float*, std::bfloat16_t const*, float const*, long, int, int, long, int const*, int)",1721,462443528662651,462443528704771,0,0,32,0,48,64,1,1,3145728,1,1
"KERNEL_DISPATCH","Agent 2",1,0,120312,1722,6720,"void aiter::mxfp4_moe_sort_kernel<256, 32, 16, 32>(unsigned char*, unsigned char*, int const*, int const*, int, int, int, int, int)",1722,462443528704771,462443528709211,4608,0,32,0,112,256,1,1,721408,1,1
"KERNEL_DISPATCH","Agent 2",1,0,120312,1723,6763,"mfma_moe2_afp4_wfp4_bf16_cshuffle_t64x128x256_vscale_fix3_fp4opt_v1_persist_cu256",1723,462443528709211,462443528784572,33280,0,84,0,112,256,1,1,7168,256,1
"KERNEL_DISPATCH","Agent 2",1,0,120312,1724,6310,"EpCombineSync_bf16",1724,462443528790452,462443528799172,0,64,48,0,96,256,1,1,65536,1,1
"KERNEL_DISPATCH","Agent 2",1,0,120312,1725,6318,"EpCombineSyncBarrier_bf16",1725,462443528799172,462443529015574,0,64,28,0,48,64,1,1,64,1,1
"KERNEL_DISPATCH","Agent 2",1,0,120312,1726,6304,"EpCombineInterNodeV1KernelLowLatency_bf16",1726,462443529015574,462443529100415,0,1024,64,0,112,256,1,1,65536,1,1
"KERNEL_DISPATCH","Agent 2",1,0,120312,1727,6308,"EpCombineAll_bf16",1727,462443529100415,462443529108895,0,64,44,0,112,256,1,1,65536,1,1
"KERNEL_DISPATCH","Agent 2",1,0,120312,1728,6312,"EpDispatchCopyToStaging_fp4",1728,462443529114735,462443529120895,0,64,32,0,64,512,1,1,131072,1,1
"KERNEL_DISPATCH","Agent 2",1,0,120312,1729,6325,"EpDispatchInterNodeV1KernelLowLatency_fp4",1729,462443529120895,462443529231897,0,64,40,0,112,512,1,1,131072,1,1
"KERNEL_DISPATCH","Agent 2",1,0,120312,1730,6379,"void aiter::opus_moe_sorting_entry<aiter::MoeSortingClearWorkspaceKernel<aiter::MoeSortingClearWorkspaceProblem<true, 1024, 1> >, aiter::MoeSortingClearWorkspaceKernel<aiter::MoeSortingClearWorkspaceProblem<true, 1024, 1> >::Kargs>(aiter::MoeSortingClearWorkspaceKernel<aiter::MoeSortingClearWorkspaceProblem<true, 1024, 1> >::Kargs)",1730,462443529237217,462443529241577,0,0,4,0,16,1024,1,1,262144,1,1
"KERNEL_DISPATCH","Agent 2",1,0,120312,1731,6400,"void aiter::opus_moe_sorting_entry<aiter::MoeSortingMultiPhaseKernel_P0_v1<aiter::MoeSortingProblemMp<int, float, unsigned char, 4, true, true, true> >, aiter::MoeSortingMultiPhaseKernel_P0_v1<aiter::MoeSortingProblemMp<int, float, unsigned char, 4, true, true, true> >::Kargs>(aiter::MoeSortingMultiPhaseKernel_P0_v1<aiter::MoeSortingProblemMp<int, float, unsigned char, 4, true, true, true> >::Kargs)",1731,462443529241577,462443529246017,0,0,16,0,48,256,1,1,131072,1,1
"KERNEL_DISPATCH","Agent 2",1,0,120312,1732,6360,"void aiter::opus_moe_sorting_entry<aiter::MoeSortingMultiPhaseKernel_P1<aiter::MoeSortingProblemMp<int, float, unsigned char, 16, true, true, true> >, aiter::MoeSortingMultiPhaseKernel_P1<aiter::MoeSortingProblemMp<int, float, unsigned char, 16, true, true, true> >::Kargs>(aiter::MoeSortingMultiPhaseKernel_P1<aiter::MoeSortingProblemMp<int, float, unsigned char, 16, true, true, true> >::Kargs)",1732,462443529246017,462443529250257,512,0,12,0,32,256,1,1,229632,1,1
"KERNEL_DISPATCH","Agent 2",1,0,120312,1733,6381,"void aiter::opus_moe_sorting_entry<aiter::MoeSortingMultiPhaseKernel_P23<aiter::MoeSortingProblemMp<int, float, unsigned char, 16, true, true, true> >, aiter::MoeSortingMultiPhaseKernel_P23<aiter::MoeSortingProblemMp<int, float, unsigned char, 16, true, true, true> >::Kargs>(aiter::MoeSortingMultiPhaseKernel_P23<aiter::MoeSortingProblemMp<int, float, unsigned char, 16, true, true, true> >::Kargs)",1733,462443529250257,462443529261577,0,0,32,0,80,256,1,1,360704,1,1
"KERNEL_DISPATCH","Agent 2",1,0,120312,1734,6720,"void aiter::mxfp4_moe_sort_kernel<256, 32, 16, 32>(unsigned char*, unsigned char*, int const*, int const*, int, int, int, int, int)",1734,462443529261577,462443529266057,4608,0,32,0,112,256,1,1,721408,1,1
"KERNEL_DISPATCH","Agent 2",1,0,120312,1735,6762,"mfma_moe1_silu_mul_afp4_wfp4_bf16_t64x128x256_pm1_async_v32",1735,462443529266057,462443529409938,41472,0,100,0,112,256,1,1,6144,1408,1
"KERNEL_DISPATCH","Agent 2",1,0,120312,1736,6540,"void aiter::dynamic_per_group_scaled_quant_kernel<std::bfloat16_t, opus::fp4_t, 32, 32, false, 64, true>(opus::fp4_t*, float*, std::bfloat16_t const*, float const*, long, int, int, long, int const*, int)",1736,462443529409938,462443529454299,0,0,32,0,48,64,1,1,3145728,1,1
"KERNEL_DISPATCH","Agent 2",1,0,120312,1737,6720,"void aiter::mxfp4_moe_sort_kernel<256, 32, 16, 32>(unsigned char*, unsigned char*, int const*, int const*, int, int, int, int, int)",1737,462443529454299,462443529458859,4608,0,32,0,112,256,1,1,721408,1,1
"KERNEL_DISPATCH","Agent 2",1,0,120312,1738,6763,"mfma_moe2_afp4_wfp4_bf16_cshuffle_t64x128x256_vscale_fix3_fp4opt_v1_persist_cu256",1738,462443529458859,462443529535299,33280,0,84,0,112,256,1,1,7168,256,1
"KERNEL_DISPATCH","Agent 2",1,0,120312,1739,6310,"EpCombineSync_bf16",1739,462443529541180,462443529549980,0,64,48,0,96,256,1,1,65536,1,1
"KERNEL_DISPATCH","Agent 2",1,0,120312,1740,6318,"EpCombineSyncBarrier_bf16",1740,462443529549980,462443529756062,0,64,28,0,48,64,1,1,64,1,1
"KERNEL_DISPATCH","Agent 2",1,0,120312,1741,6304,"EpCombineInterNodeV1KernelLowLatency_bf16",1741,462443529756062,462443529842662,0,1024,64,0,112,256,1,1,65536,1,1
"KERNEL_DISPATCH","Agent 2",1,0,120312,1742,6308,"EpCombineAll_bf16",1742,462443529842662,462443529850623,0,64,44,0,112,256,1,1,65536,1,1
"KERNEL_DISPATCH","Agent 2",1,0,120312,1743,6312,"EpDispatchCopyToStaging_fp4",1743,462443529856263,462443529862583,0,64,32,0,64,512,1,1,131072,1,1
"KERNEL_DISPATCH","Agent 2",1,0,120312,1744,6325,"EpDispatchInterNodeV1KernelLowLatency_fp4",1744,462443529862583,462443529996624,0,64,40,0,112,512,1,1,131072,1,1
"KERNEL_DISPATCH","Agent 2",1,0,120312,1745,6379,"void aiter::opus_moe_sorting_entry<aiter::MoeSortingClearWorkspaceKernel<aiter::MoeSortingClearWorkspaceProblem<true, 1024, 1> >, aiter::MoeSortingClearWorkspaceKernel<aiter::MoeSortingClearWorkspaceProblem<true, 1024, 1> >::Kargs>(aiter::MoeSortingClearWorkspaceKernel<aiter::MoeSortingClearWorkspaceProblem<true, 1024, 1> >::Kargs)",1745,462443530001944,462443530005904,0,0,4,0,16,1024,1,1,262144,1,1
"KERNEL_DISPATCH","Agent 2",1,0,120312,1746,6400,"void aiter::opus_moe_sorting_entry<aiter::MoeSortingMultiPhaseKernel_P0_v1<aiter::MoeSortingProblemMp<int, float, unsigned char, 4, true, true, true> >, aiter::MoeSortingMultiPhaseKernel_P0_v1<aiter::MoeSortingProblemMp<int, float, unsigned char, 4, true, true, true> >::Kargs>(aiter::MoeSortingMultiPhaseKernel_P0_v1<aiter::MoeSortingProblemMp<int, float, unsigned char, 4, true, true, true> >::Kargs)",1746,462443530005904,462443530010304,0,0,16,0,48,256,1,1,131072,1,1
"KERNEL_DISPATCH","Agent 2",1,0,120312,1747,6360,"void aiter::opus_moe_sorting_entry<aiter::MoeSortingMultiPhaseKernel_P1<aiter::MoeSortingProblemMp<int, float, unsigned char, 16, true, true, true> >, aiter::MoeSortingMultiPhaseKernel_P1<aiter::MoeSortingProblemMp<int, float, unsigned char, 16, true, true, true> >::Kargs>(aiter::MoeSortingMultiPhaseKernel_P1<aiter::MoeSortingProblemMp<int, float, unsigned char, 16, true, true, true> >::Kargs)",1747,462443530010304,462443530014584,512,0,12,0,32,256,1,1,229632,1,1
"KERNEL_DISPATCH","Agent 2",1,0,120312,1748,6381,"void aiter::opus_moe_sorting_entry<aiter::MoeSortingMultiPhaseKernel_P23<aiter::MoeSortingProblemMp<int, float, unsigned char, 16, true, true, true> >, aiter::MoeSortingMultiPhaseKernel_P23<aiter::MoeSortingProblemMp<int, float, unsigned char, 16, true, true, true> >::Kargs>(aiter::MoeSortingMultiPhaseKernel_P23<aiter::MoeSortingProblemMp<int, float, unsigned char, 16, true, true, true> >::Kargs)",1748,462443530014584,462443530025984,0,0,32,0,80,256,1,1,360704,1,1
"KERNEL_DISPATCH","Agent 2",1,0,120312,1749,6720,"void aiter::mxfp4_moe_sort_kernel<256, 32, 16, 32>(unsigned char*, unsigned char*, int const*, int const*, int, int, int, int, int)",1749,462443530025984,462443530030504,4608,0,32,0,112,256,1,1,721408,1,1
"KERNEL_DISPATCH","Agent 2",1,0,120312,1750,6762,"mfma_moe1_silu_mul_afp4_wfp4_bf16_t64x128x256_pm1_async_v32",1750,462443530030504,462443530173146,41472,0,100,0,112,256,1,1,6144,1408,1
"KERNEL_DISPATCH","Agent 2",1,0,120312,1751,6540,"void aiter::dynamic_per_group_scaled_quant_kernel<std::bfloat16_t, opus::fp4_t, 32, 32, false, 64, true>(opus::fp4_t*, float*, std::bfloat16_t const*, float const*, long, int, int, long, int const*, int)",1751,462443530173146,462443530215986,0,0,32,0,48,64,1,1,3145728,1,1
"KERNEL_DISPATCH","Agent 2",1,0,120312,1752,6720,"void aiter::mxfp4_moe_sort_kernel<256, 32, 16, 32>(unsigned char*, unsigned char*, int const*, int const*, int, int, int, int, int)",1752,462443530215986,462443530220626,4608,0,32,0,112,256,1,1,721408,1,1
"KERNEL_DISPATCH","Agent 2",1,0,120312,1753,6763,"mfma_moe2_afp4_wfp4_bf16_cshuffle_t64x128x256_vscale_fix3_fp4opt_v1_persist_cu256",1753,462443530220626,462443530295867,33280,0,84,0,112,256,1,1,7168,256,1
"KERNEL_DISPATCH","Agent 2",1,0,120312,1754,6310,"EpCombineSync_bf16",1754,462443530301507,462443530310387,0,64,48,0,96,256,1,1,65536,1,1
"KERNEL_DISPATCH","Agent 2",1,0,120312,1755,6318,"EpCombineSyncBarrier_bf16",1755,462443530310387,462443530590550,0,64,28,0,48,64,1,1,64,1,1
"KERNEL_DISPATCH","Agent 2",1,0,120312,1756,6304,"EpCombineInterNodeV1KernelLowLatency_bf16",1756,462443530590550,462443530676031,0,1024,64,0,112,256,1,1,65536,1,1
"KERNEL_DISPATCH","Agent 2",1,0,120312,1757,6308,"EpCombineAll_bf16",1757,462443530676031,462443530684551,0,64,44,0,112,256,1,1,65536,1,1
"KERNEL_DISPATCH","Agent 2",1,0,120312,1758,6312,"EpDispatchCopyToStaging_fp4",1758,462443530690951,462443530697071,0,64,32,0,64,512,1,1,131072,1,1
"KERNEL_DISPATCH","Agent 2",1,0,120312,1759,6325,"EpDispatchInterNodeV1KernelLowLatency_fp4",1759,462443530697071,462443530808352,0,64,40,0,112,512,1,1,131072,1,1
"KERNEL_DISPATCH","Agent 2",1,0,120312,1760,6379,"void aiter::opus_moe_sorting_entry<aiter::MoeSortingClearWorkspaceKernel<aiter::MoeSortingClearWorkspaceProblem<true, 1024, 1> >, aiter::MoeSortingClearWorkspaceKernel<aiter::MoeSortingClearWorkspaceProblem<true, 1024, 1> >::Kargs>(aiter::MoeSortingClearWorkspaceKernel<aiter::MoeSortingClearWorkspaceProblem<true, 1024, 1> >::Kargs)",1760,462443530813712,462443530817832,0,0,4,0,16,1024,1,1,262144,1,1
"KERNEL_DISPATCH","Agent 2",1,0,120312,1761,6400,"void aiter::opus_moe_sorting_entry<aiter::MoeSortingMultiPhaseKernel_P0_v1<aiter::MoeSortingProblemMp<int, float, unsigned char, 4, true, true, true> >, aiter::MoeSortingMultiPhaseKernel_P0_v1<aiter::MoeSortingProblemMp<int, float, unsigned char, 4, true, true, true> >::Kargs>(aiter::MoeSortingMultiPhaseKernel_P0_v1<aiter::MoeSortingProblemMp<int, float, unsigned char, 4, true, true, true> >::Kargs)",1761,462443530817832,462443530822392,0,0,16,0,48,256,1,1,131072,1,1
"KERNEL_DISPATCH","Agent 2",1,0,120312,1762,6360,"void aiter::opus_moe_sorting_entry<aiter::MoeSortingMultiPhaseKernel_P1<aiter::MoeSortingProblemMp<int, float, unsigned char, 16, true, true, true> >, aiter::MoeSortingMultiPhaseKernel_P1<aiter::MoeSortingProblemMp<int, float, unsigned char, 16, true, true, true> >::Kargs>(aiter::MoeSortingMultiPhaseKernel_P1<aiter::MoeSortingProblemMp<int, float, unsigned char, 16, true, true, true> >::Kargs)",1762,462443530822333,462443530826613,512,0,12,0,32,256,1,1,229632,1,1
"KERNEL_DISPATCH","Agent 2",1,0,120312,1763,6381,"void aiter::opus_moe_sorting_entry<aiter::MoeSortingMultiPhaseKernel_P23<aiter::MoeSortingProblemMp<int, float, unsigned char, 16, true, true, true> >, aiter::MoeSortingMultiPhaseKernel_P23<aiter::MoeSortingProblemMp<int, float, unsigned char, 16, true, true, true> >::Kargs>(aiter::MoeSortingMultiPhaseKernel_P23<aiter::MoeSortingProblemMp<int, float, unsigned char, 16, true, true, true> >::Kargs)",1763,462443530826672,462443530837992,0,0,32,0,80,256,1,1,360704,1,1
"KERNEL_DISPATCH","Agent 2",1,0,120312,1764,6720,"void aiter::mxfp4_moe_sort_kernel<256, 32, 16, 32>(unsigned char*, unsigned char*, int const*, int const*, int, int, int, int, int)",1764,462443530837992,462443530842592,4608,0,32,0,112,256,1,1,721408,1,1
"KERNEL_DISPATCH","Agent 2",1,0,120312,1765,6762,"mfma_moe1_silu_mul_afp4_wfp4_bf16_t64x128x256_pm1_async_v32",1765,462443530842592,462443530985074,41472,0,100,0,112,256,1,1,6144,1408,1
"KERNEL_DISPATCH","Agent 2",1,0,120312,1766,6540,"void aiter::dynamic_per_group_scaled_quant_kernel<std::bfloat16_t, opus::fp4_t, 32, 32, false, 64, true>(opus::fp4_t*, float*, std::bfloat16_t const*, float const*, long, int, int, long, int const*, int)",1766,462443530985074,462443531027554,0,0,32,0,48,64,1,1,3145728,1,1
"KERNEL_DISPATCH","Agent 2",1,0,120312,1767,6720,"void aiter::mxfp4_moe_sort_kernel<256, 32, 16, 32>(unsigned char*, unsigned char*, int const*, int const*, int, int, int, int, int)",1767,462443531027554,462443531032034,4608,0,32,0,112,256,1,1,721408,1,1
"KERNEL_DISPATCH","Agent 2",1,0,120312,1768,6763,"mfma_moe2_afp4_wfp4_bf16_cshuffle_t64x128x256_vscale_fix3_fp4opt_v1_persist_cu256",1768,462443531032034,462443531106955,33280,0,84,0,112,256,1,1,7168,256,1
"KERNEL_DISPATCH","Agent 2",1,0,120312,1769,6310,"EpCombineSync_bf16",1769,462443531112795,462443531121675,0,64,48,0,96,256,1,1,65536,1,1
"KERNEL_DISPATCH","Agent 2",1,0,120312,1770,6318,"EpCombineSyncBarrier_bf16",1770,462443531121675,462443531431398,0,64,28,0,48,64,1,1,64,1,1
"KERNEL_DISPATCH","Agent 2",1,0,120312,1771,6304,"EpCombineInterNodeV1KernelLowLatency_bf16",1771,462443531431398,462443531517999,0,1024,64,0,112,256,1,1,65536,1,1
"KERNEL_DISPATCH","Agent 2",1,0,120312,1772,6308,"EpCombineAll_bf16",1772,462443531517999,462443531526159,0,64,44,0,112,256,1,1,65536,1,1
"KERNEL_DISPATCH","Agent 2",1,0,120312,1773,6312,"EpDispatchCopyToStaging_fp4",1773,462443531531879,462443531538079,0,64,32,0,64,512,1,1,131072,1,1
"KERNEL_DISPATCH","Agent 2",1,0,120312,1774,6325,"EpDispatchInterNodeV1KernelLowLatency_fp4",1774,462443531538079,462443531648680,0,64,40,0,112,512,1,1,131072,1,1
"KERNEL_DISPATCH","Agent 2",1,0,120312,1775,6379,"void aiter::opus_moe_sorting_entry<aiter::MoeSortingClearWorkspaceKernel<aiter::MoeSortingClearWorkspaceProblem<true, 1024, 1> >, aiter::MoeSortingClearWorkspaceKernel<aiter::MoeSortingClearWorkspaceProblem<true, 1024, 1> >::Kargs>(aiter::MoeSortingClearWorkspaceKernel<aiter::MoeSortingClearWorkspaceProblem<true, 1024, 1> >::Kargs)",1775,462443531654080,462443531658280,0,0,4,0,16,1024,1,1,262144,1,1
"KERNEL_DISPATCH","Agent 2",1,0,120312,1776,6400,"void aiter::opus_moe_sorting_entry<aiter::MoeSortingMultiPhaseKernel_P0_v1<aiter::MoeSortingProblemMp<int, float, unsigned char, 4, true, true, true> >, aiter::MoeSortingMultiPhaseKernel_P0_v1<aiter::MoeSortingProblemMp<int, float, unsigned char, 4, true, true, true> >::Kargs>(aiter::MoeSortingMultiPhaseKernel_P0_v1<aiter::MoeSortingProblemMp<int, float, unsigned char, 4, true, true, true> >::Kargs)",1776,462443531658280,462443531662880,0,0,16,0,48,256,1,1,131072,1,1
"KERNEL_DISPATCH","Agent 2",1,0,120312,1777,6360,"void aiter::opus_moe_sorting_entry<aiter::MoeSortingMultiPhaseKernel_P1<aiter::MoeSortingProblemMp<int, float, unsigned char, 16, true, true, true> >, aiter::MoeSortingMultiPhaseKernel_P1<aiter::MoeSortingProblemMp<int, float, unsigned char, 16, true, true, true> >::Kargs>(aiter::MoeSortingMultiPhaseKernel_P1<aiter::MoeSortingProblemMp<int, float, unsigned char, 16, true, true, true> >::Kargs)",1777,462443531662880,462443531667120,512,0,12,0,32,256,1,1,229632,1,1
"KERNEL_DISPATCH","Agent 2",1,0,120312,1778,6381,"void aiter::opus_moe_sorting_entry<aiter::MoeSortingMultiPhaseKernel_P23<aiter::MoeSortingProblemMp<int, float, unsigned char, 16, true, true, true> >, aiter::MoeSortingMultiPhaseKernel_P23<aiter::MoeSortingProblemMp<int, float, unsigned char, 16, true, true, true> >::Kargs>(aiter::MoeSortingMultiPhaseKernel_P23<aiter::MoeSortingProblemMp<int, float, unsigned char, 16, true, true, true> >::Kargs)",1778,462443531667050,462443531678250,0,0,32,0,80,256,1,1,360704,1,1
"KERNEL_DISPATCH","Agent 2",1,0,120312,1779,6720,"void aiter::mxfp4_moe_sort_kernel<256, 32, 16, 32>(unsigned char*, unsigned char*, int const*, int const*, int, int, int, int, int)",1779,462443531678320,462443531682880,4608,0,32,0,112,256,1,1,721408,1,1
"KERNEL_DISPATCH","Agent 2",1,0,120312,1780,6762,"mfma_moe1_silu_mul_afp4_wfp4_bf16_t64x128x256_pm1_async_v32",1780,462443531682880,462443531824282,41472,0,100,0,112,256,1,1,6144,1408,1
"KERNEL_DISPATCH","Agent 2",1,0,120312,1781,6540,"void aiter::dynamic_per_group_scaled_quant_kernel<std::bfloat16_t, opus::fp4_t, 32, 32, false, 64, true>(opus::fp4_t*, float*, std::bfloat16_t const*, float const*, long, int, int, long, int const*, int)",1781,462443531824282,462443531866522,0,0,32,0,48,64,1,1,3145728,1,1
"KERNEL_DISPATCH","Agent 2",1,0,120312,1782,6720,"void aiter::mxfp4_moe_sort_kernel<256, 32, 16, 32>(unsigned char*, unsigned char*, int const*, int const*, int, int, int, int, int)",1782,462443531866522,462443531871082,4608,0,32,0,112,256,1,1,721408,1,1
"KERNEL_DISPATCH","Agent 2",1,0,120312,1783,6763,"mfma_moe2_afp4_wfp4_bf16_cshuffle_t64x128x256_vscale_fix3_fp4opt_v1_persist_cu256",1783,462443531871082,462443531948683,33280,0,84,0,112,256,1,1,7168,256,1
"KERNEL_DISPATCH","Agent 2",1,0,120312,1784,6310,"EpCombineSync_bf16",1784,462443531954843,462443531963443,0,64,48,0,96,256,1,1,65536,1,1
"KERNEL_DISPATCH","Agent 2",1,0,120312,1785,6318,"EpCombineSyncBarrier_bf16",1785,462443531963443,462443532182765,0,64,28,0,48,64,1,1,64,1,1
"KERNEL_DISPATCH","Agent 2",1,0,120312,1786,6304,"EpCombineInterNodeV1KernelLowLatency_bf16",1786,462443532182765,462443532267646,0,1024,64,0,112,256,1,1,65536,1,1
"KERNEL_DISPATCH","Agent 2",1,0,120312,1787,6308,"EpCombineAll_bf16",1787,462443532267646,462443532276126,0,64,44,0,112,256,1,1,65536,1,1
"KERNEL_DISPATCH","Agent 2",1,0,120312,1788,6312,"EpDispatchCopyToStaging_fp4",1788,462443532281886,462443532288206,0,64,32,0,64,512,1,1,131072,1,1
"KERNEL_DISPATCH","Agent 2",1,0,120312,1789,6325,"EpDispatchInterNodeV1KernelLowLatency_fp4",1789,462443532288206,462443532402367,0,64,40,0,112,512,1,1,131072,1,1
"KERNEL_DISPATCH","Agent 2",1,0,120312,1790,6379,"void aiter::opus_moe_sorting_entry<aiter::MoeSortingClearWorkspaceKernel<aiter::MoeSortingClearWorkspaceProblem<true, 1024, 1> >, aiter::MoeSortingClearWorkspaceKernel<aiter::MoeSortingClearWorkspaceProblem<true, 1024, 1> >::Kargs>(aiter::MoeSortingClearWorkspaceKernel<aiter::MoeSortingClearWorkspaceProblem<true, 1024, 1> >::Kargs)",1790,462443532408008,462443532412088,0,0,4,0,16,1024,1,1,262144,1,1
"KERNEL_DISPATCH","Agent 2",1,0,120312,1791,6400,"void aiter::opus_moe_sorting_entry<aiter::MoeSortingMultiPhaseKernel_P0_v1<aiter::MoeSortingProblemMp<int, float, unsigned char, 4, true, true, true> >, aiter::MoeSortingMultiPhaseKernel_P0_v1<aiter::MoeSortingProblemMp<int, float, unsigned char, 4, true, true, true> >::Kargs>(aiter::MoeSortingMultiPhaseKernel_P0_v1<aiter::MoeSortingProblemMp<int, float, unsigned char, 4, true, true, true> >::Kargs)",1791,462443532412088,462443532416528,0,0,16,0,48,256,1,1,131072,1,1
"KERNEL_DISPATCH","Agent 2",1,0,120312,1792,6360,"void aiter::opus_moe_sorting_entry<aiter::MoeSortingMultiPhaseKernel_P1<aiter::MoeSortingProblemMp<int, float, unsigned char, 16, true, true, true> >, aiter::MoeSortingMultiPhaseKernel_P1<aiter::MoeSortingProblemMp<int, float, unsigned char, 16, true, true, true> >::Kargs>(aiter::MoeSortingMultiPhaseKernel_P1<aiter::MoeSortingProblemMp<int, float, unsigned char, 16, true, true, true> >::Kargs)",1792,462443532416528,462443532420768,512,0,12,0,32,256,1,1,229632,1,1
"KERNEL_DISPATCH","Agent 2",1,0,120312,1793,6381,"void aiter::opus_moe_sorting_entry<aiter::MoeSortingMultiPhaseKernel_P23<aiter::MoeSortingProblemMp<int, float, unsigned char, 16, true, true, true> >, aiter::MoeSortingMultiPhaseKernel_P23<aiter::MoeSortingProblemMp<int, float, unsigned char, 16, true, true, true> >::Kargs>(aiter::MoeSortingMultiPhaseKernel_P23<aiter::MoeSortingProblemMp<int, float, unsigned char, 16, true, true, true> >::Kargs)",1793,462443532420768,462443532432128,0,0,32,0,80,256,1,1,360704,1,1
"KERNEL_DISPATCH","Agent 2",1,0,120312,1794,6720,"void aiter::mxfp4_moe_sort_kernel<256, 32, 16, 32>(unsigned char*, unsigned char*, int const*, int const*, int, int, int, int, int)",1794,462443532432128,462443532436648,4608,0,32,0,112,256,1,1,721408,1,1
"KERNEL_DISPATCH","Agent 2",1,0,120312,1795,6762,"mfma_moe1_silu_mul_afp4_wfp4_bf16_t64x128x256_pm1_async_v32",1795,462443532436648,462443532581209,41472,0,100,0,112,256,1,1,6144,1408,1
"KERNEL_DISPATCH","Agent 2",1,0,120312,1796,6540,"void aiter::dynamic_per_group_scaled_quant_kernel<std::bfloat16_t, opus::fp4_t, 32, 32, false, 64, true>(opus::fp4_t*, float*, std::bfloat16_t const*, float const*, long, int, int, long, int const*, int)",1796,462443532581209,462443532625130,0,0,32,0,48,64,1,1,3145728,1,1
"KERNEL_DISPATCH","Agent 2",1,0,120312,1797,6720,"void aiter::mxfp4_moe_sort_kernel<256, 32, 16, 32>(unsigned char*, unsigned char*, int const*, int const*, int, int, int, int, int)",1797,462443532625130,462443532629610,4608,0,32,0,112,256,1,1,721408,1,1
"KERNEL_DISPATCH","Agent 2",1,0,120312,1798,6763,"mfma_moe2_afp4_wfp4_bf16_cshuffle_t64x128x256_vscale_fix3_fp4opt_v1_persist_cu256",1798,462443532629610,462443532705290,33280,0,84,0,112,256,1,1,7168,256,1
"KERNEL_DISPATCH","Agent 2",1,0,120312,1799,6310,"EpCombineSync_bf16",1799,462443532711251,462443532720131,0,64,48,0,96,256,1,1,65536,1,1
"KERNEL_DISPATCH","Agent 2",1,0,120312,1800,6318,"EpCombineSyncBarrier_bf16",1800,462443532720131,462443532925853,0,64,28,0,48,64,1,1,64,1,1
"KERNEL_DISPATCH","Agent 2",1,0,120312,1801,6304,"EpCombineInterNodeV1KernelLowLatency_bf16",1801,462443532925853,462443533011093,0,1024,64,0,112,256,1,1,65536,1,1
"KERNEL_DISPATCH","Agent 2",1,0,120312,1802,6308,"EpCombineAll_bf16",1802,462443533011093,462443533019134,0,64,44,0,112,256,1,1,65536,1,1
"KERNEL_DISPATCH","Agent 2",1,0,120312,1803,6312,"EpDispatchCopyToStaging_fp4",1803,462443533025454,462443533031654,0,64,32,0,64,512,1,1,131072,1,1
"KERNEL_DISPATCH","Agent 2",1,0,120312,1804,6325,"EpDispatchInterNodeV1KernelLowLatency_fp4",1804,462443533031654,462443533145055,0,64,40,0,112,512,1,1,131072,1,1
"KERNEL_DISPATCH","Agent 2",1,0,120312,1805,6379,"void aiter::opus_moe_sorting_entry<aiter::MoeSortingClearWorkspaceKernel<aiter::MoeSortingClearWorkspaceProblem<true, 1024, 1> >, aiter::MoeSortingClearWorkspaceKernel<aiter::MoeSortingClearWorkspaceProblem<true, 1024, 1> >::Kargs>(aiter::MoeSortingClearWorkspaceKernel<aiter::MoeSortingClearWorkspaceProblem<true, 1024, 1> >::Kargs)",1805,462443533150495,462443533154695,0,0,4,0,16,1024,1,1,262144,1,1
"KERNEL_DISPATCH","Agent 2",1,0,120312,1806,6400,"void aiter::opus_moe_sorting_entry<aiter::MoeSortingMultiPhaseKernel_P0_v1<aiter::MoeSortingProblemMp<int, float, unsigned char, 4, true, true, true> >, aiter::MoeSortingMultiPhaseKernel_P0_v1<aiter::MoeSortingProblemMp<int, float, unsigned char, 4, true, true, true> >::Kargs>(aiter::MoeSortingMultiPhaseKernel_P0_v1<aiter::MoeSortingProblemMp<int, float, unsigned char, 4, true, true, true> >::Kargs)",1806,462443533154695,462443533159095,0,0,16,0,48,256,1,1,131072,1,1
"KERNEL_DISPATCH","Agent 2",1,0,120312,1807,6360,"void aiter::opus_moe_sorting_entry<aiter::MoeSortingMultiPhaseKernel_P1<aiter::MoeSortingProblemMp<int, float, unsigned char, 16, true, true, true> >, aiter::MoeSortingMultiPhaseKernel_P1<aiter::MoeSortingProblemMp<int, float, unsigned char, 16, true, true, true> >::Kargs>(aiter::MoeSortingMultiPhaseKernel_P1<aiter::MoeSortingProblemMp<int, float, unsigned char, 16, true, true, true> >::Kargs)",1807,462443533159095,462443533163495,512,0,12,0,32,256,1,1,229632,1,1
"KERNEL_DISPATCH","Agent 2",1,0,120312,1808,6381,"void aiter::opus_moe_sorting_entry<aiter::MoeSortingMultiPhaseKernel_P23<aiter::MoeSortingProblemMp<int, float, unsigned char, 16, true, true, true> >, aiter::MoeSortingMultiPhaseKernel_P23<aiter::MoeSortingProblemMp<int, float, unsigned char, 16, true, true, true> >::Kargs>(aiter::MoeSortingMultiPhaseKernel_P23<aiter::MoeSortingProblemMp<int, float, unsigned char, 16, true, true, true> >::Kargs)",1808,462443533163495,462443533174935,0,0,32,0,80,256,1,1,360704,1,1
"KERNEL_DISPATCH","Agent 2",1,0,120312,1809,6720,"void aiter::mxfp4_moe_sort_kernel<256, 32, 16, 32>(unsigned char*, unsigned char*, int const*, int const*, int, int, int, int, int)",1809,462443533174935,462443533179495,4608,0,32,0,112,256,1,1,721408,1,1
"KERNEL_DISPATCH","Agent 2",1,0,120312,1810,6762,"mfma_moe1_silu_mul_afp4_wfp4_bf16_t64x128x256_pm1_async_v32",1810,462443533179495,462443533323576,41472,0,100,0,112,256,1,1,6144,1408,1
"KERNEL_DISPATCH","Agent 2",1,0,120312,1811,6540,"void aiter::dynamic_per_group_scaled_quant_kernel<std::bfloat16_t, opus::fp4_t, 32, 32, false, 64, true>(opus::fp4_t*, float*, std::bfloat16_t const*, float const*, long, int, int, long, int const*, int)",1811,462443533323576,462443533365577,0,0,32,0,48,64,1,1,3145728,1,1
"KERNEL_DISPATCH","Agent 2",1,0,120312,1812,6720,"void aiter::mxfp4_moe_sort_kernel<256, 32, 16, 32>(unsigned char*, unsigned char*, int const*, int const*, int, int, int, int, int)",1812,462443533365577,462443533369977,4608,0,32,0,112,256,1,1,721408,1,1
"KERNEL_DISPATCH","Agent 2",1,0,120312,1813,6763,"mfma_moe2_afp4_wfp4_bf16_cshuffle_t64x128x256_vscale_fix3_fp4opt_v1_persist_cu256",1813,462443533369977,462443533446418,33280,0,84,0,112,256,1,1,7168,256,1
"KERNEL_DISPATCH","Agent 2",1,0,120312,1814,6310,"EpCombineSync_bf16",1814,462443533452418,462443533461258,0,64,48,0,96,256,1,1,65536,1,1
"KERNEL_DISPATCH","Agent 2",1,0,120312,1815,6318,"EpCombineSyncBarrier_bf16",1815,462443533461258,462443533673380,0,64,28,0,48,64,1,1,64,1,1
"KERNEL_DISPATCH","Agent 2",1,0,120312,1816,6304,"EpCombineInterNodeV1KernelLowLatency_bf16",1816,462443533673380,462443533757821,0,1024,64,0,112,256,1,1,65536,1,1
"KERNEL_DISPATCH","Agent 2",1,0,120312,1817,6308,"EpCombineAll_bf16",1817,462443533757821,462443533766061,0,64,44,0,112,256,1,1,65536,1,1
"KERNEL_DISPATCH","Agent 2",1,0,120312,1818,6312,"EpDispatchCopyToStaging_fp4",1818,462443533772306,462443533778386,0,64,32,0,64,512,1,1,131072,1,1
"KERNEL_DISPATCH","Agent 2",1,0,120312,1819,6325,"EpDispatchInterNodeV1KernelLowLatency_fp4",1819,462443533778421,462443533890942,0,64,40,0,112,512,1,1,131072,1,1
"KERNEL_DISPATCH","Agent 2",1,0,120312,1820,6379,"void aiter::opus_moe_sorting_entry<aiter::MoeSortingClearWorkspaceKernel<aiter::MoeSortingClearWorkspaceProblem<true, 1024, 1> >, aiter::MoeSortingClearWorkspaceKernel<aiter::MoeSortingClearWorkspaceProblem<true, 1024, 1> >::Kargs>(aiter::MoeSortingClearWorkspaceKernel<aiter::MoeSortingClearWorkspaceProblem<true, 1024, 1> >::Kargs)",1820,462443533896342,462443533900542,0,0,4,0,16,1024,1,1,262144,1,1
"KERNEL_DISPATCH","Agent 2",1,0,120312,1821,6400,"void aiter::opus_moe_sorting_entry<aiter::MoeSortingMultiPhaseKernel_P0_v1<aiter::MoeSortingProblemMp<int, float, unsigned char, 4, true, true, true> >, aiter::MoeSortingMultiPhaseKernel_P0_v1<aiter::MoeSortingProblemMp<int, float, unsigned char, 4, true, true, true> >::Kargs>(aiter::MoeSortingMultiPhaseKernel_P0_v1<aiter::MoeSortingProblemMp<int, float, unsigned char, 4, true, true, true> >::Kargs)",1821,462443533900542,462443533904982,0,0,16,0,48,256,1,1,131072,1,1
"KERNEL_DISPATCH","Agent 2",1,0,120312,1822,6360,"void aiter::opus_moe_sorting_entry<aiter::MoeSortingMultiPhaseKernel_P1<aiter::MoeSortingProblemMp<int, float, unsigned char, 16, true, true, true> >, aiter::MoeSortingMultiPhaseKernel_P1<aiter::MoeSortingProblemMp<int, float, unsigned char, 16, true, true, true> >::Kargs>(aiter::MoeSortingMultiPhaseKernel_P1<aiter::MoeSortingProblemMp<int, float, unsigned char, 16, true, true, true> >::Kargs)",1822,462443533904982,462443533909382,512,0,12,0,32,256,1,1,229632,1,1
"KERNEL_DISPATCH","Agent 2",1,0,120312,1823,6381,"void aiter::opus_moe_sorting_entry<aiter::MoeSortingMultiPhaseKernel_P23<aiter::MoeSortingProblemMp<int, float, unsigned char, 16, true, true, true> >, aiter::MoeSortingMultiPhaseKernel_P23<aiter::MoeSortingProblemMp<int, float, unsigned char, 16, true, true, true> >::Kargs>(aiter::MoeSortingMultiPhaseKernel_P23<aiter::MoeSortingProblemMp<int, float, unsigned char, 16, true, true, true> >::Kargs)",1823,462443533909382,462443533920662,0,0,32,0,80,256,1,1,360704,1,1
"KERNEL_DISPATCH","Agent 2",1,0,120312,1824,6720,"void aiter::mxfp4_moe_sort_kernel<256, 32, 16, 32>(unsigned char*, unsigned char*, int const*, int const*, int, int, int, int, int)",1824,462443533920662,462443533925182,4608,0,32,0,112,256,1,1,721408,1,1
"KERNEL_DISPATCH","Agent 2",1,0,120312,1825,6762,"mfma_moe1_silu_mul_afp4_wfp4_bf16_t64x128x256_pm1_async_v32",1825,462443533925182,462443534068584,41472,0,100,0,112,256,1,1,6144,1408,1
"KERNEL_DISPATCH","Agent 2",1,0,120312,1826,6540,"void aiter::dynamic_per_group_scaled_quant_kernel<std::bfloat16_t, opus::fp4_t, 32, 32, false, 64, true>(opus::fp4_t*, float*, std::bfloat16_t const*, float const*, long, int, int, long, int const*, int)",1826,462443534068584,462443534110304,0,0,32,0,48,64,1,1,3145728,1,1
"KERNEL_DISPATCH","Agent 2",1,0,120312,1827,6720,"void aiter::mxfp4_moe_sort_kernel<256, 32, 16, 32>(unsigned char*, unsigned char*, int const*, int const*, int, int, int, int, int)",1827,462443534110304,462443534114864,4608,0,32,0,112,256,1,1,721408,1,1
"KERNEL_DISPATCH","Agent 2",1,0,120312,1828,6763,"mfma_moe2_afp4_wfp4_bf16_cshuffle_t64x128x256_vscale_fix3_fp4opt_v1_persist_cu256",1828,462443534114864,462443534190225,33280,0,84,0,112,256,1,1,7168,256,1
"KERNEL_DISPATCH","Agent 2",1,0,120312,1829,6310,"EpCombineSync_bf16",1829,462443534196185,462443534204865,0,64,48,0,96,256,1,1,65536,1,1
"KERNEL_DISPATCH","Agent 2",1,0,120312,1830,6318,"EpCombineSyncBarrier_bf16",1830,462443534204865,462443534427427,0,64,28,0,48,64,1,1,64,1,1
"KERNEL_DISPATCH","Agent 2",1,0,120312,1831,6304,"EpCombineInterNodeV1KernelLowLatency_bf16",1831,462443534427427,462443534512148,0,1024,64,0,112,256,1,1,65536,1,1
"KERNEL_DISPATCH","Agent 2",1,0,120312,1832,6308,"EpCombineAll_bf16",1832,462443534512148,462443534520348,0,64,44,0,112,256,1,1,65536,1,1
"KERNEL_DISPATCH","Agent 2",1,0,120312,1833,6312,"EpDispatchCopyToStaging_fp4",1833,462443534526908,462443534533348,0,64,32,0,64,512,1,1,131072,1,1
"KERNEL_DISPATCH","Agent 2",1,0,120312,1834,6325,"EpDispatchInterNodeV1KernelLowLatency_fp4",1834,462443534533348,462443534647069,0,64,40,0,112,512,1,1,131072,1,1
"KERNEL_DISPATCH","Agent 2",1,0,120312,1835,6379,"void aiter::opus_moe_sorting_entry<aiter::MoeSortingClearWorkspaceKernel<aiter::MoeSortingClearWorkspaceProblem<true, 1024, 1> >, aiter::MoeSortingClearWorkspaceKernel<aiter::MoeSortingClearWorkspaceProblem<true, 1024, 1> >::Kargs>(aiter::MoeSortingClearWorkspaceKernel<aiter::MoeSortingClearWorkspaceProblem<true, 1024, 1> >::Kargs)",1835,462443534652490,462443534656611,0,0,4,0,16,1024,1,1,262144,1,1
"KERNEL_DISPATCH","Agent 2",1,0,120312,1836,6400,"void aiter::opus_moe_sorting_entry<aiter::MoeSortingMultiPhaseKernel_P0_v1<aiter::MoeSortingProblemMp<int, float, unsigned char, 4, true, true, true> >, aiter::MoeSortingMultiPhaseKernel_P0_v1<aiter::MoeSortingProblemMp<int, float, unsigned char, 4, true, true, true> >::Kargs>(aiter::MoeSortingMultiPhaseKernel_P0_v1<aiter::MoeSortingProblemMp<int, float, unsigned char, 4, true, true, true> >::Kargs)",1836,462443534656670,462443534661070,0,0,16,0,48,256,1,1,131072,1,1
"KERNEL_DISPATCH","Agent 2",1,0,120312,1837,6360,"void aiter::opus_moe_sorting_entry<aiter::MoeSortingMultiPhaseKernel_P1<aiter::MoeSortingProblemMp<int, float, unsigned char, 16, true, true, true> >, aiter::MoeSortingMultiPhaseKernel_P1<aiter::MoeSortingProblemMp<int, float, unsigned char, 16, true, true, true> >::Kargs>(aiter::MoeSortingMultiPhaseKernel_P1<aiter::MoeSortingProblemMp<int, float, unsigned char, 16, true, true, true> >::Kargs)",1837,462443534661070,462443534665350,512,0,12,0,32,256,1,1,229632,1,1
"KERNEL_DISPATCH","Agent 2",1,0,120312,1838,6381,"void aiter::opus_moe_sorting_entry<aiter::MoeSortingMultiPhaseKernel_P23<aiter::MoeSortingProblemMp<int, float, unsigned char, 16, true, true, true> >, aiter::MoeSortingMultiPhaseKernel_P23<aiter::MoeSortingProblemMp<int, float, unsigned char, 16, true, true, true> >::Kargs>(aiter::MoeSortingMultiPhaseKernel_P23<aiter::MoeSortingProblemMp<int, float, unsigned char, 16, true, true, true> >::Kargs)",1838,462443534665350,462443534676750,0,0,32,0,80,256,1,1,360704,1,1
"KERNEL_DISPATCH","Agent 2",1,0,120312,1839,6720,"void aiter::mxfp4_moe_sort_kernel<256, 32, 16, 32>(unsigned char*, unsigned char*, int const*, int const*, int, int, int, int, int)",1839,462443534676750,462443534681230,4608,0,32,0,112,256,1,1,721408,1,1
"KERNEL_DISPATCH","Agent 2",1,0,120312,1840,6762,"mfma_moe1_silu_mul_afp4_wfp4_bf16_t64x128x256_pm1_async_v32",1840,462443534681230,462443534824591,41472,0,100,0,112,256,1,1,6144,1408,1
"KERNEL_DISPATCH","Agent 2",1,0,120312,1841,6540,"void aiter::dynamic_per_group_scaled_quant_kernel<std::bfloat16_t, opus::fp4_t, 32, 32, false, 64, true>(opus::fp4_t*, float*, std::bfloat16_t const*, float const*, long, int, int, long, int const*, int)",1841,462443534824591,462443534866152,0,0,32,0,48,64,1,1,3145728,1,1
"KERNEL_DISPATCH","Agent 2",1,0,120312,1842,6720,"void aiter::mxfp4_moe_sort_kernel<256, 32, 16, 32>(unsigned char*, unsigned char*, int const*, int const*, int, int, int, int, int)",1842,462443534866152,462443534870632,4608,0,32,0,112,256,1,1,721408,1,1
"KERNEL_DISPATCH","Agent 2",1,0,120312,1843,6763,"mfma_moe2_afp4_wfp4_bf16_cshuffle_t64x128x256_vscale_fix3_fp4opt_v1_persist_cu256",1843,462443534870632,462443534946192,33280,0,84,0,112,256,1,1,7168,256,1
"KERNEL_DISPATCH","Agent 2",1,0,120312,1844,6310,"EpCombineSync_bf16",1844,462443534952152,462443534960752,0,64,48,0,96,256,1,1,65536,1,1
"KERNEL_DISPATCH","Agent 2",1,0,120312,1845,6318,"EpCombineSyncBarrier_bf16",1845,462443534960752,462443535202195,0,64,28,0,48,64,1,1,64,1,1
"KERNEL_DISPATCH","Agent 2",1,0,120312,1846,6304,"EpCombineInterNodeV1KernelLowLatency_bf16",1846,462443535202195,462443535287396,0,1024,64,0,112,256,1,1,65536,1,1
"KERNEL_DISPATCH","Agent 2",1,0,120312,1847,6308,"EpCombineAll_bf16",1847,462443535287396,462443535295756,0,64,44,0,112,256,1,1,65536,1,1
"KERNEL_DISPATCH","Agent 2",1,0,120312,1848,6312,"EpDispatchCopyToStaging_fp4",1848,462443535302196,462443535308276,0,64,32,0,64,512,1,1,131072,1,1
"KERNEL_DISPATCH","Agent 2",1,0,120312,1849,6325,"EpDispatchInterNodeV1KernelLowLatency_fp4",1849,462443535308188,462443535418149,0,64,40,0,112,512,1,1,131072,1,1
"KERNEL_DISPATCH","Agent 2",1,0,120312,1850,6379,"void aiter::opus_moe_sorting_entry<aiter::MoeSortingClearWorkspaceKernel<aiter::MoeSortingClearWorkspaceProblem<true, 1024, 1> >, aiter::MoeSortingClearWorkspaceKernel<aiter::MoeSortingClearWorkspaceProblem<true, 1024, 1> >::Kargs>(aiter::MoeSortingClearWorkspaceKernel<aiter::MoeSortingClearWorkspaceProblem<true, 1024, 1> >::Kargs)",1850,462443535423397,462443535427517,0,0,4,0,16,1024,1,1,262144,1,1
"KERNEL_DISPATCH","Agent 2",1,0,120312,1851,6400,"void aiter::opus_moe_sorting_entry<aiter::MoeSortingMultiPhaseKernel_P0_v1<aiter::MoeSortingProblemMp<int, float, unsigned char, 4, true, true, true> >, aiter::MoeSortingMultiPhaseKernel_P0_v1<aiter::MoeSortingProblemMp<int, float, unsigned char, 4, true, true, true> >::Kargs>(aiter::MoeSortingMultiPhaseKernel_P0_v1<aiter::MoeSortingProblemMp<int, float, unsigned char, 4, true, true, true> >::Kargs)",1851,462443535427517,462443535432037,0,0,16,0,48,256,1,1,131072,1,1
"KERNEL_DISPATCH","Agent 2",1,0,120312,1852,6360,"void aiter::opus_moe_sorting_entry<aiter::MoeSortingMultiPhaseKernel_P1<aiter::MoeSortingProblemMp<int, float, unsigned char, 16, true, true, true> >, aiter::MoeSortingMultiPhaseKernel_P1<aiter::MoeSortingProblemMp<int, float, unsigned char, 16, true, true, true> >::Kargs>(aiter::MoeSortingMultiPhaseKernel_P1<aiter::MoeSortingProblemMp<int, float, unsigned char, 16, true, true, true> >::Kargs)",1852,462443535432037,462443535436317,512,0,12,0,32,256,1,1,229632,1,1
"KERNEL_DISPATCH","Agent 2",1,0,120312,1853,6381,"void aiter::opus_moe_sorting_entry<aiter::MoeSortingMultiPhaseKernel_P23<aiter::MoeSortingProblemMp<int, float, unsigned char, 16, true, true, true> >, aiter::MoeSortingMultiPhaseKernel_P23<aiter::MoeSortingProblemMp<int, float, unsigned char, 16, true, true, true> >::Kargs>(aiter::MoeSortingMultiPhaseKernel_P23<aiter::MoeSortingProblemMp<int, float, unsigned char, 16, true, true, true> >::Kargs)",1853,462443535436317,462443535447877,0,0,32,0,80,256,1,1,360704,1,1
"KERNEL_DISPATCH","Agent 2",1,0,120312,1854,6720,"void aiter::mxfp4_moe_sort_kernel<256, 32, 16, 32>(unsigned char*, unsigned char*, int const*, int const*, int, int, int, int, int)",1854,462443535447877,462443535452557,4608,0,32,0,112,256,1,1,721408,1,1
"KERNEL_DISPATCH","Agent 2",1,0,120312,1855,6762,"mfma_moe1_silu_mul_afp4_wfp4_bf16_t64x128x256_pm1_async_v32",1855,462443535452557,462443535593919,41472,0,100,0,112,256,1,1,6144,1408,1
"KERNEL_DISPATCH","Agent 2",1,0,120312,1856,6540,"void aiter::dynamic_per_group_scaled_quant_kernel<std::bfloat16_t, opus::fp4_t, 32, 32, false, 64, true>(opus::fp4_t*, float*, std::bfloat16_t const*, float const*, long, int, int, long, int const*, int)",1856,462443535593919,462443535636159,0,0,32,0,48,64,1,1,3145728,1,1
"KERNEL_DISPATCH","Agent 2",1,0,120312,1857,6720,"void aiter::mxfp4_moe_sort_kernel<256, 32, 16, 32>(unsigned char*, unsigned char*, int const*, int const*, int, int, int, int, int)",1857,462443535636159,462443535640639,4608,0,32,0,112,256,1,1,721408,1,1
"KERNEL_DISPATCH","Agent 2",1,0,120312,1858,6763,"mfma_moe2_afp4_wfp4_bf16_cshuffle_t64x128x256_vscale_fix3_fp4opt_v1_persist_cu256",1858,462443535640639,462443535715560,33280,0,84,0,112,256,1,1,7168,256,1
"KERNEL_DISPATCH","Agent 2",1,0,120312,1859,6310,"EpCombineSync_bf16",1859,462443535721560,462443535730360,0,64,48,0,96,256,1,1,65536,1,1
"KERNEL_DISPATCH","Agent 2",1,0,120312,1860,6318,"EpCombineSyncBarrier_bf16",1860,462443535730360,462443535979962,0,64,28,0,48,64,1,1,64,1,1
"KERNEL_DISPATCH","Agent 2",1,0,120312,1861,6304,"EpCombineInterNodeV1KernelLowLatency_bf16",1861,462443535979962,462443536066843,0,1024,64,0,112,256,1,1,65536,1,1
"KERNEL_DISPATCH","Agent 2",1,0,120312,1862,6308,"EpCombineAll_bf16",1862,462443536066843,462443536074843,0,64,44,0,112,256,1,1,65536,1,1
"KERNEL_DISPATCH","Agent 2",1,0,120312,1863,6312,"EpDispatchCopyToStaging_fp4",1863,462443536080603,462443536086963,0,64,32,0,64,512,1,1,131072,1,1
"KERNEL_DISPATCH","Agent 2",1,0,120312,1864,6325,"EpDispatchInterNodeV1KernelLowLatency_fp4",1864,462443536086963,462443536197845,0,64,40,0,112,512,1,1,131072,1,1
"KERNEL_DISPATCH","Agent 2",1,0,120312,1865,6379,"void aiter::opus_moe_sorting_entry<aiter::MoeSortingClearWorkspaceKernel<aiter::MoeSortingClearWorkspaceProblem<true, 1024, 1> >, aiter::MoeSortingClearWorkspaceKernel<aiter::MoeSortingClearWorkspaceProblem<true, 1024, 1> >::Kargs>(aiter::MoeSortingClearWorkspaceKernel<aiter::MoeSortingClearWorkspaceProblem<true, 1024, 1> >::Kargs)",1865,462443536203325,462443536207525,0,0,4,0,16,1024,1,1,262144,1,1
"KERNEL_DISPATCH","Agent 2",1,0,120312,1866,6400,"void aiter::opus_moe_sorting_entry<aiter::MoeSortingMultiPhaseKernel_P0_v1<aiter::MoeSortingProblemMp<int, float, unsigned char, 4, true, true, true> >, aiter::MoeSortingMultiPhaseKernel_P0_v1<aiter::MoeSortingProblemMp<int, float, unsigned char, 4, true, true, true> >::Kargs>(aiter::MoeSortingMultiPhaseKernel_P0_v1<aiter::MoeSortingProblemMp<int, float, unsigned char, 4, true, true, true> >::Kargs)",1866,462443536207525,462443536211965,0,0,16,0,48,256,1,1,131072,1,1
"KERNEL_DISPATCH","Agent 2",1,0,120312,1867,6360,"void aiter::opus_moe_sorting_entry<aiter::MoeSortingMultiPhaseKernel_P1<aiter::MoeSortingProblemMp<int, float, unsigned char, 16, true, true, true> >, aiter::MoeSortingMultiPhaseKernel_P1<aiter::MoeSortingProblemMp<int, float, unsigned char, 16, true, true, true> >::Kargs>(aiter::MoeSortingMultiPhaseKernel_P1<aiter::MoeSortingProblemMp<int, float, unsigned char, 16, true, true, true> >::Kargs)",1867,462443536211965,462443536216205,512,0,12,0,32,256,1,1,229632,1,1
"KERNEL_DISPATCH","Agent 2",1,0,120312,1868,6381,"void aiter::opus_moe_sorting_entry<aiter::MoeSortingMultiPhaseKernel_P23<aiter::MoeSortingProblemMp<int, float, unsigned char, 16, true, true, true> >, aiter::MoeSortingMultiPhaseKernel_P23<aiter::MoeSortingProblemMp<int, float, unsigned char, 16, true, true, true> >::Kargs>(aiter::MoeSortingMultiPhaseKernel_P23<aiter::MoeSortingProblemMp<int, float, unsigned char, 16, true, true, true> >::Kargs)",1868,462443536216205,462443536227685,0,0,32,0,80,256,1,1,360704,1,1
"KERNEL_DISPATCH","Agent 2",1,0,120312,1869,6720,"void aiter::mxfp4_moe_sort_kernel<256, 32, 16, 32>(unsigned char*, unsigned char*, int const*, int const*, int, int, int, int, int)",1869,462443536227685,462443536232205,4608,0,32,0,112,256,1,1,721408,1,1
"KERNEL_DISPATCH","Agent 2",1,0,120312,1870,6762,"mfma_moe1_silu_mul_afp4_wfp4_bf16_t64x128x256_pm1_async_v32",1870,462443536232205,462443536378126,41472,0,100,0,112,256,1,1,6144,1408,1
"KERNEL_DISPATCH","Agent 2",1,0,120312,1871,6540,"void aiter::dynamic_per_group_scaled_quant_kernel<std::bfloat16_t, opus::fp4_t, 32, 32, false, 64, true>(opus::fp4_t*, float*, std::bfloat16_t const*, float const*, long, int, int, long, int const*, int)",1871,462443536378126,462443536419087,0,0,32,0,48,64,1,1,3145728,1,1
"KERNEL_DISPATCH","Agent 2",1,0,120312,1872,6720,"void aiter::mxfp4_moe_sort_kernel<256, 32, 16, 32>(unsigned char*, unsigned char*, int const*, int const*, int, int, int, int, int)",1872,462443536419087,462443536423567,4608,0,32,0,112,256,1,1,721408,1,1
"KERNEL_DISPATCH","Agent 2",1,0,120312,1873,6763,"mfma_moe2_afp4_wfp4_bf16_cshuffle_t64x128x256_vscale_fix3_fp4opt_v1_persist_cu256",1873,462443536423567,462443536498447,33280,0,84,0,112,256,1,1,7168,256,1
"KERNEL_DISPATCH","Agent 2",1,0,120312,1874,6310,"EpCombineSync_bf16",1874,462443536504408,462443536513288,0,64,48,0,96,256,1,1,65536,1,1
"KERNEL_DISPATCH","Agent 2",1,0,120312,1875,6318,"EpCombineSyncBarrier_bf16",1875,462443536513288,462443536733210,0,64,28,0,48,64,1,1,64,1,1
"KERNEL_DISPATCH","Agent 2",1,0,120312,1876,6304,"EpCombineInterNodeV1KernelLowLatency_bf16",1876,462443536733210,462443536819131,0,1024,64,0,112,256,1,1,65536,1,1
"KERNEL_DISPATCH","Agent 2",1,0,120312,1877,6308,"EpCombineAll_bf16",1877,462443536819131,462443536827371,0,64,44,0,112,256,1,1,65536,1,1
"KERNEL_DISPATCH","Agent 2",1,0,120312,1878,6312,"EpDispatchCopyToStaging_fp4",1878,462443536833091,462443536839291,0,64,32,0,64,512,1,1,131072,1,1
"KERNEL_DISPATCH","Agent 2",1,0,120312,1879,6325,"EpDispatchInterNodeV1KernelLowLatency_fp4",1879,462443536839291,462443536951132,0,64,40,0,112,512,1,1,131072,1,1
"KERNEL_DISPATCH","Agent 2",1,0,120312,1880,6379,"void aiter::opus_moe_sorting_entry<aiter::MoeSortingClearWorkspaceKernel<aiter::MoeSortingClearWorkspaceProblem<true, 1024, 1> >, aiter::MoeSortingClearWorkspaceKernel<aiter::MoeSortingClearWorkspaceProblem<true, 1024, 1> >::Kargs>(aiter::MoeSortingClearWorkspaceKernel<aiter::MoeSortingClearWorkspaceProblem<true, 1024, 1> >::Kargs)",1880,462443536960852,462443536965052,0,0,4,0,16,1024,1,1,262144,1,1
"KERNEL_DISPATCH","Agent 2",1,0,120312,1881,6400,"void aiter::opus_moe_sorting_entry<aiter::MoeSortingMultiPhaseKernel_P0_v1<aiter::MoeSortingProblemMp<int, float, unsigned char, 4, true, true, true> >, aiter::MoeSortingMultiPhaseKernel_P0_v1<aiter::MoeSortingProblemMp<int, float, unsigned char, 4, true, true, true> >::Kargs>(aiter::MoeSortingMultiPhaseKernel_P0_v1<aiter::MoeSortingProblemMp<int, float, unsigned char, 4, true, true, true> >::Kargs)",1881,462443536964994,462443536969434,0,0,16,0,48,256,1,1,131072,1,1
"KERNEL_DISPATCH","Agent 2",1,0,120312,1882,6360,"void aiter::opus_moe_sorting_entry<aiter::MoeSortingMultiPhaseKernel_P1<aiter::MoeSortingProblemMp<int, float, unsigned char, 16, true, true, true> >, aiter::MoeSortingMultiPhaseKernel_P1<aiter::MoeSortingProblemMp<int, float, unsigned char, 16, true, true, true> >::Kargs>(aiter::MoeSortingMultiPhaseKernel_P1<aiter::MoeSortingProblemMp<int, float, unsigned char, 16, true, true, true> >::Kargs)",1882,462443536969492,462443536973772,512,0,12,0,32,256,1,1,229632,1,1
"KERNEL_DISPATCH","Agent 2",1,0,120312,1883,6381,"void aiter::opus_moe_sorting_entry<aiter::MoeSortingMultiPhaseKernel_P23<aiter::MoeSortingProblemMp<int, float, unsigned char, 16, true, true, true> >, aiter::MoeSortingMultiPhaseKernel_P23<aiter::MoeSortingProblemMp<int, float, unsigned char, 16, true, true, true> >::Kargs>(aiter::MoeSortingMultiPhaseKernel_P23<aiter::MoeSortingProblemMp<int, float, unsigned char, 16, true, true, true> >::Kargs)",1883,462443536973772,462443536984732,0,0,32,0,80,256,1,1,360704,1,1
"KERNEL_DISPATCH","Agent 2",1,0,120312,1884,6720,"void aiter::mxfp4_moe_sort_kernel<256, 32, 16, 32>(unsigned char*, unsigned char*, int const*, int const*, int, int, int, int, int)",1884,462443536984732,462443536989372,4608,0,32,0,112,256,1,1,721408,1,1
"KERNEL_DISPATCH","Agent 2",1,0,120312,1885,6762,"mfma_moe1_silu_mul_afp4_wfp4_bf16_t64x128x256_pm1_async_v32",1885,462443536989372,462443537134974,41472,0,100,0,112,256,1,1,6144,1408,1
"KERNEL_DISPATCH","Agent 2",1,0,120312,1886,6540,"void aiter::dynamic_per_group_scaled_quant_kernel<std::bfloat16_t, opus::fp4_t, 32, 32, false, 64, true>(opus::fp4_t*, float*, std::bfloat16_t const*, float const*, long, int, int, long, int const*, int)",1886,462443537134974,462443537178174,0,0,32,0,48,64,1,1,3145728,1,1
"KERNEL_DISPATCH","Agent 2",1,0,120312,1887,6720,"void aiter::mxfp4_moe_sort_kernel<256, 32, 16, 32>(unsigned char*, unsigned char*, int const*, int const*, int, int, int, int, int)",1887,462443537178110,462443537182670,4608,0,32,0,112,256,1,1,721408,1,1
"KERNEL_DISPATCH","Agent 2",1,0,120312,1888,6763,"mfma_moe2_afp4_wfp4_bf16_cshuffle_t64x128x256_vscale_fix3_fp4opt_v1_persist_cu256",1888,462443537182734,462443537257815,33280,0,84,0,112,256,1,1,7168,256,1
"KERNEL_DISPATCH","Agent 2",1,0,120312,1889,6310,"EpCombineSync_bf16",1889,462443537263815,462443537272615,0,64,48,0,96,256,1,1,65536,1,1
"KERNEL_DISPATCH","Agent 2",1,0,120312,1890,6318,"EpCombineSyncBarrier_bf16",1890,462443537272615,462443537556178,0,64,28,0,48,64,1,1,64,1,1
"KERNEL_DISPATCH","Agent 2",1,0,120312,1891,6304,"EpCombineInterNodeV1KernelLowLatency_bf16",1891,462443537556178,462443537642219,0,1024,64,0,112,256,1,1,65536,1,1
"KERNEL_DISPATCH","Agent 2",1,0,120312,1892,6308,"EpCombineAll_bf16",1892,462443537642219,462443537650339,0,64,44,0,112,256,1,1,65536,1,1
"KERNEL_DISPATCH","Agent 2",1,0,120312,1893,6312,"EpDispatchCopyToStaging_fp4",1893,462443537656219,462443537662379,0,64,32,0,64,512,1,1,131072,1,1
"KERNEL_DISPATCH","Agent 2",1,0,120312,1894,6325,"EpDispatchInterNodeV1KernelLowLatency_fp4",1894,462443537662379,462443537776580,0,64,40,0,112,512,1,1,131072,1,1
"KERNEL_DISPATCH","Agent 2",1,0,120312,1895,6379,"void aiter::opus_moe_sorting_entry<aiter::MoeSortingClearWorkspaceKernel<aiter::MoeSortingClearWorkspaceProblem<true, 1024, 1> >, aiter::MoeSortingClearWorkspaceKernel<aiter::MoeSortingClearWorkspaceProblem<true, 1024, 1> >::Kargs>(aiter::MoeSortingClearWorkspaceKernel<aiter::MoeSortingClearWorkspaceProblem<true, 1024, 1> >::Kargs)",1895,462443537782060,462443537786460,0,0,4,0,16,1024,1,1,262144,1,1
"KERNEL_DISPATCH","Agent 2",1,0,120312,1896,6400,"void aiter::opus_moe_sorting_entry<aiter::MoeSortingMultiPhaseKernel_P0_v1<aiter::MoeSortingProblemMp<int, float, unsigned char, 4, true, true, true> >, aiter::MoeSortingMultiPhaseKernel_P0_v1<aiter::MoeSortingProblemMp<int, float, unsigned char, 4, true, true, true> >::Kargs>(aiter::MoeSortingMultiPhaseKernel_P0_v1<aiter::MoeSortingProblemMp<int, float, unsigned char, 4, true, true, true> >::Kargs)",1896,462443537786460,462443537790940,0,0,16,0,48,256,1,1,131072,1,1
"KERNEL_DISPATCH","Agent 2",1,0,120312,1897,6360,"void aiter::opus_moe_sorting_entry<aiter::MoeSortingMultiPhaseKernel_P1<aiter::MoeSortingProblemMp<int, float, unsigned char, 16, true, true, true> >, aiter::MoeSortingMultiPhaseKernel_P1<aiter::MoeSortingProblemMp<int, float, unsigned char, 16, true, true, true> >::Kargs>(aiter::MoeSortingMultiPhaseKernel_P1<aiter::MoeSortingProblemMp<int, float, unsigned char, 16, true, true, true> >::Kargs)",1897,462443537790940,462443537795180,512,0,12,0,32,256,1,1,229632,1,1
"KERNEL_DISPATCH","Agent 2",1,0,120312,1898,6381,"void aiter::opus_moe_sorting_entry<aiter::MoeSortingMultiPhaseKernel_P23<aiter::MoeSortingProblemMp<int, float, unsigned char, 16, true, true, true> >, aiter::MoeSortingMultiPhaseKernel_P23<aiter::MoeSortingProblemMp<int, float, unsigned char, 16, true, true, true> >::Kargs>(aiter::MoeSortingMultiPhaseKernel_P23<aiter::MoeSortingProblemMp<int, float, unsigned char, 16, true, true, true> >::Kargs)",1898,462443537795180,462443537806140,0,0,32,0,80,256,1,1,360704,1,1
"KERNEL_DISPATCH","Agent 2",1,0,120312,1899,6720,"void aiter::mxfp4_moe_sort_kernel<256, 32, 16, 32>(unsigned char*, unsigned char*, int const*, int const*, int, int, int, int, int)",1899,462443537806140,462443537810700,4608,0,32,0,112,256,1,1,721408,1,1
"KERNEL_DISPATCH","Agent 2",1,0,120312,1900,6762,"mfma_moe1_silu_mul_afp4_wfp4_bf16_t64x128x256_pm1_async_v32",1900,462443537810700,462443537952862,41472,0,100,0,112,256,1,1,6144,1408,1
"KERNEL_DISPATCH","Agent 2",1,0,120312,1901,6540,"void aiter::dynamic_per_group_scaled_quant_kernel<std::bfloat16_t, opus::fp4_t, 32, 32, false, 64, true>(opus::fp4_t*, float*, std::bfloat16_t const*, float const*, long, int, int, long, int const*, int)",1901,462443537952862,462443537995422,0,0,32,0,48,64,1,1,3145728,1,1
"KERNEL_DISPATCH","Agent 2",1,0,120312,1902,6720,"void aiter::mxfp4_moe_sort_kernel<256, 32, 16, 32>(unsigned char*, unsigned char*, int const*, int const*, int, int, int, int, int)",1902,462443537995422,462443537999902,4608,0,32,0,112,256,1,1,721408,1,1
"KERNEL_DISPATCH","Agent 2",1,0,120312,1903,6763,"mfma_moe2_afp4_wfp4_bf16_cshuffle_t64x128x256_vscale_fix3_fp4opt_v1_persist_cu256",1903,462443537999902,462443538076143,33280,0,84,0,112,256,1,1,7168,256,1
"KERNEL_DISPATCH","Agent 2",1,0,120312,1904,6310,"EpCombineSync_bf16",1904,462443538081983,462443538090623,0,64,48,0,96,256,1,1,65536,1,1
"KERNEL_DISPATCH","Agent 2",1,0,120312,1905,6318,"EpCombineSyncBarrier_bf16",1905,462443538090623,462443538332785,0,64,28,0,48,64,1,1,64,1,1
"KERNEL_DISPATCH","Agent 2",1,0,120312,1906,6304,"EpCombineInterNodeV1KernelLowLatency_bf16",1906,462443538332785,462443538418706,0,1024,64,0,112,256,1,1,65536,1,1
"KERNEL_DISPATCH","Agent 2",1,0,120312,1907,6308,"EpCombineAll_bf16",1907,462443538418706,462443538427346,0,64,44,0,112,256,1,1,65536,1,1
"KERNEL_DISPATCH","Agent 2",1,0,120312,1908,6312,"EpDispatchCopyToStaging_fp4",1908,462443538433146,462443538439186,0,64,32,0,64,512,1,1,131072,1,1
"KERNEL_DISPATCH","Agent 2",1,0,120312,1909,6325,"EpDispatchInterNodeV1KernelLowLatency_fp4",1909,462443538439186,462443538552908,0,64,40,0,112,512,1,1,131072,1,1
"KERNEL_DISPATCH","Agent 2",1,0,120312,1910,6379,"void aiter::opus_moe_sorting_entry<aiter::MoeSortingClearWorkspaceKernel<aiter::MoeSortingClearWorkspaceProblem<true, 1024, 1> >, aiter::MoeSortingClearWorkspaceKernel<aiter::MoeSortingClearWorkspaceProblem<true, 1024, 1> >::Kargs>(aiter::MoeSortingClearWorkspaceKernel<aiter::MoeSortingClearWorkspaceProblem<true, 1024, 1> >::Kargs)",1910,462443538558468,462443538562548,0,0,4,0,16,1024,1,1,262144,1,1
"KERNEL_DISPATCH","Agent 2",1,0,120312,1911,6400,"void aiter::opus_moe_sorting_entry<aiter::MoeSortingMultiPhaseKernel_P0_v1<aiter::MoeSortingProblemMp<int, float, unsigned char, 4, true, true, true> >, aiter::MoeSortingMultiPhaseKernel_P0_v1<aiter::MoeSortingProblemMp<int, float, unsigned char, 4, true, true, true> >::Kargs>(aiter::MoeSortingMultiPhaseKernel_P0_v1<aiter::MoeSortingProblemMp<int, float, unsigned char, 4, true, true, true> >::Kargs)",1911,462443538562548,462443538567108,0,0,16,0,48,256,1,1,131072,1,1
"KERNEL_DISPATCH","Agent 2",1,0,120312,1912,6360,"void aiter::opus_moe_sorting_entry<aiter::MoeSortingMultiPhaseKernel_P1<aiter::MoeSortingProblemMp<int, float, unsigned char, 16, true, true, true> >, aiter::MoeSortingMultiPhaseKernel_P1<aiter::MoeSortingProblemMp<int, float, unsigned char, 16, true, true, true> >::Kargs>(aiter::MoeSortingMultiPhaseKernel_P1<aiter::MoeSortingProblemMp<int, float, unsigned char, 16, true, true, true> >::Kargs)",1912,462443538567108,462443538571428,512,0,12,0,32,256,1,1,229632,1,1
"KERNEL_DISPATCH","Agent 2",1,0,120312,1913,6381,"void aiter::opus_moe_sorting_entry<aiter::MoeSortingMultiPhaseKernel_P23<aiter::MoeSortingProblemMp<int, float, unsigned char, 16, true, true, true> >, aiter::MoeSortingMultiPhaseKernel_P23<aiter::MoeSortingProblemMp<int, float, unsigned char, 16, true, true, true> >::Kargs>(aiter::MoeSortingMultiPhaseKernel_P23<aiter::MoeSortingProblemMp<int, float, unsigned char, 16, true, true, true> >::Kargs)",1913,462443538571428,462443538582588,0,0,32,0,80,256,1,1,360704,1,1
"KERNEL_DISPATCH","Agent 2",1,0,120312,1914,6720,"void aiter::mxfp4_moe_sort_kernel<256, 32, 16, 32>(unsigned char*, unsigned char*, int const*, int const*, int, int, int, int, int)",1914,462443538582588,462443538587148,4608,0,32,0,112,256,1,1,721408,1,1
"KERNEL_DISPATCH","Agent 2",1,0,120312,1915,6762,"mfma_moe1_silu_mul_afp4_wfp4_bf16_t64x128x256_pm1_async_v32",1915,462443538587148,462443538732749,41472,0,100,0,112,256,1,1,6144,1408,1
"KERNEL_DISPATCH","Agent 2",1,0,120312,1916,6540,"void aiter::dynamic_per_group_scaled_quant_kernel<std::bfloat16_t, opus::fp4_t, 32, 32, false, 64, true>(opus::fp4_t*, float*, std::bfloat16_t const*, float const*, long, int, int, long, int const*, int)",1916,462443538732749,462443538774350,0,0,32,0,48,64,1,1,3145728,1,1
"KERNEL_DISPATCH","Agent 2",1,0,120312,1917,6720,"void aiter::mxfp4_moe_sort_kernel<256, 32, 16, 32>(unsigned char*, unsigned char*, int const*, int const*, int, int, int, int, int)",1917,462443538774350,462443538778910,4608,0,32,0,112,256,1,1,721408,1,1
"KERNEL_DISPATCH","Agent 2",1,0,120312,1918,6763,"mfma_moe2_afp4_wfp4_bf16_cshuffle_t64x128x256_vscale_fix3_fp4opt_v1_persist_cu256",1918,462443538778910,462443538853991,33280,0,84,0,112,256,1,1,7168,256,1
"KERNEL_DISPATCH","Agent 2",1,0,120312,1919,6310,"EpCombineSync_bf16",1919,462443538859991,462443538868911,0,64,48,0,96,256,1,1,65536,1,1
"KERNEL_DISPATCH","Agent 2",1,0,120312,1920,6318,"EpCombineSyncBarrier_bf16",1920,462443538868911,462443539221914,0,64,28,0,48,64,1,1,64,1,1
"KERNEL_DISPATCH","Agent 2",1,0,120312,1921,6304,"EpCombineInterNodeV1KernelLowLatency_bf16",1921,462443539221914,462443539307675,0,1024,64,0,112,256,1,1,65536,1,1
"KERNEL_DISPATCH","Agent 2",1,0,120312,1922,6308,"EpCombineAll_bf16",1922,462443539307675,462443539315555,0,64,44,0,112,256,1,1,65536,1,1
"KERNEL_DISPATCH","Agent 2",1,0,120312,1923,6312,"EpDispatchCopyToStaging_fp4",1923,462443539325235,462443539332435,0,64,32,0,64,512,1,1,131072,1,1
"KERNEL_DISPATCH","Agent 2",1,0,120312,1924,6325,"EpDispatchInterNodeV1KernelLowLatency_fp4",1924,462443539332435,462443539437436,0,64,40,0,112,512,1,1,131072,1,1
"KERNEL_DISPATCH","Agent 2",1,0,120312,1925,6379,"void aiter::opus_moe_sorting_entry<aiter::MoeSortingClearWorkspaceKernel<aiter::MoeSortingClearWorkspaceProblem<true, 1024, 1> >, aiter::MoeSortingClearWorkspaceKernel<aiter::MoeSortingClearWorkspaceProblem<true, 1024, 1> >::Kargs>(aiter::MoeSortingClearWorkspaceKernel<aiter::MoeSortingClearWorkspaceProblem<true, 1024, 1> >::Kargs)",1925,462443539442836,462443539446876,0,0,4,0,16,1024,1,1,262144,1,1
"KERNEL_DISPATCH","Agent 2",1,0,120312,1926,6400,"void aiter::opus_moe_sorting_entry<aiter::MoeSortingMultiPhaseKernel_P0_v1<aiter::MoeSortingProblemMp<int, float, unsigned char, 4, true, true, true> >, aiter::MoeSortingMultiPhaseKernel_P0_v1<aiter::MoeSortingProblemMp<int, float, unsigned char, 4, true, true, true> >::Kargs>(aiter::MoeSortingMultiPhaseKernel_P0_v1<aiter::MoeSortingProblemMp<int, float, unsigned char, 4, true, true, true> >::Kargs)",1926,462443539446876,462443539451356,0,0,16,0,48,256,1,1,131072,1,1
"KERNEL_DISPATCH","Agent 2",1,0,120312,1927,6360,"void aiter::opus_moe_sorting_entry<aiter::MoeSortingMultiPhaseKernel_P1<aiter::MoeSortingProblemMp<int, float, unsigned char, 16, true, true, true> >, aiter::MoeSortingMultiPhaseKernel_P1<aiter::MoeSortingProblemMp<int, float, unsigned char, 16, true, true, true> >::Kargs>(aiter::MoeSortingMultiPhaseKernel_P1<aiter::MoeSortingProblemMp<int, float, unsigned char, 16, true, true, true> >::Kargs)",1927,462443539451356,462443539455716,512,0,12,0,32,256,1,1,229632,1,1
"KERNEL_DISPATCH","Agent 2",1,0,120312,1928,6381,"void aiter::opus_moe_sorting_entry<aiter::MoeSortingMultiPhaseKernel_P23<aiter::MoeSortingProblemMp<int, float, unsigned char, 16, true, true, true> >, aiter::MoeSortingMultiPhaseKernel_P23<aiter::MoeSortingProblemMp<int, float, unsigned char, 16, true, true, true> >::Kargs>(aiter::MoeSortingMultiPhaseKernel_P23<aiter::MoeSortingProblemMp<int, float, unsigned char, 16, true, true, true> >::Kargs)",1928,462443539455716,462443539466876,0,0,32,0,80,256,1,1,360704,1,1
"KERNEL_DISPATCH","Agent 2",1,0,120312,1929,6720,"void aiter::mxfp4_moe_sort_kernel<256, 32, 16, 32>(unsigned char*, unsigned char*, int const*, int const*, int, int, int, int, int)",1929,462443539466862,462443539471343,4608,0,32,0,112,256,1,1,721408,1,1
"KERNEL_DISPATCH","Agent 2",1,0,120312,1930,6762,"mfma_moe1_silu_mul_afp4_wfp4_bf16_t64x128x256_pm1_async_v32",1930,462443539471357,462443539613478,41472,0,100,0,112,256,1,1,6144,1408,1
"KERNEL_DISPATCH","Agent 2",1,0,120312,1931,6540,"void aiter::dynamic_per_group_scaled_quant_kernel<std::bfloat16_t, opus::fp4_t, 32, 32, false, 64, true>(opus::fp4_t*, float*, std::bfloat16_t const*, float const*, long, int, int, long, int const*, int)",1931,462443539613478,462443539657638,0,0,32,0,48,64,1,1,3145728,1,1
"KERNEL_DISPATCH","Agent 2",1,0,120312,1932,6720,"void aiter::mxfp4_moe_sort_kernel<256, 32, 16, 32>(unsigned char*, unsigned char*, int const*, int const*, int, int, int, int, int)",1932,462443539657638,462443539662318,4608,0,32,0,112,256,1,1,721408,1,1
"KERNEL_DISPATCH","Agent 2",1,0,120312,1933,6763,"mfma_moe2_afp4_wfp4_bf16_cshuffle_t64x128x256_vscale_fix3_fp4opt_v1_persist_cu256",1933,462443539662318,462443539737559,33280,0,84,0,112,256,1,1,7168,256,1
"KERNEL_DISPATCH","Agent 2",1,0,120312,1934,6310,"EpCombineSync_bf16",1934,462443539743359,462443539752119,0,64,48,0,96,256,1,1,65536,1,1
"KERNEL_DISPATCH","Agent 2",1,0,120312,1935,6318,"EpCombineSyncBarrier_bf16",1935,462443539752119,462443540049362,0,64,28,0,48,64,1,1,64,1,1
"KERNEL_DISPATCH","Agent 2",1,0,120312,1936,6304,"EpCombineInterNodeV1KernelLowLatency_bf16",1936,462443540049362,462443540134883,0,1024,64,0,112,256,1,1,65536,1,1
"KERNEL_DISPATCH","Agent 2",1,0,120312,1937,6308,"EpCombineAll_bf16",1937,462443540134883,462443540143043,0,64,44,0,112,256,1,1,65536,1,1
"KERNEL_DISPATCH","Agent 2",1,0,120312,1938,6312,"EpDispatchCopyToStaging_fp4",1938,462443540149283,462443540155563,0,64,32,0,64,512,1,1,131072,1,1
"KERNEL_DISPATCH","Agent 2",1,0,120312,1939,6325,"EpDispatchInterNodeV1KernelLowLatency_fp4",1939,462443540155563,462443540269084,0,64,40,0,112,512,1,1,131072,1,1
"KERNEL_DISPATCH","Agent 2",1,0,120312,1940,6379,"void aiter::opus_moe_sorting_entry<aiter::MoeSortingClearWorkspaceKernel<aiter::MoeSortingClearWorkspaceProblem<true, 1024, 1> >, aiter::MoeSortingClearWorkspaceKernel<aiter::MoeSortingClearWorkspaceProblem<true, 1024, 1> >::Kargs>(aiter::MoeSortingClearWorkspaceKernel<aiter::MoeSortingClearWorkspaceProblem<true, 1024, 1> >::Kargs)",1940,462443540274564,462443540278644,0,0,4,0,16,1024,1,1,262144,1,1
"KERNEL_DISPATCH","Agent 2",1,0,120312,1941,6400,"void aiter::opus_moe_sorting_entry<aiter::MoeSortingMultiPhaseKernel_P0_v1<aiter::MoeSortingProblemMp<int, float, unsigned char, 4, true, true, true> >, aiter::MoeSortingMultiPhaseKernel_P0_v1<aiter::MoeSortingProblemMp<int, float, unsigned char, 4, true, true, true> >::Kargs>(aiter::MoeSortingMultiPhaseKernel_P0_v1<aiter::MoeSortingProblemMp<int, float, unsigned char, 4, true, true, true> >::Kargs)",1941,462443540278644,462443540283084,0,0,16,0,48,256,1,1,131072,1,1
"KERNEL_DISPATCH","Agent 2",1,0,120312,1942,6360,"void aiter::opus_moe_sorting_entry<aiter::MoeSortingMultiPhaseKernel_P1<aiter::MoeSortingProblemMp<int, float, unsigned char, 16, true, true, true> >, aiter::MoeSortingMultiPhaseKernel_P1<aiter::MoeSortingProblemMp<int, float, unsigned char, 16, true, true, true> >::Kargs>(aiter::MoeSortingMultiPhaseKernel_P1<aiter::MoeSortingProblemMp<int, float, unsigned char, 16, true, true, true> >::Kargs)",1942,462443540283084,462443540287445,512,0,12,0,32,256,1,1,229632,1,1
"KERNEL_DISPATCH","Agent 2",1,0,120312,1943,6381,"void aiter::opus_moe_sorting_entry<aiter::MoeSortingMultiPhaseKernel_P23<aiter::MoeSortingProblemMp<int, float, unsigned char, 16, true, true, true> >, aiter::MoeSortingMultiPhaseKernel_P23<aiter::MoeSortingProblemMp<int, float, unsigned char, 16, true, true, true> >::Kargs>(aiter::MoeSortingMultiPhaseKernel_P23<aiter::MoeSortingProblemMp<int, float, unsigned char, 16, true, true, true> >::Kargs)",1943,462443540287445,462443540298605,0,0,32,0,80,256,1,1,360704,1,1
"KERNEL_DISPATCH","Agent 2",1,0,120312,1944,6720,"void aiter::mxfp4_moe_sort_kernel<256, 32, 16, 32>(unsigned char*, unsigned char*, int const*, int const*, int, int, int, int, int)",1944,462443540298605,462443540303285,4608,0,32,0,112,256,1,1,721408,1,1
"KERNEL_DISPATCH","Agent 2",1,0,120312,1945,6762,"mfma_moe1_silu_mul_afp4_wfp4_bf16_t64x128x256_pm1_async_v32",1945,462443540303285,462443540448726,41472,0,100,0,112,256,1,1,6144,1408,1
"KERNEL_DISPATCH","Agent 2",1,0,120312,1946,6540,"void aiter::dynamic_per_group_scaled_quant_kernel<std::bfloat16_t, opus::fp4_t, 32, 32, false, 64, true>(opus::fp4_t*, float*, std::bfloat16_t const*, float const*, long, int, int, long, int const*, int)",1946,462443540448726,462443540490686,0,0,32,0,48,64,1,1,3145728,1,1
"KERNEL_DISPATCH","Agent 2",1,0,120312,1947,6720,"void aiter::mxfp4_moe_sort_kernel<256, 32, 16, 32>(unsigned char*, unsigned char*, int const*, int const*, int, int, int, int, int)",1947,462443540490576,462443540495017,4608,0,32,0,112,256,1,1,721408,1,1
"KERNEL_DISPATCH","Agent 2",1,0,120312,1948,6763,"mfma_moe2_afp4_wfp4_bf16_cshuffle_t64x128x256_vscale_fix3_fp4opt_v1_persist_cu256",1948,462443540495127,462443540571167,33280,0,84,0,112,256,1,1,7168,256,1
"KERNEL_DISPATCH","Agent 2",1,0,120312,1949,6310,"EpCombineSync_bf16",1949,462443540577047,462443540586047,0,64,48,0,96,256,1,1,65536,1,1
"KERNEL_DISPATCH","Agent 2",1,0,120312,1950,6318,"EpCombineSyncBarrier_bf16",1950,462443540586047,462443540862530,0,64,28,0,48,64,1,1,64,1,1
"KERNEL_DISPATCH","Agent 2",1,0,120312,1951,6304,"EpCombineInterNodeV1KernelLowLatency_bf16",1951,462443540862530,462443540949091,0,1024,64,0,112,256,1,1,65536,1,1
"KERNEL_DISPATCH","Agent 2",1,0,120312,1952,6308,"EpCombineAll_bf16",1952,462443540949091,462443540957451,0,64,44,0,112,256,1,1,65536,1,1
"KERNEL_DISPATCH","Agent 2",1,0,120312,1953,6312,"EpDispatchCopyToStaging_fp4",1953,462443540963371,462443540969811,0,64,32,0,64,512,1,1,131072,1,1
"KERNEL_DISPATCH","Agent 2",1,0,120312,1954,6325,"EpDispatchInterNodeV1KernelLowLatency_fp4",1954,462443540969811,462443541080892,0,64,40,0,112,512,1,1,131072,1,1
"KERNEL_DISPATCH","Agent 2",1,0,120312,1955,6379,"void aiter::opus_moe_sorting_entry<aiter::MoeSortingClearWorkspaceKernel<aiter::MoeSortingClearWorkspaceProblem<true, 1024, 1> >, aiter::MoeSortingClearWorkspaceKernel<aiter::MoeSortingClearWorkspaceProblem<true, 1024, 1> >::Kargs>(aiter::MoeSortingClearWorkspaceKernel<aiter::MoeSortingClearWorkspaceProblem<true, 1024, 1> >::Kargs)",1955,462443541086452,462443541090612,0,0,4,0,16,1024,1,1,262144,1,1
"KERNEL_DISPATCH","Agent 2",1,0,120312,1956,6400,"void aiter::opus_moe_sorting_entry<aiter::MoeSortingMultiPhaseKernel_P0_v1<aiter::MoeSortingProblemMp<int, float, unsigned char, 4, true, true, true> >, aiter::MoeSortingMultiPhaseKernel_P0_v1<aiter::MoeSortingProblemMp<int, float, unsigned char, 4, true, true, true> >::Kargs>(aiter::MoeSortingMultiPhaseKernel_P0_v1<aiter::MoeSortingProblemMp<int, float, unsigned char, 4, true, true, true> >::Kargs)",1956,462443541090612,462443541095092,0,0,16,0,48,256,1,1,131072,1,1
"KERNEL_DISPATCH","Agent 2",1,0,120312,1957,6360,"void aiter::opus_moe_sorting_entry<aiter::MoeSortingMultiPhaseKernel_P1<aiter::MoeSortingProblemMp<int, float, unsigned char, 16, true, true, true> >, aiter::MoeSortingMultiPhaseKernel_P1<aiter::MoeSortingProblemMp<int, float, unsigned char, 16, true, true, true> >::Kargs>(aiter::MoeSortingMultiPhaseKernel_P1<aiter::MoeSortingProblemMp<int, float, unsigned char, 16, true, true, true> >::Kargs)",1957,462443541095092,462443541099372,512,0,12,0,32,256,1,1,229632,1,1
"KERNEL_DISPATCH","Agent 2",1,0,120312,1958,6381,"void aiter::opus_moe_sorting_entry<aiter::MoeSortingMultiPhaseKernel_P23<aiter::MoeSortingProblemMp<int, float, unsigned char, 16, true, true, true> >, aiter::MoeSortingMultiPhaseKernel_P23<aiter::MoeSortingProblemMp<int, float, unsigned char, 16, true, true, true> >::Kargs>(aiter::MoeSortingMultiPhaseKernel_P23<aiter::MoeSortingProblemMp<int, float, unsigned char, 16, true, true, true> >::Kargs)",1958,462443541099372,462443541110693,0,0,32,0,80,256,1,1,360704,1,1
"KERNEL_DISPATCH","Agent 2",1,0,120312,1959,6720,"void aiter::mxfp4_moe_sort_kernel<256, 32, 16, 32>(unsigned char*, unsigned char*, int const*, int const*, int, int, int, int, int)",1959,462443541110693,462443541115173,4608,0,32,0,112,256,1,1,721408,1,1
"KERNEL_DISPATCH","Agent 2",1,0,120312,1960,6762,"mfma_moe1_silu_mul_afp4_wfp4_bf16_t64x128x256_pm1_async_v32",1960,462443541115173,462443541257414,41472,0,100,0,112,256,1,1,6144,1408,1
"KERNEL_DISPATCH","Agent 2",1,0,120312,1961,6540,"void aiter::dynamic_per_group_scaled_quant_kernel<std::bfloat16_t, opus::fp4_t, 32, 32, false, 64, true>(opus::fp4_t*, float*, std::bfloat16_t const*, float const*, long, int, int, long, int const*, int)",1961,462443541257414,462443541299654,0,0,32,0,48,64,1,1,3145728,1,1
"KERNEL_DISPATCH","Agent 2",1,0,120312,1962,6720,"void aiter::mxfp4_moe_sort_kernel<256, 32, 16, 32>(unsigned char*, unsigned char*, int const*, int const*, int, int, int, int, int)",1962,462443541299654,462443541304214,4608,0,32,0,112,256,1,1,721408,1,1
"KERNEL_DISPATCH","Agent 2",1,0,120312,1963,6763,"mfma_moe2_afp4_wfp4_bf16_cshuffle_t64x128x256_vscale_fix3_fp4opt_v1_persist_cu256",1963,462443541304212,462443541380053,33280,0,84,0,112,256,1,1,7168,256,1
"KERNEL_DISPATCH","Agent 2",1,0,120312,1964,6310,"EpCombineSync_bf16",1964,462443541386895,462443541395975,0,64,48,0,96,256,1,1,65536,1,1
"KERNEL_DISPATCH","Agent 2",1,0,120312,1965,6318,"EpCombineSyncBarrier_bf16",1965,462443541395975,462443541651578,0,64,28,0,48,64,1,1,64,1,1
"KERNEL_DISPATCH","Agent 2",1,0,120312,1966,6304,"EpCombineInterNodeV1KernelLowLatency_bf16",1966,462443541651578,462443541737579,0,1024,64,0,112,256,1,1,65536,1,1
"KERNEL_DISPATCH","Agent 2",1,0,120312,1967,6308,"EpCombineAll_bf16",1967,462443541737579,462443541745979,0,64,44,0,112,256,1,1,65536,1,1
"KERNEL_DISPATCH","Agent 2",1,0,120312,1968,6,"__amd_rocclr_copyBuffer",1968,462443576591943,462443576595583,0,0,8,0,32,512,1,1,512,1,1
"KERNEL_DISPATCH","Agent 2",1,0,120312,1969,6,"__amd_rocclr_copyBuffer",1969,462443591214165,462443591217245,0,0,8,0,32,512,1,1,512,1,1
"KERNEL_DISPATCH","Agent 2",1,0,120312,1970,6,"__amd_rocclr_copyBuffer",1970,462443591269846,462443591274526,0,0,8,0,32,512,1,1,512,1,1
"KERNEL_DISPATCH","Agent 2",1,0,120312,1971,6,"__amd_rocclr_copyBuffer",1971,462443591319286,462443591324286,0,0,8,0,32,512,1,1,512,1,1
"KERNEL_DISPATCH","Agent 2",1,0,120312,1972,6,"__amd_rocclr_copyBuffer",1972,462443591373647,462443591378567,0,0,8,0,32,512,1,1,512,1,1
"KERNEL_DISPATCH","Agent 2",1,0,120312,1973,6,"__amd_rocclr_copyBuffer",1973,462443591422847,462443591427887,0,0,8,0,32,512,1,1,512,1,1
"KERNEL_DISPATCH","Agent 2",1,0,120312,1974,6,"__amd_rocclr_copyBuffer",1974,462443591519528,462443591524288,0,0,8,0,32,512,1,1,512,1,1
"KERNEL_DISPATCH","Agent 2",1,0,120312,1975,6,"__amd_rocclr_copyBuffer",1975,462443591571289,462443591576009,0,0,8,0,32,512,1,1,512,1,1
"KERNEL_DISPATCH","Agent 2",1,0,120312,1976,6,"__amd_rocclr_copyBuffer",1976,462443591623449,462443591628489,0,0,8,0,32,512,1,1,512,1,1
"KERNEL_DISPATCH","Agent 2",1,0,120312,1977,6,"__amd_rocclr_copyBuffer",1977,462443591673370,462443591678330,0,0,8,0,32,512,1,1,512,1,1
"KERNEL_DISPATCH","Agent 2",1,0,120312,1978,6,"__amd_rocclr_copyBuffer",1978,462443591726810,462443591731890,0,0,8,0,32,512,1,1,512,1,1
"KERNEL_DISPATCH","Agent 2",1,0,120312,1979,6,"__amd_rocclr_copyBuffer",1979,462443591776291,462443591781251,0,0,8,0,32,512,1,1,512,1,1
"KERNEL_DISPATCH","Agent 2",1,0,120312,1980,6,"__amd_rocclr_copyBuffer",1980,462443591825371,462443591830291,0,0,8,0,32,512,1,1,512,1,1
"KERNEL_DISPATCH","Agent 2",1,0,120312,1981,6,"__amd_rocclr_copyBuffer",1981,462443591874052,462443591878732,0,0,8,0,32,512,1,1,512,1,1
"KERNEL_DISPATCH","Agent 2",1,0,120312,1982,6,"__amd_rocclr_copyBuffer",1982,462443591924332,462443591929332,0,0,8,0,32,512,1,1,512,1,1
"KERNEL_DISPATCH","Agent 2",1,0,120312,1983,6,"__amd_rocclr_copyBuffer",1983,462443591973733,462443591978733,0,0,8,0,32,512,1,1,512,1,1
"KERNEL_DISPATCH","Agent 2",1,0,120312,1984,6,"__amd_rocclr_copyBuffer",1984,462443592027453,462443592032453,0,0,8,0,32,512,1,1,512,1,1
"KERNEL_DISPATCH","Agent 2",1,0,120312,1985,6,"__amd_rocclr_copyBuffer",1985,462443592075574,462443592080214,0,0,8,0,32,512,1,1,512,1,1
"KERNEL_DISPATCH","Agent 2",1,0,120312,1986,6,"__amd_rocclr_copyBuffer",1986,462443592127574,462443592132294,0,0,8,0,32,512,1,1,512,1,1
"KERNEL_DISPATCH","Agent 2",1,0,120312,1987,6,"__amd_rocclr_copyBuffer",1987,462443592175095,462443592180175,0,0,8,0,32,512,1,1,512,1,1
"KERNEL_DISPATCH","Agent 2",1,0,120312,1988,6,"__amd_rocclr_copyBuffer",1988,462443592222895,462443592227855,0,0,8,0,32,512,1,1,512,1,1
